path_uid,from_node,to_node,path_id,step_index,edge_id,from_node_on_edge,to_node_on_edge,offset_start,offset_end,travel_time,capacity,edge_type,lockable
IN1__IN2__path_1,IN1,IN2,path_1,0,e01,IN1,J1,0.0,2.0,2.0,2,normal,0
IN1__IN2__path_1,IN1,IN2,path_1,1,e03,J1,J2,2.0,4.0,2.0,2,normal,0
IN1__IN2__path_1,IN1,IN2,path_1,2,e04,J2,J3,4.0,6.0,2.0,2,normal,0
IN1__IN2__path_1,IN1,IN2,path_1,3,e02,J3,IN2,6.0,8.0,2.0,2,normal,0
IN1__IN2__path_2,IN1,IN2,path_2,0,e01,IN1,J1,0.0,2.0,2.0,2,normal,0
IN1__IN2__path_2,IN1,IN2,path_2,1,e05,J1,P1,2.0,4.0,2.0,2,normal,0
IN1__IN2__path_2,IN1,IN2,path_2,2,e08,P1,P2,4.0,6.0,2.0,2,normal,0
IN1__IN2__path_2,IN1,IN2,path_2,3,e09,P2,P3,6.0,8.0,2.0,2,normal,0
IN1__IN2__path_2,IN1,IN2,path_2,4,e07,P3,J3,8.0,10.0,2.0,2,normal,0
IN1__IN2__path_2,IN1,IN2,path_2,5,e02,J3,IN2,10.0,12.0,2.0,2,normal,0
IN1__IN2__path_3,IN1,IN2,path_3,0,e01,IN1,J1,0.0,2.0,2.0,2,normal,0
IN1__IN2__path_3,IN1,IN2,path_3,1,e03,J1,J2,2.0,4.0,2.0,2,normal,0
IN1__IN2__path_3,IN1,IN2,path_3,2,e06,J2,P2,4.0,6.0,2.0,1,narrow,0
IN1__IN2__path_3,IN1,IN2,path_3,3,e09,P2,P3,6.0,8.0,2.0,2,normal,0
IN1__IN2__path_3,IN1,IN2,path_3,4,e07,P3,J3,8.0,10.0,2.0,2,normal,0
IN1__IN2__path_3,IN1,IN2,path_3,5,e02,J3,IN2,10.0,12.0,2.0,2,normal,0
IN1__P1__path_1,IN1,P1,path_1,0,e01,IN1,J1,0.0,2.0,2.0,2,normal,0
IN1__P1__path_1,IN1,P1,path_1,1,e05,J1,P1,2.0,4.0,2.0,2,normal,0
IN1__P1__path_2,IN1,P1,path_2,0,e01,IN1,J1,0.0,2.0,2.0,2,normal,0
IN1__P1__path_2,IN1,P1,path_2,1,e03,J1,J2,2.0,4.0,2.0,2,normal,0
IN1__P1__path_2,IN1,P1,path_2,2,e06,J2,P2,4.0,6.0,2.0,1,narrow,0
IN1__P1__path_2,IN1,P1,path_2,3,e08,P2,P1,6.0,8.0,2.0,2,normal,0
IN1__P1__path_3,IN1,P1,path_3,0,e01,IN1,J1,0.0,2.0,2.0,2,normal,0
IN1__P1__path_3,IN1,P1,path_3,1,e03,J1,J2,2.0,4.0,2.0,2,normal,0
IN1__P1__path_3,IN1,P1,path_3,2,e04,J2,J3,4.0,6.0,2.0,2,normal,0
IN1__P1__path_3,IN1,P1,path_3,3,e07,J3,P3,6.0,8.0,2.0,2,normal,0
IN1__P1__path_3,IN1,P1,path_3,4,e09,P3,P2,8.0,10.0,2.0,2,normal,0
IN1__P1__path_3,IN1,P1,path_3,5,e08,P2,P1,10.0,12.0,2.0,2,normal,0
IN1__P2__path_1,IN1,P2,path_1,0,e01,IN1,J1,0.0,2.0,2.0,2,normal,0
IN1__P2__path_1,IN1,P2,path_1,1,e05,J1,P1,2.0,4.0,2.0,2,normal,0
IN1__P2__path_1,IN1,P2,path_1,2,e08,P1,P2,4.0,6.0,2.0,2,normal,0
IN1__P2__path_2,IN1,P2,path_2,0,e01,IN1,J1,0.0,2.0,2.0,2,normal,0
IN1__P2__path_2,IN1,P2,path_2,1,e03,J1,J2,2.0,4.0,2.0,2,normal,0
IN1__P2__path_2,IN1,P2,path_2,2,e06,J2,P2,4.0,6.0,2.0,1,narrow,0
IN1__P2__path_3,IN1,P2,path_3,0,e01,IN1,J1,0.0,2.0,2.0,2,normal,0
IN1__P2__path_3,IN1,P2,path_3,1,e03,J1,J2,2.0,4.0,2.0,2,normal,0
IN1__P2__path_3,IN1,P2,path_3,2,e04,J2,J3,4.0,6.0,2.0,2,normal,0
IN1__P2__path_3,IN1,P2,path_3,3,e07,J3,P3,6.0,8.0,2.0,2,normal,0
IN1__P2__path_3,IN1,P2,path_3,4,e09,P3,P2,8.0,10.0,2.0,2,normal,0
IN1__P3__path_1,IN1,P3,path_1,0,e01,IN1,J1,0.0,2.0,2.0,2,normal,0
IN1__P3__path_1,IN1,P3,path_1,1,e05,J1,P1,2.0,4.0,2.0,2,normal,0
IN1__P3__path_1,IN1,P3,path_1,2,e08,P1,P2,4.0,6.0,2.0,2,normal,0
IN1__P3__path_1,IN1,P3,path_1,3,e09,P2,P3,6.0,8.0,2.0,2,normal,0
IN1__P3__path_2,IN1,P3,path_2,0,e01,IN1,J1,0.0,2.0,2.0,2,normal,0
IN1__P3__path_2,IN1,P3,path_2,1,e03,J1,J2,2.0,4.0,2.0,2,normal,0
IN1__P3__path_2,IN1,P3,path_2,2,e04,J2,J3,4.0,6.0,2.0,2,normal,0
IN1__P3__path_2,IN1,P3,path_2,3,e07,J3,P3,6.0,8.0,2.0,2,normal,0
IN1__P3__path_3,IN1,P3,path_3,0,e01,IN1,J1,0.0,2.0,2.0,2,normal,0
IN1__P3__path_3,IN1,P3,path_3,1,e03,J1,J2,2.0,4.0,2.0,2,normal,0
IN1__P3__path_3,IN1,P3,path_3,2,e06,J2,P2,4.0,6.0,2.0,1,narrow,0
IN1__P3__path_3,IN1,P3,path_3,3,e09,P2,P3,6.0,8.0,2.0,2,normal,0
IN1__P4__path_1,IN1,P4,path_1,0,e01,IN1,J1,0.0,2.0,2.0,2,normal,0
IN1__P4__path_1,IN1,P4,path_1,1,e05,J1,P1,2.0,4.0,2.0,2,normal,0
IN1__P4__path_1,IN1,P4,path_1,2,e10,P1,P4,4.0,6.0,2.0,1,narrow,0
IN1__P4__path_2,IN1,P4,path_2,0,e01,IN1,J1,0.0,2.0,2.0,2,normal,0
IN1__P4__path_2,IN1,P4,path_2,1,e05,J1,P1,2.0,4.0,2.0,2,normal,0
IN1__P4__path_2,IN1,P4,path_2,2,e08,P1,P2,4.0,6.0,2.0,2,normal,0
IN1__P4__path_2,IN1,P4,path_2,3,e11,P2,P5,6.0,8.0,2.0,1,narrow,0
IN1__P4__path_2,IN1,P4,path_2,4,e13,P5,P4,8.0,10.0,2.0,1,narrow,0
IN1__P4__path_3,IN1,P4,path_3,0,e01,IN1,J1,0.0,2.0,2.0,2,normal,0
IN1__P4__path_3,IN1,P4,path_3,1,e03,J1,J2,2.0,4.0,2.0,2,normal,0
IN1__P4__path_3,IN1,P4,path_3,2,e06,J2,P2,4.0,6.0,2.0,1,narrow,0
IN1__P4__path_3,IN1,P4,path_3,3,e08,P2,P1,6.0,8.0,2.0,2,normal,0
IN1__P4__path_3,IN1,P4,path_3,4,e10,P1,P4,8.0,10.0,2.0,1,narrow,0
IN1__P5__path_1,IN1,P5,path_1,0,e01,IN1,J1,0.0,2.0,2.0,2,normal,0
IN1__P5__path_1,IN1,P5,path_1,1,e05,J1,P1,2.0,4.0,2.0,2,normal,0
IN1__P5__path_1,IN1,P5,path_1,2,e08,P1,P2,4.0,6.0,2.0,2,normal,0
IN1__P5__path_1,IN1,P5,path_1,3,e11,P2,P5,6.0,8.0,2.0,1,narrow,0
IN1__P5__path_2,IN1,P5,path_2,0,e01,IN1,J1,0.0,2.0,2.0,2,normal,0
IN1__P5__path_2,IN1,P5,path_2,1,e05,J1,P1,2.0,4.0,2.0,2,normal,0
IN1__P5__path_2,IN1,P5,path_2,2,e10,P1,P4,4.0,6.0,2.0,1,narrow,0
IN1__P5__path_2,IN1,P5,path_2,3,e13,P4,P5,6.0,8.0,2.0,1,narrow,0
IN1__P5__path_3,IN1,P5,path_3,0,e01,IN1,J1,0.0,2.0,2.0,2,normal,0
IN1__P5__path_3,IN1,P5,path_3,1,e03,J1,J2,2.0,4.0,2.0,2,normal,0
IN1__P5__path_3,IN1,P5,path_3,2,e06,J2,P2,4.0,6.0,2.0,1,narrow,0
IN1__P5__path_3,IN1,P5,path_3,3,e11,P2,P5,6.0,8.0,2.0,1,narrow,0
IN1__P6__path_1,IN1,P6,path_1,0,e01,IN1,J1,0.0,2.0,2.0,2,normal,0
IN1__P6__path_1,IN1,P6,path_1,1,e03,J1,J2,2.0,4.0,2.0,2,normal,0
IN1__P6__path_1,IN1,P6,path_1,2,e04,J2,J3,4.0,6.0,2.0,2,normal,0
IN1__P6__path_1,IN1,P6,path_1,3,e07,J3,P3,6.0,8.0,2.0,2,normal,0
IN1__P6__path_1,IN1,P6,path_1,4,e12,P3,P6,8.0,10.0,2.0,1,narrow,0
IN1__P6__path_2,IN1,P6,path_2,0,e01,IN1,J1,0.0,2.0,2.0,2,normal,0
IN1__P6__path_2,IN1,P6,path_2,1,e05,J1,P1,2.0,4.0,2.0,2,normal,0
IN1__P6__path_2,IN1,P6,path_2,2,e08,P1,P2,4.0,6.0,2.0,2,normal,0
IN1__P6__path_2,IN1,P6,path_2,3,e09,P2,P3,6.0,8.0,2.0,2,normal,0
IN1__P6__path_2,IN1,P6,path_2,4,e12,P3,P6,8.0,10.0,2.0,1,narrow,0
IN1__P6__path_3,IN1,P6,path_3,0,e01,IN1,J1,0.0,2.0,2.0,2,normal,0
IN1__P6__path_3,IN1,P6,path_3,1,e03,J1,J2,2.0,4.0,2.0,2,normal,0
IN1__P6__path_3,IN1,P6,path_3,2,e06,J2,P2,4.0,6.0,2.0,1,narrow,0
IN1__P6__path_3,IN1,P6,path_3,3,e09,P2,P3,6.0,8.0,2.0,2,normal,0
IN1__P6__path_3,IN1,P6,path_3,4,e12,P3,P6,8.0,10.0,2.0,1,narrow,0
IN1__P7__path_1,IN1,P7,path_1,0,e01,IN1,J1,0.0,2.0,2.0,2,normal,0
IN1__P7__path_1,IN1,P7,path_1,1,e05,J1,P1,2.0,4.0,2.0,2,normal,0
IN1__P7__path_1,IN1,P7,path_1,2,e10,P1,P4,4.0,6.0,2.0,1,narrow,0
IN1__P7__path_1,IN1,P7,path_1,3,e15,P4,P7,6.0,8.0,2.0,2,normal,0
IN1__P7__path_2,IN1,P7,path_2,0,e01,IN1,J1,0.0,2.0,2.0,2,normal,0
IN1__P7__path_2,IN1,P7,path_2,1,e03,J1,J2,2.0,4.0,2.0,2,normal,0
IN1__P7__path_2,IN1,P7,path_2,2,e06,J2,P2,4.0,6.0,2.0,1,narrow,0
IN1__P7__path_2,IN1,P7,path_2,3,e08,P2,P1,6.0,8.0,2.0,2,normal,0
IN1__P7__path_2,IN1,P7,path_2,4,e10,P1,P4,8.0,10.0,2.0,1,narrow,0
IN1__P7__path_2,IN1,P7,path_2,5,e15,P4,P7,10.0,12.0,2.0,2,normal,0
IN1__P7__path_3,IN1,P7,path_3,0,e01,IN1,J1,0.0,2.0,2.0,2,normal,0
IN1__P7__path_3,IN1,P7,path_3,1,e05,J1,P1,2.0,4.0,2.0,2,normal,0
IN1__P7__path_3,IN1,P7,path_3,2,e08,P1,P2,4.0,6.0,2.0,2,normal,0
IN1__P7__path_3,IN1,P7,path_3,3,e11,P2,P5,6.0,8.0,2.0,1,narrow,0
IN1__P7__path_3,IN1,P7,path_3,4,e13,P5,P4,8.0,10.0,2.0,1,narrow,0
IN1__P7__path_3,IN1,P7,path_3,5,e15,P4,P7,10.0,12.0,2.0,2,normal,0
IN1__P8__path_1,IN1,P8,path_1,0,e01,IN1,J1,0.0,2.0,2.0,2,normal,0
IN1__P8__path_1,IN1,P8,path_1,1,e05,J1,P1,2.0,4.0,2.0,2,normal,0
IN1__P8__path_1,IN1,P8,path_1,2,e10,P1,P4,4.0,6.0,2.0,1,narrow,0
IN1__P8__path_1,IN1,P8,path_1,3,e15,P4,P7,6.0,8.0,2.0,2,normal,0
IN1__P8__path_1,IN1,P8,path_1,4,e18,P7,P8,8.0,10.0,2.0,2,normal,0
IN1__P8__path_2,IN1,P8,path_2,0,e01,IN1,J1,0.0,2.0,2.0,2,normal,0
IN1__P8__path_2,IN1,P8,path_2,1,e05,J1,P1,2.0,4.0,2.0,2,normal,0
IN1__P8__path_2,IN1,P8,path_2,2,e10,P1,P4,4.0,6.0,2.0,1,narrow,0
IN1__P8__path_2,IN1,P8,path_2,3,e15,P4,P7,6.0,8.0,2.0,2,normal,0
IN1__P8__path_2,IN1,P8,path_2,4,e20,P7,SORT1,8.0,11.0,3.0,2,normal,0
IN1__P8__path_2,IN1,P8,path_2,5,e21,SORT1,P8,11.0,14.0,3.0,2,normal,0
IN1__P8__path_3,IN1,P8,path_3,0,e01,IN1,J1,0.0,2.0,2.0,2,normal,0
IN1__P8__path_3,IN1,P8,path_3,1,e03,J1,J2,2.0,4.0,2.0,2,normal,0
IN1__P8__path_3,IN1,P8,path_3,2,e04,J2,J3,4.0,6.0,2.0,2,normal,0
IN1__P8__path_3,IN1,P8,path_3,3,e07,J3,P3,6.0,8.0,2.0,2,normal,0
IN1__P8__path_3,IN1,P8,path_3,4,e12,P3,P6,8.0,10.0,2.0,1,narrow,0
IN1__P8__path_3,IN1,P8,path_3,5,e17,P6,P9,10.0,12.0,2.0,2,normal,0
IN1__P8__path_3,IN1,P8,path_3,6,e19,P9,P8,12.0,14.0,2.0,2,normal,0
IN1__P8__path_4,IN1,P8,path_4,0,e01,IN1,J1,0.0,2.0,2.0,2,normal,0
IN1__P8__path_4,IN1,P8,path_4,1,e03,J1,J2,2.0,4.0,2.0,2,normal,0
IN1__P8__path_4,IN1,P8,path_4,2,e06,J2,P2,4.0,6.0,2.0,1,narrow,0
IN1__P8__path_4,IN1,P8,path_4,3,e11,P2,P5,6.0,8.0,2.0,1,narrow,0
IN1__P8__path_4,IN1,P8,path_4,4,e16,P5,P8,8.0,10.0,2.0,1,dynamic,1
IN1__P9__path_1,IN1,P9,path_1,0,e01,IN1,J1,0.0,2.0,2.0,2,normal,0
IN1__P9__path_1,IN1,P9,path_1,1,e05,J1,P1,2.0,4.0,2.0,2,normal,0
IN1__P9__path_1,IN1,P9,path_1,2,e10,P1,P4,4.0,6.0,2.0,1,narrow,0
IN1__P9__path_1,IN1,P9,path_1,3,e15,P4,P7,6.0,8.0,2.0,2,normal,0
IN1__P9__path_1,IN1,P9,path_1,4,e18,P7,P8,8.0,10.0,2.0,2,normal,0
IN1__P9__path_1,IN1,P9,path_1,5,e19,P8,P9,10.0,12.0,2.0,2,normal,0
IN1__P9__path_2,IN1,P9,path_2,0,e01,IN1,J1,0.0,2.0,2.0,2,normal,0
IN1__P9__path_2,IN1,P9,path_2,1,e03,J1,J2,2.0,4.0,2.0,2,normal,0
IN1__P9__path_2,IN1,P9,path_2,2,e04,J2,J3,4.0,6.0,2.0,2,normal,0
IN1__P9__path_2,IN1,P9,path_2,3,e07,J3,P3,6.0,8.0,2.0,2,normal,0
IN1__P9__path_2,IN1,P9,path_2,4,e12,P3,P6,8.0,10.0,2.0,1,narrow,0
IN1__P9__path_2,IN1,P9,path_2,5,e17,P6,P9,10.0,12.0,2.0,2,normal,0
IN1__P9__path_3,IN1,P9,path_3,0,e01,IN1,J1,0.0,2.0,2.0,2,normal,0
IN1__P9__path_3,IN1,P9,path_3,1,e05,J1,P1,2.0,4.0,2.0,2,normal,0
IN1__P9__path_3,IN1,P9,path_3,2,e08,P1,P2,4.0,6.0,2.0,2,normal,0
IN1__P9__path_3,IN1,P9,path_3,3,e09,P2,P3,6.0,8.0,2.0,2,normal,0
IN1__P9__path_3,IN1,P9,path_3,4,e12,P3,P6,8.0,10.0,2.0,1,narrow,0
IN1__P9__path_3,IN1,P9,path_3,5,e17,P6,P9,10.0,12.0,2.0,2,normal,0
IN1__SORT1__path_1,IN1,SORT1,path_1,0,e01,IN1,J1,0.0,2.0,2.0,2,normal,0
IN1__SORT1__path_1,IN1,SORT1,path_1,1,e05,J1,P1,2.0,4.0,2.0,2,normal,0
IN1__SORT1__path_1,IN1,SORT1,path_1,2,e10,P1,P4,4.0,6.0,2.0,1,narrow,0
IN1__SORT1__path_1,IN1,SORT1,path_1,3,e15,P4,P7,6.0,8.0,2.0,2,normal,0
IN1__SORT1__path_1,IN1,SORT1,path_1,4,e20,P7,SORT1,8.0,11.0,3.0,2,normal,0
IN1__SORT1__path_2,IN1,SORT1,path_2,0,e01,IN1,J1,0.0,2.0,2.0,2,normal,0
IN1__SORT1__path_2,IN1,SORT1,path_2,1,e05,J1,P1,2.0,4.0,2.0,2,normal,0
IN1__SORT1__path_2,IN1,SORT1,path_2,2,e10,P1,P4,4.0,6.0,2.0,1,narrow,0
IN1__SORT1__path_2,IN1,SORT1,path_2,3,e15,P4,P7,6.0,8.0,2.0,2,normal,0
IN1__SORT1__path_2,IN1,SORT1,path_2,4,e18,P7,P8,8.0,10.0,2.0,2,normal,0
IN1__SORT1__path_2,IN1,SORT1,path_2,5,e21,P8,SORT1,10.0,13.0,3.0,2,normal,0
IN1__SORT1__path_3,IN1,SORT1,path_3,0,e01,IN1,J1,0.0,2.0,2.0,2,normal,0
IN1__SORT1__path_3,IN1,SORT1,path_3,1,e03,J1,J2,2.0,4.0,2.0,2,normal,0
IN1__SORT1__path_3,IN1,SORT1,path_3,2,e06,J2,P2,4.0,6.0,2.0,1,narrow,0
IN1__SORT1__path_3,IN1,SORT1,path_3,3,e08,P2,P1,6.0,8.0,2.0,2,normal,0
IN1__SORT1__path_3,IN1,SORT1,path_3,4,e10,P1,P4,8.0,10.0,2.0,1,narrow,0
IN1__SORT1__path_3,IN1,SORT1,path_3,5,e15,P4,P7,10.0,12.0,2.0,2,normal,0
IN1__SORT1__path_3,IN1,SORT1,path_3,6,e20,P7,SORT1,12.0,15.0,3.0,2,normal,0
IN1__SORT2__path_1,IN1,SORT2,path_1,0,e01,IN1,J1,0.0,2.0,2.0,2,normal,0
IN1__SORT2__path_1,IN1,SORT2,path_1,1,e05,J1,P1,2.0,4.0,2.0,2,normal,0
IN1__SORT2__path_1,IN1,SORT2,path_1,2,e10,P1,P4,4.0,6.0,2.0,1,narrow,0
IN1__SORT2__path_1,IN1,SORT2,path_1,3,e15,P4,P7,6.0,8.0,2.0,2,normal,0
IN1__SORT2__path_1,IN1,SORT2,path_1,4,e18,P7,P8,8.0,10.0,2.0,2,normal,0
IN1__SORT2__path_1,IN1,SORT2,path_1,5,e22,P8,SORT2,10.0,13.0,3.0,2,normal,0
IN1__SORT2__path_2,IN1,SORT2,path_2,0,e01,IN1,J1,0.0,2.0,2.0,2,normal,0
IN1__SORT2__path_2,IN1,SORT2,path_2,1,e03,J1,J2,2.0,4.0,2.0,2,normal,0
IN1__SORT2__path_2,IN1,SORT2,path_2,2,e04,J2,J3,4.0,6.0,2.0,2,normal,0
IN1__SORT2__path_2,IN1,SORT2,path_2,3,e07,J3,P3,6.0,8.0,2.0,2,normal,0
IN1__SORT2__path_2,IN1,SORT2,path_2,4,e12,P3,P6,8.0,10.0,2.0,1,narrow,0
IN1__SORT2__path_2,IN1,SORT2,path_2,5,e17,P6,P9,10.0,12.0,2.0,2,normal,0
IN1__SORT2__path_2,IN1,SORT2,path_2,6,e23,P9,SORT2,12.0,15.0,3.0,2,normal,0
IN1__SORT2__path_3,IN1,SORT2,path_3,0,e01,IN1,J1,0.0,2.0,2.0,2,normal,0
IN1__SORT2__path_3,IN1,SORT2,path_3,1,e05,J1,P1,2.0,4.0,2.0,2,normal,0
IN1__SORT2__path_3,IN1,SORT2,path_3,2,e08,P1,P2,4.0,6.0,2.0,2,normal,0
IN1__SORT2__path_3,IN1,SORT2,path_3,3,e09,P2,P3,6.0,8.0,2.0,2,normal,0
IN1__SORT2__path_3,IN1,SORT2,path_3,4,e12,P3,P6,8.0,10.0,2.0,1,narrow,0
IN1__SORT2__path_3,IN1,SORT2,path_3,5,e17,P6,P9,10.0,12.0,2.0,2,normal,0
IN1__SORT2__path_3,IN1,SORT2,path_3,6,e23,P9,SORT2,12.0,15.0,3.0,2,normal,0
IN1__SORT2__path_4,IN1,SORT2,path_4,0,e01,IN1,J1,0.0,2.0,2.0,2,normal,0
IN1__SORT2__path_4,IN1,SORT2,path_4,1,e03,J1,J2,2.0,4.0,2.0,2,normal,0
IN1__SORT2__path_4,IN1,SORT2,path_4,2,e06,J2,P2,4.0,6.0,2.0,1,narrow,0
IN1__SORT2__path_4,IN1,SORT2,path_4,3,e11,P2,P5,6.0,8.0,2.0,1,narrow,0
IN1__SORT2__path_4,IN1,SORT2,path_4,4,e16,P5,P8,8.0,10.0,2.0,1,dynamic,1
IN1__SORT2__path_4,IN1,SORT2,path_4,5,e22,P8,SORT2,10.0,13.0,3.0,2,normal,0
IN1__OUT1__path_1,IN1,OUT1,path_1,0,e01,IN1,J1,0.0,2.0,2.0,2,normal,0
IN1__OUT1__path_1,IN1,OUT1,path_1,1,e05,J1,P1,2.0,4.0,2.0,2,normal,0
IN1__OUT1__path_1,IN1,OUT1,path_1,2,e10,P1,P4,4.0,6.0,2.0,1,narrow,0
IN1__OUT1__path_1,IN1,OUT1,path_1,3,e15,P4,P7,6.0,8.0,2.0,2,normal,0
IN1__OUT1__path_1,IN1,OUT1,path_1,4,e20,P7,SORT1,8.0,11.0,3.0,2,normal,0
IN1__OUT1__path_1,IN1,OUT1,path_1,5,e24,SORT1,OUT1,11.0,13.0,2.0,1,oneway,0
IN1__OUT1__path_2,IN1,OUT1,path_2,0,e01,IN1,J1,0.0,2.0,2.0,2,normal,0
IN1__OUT1__path_2,IN1,OUT1,path_2,1,e05,J1,P1,2.0,4.0,2.0,2,normal,0
IN1__OUT1__path_2,IN1,OUT1,path_2,2,e10,P1,P4,4.0,6.0,2.0,1,narrow,0
IN1__OUT1__path_2,IN1,OUT1,path_2,3,e15,P4,P7,6.0,8.0,2.0,2,normal,0
IN1__OUT1__path_2,IN1,OUT1,path_2,4,e18,P7,P8,8.0,10.0,2.0,2,normal,0
IN1__OUT1__path_2,IN1,OUT1,path_2,5,e21,P8,SORT1,10.0,13.0,3.0,2,normal,0
IN1__OUT1__path_2,IN1,OUT1,path_2,6,e24,SORT1,OUT1,13.0,15.0,2.0,1,oneway,0
IN1__OUT1__path_3,IN1,OUT1,path_3,0,e01,IN1,J1,0.0,2.0,2.0,2,normal,0
IN1__OUT1__path_3,IN1,OUT1,path_3,1,e03,J1,J2,2.0,4.0,2.0,2,normal,0
IN1__OUT1__path_3,IN1,OUT1,path_3,2,e06,J2,P2,4.0,6.0,2.0,1,narrow,0
IN1__OUT1__path_3,IN1,OUT1,path_3,3,e08,P2,P1,6.0,8.0,2.0,2,normal,0
IN1__OUT1__path_3,IN1,OUT1,path_3,4,e10,P1,P4,8.0,10.0,2.0,1,narrow,0
IN1__OUT1__path_3,IN1,OUT1,path_3,5,e15,P4,P7,10.0,12.0,2.0,2,normal,0
IN1__OUT1__path_3,IN1,OUT1,path_3,6,e20,P7,SORT1,12.0,15.0,3.0,2,normal,0
IN1__OUT1__path_3,IN1,OUT1,path_3,7,e24,SORT1,OUT1,15.0,17.0,2.0,1,oneway,0
IN1__OUT2__path_1,IN1,OUT2,path_1,0,e01,IN1,J1,0.0,2.0,2.0,2,normal,0
IN1__OUT2__path_1,IN1,OUT2,path_1,1,e05,J1,P1,2.0,4.0,2.0,2,normal,0
IN1__OUT2__path_1,IN1,OUT2,path_1,2,e10,P1,P4,4.0,6.0,2.0,1,narrow,0
IN1__OUT2__path_1,IN1,OUT2,path_1,3,e15,P4,P7,6.0,8.0,2.0,2,normal,0
IN1__OUT2__path_1,IN1,OUT2,path_1,4,e18,P7,P8,8.0,10.0,2.0,2,normal,0
IN1__OUT2__path_1,IN1,OUT2,path_1,5,e22,P8,SORT2,10.0,13.0,3.0,2,normal,0
IN1__OUT2__path_1,IN1,OUT2,path_1,6,e25,SORT2,OUT2,13.0,15.0,2.0,1,oneway,0
IN1__OUT2__path_2,IN1,OUT2,path_2,0,e01,IN1,J1,0.0,2.0,2.0,2,normal,0
IN1__OUT2__path_2,IN1,OUT2,path_2,1,e03,J1,J2,2.0,4.0,2.0,2,normal,0
IN1__OUT2__path_2,IN1,OUT2,path_2,2,e04,J2,J3,4.0,6.0,2.0,2,normal,0
IN1__OUT2__path_2,IN1,OUT2,path_2,3,e07,J3,P3,6.0,8.0,2.0,2,normal,0
IN1__OUT2__path_2,IN1,OUT2,path_2,4,e12,P3,P6,8.0,10.0,2.0,1,narrow,0
IN1__OUT2__path_2,IN1,OUT2,path_2,5,e17,P6,P9,10.0,12.0,2.0,2,normal,0
IN1__OUT2__path_2,IN1,OUT2,path_2,6,e23,P9,SORT2,12.0,15.0,3.0,2,normal,0
IN1__OUT2__path_2,IN1,OUT2,path_2,7,e25,SORT2,OUT2,15.0,17.0,2.0,1,oneway,0
IN1__OUT2__path_3,IN1,OUT2,path_3,0,e01,IN1,J1,0.0,2.0,2.0,2,normal,0
IN1__OUT2__path_3,IN1,OUT2,path_3,1,e05,J1,P1,2.0,4.0,2.0,2,normal,0
IN1__OUT2__path_3,IN1,OUT2,path_3,2,e08,P1,P2,4.0,6.0,2.0,2,normal,0
IN1__OUT2__path_3,IN1,OUT2,path_3,3,e09,P2,P3,6.0,8.0,2.0,2,normal,0
IN1__OUT2__path_3,IN1,OUT2,path_3,4,e12,P3,P6,8.0,10.0,2.0,1,narrow,0
IN1__OUT2__path_3,IN1,OUT2,path_3,5,e17,P6,P9,10.0,12.0,2.0,2,normal,0
IN1__OUT2__path_3,IN1,OUT2,path_3,6,e23,P9,SORT2,12.0,15.0,3.0,2,normal,0
IN1__OUT2__path_3,IN1,OUT2,path_3,7,e25,SORT2,OUT2,15.0,17.0,2.0,1,oneway,0
IN1__OUT2__path_4,IN1,OUT2,path_4,0,e01,IN1,J1,0.0,2.0,2.0,2,normal,0
IN1__OUT2__path_4,IN1,OUT2,path_4,1,e03,J1,J2,2.0,4.0,2.0,2,normal,0
IN1__OUT2__path_4,IN1,OUT2,path_4,2,e06,J2,P2,4.0,6.0,2.0,1,narrow,0
IN1__OUT2__path_4,IN1,OUT2,path_4,3,e11,P2,P5,6.0,8.0,2.0,1,narrow,0
IN1__OUT2__path_4,IN1,OUT2,path_4,4,e16,P5,P8,8.0,10.0,2.0,1,dynamic,1
IN1__OUT2__path_4,IN1,OUT2,path_4,5,e22,P8,SORT2,10.0,13.0,3.0,2,normal,0
IN1__OUT2__path_4,IN1,OUT2,path_4,6,e25,SORT2,OUT2,13.0,15.0,2.0,1,oneway,0
IN1__CHG1__path_1,IN1,CHG1,path_1,0,e01,IN1,J1,0.0,2.0,2.0,2,normal,0
IN1__CHG1__path_1,IN1,CHG1,path_1,1,e26,J1,CHG1,2.0,4.0,2.0,1,normal,0
IN1__CHG2__path_1,IN1,CHG2,path_1,0,e01,IN1,J1,0.0,2.0,2.0,2,normal,0
IN1__CHG2__path_1,IN1,CHG2,path_1,1,e05,J1,P1,2.0,4.0,2.0,2,normal,0
IN1__CHG2__path_1,IN1,CHG2,path_1,2,e10,P1,P4,4.0,6.0,2.0,1,narrow,0
IN1__CHG2__path_1,IN1,CHG2,path_1,3,e15,P4,P7,6.0,8.0,2.0,2,normal,0
IN1__CHG2__path_1,IN1,CHG2,path_1,4,e27,P7,CHG2,8.0,10.0,2.0,1,normal,0
IN1__CHG2__path_2,IN1,CHG2,path_2,0,e01,IN1,J1,0.0,2.0,2.0,2,normal,0
IN1__CHG2__path_2,IN1,CHG2,path_2,1,e03,J1,J2,2.0,4.0,2.0,2,normal,0
IN1__CHG2__path_2,IN1,CHG2,path_2,2,e06,J2,P2,4.0,6.0,2.0,1,narrow,0
IN1__CHG2__path_2,IN1,CHG2,path_2,3,e08,P2,P1,6.0,8.0,2.0,2,normal,0
IN1__CHG2__path_2,IN1,CHG2,path_2,4,e10,P1,P4,8.0,10.0,2.0,1,narrow,0
IN1__CHG2__path_2,IN1,CHG2,path_2,5,e15,P4,P7,10.0,12.0,2.0,2,normal,0
IN1__CHG2__path_2,IN1,CHG2,path_2,6,e27,P7,CHG2,12.0,14.0,2.0,1,normal,0
IN1__CHG2__path_3,IN1,CHG2,path_3,0,e01,IN1,J1,0.0,2.0,2.0,2,normal,0
IN1__CHG2__path_3,IN1,CHG2,path_3,1,e05,J1,P1,2.0,4.0,2.0,2,normal,0
IN1__CHG2__path_3,IN1,CHG2,path_3,2,e08,P1,P2,4.0,6.0,2.0,2,normal,0
IN1__CHG2__path_3,IN1,CHG2,path_3,3,e11,P2,P5,6.0,8.0,2.0,1,narrow,0
IN1__CHG2__path_3,IN1,CHG2,path_3,4,e13,P5,P4,8.0,10.0,2.0,1,narrow,0
IN1__CHG2__path_3,IN1,CHG2,path_3,5,e15,P4,P7,10.0,12.0,2.0,2,normal,0
IN1__CHG2__path_3,IN1,CHG2,path_3,6,e27,P7,CHG2,12.0,14.0,2.0,1,normal,0
IN2__IN1__path_1,IN2,IN1,path_1,0,e02,IN2,J3,0.0,2.0,2.0,2,normal,0
IN2__IN1__path_1,IN2,IN1,path_1,1,e04,J3,J2,2.0,4.0,2.0,2,normal,0
IN2__IN1__path_1,IN2,IN1,path_1,2,e03,J2,J1,4.0,6.0,2.0,2,normal,0
IN2__IN1__path_1,IN2,IN1,path_1,3,e01,J1,IN1,6.0,8.0,2.0,2,normal,0
IN2__IN1__path_2,IN2,IN1,path_2,0,e02,IN2,J3,0.0,2.0,2.0,2,normal,0
IN2__IN1__path_2,IN2,IN1,path_2,1,e07,J3,P3,2.0,4.0,2.0,2,normal,0
IN2__IN1__path_2,IN2,IN1,path_2,2,e09,P3,P2,4.0,6.0,2.0,2,normal,0
IN2__IN1__path_2,IN2,IN1,path_2,3,e08,P2,P1,6.0,8.0,2.0,2,normal,0
IN2__IN1__path_2,IN2,IN1,path_2,4,e05,P1,J1,8.0,10.0,2.0,2,normal,0
IN2__IN1__path_2,IN2,IN1,path_2,5,e01,J1,IN1,10.0,12.0,2.0,2,normal,0
IN2__IN1__path_3,IN2,IN1,path_3,0,e02,IN2,J3,0.0,2.0,2.0,2,normal,0
IN2__IN1__path_3,IN2,IN1,path_3,1,e04,J3,J2,2.0,4.0,2.0,2,normal,0
IN2__IN1__path_3,IN2,IN1,path_3,2,e06,J2,P2,4.0,6.0,2.0,1,narrow,0
IN2__IN1__path_3,IN2,IN1,path_3,3,e08,P2,P1,6.0,8.0,2.0,2,normal,0
IN2__IN1__path_3,IN2,IN1,path_3,4,e05,P1,J1,8.0,10.0,2.0,2,normal,0
IN2__IN1__path_3,IN2,IN1,path_3,5,e01,J1,IN1,10.0,12.0,2.0,2,normal,0
IN2__P1__path_1,IN2,P1,path_1,0,e02,IN2,J3,0.0,2.0,2.0,2,normal,0
IN2__P1__path_1,IN2,P1,path_1,1,e07,J3,P3,2.0,4.0,2.0,2,normal,0
IN2__P1__path_1,IN2,P1,path_1,2,e09,P3,P2,4.0,6.0,2.0,2,normal,0
IN2__P1__path_1,IN2,P1,path_1,3,e08,P2,P1,6.0,8.0,2.0,2,normal,0
IN2__P1__path_2,IN2,P1,path_2,0,e02,IN2,J3,0.0,2.0,2.0,2,normal,0
IN2__P1__path_2,IN2,P1,path_2,1,e04,J3,J2,2.0,4.0,2.0,2,normal,0
IN2__P1__path_2,IN2,P1,path_2,2,e03,J2,J1,4.0,6.0,2.0,2,normal,0
IN2__P1__path_2,IN2,P1,path_2,3,e05,J1,P1,6.0,8.0,2.0,2,normal,0
IN2__P1__path_3,IN2,P1,path_3,0,e02,IN2,J3,0.0,2.0,2.0,2,normal,0
IN2__P1__path_3,IN2,P1,path_3,1,e04,J3,J2,2.0,4.0,2.0,2,normal,0
IN2__P1__path_3,IN2,P1,path_3,2,e06,J2,P2,4.0,6.0,2.0,1,narrow,0
IN2__P1__path_3,IN2,P1,path_3,3,e08,P2,P1,6.0,8.0,2.0,2,normal,0
IN2__P2__path_1,IN2,P2,path_1,0,e02,IN2,J3,0.0,2.0,2.0,2,normal,0
IN2__P2__path_1,IN2,P2,path_1,1,e07,J3,P3,2.0,4.0,2.0,2,normal,0
IN2__P2__path_1,IN2,P2,path_1,2,e09,P3,P2,4.0,6.0,2.0,2,normal,0
IN2__P2__path_2,IN2,P2,path_2,0,e02,IN2,J3,0.0,2.0,2.0,2,normal,0
IN2__P2__path_2,IN2,P2,path_2,1,e04,J3,J2,2.0,4.0,2.0,2,normal,0
IN2__P2__path_2,IN2,P2,path_2,2,e06,J2,P2,4.0,6.0,2.0,1,narrow,0
IN2__P2__path_3,IN2,P2,path_3,0,e02,IN2,J3,0.0,2.0,2.0,2,normal,0
IN2__P2__path_3,IN2,P2,path_3,1,e04,J3,J2,2.0,4.0,2.0,2,normal,0
IN2__P2__path_3,IN2,P2,path_3,2,e03,J2,J1,4.0,6.0,2.0,2,normal,0
IN2__P2__path_3,IN2,P2,path_3,3,e05,J1,P1,6.0,8.0,2.0,2,normal,0
IN2__P2__path_3,IN2,P2,path_3,4,e08,P1,P2,8.0,10.0,2.0,2,normal,0
IN2__P3__path_1,IN2,P3,path_1,0,e02,IN2,J3,0.0,2.0,2.0,2,normal,0
IN2__P3__path_1,IN2,P3,path_1,1,e07,J3,P3,2.0,4.0,2.0,2,normal,0
IN2__P3__path_2,IN2,P3,path_2,0,e02,IN2,J3,0.0,2.0,2.0,2,normal,0
IN2__P3__path_2,IN2,P3,path_2,1,e04,J3,J2,2.0,4.0,2.0,2,normal,0
IN2__P3__path_2,IN2,P3,path_2,2,e06,J2,P2,4.0,6.0,2.0,1,narrow,0
IN2__P3__path_2,IN2,P3,path_2,3,e09,P2,P3,6.0,8.0,2.0,2,normal,0
IN2__P3__path_3,IN2,P3,path_3,0,e02,IN2,J3,0.0,2.0,2.0,2,normal,0
IN2__P3__path_3,IN2,P3,path_3,1,e04,J3,J2,2.0,4.0,2.0,2,normal,0
IN2__P3__path_3,IN2,P3,path_3,2,e03,J2,J1,4.0,6.0,2.0,2,normal,0
IN2__P3__path_3,IN2,P3,path_3,3,e05,J1,P1,6.0,8.0,2.0,2,normal,0
IN2__P3__path_3,IN2,P3,path_3,4,e08,P1,P2,8.0,10.0,2.0,2,normal,0
IN2__P3__path_3,IN2,P3,path_3,5,e09,P2,P3,10.0,12.0,2.0,2,normal,0
IN2__P4__path_1,IN2,P4,path_1,0,e02,IN2,J3,0.0,2.0,2.0,2,normal,0
IN2__P4__path_1,IN2,P4,path_1,1,e04,J3,J2,2.0,4.0,2.0,2,normal,0
IN2__P4__path_1,IN2,P4,path_1,2,e03,J2,J1,4.0,6.0,2.0,2,normal,0
IN2__P4__path_1,IN2,P4,path_1,3,e05,J1,P1,6.0,8.0,2.0,2,normal,0
IN2__P4__path_1,IN2,P4,path_1,4,e10,P1,P4,8.0,10.0,2.0,1,narrow,0
IN2__P4__path_2,IN2,P4,path_2,0,e02,IN2,J3,0.0,2.0,2.0,2,normal,0
IN2__P4__path_2,IN2,P4,path_2,1,e07,J3,P3,2.0,4.0,2.0,2,normal,0
IN2__P4__path_2,IN2,P4,path_2,2,e09,P3,P2,4.0,6.0,2.0,2,normal,0
IN2__P4__path_2,IN2,P4,path_2,3,e08,P2,P1,6.0,8.0,2.0,2,normal,0
IN2__P4__path_2,IN2,P4,path_2,4,e10,P1,P4,8.0,10.0,2.0,1,narrow,0
IN2__P4__path_3,IN2,P4,path_3,0,e02,IN2,J3,0.0,2.0,2.0,2,normal,0
IN2__P4__path_3,IN2,P4,path_3,1,e04,J3,J2,2.0,4.0,2.0,2,normal,0
IN2__P4__path_3,IN2,P4,path_3,2,e06,J2,P2,4.0,6.0,2.0,1,narrow,0
IN2__P4__path_3,IN2,P4,path_3,3,e08,P2,P1,6.0,8.0,2.0,2,normal,0
IN2__P4__path_3,IN2,P4,path_3,4,e10,P1,P4,8.0,10.0,2.0,1,narrow,0
IN2__P5__path_1,IN2,P5,path_1,0,e02,IN2,J3,0.0,2.0,2.0,2,normal,0
IN2__P5__path_1,IN2,P5,path_1,1,e07,J3,P3,2.0,4.0,2.0,2,normal,0
IN2__P5__path_1,IN2,P5,path_1,2,e09,P3,P2,4.0,6.0,2.0,2,normal,0
IN2__P5__path_1,IN2,P5,path_1,3,e11,P2,P5,6.0,8.0,2.0,1,narrow,0
IN2__P5__path_2,IN2,P5,path_2,0,e02,IN2,J3,0.0,2.0,2.0,2,normal,0
IN2__P5__path_2,IN2,P5,path_2,1,e07,J3,P3,2.0,4.0,2.0,2,normal,0
IN2__P5__path_2,IN2,P5,path_2,2,e12,P3,P6,4.0,6.0,2.0,1,narrow,0
IN2__P5__path_2,IN2,P5,path_2,3,e14,P6,P5,6.0,8.0,2.0,1,narrow,0
IN2__P5__path_3,IN2,P5,path_3,0,e02,IN2,J3,0.0,2.0,2.0,2,normal,0
IN2__P5__path_3,IN2,P5,path_3,1,e04,J3,J2,2.0,4.0,2.0,2,normal,0
IN2__P5__path_3,IN2,P5,path_3,2,e06,J2,P2,4.0,6.0,2.0,1,narrow,0
IN2__P5__path_3,IN2,P5,path_3,3,e11,P2,P5,6.0,8.0,2.0,1,narrow,0
IN2__P6__path_1,IN2,P6,path_1,0,e02,IN2,J3,0.0,2.0,2.0,2,normal,0
IN2__P6__path_1,IN2,P6,path_1,1,e07,J3,P3,2.0,4.0,2.0,2,normal,0
IN2__P6__path_1,IN2,P6,path_1,2,e12,P3,P6,4.0,6.0,2.0,1,narrow,0
IN2__P6__path_2,IN2,P6,path_2,0,e02,IN2,J3,0.0,2.0,2.0,2,normal,0
IN2__P6__path_2,IN2,P6,path_2,1,e07,J3,P3,2.0,4.0,2.0,2,normal,0
IN2__P6__path_2,IN2,P6,path_2,2,e09,P3,P2,4.0,6.0,2.0,2,normal,0
IN2__P6__path_2,IN2,P6,path_2,3,e11,P2,P5,6.0,8.0,2.0,1,narrow,0
IN2__P6__path_2,IN2,P6,path_2,4,e14,P5,P6,8.0,10.0,2.0,1,narrow,0
IN2__P6__path_3,IN2,P6,path_3,0,e02,IN2,J3,0.0,2.0,2.0,2,normal,0
IN2__P6__path_3,IN2,P6,path_3,1,e04,J3,J2,2.0,4.0,2.0,2,normal,0
IN2__P6__path_3,IN2,P6,path_3,2,e06,J2,P2,4.0,6.0,2.0,1,narrow,0
IN2__P6__path_3,IN2,P6,path_3,3,e09,P2,P3,6.0,8.0,2.0,2,normal,0
IN2__P6__path_3,IN2,P6,path_3,4,e12,P3,P6,8.0,10.0,2.0,1,narrow,0
IN2__P7__path_1,IN2,P7,path_1,0,e02,IN2,J3,0.0,2.0,2.0,2,normal,0
IN2__P7__path_1,IN2,P7,path_1,1,e07,J3,P3,2.0,4.0,2.0,2,normal,0
IN2__P7__path_1,IN2,P7,path_1,2,e12,P3,P6,4.0,6.0,2.0,1,narrow,0
IN2__P7__path_1,IN2,P7,path_1,3,e17,P6,P9,6.0,8.0,2.0,2,normal,0
IN2__P7__path_1,IN2,P7,path_1,4,e19,P9,P8,8.0,10.0,2.0,2,normal,0
IN2__P7__path_1,IN2,P7,path_1,5,e18,P8,P7,10.0,12.0,2.0,2,normal,0
IN2__P7__path_2,IN2,P7,path_2,0,e02,IN2,J3,0.0,2.0,2.0,2,normal,0
IN2__P7__path_2,IN2,P7,path_2,1,e04,J3,J2,2.0,4.0,2.0,2,normal,0
IN2__P7__path_2,IN2,P7,path_2,2,e03,J2,J1,4.0,6.0,2.0,2,normal,0
IN2__P7__path_2,IN2,P7,path_2,3,e05,J1,P1,6.0,8.0,2.0,2,normal,0
IN2__P7__path_2,IN2,P7,path_2,4,e10,P1,P4,8.0,10.0,2.0,1,narrow,0
IN2__P7__path_2,IN2,P7,path_2,5,e15,P4,P7,10.0,12.0,2.0,2,normal,0
IN2__P7__path_3,IN2,P7,path_3,0,e02,IN2,J3,0.0,2.0,2.0,2,normal,0
IN2__P7__path_3,IN2,P7,path_3,1,e07,J3,P3,2.0,4.0,2.0,2,normal,0
IN2__P7__path_3,IN2,P7,path_3,2,e09,P3,P2,4.0,6.0,2.0,2,normal,0
IN2__P7__path_3,IN2,P7,path_3,3,e08,P2,P1,6.0,8.0,2.0,2,normal,0
IN2__P7__path_3,IN2,P7,path_3,4,e10,P1,P4,8.0,10.0,2.0,1,narrow,0
IN2__P7__path_3,IN2,P7,path_3,5,e15,P4,P7,10.0,12.0,2.0,2,normal,0
IN2__P8__path_1,IN2,P8,path_1,0,e02,IN2,J3,0.0,2.0,2.0,2,normal,0
IN2__P8__path_1,IN2,P8,path_1,1,e07,J3,P3,2.0,4.0,2.0,2,normal,0
IN2__P8__path_1,IN2,P8,path_1,2,e12,P3,P6,4.0,6.0,2.0,1,narrow,0
IN2__P8__path_1,IN2,P8,path_1,3,e17,P6,P9,6.0,8.0,2.0,2,normal,0
IN2__P8__path_1,IN2,P8,path_1,4,e19,P9,P8,8.0,10.0,2.0,2,normal,0
IN2__P8__path_2,IN2,P8,path_2,0,e02,IN2,J3,0.0,2.0,2.0,2,normal,0
IN2__P8__path_2,IN2,P8,path_2,1,e07,J3,P3,2.0,4.0,2.0,2,normal,0
IN2__P8__path_2,IN2,P8,path_2,2,e12,P3,P6,4.0,6.0,2.0,1,narrow,0
IN2__P8__path_2,IN2,P8,path_2,3,e17,P6,P9,6.0,8.0,2.0,2,normal,0
IN2__P8__path_2,IN2,P8,path_2,4,e23,P9,SORT2,8.0,11.0,3.0,2,normal,0
IN2__P8__path_2,IN2,P8,path_2,5,e22,SORT2,P8,11.0,14.0,3.0,2,normal,0
IN2__P8__path_3,IN2,P8,path_3,0,e02,IN2,J3,0.0,2.0,2.0,2,normal,0
IN2__P8__path_3,IN2,P8,path_3,1,e04,J3,J2,2.0,4.0,2.0,2,normal,0
IN2__P8__path_3,IN2,P8,path_3,2,e03,J2,J1,4.0,6.0,2.0,2,normal,0
IN2__P8__path_3,IN2,P8,path_3,3,e05,J1,P1,6.0,8.0,2.0,2,normal,0
IN2__P8__path_3,IN2,P8,path_3,4,e10,P1,P4,8.0,10.0,2.0,1,narrow,0
IN2__P8__path_3,IN2,P8,path_3,5,e15,P4,P7,10.0,12.0,2.0,2,normal,0
IN2__P8__path_3,IN2,P8,path_3,6,e18,P7,P8,12.0,14.0,2.0,2,normal,0
IN2__P8__path_4,IN2,P8,path_4,0,e02,IN2,J3,0.0,2.0,2.0,2,normal,0
IN2__P8__path_4,IN2,P8,path_4,1,e04,J3,J2,2.0,4.0,2.0,2,normal,0
IN2__P8__path_4,IN2,P8,path_4,2,e06,J2,P2,4.0,6.0,2.0,1,narrow,0
IN2__P8__path_4,IN2,P8,path_4,3,e11,P2,P5,6.0,8.0,2.0,1,narrow,0
IN2__P8__path_4,IN2,P8,path_4,4,e16,P5,P8,8.0,10.0,2.0,1,dynamic,1
IN2__P9__path_1,IN2,P9,path_1,0,e02,IN2,J3,0.0,2.0,2.0,2,normal,0
IN2__P9__path_1,IN2,P9,path_1,1,e07,J3,P3,2.0,4.0,2.0,2,normal,0
IN2__P9__path_1,IN2,P9,path_1,2,e12,P3,P6,4.0,6.0,2.0,1,narrow,0
IN2__P9__path_1,IN2,P9,path_1,3,e17,P6,P9,6.0,8.0,2.0,2,normal,0
IN2__P9__path_2,IN2,P9,path_2,0,e02,IN2,J3,0.0,2.0,2.0,2,normal,0
IN2__P9__path_2,IN2,P9,path_2,1,e04,J3,J2,2.0,4.0,2.0,2,normal,0
IN2__P9__path_2,IN2,P9,path_2,2,e06,J2,P2,4.0,6.0,2.0,1,narrow,0
IN2__P9__path_2,IN2,P9,path_2,3,e09,P2,P3,6.0,8.0,2.0,2,normal,0
IN2__P9__path_2,IN2,P9,path_2,4,e12,P3,P6,8.0,10.0,2.0,1,narrow,0
IN2__P9__path_2,IN2,P9,path_2,5,e17,P6,P9,10.0,12.0,2.0,2,normal,0
IN2__P9__path_3,IN2,P9,path_3,0,e02,IN2,J3,0.0,2.0,2.0,2,normal,0
IN2__P9__path_3,IN2,P9,path_3,1,e07,J3,P3,2.0,4.0,2.0,2,normal,0
IN2__P9__path_3,IN2,P9,path_3,2,e09,P3,P2,4.0,6.0,2.0,2,normal,0
IN2__P9__path_3,IN2,P9,path_3,3,e11,P2,P5,6.0,8.0,2.0,1,narrow,0
IN2__P9__path_3,IN2,P9,path_3,4,e14,P5,P6,8.0,10.0,2.0,1,narrow,0
IN2__P9__path_3,IN2,P9,path_3,5,e17,P6,P9,10.0,12.0,2.0,2,normal,0
IN2__SORT1__path_1,IN2,SORT1,path_1,0,e02,IN2,J3,0.0,2.0,2.0,2,normal,0
IN2__SORT1__path_1,IN2,SORT1,path_1,1,e07,J3,P3,2.0,4.0,2.0,2,normal,0
IN2__SORT1__path_1,IN2,SORT1,path_1,2,e12,P3,P6,4.0,6.0,2.0,1,narrow,0
IN2__SORT1__path_1,IN2,SORT1,path_1,3,e17,P6,P9,6.0,8.0,2.0,2,normal,0
IN2__SORT1__path_1,IN2,SORT1,path_1,4,e19,P9,P8,8.0,10.0,2.0,2,normal,0
IN2__SORT1__path_1,IN2,SORT1,path_1,5,e21,P8,SORT1,10.0,13.0,3.0,2,normal,0
IN2__SORT1__path_2,IN2,SORT1,path_2,0,e02,IN2,J3,0.0,2.0,2.0,2,normal,0
IN2__SORT1__path_2,IN2,SORT1,path_2,1,e04,J3,J2,2.0,4.0,2.0,2,normal,0
IN2__SORT1__path_2,IN2,SORT1,path_2,2,e03,J2,J1,4.0,6.0,2.0,2,normal,0
IN2__SORT1__path_2,IN2,SORT1,path_2,3,e05,J1,P1,6.0,8.0,2.0,2,normal,0
IN2__SORT1__path_2,IN2,SORT1,path_2,4,e10,P1,P4,8.0,10.0,2.0,1,narrow,0
IN2__SORT1__path_2,IN2,SORT1,path_2,5,e15,P4,P7,10.0,12.0,2.0,2,normal,0
IN2__SORT1__path_2,IN2,SORT1,path_2,6,e20,P7,SORT1,12.0,15.0,3.0,2,normal,0
IN2__SORT1__path_3,IN2,SORT1,path_3,0,e02,IN2,J3,0.0,2.0,2.0,2,normal,0
IN2__SORT1__path_3,IN2,SORT1,path_3,1,e07,J3,P3,2.0,4.0,2.0,2,normal,0
IN2__SORT1__path_3,IN2,SORT1,path_3,2,e09,P3,P2,4.0,6.0,2.0,2,normal,0
IN2__SORT1__path_3,IN2,SORT1,path_3,3,e08,P2,P1,6.0,8.0,2.0,2,normal,0
IN2__SORT1__path_3,IN2,SORT1,path_3,4,e10,P1,P4,8.0,10.0,2.0,1,narrow,0
IN2__SORT1__path_3,IN2,SORT1,path_3,5,e15,P4,P7,10.0,12.0,2.0,2,normal,0
IN2__SORT1__path_3,IN2,SORT1,path_3,6,e20,P7,SORT1,12.0,15.0,3.0,2,normal,0
IN2__SORT1__path_4,IN2,SORT1,path_4,0,e02,IN2,J3,0.0,2.0,2.0,2,normal,0
IN2__SORT1__path_4,IN2,SORT1,path_4,1,e04,J3,J2,2.0,4.0,2.0,2,normal,0
IN2__SORT1__path_4,IN2,SORT1,path_4,2,e06,J2,P2,4.0,6.0,2.0,1,narrow,0
IN2__SORT1__path_4,IN2,SORT1,path_4,3,e11,P2,P5,6.0,8.0,2.0,1,narrow,0
IN2__SORT1__path_4,IN2,SORT1,path_4,4,e16,P5,P8,8.0,10.0,2.0,1,dynamic,1
IN2__SORT1__path_4,IN2,SORT1,path_4,5,e21,P8,SORT1,10.0,13.0,3.0,2,normal,0
IN2__SORT2__path_1,IN2,SORT2,path_1,0,e02,IN2,J3,0.0,2.0,2.0,2,normal,0
IN2__SORT2__path_1,IN2,SORT2,path_1,1,e07,J3,P3,2.0,4.0,2.0,2,normal,0
IN2__SORT2__path_1,IN2,SORT2,path_1,2,e12,P3,P6,4.0,6.0,2.0,1,narrow,0
IN2__SORT2__path_1,IN2,SORT2,path_1,3,e17,P6,P9,6.0,8.0,2.0,2,normal,0
IN2__SORT2__path_1,IN2,SORT2,path_1,4,e23,P9,SORT2,8.0,11.0,3.0,2,normal,0
IN2__SORT2__path_2,IN2,SORT2,path_2,0,e02,IN2,J3,0.0,2.0,2.0,2,normal,0
IN2__SORT2__path_2,IN2,SORT2,path_2,1,e07,J3,P3,2.0,4.0,2.0,2,normal,0
IN2__SORT2__path_2,IN2,SORT2,path_2,2,e12,P3,P6,4.0,6.0,2.0,1,narrow,0
IN2__SORT2__path_2,IN2,SORT2,path_2,3,e17,P6,P9,6.0,8.0,2.0,2,normal,0
IN2__SORT2__path_2,IN2,SORT2,path_2,4,e19,P9,P8,8.0,10.0,2.0,2,normal,0
IN2__SORT2__path_2,IN2,SORT2,path_2,5,e22,P8,SORT2,10.0,13.0,3.0,2,normal,0
IN2__SORT2__path_3,IN2,SORT2,path_3,0,e02,IN2,J3,0.0,2.0,2.0,2,normal,0
IN2__SORT2__path_3,IN2,SORT2,path_3,1,e04,J3,J2,2.0,4.0,2.0,2,normal,0
IN2__SORT2__path_3,IN2,SORT2,path_3,2,e06,J2,P2,4.0,6.0,2.0,1,narrow,0
IN2__SORT2__path_3,IN2,SORT2,path_3,3,e09,P2,P3,6.0,8.0,2.0,2,normal,0
IN2__SORT2__path_3,IN2,SORT2,path_3,4,e12,P3,P6,8.0,10.0,2.0,1,narrow,0
IN2__SORT2__path_3,IN2,SORT2,path_3,5,e17,P6,P9,10.0,12.0,2.0,2,normal,0
IN2__SORT2__path_3,IN2,SORT2,path_3,6,e23,P9,SORT2,12.0,15.0,3.0,2,normal,0
IN2__OUT1__path_1,IN2,OUT1,path_1,0,e02,IN2,J3,0.0,2.0,2.0,2,normal,0
IN2__OUT1__path_1,IN2,OUT1,path_1,1,e07,J3,P3,2.0,4.0,2.0,2,normal,0
IN2__OUT1__path_1,IN2,OUT1,path_1,2,e12,P3,P6,4.0,6.0,2.0,1,narrow,0
IN2__OUT1__path_1,IN2,OUT1,path_1,3,e17,P6,P9,6.0,8.0,2.0,2,normal,0
IN2__OUT1__path_1,IN2,OUT1,path_1,4,e19,P9,P8,8.0,10.0,2.0,2,normal,0
IN2__OUT1__path_1,IN2,OUT1,path_1,5,e21,P8,SORT1,10.0,13.0,3.0,2,normal,0
IN2__OUT1__path_1,IN2,OUT1,path_1,6,e24,SORT1,OUT1,13.0,15.0,2.0,1,oneway,0
IN2__OUT1__path_2,IN2,OUT1,path_2,0,e02,IN2,J3,0.0,2.0,2.0,2,normal,0
IN2__OUT1__path_2,IN2,OUT1,path_2,1,e04,J3,J2,2.0,4.0,2.0,2,normal,0
IN2__OUT1__path_2,IN2,OUT1,path_2,2,e03,J2,J1,4.0,6.0,2.0,2,normal,0
IN2__OUT1__path_2,IN2,OUT1,path_2,3,e05,J1,P1,6.0,8.0,2.0,2,normal,0
IN2__OUT1__path_2,IN2,OUT1,path_2,4,e10,P1,P4,8.0,10.0,2.0,1,narrow,0
IN2__OUT1__path_2,IN2,OUT1,path_2,5,e15,P4,P7,10.0,12.0,2.0,2,normal,0
IN2__OUT1__path_2,IN2,OUT1,path_2,6,e20,P7,SORT1,12.0,15.0,3.0,2,normal,0
IN2__OUT1__path_2,IN2,OUT1,path_2,7,e24,SORT1,OUT1,15.0,17.0,2.0,1,oneway,0
IN2__OUT1__path_3,IN2,OUT1,path_3,0,e02,IN2,J3,0.0,2.0,2.0,2,normal,0
IN2__OUT1__path_3,IN2,OUT1,path_3,1,e07,J3,P3,2.0,4.0,2.0,2,normal,0
IN2__OUT1__path_3,IN2,OUT1,path_3,2,e09,P3,P2,4.0,6.0,2.0,2,normal,0
IN2__OUT1__path_3,IN2,OUT1,path_3,3,e08,P2,P1,6.0,8.0,2.0,2,normal,0
IN2__OUT1__path_3,IN2,OUT1,path_3,4,e10,P1,P4,8.0,10.0,2.0,1,narrow,0
IN2__OUT1__path_3,IN2,OUT1,path_3,5,e15,P4,P7,10.0,12.0,2.0,2,normal,0
IN2__OUT1__path_3,IN2,OUT1,path_3,6,e20,P7,SORT1,12.0,15.0,3.0,2,normal,0
IN2__OUT1__path_3,IN2,OUT1,path_3,7,e24,SORT1,OUT1,15.0,17.0,2.0,1,oneway,0
IN2__OUT1__path_4,IN2,OUT1,path_4,0,e02,IN2,J3,0.0,2.0,2.0,2,normal,0
IN2__OUT1__path_4,IN2,OUT1,path_4,1,e04,J3,J2,2.0,4.0,2.0,2,normal,0
IN2__OUT1__path_4,IN2,OUT1,path_4,2,e06,J2,P2,4.0,6.0,2.0,1,narrow,0
IN2__OUT1__path_4,IN2,OUT1,path_4,3,e11,P2,P5,6.0,8.0,2.0,1,narrow,0
IN2__OUT1__path_4,IN2,OUT1,path_4,4,e16,P5,P8,8.0,10.0,2.0,1,dynamic,1
IN2__OUT1__path_4,IN2,OUT1,path_4,5,e21,P8,SORT1,10.0,13.0,3.0,2,normal,0
IN2__OUT1__path_4,IN2,OUT1,path_4,6,e24,SORT1,OUT1,13.0,15.0,2.0,1,oneway,0
IN2__OUT2__path_1,IN2,OUT2,path_1,0,e02,IN2,J3,0.0,2.0,2.0,2,normal,0
IN2__OUT2__path_1,IN2,OUT2,path_1,1,e07,J3,P3,2.0,4.0,2.0,2,normal,0
IN2__OUT2__path_1,IN2,OUT2,path_1,2,e12,P3,P6,4.0,6.0,2.0,1,narrow,0
IN2__OUT2__path_1,IN2,OUT2,path_1,3,e17,P6,P9,6.0,8.0,2.0,2,normal,0
IN2__OUT2__path_1,IN2,OUT2,path_1,4,e23,P9,SORT2,8.0,11.0,3.0,2,normal,0
IN2__OUT2__path_1,IN2,OUT2,path_1,5,e25,SORT2,OUT2,11.0,13.0,2.0,1,oneway,0
IN2__OUT2__path_2,IN2,OUT2,path_2,0,e02,IN2,J3,0.0,2.0,2.0,2,normal,0
IN2__OUT2__path_2,IN2,OUT2,path_2,1,e07,J3,P3,2.0,4.0,2.0,2,normal,0
IN2__OUT2__path_2,IN2,OUT2,path_2,2,e12,P3,P6,4.0,6.0,2.0,1,narrow,0
IN2__OUT2__path_2,IN2,OUT2,path_2,3,e17,P6,P9,6.0,8.0,2.0,2,normal,0
IN2__OUT2__path_2,IN2,OUT2,path_2,4,e19,P9,P8,8.0,10.0,2.0,2,normal,0
IN2__OUT2__path_2,IN2,OUT2,path_2,5,e22,P8,SORT2,10.0,13.0,3.0,2,normal,0
IN2__OUT2__path_2,IN2,OUT2,path_2,6,e25,SORT2,OUT2,13.0,15.0,2.0,1,oneway,0
IN2__OUT2__path_3,IN2,OUT2,path_3,0,e02,IN2,J3,0.0,2.0,2.0,2,normal,0
IN2__OUT2__path_3,IN2,OUT2,path_3,1,e04,J3,J2,2.0,4.0,2.0,2,normal,0
IN2__OUT2__path_3,IN2,OUT2,path_3,2,e06,J2,P2,4.0,6.0,2.0,1,narrow,0
IN2__OUT2__path_3,IN2,OUT2,path_3,3,e09,P2,P3,6.0,8.0,2.0,2,normal,0
IN2__OUT2__path_3,IN2,OUT2,path_3,4,e12,P3,P6,8.0,10.0,2.0,1,narrow,0
IN2__OUT2__path_3,IN2,OUT2,path_3,5,e17,P6,P9,10.0,12.0,2.0,2,normal,0
IN2__OUT2__path_3,IN2,OUT2,path_3,6,e23,P9,SORT2,12.0,15.0,3.0,2,normal,0
IN2__OUT2__path_3,IN2,OUT2,path_3,7,e25,SORT2,OUT2,15.0,17.0,2.0,1,oneway,0
IN2__CHG1__path_1,IN2,CHG1,path_1,0,e02,IN2,J3,0.0,2.0,2.0,2,normal,0
IN2__CHG1__path_1,IN2,CHG1,path_1,1,e04,J3,J2,2.0,4.0,2.0,2,normal,0
IN2__CHG1__path_1,IN2,CHG1,path_1,2,e03,J2,J1,4.0,6.0,2.0,2,normal,0
IN2__CHG1__path_1,IN2,CHG1,path_1,3,e26,J1,CHG1,6.0,8.0,2.0,1,normal,0
IN2__CHG1__path_2,IN2,CHG1,path_2,0,e02,IN2,J3,0.0,2.0,2.0,2,normal,0
IN2__CHG1__path_2,IN2,CHG1,path_2,1,e07,J3,P3,2.0,4.0,2.0,2,normal,0
IN2__CHG1__path_2,IN2,CHG1,path_2,2,e09,P3,P2,4.0,6.0,2.0,2,normal,0
IN2__CHG1__path_2,IN2,CHG1,path_2,3,e08,P2,P1,6.0,8.0,2.0,2,normal,0
IN2__CHG1__path_2,IN2,CHG1,path_2,4,e05,P1,J1,8.0,10.0,2.0,2,normal,0
IN2__CHG1__path_2,IN2,CHG1,path_2,5,e26,J1,CHG1,10.0,12.0,2.0,1,normal,0
IN2__CHG1__path_3,IN2,CHG1,path_3,0,e02,IN2,J3,0.0,2.0,2.0,2,normal,0
IN2__CHG1__path_3,IN2,CHG1,path_3,1,e04,J3,J2,2.0,4.0,2.0,2,normal,0
IN2__CHG1__path_3,IN2,CHG1,path_3,2,e06,J2,P2,4.0,6.0,2.0,1,narrow,0
IN2__CHG1__path_3,IN2,CHG1,path_3,3,e08,P2,P1,6.0,8.0,2.0,2,normal,0
IN2__CHG1__path_3,IN2,CHG1,path_3,4,e05,P1,J1,8.0,10.0,2.0,2,normal,0
IN2__CHG1__path_3,IN2,CHG1,path_3,5,e26,J1,CHG1,10.0,12.0,2.0,1,normal,0
IN2__CHG2__path_1,IN2,CHG2,path_1,0,e02,IN2,J3,0.0,2.0,2.0,2,normal,0
IN2__CHG2__path_1,IN2,CHG2,path_1,1,e07,J3,P3,2.0,4.0,2.0,2,normal,0
IN2__CHG2__path_1,IN2,CHG2,path_1,2,e12,P3,P6,4.0,6.0,2.0,1,narrow,0
IN2__CHG2__path_1,IN2,CHG2,path_1,3,e17,P6,P9,6.0,8.0,2.0,2,normal,0
IN2__CHG2__path_1,IN2,CHG2,path_1,4,e19,P9,P8,8.0,10.0,2.0,2,normal,0
IN2__CHG2__path_1,IN2,CHG2,path_1,5,e18,P8,P7,10.0,12.0,2.0,2,normal,0
IN2__CHG2__path_1,IN2,CHG2,path_1,6,e27,P7,CHG2,12.0,14.0,2.0,1,normal,0
IN2__CHG2__path_2,IN2,CHG2,path_2,0,e02,IN2,J3,0.0,2.0,2.0,2,normal,0
IN2__CHG2__path_2,IN2,CHG2,path_2,1,e04,J3,J2,2.0,4.0,2.0,2,normal,0
IN2__CHG2__path_2,IN2,CHG2,path_2,2,e03,J2,J1,4.0,6.0,2.0,2,normal,0
IN2__CHG2__path_2,IN2,CHG2,path_2,3,e05,J1,P1,6.0,8.0,2.0,2,normal,0
IN2__CHG2__path_2,IN2,CHG2,path_2,4,e10,P1,P4,8.0,10.0,2.0,1,narrow,0
IN2__CHG2__path_2,IN2,CHG2,path_2,5,e15,P4,P7,10.0,12.0,2.0,2,normal,0
IN2__CHG2__path_2,IN2,CHG2,path_2,6,e27,P7,CHG2,12.0,14.0,2.0,1,normal,0
IN2__CHG2__path_3,IN2,CHG2,path_3,0,e02,IN2,J3,0.0,2.0,2.0,2,normal,0
IN2__CHG2__path_3,IN2,CHG2,path_3,1,e07,J3,P3,2.0,4.0,2.0,2,normal,0
IN2__CHG2__path_3,IN2,CHG2,path_3,2,e09,P3,P2,4.0,6.0,2.0,2,normal,0
IN2__CHG2__path_3,IN2,CHG2,path_3,3,e08,P2,P1,6.0,8.0,2.0,2,normal,0
IN2__CHG2__path_3,IN2,CHG2,path_3,4,e10,P1,P4,8.0,10.0,2.0,1,narrow,0
IN2__CHG2__path_3,IN2,CHG2,path_3,5,e15,P4,P7,10.0,12.0,2.0,2,normal,0
IN2__CHG2__path_3,IN2,CHG2,path_3,6,e27,P7,CHG2,12.0,14.0,2.0,1,normal,0
P1__IN1__path_1,P1,IN1,path_1,0,e05,P1,J1,0.0,2.0,2.0,2,normal,0
P1__IN1__path_1,P1,IN1,path_1,1,e01,J1,IN1,2.0,4.0,2.0,2,normal,0
P1__IN1__path_2,P1,IN1,path_2,0,e08,P1,P2,0.0,2.0,2.0,2,normal,0
P1__IN1__path_2,P1,IN1,path_2,1,e06,P2,J2,2.0,4.0,2.0,1,narrow,0
P1__IN1__path_2,P1,IN1,path_2,2,e03,J2,J1,4.0,6.0,2.0,2,normal,0
P1__IN1__path_2,P1,IN1,path_2,3,e01,J1,IN1,6.0,8.0,2.0,2,normal,0
P1__IN1__path_3,P1,IN1,path_3,0,e08,P1,P2,0.0,2.0,2.0,2,normal,0
P1__IN1__path_3,P1,IN1,path_3,1,e09,P2,P3,2.0,4.0,2.0,2,normal,0
P1__IN1__path_3,P1,IN1,path_3,2,e07,P3,J3,4.0,6.0,2.0,2,normal,0
P1__IN1__path_3,P1,IN1,path_3,3,e04,J3,J2,6.0,8.0,2.0,2,normal,0
P1__IN1__path_3,P1,IN1,path_3,4,e03,J2,J1,8.0,10.0,2.0,2,normal,0
P1__IN1__path_3,P1,IN1,path_3,5,e01,J1,IN1,10.0,12.0,2.0,2,normal,0
P1__IN2__path_1,P1,IN2,path_1,0,e08,P1,P2,0.0,2.0,2.0,2,normal,0
P1__IN2__path_1,P1,IN2,path_1,1,e09,P2,P3,2.0,4.0,2.0,2,normal,0
P1__IN2__path_1,P1,IN2,path_1,2,e07,P3,J3,4.0,6.0,2.0,2,normal,0
P1__IN2__path_1,P1,IN2,path_1,3,e02,J3,IN2,6.0,8.0,2.0,2,normal,0
P1__IN2__path_2,P1,IN2,path_2,0,e05,P1,J1,0.0,2.0,2.0,2,normal,0
P1__IN2__path_2,P1,IN2,path_2,1,e03,J1,J2,2.0,4.0,2.0,2,normal,0
P1__IN2__path_2,P1,IN2,path_2,2,e04,J2,J3,4.0,6.0,2.0,2,normal,0
P1__IN2__path_2,P1,IN2,path_2,3,e02,J3,IN2,6.0,8.0,2.0,2,normal,0
P1__IN2__path_3,P1,IN2,path_3,0,e08,P1,P2,0.0,2.0,2.0,2,normal,0
P1__IN2__path_3,P1,IN2,path_3,1,e06,P2,J2,2.0,4.0,2.0,1,narrow,0
P1__IN2__path_3,P1,IN2,path_3,2,e04,J2,J3,4.0,6.0,2.0,2,normal,0
P1__IN2__path_3,P1,IN2,path_3,3,e02,J3,IN2,6.0,8.0,2.0,2,normal,0
P1__P2__path_1,P1,P2,path_1,0,e08,P1,P2,0.0,2.0,2.0,2,normal,0
P1__P2__path_2,P1,P2,path_2,0,e05,P1,J1,0.0,2.0,2.0,2,normal,0
P1__P2__path_2,P1,P2,path_2,1,e03,J1,J2,2.0,4.0,2.0,2,normal,0
P1__P2__path_2,P1,P2,path_2,2,e06,J2,P2,4.0,6.0,2.0,1,narrow,0
P1__P2__path_3,P1,P2,path_3,0,e10,P1,P4,0.0,2.0,2.0,1,narrow,0
P1__P2__path_3,P1,P2,path_3,1,e13,P4,P5,2.0,4.0,2.0,1,narrow,0
P1__P2__path_3,P1,P2,path_3,2,e11,P5,P2,4.0,6.0,2.0,1,narrow,0
P1__P3__path_1,P1,P3,path_1,0,e08,P1,P2,0.0,2.0,2.0,2,normal,0
P1__P3__path_1,P1,P3,path_1,1,e09,P2,P3,2.0,4.0,2.0,2,normal,0
P1__P3__path_2,P1,P3,path_2,0,e05,P1,J1,0.0,2.0,2.0,2,normal,0
P1__P3__path_2,P1,P3,path_2,1,e03,J1,J2,2.0,4.0,2.0,2,normal,0
P1__P3__path_2,P1,P3,path_2,2,e04,J2,J3,4.0,6.0,2.0,2,normal,0
P1__P3__path_2,P1,P3,path_2,3,e07,J3,P3,6.0,8.0,2.0,2,normal,0
P1__P3__path_3,P1,P3,path_3,0,e08,P1,P2,0.0,2.0,2.0,2,normal,0
P1__P3__path_3,P1,P3,path_3,1,e06,P2,J2,2.0,4.0,2.0,1,narrow,0
P1__P3__path_3,P1,P3,path_3,2,e04,J2,J3,4.0,6.0,2.0,2,normal,0
P1__P3__path_3,P1,P3,path_3,3,e07,J3,P3,6.0,8.0,2.0,2,normal,0
P1__P4__path_1,P1,P4,path_1,0,e10,P1,P4,0.0,2.0,2.0,1,narrow,0
P1__P4__path_2,P1,P4,path_2,0,e08,P1,P2,0.0,2.0,2.0,2,normal,0
P1__P4__path_2,P1,P4,path_2,1,e11,P2,P5,2.0,4.0,2.0,1,narrow,0
P1__P4__path_2,P1,P4,path_2,2,e13,P5,P4,4.0,6.0,2.0,1,narrow,0
P1__P4__path_3,P1,P4,path_3,0,e05,P1,J1,0.0,2.0,2.0,2,normal,0
P1__P4__path_3,P1,P4,path_3,1,e03,J1,J2,2.0,4.0,2.0,2,normal,0
P1__P4__path_3,P1,P4,path_3,2,e06,J2,P2,4.0,6.0,2.0,1,narrow,0
P1__P4__path_3,P1,P4,path_3,3,e11,P2,P5,6.0,8.0,2.0,1,narrow,0
P1__P4__path_3,P1,P4,path_3,4,e13,P5,P4,8.0,10.0,2.0,1,narrow,0
P1__P5__path_1,P1,P5,path_1,0,e08,P1,P2,0.0,2.0,2.0,2,normal,0
P1__P5__path_1,P1,P5,path_1,1,e11,P2,P5,2.0,4.0,2.0,1,narrow,0
P1__P5__path_2,P1,P5,path_2,0,e10,P1,P4,0.0,2.0,2.0,1,narrow,0
P1__P5__path_2,P1,P5,path_2,1,e13,P4,P5,2.0,4.0,2.0,1,narrow,0
P1__P5__path_3,P1,P5,path_3,0,e08,P1,P2,0.0,2.0,2.0,2,normal,0
P1__P5__path_3,P1,P5,path_3,1,e09,P2,P3,2.0,4.0,2.0,2,normal,0
P1__P5__path_3,P1,P5,path_3,2,e12,P3,P6,4.0,6.0,2.0,1,narrow,0
P1__P5__path_3,P1,P5,path_3,3,e14,P6,P5,6.0,8.0,2.0,1,narrow,0
P1__P6__path_1,P1,P6,path_1,0,e08,P1,P2,0.0,2.0,2.0,2,normal,0
P1__P6__path_1,P1,P6,path_1,1,e09,P2,P3,2.0,4.0,2.0,2,normal,0
P1__P6__path_1,P1,P6,path_1,2,e12,P3,P6,4.0,6.0,2.0,1,narrow,0
P1__P6__path_2,P1,P6,path_2,0,e08,P1,P2,0.0,2.0,2.0,2,normal,0
P1__P6__path_2,P1,P6,path_2,1,e11,P2,P5,2.0,4.0,2.0,1,narrow,0
P1__P6__path_2,P1,P6,path_2,2,e14,P5,P6,4.0,6.0,2.0,1,narrow,0
P1__P6__path_3,P1,P6,path_3,0,e10,P1,P4,0.0,2.0,2.0,1,narrow,0
P1__P6__path_3,P1,P6,path_3,1,e13,P4,P5,2.0,4.0,2.0,1,narrow,0
P1__P6__path_3,P1,P6,path_3,2,e14,P5,P6,4.0,6.0,2.0,1,narrow,0
P1__P7__path_1,P1,P7,path_1,0,e10,P1,P4,0.0,2.0,2.0,1,narrow,0
P1__P7__path_1,P1,P7,path_1,1,e15,P4,P7,2.0,4.0,2.0,2,normal,0
P1__P7__path_2,P1,P7,path_2,0,e08,P1,P2,0.0,2.0,2.0,2,normal,0
P1__P7__path_2,P1,P7,path_2,1,e11,P2,P5,2.0,4.0,2.0,1,narrow,0
P1__P7__path_2,P1,P7,path_2,2,e13,P5,P4,4.0,6.0,2.0,1,narrow,0
P1__P7__path_2,P1,P7,path_2,3,e15,P4,P7,6.0,8.0,2.0,2,normal,0
P1__P7__path_3,P1,P7,path_3,0,e08,P1,P2,0.0,2.0,2.0,2,normal,0
P1__P7__path_3,P1,P7,path_3,1,e09,P2,P3,2.0,4.0,2.0,2,normal,0
P1__P7__path_3,P1,P7,path_3,2,e12,P3,P6,4.0,6.0,2.0,1,narrow,0
P1__P7__path_3,P1,P7,path_3,3,e17,P6,P9,6.0,8.0,2.0,2,normal,0
P1__P7__path_3,P1,P7,path_3,4,e19,P9,P8,8.0,10.0,2.0,2,normal,0
P1__P7__path_3,P1,P7,path_3,5,e18,P8,P7,10.0,12.0,2.0,2,normal,0
P1__P8__path_1,P1,P8,path_1,0,e10,P1,P4,0.0,2.0,2.0,1,narrow,0
P1__P8__path_1,P1,P8,path_1,1,e15,P4,P7,2.0,4.0,2.0,2,normal,0
P1__P8__path_1,P1,P8,path_1,2,e18,P7,P8,4.0,6.0,2.0,2,normal,0
P1__P8__path_2,P1,P8,path_2,0,e10,P1,P4,0.0,2.0,2.0,1,narrow,0
P1__P8__path_2,P1,P8,path_2,1,e15,P4,P7,2.0,4.0,2.0,2,normal,0
P1__P8__path_2,P1,P8,path_2,2,e20,P7,SORT1,4.0,7.0,3.0,2,normal,0
P1__P8__path_2,P1,P8,path_2,3,e21,SORT1,P8,7.0,10.0,3.0,2,normal,0
P1__P8__path_3,P1,P8,path_3,0,e08,P1,P2,0.0,2.0,2.0,2,normal,0
P1__P8__path_3,P1,P8,path_3,1,e11,P2,P5,2.0,4.0,2.0,1,narrow,0
P1__P8__path_3,P1,P8,path_3,2,e16,P5,P8,4.0,6.0,2.0,1,dynamic,1
P1__P9__path_1,P1,P9,path_1,0,e08,P1,P2,0.0,2.0,2.0,2,normal,0
P1__P9__path_1,P1,P9,path_1,1,e09,P2,P3,2.0,4.0,2.0,2,normal,0
P1__P9__path_1,P1,P9,path_1,2,e12,P3,P6,4.0,6.0,2.0,1,narrow,0
P1__P9__path_1,P1,P9,path_1,3,e17,P6,P9,6.0,8.0,2.0,2,normal,0
P1__P9__path_2,P1,P9,path_2,0,e10,P1,P4,0.0,2.0,2.0,1,narrow,0
P1__P9__path_2,P1,P9,path_2,1,e15,P4,P7,2.0,4.0,2.0,2,normal,0
P1__P9__path_2,P1,P9,path_2,2,e18,P7,P8,4.0,6.0,2.0,2,normal,0
P1__P9__path_2,P1,P9,path_2,3,e19,P8,P9,6.0,8.0,2.0,2,normal,0
P1__P9__path_3,P1,P9,path_3,0,e08,P1,P2,0.0,2.0,2.0,2,normal,0
P1__P9__path_3,P1,P9,path_3,1,e11,P2,P5,2.0,4.0,2.0,1,narrow,0
P1__P9__path_3,P1,P9,path_3,2,e14,P5,P6,4.0,6.0,2.0,1,narrow,0
P1__P9__path_3,P1,P9,path_3,3,e17,P6,P9,6.0,8.0,2.0,2,normal,0
P1__SORT1__path_1,P1,SORT1,path_1,0,e10,P1,P4,0.0,2.0,2.0,1,narrow,0
P1__SORT1__path_1,P1,SORT1,path_1,1,e15,P4,P7,2.0,4.0,2.0,2,normal,0
P1__SORT1__path_1,P1,SORT1,path_1,2,e20,P7,SORT1,4.0,7.0,3.0,2,normal,0
P1__SORT1__path_2,P1,SORT1,path_2,0,e10,P1,P4,0.0,2.0,2.0,1,narrow,0
P1__SORT1__path_2,P1,SORT1,path_2,1,e15,P4,P7,2.0,4.0,2.0,2,normal,0
P1__SORT1__path_2,P1,SORT1,path_2,2,e18,P7,P8,4.0,6.0,2.0,2,normal,0
P1__SORT1__path_2,P1,SORT1,path_2,3,e21,P8,SORT1,6.0,9.0,3.0,2,normal,0
P1__SORT1__path_3,P1,SORT1,path_3,0,e08,P1,P2,0.0,2.0,2.0,2,normal,0
P1__SORT1__path_3,P1,SORT1,path_3,1,e11,P2,P5,2.0,4.0,2.0,1,narrow,0
P1__SORT1__path_3,P1,SORT1,path_3,2,e13,P5,P4,4.0,6.0,2.0,1,narrow,0
P1__SORT1__path_3,P1,SORT1,path_3,3,e15,P4,P7,6.0,8.0,2.0,2,normal,0
P1__SORT1__path_3,P1,SORT1,path_3,4,e20,P7,SORT1,8.0,11.0,3.0,2,normal,0
P1__SORT2__path_1,P1,SORT2,path_1,0,e10,P1,P4,0.0,2.0,2.0,1,narrow,0
P1__SORT2__path_1,P1,SORT2,path_1,1,e15,P4,P7,2.0,4.0,2.0,2,normal,0
P1__SORT2__path_1,P1,SORT2,path_1,2,e18,P7,P8,4.0,6.0,2.0,2,normal,0
P1__SORT2__path_1,P1,SORT2,path_1,3,e22,P8,SORT2,6.0,9.0,3.0,2,normal,0
P1__SORT2__path_2,P1,SORT2,path_2,0,e08,P1,P2,0.0,2.0,2.0,2,normal,0
P1__SORT2__path_2,P1,SORT2,path_2,1,e09,P2,P3,2.0,4.0,2.0,2,normal,0
P1__SORT2__path_2,P1,SORT2,path_2,2,e12,P3,P6,4.0,6.0,2.0,1,narrow,0
P1__SORT2__path_2,P1,SORT2,path_2,3,e17,P6,P9,6.0,8.0,2.0,2,normal,0
P1__SORT2__path_2,P1,SORT2,path_2,4,e23,P9,SORT2,8.0,11.0,3.0,2,normal,0
P1__SORT2__path_3,P1,SORT2,path_3,0,e10,P1,P4,0.0,2.0,2.0,1,narrow,0
P1__SORT2__path_3,P1,SORT2,path_3,1,e15,P4,P7,2.0,4.0,2.0,2,normal,0
P1__SORT2__path_3,P1,SORT2,path_3,2,e18,P7,P8,4.0,6.0,2.0,2,normal,0
P1__SORT2__path_3,P1,SORT2,path_3,3,e19,P8,P9,6.0,8.0,2.0,2,normal,0
P1__SORT2__path_3,P1,SORT2,path_3,4,e23,P9,SORT2,8.0,11.0,3.0,2,normal,0
P1__SORT2__path_4,P1,SORT2,path_4,0,e08,P1,P2,0.0,2.0,2.0,2,normal,0
P1__SORT2__path_4,P1,SORT2,path_4,1,e11,P2,P5,2.0,4.0,2.0,1,narrow,0
P1__SORT2__path_4,P1,SORT2,path_4,2,e16,P5,P8,4.0,6.0,2.0,1,dynamic,1
P1__SORT2__path_4,P1,SORT2,path_4,3,e22,P8,SORT2,6.0,9.0,3.0,2,normal,0
P1__OUT1__path_1,P1,OUT1,path_1,0,e10,P1,P4,0.0,2.0,2.0,1,narrow,0
P1__OUT1__path_1,P1,OUT1,path_1,1,e15,P4,P7,2.0,4.0,2.0,2,normal,0
P1__OUT1__path_1,P1,OUT1,path_1,2,e20,P7,SORT1,4.0,7.0,3.0,2,normal,0
P1__OUT1__path_1,P1,OUT1,path_1,3,e24,SORT1,OUT1,7.0,9.0,2.0,1,oneway,0
P1__OUT1__path_2,P1,OUT1,path_2,0,e10,P1,P4,0.0,2.0,2.0,1,narrow,0
P1__OUT1__path_2,P1,OUT1,path_2,1,e15,P4,P7,2.0,4.0,2.0,2,normal,0
P1__OUT1__path_2,P1,OUT1,path_2,2,e18,P7,P8,4.0,6.0,2.0,2,normal,0
P1__OUT1__path_2,P1,OUT1,path_2,3,e21,P8,SORT1,6.0,9.0,3.0,2,normal,0
P1__OUT1__path_2,P1,OUT1,path_2,4,e24,SORT1,OUT1,9.0,11.0,2.0,1,oneway,0
P1__OUT1__path_3,P1,OUT1,path_3,0,e08,P1,P2,0.0,2.0,2.0,2,normal,0
P1__OUT1__path_3,P1,OUT1,path_3,1,e11,P2,P5,2.0,4.0,2.0,1,narrow,0
P1__OUT1__path_3,P1,OUT1,path_3,2,e13,P5,P4,4.0,6.0,2.0,1,narrow,0
P1__OUT1__path_3,P1,OUT1,path_3,3,e15,P4,P7,6.0,8.0,2.0,2,normal,0
P1__OUT1__path_3,P1,OUT1,path_3,4,e20,P7,SORT1,8.0,11.0,3.0,2,normal,0
P1__OUT1__path_3,P1,OUT1,path_3,5,e24,SORT1,OUT1,11.0,13.0,2.0,1,oneway,0
P1__OUT2__path_1,P1,OUT2,path_1,0,e10,P1,P4,0.0,2.0,2.0,1,narrow,0
P1__OUT2__path_1,P1,OUT2,path_1,1,e15,P4,P7,2.0,4.0,2.0,2,normal,0
P1__OUT2__path_1,P1,OUT2,path_1,2,e18,P7,P8,4.0,6.0,2.0,2,normal,0
P1__OUT2__path_1,P1,OUT2,path_1,3,e22,P8,SORT2,6.0,9.0,3.0,2,normal,0
P1__OUT2__path_1,P1,OUT2,path_1,4,e25,SORT2,OUT2,9.0,11.0,2.0,1,oneway,0
P1__OUT2__path_2,P1,OUT2,path_2,0,e08,P1,P2,0.0,2.0,2.0,2,normal,0
P1__OUT2__path_2,P1,OUT2,path_2,1,e09,P2,P3,2.0,4.0,2.0,2,normal,0
P1__OUT2__path_2,P1,OUT2,path_2,2,e12,P3,P6,4.0,6.0,2.0,1,narrow,0
P1__OUT2__path_2,P1,OUT2,path_2,3,e17,P6,P9,6.0,8.0,2.0,2,normal,0
P1__OUT2__path_2,P1,OUT2,path_2,4,e23,P9,SORT2,8.0,11.0,3.0,2,normal,0
P1__OUT2__path_2,P1,OUT2,path_2,5,e25,SORT2,OUT2,11.0,13.0,2.0,1,oneway,0
P1__OUT2__path_3,P1,OUT2,path_3,0,e10,P1,P4,0.0,2.0,2.0,1,narrow,0
P1__OUT2__path_3,P1,OUT2,path_3,1,e15,P4,P7,2.0,4.0,2.0,2,normal,0
P1__OUT2__path_3,P1,OUT2,path_3,2,e18,P7,P8,4.0,6.0,2.0,2,normal,0
P1__OUT2__path_3,P1,OUT2,path_3,3,e19,P8,P9,6.0,8.0,2.0,2,normal,0
P1__OUT2__path_3,P1,OUT2,path_3,4,e23,P9,SORT2,8.0,11.0,3.0,2,normal,0
P1__OUT2__path_3,P1,OUT2,path_3,5,e25,SORT2,OUT2,11.0,13.0,2.0,1,oneway,0
P1__OUT2__path_4,P1,OUT2,path_4,0,e08,P1,P2,0.0,2.0,2.0,2,normal,0
P1__OUT2__path_4,P1,OUT2,path_4,1,e11,P2,P5,2.0,4.0,2.0,1,narrow,0
P1__OUT2__path_4,P1,OUT2,path_4,2,e16,P5,P8,4.0,6.0,2.0,1,dynamic,1
P1__OUT2__path_4,P1,OUT2,path_4,3,e22,P8,SORT2,6.0,9.0,3.0,2,normal,0
P1__OUT2__path_4,P1,OUT2,path_4,4,e25,SORT2,OUT2,9.0,11.0,2.0,1,oneway,0
P1__CHG1__path_1,P1,CHG1,path_1,0,e05,P1,J1,0.0,2.0,2.0,2,normal,0
P1__CHG1__path_1,P1,CHG1,path_1,1,e26,J1,CHG1,2.0,4.0,2.0,1,normal,0
P1__CHG1__path_2,P1,CHG1,path_2,0,e08,P1,P2,0.0,2.0,2.0,2,normal,0
P1__CHG1__path_2,P1,CHG1,path_2,1,e06,P2,J2,2.0,4.0,2.0,1,narrow,0
P1__CHG1__path_2,P1,CHG1,path_2,2,e03,J2,J1,4.0,6.0,2.0,2,normal,0
P1__CHG1__path_2,P1,CHG1,path_2,3,e26,J1,CHG1,6.0,8.0,2.0,1,normal,0
P1__CHG1__path_3,P1,CHG1,path_3,0,e08,P1,P2,0.0,2.0,2.0,2,normal,0
P1__CHG1__path_3,P1,CHG1,path_3,1,e09,P2,P3,2.0,4.0,2.0,2,normal,0
P1__CHG1__path_3,P1,CHG1,path_3,2,e07,P3,J3,4.0,6.0,2.0,2,normal,0
P1__CHG1__path_3,P1,CHG1,path_3,3,e04,J3,J2,6.0,8.0,2.0,2,normal,0
P1__CHG1__path_3,P1,CHG1,path_3,4,e03,J2,J1,8.0,10.0,2.0,2,normal,0
P1__CHG1__path_3,P1,CHG1,path_3,5,e26,J1,CHG1,10.0,12.0,2.0,1,normal,0
P1__CHG2__path_1,P1,CHG2,path_1,0,e10,P1,P4,0.0,2.0,2.0,1,narrow,0
P1__CHG2__path_1,P1,CHG2,path_1,1,e15,P4,P7,2.0,4.0,2.0,2,normal,0
P1__CHG2__path_1,P1,CHG2,path_1,2,e27,P7,CHG2,4.0,6.0,2.0,1,normal,0
P1__CHG2__path_2,P1,CHG2,path_2,0,e08,P1,P2,0.0,2.0,2.0,2,normal,0
P1__CHG2__path_2,P1,CHG2,path_2,1,e11,P2,P5,2.0,4.0,2.0,1,narrow,0
P1__CHG2__path_2,P1,CHG2,path_2,2,e13,P5,P4,4.0,6.0,2.0,1,narrow,0
P1__CHG2__path_2,P1,CHG2,path_2,3,e15,P4,P7,6.0,8.0,2.0,2,normal,0
P1__CHG2__path_2,P1,CHG2,path_2,4,e27,P7,CHG2,8.0,10.0,2.0,1,normal,0
P1__CHG2__path_3,P1,CHG2,path_3,0,e08,P1,P2,0.0,2.0,2.0,2,normal,0
P1__CHG2__path_3,P1,CHG2,path_3,1,e09,P2,P3,2.0,4.0,2.0,2,normal,0
P1__CHG2__path_3,P1,CHG2,path_3,2,e12,P3,P6,4.0,6.0,2.0,1,narrow,0
P1__CHG2__path_3,P1,CHG2,path_3,3,e17,P6,P9,6.0,8.0,2.0,2,normal,0
P1__CHG2__path_3,P1,CHG2,path_3,4,e19,P9,P8,8.0,10.0,2.0,2,normal,0
P1__CHG2__path_3,P1,CHG2,path_3,5,e18,P8,P7,10.0,12.0,2.0,2,normal,0
P1__CHG2__path_3,P1,CHG2,path_3,6,e27,P7,CHG2,12.0,14.0,2.0,1,normal,0
P2__IN1__path_1,P2,IN1,path_1,0,e08,P2,P1,0.0,2.0,2.0,2,normal,0
P2__IN1__path_1,P2,IN1,path_1,1,e05,P1,J1,2.0,4.0,2.0,2,normal,0
P2__IN1__path_1,P2,IN1,path_1,2,e01,J1,IN1,4.0,6.0,2.0,2,normal,0
P2__IN1__path_2,P2,IN1,path_2,0,e06,P2,J2,0.0,2.0,2.0,1,narrow,0
P2__IN1__path_2,P2,IN1,path_2,1,e03,J2,J1,2.0,4.0,2.0,2,normal,0
P2__IN1__path_2,P2,IN1,path_2,2,e01,J1,IN1,4.0,6.0,2.0,2,normal,0
P2__IN1__path_3,P2,IN1,path_3,0,e09,P2,P3,0.0,2.0,2.0,2,normal,0
P2__IN1__path_3,P2,IN1,path_3,1,e07,P3,J3,2.0,4.0,2.0,2,normal,0
P2__IN1__path_3,P2,IN1,path_3,2,e04,J3,J2,4.0,6.0,2.0,2,normal,0
P2__IN1__path_3,P2,IN1,path_3,3,e03,J2,J1,6.0,8.0,2.0,2,normal,0
P2__IN1__path_3,P2,IN1,path_3,4,e01,J1,IN1,8.0,10.0,2.0,2,normal,0
P2__IN2__path_1,P2,IN2,path_1,0,e09,P2,P3,0.0,2.0,2.0,2,normal,0
P2__IN2__path_1,P2,IN2,path_1,1,e07,P3,J3,2.0,4.0,2.0,2,normal,0
P2__IN2__path_1,P2,IN2,path_1,2,e02,J3,IN2,4.0,6.0,2.0,2,normal,0
P2__IN2__path_2,P2,IN2,path_2,0,e06,P2,J2,0.0,2.0,2.0,1,narrow,0
P2__IN2__path_2,P2,IN2,path_2,1,e04,J2,J3,2.0,4.0,2.0,2,normal,0
P2__IN2__path_2,P2,IN2,path_2,2,e02,J3,IN2,4.0,6.0,2.0,2,normal,0
P2__IN2__path_3,P2,IN2,path_3,0,e08,P2,P1,0.0,2.0,2.0,2,normal,0
P2__IN2__path_3,P2,IN2,path_3,1,e05,P1,J1,2.0,4.0,2.0,2,normal,0
P2__IN2__path_3,P2,IN2,path_3,2,e03,J1,J2,4.0,6.0,2.0,2,normal,0
P2__IN2__path_3,P2,IN2,path_3,3,e04,J2,J3,6.0,8.0,2.0,2,normal,0
P2__IN2__path_3,P2,IN2,path_3,4,e02,J3,IN2,8.0,10.0,2.0,2,normal,0
P2__P1__path_1,P2,P1,path_1,0,e08,P2,P1,0.0,2.0,2.0,2,normal,0
P2__P1__path_2,P2,P1,path_2,0,e06,P2,J2,0.0,2.0,2.0,1,narrow,0
P2__P1__path_2,P2,P1,path_2,1,e03,J2,J1,2.0,4.0,2.0,2,normal,0
P2__P1__path_2,P2,P1,path_2,2,e05,J1,P1,4.0,6.0,2.0,2,normal,0
P2__P1__path_3,P2,P1,path_3,0,e11,P2,P5,0.0,2.0,2.0,1,narrow,0
P2__P1__path_3,P2,P1,path_3,1,e13,P5,P4,2.0,4.0,2.0,1,narrow,0
P2__P1__path_3,P2,P1,path_3,2,e10,P4,P1,4.0,6.0,2.0,1,narrow,0
P2__P3__path_1,P2,P3,path_1,0,e09,P2,P3,0.0,2.0,2.0,2,normal,0
P2__P3__path_2,P2,P3,path_2,0,e06,P2,J2,0.0,2.0,2.0,1,narrow,0
P2__P3__path_2,P2,P3,path_2,1,e04,J2,J3,2.0,4.0,2.0,2,normal,0
P2__P3__path_2,P2,P3,path_2,2,e07,J3,P3,4.0,6.0,2.0,2,normal,0
P2__P3__path_3,P2,P3,path_3,0,e11,P2,P5,0.0,2.0,2.0,1,narrow,0
P2__P3__path_3,P2,P3,path_3,1,e14,P5,P6,2.0,4.0,2.0,1,narrow,0
P2__P3__path_3,P2,P3,path_3,2,e12,P6,P3,4.0,6.0,2.0,1,narrow,0
P2__P4__path_1,P2,P4,path_1,0,e08,P2,P1,0.0,2.0,2.0,2,normal,0
P2__P4__path_1,P2,P4,path_1,1,e10,P1,P4,2.0,4.0,2.0,1,narrow,0
P2__P4__path_2,P2,P4,path_2,0,e11,P2,P5,0.0,2.0,2.0,1,narrow,0
P2__P4__path_2,P2,P4,path_2,1,e13,P5,P4,2.0,4.0,2.0,1,narrow,0
P2__P4__path_3,P2,P4,path_3,0,e06,P2,J2,0.0,2.0,2.0,1,narrow,0
P2__P4__path_3,P2,P4,path_3,1,e03,J2,J1,2.0,4.0,2.0,2,normal,0
P2__P4__path_3,P2,P4,path_3,2,e05,J1,P1,4.0,6.0,2.0,2,normal,0
P2__P4__path_3,P2,P4,path_3,3,e10,P1,P4,6.0,8.0,2.0,1,narrow,0
P2__P5__path_1,P2,P5,path_1,0,e11,P2,P5,0.0,2.0,2.0,1,narrow,0
P2__P5__path_2,P2,P5,path_2,0,e08,P2,P1,0.0,2.0,2.0,2,normal,0
P2__P5__path_2,P2,P5,path_2,1,e10,P1,P4,2.0,4.0,2.0,1,narrow,0
P2__P5__path_2,P2,P5,path_2,2,e13,P4,P5,4.0,6.0,2.0,1,narrow,0
P2__P5__path_3,P2,P5,path_3,0,e09,P2,P3,0.0,2.0,2.0,2,normal,0
P2__P5__path_3,P2,P5,path_3,1,e12,P3,P6,2.0,4.0,2.0,1,narrow,0
P2__P5__path_3,P2,P5,path_3,2,e14,P6,P5,4.0,6.0,2.0,1,narrow,0
P2__P6__path_1,P2,P6,path_1,0,e09,P2,P3,0.0,2.0,2.0,2,normal,0
P2__P6__path_1,P2,P6,path_1,1,e12,P3,P6,2.0,4.0,2.0,1,narrow,0
P2__P6__path_2,P2,P6,path_2,0,e11,P2,P5,0.0,2.0,2.0,1,narrow,0
P2__P6__path_2,P2,P6,path_2,1,e14,P5,P6,2.0,4.0,2.0,1,narrow,0
P2__P6__path_3,P2,P6,path_3,0,e06,P2,J2,0.0,2.0,2.0,1,narrow,0
P2__P6__path_3,P2,P6,path_3,1,e04,J2,J3,2.0,4.0,2.0,2,normal,0
P2__P6__path_3,P2,P6,path_3,2,e07,J3,P3,4.0,6.0,2.0,2,normal,0
P2__P6__path_3,P2,P6,path_3,3,e12,P3,P6,6.0,8.0,2.0,1,narrow,0
P2__P7__path_1,P2,P7,path_1,0,e08,P2,P1,0.0,2.0,2.0,2,normal,0
P2__P7__path_1,P2,P7,path_1,1,e10,P1,P4,2.0,4.0,2.0,1,narrow,0
P2__P7__path_1,P2,P7,path_1,2,e15,P4,P7,4.0,6.0,2.0,2,normal,0
P2__P7__path_2,P2,P7,path_2,0,e11,P2,P5,0.0,2.0,2.0,1,narrow,0
P2__P7__path_2,P2,P7,path_2,1,e13,P5,P4,2.0,4.0,2.0,1,narrow,0
P2__P7__path_2,P2,P7,path_2,2,e15,P4,P7,4.0,6.0,2.0,2,normal,0
P2__P7__path_3,P2,P7,path_3,0,e09,P2,P3,0.0,2.0,2.0,2,normal,0
P2__P7__path_3,P2,P7,path_3,1,e12,P3,P6,2.0,4.0,2.0,1,narrow,0
P2__P7__path_3,P2,P7,path_3,2,e17,P6,P9,4.0,6.0,2.0,2,normal,0
P2__P7__path_3,P2,P7,path_3,3,e19,P9,P8,6.0,8.0,2.0,2,normal,0
P2__P7__path_3,P2,P7,path_3,4,e18,P8,P7,8.0,10.0,2.0,2,normal,0
P2__P8__path_1,P2,P8,path_1,0,e11,P2,P5,0.0,2.0,2.0,1,narrow,0
P2__P8__path_1,P2,P8,path_1,1,e16,P5,P8,2.0,4.0,2.0,1,dynamic,1
P2__P8__path_2,P2,P8,path_2,0,e08,P2,P1,0.0,2.0,2.0,2,normal,0
P2__P8__path_2,P2,P8,path_2,1,e10,P1,P4,2.0,4.0,2.0,1,narrow,0
P2__P8__path_2,P2,P8,path_2,2,e15,P4,P7,4.0,6.0,2.0,2,normal,0
P2__P8__path_2,P2,P8,path_2,3,e18,P7,P8,6.0,8.0,2.0,2,normal,0
P2__P8__path_3,P2,P8,path_3,0,e09,P2,P3,0.0,2.0,2.0,2,normal,0
P2__P8__path_3,P2,P8,path_3,1,e12,P3,P6,2.0,4.0,2.0,1,narrow,0
P2__P8__path_3,P2,P8,path_3,2,e17,P6,P9,4.0,6.0,2.0,2,normal,0
P2__P8__path_3,P2,P8,path_3,3,e19,P9,P8,6.0,8.0,2.0,2,normal,0
P2__P9__path_1,P2,P9,path_1,0,e09,P2,P3,0.0,2.0,2.0,2,normal,0
P2__P9__path_1,P2,P9,path_1,1,e12,P3,P6,2.0,4.0,2.0,1,narrow,0
P2__P9__path_1,P2,P9,path_1,2,e17,P6,P9,4.0,6.0,2.0,2,normal,0
P2__P9__path_2,P2,P9,path_2,0,e11,P2,P5,0.0,2.0,2.0,1,narrow,0
P2__P9__path_2,P2,P9,path_2,1,e14,P5,P6,2.0,4.0,2.0,1,narrow,0
P2__P9__path_2,P2,P9,path_2,2,e17,P6,P9,4.0,6.0,2.0,2,normal,0
P2__P9__path_3,P2,P9,path_3,0,e08,P2,P1,0.0,2.0,2.0,2,normal,0
P2__P9__path_3,P2,P9,path_3,1,e10,P1,P4,2.0,4.0,2.0,1,narrow,0
P2__P9__path_3,P2,P9,path_3,2,e15,P4,P7,4.0,6.0,2.0,2,normal,0
P2__P9__path_3,P2,P9,path_3,3,e18,P7,P8,6.0,8.0,2.0,2,normal,0
P2__P9__path_3,P2,P9,path_3,4,e19,P8,P9,8.0,10.0,2.0,2,normal,0
P2__SORT1__path_1,P2,SORT1,path_1,0,e08,P2,P1,0.0,2.0,2.0,2,normal,0
P2__SORT1__path_1,P2,SORT1,path_1,1,e10,P1,P4,2.0,4.0,2.0,1,narrow,0
P2__SORT1__path_1,P2,SORT1,path_1,2,e15,P4,P7,4.0,6.0,2.0,2,normal,0
P2__SORT1__path_1,P2,SORT1,path_1,3,e20,P7,SORT1,6.0,9.0,3.0,2,normal,0
P2__SORT1__path_2,P2,SORT1,path_2,0,e11,P2,P5,0.0,2.0,2.0,1,narrow,0
P2__SORT1__path_2,P2,SORT1,path_2,1,e16,P5,P8,2.0,4.0,2.0,1,dynamic,1
P2__SORT1__path_2,P2,SORT1,path_2,2,e21,P8,SORT1,4.0,7.0,3.0,2,normal,0
P2__SORT1__path_3,P2,SORT1,path_3,0,e11,P2,P5,0.0,2.0,2.0,1,narrow,0
P2__SORT1__path_3,P2,SORT1,path_3,1,e13,P5,P4,2.0,4.0,2.0,1,narrow,0
P2__SORT1__path_3,P2,SORT1,path_3,2,e15,P4,P7,4.0,6.0,2.0,2,normal,0
P2__SORT1__path_3,P2,SORT1,path_3,3,e20,P7,SORT1,6.0,9.0,3.0,2,normal,0
P2__SORT1__path_4,P2,SORT1,path_4,0,e08,P2,P1,0.0,2.0,2.0,2,normal,0
P2__SORT1__path_4,P2,SORT1,path_4,1,e10,P1,P4,2.0,4.0,2.0,1,narrow,0
P2__SORT1__path_4,P2,SORT1,path_4,2,e15,P4,P7,4.0,6.0,2.0,2,normal,0
P2__SORT1__path_4,P2,SORT1,path_4,3,e18,P7,P8,6.0,8.0,2.0,2,normal,0
P2__SORT1__path_4,P2,SORT1,path_4,4,e21,P8,SORT1,8.0,11.0,3.0,2,normal,0
P2__SORT2__path_1,P2,SORT2,path_1,0,e09,P2,P3,0.0,2.0,2.0,2,normal,0
P2__SORT2__path_1,P2,SORT2,path_1,1,e12,P3,P6,2.0,4.0,2.0,1,narrow,0
P2__SORT2__path_1,P2,SORT2,path_1,2,e17,P6,P9,4.0,6.0,2.0,2,normal,0
P2__SORT2__path_1,P2,SORT2,path_1,3,e23,P9,SORT2,6.0,9.0,3.0,2,normal,0
P2__SORT2__path_2,P2,SORT2,path_2,0,e11,P2,P5,0.0,2.0,2.0,1,narrow,0
P2__SORT2__path_2,P2,SORT2,path_2,1,e16,P5,P8,2.0,4.0,2.0,1,dynamic,1
P2__SORT2__path_2,P2,SORT2,path_2,2,e22,P8,SORT2,4.0,7.0,3.0,2,normal,0
P2__SORT2__path_3,P2,SORT2,path_3,0,e11,P2,P5,0.0,2.0,2.0,1,narrow,0
P2__SORT2__path_3,P2,SORT2,path_3,1,e14,P5,P6,2.0,4.0,2.0,1,narrow,0
P2__SORT2__path_3,P2,SORT2,path_3,2,e17,P6,P9,4.0,6.0,2.0,2,normal,0
P2__SORT2__path_3,P2,SORT2,path_3,3,e23,P9,SORT2,6.0,9.0,3.0,2,normal,0
P2__SORT2__path_4,P2,SORT2,path_4,0,e09,P2,P3,0.0,2.0,2.0,2,normal,0
P2__SORT2__path_4,P2,SORT2,path_4,1,e12,P3,P6,2.0,4.0,2.0,1,narrow,0
P2__SORT2__path_4,P2,SORT2,path_4,2,e17,P6,P9,4.0,6.0,2.0,2,normal,0
P2__SORT2__path_4,P2,SORT2,path_4,3,e19,P9,P8,6.0,8.0,2.0,2,normal,0
P2__SORT2__path_4,P2,SORT2,path_4,4,e22,P8,SORT2,8.0,11.0,3.0,2,normal,0
P2__OUT1__path_1,P2,OUT1,path_1,0,e08,P2,P1,0.0,2.0,2.0,2,normal,0
P2__OUT1__path_1,P2,OUT1,path_1,1,e10,P1,P4,2.0,4.0,2.0,1,narrow,0
P2__OUT1__path_1,P2,OUT1,path_1,2,e15,P4,P7,4.0,6.0,2.0,2,normal,0
P2__OUT1__path_1,P2,OUT1,path_1,3,e20,P7,SORT1,6.0,9.0,3.0,2,normal,0
P2__OUT1__path_1,P2,OUT1,path_1,4,e24,SORT1,OUT1,9.0,11.0,2.0,1,oneway,0
P2__OUT1__path_2,P2,OUT1,path_2,0,e11,P2,P5,0.0,2.0,2.0,1,narrow,0
P2__OUT1__path_2,P2,OUT1,path_2,1,e16,P5,P8,2.0,4.0,2.0,1,dynamic,1
P2__OUT1__path_2,P2,OUT1,path_2,2,e21,P8,SORT1,4.0,7.0,3.0,2,normal,0
P2__OUT1__path_2,P2,OUT1,path_2,3,e24,SORT1,OUT1,7.0,9.0,2.0,1,oneway,0
P2__OUT1__path_3,P2,OUT1,path_3,0,e11,P2,P5,0.0,2.0,2.0,1,narrow,0
P2__OUT1__path_3,P2,OUT1,path_3,1,e13,P5,P4,2.0,4.0,2.0,1,narrow,0
P2__OUT1__path_3,P2,OUT1,path_3,2,e15,P4,P7,4.0,6.0,2.0,2,normal,0
P2__OUT1__path_3,P2,OUT1,path_3,3,e20,P7,SORT1,6.0,9.0,3.0,2,normal,0
P2__OUT1__path_3,P2,OUT1,path_3,4,e24,SORT1,OUT1,9.0,11.0,2.0,1,oneway,0
P2__OUT1__path_4,P2,OUT1,path_4,0,e08,P2,P1,0.0,2.0,2.0,2,normal,0
P2__OUT1__path_4,P2,OUT1,path_4,1,e10,P1,P4,2.0,4.0,2.0,1,narrow,0
P2__OUT1__path_4,P2,OUT1,path_4,2,e15,P4,P7,4.0,6.0,2.0,2,normal,0
P2__OUT1__path_4,P2,OUT1,path_4,3,e18,P7,P8,6.0,8.0,2.0,2,normal,0
P2__OUT1__path_4,P2,OUT1,path_4,4,e21,P8,SORT1,8.0,11.0,3.0,2,normal,0
P2__OUT1__path_4,P2,OUT1,path_4,5,e24,SORT1,OUT1,11.0,13.0,2.0,1,oneway,0
P2__OUT2__path_1,P2,OUT2,path_1,0,e09,P2,P3,0.0,2.0,2.0,2,normal,0
P2__OUT2__path_1,P2,OUT2,path_1,1,e12,P3,P6,2.0,4.0,2.0,1,narrow,0
P2__OUT2__path_1,P2,OUT2,path_1,2,e17,P6,P9,4.0,6.0,2.0,2,normal,0
P2__OUT2__path_1,P2,OUT2,path_1,3,e23,P9,SORT2,6.0,9.0,3.0,2,normal,0
P2__OUT2__path_1,P2,OUT2,path_1,4,e25,SORT2,OUT2,9.0,11.0,2.0,1,oneway,0
P2__OUT2__path_2,P2,OUT2,path_2,0,e11,P2,P5,0.0,2.0,2.0,1,narrow,0
P2__OUT2__path_2,P2,OUT2,path_2,1,e16,P5,P8,2.0,4.0,2.0,1,dynamic,1
P2__OUT2__path_2,P2,OUT2,path_2,2,e22,P8,SORT2,4.0,7.0,3.0,2,normal,0
P2__OUT2__path_2,P2,OUT2,path_2,3,e25,SORT2,OUT2,7.0,9.0,2.0,1,oneway,0
P2__OUT2__path_3,P2,OUT2,path_3,0,e11,P2,P5,0.0,2.0,2.0,1,narrow,0
P2__OUT2__path_3,P2,OUT2,path_3,1,e14,P5,P6,2.0,4.0,2.0,1,narrow,0
P2__OUT2__path_3,P2,OUT2,path_3,2,e17,P6,P9,4.0,6.0,2.0,2,normal,0
P2__OUT2__path_3,P2,OUT2,path_3,3,e23,P9,SORT2,6.0,9.0,3.0,2,normal,0
P2__OUT2__path_3,P2,OUT2,path_3,4,e25,SORT2,OUT2,9.0,11.0,2.0,1,oneway,0
P2__OUT2__path_4,P2,OUT2,path_4,0,e09,P2,P3,0.0,2.0,2.0,2,normal,0
P2__OUT2__path_4,P2,OUT2,path_4,1,e12,P3,P6,2.0,4.0,2.0,1,narrow,0
P2__OUT2__path_4,P2,OUT2,path_4,2,e17,P6,P9,4.0,6.0,2.0,2,normal,0
P2__OUT2__path_4,P2,OUT2,path_4,3,e19,P9,P8,6.0,8.0,2.0,2,normal,0
P2__OUT2__path_4,P2,OUT2,path_4,4,e22,P8,SORT2,8.0,11.0,3.0,2,normal,0
P2__OUT2__path_4,P2,OUT2,path_4,5,e25,SORT2,OUT2,11.0,13.0,2.0,1,oneway,0
P2__CHG1__path_1,P2,CHG1,path_1,0,e08,P2,P1,0.0,2.0,2.0,2,normal,0
P2__CHG1__path_1,P2,CHG1,path_1,1,e05,P1,J1,2.0,4.0,2.0,2,normal,0
P2__CHG1__path_1,P2,CHG1,path_1,2,e26,J1,CHG1,4.0,6.0,2.0,1,normal,0
P2__CHG1__path_2,P2,CHG1,path_2,0,e06,P2,J2,0.0,2.0,2.0,1,narrow,0
P2__CHG1__path_2,P2,CHG1,path_2,1,e03,J2,J1,2.0,4.0,2.0,2,normal,0
P2__CHG1__path_2,P2,CHG1,path_2,2,e26,J1,CHG1,4.0,6.0,2.0,1,normal,0
P2__CHG1__path_3,P2,CHG1,path_3,0,e09,P2,P3,0.0,2.0,2.0,2,normal,0
P2__CHG1__path_3,P2,CHG1,path_3,1,e07,P3,J3,2.0,4.0,2.0,2,normal,0
P2__CHG1__path_3,P2,CHG1,path_3,2,e04,J3,J2,4.0,6.0,2.0,2,normal,0
P2__CHG1__path_3,P2,CHG1,path_3,3,e03,J2,J1,6.0,8.0,2.0,2,normal,0
P2__CHG1__path_3,P2,CHG1,path_3,4,e26,J1,CHG1,8.0,10.0,2.0,1,normal,0
P2__CHG2__path_1,P2,CHG2,path_1,0,e08,P2,P1,0.0,2.0,2.0,2,normal,0
P2__CHG2__path_1,P2,CHG2,path_1,1,e10,P1,P4,2.0,4.0,2.0,1,narrow,0
P2__CHG2__path_1,P2,CHG2,path_1,2,e15,P4,P7,4.0,6.0,2.0,2,normal,0
P2__CHG2__path_1,P2,CHG2,path_1,3,e27,P7,CHG2,6.0,8.0,2.0,1,normal,0
P2__CHG2__path_2,P2,CHG2,path_2,0,e11,P2,P5,0.0,2.0,2.0,1,narrow,0
P2__CHG2__path_2,P2,CHG2,path_2,1,e13,P5,P4,2.0,4.0,2.0,1,narrow,0
P2__CHG2__path_2,P2,CHG2,path_2,2,e15,P4,P7,4.0,6.0,2.0,2,normal,0
P2__CHG2__path_2,P2,CHG2,path_2,3,e27,P7,CHG2,6.0,8.0,2.0,1,normal,0
P2__CHG2__path_3,P2,CHG2,path_3,0,e09,P2,P3,0.0,2.0,2.0,2,normal,0
P2__CHG2__path_3,P2,CHG2,path_3,1,e12,P3,P6,2.0,4.0,2.0,1,narrow,0
P2__CHG2__path_3,P2,CHG2,path_3,2,e17,P6,P9,4.0,6.0,2.0,2,normal,0
P2__CHG2__path_3,P2,CHG2,path_3,3,e19,P9,P8,6.0,8.0,2.0,2,normal,0
P2__CHG2__path_3,P2,CHG2,path_3,4,e18,P8,P7,8.0,10.0,2.0,2,normal,0
P2__CHG2__path_3,P2,CHG2,path_3,5,e27,P7,CHG2,10.0,12.0,2.0,1,normal,0
P3__IN1__path_1,P3,IN1,path_1,0,e09,P3,P2,0.0,2.0,2.0,2,normal,0
P3__IN1__path_1,P3,IN1,path_1,1,e08,P2,P1,2.0,4.0,2.0,2,normal,0
P3__IN1__path_1,P3,IN1,path_1,2,e05,P1,J1,4.0,6.0,2.0,2,normal,0
P3__IN1__path_1,P3,IN1,path_1,3,e01,J1,IN1,6.0,8.0,2.0,2,normal,0
P3__IN1__path_2,P3,IN1,path_2,0,e07,P3,J3,0.0,2.0,2.0,2,normal,0
P3__IN1__path_2,P3,IN1,path_2,1,e04,J3,J2,2.0,4.0,2.0,2,normal,0
P3__IN1__path_2,P3,IN1,path_2,2,e03,J2,J1,4.0,6.0,2.0,2,normal,0
P3__IN1__path_2,P3,IN1,path_2,3,e01,J1,IN1,6.0,8.0,2.0,2,normal,0
P3__IN1__path_3,P3,IN1,path_3,0,e09,P3,P2,0.0,2.0,2.0,2,normal,0
P3__IN1__path_3,P3,IN1,path_3,1,e06,P2,J2,2.0,4.0,2.0,1,narrow,0
P3__IN1__path_3,P3,IN1,path_3,2,e03,J2,J1,4.0,6.0,2.0,2,normal,0
P3__IN1__path_3,P3,IN1,path_3,3,e01,J1,IN1,6.0,8.0,2.0,2,normal,0
P3__IN2__path_1,P3,IN2,path_1,0,e07,P3,J3,0.0,2.0,2.0,2,normal,0
P3__IN2__path_1,P3,IN2,path_1,1,e02,J3,IN2,2.0,4.0,2.0,2,normal,0
P3__IN2__path_2,P3,IN2,path_2,0,e09,P3,P2,0.0,2.0,2.0,2,normal,0
P3__IN2__path_2,P3,IN2,path_2,1,e06,P2,J2,2.0,4.0,2.0,1,narrow,0
P3__IN2__path_2,P3,IN2,path_2,2,e04,J2,J3,4.0,6.0,2.0,2,normal,0
P3__IN2__path_2,P3,IN2,path_2,3,e02,J3,IN2,6.0,8.0,2.0,2,normal,0
P3__IN2__path_3,P3,IN2,path_3,0,e09,P3,P2,0.0,2.0,2.0,2,normal,0
P3__IN2__path_3,P3,IN2,path_3,1,e08,P2,P1,2.0,4.0,2.0,2,normal,0
P3__IN2__path_3,P3,IN2,path_3,2,e05,P1,J1,4.0,6.0,2.0,2,normal,0
P3__IN2__path_3,P3,IN2,path_3,3,e03,J1,J2,6.0,8.0,2.0,2,normal,0
P3__IN2__path_3,P3,IN2,path_3,4,e04,J2,J3,8.0,10.0,2.0,2,normal,0
P3__IN2__path_3,P3,IN2,path_3,5,e02,J3,IN2,10.0,12.0,2.0,2,normal,0
P3__P1__path_1,P3,P1,path_1,0,e09,P3,P2,0.0,2.0,2.0,2,normal,0
P3__P1__path_1,P3,P1,path_1,1,e08,P2,P1,2.0,4.0,2.0,2,normal,0
P3__P1__path_2,P3,P1,path_2,0,e07,P3,J3,0.0,2.0,2.0,2,normal,0
P3__P1__path_2,P3,P1,path_2,1,e04,J3,J2,2.0,4.0,2.0,2,normal,0
P3__P1__path_2,P3,P1,path_2,2,e03,J2,J1,4.0,6.0,2.0,2,normal,0
P3__P1__path_2,P3,P1,path_2,3,e05,J1,P1,6.0,8.0,2.0,2,normal,0
P3__P1__path_3,P3,P1,path_3,0,e09,P3,P2,0.0,2.0,2.0,2,normal,0
P3__P1__path_3,P3,P1,path_3,1,e06,P2,J2,2.0,4.0,2.0,1,narrow,0
P3__P1__path_3,P3,P1,path_3,2,e03,J2,J1,4.0,6.0,2.0,2,normal,0
P3__P1__path_3,P3,P1,path_3,3,e05,J1,P1,6.0,8.0,2.0,2,normal,0
P3__P2__path_1,P3,P2,path_1,0,e09,P3,P2,0.0,2.0,2.0,2,normal,0
P3__P2__path_2,P3,P2,path_2,0,e07,P3,J3,0.0,2.0,2.0,2,normal,0
P3__P2__path_2,P3,P2,path_2,1,e04,J3,J2,2.0,4.0,2.0,2,normal,0
P3__P2__path_2,P3,P2,path_2,2,e06,J2,P2,4.0,6.0,2.0,1,narrow,0
P3__P2__path_3,P3,P2,path_3,0,e12,P3,P6,0.0,2.0,2.0,1,narrow,0
P3__P2__path_3,P3,P2,path_3,1,e14,P6,P5,2.0,4.0,2.0,1,narrow,0
P3__P2__path_3,P3,P2,path_3,2,e11,P5,P2,4.0,6.0,2.0,1,narrow,0
P3__P4__path_1,P3,P4,path_1,0,e09,P3,P2,0.0,2.0,2.0,2,normal,0
P3__P4__path_1,P3,P4,path_1,1,e08,P2,P1,2.0,4.0,2.0,2,normal,0
P3__P4__path_1,P3,P4,path_1,2,e10,P1,P4,4.0,6.0,2.0,1,narrow,0
P3__P4__path_2,P3,P4,path_2,0,e09,P3,P2,0.0,2.0,2.0,2,normal,0
P3__P4__path_2,P3,P4,path_2,1,e11,P2,P5,2.0,4.0,2.0,1,narrow,0
P3__P4__path_2,P3,P4,path_2,2,e13,P5,P4,4.0,6.0,2.0,1,narrow,0
P3__P4__path_3,P3,P4,path_3,0,e12,P3,P6,0.0,2.0,2.0,1,narrow,0
P3__P4__path_3,P3,P4,path_3,1,e14,P6,P5,2.0,4.0,2.0,1,narrow,0
P3__P4__path_3,P3,P4,path_3,2,e13,P5,P4,4.0,6.0,2.0,1,narrow,0
P3__P5__path_1,P3,P5,path_1,0,e09,P3,P2,0.0,2.0,2.0,2,normal,0
P3__P5__path_1,P3,P5,path_1,1,e11,P2,P5,2.0,4.0,2.0,1,narrow,0
P3__P5__path_2,P3,P5,path_2,0,e12,P3,P6,0.0,2.0,2.0,1,narrow,0
P3__P5__path_2,P3,P5,path_2,1,e14,P6,P5,2.0,4.0,2.0,1,narrow,0
P3__P5__path_3,P3,P5,path_3,0,e09,P3,P2,0.0,2.0,2.0,2,normal,0
P3__P5__path_3,P3,P5,path_3,1,e08,P2,P1,2.0,4.0,2.0,2,normal,0
P3__P5__path_3,P3,P5,path_3,2,e10,P1,P4,4.0,6.0,2.0,1,narrow,0
P3__P5__path_3,P3,P5,path_3,3,e13,P4,P5,6.0,8.0,2.0,1,narrow,0
P3__P6__path_1,P3,P6,path_1,0,e12,P3,P6,0.0,2.0,2.0,1,narrow,0
P3__P6__path_2,P3,P6,path_2,0,e09,P3,P2,0.0,2.0,2.0,2,normal,0
P3__P6__path_2,P3,P6,path_2,1,e11,P2,P5,2.0,4.0,2.0,1,narrow,0
P3__P6__path_2,P3,P6,path_2,2,e14,P5,P6,4.0,6.0,2.0,1,narrow,0
P3__P6__path_3,P3,P6,path_3,0,e07,P3,J3,0.0,2.0,2.0,2,normal,0
P3__P6__path_3,P3,P6,path_3,1,e04,J3,J2,2.0,4.0,2.0,2,normal,0
P3__P6__path_3,P3,P6,path_3,2,e06,J2,P2,4.0,6.0,2.0,1,narrow,0
P3__P6__path_3,P3,P6,path_3,3,e11,P2,P5,6.0,8.0,2.0,1,narrow,0
P3__P6__path_3,P3,P6,path_3,4,e14,P5,P6,8.0,10.0,2.0,1,narrow,0
P3__P7__path_1,P3,P7,path_1,0,e09,P3,P2,0.0,2.0,2.0,2,normal,0
P3__P7__path_1,P3,P7,path_1,1,e08,P2,P1,2.0,4.0,2.0,2,normal,0
P3__P7__path_1,P3,P7,path_1,2,e10,P1,P4,4.0,6.0,2.0,1,narrow,0
P3__P7__path_1,P3,P7,path_1,3,e15,P4,P7,6.0,8.0,2.0,2,normal,0
P3__P7__path_2,P3,P7,path_2,0,e12,P3,P6,0.0,2.0,2.0,1,narrow,0
P3__P7__path_2,P3,P7,path_2,1,e17,P6,P9,2.0,4.0,2.0,2,normal,0
P3__P7__path_2,P3,P7,path_2,2,e19,P9,P8,4.0,6.0,2.0,2,normal,0
P3__P7__path_2,P3,P7,path_2,3,e18,P8,P7,6.0,8.0,2.0,2,normal,0
P3__P7__path_3,P3,P7,path_3,0,e09,P3,P2,0.0,2.0,2.0,2,normal,0
P3__P7__path_3,P3,P7,path_3,1,e11,P2,P5,2.0,4.0,2.0,1,narrow,0
P3__P7__path_3,P3,P7,path_3,2,e13,P5,P4,4.0,6.0,2.0,1,narrow,0
P3__P7__path_3,P3,P7,path_3,3,e15,P4,P7,6.0,8.0,2.0,2,normal,0
P3__P8__path_1,P3,P8,path_1,0,e12,P3,P6,0.0,2.0,2.0,1,narrow,0
P3__P8__path_1,P3,P8,path_1,1,e17,P6,P9,2.0,4.0,2.0,2,normal,0
P3__P8__path_1,P3,P8,path_1,2,e19,P9,P8,4.0,6.0,2.0,2,normal,0
P3__P8__path_2,P3,P8,path_2,0,e12,P3,P6,0.0,2.0,2.0,1,narrow,0
P3__P8__path_2,P3,P8,path_2,1,e17,P6,P9,2.0,4.0,2.0,2,normal,0
P3__P8__path_2,P3,P8,path_2,2,e23,P9,SORT2,4.0,7.0,3.0,2,normal,0
P3__P8__path_2,P3,P8,path_2,3,e22,SORT2,P8,7.0,10.0,3.0,2,normal,0
P3__P8__path_3,P3,P8,path_3,0,e09,P3,P2,0.0,2.0,2.0,2,normal,0
P3__P8__path_3,P3,P8,path_3,1,e11,P2,P5,2.0,4.0,2.0,1,narrow,0
P3__P8__path_3,P3,P8,path_3,2,e16,P5,P8,4.0,6.0,2.0,1,dynamic,1
P3__P9__path_1,P3,P9,path_1,0,e12,P3,P6,0.0,2.0,2.0,1,narrow,0
P3__P9__path_1,P3,P9,path_1,1,e17,P6,P9,2.0,4.0,2.0,2,normal,0
P3__P9__path_2,P3,P9,path_2,0,e09,P3,P2,0.0,2.0,2.0,2,normal,0
P3__P9__path_2,P3,P9,path_2,1,e11,P2,P5,2.0,4.0,2.0,1,narrow,0
P3__P9__path_2,P3,P9,path_2,2,e14,P5,P6,4.0,6.0,2.0,1,narrow,0
P3__P9__path_2,P3,P9,path_2,3,e17,P6,P9,6.0,8.0,2.0,2,normal,0
P3__P9__path_3,P3,P9,path_3,0,e09,P3,P2,0.0,2.0,2.0,2,normal,0
P3__P9__path_3,P3,P9,path_3,1,e08,P2,P1,2.0,4.0,2.0,2,normal,0
P3__P9__path_3,P3,P9,path_3,2,e10,P1,P4,4.0,6.0,2.0,1,narrow,0
P3__P9__path_3,P3,P9,path_3,3,e15,P4,P7,6.0,8.0,2.0,2,normal,0
P3__P9__path_3,P3,P9,path_3,4,e18,P7,P8,8.0,10.0,2.0,2,normal,0
P3__P9__path_3,P3,P9,path_3,5,e19,P8,P9,10.0,12.0,2.0,2,normal,0
P3__SORT1__path_1,P3,SORT1,path_1,0,e12,P3,P6,0.0,2.0,2.0,1,narrow,0
P3__SORT1__path_1,P3,SORT1,path_1,1,e17,P6,P9,2.0,4.0,2.0,2,normal,0
P3__SORT1__path_1,P3,SORT1,path_1,2,e19,P9,P8,4.0,6.0,2.0,2,normal,0
P3__SORT1__path_1,P3,SORT1,path_1,3,e21,P8,SORT1,6.0,9.0,3.0,2,normal,0
P3__SORT1__path_2,P3,SORT1,path_2,0,e09,P3,P2,0.0,2.0,2.0,2,normal,0
P3__SORT1__path_2,P3,SORT1,path_2,1,e08,P2,P1,2.0,4.0,2.0,2,normal,0
P3__SORT1__path_2,P3,SORT1,path_2,2,e10,P1,P4,4.0,6.0,2.0,1,narrow,0
P3__SORT1__path_2,P3,SORT1,path_2,3,e15,P4,P7,6.0,8.0,2.0,2,normal,0
P3__SORT1__path_2,P3,SORT1,path_2,4,e20,P7,SORT1,8.0,11.0,3.0,2,normal,0
P3__SORT1__path_3,P3,SORT1,path_3,0,e12,P3,P6,0.0,2.0,2.0,1,narrow,0
P3__SORT1__path_3,P3,SORT1,path_3,1,e17,P6,P9,2.0,4.0,2.0,2,normal,0
P3__SORT1__path_3,P3,SORT1,path_3,2,e19,P9,P8,4.0,6.0,2.0,2,normal,0
P3__SORT1__path_3,P3,SORT1,path_3,3,e18,P8,P7,6.0,8.0,2.0,2,normal,0
P3__SORT1__path_3,P3,SORT1,path_3,4,e20,P7,SORT1,8.0,11.0,3.0,2,normal,0
P3__SORT1__path_4,P3,SORT1,path_4,0,e09,P3,P2,0.0,2.0,2.0,2,normal,0
P3__SORT1__path_4,P3,SORT1,path_4,1,e11,P2,P5,2.0,4.0,2.0,1,narrow,0
P3__SORT1__path_4,P3,SORT1,path_4,2,e16,P5,P8,4.0,6.0,2.0,1,dynamic,1
P3__SORT1__path_4,P3,SORT1,path_4,3,e21,P8,SORT1,6.0,9.0,3.0,2,normal,0
P3__SORT2__path_1,P3,SORT2,path_1,0,e12,P3,P6,0.0,2.0,2.0,1,narrow,0
P3__SORT2__path_1,P3,SORT2,path_1,1,e17,P6,P9,2.0,4.0,2.0,2,normal,0
P3__SORT2__path_1,P3,SORT2,path_1,2,e23,P9,SORT2,4.0,7.0,3.0,2,normal,0
P3__SORT2__path_2,P3,SORT2,path_2,0,e12,P3,P6,0.0,2.0,2.0,1,narrow,0
P3__SORT2__path_2,P3,SORT2,path_2,1,e17,P6,P9,2.0,4.0,2.0,2,normal,0
P3__SORT2__path_2,P3,SORT2,path_2,2,e19,P9,P8,4.0,6.0,2.0,2,normal,0
P3__SORT2__path_2,P3,SORT2,path_2,3,e22,P8,SORT2,6.0,9.0,3.0,2,normal,0
P3__SORT2__path_3,P3,SORT2,path_3,0,e09,P3,P2,0.0,2.0,2.0,2,normal,0
P3__SORT2__path_3,P3,SORT2,path_3,1,e11,P2,P5,2.0,4.0,2.0,1,narrow,0
P3__SORT2__path_3,P3,SORT2,path_3,2,e14,P5,P6,4.0,6.0,2.0,1,narrow,0
P3__SORT2__path_3,P3,SORT2,path_3,3,e17,P6,P9,6.0,8.0,2.0,2,normal,0
P3__SORT2__path_3,P3,SORT2,path_3,4,e23,P9,SORT2,8.0,11.0,3.0,2,normal,0
P3__OUT1__path_1,P3,OUT1,path_1,0,e12,P3,P6,0.0,2.0,2.0,1,narrow,0
P3__OUT1__path_1,P3,OUT1,path_1,1,e17,P6,P9,2.0,4.0,2.0,2,normal,0
P3__OUT1__path_1,P3,OUT1,path_1,2,e19,P9,P8,4.0,6.0,2.0,2,normal,0
P3__OUT1__path_1,P3,OUT1,path_1,3,e21,P8,SORT1,6.0,9.0,3.0,2,normal,0
P3__OUT1__path_1,P3,OUT1,path_1,4,e24,SORT1,OUT1,9.0,11.0,2.0,1,oneway,0
P3__OUT1__path_2,P3,OUT1,path_2,0,e09,P3,P2,0.0,2.0,2.0,2,normal,0
P3__OUT1__path_2,P3,OUT1,path_2,1,e08,P2,P1,2.0,4.0,2.0,2,normal,0
P3__OUT1__path_2,P3,OUT1,path_2,2,e10,P1,P4,4.0,6.0,2.0,1,narrow,0
P3__OUT1__path_2,P3,OUT1,path_2,3,e15,P4,P7,6.0,8.0,2.0,2,normal,0
P3__OUT1__path_2,P3,OUT1,path_2,4,e20,P7,SORT1,8.0,11.0,3.0,2,normal,0
P3__OUT1__path_2,P3,OUT1,path_2,5,e24,SORT1,OUT1,11.0,13.0,2.0,1,oneway,0
P3__OUT1__path_3,P3,OUT1,path_3,0,e12,P3,P6,0.0,2.0,2.0,1,narrow,0
P3__OUT1__path_3,P3,OUT1,path_3,1,e17,P6,P9,2.0,4.0,2.0,2,normal,0
P3__OUT1__path_3,P3,OUT1,path_3,2,e19,P9,P8,4.0,6.0,2.0,2,normal,0
P3__OUT1__path_3,P3,OUT1,path_3,3,e18,P8,P7,6.0,8.0,2.0,2,normal,0
P3__OUT1__path_3,P3,OUT1,path_3,4,e20,P7,SORT1,8.0,11.0,3.0,2,normal,0
P3__OUT1__path_3,P3,OUT1,path_3,5,e24,SORT1,OUT1,11.0,13.0,2.0,1,oneway,0
P3__OUT1__path_4,P3,OUT1,path_4,0,e09,P3,P2,0.0,2.0,2.0,2,normal,0
P3__OUT1__path_4,P3,OUT1,path_4,1,e11,P2,P5,2.0,4.0,2.0,1,narrow,0
P3__OUT1__path_4,P3,OUT1,path_4,2,e16,P5,P8,4.0,6.0,2.0,1,dynamic,1
P3__OUT1__path_4,P3,OUT1,path_4,3,e21,P8,SORT1,6.0,9.0,3.0,2,normal,0
P3__OUT1__path_4,P3,OUT1,path_4,4,e24,SORT1,OUT1,9.0,11.0,2.0,1,oneway,0
P3__OUT2__path_1,P3,OUT2,path_1,0,e12,P3,P6,0.0,2.0,2.0,1,narrow,0
P3__OUT2__path_1,P3,OUT2,path_1,1,e17,P6,P9,2.0,4.0,2.0,2,normal,0
P3__OUT2__path_1,P3,OUT2,path_1,2,e23,P9,SORT2,4.0,7.0,3.0,2,normal,0
P3__OUT2__path_1,P3,OUT2,path_1,3,e25,SORT2,OUT2,7.0,9.0,2.0,1,oneway,0
P3__OUT2__path_2,P3,OUT2,path_2,0,e12,P3,P6,0.0,2.0,2.0,1,narrow,0
P3__OUT2__path_2,P3,OUT2,path_2,1,e17,P6,P9,2.0,4.0,2.0,2,normal,0
P3__OUT2__path_2,P3,OUT2,path_2,2,e19,P9,P8,4.0,6.0,2.0,2,normal,0
P3__OUT2__path_2,P3,OUT2,path_2,3,e22,P8,SORT2,6.0,9.0,3.0,2,normal,0
P3__OUT2__path_2,P3,OUT2,path_2,4,e25,SORT2,OUT2,9.0,11.0,2.0,1,oneway,0
P3__OUT2__path_3,P3,OUT2,path_3,0,e09,P3,P2,0.0,2.0,2.0,2,normal,0
P3__OUT2__path_3,P3,OUT2,path_3,1,e11,P2,P5,2.0,4.0,2.0,1,narrow,0
P3__OUT2__path_3,P3,OUT2,path_3,2,e14,P5,P6,4.0,6.0,2.0,1,narrow,0
P3__OUT2__path_3,P3,OUT2,path_3,3,e17,P6,P9,6.0,8.0,2.0,2,normal,0
P3__OUT2__path_3,P3,OUT2,path_3,4,e23,P9,SORT2,8.0,11.0,3.0,2,normal,0
P3__OUT2__path_3,P3,OUT2,path_3,5,e25,SORT2,OUT2,11.0,13.0,2.0,1,oneway,0
P3__CHG1__path_1,P3,CHG1,path_1,0,e07,P3,J3,0.0,2.0,2.0,2,normal,0
P3__CHG1__path_1,P3,CHG1,path_1,1,e04,J3,J2,2.0,4.0,2.0,2,normal,0
P3__CHG1__path_1,P3,CHG1,path_1,2,e03,J2,J1,4.0,6.0,2.0,2,normal,0
P3__CHG1__path_1,P3,CHG1,path_1,3,e26,J1,CHG1,6.0,8.0,2.0,1,normal,0
P3__CHG1__path_2,P3,CHG1,path_2,0,e09,P3,P2,0.0,2.0,2.0,2,normal,0
P3__CHG1__path_2,P3,CHG1,path_2,1,e08,P2,P1,2.0,4.0,2.0,2,normal,0
P3__CHG1__path_2,P3,CHG1,path_2,2,e05,P1,J1,4.0,6.0,2.0,2,normal,0
P3__CHG1__path_2,P3,CHG1,path_2,3,e26,J1,CHG1,6.0,8.0,2.0,1,normal,0
P3__CHG1__path_3,P3,CHG1,path_3,0,e09,P3,P2,0.0,2.0,2.0,2,normal,0
P3__CHG1__path_3,P3,CHG1,path_3,1,e06,P2,J2,2.0,4.0,2.0,1,narrow,0
P3__CHG1__path_3,P3,CHG1,path_3,2,e03,J2,J1,4.0,6.0,2.0,2,normal,0
P3__CHG1__path_3,P3,CHG1,path_3,3,e26,J1,CHG1,6.0,8.0,2.0,1,normal,0
P3__CHG2__path_1,P3,CHG2,path_1,0,e09,P3,P2,0.0,2.0,2.0,2,normal,0
P3__CHG2__path_1,P3,CHG2,path_1,1,e08,P2,P1,2.0,4.0,2.0,2,normal,0
P3__CHG2__path_1,P3,CHG2,path_1,2,e10,P1,P4,4.0,6.0,2.0,1,narrow,0
P3__CHG2__path_1,P3,CHG2,path_1,3,e15,P4,P7,6.0,8.0,2.0,2,normal,0
P3__CHG2__path_1,P3,CHG2,path_1,4,e27,P7,CHG2,8.0,10.0,2.0,1,normal,0
P3__CHG2__path_2,P3,CHG2,path_2,0,e12,P3,P6,0.0,2.0,2.0,1,narrow,0
P3__CHG2__path_2,P3,CHG2,path_2,1,e17,P6,P9,2.0,4.0,2.0,2,normal,0
P3__CHG2__path_2,P3,CHG2,path_2,2,e19,P9,P8,4.0,6.0,2.0,2,normal,0
P3__CHG2__path_2,P3,CHG2,path_2,3,e18,P8,P7,6.0,8.0,2.0,2,normal,0
P3__CHG2__path_2,P3,CHG2,path_2,4,e27,P7,CHG2,8.0,10.0,2.0,1,normal,0
P3__CHG2__path_3,P3,CHG2,path_3,0,e09,P3,P2,0.0,2.0,2.0,2,normal,0
P3__CHG2__path_3,P3,CHG2,path_3,1,e11,P2,P5,2.0,4.0,2.0,1,narrow,0
P3__CHG2__path_3,P3,CHG2,path_3,2,e13,P5,P4,4.0,6.0,2.0,1,narrow,0
P3__CHG2__path_3,P3,CHG2,path_3,3,e15,P4,P7,6.0,8.0,2.0,2,normal,0
P3__CHG2__path_3,P3,CHG2,path_3,4,e27,P7,CHG2,8.0,10.0,2.0,1,normal,0
P4__IN1__path_1,P4,IN1,path_1,0,e10,P4,P1,0.0,2.0,2.0,1,narrow,0
P4__IN1__path_1,P4,IN1,path_1,1,e05,P1,J1,2.0,4.0,2.0,2,normal,0
P4__IN1__path_1,P4,IN1,path_1,2,e01,J1,IN1,4.0,6.0,2.0,2,normal,0
P4__IN1__path_2,P4,IN1,path_2,0,e13,P4,P5,0.0,2.0,2.0,1,narrow,0
P4__IN1__path_2,P4,IN1,path_2,1,e11,P5,P2,2.0,4.0,2.0,1,narrow,0
P4__IN1__path_2,P4,IN1,path_2,2,e08,P2,P1,4.0,6.0,2.0,2,normal,0
P4__IN1__path_2,P4,IN1,path_2,3,e05,P1,J1,6.0,8.0,2.0,2,normal,0
P4__IN1__path_2,P4,IN1,path_2,4,e01,J1,IN1,8.0,10.0,2.0,2,normal,0
P4__IN1__path_3,P4,IN1,path_3,0,e10,P4,P1,0.0,2.0,2.0,1,narrow,0
P4__IN1__path_3,P4,IN1,path_3,1,e08,P1,P2,2.0,4.0,2.0,2,normal,0
P4__IN1__path_3,P4,IN1,path_3,2,e06,P2,J2,4.0,6.0,2.0,1,narrow,0
P4__IN1__path_3,P4,IN1,path_3,3,e03,J2,J1,6.0,8.0,2.0,2,normal,0
P4__IN1__path_3,P4,IN1,path_3,4,e01,J1,IN1,8.0,10.0,2.0,2,normal,0
P4__IN2__path_1,P4,IN2,path_1,0,e10,P4,P1,0.0,2.0,2.0,1,narrow,0
P4__IN2__path_1,P4,IN2,path_1,1,e05,P1,J1,2.0,4.0,2.0,2,normal,0
P4__IN2__path_1,P4,IN2,path_1,2,e03,J1,J2,4.0,6.0,2.0,2,normal,0
P4__IN2__path_1,P4,IN2,path_1,3,e04,J2,J3,6.0,8.0,2.0,2,normal,0
P4__IN2__path_1,P4,IN2,path_1,4,e02,J3,IN2,8.0,10.0,2.0,2,normal,0
P4__IN2__path_2,P4,IN2,path_2,0,e10,P4,P1,0.0,2.0,2.0,1,narrow,0
P4__IN2__path_2,P4,IN2,path_2,1,e08,P1,P2,2.0,4.0,2.0,2,normal,0
P4__IN2__path_2,P4,IN2,path_2,2,e09,P2,P3,4.0,6.0,2.0,2,normal,0
P4__IN2__path_2,P4,IN2,path_2,3,e07,P3,J3,6.0,8.0,2.0,2,normal,0
P4__IN2__path_2,P4,IN2,path_2,4,e02,J3,IN2,8.0,10.0,2.0,2,normal,0
P4__IN2__path_3,P4,IN2,path_3,0,e13,P4,P5,0.0,2.0,2.0,1,narrow,0
P4__IN2__path_3,P4,IN2,path_3,1,e11,P5,P2,2.0,4.0,2.0,1,narrow,0
P4__IN2__path_3,P4,IN2,path_3,2,e09,P2,P3,4.0,6.0,2.0,2,normal,0
P4__IN2__path_3,P4,IN2,path_3,3,e07,P3,J3,6.0,8.0,2.0,2,normal,0
P4__IN2__path_3,P4,IN2,path_3,4,e02,J3,IN2,8.0,10.0,2.0,2,normal,0
P4__P1__path_1,P4,P1,path_1,0,e10,P4,P1,0.0,2.0,2.0,1,narrow,0
P4__P1__path_2,P4,P1,path_2,0,e13,P4,P5,0.0,2.0,2.0,1,narrow,0
P4__P1__path_2,P4,P1,path_2,1,e11,P5,P2,2.0,4.0,2.0,1,narrow,0
P4__P1__path_2,P4,P1,path_2,2,e08,P2,P1,4.0,6.0,2.0,2,normal,0
P4__P1__path_3,P4,P1,path_3,0,e13,P4,P5,0.0,2.0,2.0,1,narrow,0
P4__P1__path_3,P4,P1,path_3,1,e14,P5,P6,2.0,4.0,2.0,1,narrow,0
P4__P1__path_3,P4,P1,path_3,2,e12,P6,P3,4.0,6.0,2.0,1,narrow,0
P4__P1__path_3,P4,P1,path_3,3,e09,P3,P2,6.0,8.0,2.0,2,normal,0
P4__P1__path_3,P4,P1,path_3,4,e08,P2,P1,8.0,10.0,2.0,2,normal,0
P4__P2__path_1,P4,P2,path_1,0,e10,P4,P1,0.0,2.0,2.0,1,narrow,0
P4__P2__path_1,P4,P2,path_1,1,e08,P1,P2,2.0,4.0,2.0,2,normal,0
P4__P2__path_2,P4,P2,path_2,0,e13,P4,P5,0.0,2.0,2.0,1,narrow,0
P4__P2__path_2,P4,P2,path_2,1,e11,P5,P2,2.0,4.0,2.0,1,narrow,0
P4__P2__path_3,P4,P2,path_3,0,e10,P4,P1,0.0,2.0,2.0,1,narrow,0
P4__P2__path_3,P4,P2,path_3,1,e05,P1,J1,2.0,4.0,2.0,2,normal,0
P4__P2__path_3,P4,P2,path_3,2,e03,J1,J2,4.0,6.0,2.0,2,normal,0
P4__P2__path_3,P4,P2,path_3,3,e06,J2,P2,6.0,8.0,2.0,1,narrow,0
P4__P3__path_1,P4,P3,path_1,0,e10,P4,P1,0.0,2.0,2.0,1,narrow,0
P4__P3__path_1,P4,P3,path_1,1,e08,P1,P2,2.0,4.0,2.0,2,normal,0
P4__P3__path_1,P4,P3,path_1,2,e09,P2,P3,4.0,6.0,2.0,2,normal,0
P4__P3__path_2,P4,P3,path_2,0,e13,P4,P5,0.0,2.0,2.0,1,narrow,0
P4__P3__path_2,P4,P3,path_2,1,e11,P5,P2,2.0,4.0,2.0,1,narrow,0
P4__P3__path_2,P4,P3,path_2,2,e09,P2,P3,4.0,6.0,2.0,2,normal,0
P4__P3__path_3,P4,P3,path_3,0,e13,P4,P5,0.0,2.0,2.0,1,narrow,0
P4__P3__path_3,P4,P3,path_3,1,e14,P5,P6,2.0,4.0,2.0,1,narrow,0
P4__P3__path_3,P4,P3,path_3,2,e12,P6,P3,4.0,6.0,2.0,1,narrow,0
P4__P5__path_1,P4,P5,path_1,0,e13,P4,P5,0.0,2.0,2.0,1,narrow,0
P4__P5__path_2,P4,P5,path_2,0,e10,P4,P1,0.0,2.0,2.0,1,narrow,0
P4__P5__path_2,P4,P5,path_2,1,e08,P1,P2,2.0,4.0,2.0,2,normal,0
P4__P5__path_2,P4,P5,path_2,2,e11,P2,P5,4.0,6.0,2.0,1,narrow,0
P4__P5__path_3,P4,P5,path_3,0,e15,P4,P7,0.0,2.0,2.0,2,normal,0
P4__P5__path_3,P4,P5,path_3,1,e18,P7,P8,2.0,4.0,2.0,2,normal,0
P4__P5__path_3,P4,P5,path_3,2,e16,P8,P5,4.0,6.0,2.0,1,dynamic,1
P4__P6__path_1,P4,P6,path_1,0,e13,P4,P5,0.0,2.0,2.0,1,narrow,0
P4__P6__path_1,P4,P6,path_1,1,e14,P5,P6,2.0,4.0,2.0,1,narrow,0
P4__P6__path_2,P4,P6,path_2,0,e15,P4,P7,0.0,2.0,2.0,2,normal,0
P4__P6__path_2,P4,P6,path_2,1,e18,P7,P8,2.0,4.0,2.0,2,normal,0
P4__P6__path_2,P4,P6,path_2,2,e19,P8,P9,4.0,6.0,2.0,2,normal,0
P4__P6__path_2,P4,P6,path_2,3,e17,P9,P6,6.0,8.0,2.0,2,normal,0
P4__P6__path_3,P4,P6,path_3,0,e10,P4,P1,0.0,2.0,2.0,1,narrow,0
P4__P6__path_3,P4,P6,path_3,1,e08,P1,P2,2.0,4.0,2.0,2,normal,0
P4__P6__path_3,P4,P6,path_3,2,e09,P2,P3,4.0,6.0,2.0,2,normal,0
P4__P6__path_3,P4,P6,path_3,3,e12,P3,P6,6.0,8.0,2.0,1,narrow,0
P4__P7__path_1,P4,P7,path_1,0,e15,P4,P7,0.0,2.0,2.0,2,normal,0
P4__P7__path_2,P4,P7,path_2,0,e13,P4,P5,0.0,2.0,2.0,1,narrow,0
P4__P7__path_2,P4,P7,path_2,1,e16,P5,P8,2.0,4.0,2.0,1,dynamic,1
P4__P7__path_2,P4,P7,path_2,2,e18,P8,P7,4.0,6.0,2.0,2,normal,0
P4__P7__path_3,P4,P7,path_3,0,e13,P4,P5,0.0,2.0,2.0,1,narrow,0
P4__P7__path_3,P4,P7,path_3,1,e14,P5,P6,2.0,4.0,2.0,1,narrow,0
P4__P7__path_3,P4,P7,path_3,2,e17,P6,P9,4.0,6.0,2.0,2,normal,0
P4__P7__path_3,P4,P7,path_3,3,e19,P9,P8,6.0,8.0,2.0,2,normal,0
P4__P7__path_3,P4,P7,path_3,4,e18,P8,P7,8.0,10.0,2.0,2,normal,0
P4__P8__path_1,P4,P8,path_1,0,e15,P4,P7,0.0,2.0,2.0,2,normal,0
P4__P8__path_1,P4,P8,path_1,1,e18,P7,P8,2.0,4.0,2.0,2,normal,0
P4__P8__path_2,P4,P8,path_2,0,e15,P4,P7,0.0,2.0,2.0,2,normal,0
P4__P8__path_2,P4,P8,path_2,1,e20,P7,SORT1,2.0,5.0,3.0,2,normal,0
P4__P8__path_2,P4,P8,path_2,2,e21,SORT1,P8,5.0,8.0,3.0,2,normal,0
P4__P8__path_3,P4,P8,path_3,0,e13,P4,P5,0.0,2.0,2.0,1,narrow,0
P4__P8__path_3,P4,P8,path_3,1,e16,P5,P8,2.0,4.0,2.0,1,dynamic,1
P4__P9__path_1,P4,P9,path_1,0,e15,P4,P7,0.0,2.0,2.0,2,normal,0
P4__P9__path_1,P4,P9,path_1,1,e18,P7,P8,2.0,4.0,2.0,2,normal,0
P4__P9__path_1,P4,P9,path_1,2,e19,P8,P9,4.0,6.0,2.0,2,normal,0
P4__P9__path_2,P4,P9,path_2,0,e13,P4,P5,0.0,2.0,2.0,1,narrow,0
P4__P9__path_2,P4,P9,path_2,1,e14,P5,P6,2.0,4.0,2.0,1,narrow,0
P4__P9__path_2,P4,P9,path_2,2,e17,P6,P9,4.0,6.0,2.0,2,normal,0
P4__P9__path_3,P4,P9,path_3,0,e15,P4,P7,0.0,2.0,2.0,2,normal,0
P4__P9__path_3,P4,P9,path_3,1,e20,P7,SORT1,2.0,5.0,3.0,2,normal,0
P4__P9__path_3,P4,P9,path_3,2,e21,SORT1,P8,5.0,8.0,3.0,2,normal,0
P4__P9__path_3,P4,P9,path_3,3,e19,P8,P9,8.0,10.0,2.0,2,normal,0
P4__SORT1__path_1,P4,SORT1,path_1,0,e15,P4,P7,0.0,2.0,2.0,2,normal,0
P4__SORT1__path_1,P4,SORT1,path_1,1,e20,P7,SORT1,2.0,5.0,3.0,2,normal,0
P4__SORT1__path_2,P4,SORT1,path_2,0,e15,P4,P7,0.0,2.0,2.0,2,normal,0
P4__SORT1__path_2,P4,SORT1,path_2,1,e18,P7,P8,2.0,4.0,2.0,2,normal,0
P4__SORT1__path_2,P4,SORT1,path_2,2,e21,P8,SORT1,4.0,7.0,3.0,2,normal,0
P4__SORT1__path_3,P4,SORT1,path_3,0,e13,P4,P5,0.0,2.0,2.0,1,narrow,0
P4__SORT1__path_3,P4,SORT1,path_3,1,e16,P5,P8,2.0,4.0,2.0,1,dynamic,1
P4__SORT1__path_3,P4,SORT1,path_3,2,e21,P8,SORT1,4.0,7.0,3.0,2,normal,0
P4__SORT2__path_1,P4,SORT2,path_1,0,e15,P4,P7,0.0,2.0,2.0,2,normal,0
P4__SORT2__path_1,P4,SORT2,path_1,1,e18,P7,P8,2.0,4.0,2.0,2,normal,0
P4__SORT2__path_1,P4,SORT2,path_1,2,e22,P8,SORT2,4.0,7.0,3.0,2,normal,0
P4__SORT2__path_2,P4,SORT2,path_2,0,e15,P4,P7,0.0,2.0,2.0,2,normal,0
P4__SORT2__path_2,P4,SORT2,path_2,1,e18,P7,P8,2.0,4.0,2.0,2,normal,0
P4__SORT2__path_2,P4,SORT2,path_2,2,e19,P8,P9,4.0,6.0,2.0,2,normal,0
P4__SORT2__path_2,P4,SORT2,path_2,3,e23,P9,SORT2,6.0,9.0,3.0,2,normal,0
P4__SORT2__path_3,P4,SORT2,path_3,0,e15,P4,P7,0.0,2.0,2.0,2,normal,0
P4__SORT2__path_3,P4,SORT2,path_3,1,e20,P7,SORT1,2.0,5.0,3.0,2,normal,0
P4__SORT2__path_3,P4,SORT2,path_3,2,e21,SORT1,P8,5.0,8.0,3.0,2,normal,0
P4__SORT2__path_3,P4,SORT2,path_3,3,e22,P8,SORT2,8.0,11.0,3.0,2,normal,0
P4__SORT2__path_4,P4,SORT2,path_4,0,e13,P4,P5,0.0,2.0,2.0,1,narrow,0
P4__SORT2__path_4,P4,SORT2,path_4,1,e16,P5,P8,2.0,4.0,2.0,1,dynamic,1
P4__SORT2__path_4,P4,SORT2,path_4,2,e22,P8,SORT2,4.0,7.0,3.0,2,normal,0
P4__OUT1__path_1,P4,OUT1,path_1,0,e15,P4,P7,0.0,2.0,2.0,2,normal,0
P4__OUT1__path_1,P4,OUT1,path_1,1,e20,P7,SORT1,2.0,5.0,3.0,2,normal,0
P4__OUT1__path_1,P4,OUT1,path_1,2,e24,SORT1,OUT1,5.0,7.0,2.0,1,oneway,0
P4__OUT1__path_2,P4,OUT1,path_2,0,e15,P4,P7,0.0,2.0,2.0,2,normal,0
P4__OUT1__path_2,P4,OUT1,path_2,1,e18,P7,P8,2.0,4.0,2.0,2,normal,0
P4__OUT1__path_2,P4,OUT1,path_2,2,e21,P8,SORT1,4.0,7.0,3.0,2,normal,0
P4__OUT1__path_2,P4,OUT1,path_2,3,e24,SORT1,OUT1,7.0,9.0,2.0,1,oneway,0
P4__OUT1__path_3,P4,OUT1,path_3,0,e13,P4,P5,0.0,2.0,2.0,1,narrow,0
P4__OUT1__path_3,P4,OUT1,path_3,1,e16,P5,P8,2.0,4.0,2.0,1,dynamic,1
P4__OUT1__path_3,P4,OUT1,path_3,2,e21,P8,SORT1,4.0,7.0,3.0,2,normal,0
P4__OUT1__path_3,P4,OUT1,path_3,3,e24,SORT1,OUT1,7.0,9.0,2.0,1,oneway,0
P4__OUT2__path_1,P4,OUT2,path_1,0,e15,P4,P7,0.0,2.0,2.0,2,normal,0
P4__OUT2__path_1,P4,OUT2,path_1,1,e18,P7,P8,2.0,4.0,2.0,2,normal,0
P4__OUT2__path_1,P4,OUT2,path_1,2,e22,P8,SORT2,4.0,7.0,3.0,2,normal,0
P4__OUT2__path_1,P4,OUT2,path_1,3,e25,SORT2,OUT2,7.0,9.0,2.0,1,oneway,0
P4__OUT2__path_2,P4,OUT2,path_2,0,e15,P4,P7,0.0,2.0,2.0,2,normal,0
P4__OUT2__path_2,P4,OUT2,path_2,1,e18,P7,P8,2.0,4.0,2.0,2,normal,0
P4__OUT2__path_2,P4,OUT2,path_2,2,e19,P8,P9,4.0,6.0,2.0,2,normal,0
P4__OUT2__path_2,P4,OUT2,path_2,3,e23,P9,SORT2,6.0,9.0,3.0,2,normal,0
P4__OUT2__path_2,P4,OUT2,path_2,4,e25,SORT2,OUT2,9.0,11.0,2.0,1,oneway,0
P4__OUT2__path_3,P4,OUT2,path_3,0,e15,P4,P7,0.0,2.0,2.0,2,normal,0
P4__OUT2__path_3,P4,OUT2,path_3,1,e20,P7,SORT1,2.0,5.0,3.0,2,normal,0
P4__OUT2__path_3,P4,OUT2,path_3,2,e21,SORT1,P8,5.0,8.0,3.0,2,normal,0
P4__OUT2__path_3,P4,OUT2,path_3,3,e22,P8,SORT2,8.0,11.0,3.0,2,normal,0
P4__OUT2__path_3,P4,OUT2,path_3,4,e25,SORT2,OUT2,11.0,13.0,2.0,1,oneway,0
P4__OUT2__path_4,P4,OUT2,path_4,0,e13,P4,P5,0.0,2.0,2.0,1,narrow,0
P4__OUT2__path_4,P4,OUT2,path_4,1,e16,P5,P8,2.0,4.0,2.0,1,dynamic,1
P4__OUT2__path_4,P4,OUT2,path_4,2,e22,P8,SORT2,4.0,7.0,3.0,2,normal,0
P4__OUT2__path_4,P4,OUT2,path_4,3,e25,SORT2,OUT2,7.0,9.0,2.0,1,oneway,0
P4__CHG1__path_1,P4,CHG1,path_1,0,e10,P4,P1,0.0,2.0,2.0,1,narrow,0
P4__CHG1__path_1,P4,CHG1,path_1,1,e05,P1,J1,2.0,4.0,2.0,2,normal,0
P4__CHG1__path_1,P4,CHG1,path_1,2,e26,J1,CHG1,4.0,6.0,2.0,1,normal,0
P4__CHG1__path_2,P4,CHG1,path_2,0,e13,P4,P5,0.0,2.0,2.0,1,narrow,0
P4__CHG1__path_2,P4,CHG1,path_2,1,e11,P5,P2,2.0,4.0,2.0,1,narrow,0
P4__CHG1__path_2,P4,CHG1,path_2,2,e08,P2,P1,4.0,6.0,2.0,2,normal,0
P4__CHG1__path_2,P4,CHG1,path_2,3,e05,P1,J1,6.0,8.0,2.0,2,normal,0
P4__CHG1__path_2,P4,CHG1,path_2,4,e26,J1,CHG1,8.0,10.0,2.0,1,normal,0
P4__CHG1__path_3,P4,CHG1,path_3,0,e10,P4,P1,0.0,2.0,2.0,1,narrow,0
P4__CHG1__path_3,P4,CHG1,path_3,1,e08,P1,P2,2.0,4.0,2.0,2,normal,0
P4__CHG1__path_3,P4,CHG1,path_3,2,e06,P2,J2,4.0,6.0,2.0,1,narrow,0
P4__CHG1__path_3,P4,CHG1,path_3,3,e03,J2,J1,6.0,8.0,2.0,2,normal,0
P4__CHG1__path_3,P4,CHG1,path_3,4,e26,J1,CHG1,8.0,10.0,2.0,1,normal,0
P4__CHG2__path_1,P4,CHG2,path_1,0,e15,P4,P7,0.0,2.0,2.0,2,normal,0
P4__CHG2__path_1,P4,CHG2,path_1,1,e27,P7,CHG2,2.0,4.0,2.0,1,normal,0
P4__CHG2__path_2,P4,CHG2,path_2,0,e13,P4,P5,0.0,2.0,2.0,1,narrow,0
P4__CHG2__path_2,P4,CHG2,path_2,1,e16,P5,P8,2.0,4.0,2.0,1,dynamic,1
P4__CHG2__path_2,P4,CHG2,path_2,2,e18,P8,P7,4.0,6.0,2.0,2,normal,0
P4__CHG2__path_2,P4,CHG2,path_2,3,e27,P7,CHG2,6.0,8.0,2.0,1,normal,0
P4__CHG2__path_3,P4,CHG2,path_3,0,e13,P4,P5,0.0,2.0,2.0,1,narrow,0
P4__CHG2__path_3,P4,CHG2,path_3,1,e14,P5,P6,2.0,4.0,2.0,1,narrow,0
P4__CHG2__path_3,P4,CHG2,path_3,2,e17,P6,P9,4.0,6.0,2.0,2,normal,0
P4__CHG2__path_3,P4,CHG2,path_3,3,e19,P9,P8,6.0,8.0,2.0,2,normal,0
P4__CHG2__path_3,P4,CHG2,path_3,4,e18,P8,P7,8.0,10.0,2.0,2,normal,0
P4__CHG2__path_3,P4,CHG2,path_3,5,e27,P7,CHG2,10.0,12.0,2.0,1,normal,0
P5__IN1__path_1,P5,IN1,path_1,0,e11,P5,P2,0.0,2.0,2.0,1,narrow,0
P5__IN1__path_1,P5,IN1,path_1,1,e08,P2,P1,2.0,4.0,2.0,2,normal,0
P5__IN1__path_1,P5,IN1,path_1,2,e05,P1,J1,4.0,6.0,2.0,2,normal,0
P5__IN1__path_1,P5,IN1,path_1,3,e01,J1,IN1,6.0,8.0,2.0,2,normal,0
P5__IN1__path_2,P5,IN1,path_2,0,e13,P5,P4,0.0,2.0,2.0,1,narrow,0
P5__IN1__path_2,P5,IN1,path_2,1,e10,P4,P1,2.0,4.0,2.0,1,narrow,0
P5__IN1__path_2,P5,IN1,path_2,2,e05,P1,J1,4.0,6.0,2.0,2,normal,0
P5__IN1__path_2,P5,IN1,path_2,3,e01,J1,IN1,6.0,8.0,2.0,2,normal,0
P5__IN1__path_3,P5,IN1,path_3,0,e11,P5,P2,0.0,2.0,2.0,1,narrow,0
P5__IN1__path_3,P5,IN1,path_3,1,e06,P2,J2,2.0,4.0,2.0,1,narrow,0
P5__IN1__path_3,P5,IN1,path_3,2,e03,J2,J1,4.0,6.0,2.0,2,normal,0
P5__IN1__path_3,P5,IN1,path_3,3,e01,J1,IN1,6.0,8.0,2.0,2,normal,0
P5__IN2__path_1,P5,IN2,path_1,0,e11,P5,P2,0.0,2.0,2.0,1,narrow,0
P5__IN2__path_1,P5,IN2,path_1,1,e09,P2,P3,2.0,4.0,2.0,2,normal,0
P5__IN2__path_1,P5,IN2,path_1,2,e07,P3,J3,4.0,6.0,2.0,2,normal,0
P5__IN2__path_1,P5,IN2,path_1,3,e02,J3,IN2,6.0,8.0,2.0,2,normal,0
P5__IN2__path_2,P5,IN2,path_2,0,e14,P5,P6,0.0,2.0,2.0,1,narrow,0
P5__IN2__path_2,P5,IN2,path_2,1,e12,P6,P3,2.0,4.0,2.0,1,narrow,0
P5__IN2__path_2,P5,IN2,path_2,2,e07,P3,J3,4.0,6.0,2.0,2,normal,0
P5__IN2__path_2,P5,IN2,path_2,3,e02,J3,IN2,6.0,8.0,2.0,2,normal,0
P5__IN2__path_3,P5,IN2,path_3,0,e11,P5,P2,0.0,2.0,2.0,1,narrow,0
P5__IN2__path_3,P5,IN2,path_3,1,e06,P2,J2,2.0,4.0,2.0,1,narrow,0
P5__IN2__path_3,P5,IN2,path_3,2,e04,J2,J3,4.0,6.0,2.0,2,normal,0
P5__IN2__path_3,P5,IN2,path_3,3,e02,J3,IN2,6.0,8.0,2.0,2,normal,0
P5__P1__path_1,P5,P1,path_1,0,e11,P5,P2,0.0,2.0,2.0,1,narrow,0
P5__P1__path_1,P5,P1,path_1,1,e08,P2,P1,2.0,4.0,2.0,2,normal,0
P5__P1__path_2,P5,P1,path_2,0,e13,P5,P4,0.0,2.0,2.0,1,narrow,0
P5__P1__path_2,P5,P1,path_2,1,e10,P4,P1,2.0,4.0,2.0,1,narrow,0
P5__P1__path_3,P5,P1,path_3,0,e11,P5,P2,0.0,2.0,2.0,1,narrow,0
P5__P1__path_3,P5,P1,path_3,1,e06,P2,J2,2.0,4.0,2.0,1,narrow,0
P5__P1__path_3,P5,P1,path_3,2,e03,J2,J1,4.0,6.0,2.0,2,normal,0
P5__P1__path_3,P5,P1,path_3,3,e05,J1,P1,6.0,8.0,2.0,2,normal,0
P5__P2__path_1,P5,P2,path_1,0,e11,P5,P2,0.0,2.0,2.0,1,narrow,0
P5__P2__path_2,P5,P2,path_2,0,e13,P5,P4,0.0,2.0,2.0,1,narrow,0
P5__P2__path_2,P5,P2,path_2,1,e10,P4,P1,2.0,4.0,2.0,1,narrow,0
P5__P2__path_2,P5,P2,path_2,2,e08,P1,P2,4.0,6.0,2.0,2,normal,0
P5__P2__path_3,P5,P2,path_3,0,e14,P5,P6,0.0,2.0,2.0,1,narrow,0
P5__P2__path_3,P5,P2,path_3,1,e12,P6,P3,2.0,4.0,2.0,1,narrow,0
P5__P2__path_3,P5,P2,path_3,2,e09,P3,P2,4.0,6.0,2.0,2,normal,0
P5__P3__path_1,P5,P3,path_1,0,e11,P5,P2,0.0,2.0,2.0,1,narrow,0
P5__P3__path_1,P5,P3,path_1,1,e09,P2,P3,2.0,4.0,2.0,2,normal,0
P5__P3__path_2,P5,P3,path_2,0,e14,P5,P6,0.0,2.0,2.0,1,narrow,0
P5__P3__path_2,P5,P3,path_2,1,e12,P6,P3,2.0,4.0,2.0,1,narrow,0
P5__P3__path_3,P5,P3,path_3,0,e11,P5,P2,0.0,2.0,2.0,1,narrow,0
P5__P3__path_3,P5,P3,path_3,1,e06,P2,J2,2.0,4.0,2.0,1,narrow,0
P5__P3__path_3,P5,P3,path_3,2,e04,J2,J3,4.0,6.0,2.0,2,normal,0
P5__P3__path_3,P5,P3,path_3,3,e07,J3,P3,6.0,8.0,2.0,2,normal,0
P5__P4__path_1,P5,P4,path_1,0,e13,P5,P4,0.0,2.0,2.0,1,narrow,0
P5__P4__path_2,P5,P4,path_2,0,e11,P5,P2,0.0,2.0,2.0,1,narrow,0
P5__P4__path_2,P5,P4,path_2,1,e08,P2,P1,2.0,4.0,2.0,2,normal,0
P5__P4__path_2,P5,P4,path_2,2,e10,P1,P4,4.0,6.0,2.0,1,narrow,0
P5__P4__path_3,P5,P4,path_3,0,e16,P5,P8,0.0,2.0,2.0,1,dynamic,1
P5__P4__path_3,P5,P4,path_3,1,e18,P8,P7,2.0,4.0,2.0,2,normal,0
P5__P4__path_3,P5,P4,path_3,2,e15,P7,P4,4.0,6.0,2.0,2,normal,0
P5__P6__path_1,P5,P6,path_1,0,e14,P5,P6,0.0,2.0,2.0,1,narrow,0
P5__P6__path_2,P5,P6,path_2,0,e11,P5,P2,0.0,2.0,2.0,1,narrow,0
P5__P6__path_2,P5,P6,path_2,1,e09,P2,P3,2.0,4.0,2.0,2,normal,0
P5__P6__path_2,P5,P6,path_2,2,e12,P3,P6,4.0,6.0,2.0,1,narrow,0
P5__P6__path_3,P5,P6,path_3,0,e16,P5,P8,0.0,2.0,2.0,1,dynamic,1
P5__P6__path_3,P5,P6,path_3,1,e19,P8,P9,2.0,4.0,2.0,2,normal,0
P5__P6__path_3,P5,P6,path_3,2,e17,P9,P6,4.0,6.0,2.0,2,normal,0
P5__P7__path_1,P5,P7,path_1,0,e13,P5,P4,0.0,2.0,2.0,1,narrow,0
P5__P7__path_1,P5,P7,path_1,1,e15,P4,P7,2.0,4.0,2.0,2,normal,0
P5__P7__path_2,P5,P7,path_2,0,e16,P5,P8,0.0,2.0,2.0,1,dynamic,1
P5__P7__path_2,P5,P7,path_2,1,e18,P8,P7,2.0,4.0,2.0,2,normal,0
P5__P7__path_3,P5,P7,path_3,0,e14,P5,P6,0.0,2.0,2.0,1,narrow,0
P5__P7__path_3,P5,P7,path_3,1,e17,P6,P9,2.0,4.0,2.0,2,normal,0
P5__P7__path_3,P5,P7,path_3,2,e19,P9,P8,4.0,6.0,2.0,2,normal,0
P5__P7__path_3,P5,P7,path_3,3,e18,P8,P7,6.0,8.0,2.0,2,normal,0
P5__P8__path_1,P5,P8,path_1,0,e16,P5,P8,0.0,2.0,2.0,1,dynamic,1
P5__P8__path_2,P5,P8,path_2,0,e13,P5,P4,0.0,2.0,2.0,1,narrow,0
P5__P8__path_2,P5,P8,path_2,1,e15,P4,P7,2.0,4.0,2.0,2,normal,0
P5__P8__path_2,P5,P8,path_2,2,e18,P7,P8,4.0,6.0,2.0,2,normal,0
P5__P8__path_3,P5,P8,path_3,0,e14,P5,P6,0.0,2.0,2.0,1,narrow,0
P5__P8__path_3,P5,P8,path_3,1,e17,P6,P9,2.0,4.0,2.0,2,normal,0
P5__P8__path_3,P5,P8,path_3,2,e19,P9,P8,4.0,6.0,2.0,2,normal,0
P5__P9__path_1,P5,P9,path_1,0,e14,P5,P6,0.0,2.0,2.0,1,narrow,0
P5__P9__path_1,P5,P9,path_1,1,e17,P6,P9,2.0,4.0,2.0,2,normal,0
P5__P9__path_2,P5,P9,path_2,0,e16,P5,P8,0.0,2.0,2.0,1,dynamic,1
P5__P9__path_2,P5,P9,path_2,1,e19,P8,P9,2.0,4.0,2.0,2,normal,0
P5__P9__path_3,P5,P9,path_3,0,e13,P5,P4,0.0,2.0,2.0,1,narrow,0
P5__P9__path_3,P5,P9,path_3,1,e15,P4,P7,2.0,4.0,2.0,2,normal,0
P5__P9__path_3,P5,P9,path_3,2,e18,P7,P8,4.0,6.0,2.0,2,normal,0
P5__P9__path_3,P5,P9,path_3,3,e19,P8,P9,6.0,8.0,2.0,2,normal,0
P5__SORT1__path_1,P5,SORT1,path_1,0,e13,P5,P4,0.0,2.0,2.0,1,narrow,0
P5__SORT1__path_1,P5,SORT1,path_1,1,e15,P4,P7,2.0,4.0,2.0,2,normal,0
P5__SORT1__path_1,P5,SORT1,path_1,2,e20,P7,SORT1,4.0,7.0,3.0,2,normal,0
P5__SORT1__path_2,P5,SORT1,path_2,0,e16,P5,P8,0.0,2.0,2.0,1,dynamic,1
P5__SORT1__path_2,P5,SORT1,path_2,1,e21,P8,SORT1,2.0,5.0,3.0,2,normal,0
P5__SORT1__path_3,P5,SORT1,path_3,0,e13,P5,P4,0.0,2.0,2.0,1,narrow,0
P5__SORT1__path_3,P5,SORT1,path_3,1,e15,P4,P7,2.0,4.0,2.0,2,normal,0
P5__SORT1__path_3,P5,SORT1,path_3,2,e18,P7,P8,4.0,6.0,2.0,2,normal,0
P5__SORT1__path_3,P5,SORT1,path_3,3,e21,P8,SORT1,6.0,9.0,3.0,2,normal,0
P5__SORT2__path_1,P5,SORT2,path_1,0,e14,P5,P6,0.0,2.0,2.0,1,narrow,0
P5__SORT2__path_1,P5,SORT2,path_1,1,e17,P6,P9,2.0,4.0,2.0,2,normal,0
P5__SORT2__path_1,P5,SORT2,path_1,2,e23,P9,SORT2,4.0,7.0,3.0,2,normal,0
P5__SORT2__path_2,P5,SORT2,path_2,0,e16,P5,P8,0.0,2.0,2.0,1,dynamic,1
P5__SORT2__path_2,P5,SORT2,path_2,1,e22,P8,SORT2,2.0,5.0,3.0,2,normal,0
P5__SORT2__path_3,P5,SORT2,path_3,0,e14,P5,P6,0.0,2.0,2.0,1,narrow,0
P5__SORT2__path_3,P5,SORT2,path_3,1,e17,P6,P9,2.0,4.0,2.0,2,normal,0
P5__SORT2__path_3,P5,SORT2,path_3,2,e19,P9,P8,4.0,6.0,2.0,2,normal,0
P5__SORT2__path_3,P5,SORT2,path_3,3,e22,P8,SORT2,6.0,9.0,3.0,2,normal,0
P5__OUT1__path_1,P5,OUT1,path_1,0,e13,P5,P4,0.0,2.0,2.0,1,narrow,0
P5__OUT1__path_1,P5,OUT1,path_1,1,e15,P4,P7,2.0,4.0,2.0,2,normal,0
P5__OUT1__path_1,P5,OUT1,path_1,2,e20,P7,SORT1,4.0,7.0,3.0,2,normal,0
P5__OUT1__path_1,P5,OUT1,path_1,3,e24,SORT1,OUT1,7.0,9.0,2.0,1,oneway,0
P5__OUT1__path_2,P5,OUT1,path_2,0,e16,P5,P8,0.0,2.0,2.0,1,dynamic,1
P5__OUT1__path_2,P5,OUT1,path_2,1,e21,P8,SORT1,2.0,5.0,3.0,2,normal,0
P5__OUT1__path_2,P5,OUT1,path_2,2,e24,SORT1,OUT1,5.0,7.0,2.0,1,oneway,0
P5__OUT1__path_3,P5,OUT1,path_3,0,e13,P5,P4,0.0,2.0,2.0,1,narrow,0
P5__OUT1__path_3,P5,OUT1,path_3,1,e15,P4,P7,2.0,4.0,2.0,2,normal,0
P5__OUT1__path_3,P5,OUT1,path_3,2,e18,P7,P8,4.0,6.0,2.0,2,normal,0
P5__OUT1__path_3,P5,OUT1,path_3,3,e21,P8,SORT1,6.0,9.0,3.0,2,normal,0
P5__OUT1__path_3,P5,OUT1,path_3,4,e24,SORT1,OUT1,9.0,11.0,2.0,1,oneway,0
P5__OUT2__path_1,P5,OUT2,path_1,0,e14,P5,P6,0.0,2.0,2.0,1,narrow,0
P5__OUT2__path_1,P5,OUT2,path_1,1,e17,P6,P9,2.0,4.0,2.0,2,normal,0
P5__OUT2__path_1,P5,OUT2,path_1,2,e23,P9,SORT2,4.0,7.0,3.0,2,normal,0
P5__OUT2__path_1,P5,OUT2,path_1,3,e25,SORT2,OUT2,7.0,9.0,2.0,1,oneway,0
P5__OUT2__path_2,P5,OUT2,path_2,0,e16,P5,P8,0.0,2.0,2.0,1,dynamic,1
P5__OUT2__path_2,P5,OUT2,path_2,1,e22,P8,SORT2,2.0,5.0,3.0,2,normal,0
P5__OUT2__path_2,P5,OUT2,path_2,2,e25,SORT2,OUT2,5.0,7.0,2.0,1,oneway,0
P5__OUT2__path_3,P5,OUT2,path_3,0,e14,P5,P6,0.0,2.0,2.0,1,narrow,0
P5__OUT2__path_3,P5,OUT2,path_3,1,e17,P6,P9,2.0,4.0,2.0,2,normal,0
P5__OUT2__path_3,P5,OUT2,path_3,2,e19,P9,P8,4.0,6.0,2.0,2,normal,0
P5__OUT2__path_3,P5,OUT2,path_3,3,e22,P8,SORT2,6.0,9.0,3.0,2,normal,0
P5__OUT2__path_3,P5,OUT2,path_3,4,e25,SORT2,OUT2,9.0,11.0,2.0,1,oneway,0
P5__CHG1__path_1,P5,CHG1,path_1,0,e11,P5,P2,0.0,2.0,2.0,1,narrow,0
P5__CHG1__path_1,P5,CHG1,path_1,1,e08,P2,P1,2.0,4.0,2.0,2,normal,0
P5__CHG1__path_1,P5,CHG1,path_1,2,e05,P1,J1,4.0,6.0,2.0,2,normal,0
P5__CHG1__path_1,P5,CHG1,path_1,3,e26,J1,CHG1,6.0,8.0,2.0,1,normal,0
P5__CHG1__path_2,P5,CHG1,path_2,0,e11,P5,P2,0.0,2.0,2.0,1,narrow,0
P5__CHG1__path_2,P5,CHG1,path_2,1,e06,P2,J2,2.0,4.0,2.0,1,narrow,0
P5__CHG1__path_2,P5,CHG1,path_2,2,e03,J2,J1,4.0,6.0,2.0,2,normal,0
P5__CHG1__path_2,P5,CHG1,path_2,3,e26,J1,CHG1,6.0,8.0,2.0,1,normal,0
P5__CHG1__path_3,P5,CHG1,path_3,0,e13,P5,P4,0.0,2.0,2.0,1,narrow,0
P5__CHG1__path_3,P5,CHG1,path_3,1,e10,P4,P1,2.0,4.0,2.0,1,narrow,0
P5__CHG1__path_3,P5,CHG1,path_3,2,e05,P1,J1,4.0,6.0,2.0,2,normal,0
P5__CHG1__path_3,P5,CHG1,path_3,3,e26,J1,CHG1,6.0,8.0,2.0,1,normal,0
P5__CHG2__path_1,P5,CHG2,path_1,0,e13,P5,P4,0.0,2.0,2.0,1,narrow,0
P5__CHG2__path_1,P5,CHG2,path_1,1,e15,P4,P7,2.0,4.0,2.0,2,normal,0
P5__CHG2__path_1,P5,CHG2,path_1,2,e27,P7,CHG2,4.0,6.0,2.0,1,normal,0
P5__CHG2__path_2,P5,CHG2,path_2,0,e16,P5,P8,0.0,2.0,2.0,1,dynamic,1
P5__CHG2__path_2,P5,CHG2,path_2,1,e18,P8,P7,2.0,4.0,2.0,2,normal,0
P5__CHG2__path_2,P5,CHG2,path_2,2,e27,P7,CHG2,4.0,6.0,2.0,1,normal,0
P5__CHG2__path_3,P5,CHG2,path_3,0,e14,P5,P6,0.0,2.0,2.0,1,narrow,0
P5__CHG2__path_3,P5,CHG2,path_3,1,e17,P6,P9,2.0,4.0,2.0,2,normal,0
P5__CHG2__path_3,P5,CHG2,path_3,2,e19,P9,P8,4.0,6.0,2.0,2,normal,0
P5__CHG2__path_3,P5,CHG2,path_3,3,e18,P8,P7,6.0,8.0,2.0,2,normal,0
P5__CHG2__path_3,P5,CHG2,path_3,4,e27,P7,CHG2,8.0,10.0,2.0,1,normal,0
P6__IN1__path_1,P6,IN1,path_1,0,e12,P6,P3,0.0,2.0,2.0,1,narrow,0
P6__IN1__path_1,P6,IN1,path_1,1,e07,P3,J3,2.0,4.0,2.0,2,normal,0
P6__IN1__path_1,P6,IN1,path_1,2,e04,J3,J2,4.0,6.0,2.0,2,normal,0
P6__IN1__path_1,P6,IN1,path_1,3,e03,J2,J1,6.0,8.0,2.0,2,normal,0
P6__IN1__path_1,P6,IN1,path_1,4,e01,J1,IN1,8.0,10.0,2.0,2,normal,0
P6__IN1__path_2,P6,IN1,path_2,0,e12,P6,P3,0.0,2.0,2.0,1,narrow,0
P6__IN1__path_2,P6,IN1,path_2,1,e09,P3,P2,2.0,4.0,2.0,2,normal,0
P6__IN1__path_2,P6,IN1,path_2,2,e08,P2,P1,4.0,6.0,2.0,2,normal,0
P6__IN1__path_2,P6,IN1,path_2,3,e05,P1,J1,6.0,8.0,2.0,2,normal,0
P6__IN1__path_2,P6,IN1,path_2,4,e01,J1,IN1,8.0,10.0,2.0,2,normal,0
P6__IN1__path_3,P6,IN1,path_3,0,e14,P6,P5,0.0,2.0,2.0,1,narrow,0
P6__IN1__path_3,P6,IN1,path_3,1,e11,P5,P2,2.0,4.0,2.0,1,narrow,0
P6__IN1__path_3,P6,IN1,path_3,2,e08,P2,P1,4.0,6.0,2.0,2,normal,0
P6__IN1__path_3,P6,IN1,path_3,3,e05,P1,J1,6.0,8.0,2.0,2,normal,0
P6__IN1__path_3,P6,IN1,path_3,4,e01,J1,IN1,8.0,10.0,2.0,2,normal,0
P6__IN2__path_1,P6,IN2,path_1,0,e12,P6,P3,0.0,2.0,2.0,1,narrow,0
P6__IN2__path_1,P6,IN2,path_1,1,e07,P3,J3,2.0,4.0,2.0,2,normal,0
P6__IN2__path_1,P6,IN2,path_1,2,e02,J3,IN2,4.0,6.0,2.0,2,normal,0
P6__IN2__path_2,P6,IN2,path_2,0,e14,P6,P5,0.0,2.0,2.0,1,narrow,0
P6__IN2__path_2,P6,IN2,path_2,1,e11,P5,P2,2.0,4.0,2.0,1,narrow,0
P6__IN2__path_2,P6,IN2,path_2,2,e09,P2,P3,4.0,6.0,2.0,2,normal,0
P6__IN2__path_2,P6,IN2,path_2,3,e07,P3,J3,6.0,8.0,2.0,2,normal,0
P6__IN2__path_2,P6,IN2,path_2,4,e02,J3,IN2,8.0,10.0,2.0,2,normal,0
P6__IN2__path_3,P6,IN2,path_3,0,e12,P6,P3,0.0,2.0,2.0,1,narrow,0
P6__IN2__path_3,P6,IN2,path_3,1,e09,P3,P2,2.0,4.0,2.0,2,normal,0
P6__IN2__path_3,P6,IN2,path_3,2,e06,P2,J2,4.0,6.0,2.0,1,narrow,0
P6__IN2__path_3,P6,IN2,path_3,3,e04,J2,J3,6.0,8.0,2.0,2,normal,0
P6__IN2__path_3,P6,IN2,path_3,4,e02,J3,IN2,8.0,10.0,2.0,2,normal,0
P6__P1__path_1,P6,P1,path_1,0,e12,P6,P3,0.0,2.0,2.0,1,narrow,0
P6__P1__path_1,P6,P1,path_1,1,e09,P3,P2,2.0,4.0,2.0,2,normal,0
P6__P1__path_1,P6,P1,path_1,2,e08,P2,P1,4.0,6.0,2.0,2,normal,0
P6__P1__path_2,P6,P1,path_2,0,e14,P6,P5,0.0,2.0,2.0,1,narrow,0
P6__P1__path_2,P6,P1,path_2,1,e11,P5,P2,2.0,4.0,2.0,1,narrow,0
P6__P1__path_2,P6,P1,path_2,2,e08,P2,P1,4.0,6.0,2.0,2,normal,0
P6__P1__path_3,P6,P1,path_3,0,e14,P6,P5,0.0,2.0,2.0,1,narrow,0
P6__P1__path_3,P6,P1,path_3,1,e13,P5,P4,2.0,4.0,2.0,1,narrow,0
P6__P1__path_3,P6,P1,path_3,2,e10,P4,P1,4.0,6.0,2.0,1,narrow,0
P6__P2__path_1,P6,P2,path_1,0,e12,P6,P3,0.0,2.0,2.0,1,narrow,0
P6__P2__path_1,P6,P2,path_1,1,e09,P3,P2,2.0,4.0,2.0,2,normal,0
P6__P2__path_2,P6,P2,path_2,0,e14,P6,P5,0.0,2.0,2.0,1,narrow,0
P6__P2__path_2,P6,P2,path_2,1,e11,P5,P2,2.0,4.0,2.0,1,narrow,0
P6__P2__path_3,P6,P2,path_3,0,e12,P6,P3,0.0,2.0,2.0,1,narrow,0
P6__P2__path_3,P6,P2,path_3,1,e07,P3,J3,2.0,4.0,2.0,2,normal,0
P6__P2__path_3,P6,P2,path_3,2,e04,J3,J2,4.0,6.0,2.0,2,normal,0
P6__P2__path_3,P6,P2,path_3,3,e06,J2,P2,6.0,8.0,2.0,1,narrow,0
P6__P3__path_1,P6,P3,path_1,0,e12,P6,P3,0.0,2.0,2.0,1,narrow,0
P6__P3__path_2,P6,P3,path_2,0,e14,P6,P5,0.0,2.0,2.0,1,narrow,0
P6__P3__path_2,P6,P3,path_2,1,e11,P5,P2,2.0,4.0,2.0,1,narrow,0
P6__P3__path_2,P6,P3,path_2,2,e09,P2,P3,4.0,6.0,2.0,2,normal,0
P6__P3__path_3,P6,P3,path_3,0,e14,P6,P5,0.0,2.0,2.0,1,narrow,0
P6__P3__path_3,P6,P3,path_3,1,e13,P5,P4,2.0,4.0,2.0,1,narrow,0
P6__P3__path_3,P6,P3,path_3,2,e10,P4,P1,4.0,6.0,2.0,1,narrow,0
P6__P3__path_3,P6,P3,path_3,3,e08,P1,P2,6.0,8.0,2.0,2,normal,0
P6__P3__path_3,P6,P3,path_3,4,e09,P2,P3,8.0,10.0,2.0,2,normal,0
P6__P4__path_1,P6,P4,path_1,0,e14,P6,P5,0.0,2.0,2.0,1,narrow,0
P6__P4__path_1,P6,P4,path_1,1,e13,P5,P4,2.0,4.0,2.0,1,narrow,0
P6__P4__path_2,P6,P4,path_2,0,e17,P6,P9,0.0,2.0,2.0,2,normal,0
P6__P4__path_2,P6,P4,path_2,1,e19,P9,P8,2.0,4.0,2.0,2,normal,0
P6__P4__path_2,P6,P4,path_2,2,e18,P8,P7,4.0,6.0,2.0,2,normal,0
P6__P4__path_2,P6,P4,path_2,3,e15,P7,P4,6.0,8.0,2.0,2,normal,0
P6__P4__path_3,P6,P4,path_3,0,e12,P6,P3,0.0,2.0,2.0,1,narrow,0
P6__P4__path_3,P6,P4,path_3,1,e09,P3,P2,2.0,4.0,2.0,2,normal,0
P6__P4__path_3,P6,P4,path_3,2,e08,P2,P1,4.0,6.0,2.0,2,normal,0
P6__P4__path_3,P6,P4,path_3,3,e10,P1,P4,6.0,8.0,2.0,1,narrow,0
P6__P5__path_1,P6,P5,path_1,0,e14,P6,P5,0.0,2.0,2.0,1,narrow,0
P6__P5__path_2,P6,P5,path_2,0,e12,P6,P3,0.0,2.0,2.0,1,narrow,0
P6__P5__path_2,P6,P5,path_2,1,e09,P3,P2,2.0,4.0,2.0,2,normal,0
P6__P5__path_2,P6,P5,path_2,2,e11,P2,P5,4.0,6.0,2.0,1,narrow,0
P6__P5__path_3,P6,P5,path_3,0,e17,P6,P9,0.0,2.0,2.0,2,normal,0
P6__P5__path_3,P6,P5,path_3,1,e19,P9,P8,2.0,4.0,2.0,2,normal,0
P6__P5__path_3,P6,P5,path_3,2,e16,P8,P5,4.0,6.0,2.0,1,dynamic,1
P6__P7__path_1,P6,P7,path_1,0,e17,P6,P9,0.0,2.0,2.0,2,normal,0
P6__P7__path_1,P6,P7,path_1,1,e19,P9,P8,2.0,4.0,2.0,2,normal,0
P6__P7__path_1,P6,P7,path_1,2,e18,P8,P7,4.0,6.0,2.0,2,normal,0
P6__P7__path_2,P6,P7,path_2,0,e14,P6,P5,0.0,2.0,2.0,1,narrow,0
P6__P7__path_2,P6,P7,path_2,1,e13,P5,P4,2.0,4.0,2.0,1,narrow,0
P6__P7__path_2,P6,P7,path_2,2,e15,P4,P7,4.0,6.0,2.0,2,normal,0
P6__P7__path_3,P6,P7,path_3,0,e17,P6,P9,0.0,2.0,2.0,2,normal,0
P6__P7__path_3,P6,P7,path_3,1,e23,P9,SORT2,2.0,5.0,3.0,2,normal,0
P6__P7__path_3,P6,P7,path_3,2,e22,SORT2,P8,5.0,8.0,3.0,2,normal,0
P6__P7__path_3,P6,P7,path_3,3,e18,P8,P7,8.0,10.0,2.0,2,normal,0
P6__P8__path_1,P6,P8,path_1,0,e17,P6,P9,0.0,2.0,2.0,2,normal,0
P6__P8__path_1,P6,P8,path_1,1,e19,P9,P8,2.0,4.0,2.0,2,normal,0
P6__P8__path_2,P6,P8,path_2,0,e17,P6,P9,0.0,2.0,2.0,2,normal,0
P6__P8__path_2,P6,P8,path_2,1,e23,P9,SORT2,2.0,5.0,3.0,2,normal,0
P6__P8__path_2,P6,P8,path_2,2,e22,SORT2,P8,5.0,8.0,3.0,2,normal,0
P6__P8__path_3,P6,P8,path_3,0,e14,P6,P5,0.0,2.0,2.0,1,narrow,0
P6__P8__path_3,P6,P8,path_3,1,e16,P5,P8,2.0,4.0,2.0,1,dynamic,1
P6__P9__path_1,P6,P9,path_1,0,e17,P6,P9,0.0,2.0,2.0,2,normal,0
P6__P9__path_2,P6,P9,path_2,0,e14,P6,P5,0.0,2.0,2.0,1,narrow,0
P6__P9__path_2,P6,P9,path_2,1,e16,P5,P8,2.0,4.0,2.0,1,dynamic,1
P6__P9__path_2,P6,P9,path_2,2,e19,P8,P9,4.0,6.0,2.0,2,normal,0
P6__P9__path_3,P6,P9,path_3,0,e14,P6,P5,0.0,2.0,2.0,1,narrow,0
P6__P9__path_3,P6,P9,path_3,1,e13,P5,P4,2.0,4.0,2.0,1,narrow,0
P6__P9__path_3,P6,P9,path_3,2,e15,P4,P7,4.0,6.0,2.0,2,normal,0
P6__P9__path_3,P6,P9,path_3,3,e18,P7,P8,6.0,8.0,2.0,2,normal,0
P6__P9__path_3,P6,P9,path_3,4,e19,P8,P9,8.0,10.0,2.0,2,normal,0
P6__SORT1__path_1,P6,SORT1,path_1,0,e17,P6,P9,0.0,2.0,2.0,2,normal,0
P6__SORT1__path_1,P6,SORT1,path_1,1,e19,P9,P8,2.0,4.0,2.0,2,normal,0
P6__SORT1__path_1,P6,SORT1,path_1,2,e21,P8,SORT1,4.0,7.0,3.0,2,normal,0
P6__SORT1__path_2,P6,SORT1,path_2,0,e17,P6,P9,0.0,2.0,2.0,2,normal,0
P6__SORT1__path_2,P6,SORT1,path_2,1,e19,P9,P8,2.0,4.0,2.0,2,normal,0
P6__SORT1__path_2,P6,SORT1,path_2,2,e18,P8,P7,4.0,6.0,2.0,2,normal,0
P6__SORT1__path_2,P6,SORT1,path_2,3,e20,P7,SORT1,6.0,9.0,3.0,2,normal,0
P6__SORT1__path_3,P6,SORT1,path_3,0,e17,P6,P9,0.0,2.0,2.0,2,normal,0
P6__SORT1__path_3,P6,SORT1,path_3,1,e23,P9,SORT2,2.0,5.0,3.0,2,normal,0
P6__SORT1__path_3,P6,SORT1,path_3,2,e22,SORT2,P8,5.0,8.0,3.0,2,normal,0
P6__SORT1__path_3,P6,SORT1,path_3,3,e21,P8,SORT1,8.0,11.0,3.0,2,normal,0
P6__SORT1__path_4,P6,SORT1,path_4,0,e14,P6,P5,0.0,2.0,2.0,1,narrow,0
P6__SORT1__path_4,P6,SORT1,path_4,1,e16,P5,P8,2.0,4.0,2.0,1,dynamic,1
P6__SORT1__path_4,P6,SORT1,path_4,2,e21,P8,SORT1,4.0,7.0,3.0,2,normal,0
P6__SORT2__path_1,P6,SORT2,path_1,0,e17,P6,P9,0.0,2.0,2.0,2,normal,0
P6__SORT2__path_1,P6,SORT2,path_1,1,e23,P9,SORT2,2.0,5.0,3.0,2,normal,0
P6__SORT2__path_2,P6,SORT2,path_2,0,e17,P6,P9,0.0,2.0,2.0,2,normal,0
P6__SORT2__path_2,P6,SORT2,path_2,1,e19,P9,P8,2.0,4.0,2.0,2,normal,0
P6__SORT2__path_2,P6,SORT2,path_2,2,e22,P8,SORT2,4.0,7.0,3.0,2,normal,0
P6__SORT2__path_3,P6,SORT2,path_3,0,e14,P6,P5,0.0,2.0,2.0,1,narrow,0
P6__SORT2__path_3,P6,SORT2,path_3,1,e16,P5,P8,2.0,4.0,2.0,1,dynamic,1
P6__SORT2__path_3,P6,SORT2,path_3,2,e22,P8,SORT2,4.0,7.0,3.0,2,normal,0
P6__OUT1__path_1,P6,OUT1,path_1,0,e17,P6,P9,0.0,2.0,2.0,2,normal,0
P6__OUT1__path_1,P6,OUT1,path_1,1,e19,P9,P8,2.0,4.0,2.0,2,normal,0
P6__OUT1__path_1,P6,OUT1,path_1,2,e21,P8,SORT1,4.0,7.0,3.0,2,normal,0
P6__OUT1__path_1,P6,OUT1,path_1,3,e24,SORT1,OUT1,7.0,9.0,2.0,1,oneway,0
P6__OUT1__path_2,P6,OUT1,path_2,0,e17,P6,P9,0.0,2.0,2.0,2,normal,0
P6__OUT1__path_2,P6,OUT1,path_2,1,e19,P9,P8,2.0,4.0,2.0,2,normal,0
P6__OUT1__path_2,P6,OUT1,path_2,2,e18,P8,P7,4.0,6.0,2.0,2,normal,0
P6__OUT1__path_2,P6,OUT1,path_2,3,e20,P7,SORT1,6.0,9.0,3.0,2,normal,0
P6__OUT1__path_2,P6,OUT1,path_2,4,e24,SORT1,OUT1,9.0,11.0,2.0,1,oneway,0
P6__OUT1__path_3,P6,OUT1,path_3,0,e17,P6,P9,0.0,2.0,2.0,2,normal,0
P6__OUT1__path_3,P6,OUT1,path_3,1,e23,P9,SORT2,2.0,5.0,3.0,2,normal,0
P6__OUT1__path_3,P6,OUT1,path_3,2,e22,SORT2,P8,5.0,8.0,3.0,2,normal,0
P6__OUT1__path_3,P6,OUT1,path_3,3,e21,P8,SORT1,8.0,11.0,3.0,2,normal,0
P6__OUT1__path_3,P6,OUT1,path_3,4,e24,SORT1,OUT1,11.0,13.0,2.0,1,oneway,0
P6__OUT1__path_4,P6,OUT1,path_4,0,e14,P6,P5,0.0,2.0,2.0,1,narrow,0
P6__OUT1__path_4,P6,OUT1,path_4,1,e16,P5,P8,2.0,4.0,2.0,1,dynamic,1
P6__OUT1__path_4,P6,OUT1,path_4,2,e21,P8,SORT1,4.0,7.0,3.0,2,normal,0
P6__OUT1__path_4,P6,OUT1,path_4,3,e24,SORT1,OUT1,7.0,9.0,2.0,1,oneway,0
P6__OUT2__path_1,P6,OUT2,path_1,0,e17,P6,P9,0.0,2.0,2.0,2,normal,0
P6__OUT2__path_1,P6,OUT2,path_1,1,e23,P9,SORT2,2.0,5.0,3.0,2,normal,0
P6__OUT2__path_1,P6,OUT2,path_1,2,e25,SORT2,OUT2,5.0,7.0,2.0,1,oneway,0
P6__OUT2__path_2,P6,OUT2,path_2,0,e17,P6,P9,0.0,2.0,2.0,2,normal,0
P6__OUT2__path_2,P6,OUT2,path_2,1,e19,P9,P8,2.0,4.0,2.0,2,normal,0
P6__OUT2__path_2,P6,OUT2,path_2,2,e22,P8,SORT2,4.0,7.0,3.0,2,normal,0
P6__OUT2__path_2,P6,OUT2,path_2,3,e25,SORT2,OUT2,7.0,9.0,2.0,1,oneway,0
P6__OUT2__path_3,P6,OUT2,path_3,0,e14,P6,P5,0.0,2.0,2.0,1,narrow,0
P6__OUT2__path_3,P6,OUT2,path_3,1,e16,P5,P8,2.0,4.0,2.0,1,dynamic,1
P6__OUT2__path_3,P6,OUT2,path_3,2,e22,P8,SORT2,4.0,7.0,3.0,2,normal,0
P6__OUT2__path_3,P6,OUT2,path_3,3,e25,SORT2,OUT2,7.0,9.0,2.0,1,oneway,0
P6__CHG1__path_1,P6,CHG1,path_1,0,e12,P6,P3,0.0,2.0,2.0,1,narrow,0
P6__CHG1__path_1,P6,CHG1,path_1,1,e07,P3,J3,2.0,4.0,2.0,2,normal,0
P6__CHG1__path_1,P6,CHG1,path_1,2,e04,J3,J2,4.0,6.0,2.0,2,normal,0
P6__CHG1__path_1,P6,CHG1,path_1,3,e03,J2,J1,6.0,8.0,2.0,2,normal,0
P6__CHG1__path_1,P6,CHG1,path_1,4,e26,J1,CHG1,8.0,10.0,2.0,1,normal,0
P6__CHG1__path_2,P6,CHG1,path_2,0,e12,P6,P3,0.0,2.0,2.0,1,narrow,0
P6__CHG1__path_2,P6,CHG1,path_2,1,e09,P3,P2,2.0,4.0,2.0,2,normal,0
P6__CHG1__path_2,P6,CHG1,path_2,2,e08,P2,P1,4.0,6.0,2.0,2,normal,0
P6__CHG1__path_2,P6,CHG1,path_2,3,e05,P1,J1,6.0,8.0,2.0,2,normal,0
P6__CHG1__path_2,P6,CHG1,path_2,4,e26,J1,CHG1,8.0,10.0,2.0,1,normal,0
P6__CHG1__path_3,P6,CHG1,path_3,0,e14,P6,P5,0.0,2.0,2.0,1,narrow,0
P6__CHG1__path_3,P6,CHG1,path_3,1,e11,P5,P2,2.0,4.0,2.0,1,narrow,0
P6__CHG1__path_3,P6,CHG1,path_3,2,e08,P2,P1,4.0,6.0,2.0,2,normal,0
P6__CHG1__path_3,P6,CHG1,path_3,3,e05,P1,J1,6.0,8.0,2.0,2,normal,0
P6__CHG1__path_3,P6,CHG1,path_3,4,e26,J1,CHG1,8.0,10.0,2.0,1,normal,0
P6__CHG2__path_1,P6,CHG2,path_1,0,e17,P6,P9,0.0,2.0,2.0,2,normal,0
P6__CHG2__path_1,P6,CHG2,path_1,1,e19,P9,P8,2.0,4.0,2.0,2,normal,0
P6__CHG2__path_1,P6,CHG2,path_1,2,e18,P8,P7,4.0,6.0,2.0,2,normal,0
P6__CHG2__path_1,P6,CHG2,path_1,3,e27,P7,CHG2,6.0,8.0,2.0,1,normal,0
P6__CHG2__path_2,P6,CHG2,path_2,0,e14,P6,P5,0.0,2.0,2.0,1,narrow,0
P6__CHG2__path_2,P6,CHG2,path_2,1,e13,P5,P4,2.0,4.0,2.0,1,narrow,0
P6__CHG2__path_2,P6,CHG2,path_2,2,e15,P4,P7,4.0,6.0,2.0,2,normal,0
P6__CHG2__path_2,P6,CHG2,path_2,3,e27,P7,CHG2,6.0,8.0,2.0,1,normal,0
P6__CHG2__path_3,P6,CHG2,path_3,0,e17,P6,P9,0.0,2.0,2.0,2,normal,0
P6__CHG2__path_3,P6,CHG2,path_3,1,e23,P9,SORT2,2.0,5.0,3.0,2,normal,0
P6__CHG2__path_3,P6,CHG2,path_3,2,e22,SORT2,P8,5.0,8.0,3.0,2,normal,0
P6__CHG2__path_3,P6,CHG2,path_3,3,e18,P8,P7,8.0,10.0,2.0,2,normal,0
P6__CHG2__path_3,P6,CHG2,path_3,4,e27,P7,CHG2,10.0,12.0,2.0,1,normal,0
P7__IN1__path_1,P7,IN1,path_1,0,e15,P7,P4,0.0,2.0,2.0,2,normal,0
P7__IN1__path_1,P7,IN1,path_1,1,e10,P4,P1,2.0,4.0,2.0,1,narrow,0
P7__IN1__path_1,P7,IN1,path_1,2,e05,P1,J1,4.0,6.0,2.0,2,normal,0
P7__IN1__path_1,P7,IN1,path_1,3,e01,J1,IN1,6.0,8.0,2.0,2,normal,0
P7__IN1__path_2,P7,IN1,path_2,0,e15,P7,P4,0.0,2.0,2.0,2,normal,0
P7__IN1__path_2,P7,IN1,path_2,1,e13,P4,P5,2.0,4.0,2.0,1,narrow,0
P7__IN1__path_2,P7,IN1,path_2,2,e11,P5,P2,4.0,6.0,2.0,1,narrow,0
P7__IN1__path_2,P7,IN1,path_2,3,e08,P2,P1,6.0,8.0,2.0,2,normal,0
P7__IN1__path_2,P7,IN1,path_2,4,e05,P1,J1,8.0,10.0,2.0,2,normal,0
P7__IN1__path_2,P7,IN1,path_2,5,e01,J1,IN1,10.0,12.0,2.0,2,normal,0
P7__IN1__path_3,P7,IN1,path_3,0,e15,P7,P4,0.0,2.0,2.0,2,normal,0
P7__IN1__path_3,P7,IN1,path_3,1,e10,P4,P1,2.0,4.0,2.0,1,narrow,0
P7__IN1__path_3,P7,IN1,path_3,2,e08,P1,P2,4.0,6.0,2.0,2,normal,0
P7__IN1__path_3,P7,IN1,path_3,3,e06,P2,J2,6.0,8.0,2.0,1,narrow,0
P7__IN1__path_3,P7,IN1,path_3,4,e03,J2,J1,8.0,10.0,2.0,2,normal,0
P7__IN1__path_3,P7,IN1,path_3,5,e01,J1,IN1,10.0,12.0,2.0,2,normal,0
P7__IN2__path_1,P7,IN2,path_1,0,e18,P7,P8,0.0,2.0,2.0,2,normal,0
P7__IN2__path_1,P7,IN2,path_1,1,e19,P8,P9,2.0,4.0,2.0,2,normal,0
P7__IN2__path_1,P7,IN2,path_1,2,e17,P9,P6,4.0,6.0,2.0,2,normal,0
P7__IN2__path_1,P7,IN2,path_1,3,e12,P6,P3,6.0,8.0,2.0,1,narrow,0
P7__IN2__path_1,P7,IN2,path_1,4,e07,P3,J3,8.0,10.0,2.0,2,normal,0
P7__IN2__path_1,P7,IN2,path_1,5,e02,J3,IN2,10.0,12.0,2.0,2,normal,0
P7__IN2__path_2,P7,IN2,path_2,0,e15,P7,P4,0.0,2.0,2.0,2,normal,0
P7__IN2__path_2,P7,IN2,path_2,1,e10,P4,P1,2.0,4.0,2.0,1,narrow,0
P7__IN2__path_2,P7,IN2,path_2,2,e05,P1,J1,4.0,6.0,2.0,2,normal,0
P7__IN2__path_2,P7,IN2,path_2,3,e03,J1,J2,6.0,8.0,2.0,2,normal,0
P7__IN2__path_2,P7,IN2,path_2,4,e04,J2,J3,8.0,10.0,2.0,2,normal,0
P7__IN2__path_2,P7,IN2,path_2,5,e02,J3,IN2,10.0,12.0,2.0,2,normal,0
P7__IN2__path_3,P7,IN2,path_3,0,e15,P7,P4,0.0,2.0,2.0,2,normal,0
P7__IN2__path_3,P7,IN2,path_3,1,e10,P4,P1,2.0,4.0,2.0,1,narrow,0
P7__IN2__path_3,P7,IN2,path_3,2,e08,P1,P2,4.0,6.0,2.0,2,normal,0
P7__IN2__path_3,P7,IN2,path_3,3,e09,P2,P3,6.0,8.0,2.0,2,normal,0
P7__IN2__path_3,P7,IN2,path_3,4,e07,P3,J3,8.0,10.0,2.0,2,normal,0
P7__IN2__path_3,P7,IN2,path_3,5,e02,J3,IN2,10.0,12.0,2.0,2,normal,0
P7__P1__path_1,P7,P1,path_1,0,e15,P7,P4,0.0,2.0,2.0,2,normal,0
P7__P1__path_1,P7,P1,path_1,1,e10,P4,P1,2.0,4.0,2.0,1,narrow,0
P7__P1__path_2,P7,P1,path_2,0,e15,P7,P4,0.0,2.0,2.0,2,normal,0
P7__P1__path_2,P7,P1,path_2,1,e13,P4,P5,2.0,4.0,2.0,1,narrow,0
P7__P1__path_2,P7,P1,path_2,2,e11,P5,P2,4.0,6.0,2.0,1,narrow,0
P7__P1__path_2,P7,P1,path_2,3,e08,P2,P1,6.0,8.0,2.0,2,normal,0
P7__P1__path_3,P7,P1,path_3,0,e18,P7,P8,0.0,2.0,2.0,2,normal,0
P7__P1__path_3,P7,P1,path_3,1,e16,P8,P5,2.0,4.0,2.0,1,dynamic,1
P7__P1__path_3,P7,P1,path_3,2,e11,P5,P2,4.0,6.0,2.0,1,narrow,0
P7__P1__path_3,P7,P1,path_3,3,e08,P2,P1,6.0,8.0,2.0,2,normal,0
P7__P2__path_1,P7,P2,path_1,0,e15,P7,P4,0.0,2.0,2.0,2,normal,0
P7__P2__path_1,P7,P2,path_1,1,e10,P4,P1,2.0,4.0,2.0,1,narrow,0
P7__P2__path_1,P7,P2,path_1,2,e08,P1,P2,4.0,6.0,2.0,2,normal,0
P7__P2__path_2,P7,P2,path_2,0,e15,P7,P4,0.0,2.0,2.0,2,normal,0
P7__P2__path_2,P7,P2,path_2,1,e13,P4,P5,2.0,4.0,2.0,1,narrow,0
P7__P2__path_2,P7,P2,path_2,2,e11,P5,P2,4.0,6.0,2.0,1,narrow,0
P7__P2__path_3,P7,P2,path_3,0,e18,P7,P8,0.0,2.0,2.0,2,normal,0
P7__P2__path_3,P7,P2,path_3,1,e16,P8,P5,2.0,4.0,2.0,1,dynamic,1
P7__P2__path_3,P7,P2,path_3,2,e11,P5,P2,4.0,6.0,2.0,1,narrow,0
P7__P3__path_1,P7,P3,path_1,0,e15,P7,P4,0.0,2.0,2.0,2,normal,0
P7__P3__path_1,P7,P3,path_1,1,e10,P4,P1,2.0,4.0,2.0,1,narrow,0
P7__P3__path_1,P7,P3,path_1,2,e08,P1,P2,4.0,6.0,2.0,2,normal,0
P7__P3__path_1,P7,P3,path_1,3,e09,P2,P3,6.0,8.0,2.0,2,normal,0
P7__P3__path_2,P7,P3,path_2,0,e18,P7,P8,0.0,2.0,2.0,2,normal,0
P7__P3__path_2,P7,P3,path_2,1,e19,P8,P9,2.0,4.0,2.0,2,normal,0
P7__P3__path_2,P7,P3,path_2,2,e17,P9,P6,4.0,6.0,2.0,2,normal,0
P7__P3__path_2,P7,P3,path_2,3,e12,P6,P3,6.0,8.0,2.0,1,narrow,0
P7__P3__path_3,P7,P3,path_3,0,e15,P7,P4,0.0,2.0,2.0,2,normal,0
P7__P3__path_3,P7,P3,path_3,1,e13,P4,P5,2.0,4.0,2.0,1,narrow,0
P7__P3__path_3,P7,P3,path_3,2,e11,P5,P2,4.0,6.0,2.0,1,narrow,0
P7__P3__path_3,P7,P3,path_3,3,e09,P2,P3,6.0,8.0,2.0,2,normal,0
P7__P4__path_1,P7,P4,path_1,0,e15,P7,P4,0.0,2.0,2.0,2,normal,0
P7__P4__path_2,P7,P4,path_2,0,e18,P7,P8,0.0,2.0,2.0,2,normal,0
P7__P4__path_2,P7,P4,path_2,1,e16,P8,P5,2.0,4.0,2.0,1,dynamic,1
P7__P4__path_2,P7,P4,path_2,2,e13,P5,P4,4.0,6.0,2.0,1,narrow,0
P7__P4__path_3,P7,P4,path_3,0,e18,P7,P8,0.0,2.0,2.0,2,normal,0
P7__P4__path_3,P7,P4,path_3,1,e19,P8,P9,2.0,4.0,2.0,2,normal,0
P7__P4__path_3,P7,P4,path_3,2,e17,P9,P6,4.0,6.0,2.0,2,normal,0
P7__P4__path_3,P7,P4,path_3,3,e14,P6,P5,6.0,8.0,2.0,1,narrow,0
P7__P4__path_3,P7,P4,path_3,4,e13,P5,P4,8.0,10.0,2.0,1,narrow,0
P7__P5__path_1,P7,P5,path_1,0,e15,P7,P4,0.0,2.0,2.0,2,normal,0
P7__P5__path_1,P7,P5,path_1,1,e13,P4,P5,2.0,4.0,2.0,1,narrow,0
P7__P5__path_2,P7,P5,path_2,0,e18,P7,P8,0.0,2.0,2.0,2,normal,0
P7__P5__path_2,P7,P5,path_2,1,e16,P8,P5,2.0,4.0,2.0,1,dynamic,1
P7__P5__path_3,P7,P5,path_3,0,e18,P7,P8,0.0,2.0,2.0,2,normal,0
P7__P5__path_3,P7,P5,path_3,1,e19,P8,P9,2.0,4.0,2.0,2,normal,0
P7__P5__path_3,P7,P5,path_3,2,e17,P9,P6,4.0,6.0,2.0,2,normal,0
P7__P5__path_3,P7,P5,path_3,3,e14,P6,P5,6.0,8.0,2.0,1,narrow,0
P7__P6__path_1,P7,P6,path_1,0,e18,P7,P8,0.0,2.0,2.0,2,normal,0
P7__P6__path_1,P7,P6,path_1,1,e19,P8,P9,2.0,4.0,2.0,2,normal,0
P7__P6__path_1,P7,P6,path_1,2,e17,P9,P6,4.0,6.0,2.0,2,normal,0
P7__P6__path_2,P7,P6,path_2,0,e15,P7,P4,0.0,2.0,2.0,2,normal,0
P7__P6__path_2,P7,P6,path_2,1,e13,P4,P5,2.0,4.0,2.0,1,narrow,0
P7__P6__path_2,P7,P6,path_2,2,e14,P5,P6,4.0,6.0,2.0,1,narrow,0
P7__P6__path_3,P7,P6,path_3,0,e18,P7,P8,0.0,2.0,2.0,2,normal,0
P7__P6__path_3,P7,P6,path_3,1,e22,P8,SORT2,2.0,5.0,3.0,2,normal,0
P7__P6__path_3,P7,P6,path_3,2,e23,SORT2,P9,5.0,8.0,3.0,2,normal,0
P7__P6__path_3,P7,P6,path_3,3,e17,P9,P6,8.0,10.0,2.0,2,normal,0
P7__P8__path_1,P7,P8,path_1,0,e18,P7,P8,0.0,2.0,2.0,2,normal,0
P7__P8__path_2,P7,P8,path_2,0,e20,P7,SORT1,0.0,3.0,3.0,2,normal,0
P7__P8__path_2,P7,P8,path_2,1,e21,SORT1,P8,3.0,6.0,3.0,2,normal,0
P7__P8__path_3,P7,P8,path_3,0,e15,P7,P4,0.0,2.0,2.0,2,normal,0
P7__P8__path_3,P7,P8,path_3,1,e13,P4,P5,2.0,4.0,2.0,1,narrow,0
P7__P8__path_3,P7,P8,path_3,2,e16,P5,P8,4.0,6.0,2.0,1,dynamic,1
P7__P9__path_1,P7,P9,path_1,0,e18,P7,P8,0.0,2.0,2.0,2,normal,0
P7__P9__path_1,P7,P9,path_1,1,e19,P8,P9,2.0,4.0,2.0,2,normal,0
P7__P9__path_2,P7,P9,path_2,0,e20,P7,SORT1,0.0,3.0,3.0,2,normal,0
P7__P9__path_2,P7,P9,path_2,1,e21,SORT1,P8,3.0,6.0,3.0,2,normal,0
P7__P9__path_2,P7,P9,path_2,2,e19,P8,P9,6.0,8.0,2.0,2,normal,0
P7__P9__path_3,P7,P9,path_3,0,e18,P7,P8,0.0,2.0,2.0,2,normal,0
P7__P9__path_3,P7,P9,path_3,1,e22,P8,SORT2,2.0,5.0,3.0,2,normal,0
P7__P9__path_3,P7,P9,path_3,2,e23,SORT2,P9,5.0,8.0,3.0,2,normal,0
P7__SORT1__path_1,P7,SORT1,path_1,0,e20,P7,SORT1,0.0,3.0,3.0,2,normal,0
P7__SORT1__path_2,P7,SORT1,path_2,0,e18,P7,P8,0.0,2.0,2.0,2,normal,0
P7__SORT1__path_2,P7,SORT1,path_2,1,e21,P8,SORT1,2.0,5.0,3.0,2,normal,0
P7__SORT1__path_3,P7,SORT1,path_3,0,e15,P7,P4,0.0,2.0,2.0,2,normal,0
P7__SORT1__path_3,P7,SORT1,path_3,1,e13,P4,P5,2.0,4.0,2.0,1,narrow,0
P7__SORT1__path_3,P7,SORT1,path_3,2,e16,P5,P8,4.0,6.0,2.0,1,dynamic,1
P7__SORT1__path_3,P7,SORT1,path_3,3,e21,P8,SORT1,6.0,9.0,3.0,2,normal,0
P7__SORT2__path_1,P7,SORT2,path_1,0,e18,P7,P8,0.0,2.0,2.0,2,normal,0
P7__SORT2__path_1,P7,SORT2,path_1,1,e22,P8,SORT2,2.0,5.0,3.0,2,normal,0
P7__SORT2__path_2,P7,SORT2,path_2,0,e18,P7,P8,0.0,2.0,2.0,2,normal,0
P7__SORT2__path_2,P7,SORT2,path_2,1,e19,P8,P9,2.0,4.0,2.0,2,normal,0
P7__SORT2__path_2,P7,SORT2,path_2,2,e23,P9,SORT2,4.0,7.0,3.0,2,normal,0
P7__SORT2__path_3,P7,SORT2,path_3,0,e20,P7,SORT1,0.0,3.0,3.0,2,normal,0
P7__SORT2__path_3,P7,SORT2,path_3,1,e21,SORT1,P8,3.0,6.0,3.0,2,normal,0
P7__SORT2__path_3,P7,SORT2,path_3,2,e22,P8,SORT2,6.0,9.0,3.0,2,normal,0
P7__OUT1__path_1,P7,OUT1,path_1,0,e20,P7,SORT1,0.0,3.0,3.0,2,normal,0
P7__OUT1__path_1,P7,OUT1,path_1,1,e24,SORT1,OUT1,3.0,5.0,2.0,1,oneway,0
P7__OUT1__path_2,P7,OUT1,path_2,0,e18,P7,P8,0.0,2.0,2.0,2,normal,0
P7__OUT1__path_2,P7,OUT1,path_2,1,e21,P8,SORT1,2.0,5.0,3.0,2,normal,0
P7__OUT1__path_2,P7,OUT1,path_2,2,e24,SORT1,OUT1,5.0,7.0,2.0,1,oneway,0
P7__OUT1__path_3,P7,OUT1,path_3,0,e15,P7,P4,0.0,2.0,2.0,2,normal,0
P7__OUT1__path_3,P7,OUT1,path_3,1,e13,P4,P5,2.0,4.0,2.0,1,narrow,0
P7__OUT1__path_3,P7,OUT1,path_3,2,e16,P5,P8,4.0,6.0,2.0,1,dynamic,1
P7__OUT1__path_3,P7,OUT1,path_3,3,e21,P8,SORT1,6.0,9.0,3.0,2,normal,0
P7__OUT1__path_3,P7,OUT1,path_3,4,e24,SORT1,OUT1,9.0,11.0,2.0,1,oneway,0
P7__OUT2__path_1,P7,OUT2,path_1,0,e18,P7,P8,0.0,2.0,2.0,2,normal,0
P7__OUT2__path_1,P7,OUT2,path_1,1,e22,P8,SORT2,2.0,5.0,3.0,2,normal,0
P7__OUT2__path_1,P7,OUT2,path_1,2,e25,SORT2,OUT2,5.0,7.0,2.0,1,oneway,0
P7__OUT2__path_2,P7,OUT2,path_2,0,e18,P7,P8,0.0,2.0,2.0,2,normal,0
P7__OUT2__path_2,P7,OUT2,path_2,1,e19,P8,P9,2.0,4.0,2.0,2,normal,0
P7__OUT2__path_2,P7,OUT2,path_2,2,e23,P9,SORT2,4.0,7.0,3.0,2,normal,0
P7__OUT2__path_2,P7,OUT2,path_2,3,e25,SORT2,OUT2,7.0,9.0,2.0,1,oneway,0
P7__OUT2__path_3,P7,OUT2,path_3,0,e20,P7,SORT1,0.0,3.0,3.0,2,normal,0
P7__OUT2__path_3,P7,OUT2,path_3,1,e21,SORT1,P8,3.0,6.0,3.0,2,normal,0
P7__OUT2__path_3,P7,OUT2,path_3,2,e22,P8,SORT2,6.0,9.0,3.0,2,normal,0
P7__OUT2__path_3,P7,OUT2,path_3,3,e25,SORT2,OUT2,9.0,11.0,2.0,1,oneway,0
P7__CHG1__path_1,P7,CHG1,path_1,0,e15,P7,P4,0.0,2.0,2.0,2,normal,0
P7__CHG1__path_1,P7,CHG1,path_1,1,e10,P4,P1,2.0,4.0,2.0,1,narrow,0
P7__CHG1__path_1,P7,CHG1,path_1,2,e05,P1,J1,4.0,6.0,2.0,2,normal,0
P7__CHG1__path_1,P7,CHG1,path_1,3,e26,J1,CHG1,6.0,8.0,2.0,1,normal,0
P7__CHG1__path_2,P7,CHG1,path_2,0,e15,P7,P4,0.0,2.0,2.0,2,normal,0
P7__CHG1__path_2,P7,CHG1,path_2,1,e10,P4,P1,2.0,4.0,2.0,1,narrow,0
P7__CHG1__path_2,P7,CHG1,path_2,2,e08,P1,P2,4.0,6.0,2.0,2,normal,0
P7__CHG1__path_2,P7,CHG1,path_2,3,e06,P2,J2,6.0,8.0,2.0,1,narrow,0
P7__CHG1__path_2,P7,CHG1,path_2,4,e03,J2,J1,8.0,10.0,2.0,2,normal,0
P7__CHG1__path_2,P7,CHG1,path_2,5,e26,J1,CHG1,10.0,12.0,2.0,1,normal,0
P7__CHG1__path_3,P7,CHG1,path_3,0,e15,P7,P4,0.0,2.0,2.0,2,normal,0
P7__CHG1__path_3,P7,CHG1,path_3,1,e13,P4,P5,2.0,4.0,2.0,1,narrow,0
P7__CHG1__path_3,P7,CHG1,path_3,2,e11,P5,P2,4.0,6.0,2.0,1,narrow,0
P7__CHG1__path_3,P7,CHG1,path_3,3,e08,P2,P1,6.0,8.0,2.0,2,normal,0
P7__CHG1__path_3,P7,CHG1,path_3,4,e05,P1,J1,8.0,10.0,2.0,2,normal,0
P7__CHG1__path_3,P7,CHG1,path_3,5,e26,J1,CHG1,10.0,12.0,2.0,1,normal,0
P7__CHG2__path_1,P7,CHG2,path_1,0,e27,P7,CHG2,0.0,2.0,2.0,1,normal,0
P8__IN1__path_1,P8,IN1,path_1,0,e18,P8,P7,0.0,2.0,2.0,2,normal,0
P8__IN1__path_1,P8,IN1,path_1,1,e15,P7,P4,2.0,4.0,2.0,2,normal,0
P8__IN1__path_1,P8,IN1,path_1,2,e10,P4,P1,4.0,6.0,2.0,1,narrow,0
P8__IN1__path_1,P8,IN1,path_1,3,e05,P1,J1,6.0,8.0,2.0,2,normal,0
P8__IN1__path_1,P8,IN1,path_1,4,e01,J1,IN1,8.0,10.0,2.0,2,normal,0
P8__IN1__path_2,P8,IN1,path_2,0,e21,P8,SORT1,0.0,3.0,3.0,2,normal,0
P8__IN1__path_2,P8,IN1,path_2,1,e20,SORT1,P7,3.0,6.0,3.0,2,normal,0
P8__IN1__path_2,P8,IN1,path_2,2,e15,P7,P4,6.0,8.0,2.0,2,normal,0
P8__IN1__path_2,P8,IN1,path_2,3,e10,P4,P1,8.0,10.0,2.0,1,narrow,0
P8__IN1__path_2,P8,IN1,path_2,4,e05,P1,J1,10.0,12.0,2.0,2,normal,0
P8__IN1__path_2,P8,IN1,path_2,5,e01,J1,IN1,12.0,14.0,2.0,2,normal,0
P8__IN1__path_3,P8,IN1,path_3,0,e16,P8,P5,0.0,2.0,2.0,1,dynamic,1
P8__IN1__path_3,P8,IN1,path_3,1,e11,P5,P2,2.0,4.0,2.0,1,narrow,0
P8__IN1__path_3,P8,IN1,path_3,2,e08,P2,P1,4.0,6.0,2.0,2,normal,0
P8__IN1__path_3,P8,IN1,path_3,3,e05,P1,J1,6.0,8.0,2.0,2,normal,0
P8__IN1__path_3,P8,IN1,path_3,4,e01,J1,IN1,8.0,10.0,2.0,2,normal,0
P8__IN1__path_4,P8,IN1,path_4,0,e16,P8,P5,0.0,2.0,2.0,1,dynamic,1
P8__IN1__path_4,P8,IN1,path_4,1,e11,P5,P2,2.0,4.0,2.0,1,narrow,0
P8__IN1__path_4,P8,IN1,path_4,2,e06,P2,J2,4.0,6.0,2.0,1,narrow,0
P8__IN1__path_4,P8,IN1,path_4,3,e03,J2,J1,6.0,8.0,2.0,2,normal,0
P8__IN1__path_4,P8,IN1,path_4,4,e01,J1,IN1,8.0,10.0,2.0,2,normal,0
P8__IN2__path_1,P8,IN2,path_1,0,e19,P8,P9,0.0,2.0,2.0,2,normal,0
P8__IN2__path_1,P8,IN2,path_1,1,e17,P9,P6,2.0,4.0,2.0,2,normal,0
P8__IN2__path_1,P8,IN2,path_1,2,e12,P6,P3,4.0,6.0,2.0,1,narrow,0
P8__IN2__path_1,P8,IN2,path_1,3,e07,P3,J3,6.0,8.0,2.0,2,normal,0
P8__IN2__path_1,P8,IN2,path_1,4,e02,J3,IN2,8.0,10.0,2.0,2,normal,0
P8__IN2__path_2,P8,IN2,path_2,0,e22,P8,SORT2,0.0,3.0,3.0,2,normal,0
P8__IN2__path_2,P8,IN2,path_2,1,e23,SORT2,P9,3.0,6.0,3.0,2,normal,0
P8__IN2__path_2,P8,IN2,path_2,2,e17,P9,P6,6.0,8.0,2.0,2,normal,0
P8__IN2__path_2,P8,IN2,path_2,3,e12,P6,P3,8.0,10.0,2.0,1,narrow,0
P8__IN2__path_2,P8,IN2,path_2,4,e07,P3,J3,10.0,12.0,2.0,2,normal,0
P8__IN2__path_2,P8,IN2,path_2,5,e02,J3,IN2,12.0,14.0,2.0,2,normal,0
P8__IN2__path_3,P8,IN2,path_3,0,e18,P8,P7,0.0,2.0,2.0,2,normal,0
P8__IN2__path_3,P8,IN2,path_3,1,e15,P7,P4,2.0,4.0,2.0,2,normal,0
P8__IN2__path_3,P8,IN2,path_3,2,e10,P4,P1,4.0,6.0,2.0,1,narrow,0
P8__IN2__path_3,P8,IN2,path_3,3,e05,P1,J1,6.0,8.0,2.0,2,normal,0
P8__IN2__path_3,P8,IN2,path_3,4,e03,J1,J2,8.0,10.0,2.0,2,normal,0
P8__IN2__path_3,P8,IN2,path_3,5,e04,J2,J3,10.0,12.0,2.0,2,normal,0
P8__IN2__path_3,P8,IN2,path_3,6,e02,J3,IN2,12.0,14.0,2.0,2,normal,0
P8__IN2__path_4,P8,IN2,path_4,0,e16,P8,P5,0.0,2.0,2.0,1,dynamic,1
P8__IN2__path_4,P8,IN2,path_4,1,e11,P5,P2,2.0,4.0,2.0,1,narrow,0
P8__IN2__path_4,P8,IN2,path_4,2,e06,P2,J2,4.0,6.0,2.0,1,narrow,0
P8__IN2__path_4,P8,IN2,path_4,3,e04,J2,J3,6.0,8.0,2.0,2,normal,0
P8__IN2__path_4,P8,IN2,path_4,4,e02,J3,IN2,8.0,10.0,2.0,2,normal,0
P8__P1__path_1,P8,P1,path_1,0,e18,P8,P7,0.0,2.0,2.0,2,normal,0
P8__P1__path_1,P8,P1,path_1,1,e15,P7,P4,2.0,4.0,2.0,2,normal,0
P8__P1__path_1,P8,P1,path_1,2,e10,P4,P1,4.0,6.0,2.0,1,narrow,0
P8__P1__path_2,P8,P1,path_2,0,e21,P8,SORT1,0.0,3.0,3.0,2,normal,0
P8__P1__path_2,P8,P1,path_2,1,e20,SORT1,P7,3.0,6.0,3.0,2,normal,0
P8__P1__path_2,P8,P1,path_2,2,e15,P7,P4,6.0,8.0,2.0,2,normal,0
P8__P1__path_2,P8,P1,path_2,3,e10,P4,P1,8.0,10.0,2.0,1,narrow,0
P8__P1__path_3,P8,P1,path_3,0,e16,P8,P5,0.0,2.0,2.0,1,dynamic,1
P8__P1__path_3,P8,P1,path_3,1,e11,P5,P2,2.0,4.0,2.0,1,narrow,0
P8__P1__path_3,P8,P1,path_3,2,e08,P2,P1,4.0,6.0,2.0,2,normal,0
P8__P2__path_1,P8,P2,path_1,0,e16,P8,P5,0.0,2.0,2.0,1,dynamic,1
P8__P2__path_1,P8,P2,path_1,1,e11,P5,P2,2.0,4.0,2.0,1,narrow,0
P8__P2__path_2,P8,P2,path_2,0,e18,P8,P7,0.0,2.0,2.0,2,normal,0
P8__P2__path_2,P8,P2,path_2,1,e15,P7,P4,2.0,4.0,2.0,2,normal,0
P8__P2__path_2,P8,P2,path_2,2,e10,P4,P1,4.0,6.0,2.0,1,narrow,0
P8__P2__path_2,P8,P2,path_2,3,e08,P1,P2,6.0,8.0,2.0,2,normal,0
P8__P2__path_3,P8,P2,path_3,0,e19,P8,P9,0.0,2.0,2.0,2,normal,0
P8__P2__path_3,P8,P2,path_3,1,e17,P9,P6,2.0,4.0,2.0,2,normal,0
P8__P2__path_3,P8,P2,path_3,2,e12,P6,P3,4.0,6.0,2.0,1,narrow,0
P8__P2__path_3,P8,P2,path_3,3,e09,P3,P2,6.0,8.0,2.0,2,normal,0
P8__P3__path_1,P8,P3,path_1,0,e19,P8,P9,0.0,2.0,2.0,2,normal,0
P8__P3__path_1,P8,P3,path_1,1,e17,P9,P6,2.0,4.0,2.0,2,normal,0
P8__P3__path_1,P8,P3,path_1,2,e12,P6,P3,4.0,6.0,2.0,1,narrow,0
P8__P3__path_2,P8,P3,path_2,0,e22,P8,SORT2,0.0,3.0,3.0,2,normal,0
P8__P3__path_2,P8,P3,path_2,1,e23,SORT2,P9,3.0,6.0,3.0,2,normal,0
P8__P3__path_2,P8,P3,path_2,2,e17,P9,P6,6.0,8.0,2.0,2,normal,0
P8__P3__path_2,P8,P3,path_2,3,e12,P6,P3,8.0,10.0,2.0,1,narrow,0
P8__P3__path_3,P8,P3,path_3,0,e16,P8,P5,0.0,2.0,2.0,1,dynamic,1
P8__P3__path_3,P8,P3,path_3,1,e11,P5,P2,2.0,4.0,2.0,1,narrow,0
P8__P3__path_3,P8,P3,path_3,2,e09,P2,P3,4.0,6.0,2.0,2,normal,0
P8__P4__path_1,P8,P4,path_1,0,e18,P8,P7,0.0,2.0,2.0,2,normal,0
P8__P4__path_1,P8,P4,path_1,1,e15,P7,P4,2.0,4.0,2.0,2,normal,0
P8__P4__path_2,P8,P4,path_2,0,e21,P8,SORT1,0.0,3.0,3.0,2,normal,0
P8__P4__path_2,P8,P4,path_2,1,e20,SORT1,P7,3.0,6.0,3.0,2,normal,0
P8__P4__path_2,P8,P4,path_2,2,e15,P7,P4,6.0,8.0,2.0,2,normal,0
P8__P4__path_3,P8,P4,path_3,0,e16,P8,P5,0.0,2.0,2.0,1,dynamic,1
P8__P4__path_3,P8,P4,path_3,1,e13,P5,P4,2.0,4.0,2.0,1,narrow,0
P8__P5__path_1,P8,P5,path_1,0,e16,P8,P5,0.0,2.0,2.0,1,dynamic,1
P8__P5__path_2,P8,P5,path_2,0,e18,P8,P7,0.0,2.0,2.0,2,normal,0
P8__P5__path_2,P8,P5,path_2,1,e15,P7,P4,2.0,4.0,2.0,2,normal,0
P8__P5__path_2,P8,P5,path_2,2,e13,P4,P5,4.0,6.0,2.0,1,narrow,0
P8__P5__path_3,P8,P5,path_3,0,e19,P8,P9,0.0,2.0,2.0,2,normal,0
P8__P5__path_3,P8,P5,path_3,1,e17,P9,P6,2.0,4.0,2.0,2,normal,0
P8__P5__path_3,P8,P5,path_3,2,e14,P6,P5,4.0,6.0,2.0,1,narrow,0
P8__P6__path_1,P8,P6,path_1,0,e19,P8,P9,0.0,2.0,2.0,2,normal,0
P8__P6__path_1,P8,P6,path_1,1,e17,P9,P6,2.0,4.0,2.0,2,normal,0
P8__P6__path_2,P8,P6,path_2,0,e22,P8,SORT2,0.0,3.0,3.0,2,normal,0
P8__P6__path_2,P8,P6,path_2,1,e23,SORT2,P9,3.0,6.0,3.0,2,normal,0
P8__P6__path_2,P8,P6,path_2,2,e17,P9,P6,6.0,8.0,2.0,2,normal,0
P8__P6__path_3,P8,P6,path_3,0,e16,P8,P5,0.0,2.0,2.0,1,dynamic,1
P8__P6__path_3,P8,P6,path_3,1,e14,P5,P6,2.0,4.0,2.0,1,narrow,0
P8__P7__path_1,P8,P7,path_1,0,e18,P8,P7,0.0,2.0,2.0,2,normal,0
P8__P7__path_2,P8,P7,path_2,0,e21,P8,SORT1,0.0,3.0,3.0,2,normal,0
P8__P7__path_2,P8,P7,path_2,1,e20,SORT1,P7,3.0,6.0,3.0,2,normal,0
P8__P7__path_3,P8,P7,path_3,0,e16,P8,P5,0.0,2.0,2.0,1,dynamic,1
P8__P7__path_3,P8,P7,path_3,1,e13,P5,P4,2.0,4.0,2.0,1,narrow,0
P8__P7__path_3,P8,P7,path_3,2,e15,P4,P7,4.0,6.0,2.0,2,normal,0
P8__P9__path_1,P8,P9,path_1,0,e19,P8,P9,0.0,2.0,2.0,2,normal,0
P8__P9__path_2,P8,P9,path_2,0,e22,P8,SORT2,0.0,3.0,3.0,2,normal,0
P8__P9__path_2,P8,P9,path_2,1,e23,SORT2,P9,3.0,6.0,3.0,2,normal,0
P8__P9__path_3,P8,P9,path_3,0,e16,P8,P5,0.0,2.0,2.0,1,dynamic,1
P8__P9__path_3,P8,P9,path_3,1,e14,P5,P6,2.0,4.0,2.0,1,narrow,0
P8__P9__path_3,P8,P9,path_3,2,e17,P6,P9,4.0,6.0,2.0,2,normal,0
P8__SORT1__path_1,P8,SORT1,path_1,0,e21,P8,SORT1,0.0,3.0,3.0,2,normal,0
P8__SORT1__path_2,P8,SORT1,path_2,0,e18,P8,P7,0.0,2.0,2.0,2,normal,0
P8__SORT1__path_2,P8,SORT1,path_2,1,e20,P7,SORT1,2.0,5.0,3.0,2,normal,0
P8__SORT1__path_3,P8,SORT1,path_3,0,e16,P8,P5,0.0,2.0,2.0,1,dynamic,1
P8__SORT1__path_3,P8,SORT1,path_3,1,e13,P5,P4,2.0,4.0,2.0,1,narrow,0
P8__SORT1__path_3,P8,SORT1,path_3,2,e15,P4,P7,4.0,6.0,2.0,2,normal,0
P8__SORT1__path_3,P8,SORT1,path_3,3,e20,P7,SORT1,6.0,9.0,3.0,2,normal,0
P8__SORT2__path_1,P8,SORT2,path_1,0,e22,P8,SORT2,0.0,3.0,3.0,2,normal,0
P8__SORT2__path_2,P8,SORT2,path_2,0,e19,P8,P9,0.0,2.0,2.0,2,normal,0
P8__SORT2__path_2,P8,SORT2,path_2,1,e23,P9,SORT2,2.0,5.0,3.0,2,normal,0
P8__SORT2__path_3,P8,SORT2,path_3,0,e16,P8,P5,0.0,2.0,2.0,1,dynamic,1
P8__SORT2__path_3,P8,SORT2,path_3,1,e14,P5,P6,2.0,4.0,2.0,1,narrow,0
P8__SORT2__path_3,P8,SORT2,path_3,2,e17,P6,P9,4.0,6.0,2.0,2,normal,0
P8__SORT2__path_3,P8,SORT2,path_3,3,e23,P9,SORT2,6.0,9.0,3.0,2,normal,0
P8__OUT1__path_1,P8,OUT1,path_1,0,e21,P8,SORT1,0.0,3.0,3.0,2,normal,0
P8__OUT1__path_1,P8,OUT1,path_1,1,e24,SORT1,OUT1,3.0,5.0,2.0,1,oneway,0
P8__OUT1__path_2,P8,OUT1,path_2,0,e18,P8,P7,0.0,2.0,2.0,2,normal,0
P8__OUT1__path_2,P8,OUT1,path_2,1,e20,P7,SORT1,2.0,5.0,3.0,2,normal,0
P8__OUT1__path_2,P8,OUT1,path_2,2,e24,SORT1,OUT1,5.0,7.0,2.0,1,oneway,0
P8__OUT1__path_3,P8,OUT1,path_3,0,e16,P8,P5,0.0,2.0,2.0,1,dynamic,1
P8__OUT1__path_3,P8,OUT1,path_3,1,e13,P5,P4,2.0,4.0,2.0,1,narrow,0
P8__OUT1__path_3,P8,OUT1,path_3,2,e15,P4,P7,4.0,6.0,2.0,2,normal,0
P8__OUT1__path_3,P8,OUT1,path_3,3,e20,P7,SORT1,6.0,9.0,3.0,2,normal,0
P8__OUT1__path_3,P8,OUT1,path_3,4,e24,SORT1,OUT1,9.0,11.0,2.0,1,oneway,0
P8__OUT2__path_1,P8,OUT2,path_1,0,e22,P8,SORT2,0.0,3.0,3.0,2,normal,0
P8__OUT2__path_1,P8,OUT2,path_1,1,e25,SORT2,OUT2,3.0,5.0,2.0,1,oneway,0
P8__OUT2__path_2,P8,OUT2,path_2,0,e19,P8,P9,0.0,2.0,2.0,2,normal,0
P8__OUT2__path_2,P8,OUT2,path_2,1,e23,P9,SORT2,2.0,5.0,3.0,2,normal,0
P8__OUT2__path_2,P8,OUT2,path_2,2,e25,SORT2,OUT2,5.0,7.0,2.0,1,oneway,0
P8__OUT2__path_3,P8,OUT2,path_3,0,e16,P8,P5,0.0,2.0,2.0,1,dynamic,1
P8__OUT2__path_3,P8,OUT2,path_3,1,e14,P5,P6,2.0,4.0,2.0,1,narrow,0
P8__OUT2__path_3,P8,OUT2,path_3,2,e17,P6,P9,4.0,6.0,2.0,2,normal,0
P8__OUT2__path_3,P8,OUT2,path_3,3,e23,P9,SORT2,6.0,9.0,3.0,2,normal,0
P8__OUT2__path_3,P8,OUT2,path_3,4,e25,SORT2,OUT2,9.0,11.0,2.0,1,oneway,0
P8__CHG1__path_1,P8,CHG1,path_1,0,e18,P8,P7,0.0,2.0,2.0,2,normal,0
P8__CHG1__path_1,P8,CHG1,path_1,1,e15,P7,P4,2.0,4.0,2.0,2,normal,0
P8__CHG1__path_1,P8,CHG1,path_1,2,e10,P4,P1,4.0,6.0,2.0,1,narrow,0
P8__CHG1__path_1,P8,CHG1,path_1,3,e05,P1,J1,6.0,8.0,2.0,2,normal,0
P8__CHG1__path_1,P8,CHG1,path_1,4,e26,J1,CHG1,8.0,10.0,2.0,1,normal,0
P8__CHG1__path_2,P8,CHG1,path_2,0,e21,P8,SORT1,0.0,3.0,3.0,2,normal,0
P8__CHG1__path_2,P8,CHG1,path_2,1,e20,SORT1,P7,3.0,6.0,3.0,2,normal,0
P8__CHG1__path_2,P8,CHG1,path_2,2,e15,P7,P4,6.0,8.0,2.0,2,normal,0
P8__CHG1__path_2,P8,CHG1,path_2,3,e10,P4,P1,8.0,10.0,2.0,1,narrow,0
P8__CHG1__path_2,P8,CHG1,path_2,4,e05,P1,J1,10.0,12.0,2.0,2,normal,0
P8__CHG1__path_2,P8,CHG1,path_2,5,e26,J1,CHG1,12.0,14.0,2.0,1,normal,0
P8__CHG1__path_3,P8,CHG1,path_3,0,e16,P8,P5,0.0,2.0,2.0,1,dynamic,1
P8__CHG1__path_3,P8,CHG1,path_3,1,e11,P5,P2,2.0,4.0,2.0,1,narrow,0
P8__CHG1__path_3,P8,CHG1,path_3,2,e08,P2,P1,4.0,6.0,2.0,2,normal,0
P8__CHG1__path_3,P8,CHG1,path_3,3,e05,P1,J1,6.0,8.0,2.0,2,normal,0
P8__CHG1__path_3,P8,CHG1,path_3,4,e26,J1,CHG1,8.0,10.0,2.0,1,normal,0
P8__CHG1__path_4,P8,CHG1,path_4,0,e16,P8,P5,0.0,2.0,2.0,1,dynamic,1
P8__CHG1__path_4,P8,CHG1,path_4,1,e11,P5,P2,2.0,4.0,2.0,1,narrow,0
P8__CHG1__path_4,P8,CHG1,path_4,2,e06,P2,J2,4.0,6.0,2.0,1,narrow,0
P8__CHG1__path_4,P8,CHG1,path_4,3,e03,J2,J1,6.0,8.0,2.0,2,normal,0
P8__CHG1__path_4,P8,CHG1,path_4,4,e26,J1,CHG1,8.0,10.0,2.0,1,normal,0
P8__CHG2__path_1,P8,CHG2,path_1,0,e18,P8,P7,0.0,2.0,2.0,2,normal,0
P8__CHG2__path_1,P8,CHG2,path_1,1,e27,P7,CHG2,2.0,4.0,2.0,1,normal,0
P8__CHG2__path_2,P8,CHG2,path_2,0,e21,P8,SORT1,0.0,3.0,3.0,2,normal,0
P8__CHG2__path_2,P8,CHG2,path_2,1,e20,SORT1,P7,3.0,6.0,3.0,2,normal,0
P8__CHG2__path_2,P8,CHG2,path_2,2,e27,P7,CHG2,6.0,8.0,2.0,1,normal,0
P8__CHG2__path_3,P8,CHG2,path_3,0,e16,P8,P5,0.0,2.0,2.0,1,dynamic,1
P8__CHG2__path_3,P8,CHG2,path_3,1,e13,P5,P4,2.0,4.0,2.0,1,narrow,0
P8__CHG2__path_3,P8,CHG2,path_3,2,e15,P4,P7,4.0,6.0,2.0,2,normal,0
P8__CHG2__path_3,P8,CHG2,path_3,3,e27,P7,CHG2,6.0,8.0,2.0,1,normal,0
P9__IN1__path_1,P9,IN1,path_1,0,e19,P9,P8,0.0,2.0,2.0,2,normal,0
P9__IN1__path_1,P9,IN1,path_1,1,e18,P8,P7,2.0,4.0,2.0,2,normal,0
P9__IN1__path_1,P9,IN1,path_1,2,e15,P7,P4,4.0,6.0,2.0,2,normal,0
P9__IN1__path_1,P9,IN1,path_1,3,e10,P4,P1,6.0,8.0,2.0,1,narrow,0
P9__IN1__path_1,P9,IN1,path_1,4,e05,P1,J1,8.0,10.0,2.0,2,normal,0
P9__IN1__path_1,P9,IN1,path_1,5,e01,J1,IN1,10.0,12.0,2.0,2,normal,0
P9__IN1__path_2,P9,IN1,path_2,0,e17,P9,P6,0.0,2.0,2.0,2,normal,0
P9__IN1__path_2,P9,IN1,path_2,1,e12,P6,P3,2.0,4.0,2.0,1,narrow,0
P9__IN1__path_2,P9,IN1,path_2,2,e07,P3,J3,4.0,6.0,2.0,2,normal,0
P9__IN1__path_2,P9,IN1,path_2,3,e04,J3,J2,6.0,8.0,2.0,2,normal,0
P9__IN1__path_2,P9,IN1,path_2,4,e03,J2,J1,8.0,10.0,2.0,2,normal,0
P9__IN1__path_2,P9,IN1,path_2,5,e01,J1,IN1,10.0,12.0,2.0,2,normal,0
P9__IN1__path_3,P9,IN1,path_3,0,e17,P9,P6,0.0,2.0,2.0,2,normal,0
P9__IN1__path_3,P9,IN1,path_3,1,e12,P6,P3,2.0,4.0,2.0,1,narrow,0
P9__IN1__path_3,P9,IN1,path_3,2,e09,P3,P2,4.0,6.0,2.0,2,normal,0
P9__IN1__path_3,P9,IN1,path_3,3,e08,P2,P1,6.0,8.0,2.0,2,normal,0
P9__IN1__path_3,P9,IN1,path_3,4,e05,P1,J1,8.0,10.0,2.0,2,normal,0
P9__IN1__path_3,P9,IN1,path_3,5,e01,J1,IN1,10.0,12.0,2.0,2,normal,0
P9__IN2__path_1,P9,IN2,path_1,0,e17,P9,P6,0.0,2.0,2.0,2,normal,0
P9__IN2__path_1,P9,IN2,path_1,1,e12,P6,P3,2.0,4.0,2.0,1,narrow,0
P9__IN2__path_1,P9,IN2,path_1,2,e07,P3,J3,4.0,6.0,2.0,2,normal,0
P9__IN2__path_1,P9,IN2,path_1,3,e02,J3,IN2,6.0,8.0,2.0,2,normal,0
P9__IN2__path_2,P9,IN2,path_2,0,e17,P9,P6,0.0,2.0,2.0,2,normal,0
P9__IN2__path_2,P9,IN2,path_2,1,e14,P6,P5,2.0,4.0,2.0,1,narrow,0
P9__IN2__path_2,P9,IN2,path_2,2,e11,P5,P2,4.0,6.0,2.0,1,narrow,0
P9__IN2__path_2,P9,IN2,path_2,3,e09,P2,P3,6.0,8.0,2.0,2,normal,0
P9__IN2__path_2,P9,IN2,path_2,4,e07,P3,J3,8.0,10.0,2.0,2,normal,0
P9__IN2__path_2,P9,IN2,path_2,5,e02,J3,IN2,10.0,12.0,2.0,2,normal,0
P9__IN2__path_3,P9,IN2,path_3,0,e17,P9,P6,0.0,2.0,2.0,2,normal,0
P9__IN2__path_3,P9,IN2,path_3,1,e12,P6,P3,2.0,4.0,2.0,1,narrow,0
P9__IN2__path_3,P9,IN2,path_3,2,e09,P3,P2,4.0,6.0,2.0,2,normal,0
P9__IN2__path_3,P9,IN2,path_3,3,e06,P2,J2,6.0,8.0,2.0,1,narrow,0
P9__IN2__path_3,P9,IN2,path_3,4,e04,J2,J3,8.0,10.0,2.0,2,normal,0
P9__IN2__path_3,P9,IN2,path_3,5,e02,J3,IN2,10.0,12.0,2.0,2,normal,0
P9__P1__path_1,P9,P1,path_1,0,e17,P9,P6,0.0,2.0,2.0,2,normal,0
P9__P1__path_1,P9,P1,path_1,1,e12,P6,P3,2.0,4.0,2.0,1,narrow,0
P9__P1__path_1,P9,P1,path_1,2,e09,P3,P2,4.0,6.0,2.0,2,normal,0
P9__P1__path_1,P9,P1,path_1,3,e08,P2,P1,6.0,8.0,2.0,2,normal,0
P9__P1__path_2,P9,P1,path_2,0,e19,P9,P8,0.0,2.0,2.0,2,normal,0
P9__P1__path_2,P9,P1,path_2,1,e18,P8,P7,2.0,4.0,2.0,2,normal,0
P9__P1__path_2,P9,P1,path_2,2,e15,P7,P4,4.0,6.0,2.0,2,normal,0
P9__P1__path_2,P9,P1,path_2,3,e10,P4,P1,6.0,8.0,2.0,1,narrow,0
P9__P1__path_3,P9,P1,path_3,0,e17,P9,P6,0.0,2.0,2.0,2,normal,0
P9__P1__path_3,P9,P1,path_3,1,e14,P6,P5,2.0,4.0,2.0,1,narrow,0
P9__P1__path_3,P9,P1,path_3,2,e11,P5,P2,4.0,6.0,2.0,1,narrow,0
P9__P1__path_3,P9,P1,path_3,3,e08,P2,P1,6.0,8.0,2.0,2,normal,0
P9__P2__path_1,P9,P2,path_1,0,e17,P9,P6,0.0,2.0,2.0,2,normal,0
P9__P2__path_1,P9,P2,path_1,1,e12,P6,P3,2.0,4.0,2.0,1,narrow,0
P9__P2__path_1,P9,P2,path_1,2,e09,P3,P2,4.0,6.0,2.0,2,normal,0
P9__P2__path_2,P9,P2,path_2,0,e17,P9,P6,0.0,2.0,2.0,2,normal,0
P9__P2__path_2,P9,P2,path_2,1,e14,P6,P5,2.0,4.0,2.0,1,narrow,0
P9__P2__path_2,P9,P2,path_2,2,e11,P5,P2,4.0,6.0,2.0,1,narrow,0
P9__P2__path_3,P9,P2,path_3,0,e19,P9,P8,0.0,2.0,2.0,2,normal,0
P9__P2__path_3,P9,P2,path_3,1,e16,P8,P5,2.0,4.0,2.0,1,dynamic,1
P9__P2__path_3,P9,P2,path_3,2,e11,P5,P2,4.0,6.0,2.0,1,narrow,0
P9__P3__path_1,P9,P3,path_1,0,e17,P9,P6,0.0,2.0,2.0,2,normal,0
P9__P3__path_1,P9,P3,path_1,1,e12,P6,P3,2.0,4.0,2.0,1,narrow,0
P9__P3__path_2,P9,P3,path_2,0,e17,P9,P6,0.0,2.0,2.0,2,normal,0
P9__P3__path_2,P9,P3,path_2,1,e14,P6,P5,2.0,4.0,2.0,1,narrow,0
P9__P3__path_2,P9,P3,path_2,2,e11,P5,P2,4.0,6.0,2.0,1,narrow,0
P9__P3__path_2,P9,P3,path_2,3,e09,P2,P3,6.0,8.0,2.0,2,normal,0
P9__P3__path_3,P9,P3,path_3,0,e19,P9,P8,0.0,2.0,2.0,2,normal,0
P9__P3__path_3,P9,P3,path_3,1,e16,P8,P5,2.0,4.0,2.0,1,dynamic,1
P9__P3__path_3,P9,P3,path_3,2,e11,P5,P2,4.0,6.0,2.0,1,narrow,0
P9__P3__path_3,P9,P3,path_3,3,e09,P2,P3,6.0,8.0,2.0,2,normal,0
P9__P4__path_1,P9,P4,path_1,0,e19,P9,P8,0.0,2.0,2.0,2,normal,0
P9__P4__path_1,P9,P4,path_1,1,e18,P8,P7,2.0,4.0,2.0,2,normal,0
P9__P4__path_1,P9,P4,path_1,2,e15,P7,P4,4.0,6.0,2.0,2,normal,0
P9__P4__path_2,P9,P4,path_2,0,e17,P9,P6,0.0,2.0,2.0,2,normal,0
P9__P4__path_2,P9,P4,path_2,1,e14,P6,P5,2.0,4.0,2.0,1,narrow,0
P9__P4__path_2,P9,P4,path_2,2,e13,P5,P4,4.0,6.0,2.0,1,narrow,0
P9__P4__path_3,P9,P4,path_3,0,e19,P9,P8,0.0,2.0,2.0,2,normal,0
P9__P4__path_3,P9,P4,path_3,1,e21,P8,SORT1,2.0,5.0,3.0,2,normal,0
P9__P4__path_3,P9,P4,path_3,2,e20,SORT1,P7,5.0,8.0,3.0,2,normal,0
P9__P4__path_3,P9,P4,path_3,3,e15,P7,P4,8.0,10.0,2.0,2,normal,0
P9__P5__path_1,P9,P5,path_1,0,e17,P9,P6,0.0,2.0,2.0,2,normal,0
P9__P5__path_1,P9,P5,path_1,1,e14,P6,P5,2.0,4.0,2.0,1,narrow,0
P9__P5__path_2,P9,P5,path_2,0,e19,P9,P8,0.0,2.0,2.0,2,normal,0
P9__P5__path_2,P9,P5,path_2,1,e16,P8,P5,2.0,4.0,2.0,1,dynamic,1
P9__P5__path_3,P9,P5,path_3,0,e19,P9,P8,0.0,2.0,2.0,2,normal,0
P9__P5__path_3,P9,P5,path_3,1,e18,P8,P7,2.0,4.0,2.0,2,normal,0
P9__P5__path_3,P9,P5,path_3,2,e15,P7,P4,4.0,6.0,2.0,2,normal,0
P9__P5__path_3,P9,P5,path_3,3,e13,P4,P5,6.0,8.0,2.0,1,narrow,0
P9__P6__path_1,P9,P6,path_1,0,e17,P9,P6,0.0,2.0,2.0,2,normal,0
P9__P6__path_2,P9,P6,path_2,0,e19,P9,P8,0.0,2.0,2.0,2,normal,0
P9__P6__path_2,P9,P6,path_2,1,e16,P8,P5,2.0,4.0,2.0,1,dynamic,1
P9__P6__path_2,P9,P6,path_2,2,e14,P5,P6,4.0,6.0,2.0,1,narrow,0
P9__P6__path_3,P9,P6,path_3,0,e19,P9,P8,0.0,2.0,2.0,2,normal,0
P9__P6__path_3,P9,P6,path_3,1,e18,P8,P7,2.0,4.0,2.0,2,normal,0
P9__P6__path_3,P9,P6,path_3,2,e15,P7,P4,4.0,6.0,2.0,2,normal,0
P9__P6__path_3,P9,P6,path_3,3,e13,P4,P5,6.0,8.0,2.0,1,narrow,0
P9__P6__path_3,P9,P6,path_3,4,e14,P5,P6,8.0,10.0,2.0,1,narrow,0
P9__P7__path_1,P9,P7,path_1,0,e19,P9,P8,0.0,2.0,2.0,2,normal,0
P9__P7__path_1,P9,P7,path_1,1,e18,P8,P7,2.0,4.0,2.0,2,normal,0
P9__P7__path_2,P9,P7,path_2,0,e23,P9,SORT2,0.0,3.0,3.0,2,normal,0
P9__P7__path_2,P9,P7,path_2,1,e22,SORT2,P8,3.0,6.0,3.0,2,normal,0
P9__P7__path_2,P9,P7,path_2,2,e18,P8,P7,6.0,8.0,2.0,2,normal,0
P9__P7__path_3,P9,P7,path_3,0,e19,P9,P8,0.0,2.0,2.0,2,normal,0
P9__P7__path_3,P9,P7,path_3,1,e21,P8,SORT1,2.0,5.0,3.0,2,normal,0
P9__P7__path_3,P9,P7,path_3,2,e20,SORT1,P7,5.0,8.0,3.0,2,normal,0
P9__P8__path_1,P9,P8,path_1,0,e19,P9,P8,0.0,2.0,2.0,2,normal,0
P9__P8__path_2,P9,P8,path_2,0,e23,P9,SORT2,0.0,3.0,3.0,2,normal,0
P9__P8__path_2,P9,P8,path_2,1,e22,SORT2,P8,3.0,6.0,3.0,2,normal,0
P9__P8__path_3,P9,P8,path_3,0,e17,P9,P6,0.0,2.0,2.0,2,normal,0
P9__P8__path_3,P9,P8,path_3,1,e14,P6,P5,2.0,4.0,2.0,1,narrow,0
P9__P8__path_3,P9,P8,path_3,2,e16,P5,P8,4.0,6.0,2.0,1,dynamic,1
P9__SORT1__path_1,P9,SORT1,path_1,0,e19,P9,P8,0.0,2.0,2.0,2,normal,0
P9__SORT1__path_1,P9,SORT1,path_1,1,e21,P8,SORT1,2.0,5.0,3.0,2,normal,0
P9__SORT1__path_2,P9,SORT1,path_2,0,e19,P9,P8,0.0,2.0,2.0,2,normal,0
P9__SORT1__path_2,P9,SORT1,path_2,1,e18,P8,P7,2.0,4.0,2.0,2,normal,0
P9__SORT1__path_2,P9,SORT1,path_2,2,e20,P7,SORT1,4.0,7.0,3.0,2,normal,0
P9__SORT1__path_3,P9,SORT1,path_3,0,e23,P9,SORT2,0.0,3.0,3.0,2,normal,0
P9__SORT1__path_3,P9,SORT1,path_3,1,e22,SORT2,P8,3.0,6.0,3.0,2,normal,0
P9__SORT1__path_3,P9,SORT1,path_3,2,e21,P8,SORT1,6.0,9.0,3.0,2,normal,0
P9__SORT2__path_1,P9,SORT2,path_1,0,e23,P9,SORT2,0.0,3.0,3.0,2,normal,0
P9__SORT2__path_2,P9,SORT2,path_2,0,e19,P9,P8,0.0,2.0,2.0,2,normal,0
P9__SORT2__path_2,P9,SORT2,path_2,1,e22,P8,SORT2,2.0,5.0,3.0,2,normal,0
P9__SORT2__path_3,P9,SORT2,path_3,0,e17,P9,P6,0.0,2.0,2.0,2,normal,0
P9__SORT2__path_3,P9,SORT2,path_3,1,e14,P6,P5,2.0,4.0,2.0,1,narrow,0
P9__SORT2__path_3,P9,SORT2,path_3,2,e16,P5,P8,4.0,6.0,2.0,1,dynamic,1
P9__SORT2__path_3,P9,SORT2,path_3,3,e22,P8,SORT2,6.0,9.0,3.0,2,normal,0
P9__OUT1__path_1,P9,OUT1,path_1,0,e19,P9,P8,0.0,2.0,2.0,2,normal,0
P9__OUT1__path_1,P9,OUT1,path_1,1,e21,P8,SORT1,2.0,5.0,3.0,2,normal,0
P9__OUT1__path_1,P9,OUT1,path_1,2,e24,SORT1,OUT1,5.0,7.0,2.0,1,oneway,0
P9__OUT1__path_2,P9,OUT1,path_2,0,e19,P9,P8,0.0,2.0,2.0,2,normal,0
P9__OUT1__path_2,P9,OUT1,path_2,1,e18,P8,P7,2.0,4.0,2.0,2,normal,0
P9__OUT1__path_2,P9,OUT1,path_2,2,e20,P7,SORT1,4.0,7.0,3.0,2,normal,0
P9__OUT1__path_2,P9,OUT1,path_2,3,e24,SORT1,OUT1,7.0,9.0,2.0,1,oneway,0
P9__OUT1__path_3,P9,OUT1,path_3,0,e23,P9,SORT2,0.0,3.0,3.0,2,normal,0
P9__OUT1__path_3,P9,OUT1,path_3,1,e22,SORT2,P8,3.0,6.0,3.0,2,normal,0
P9__OUT1__path_3,P9,OUT1,path_3,2,e21,P8,SORT1,6.0,9.0,3.0,2,normal,0
P9__OUT1__path_3,P9,OUT1,path_3,3,e24,SORT1,OUT1,9.0,11.0,2.0,1,oneway,0
P9__OUT2__path_1,P9,OUT2,path_1,0,e23,P9,SORT2,0.0,3.0,3.0,2,normal,0
P9__OUT2__path_1,P9,OUT2,path_1,1,e25,SORT2,OUT2,3.0,5.0,2.0,1,oneway,0
P9__OUT2__path_2,P9,OUT2,path_2,0,e19,P9,P8,0.0,2.0,2.0,2,normal,0
P9__OUT2__path_2,P9,OUT2,path_2,1,e22,P8,SORT2,2.0,5.0,3.0,2,normal,0
P9__OUT2__path_2,P9,OUT2,path_2,2,e25,SORT2,OUT2,5.0,7.0,2.0,1,oneway,0
P9__OUT2__path_3,P9,OUT2,path_3,0,e17,P9,P6,0.0,2.0,2.0,2,normal,0
P9__OUT2__path_3,P9,OUT2,path_3,1,e14,P6,P5,2.0,4.0,2.0,1,narrow,0
P9__OUT2__path_3,P9,OUT2,path_3,2,e16,P5,P8,4.0,6.0,2.0,1,dynamic,1
P9__OUT2__path_3,P9,OUT2,path_3,3,e22,P8,SORT2,6.0,9.0,3.0,2,normal,0
P9__OUT2__path_3,P9,OUT2,path_3,4,e25,SORT2,OUT2,9.0,11.0,2.0,1,oneway,0
P9__CHG1__path_1,P9,CHG1,path_1,0,e17,P9,P6,0.0,2.0,2.0,2,normal,0
P9__CHG1__path_1,P9,CHG1,path_1,1,e12,P6,P3,2.0,4.0,2.0,1,narrow,0
P9__CHG1__path_1,P9,CHG1,path_1,2,e07,P3,J3,4.0,6.0,2.0,2,normal,0
P9__CHG1__path_1,P9,CHG1,path_1,3,e04,J3,J2,6.0,8.0,2.0,2,normal,0
P9__CHG1__path_1,P9,CHG1,path_1,4,e03,J2,J1,8.0,10.0,2.0,2,normal,0
P9__CHG1__path_1,P9,CHG1,path_1,5,e26,J1,CHG1,10.0,12.0,2.0,1,normal,0
P9__CHG1__path_2,P9,CHG1,path_2,0,e19,P9,P8,0.0,2.0,2.0,2,normal,0
P9__CHG1__path_2,P9,CHG1,path_2,1,e18,P8,P7,2.0,4.0,2.0,2,normal,0
P9__CHG1__path_2,P9,CHG1,path_2,2,e15,P7,P4,4.0,6.0,2.0,2,normal,0
P9__CHG1__path_2,P9,CHG1,path_2,3,e10,P4,P1,6.0,8.0,2.0,1,narrow,0
P9__CHG1__path_2,P9,CHG1,path_2,4,e05,P1,J1,8.0,10.0,2.0,2,normal,0
P9__CHG1__path_2,P9,CHG1,path_2,5,e26,J1,CHG1,10.0,12.0,2.0,1,normal,0
P9__CHG1__path_3,P9,CHG1,path_3,0,e17,P9,P6,0.0,2.0,2.0,2,normal,0
P9__CHG1__path_3,P9,CHG1,path_3,1,e12,P6,P3,2.0,4.0,2.0,1,narrow,0
P9__CHG1__path_3,P9,CHG1,path_3,2,e09,P3,P2,4.0,6.0,2.0,2,normal,0
P9__CHG1__path_3,P9,CHG1,path_3,3,e08,P2,P1,6.0,8.0,2.0,2,normal,0
P9__CHG1__path_3,P9,CHG1,path_3,4,e05,P1,J1,8.0,10.0,2.0,2,normal,0
P9__CHG1__path_3,P9,CHG1,path_3,5,e26,J1,CHG1,10.0,12.0,2.0,1,normal,0
P9__CHG2__path_1,P9,CHG2,path_1,0,e19,P9,P8,0.0,2.0,2.0,2,normal,0
P9__CHG2__path_1,P9,CHG2,path_1,1,e18,P8,P7,2.0,4.0,2.0,2,normal,0
P9__CHG2__path_1,P9,CHG2,path_1,2,e27,P7,CHG2,4.0,6.0,2.0,1,normal,0
P9__CHG2__path_2,P9,CHG2,path_2,0,e23,P9,SORT2,0.0,3.0,3.0,2,normal,0
P9__CHG2__path_2,P9,CHG2,path_2,1,e22,SORT2,P8,3.0,6.0,3.0,2,normal,0
P9__CHG2__path_2,P9,CHG2,path_2,2,e18,P8,P7,6.0,8.0,2.0,2,normal,0
P9__CHG2__path_2,P9,CHG2,path_2,3,e27,P7,CHG2,8.0,10.0,2.0,1,normal,0
P9__CHG2__path_3,P9,CHG2,path_3,0,e19,P9,P8,0.0,2.0,2.0,2,normal,0
P9__CHG2__path_3,P9,CHG2,path_3,1,e21,P8,SORT1,2.0,5.0,3.0,2,normal,0
P9__CHG2__path_3,P9,CHG2,path_3,2,e20,SORT1,P7,5.0,8.0,3.0,2,normal,0
P9__CHG2__path_3,P9,CHG2,path_3,3,e27,P7,CHG2,8.0,10.0,2.0,1,normal,0
SORT1__IN1__path_1,SORT1,IN1,path_1,0,e20,SORT1,P7,0.0,3.0,3.0,2,normal,0
SORT1__IN1__path_1,SORT1,IN1,path_1,1,e15,P7,P4,3.0,5.0,2.0,2,normal,0
SORT1__IN1__path_1,SORT1,IN1,path_1,2,e10,P4,P1,5.0,7.0,2.0,1,narrow,0
SORT1__IN1__path_1,SORT1,IN1,path_1,3,e05,P1,J1,7.0,9.0,2.0,2,normal,0
SORT1__IN1__path_1,SORT1,IN1,path_1,4,e01,J1,IN1,9.0,11.0,2.0,2,normal,0
SORT1__IN1__path_2,SORT1,IN1,path_2,0,e21,SORT1,P8,0.0,3.0,3.0,2,normal,0
SORT1__IN1__path_2,SORT1,IN1,path_2,1,e18,P8,P7,3.0,5.0,2.0,2,normal,0
SORT1__IN1__path_2,SORT1,IN1,path_2,2,e15,P7,P4,5.0,7.0,2.0,2,normal,0
SORT1__IN1__path_2,SORT1,IN1,path_2,3,e10,P4,P1,7.0,9.0,2.0,1,narrow,0
SORT1__IN1__path_2,SORT1,IN1,path_2,4,e05,P1,J1,9.0,11.0,2.0,2,normal,0
SORT1__IN1__path_2,SORT1,IN1,path_2,5,e01,J1,IN1,11.0,13.0,2.0,2,normal,0
SORT1__IN1__path_3,SORT1,IN1,path_3,0,e20,SORT1,P7,0.0,3.0,3.0,2,normal,0
SORT1__IN1__path_3,SORT1,IN1,path_3,1,e15,P7,P4,3.0,5.0,2.0,2,normal,0
SORT1__IN1__path_3,SORT1,IN1,path_3,2,e13,P4,P5,5.0,7.0,2.0,1,narrow,0
SORT1__IN1__path_3,SORT1,IN1,path_3,3,e11,P5,P2,7.0,9.0,2.0,1,narrow,0
SORT1__IN1__path_3,SORT1,IN1,path_3,4,e08,P2,P1,9.0,11.0,2.0,2,normal,0
SORT1__IN1__path_3,SORT1,IN1,path_3,5,e05,P1,J1,11.0,13.0,2.0,2,normal,0
SORT1__IN1__path_3,SORT1,IN1,path_3,6,e01,J1,IN1,13.0,15.0,2.0,2,normal,0
SORT1__IN2__path_1,SORT1,IN2,path_1,0,e21,SORT1,P8,0.0,3.0,3.0,2,normal,0
SORT1__IN2__path_1,SORT1,IN2,path_1,1,e19,P8,P9,3.0,5.0,2.0,2,normal,0
SORT1__IN2__path_1,SORT1,IN2,path_1,2,e17,P9,P6,5.0,7.0,2.0,2,normal,0
SORT1__IN2__path_1,SORT1,IN2,path_1,3,e12,P6,P3,7.0,9.0,2.0,1,narrow,0
SORT1__IN2__path_1,SORT1,IN2,path_1,4,e07,P3,J3,9.0,11.0,2.0,2,normal,0
SORT1__IN2__path_1,SORT1,IN2,path_1,5,e02,J3,IN2,11.0,13.0,2.0,2,normal,0
SORT1__IN2__path_2,SORT1,IN2,path_2,0,e20,SORT1,P7,0.0,3.0,3.0,2,normal,0
SORT1__IN2__path_2,SORT1,IN2,path_2,1,e18,P7,P8,3.0,5.0,2.0,2,normal,0
SORT1__IN2__path_2,SORT1,IN2,path_2,2,e19,P8,P9,5.0,7.0,2.0,2,normal,0
SORT1__IN2__path_2,SORT1,IN2,path_2,3,e17,P9,P6,7.0,9.0,2.0,2,normal,0
SORT1__IN2__path_2,SORT1,IN2,path_2,4,e12,P6,P3,9.0,11.0,2.0,1,narrow,0
SORT1__IN2__path_2,SORT1,IN2,path_2,5,e07,P3,J3,11.0,13.0,2.0,2,normal,0
SORT1__IN2__path_2,SORT1,IN2,path_2,6,e02,J3,IN2,13.0,15.0,2.0,2,normal,0
SORT1__IN2__path_3,SORT1,IN2,path_3,0,e20,SORT1,P7,0.0,3.0,3.0,2,normal,0
SORT1__IN2__path_3,SORT1,IN2,path_3,1,e15,P7,P4,3.0,5.0,2.0,2,normal,0
SORT1__IN2__path_3,SORT1,IN2,path_3,2,e10,P4,P1,5.0,7.0,2.0,1,narrow,0
SORT1__IN2__path_3,SORT1,IN2,path_3,3,e05,P1,J1,7.0,9.0,2.0,2,normal,0
SORT1__IN2__path_3,SORT1,IN2,path_3,4,e03,J1,J2,9.0,11.0,2.0,2,normal,0
SORT1__IN2__path_3,SORT1,IN2,path_3,5,e04,J2,J3,11.0,13.0,2.0,2,normal,0
SORT1__IN2__path_3,SORT1,IN2,path_3,6,e02,J3,IN2,13.0,15.0,2.0,2,normal,0
SORT1__IN2__path_4,SORT1,IN2,path_4,0,e21,SORT1,P8,0.0,3.0,3.0,2,normal,0
SORT1__IN2__path_4,SORT1,IN2,path_4,1,e16,P8,P5,3.0,5.0,2.0,1,dynamic,1
SORT1__IN2__path_4,SORT1,IN2,path_4,2,e11,P5,P2,5.0,7.0,2.0,1,narrow,0
SORT1__IN2__path_4,SORT1,IN2,path_4,3,e06,P2,J2,7.0,9.0,2.0,1,narrow,0
SORT1__IN2__path_4,SORT1,IN2,path_4,4,e04,J2,J3,9.0,11.0,2.0,2,normal,0
SORT1__IN2__path_4,SORT1,IN2,path_4,5,e02,J3,IN2,11.0,13.0,2.0,2,normal,0
SORT1__P1__path_1,SORT1,P1,path_1,0,e20,SORT1,P7,0.0,3.0,3.0,2,normal,0
SORT1__P1__path_1,SORT1,P1,path_1,1,e15,P7,P4,3.0,5.0,2.0,2,normal,0
SORT1__P1__path_1,SORT1,P1,path_1,2,e10,P4,P1,5.0,7.0,2.0,1,narrow,0
SORT1__P1__path_2,SORT1,P1,path_2,0,e21,SORT1,P8,0.0,3.0,3.0,2,normal,0
SORT1__P1__path_2,SORT1,P1,path_2,1,e18,P8,P7,3.0,5.0,2.0,2,normal,0
SORT1__P1__path_2,SORT1,P1,path_2,2,e15,P7,P4,5.0,7.0,2.0,2,normal,0
SORT1__P1__path_2,SORT1,P1,path_2,3,e10,P4,P1,7.0,9.0,2.0,1,narrow,0
SORT1__P1__path_3,SORT1,P1,path_3,0,e20,SORT1,P7,0.0,3.0,3.0,2,normal,0
SORT1__P1__path_3,SORT1,P1,path_3,1,e15,P7,P4,3.0,5.0,2.0,2,normal,0
SORT1__P1__path_3,SORT1,P1,path_3,2,e13,P4,P5,5.0,7.0,2.0,1,narrow,0
SORT1__P1__path_3,SORT1,P1,path_3,3,e11,P5,P2,7.0,9.0,2.0,1,narrow,0
SORT1__P1__path_3,SORT1,P1,path_3,4,e08,P2,P1,9.0,11.0,2.0,2,normal,0
SORT1__P2__path_1,SORT1,P2,path_1,0,e20,SORT1,P7,0.0,3.0,3.0,2,normal,0
SORT1__P2__path_1,SORT1,P2,path_1,1,e15,P7,P4,3.0,5.0,2.0,2,normal,0
SORT1__P2__path_1,SORT1,P2,path_1,2,e10,P4,P1,5.0,7.0,2.0,1,narrow,0
SORT1__P2__path_1,SORT1,P2,path_1,3,e08,P1,P2,7.0,9.0,2.0,2,normal,0
SORT1__P2__path_2,SORT1,P2,path_2,0,e21,SORT1,P8,0.0,3.0,3.0,2,normal,0
SORT1__P2__path_2,SORT1,P2,path_2,1,e16,P8,P5,3.0,5.0,2.0,1,dynamic,1
SORT1__P2__path_2,SORT1,P2,path_2,2,e11,P5,P2,5.0,7.0,2.0,1,narrow,0
SORT1__P2__path_3,SORT1,P2,path_3,0,e20,SORT1,P7,0.0,3.0,3.0,2,normal,0
SORT1__P2__path_3,SORT1,P2,path_3,1,e15,P7,P4,3.0,5.0,2.0,2,normal,0
SORT1__P2__path_3,SORT1,P2,path_3,2,e13,P4,P5,5.0,7.0,2.0,1,narrow,0
SORT1__P2__path_3,SORT1,P2,path_3,3,e11,P5,P2,7.0,9.0,2.0,1,narrow,0
SORT1__P3__path_1,SORT1,P3,path_1,0,e21,SORT1,P8,0.0,3.0,3.0,2,normal,0
SORT1__P3__path_1,SORT1,P3,path_1,1,e19,P8,P9,3.0,5.0,2.0,2,normal,0
SORT1__P3__path_1,SORT1,P3,path_1,2,e17,P9,P6,5.0,7.0,2.0,2,normal,0
SORT1__P3__path_1,SORT1,P3,path_1,3,e12,P6,P3,7.0,9.0,2.0,1,narrow,0
SORT1__P3__path_2,SORT1,P3,path_2,0,e20,SORT1,P7,0.0,3.0,3.0,2,normal,0
SORT1__P3__path_2,SORT1,P3,path_2,1,e15,P7,P4,3.0,5.0,2.0,2,normal,0
SORT1__P3__path_2,SORT1,P3,path_2,2,e10,P4,P1,5.0,7.0,2.0,1,narrow,0
SORT1__P3__path_2,SORT1,P3,path_2,3,e08,P1,P2,7.0,9.0,2.0,2,normal,0
SORT1__P3__path_2,SORT1,P3,path_2,4,e09,P2,P3,9.0,11.0,2.0,2,normal,0
SORT1__P3__path_3,SORT1,P3,path_3,0,e20,SORT1,P7,0.0,3.0,3.0,2,normal,0
SORT1__P3__path_3,SORT1,P3,path_3,1,e18,P7,P8,3.0,5.0,2.0,2,normal,0
SORT1__P3__path_3,SORT1,P3,path_3,2,e19,P8,P9,5.0,7.0,2.0,2,normal,0
SORT1__P3__path_3,SORT1,P3,path_3,3,e17,P9,P6,7.0,9.0,2.0,2,normal,0
SORT1__P3__path_3,SORT1,P3,path_3,4,e12,P6,P3,9.0,11.0,2.0,1,narrow,0
SORT1__P3__path_4,SORT1,P3,path_4,0,e21,SORT1,P8,0.0,3.0,3.0,2,normal,0
SORT1__P3__path_4,SORT1,P3,path_4,1,e16,P8,P5,3.0,5.0,2.0,1,dynamic,1
SORT1__P3__path_4,SORT1,P3,path_4,2,e11,P5,P2,5.0,7.0,2.0,1,narrow,0
SORT1__P3__path_4,SORT1,P3,path_4,3,e09,P2,P3,7.0,9.0,2.0,2,normal,0
SORT1__P4__path_1,SORT1,P4,path_1,0,e20,SORT1,P7,0.0,3.0,3.0,2,normal,0
SORT1__P4__path_1,SORT1,P4,path_1,1,e15,P7,P4,3.0,5.0,2.0,2,normal,0
SORT1__P4__path_2,SORT1,P4,path_2,0,e21,SORT1,P8,0.0,3.0,3.0,2,normal,0
SORT1__P4__path_2,SORT1,P4,path_2,1,e18,P8,P7,3.0,5.0,2.0,2,normal,0
SORT1__P4__path_2,SORT1,P4,path_2,2,e15,P7,P4,5.0,7.0,2.0,2,normal,0
SORT1__P4__path_3,SORT1,P4,path_3,0,e21,SORT1,P8,0.0,3.0,3.0,2,normal,0
SORT1__P4__path_3,SORT1,P4,path_3,1,e16,P8,P5,3.0,5.0,2.0,1,dynamic,1
SORT1__P4__path_3,SORT1,P4,path_3,2,e13,P5,P4,5.0,7.0,2.0,1,narrow,0
SORT1__P5__path_1,SORT1,P5,path_1,0,e20,SORT1,P7,0.0,3.0,3.0,2,normal,0
SORT1__P5__path_1,SORT1,P5,path_1,1,e15,P7,P4,3.0,5.0,2.0,2,normal,0
SORT1__P5__path_1,SORT1,P5,path_1,2,e13,P4,P5,5.0,7.0,2.0,1,narrow,0
SORT1__P5__path_2,SORT1,P5,path_2,0,e21,SORT1,P8,0.0,3.0,3.0,2,normal,0
SORT1__P5__path_2,SORT1,P5,path_2,1,e16,P8,P5,3.0,5.0,2.0,1,dynamic,1
SORT1__P5__path_3,SORT1,P5,path_3,0,e21,SORT1,P8,0.0,3.0,3.0,2,normal,0
SORT1__P5__path_3,SORT1,P5,path_3,1,e18,P8,P7,3.0,5.0,2.0,2,normal,0
SORT1__P5__path_3,SORT1,P5,path_3,2,e15,P7,P4,5.0,7.0,2.0,2,normal,0
SORT1__P5__path_3,SORT1,P5,path_3,3,e13,P4,P5,7.0,9.0,2.0,1,narrow,0
SORT1__P6__path_1,SORT1,P6,path_1,0,e21,SORT1,P8,0.0,3.0,3.0,2,normal,0
SORT1__P6__path_1,SORT1,P6,path_1,1,e19,P8,P9,3.0,5.0,2.0,2,normal,0
SORT1__P6__path_1,SORT1,P6,path_1,2,e17,P9,P6,5.0,7.0,2.0,2,normal,0
SORT1__P6__path_2,SORT1,P6,path_2,0,e20,SORT1,P7,0.0,3.0,3.0,2,normal,0
SORT1__P6__path_2,SORT1,P6,path_2,1,e18,P7,P8,3.0,5.0,2.0,2,normal,0
SORT1__P6__path_2,SORT1,P6,path_2,2,e19,P8,P9,5.0,7.0,2.0,2,normal,0
SORT1__P6__path_2,SORT1,P6,path_2,3,e17,P9,P6,7.0,9.0,2.0,2,normal,0
SORT1__P6__path_3,SORT1,P6,path_3,0,e21,SORT1,P8,0.0,3.0,3.0,2,normal,0
SORT1__P6__path_3,SORT1,P6,path_3,1,e22,P8,SORT2,3.0,6.0,3.0,2,normal,0
SORT1__P6__path_3,SORT1,P6,path_3,2,e23,SORT2,P9,6.0,9.0,3.0,2,normal,0
SORT1__P6__path_3,SORT1,P6,path_3,3,e17,P9,P6,9.0,11.0,2.0,2,normal,0
SORT1__P6__path_4,SORT1,P6,path_4,0,e21,SORT1,P8,0.0,3.0,3.0,2,normal,0
SORT1__P6__path_4,SORT1,P6,path_4,1,e16,P8,P5,3.0,5.0,2.0,1,dynamic,1
SORT1__P6__path_4,SORT1,P6,path_4,2,e14,P5,P6,5.0,7.0,2.0,1,narrow,0
SORT1__P7__path_1,SORT1,P7,path_1,0,e20,SORT1,P7,0.0,3.0,3.0,2,normal,0
SORT1__P7__path_2,SORT1,P7,path_2,0,e21,SORT1,P8,0.0,3.0,3.0,2,normal,0
SORT1__P7__path_2,SORT1,P7,path_2,1,e18,P8,P7,3.0,5.0,2.0,2,normal,0
SORT1__P7__path_3,SORT1,P7,path_3,0,e21,SORT1,P8,0.0,3.0,3.0,2,normal,0
SORT1__P7__path_3,SORT1,P7,path_3,1,e16,P8,P5,3.0,5.0,2.0,1,dynamic,1
SORT1__P7__path_3,SORT1,P7,path_3,2,e13,P5,P4,5.0,7.0,2.0,1,narrow,0
SORT1__P7__path_3,SORT1,P7,path_3,3,e15,P4,P7,7.0,9.0,2.0,2,normal,0
SORT1__P8__path_1,SORT1,P8,path_1,0,e21,SORT1,P8,0.0,3.0,3.0,2,normal,0
SORT1__P8__path_2,SORT1,P8,path_2,0,e20,SORT1,P7,0.0,3.0,3.0,2,normal,0
SORT1__P8__path_2,SORT1,P8,path_2,1,e18,P7,P8,3.0,5.0,2.0,2,normal,0
SORT1__P8__path_3,SORT1,P8,path_3,0,e20,SORT1,P7,0.0,3.0,3.0,2,normal,0
SORT1__P8__path_3,SORT1,P8,path_3,1,e15,P7,P4,3.0,5.0,2.0,2,normal,0
SORT1__P8__path_3,SORT1,P8,path_3,2,e13,P4,P5,5.0,7.0,2.0,1,narrow,0
SORT1__P8__path_3,SORT1,P8,path_3,3,e16,P5,P8,7.0,9.0,2.0,1,dynamic,1
SORT1__P9__path_1,SORT1,P9,path_1,0,e21,SORT1,P8,0.0,3.0,3.0,2,normal,0
SORT1__P9__path_1,SORT1,P9,path_1,1,e19,P8,P9,3.0,5.0,2.0,2,normal,0
SORT1__P9__path_2,SORT1,P9,path_2,0,e20,SORT1,P7,0.0,3.0,3.0,2,normal,0
SORT1__P9__path_2,SORT1,P9,path_2,1,e18,P7,P8,3.0,5.0,2.0,2,normal,0
SORT1__P9__path_2,SORT1,P9,path_2,2,e19,P8,P9,5.0,7.0,2.0,2,normal,0
SORT1__P9__path_3,SORT1,P9,path_3,0,e21,SORT1,P8,0.0,3.0,3.0,2,normal,0
SORT1__P9__path_3,SORT1,P9,path_3,1,e22,P8,SORT2,3.0,6.0,3.0,2,normal,0
SORT1__P9__path_3,SORT1,P9,path_3,2,e23,SORT2,P9,6.0,9.0,3.0,2,normal,0
SORT1__SORT2__path_1,SORT1,SORT2,path_1,0,e21,SORT1,P8,0.0,3.0,3.0,2,normal,0
SORT1__SORT2__path_1,SORT1,SORT2,path_1,1,e22,P8,SORT2,3.0,6.0,3.0,2,normal,0
SORT1__SORT2__path_2,SORT1,SORT2,path_2,0,e20,SORT1,P7,0.0,3.0,3.0,2,normal,0
SORT1__SORT2__path_2,SORT1,SORT2,path_2,1,e18,P7,P8,3.0,5.0,2.0,2,normal,0
SORT1__SORT2__path_2,SORT1,SORT2,path_2,2,e22,P8,SORT2,5.0,8.0,3.0,2,normal,0
SORT1__SORT2__path_3,SORT1,SORT2,path_3,0,e21,SORT1,P8,0.0,3.0,3.0,2,normal,0
SORT1__SORT2__path_3,SORT1,SORT2,path_3,1,e19,P8,P9,3.0,5.0,2.0,2,normal,0
SORT1__SORT2__path_3,SORT1,SORT2,path_3,2,e23,P9,SORT2,5.0,8.0,3.0,2,normal,0
SORT1__OUT1__path_1,SORT1,OUT1,path_1,0,e24,SORT1,OUT1,0.0,2.0,2.0,1,oneway,0
SORT1__OUT2__path_1,SORT1,OUT2,path_1,0,e21,SORT1,P8,0.0,3.0,3.0,2,normal,0
SORT1__OUT2__path_1,SORT1,OUT2,path_1,1,e22,P8,SORT2,3.0,6.0,3.0,2,normal,0
SORT1__OUT2__path_1,SORT1,OUT2,path_1,2,e25,SORT2,OUT2,6.0,8.0,2.0,1,oneway,0
SORT1__OUT2__path_2,SORT1,OUT2,path_2,0,e20,SORT1,P7,0.0,3.0,3.0,2,normal,0
SORT1__OUT2__path_2,SORT1,OUT2,path_2,1,e18,P7,P8,3.0,5.0,2.0,2,normal,0
SORT1__OUT2__path_2,SORT1,OUT2,path_2,2,e22,P8,SORT2,5.0,8.0,3.0,2,normal,0
SORT1__OUT2__path_2,SORT1,OUT2,path_2,3,e25,SORT2,OUT2,8.0,10.0,2.0,1,oneway,0
SORT1__OUT2__path_3,SORT1,OUT2,path_3,0,e21,SORT1,P8,0.0,3.0,3.0,2,normal,0
SORT1__OUT2__path_3,SORT1,OUT2,path_3,1,e19,P8,P9,3.0,5.0,2.0,2,normal,0
SORT1__OUT2__path_3,SORT1,OUT2,path_3,2,e23,P9,SORT2,5.0,8.0,3.0,2,normal,0
SORT1__OUT2__path_3,SORT1,OUT2,path_3,3,e25,SORT2,OUT2,8.0,10.0,2.0,1,oneway,0
SORT1__CHG1__path_1,SORT1,CHG1,path_1,0,e20,SORT1,P7,0.0,3.0,3.0,2,normal,0
SORT1__CHG1__path_1,SORT1,CHG1,path_1,1,e15,P7,P4,3.0,5.0,2.0,2,normal,0
SORT1__CHG1__path_1,SORT1,CHG1,path_1,2,e10,P4,P1,5.0,7.0,2.0,1,narrow,0
SORT1__CHG1__path_1,SORT1,CHG1,path_1,3,e05,P1,J1,7.0,9.0,2.0,2,normal,0
SORT1__CHG1__path_1,SORT1,CHG1,path_1,4,e26,J1,CHG1,9.0,11.0,2.0,1,normal,0
SORT1__CHG1__path_2,SORT1,CHG1,path_2,0,e21,SORT1,P8,0.0,3.0,3.0,2,normal,0
SORT1__CHG1__path_2,SORT1,CHG1,path_2,1,e18,P8,P7,3.0,5.0,2.0,2,normal,0
SORT1__CHG1__path_2,SORT1,CHG1,path_2,2,e15,P7,P4,5.0,7.0,2.0,2,normal,0
SORT1__CHG1__path_2,SORT1,CHG1,path_2,3,e10,P4,P1,7.0,9.0,2.0,1,narrow,0
SORT1__CHG1__path_2,SORT1,CHG1,path_2,4,e05,P1,J1,9.0,11.0,2.0,2,normal,0
SORT1__CHG1__path_2,SORT1,CHG1,path_2,5,e26,J1,CHG1,11.0,13.0,2.0,1,normal,0
SORT1__CHG1__path_3,SORT1,CHG1,path_3,0,e20,SORT1,P7,0.0,3.0,3.0,2,normal,0
SORT1__CHG1__path_3,SORT1,CHG1,path_3,1,e15,P7,P4,3.0,5.0,2.0,2,normal,0
SORT1__CHG1__path_3,SORT1,CHG1,path_3,2,e13,P4,P5,5.0,7.0,2.0,1,narrow,0
SORT1__CHG1__path_3,SORT1,CHG1,path_3,3,e11,P5,P2,7.0,9.0,2.0,1,narrow,0
SORT1__CHG1__path_3,SORT1,CHG1,path_3,4,e08,P2,P1,9.0,11.0,2.0,2,normal,0
SORT1__CHG1__path_3,SORT1,CHG1,path_3,5,e05,P1,J1,11.0,13.0,2.0,2,normal,0
SORT1__CHG1__path_3,SORT1,CHG1,path_3,6,e26,J1,CHG1,13.0,15.0,2.0,1,normal,0
SORT1__CHG2__path_1,SORT1,CHG2,path_1,0,e20,SORT1,P7,0.0,3.0,3.0,2,normal,0
SORT1__CHG2__path_1,SORT1,CHG2,path_1,1,e27,P7,CHG2,3.0,5.0,2.0,1,normal,0
SORT1__CHG2__path_2,SORT1,CHG2,path_2,0,e21,SORT1,P8,0.0,3.0,3.0,2,normal,0
SORT1__CHG2__path_2,SORT1,CHG2,path_2,1,e18,P8,P7,3.0,5.0,2.0,2,normal,0
SORT1__CHG2__path_2,SORT1,CHG2,path_2,2,e27,P7,CHG2,5.0,7.0,2.0,1,normal,0
SORT1__CHG2__path_3,SORT1,CHG2,path_3,0,e21,SORT1,P8,0.0,3.0,3.0,2,normal,0
SORT1__CHG2__path_3,SORT1,CHG2,path_3,1,e16,P8,P5,3.0,5.0,2.0,1,dynamic,1
SORT1__CHG2__path_3,SORT1,CHG2,path_3,2,e13,P5,P4,5.0,7.0,2.0,1,narrow,0
SORT1__CHG2__path_3,SORT1,CHG2,path_3,3,e15,P4,P7,7.0,9.0,2.0,2,normal,0
SORT1__CHG2__path_3,SORT1,CHG2,path_3,4,e27,P7,CHG2,9.0,11.0,2.0,1,normal,0
SORT2__IN1__path_1,SORT2,IN1,path_1,0,e22,SORT2,P8,0.0,3.0,3.0,2,normal,0
SORT2__IN1__path_1,SORT2,IN1,path_1,1,e18,P8,P7,3.0,5.0,2.0,2,normal,0
SORT2__IN1__path_1,SORT2,IN1,path_1,2,e15,P7,P4,5.0,7.0,2.0,2,normal,0
SORT2__IN1__path_1,SORT2,IN1,path_1,3,e10,P4,P1,7.0,9.0,2.0,1,narrow,0
SORT2__IN1__path_1,SORT2,IN1,path_1,4,e05,P1,J1,9.0,11.0,2.0,2,normal,0
SORT2__IN1__path_1,SORT2,IN1,path_1,5,e01,J1,IN1,11.0,13.0,2.0,2,normal,0
SORT2__IN1__path_2,SORT2,IN1,path_2,0,e23,SORT2,P9,0.0,3.0,3.0,2,normal,0
SORT2__IN1__path_2,SORT2,IN1,path_2,1,e19,P9,P8,3.0,5.0,2.0,2,normal,0
SORT2__IN1__path_2,SORT2,IN1,path_2,2,e18,P8,P7,5.0,7.0,2.0,2,normal,0
SORT2__IN1__path_2,SORT2,IN1,path_2,3,e15,P7,P4,7.0,9.0,2.0,2,normal,0
SORT2__IN1__path_2,SORT2,IN1,path_2,4,e10,P4,P1,9.0,11.0,2.0,1,narrow,0
SORT2__IN1__path_2,SORT2,IN1,path_2,5,e05,P1,J1,11.0,13.0,2.0,2,normal,0
SORT2__IN1__path_2,SORT2,IN1,path_2,6,e01,J1,IN1,13.0,15.0,2.0,2,normal,0
SORT2__IN1__path_3,SORT2,IN1,path_3,0,e23,SORT2,P9,0.0,3.0,3.0,2,normal,0
SORT2__IN1__path_3,SORT2,IN1,path_3,1,e17,P9,P6,3.0,5.0,2.0,2,normal,0
SORT2__IN1__path_3,SORT2,IN1,path_3,2,e12,P6,P3,5.0,7.0,2.0,1,narrow,0
SORT2__IN1__path_3,SORT2,IN1,path_3,3,e07,P3,J3,7.0,9.0,2.0,2,normal,0
SORT2__IN1__path_3,SORT2,IN1,path_3,4,e04,J3,J2,9.0,11.0,2.0,2,normal,0
SORT2__IN1__path_3,SORT2,IN1,path_3,5,e03,J2,J1,11.0,13.0,2.0,2,normal,0
SORT2__IN1__path_3,SORT2,IN1,path_3,6,e01,J1,IN1,13.0,15.0,2.0,2,normal,0
SORT2__IN1__path_4,SORT2,IN1,path_4,0,e22,SORT2,P8,0.0,3.0,3.0,2,normal,0
SORT2__IN1__path_4,SORT2,IN1,path_4,1,e16,P8,P5,3.0,5.0,2.0,1,dynamic,1
SORT2__IN1__path_4,SORT2,IN1,path_4,2,e11,P5,P2,5.0,7.0,2.0,1,narrow,0
SORT2__IN1__path_4,SORT2,IN1,path_4,3,e06,P2,J2,7.0,9.0,2.0,1,narrow,0
SORT2__IN1__path_4,SORT2,IN1,path_4,4,e03,J2,J1,9.0,11.0,2.0,2,normal,0
SORT2__IN1__path_4,SORT2,IN1,path_4,5,e01,J1,IN1,11.0,13.0,2.0,2,normal,0
SORT2__IN2__path_1,SORT2,IN2,path_1,0,e23,SORT2,P9,0.0,3.0,3.0,2,normal,0
SORT2__IN2__path_1,SORT2,IN2,path_1,1,e17,P9,P6,3.0,5.0,2.0,2,normal,0
SORT2__IN2__path_1,SORT2,IN2,path_1,2,e12,P6,P3,5.0,7.0,2.0,1,narrow,0
SORT2__IN2__path_1,SORT2,IN2,path_1,3,e07,P3,J3,7.0,9.0,2.0,2,normal,0
SORT2__IN2__path_1,SORT2,IN2,path_1,4,e02,J3,IN2,9.0,11.0,2.0,2,normal,0
SORT2__IN2__path_2,SORT2,IN2,path_2,0,e22,SORT2,P8,0.0,3.0,3.0,2,normal,0
SORT2__IN2__path_2,SORT2,IN2,path_2,1,e19,P8,P9,3.0,5.0,2.0,2,normal,0
SORT2__IN2__path_2,SORT2,IN2,path_2,2,e17,P9,P6,5.0,7.0,2.0,2,normal,0
SORT2__IN2__path_2,SORT2,IN2,path_2,3,e12,P6,P3,7.0,9.0,2.0,1,narrow,0
SORT2__IN2__path_2,SORT2,IN2,path_2,4,e07,P3,J3,9.0,11.0,2.0,2,normal,0
SORT2__IN2__path_2,SORT2,IN2,path_2,5,e02,J3,IN2,11.0,13.0,2.0,2,normal,0
SORT2__IN2__path_3,SORT2,IN2,path_3,0,e23,SORT2,P9,0.0,3.0,3.0,2,normal,0
SORT2__IN2__path_3,SORT2,IN2,path_3,1,e17,P9,P6,3.0,5.0,2.0,2,normal,0
SORT2__IN2__path_3,SORT2,IN2,path_3,2,e14,P6,P5,5.0,7.0,2.0,1,narrow,0
SORT2__IN2__path_3,SORT2,IN2,path_3,3,e11,P5,P2,7.0,9.0,2.0,1,narrow,0
SORT2__IN2__path_3,SORT2,IN2,path_3,4,e09,P2,P3,9.0,11.0,2.0,2,normal,0
SORT2__IN2__path_3,SORT2,IN2,path_3,5,e07,P3,J3,11.0,13.0,2.0,2,normal,0
SORT2__IN2__path_3,SORT2,IN2,path_3,6,e02,J3,IN2,13.0,15.0,2.0,2,normal,0
SORT2__P1__path_1,SORT2,P1,path_1,0,e22,SORT2,P8,0.0,3.0,3.0,2,normal,0
SORT2__P1__path_1,SORT2,P1,path_1,1,e18,P8,P7,3.0,5.0,2.0,2,normal,0
SORT2__P1__path_1,SORT2,P1,path_1,2,e15,P7,P4,5.0,7.0,2.0,2,normal,0
SORT2__P1__path_1,SORT2,P1,path_1,3,e10,P4,P1,7.0,9.0,2.0,1,narrow,0
SORT2__P1__path_2,SORT2,P1,path_2,0,e23,SORT2,P9,0.0,3.0,3.0,2,normal,0
SORT2__P1__path_2,SORT2,P1,path_2,1,e17,P9,P6,3.0,5.0,2.0,2,normal,0
SORT2__P1__path_2,SORT2,P1,path_2,2,e12,P6,P3,5.0,7.0,2.0,1,narrow,0
SORT2__P1__path_2,SORT2,P1,path_2,3,e09,P3,P2,7.0,9.0,2.0,2,normal,0
SORT2__P1__path_2,SORT2,P1,path_2,4,e08,P2,P1,9.0,11.0,2.0,2,normal,0
SORT2__P1__path_3,SORT2,P1,path_3,0,e23,SORT2,P9,0.0,3.0,3.0,2,normal,0
SORT2__P1__path_3,SORT2,P1,path_3,1,e19,P9,P8,3.0,5.0,2.0,2,normal,0
SORT2__P1__path_3,SORT2,P1,path_3,2,e18,P8,P7,5.0,7.0,2.0,2,normal,0
SORT2__P1__path_3,SORT2,P1,path_3,3,e15,P7,P4,7.0,9.0,2.0,2,normal,0
SORT2__P1__path_3,SORT2,P1,path_3,4,e10,P4,P1,9.0,11.0,2.0,1,narrow,0
SORT2__P1__path_4,SORT2,P1,path_4,0,e22,SORT2,P8,0.0,3.0,3.0,2,normal,0
SORT2__P1__path_4,SORT2,P1,path_4,1,e16,P8,P5,3.0,5.0,2.0,1,dynamic,1
SORT2__P1__path_4,SORT2,P1,path_4,2,e11,P5,P2,5.0,7.0,2.0,1,narrow,0
SORT2__P1__path_4,SORT2,P1,path_4,3,e08,P2,P1,7.0,9.0,2.0,2,normal,0
SORT2__P2__path_1,SORT2,P2,path_1,0,e23,SORT2,P9,0.0,3.0,3.0,2,normal,0
SORT2__P2__path_1,SORT2,P2,path_1,1,e17,P9,P6,3.0,5.0,2.0,2,normal,0
SORT2__P2__path_1,SORT2,P2,path_1,2,e12,P6,P3,5.0,7.0,2.0,1,narrow,0
SORT2__P2__path_1,SORT2,P2,path_1,3,e09,P3,P2,7.0,9.0,2.0,2,normal,0
SORT2__P2__path_2,SORT2,P2,path_2,0,e22,SORT2,P8,0.0,3.0,3.0,2,normal,0
SORT2__P2__path_2,SORT2,P2,path_2,1,e16,P8,P5,3.0,5.0,2.0,1,dynamic,1
SORT2__P2__path_2,SORT2,P2,path_2,2,e11,P5,P2,5.0,7.0,2.0,1,narrow,0
SORT2__P2__path_3,SORT2,P2,path_3,0,e23,SORT2,P9,0.0,3.0,3.0,2,normal,0
SORT2__P2__path_3,SORT2,P2,path_3,1,e17,P9,P6,3.0,5.0,2.0,2,normal,0
SORT2__P2__path_3,SORT2,P2,path_3,2,e14,P6,P5,5.0,7.0,2.0,1,narrow,0
SORT2__P2__path_3,SORT2,P2,path_3,3,e11,P5,P2,7.0,9.0,2.0,1,narrow,0
SORT2__P3__path_1,SORT2,P3,path_1,0,e23,SORT2,P9,0.0,3.0,3.0,2,normal,0
SORT2__P3__path_1,SORT2,P3,path_1,1,e17,P9,P6,3.0,5.0,2.0,2,normal,0
SORT2__P3__path_1,SORT2,P3,path_1,2,e12,P6,P3,5.0,7.0,2.0,1,narrow,0
SORT2__P3__path_2,SORT2,P3,path_2,0,e22,SORT2,P8,0.0,3.0,3.0,2,normal,0
SORT2__P3__path_2,SORT2,P3,path_2,1,e19,P8,P9,3.0,5.0,2.0,2,normal,0
SORT2__P3__path_2,SORT2,P3,path_2,2,e17,P9,P6,5.0,7.0,2.0,2,normal,0
SORT2__P3__path_2,SORT2,P3,path_2,3,e12,P6,P3,7.0,9.0,2.0,1,narrow,0
SORT2__P3__path_3,SORT2,P3,path_3,0,e23,SORT2,P9,0.0,3.0,3.0,2,normal,0
SORT2__P3__path_3,SORT2,P3,path_3,1,e17,P9,P6,3.0,5.0,2.0,2,normal,0
SORT2__P3__path_3,SORT2,P3,path_3,2,e14,P6,P5,5.0,7.0,2.0,1,narrow,0
SORT2__P3__path_3,SORT2,P3,path_3,3,e11,P5,P2,7.0,9.0,2.0,1,narrow,0
SORT2__P3__path_3,SORT2,P3,path_3,4,e09,P2,P3,9.0,11.0,2.0,2,normal,0
SORT2__P4__path_1,SORT2,P4,path_1,0,e22,SORT2,P8,0.0,3.0,3.0,2,normal,0
SORT2__P4__path_1,SORT2,P4,path_1,1,e18,P8,P7,3.0,5.0,2.0,2,normal,0
SORT2__P4__path_1,SORT2,P4,path_1,2,e15,P7,P4,5.0,7.0,2.0,2,normal,0
SORT2__P4__path_2,SORT2,P4,path_2,0,e23,SORT2,P9,0.0,3.0,3.0,2,normal,0
SORT2__P4__path_2,SORT2,P4,path_2,1,e19,P9,P8,3.0,5.0,2.0,2,normal,0
SORT2__P4__path_2,SORT2,P4,path_2,2,e18,P8,P7,5.0,7.0,2.0,2,normal,0
SORT2__P4__path_2,SORT2,P4,path_2,3,e15,P7,P4,7.0,9.0,2.0,2,normal,0
SORT2__P4__path_3,SORT2,P4,path_3,0,e22,SORT2,P8,0.0,3.0,3.0,2,normal,0
SORT2__P4__path_3,SORT2,P4,path_3,1,e21,P8,SORT1,3.0,6.0,3.0,2,normal,0
SORT2__P4__path_3,SORT2,P4,path_3,2,e20,SORT1,P7,6.0,9.0,3.0,2,normal,0
SORT2__P4__path_3,SORT2,P4,path_3,3,e15,P7,P4,9.0,11.0,2.0,2,normal,0
SORT2__P4__path_4,SORT2,P4,path_4,0,e22,SORT2,P8,0.0,3.0,3.0,2,normal,0
SORT2__P4__path_4,SORT2,P4,path_4,1,e16,P8,P5,3.0,5.0,2.0,1,dynamic,1
SORT2__P4__path_4,SORT2,P4,path_4,2,e13,P5,P4,5.0,7.0,2.0,1,narrow,0
SORT2__P5__path_1,SORT2,P5,path_1,0,e23,SORT2,P9,0.0,3.0,3.0,2,normal,0
SORT2__P5__path_1,SORT2,P5,path_1,1,e17,P9,P6,3.0,5.0,2.0,2,normal,0
SORT2__P5__path_1,SORT2,P5,path_1,2,e14,P6,P5,5.0,7.0,2.0,1,narrow,0
SORT2__P5__path_2,SORT2,P5,path_2,0,e22,SORT2,P8,0.0,3.0,3.0,2,normal,0
SORT2__P5__path_2,SORT2,P5,path_2,1,e16,P8,P5,3.0,5.0,2.0,1,dynamic,1
SORT2__P5__path_3,SORT2,P5,path_3,0,e22,SORT2,P8,0.0,3.0,3.0,2,normal,0
SORT2__P5__path_3,SORT2,P5,path_3,1,e18,P8,P7,3.0,5.0,2.0,2,normal,0
SORT2__P5__path_3,SORT2,P5,path_3,2,e15,P7,P4,5.0,7.0,2.0,2,normal,0
SORT2__P5__path_3,SORT2,P5,path_3,3,e13,P4,P5,7.0,9.0,2.0,1,narrow,0
SORT2__P6__path_1,SORT2,P6,path_1,0,e23,SORT2,P9,0.0,3.0,3.0,2,normal,0
SORT2__P6__path_1,SORT2,P6,path_1,1,e17,P9,P6,3.0,5.0,2.0,2,normal,0
SORT2__P6__path_2,SORT2,P6,path_2,0,e22,SORT2,P8,0.0,3.0,3.0,2,normal,0
SORT2__P6__path_2,SORT2,P6,path_2,1,e19,P8,P9,3.0,5.0,2.0,2,normal,0
SORT2__P6__path_2,SORT2,P6,path_2,2,e17,P9,P6,5.0,7.0,2.0,2,normal,0
SORT2__P6__path_3,SORT2,P6,path_3,0,e22,SORT2,P8,0.0,3.0,3.0,2,normal,0
SORT2__P6__path_3,SORT2,P6,path_3,1,e16,P8,P5,3.0,5.0,2.0,1,dynamic,1
SORT2__P6__path_3,SORT2,P6,path_3,2,e14,P5,P6,5.0,7.0,2.0,1,narrow,0
SORT2__P7__path_1,SORT2,P7,path_1,0,e22,SORT2,P8,0.0,3.0,3.0,2,normal,0
SORT2__P7__path_1,SORT2,P7,path_1,1,e18,P8,P7,3.0,5.0,2.0,2,normal,0
SORT2__P7__path_2,SORT2,P7,path_2,0,e23,SORT2,P9,0.0,3.0,3.0,2,normal,0
SORT2__P7__path_2,SORT2,P7,path_2,1,e19,P9,P8,3.0,5.0,2.0,2,normal,0
SORT2__P7__path_2,SORT2,P7,path_2,2,e18,P8,P7,5.0,7.0,2.0,2,normal,0
SORT2__P7__path_3,SORT2,P7,path_3,0,e22,SORT2,P8,0.0,3.0,3.0,2,normal,0
SORT2__P7__path_3,SORT2,P7,path_3,1,e21,P8,SORT1,3.0,6.0,3.0,2,normal,0
SORT2__P7__path_3,SORT2,P7,path_3,2,e20,SORT1,P7,6.0,9.0,3.0,2,normal,0
SORT2__P8__path_1,SORT2,P8,path_1,0,e22,SORT2,P8,0.0,3.0,3.0,2,normal,0
SORT2__P8__path_2,SORT2,P8,path_2,0,e23,SORT2,P9,0.0,3.0,3.0,2,normal,0
SORT2__P8__path_2,SORT2,P8,path_2,1,e19,P9,P8,3.0,5.0,2.0,2,normal,0
SORT2__P8__path_3,SORT2,P8,path_3,0,e23,SORT2,P9,0.0,3.0,3.0,2,normal,0
SORT2__P8__path_3,SORT2,P8,path_3,1,e17,P9,P6,3.0,5.0,2.0,2,normal,0
SORT2__P8__path_3,SORT2,P8,path_3,2,e14,P6,P5,5.0,7.0,2.0,1,narrow,0
SORT2__P8__path_3,SORT2,P8,path_3,3,e16,P5,P8,7.0,9.0,2.0,1,dynamic,1
SORT2__P9__path_1,SORT2,P9,path_1,0,e23,SORT2,P9,0.0,3.0,3.0,2,normal,0
SORT2__P9__path_2,SORT2,P9,path_2,0,e22,SORT2,P8,0.0,3.0,3.0,2,normal,0
SORT2__P9__path_2,SORT2,P9,path_2,1,e19,P8,P9,3.0,5.0,2.0,2,normal,0
SORT2__P9__path_3,SORT2,P9,path_3,0,e22,SORT2,P8,0.0,3.0,3.0,2,normal,0
SORT2__P9__path_3,SORT2,P9,path_3,1,e16,P8,P5,3.0,5.0,2.0,1,dynamic,1
SORT2__P9__path_3,SORT2,P9,path_3,2,e14,P5,P6,5.0,7.0,2.0,1,narrow,0
SORT2__P9__path_3,SORT2,P9,path_3,3,e17,P6,P9,7.0,9.0,2.0,2,normal,0
SORT2__SORT1__path_1,SORT2,SORT1,path_1,0,e22,SORT2,P8,0.0,3.0,3.0,2,normal,0
SORT2__SORT1__path_1,SORT2,SORT1,path_1,1,e21,P8,SORT1,3.0,6.0,3.0,2,normal,0
SORT2__SORT1__path_2,SORT2,SORT1,path_2,0,e23,SORT2,P9,0.0,3.0,3.0,2,normal,0
SORT2__SORT1__path_2,SORT2,SORT1,path_2,1,e19,P9,P8,3.0,5.0,2.0,2,normal,0
SORT2__SORT1__path_2,SORT2,SORT1,path_2,2,e21,P8,SORT1,5.0,8.0,3.0,2,normal,0
SORT2__SORT1__path_3,SORT2,SORT1,path_3,0,e22,SORT2,P8,0.0,3.0,3.0,2,normal,0
SORT2__SORT1__path_3,SORT2,SORT1,path_3,1,e18,P8,P7,3.0,5.0,2.0,2,normal,0
SORT2__SORT1__path_3,SORT2,SORT1,path_3,2,e20,P7,SORT1,5.0,8.0,3.0,2,normal,0
SORT2__OUT1__path_1,SORT2,OUT1,path_1,0,e22,SORT2,P8,0.0,3.0,3.0,2,normal,0
SORT2__OUT1__path_1,SORT2,OUT1,path_1,1,e21,P8,SORT1,3.0,6.0,3.0,2,normal,0
SORT2__OUT1__path_1,SORT2,OUT1,path_1,2,e24,SORT1,OUT1,6.0,8.0,2.0,1,oneway,0
SORT2__OUT1__path_2,SORT2,OUT1,path_2,0,e23,SORT2,P9,0.0,3.0,3.0,2,normal,0
SORT2__OUT1__path_2,SORT2,OUT1,path_2,1,e19,P9,P8,3.0,5.0,2.0,2,normal,0
SORT2__OUT1__path_2,SORT2,OUT1,path_2,2,e21,P8,SORT1,5.0,8.0,3.0,2,normal,0
SORT2__OUT1__path_2,SORT2,OUT1,path_2,3,e24,SORT1,OUT1,8.0,10.0,2.0,1,oneway,0
SORT2__OUT1__path_3,SORT2,OUT1,path_3,0,e22,SORT2,P8,0.0,3.0,3.0,2,normal,0
SORT2__OUT1__path_3,SORT2,OUT1,path_3,1,e18,P8,P7,3.0,5.0,2.0,2,normal,0
SORT2__OUT1__path_3,SORT2,OUT1,path_3,2,e20,P7,SORT1,5.0,8.0,3.0,2,normal,0
SORT2__OUT1__path_3,SORT2,OUT1,path_3,3,e24,SORT1,OUT1,8.0,10.0,2.0,1,oneway,0
SORT2__OUT2__path_1,SORT2,OUT2,path_1,0,e25,SORT2,OUT2,0.0,2.0,2.0,1,oneway,0
SORT2__CHG1__path_1,SORT2,CHG1,path_1,0,e22,SORT2,P8,0.0,3.0,3.0,2,normal,0
SORT2__CHG1__path_1,SORT2,CHG1,path_1,1,e18,P8,P7,3.0,5.0,2.0,2,normal,0
SORT2__CHG1__path_1,SORT2,CHG1,path_1,2,e15,P7,P4,5.0,7.0,2.0,2,normal,0
SORT2__CHG1__path_1,SORT2,CHG1,path_1,3,e10,P4,P1,7.0,9.0,2.0,1,narrow,0
SORT2__CHG1__path_1,SORT2,CHG1,path_1,4,e05,P1,J1,9.0,11.0,2.0,2,normal,0
SORT2__CHG1__path_1,SORT2,CHG1,path_1,5,e26,J1,CHG1,11.0,13.0,2.0,1,normal,0
SORT2__CHG1__path_2,SORT2,CHG1,path_2,0,e23,SORT2,P9,0.0,3.0,3.0,2,normal,0
SORT2__CHG1__path_2,SORT2,CHG1,path_2,1,e19,P9,P8,3.0,5.0,2.0,2,normal,0
SORT2__CHG1__path_2,SORT2,CHG1,path_2,2,e18,P8,P7,5.0,7.0,2.0,2,normal,0
SORT2__CHG1__path_2,SORT2,CHG1,path_2,3,e15,P7,P4,7.0,9.0,2.0,2,normal,0
SORT2__CHG1__path_2,SORT2,CHG1,path_2,4,e10,P4,P1,9.0,11.0,2.0,1,narrow,0
SORT2__CHG1__path_2,SORT2,CHG1,path_2,5,e05,P1,J1,11.0,13.0,2.0,2,normal,0
SORT2__CHG1__path_2,SORT2,CHG1,path_2,6,e26,J1,CHG1,13.0,15.0,2.0,1,normal,0
SORT2__CHG1__path_3,SORT2,CHG1,path_3,0,e23,SORT2,P9,0.0,3.0,3.0,2,normal,0
SORT2__CHG1__path_3,SORT2,CHG1,path_3,1,e17,P9,P6,3.0,5.0,2.0,2,normal,0
SORT2__CHG1__path_3,SORT2,CHG1,path_3,2,e12,P6,P3,5.0,7.0,2.0,1,narrow,0
SORT2__CHG1__path_3,SORT2,CHG1,path_3,3,e07,P3,J3,7.0,9.0,2.0,2,normal,0
SORT2__CHG1__path_3,SORT2,CHG1,path_3,4,e04,J3,J2,9.0,11.0,2.0,2,normal,0
SORT2__CHG1__path_3,SORT2,CHG1,path_3,5,e03,J2,J1,11.0,13.0,2.0,2,normal,0
SORT2__CHG1__path_3,SORT2,CHG1,path_3,6,e26,J1,CHG1,13.0,15.0,2.0,1,normal,0
SORT2__CHG1__path_4,SORT2,CHG1,path_4,0,e22,SORT2,P8,0.0,3.0,3.0,2,normal,0
SORT2__CHG1__path_4,SORT2,CHG1,path_4,1,e16,P8,P5,3.0,5.0,2.0,1,dynamic,1
SORT2__CHG1__path_4,SORT2,CHG1,path_4,2,e11,P5,P2,5.0,7.0,2.0,1,narrow,0
SORT2__CHG1__path_4,SORT2,CHG1,path_4,3,e06,P2,J2,7.0,9.0,2.0,1,narrow,0
SORT2__CHG1__path_4,SORT2,CHG1,path_4,4,e03,J2,J1,9.0,11.0,2.0,2,normal,0
SORT2__CHG1__path_4,SORT2,CHG1,path_4,5,e26,J1,CHG1,11.0,13.0,2.0,1,normal,0
SORT2__CHG2__path_1,SORT2,CHG2,path_1,0,e22,SORT2,P8,0.0,3.0,3.0,2,normal,0
SORT2__CHG2__path_1,SORT2,CHG2,path_1,1,e18,P8,P7,3.0,5.0,2.0,2,normal,0
SORT2__CHG2__path_1,SORT2,CHG2,path_1,2,e27,P7,CHG2,5.0,7.0,2.0,1,normal,0
SORT2__CHG2__path_2,SORT2,CHG2,path_2,0,e23,SORT2,P9,0.0,3.0,3.0,2,normal,0
SORT2__CHG2__path_2,SORT2,CHG2,path_2,1,e19,P9,P8,3.0,5.0,2.0,2,normal,0
SORT2__CHG2__path_2,SORT2,CHG2,path_2,2,e18,P8,P7,5.0,7.0,2.0,2,normal,0
SORT2__CHG2__path_2,SORT2,CHG2,path_2,3,e27,P7,CHG2,7.0,9.0,2.0,1,normal,0
SORT2__CHG2__path_3,SORT2,CHG2,path_3,0,e22,SORT2,P8,0.0,3.0,3.0,2,normal,0
SORT2__CHG2__path_3,SORT2,CHG2,path_3,1,e21,P8,SORT1,3.0,6.0,3.0,2,normal,0
SORT2__CHG2__path_3,SORT2,CHG2,path_3,2,e20,SORT1,P7,6.0,9.0,3.0,2,normal,0
SORT2__CHG2__path_3,SORT2,CHG2,path_3,3,e27,P7,CHG2,9.0,11.0,2.0,1,normal,0
CHG1__IN1__path_1,CHG1,IN1,path_1,0,e26,CHG1,J1,0.0,2.0,2.0,1,normal,0
CHG1__IN1__path_1,CHG1,IN1,path_1,1,e01,J1,IN1,2.0,4.0,2.0,2,normal,0
CHG1__IN2__path_1,CHG1,IN2,path_1,0,e26,CHG1,J1,0.0,2.0,2.0,1,normal,0
CHG1__IN2__path_1,CHG1,IN2,path_1,1,e03,J1,J2,2.0,4.0,2.0,2,normal,0
CHG1__IN2__path_1,CHG1,IN2,path_1,2,e04,J2,J3,4.0,6.0,2.0,2,normal,0
CHG1__IN2__path_1,CHG1,IN2,path_1,3,e02,J3,IN2,6.0,8.0,2.0,2,normal,0
CHG1__IN2__path_2,CHG1,IN2,path_2,0,e26,CHG1,J1,0.0,2.0,2.0,1,normal,0
CHG1__IN2__path_2,CHG1,IN2,path_2,1,e05,J1,P1,2.0,4.0,2.0,2,normal,0
CHG1__IN2__path_2,CHG1,IN2,path_2,2,e08,P1,P2,4.0,6.0,2.0,2,normal,0
CHG1__IN2__path_2,CHG1,IN2,path_2,3,e09,P2,P3,6.0,8.0,2.0,2,normal,0
CHG1__IN2__path_2,CHG1,IN2,path_2,4,e07,P3,J3,8.0,10.0,2.0,2,normal,0
CHG1__IN2__path_2,CHG1,IN2,path_2,5,e02,J3,IN2,10.0,12.0,2.0,2,normal,0
CHG1__IN2__path_3,CHG1,IN2,path_3,0,e26,CHG1,J1,0.0,2.0,2.0,1,normal,0
CHG1__IN2__path_3,CHG1,IN2,path_3,1,e03,J1,J2,2.0,4.0,2.0,2,normal,0
CHG1__IN2__path_3,CHG1,IN2,path_3,2,e06,J2,P2,4.0,6.0,2.0,1,narrow,0
CHG1__IN2__path_3,CHG1,IN2,path_3,3,e09,P2,P3,6.0,8.0,2.0,2,normal,0
CHG1__IN2__path_3,CHG1,IN2,path_3,4,e07,P3,J3,8.0,10.0,2.0,2,normal,0
CHG1__IN2__path_3,CHG1,IN2,path_3,5,e02,J3,IN2,10.0,12.0,2.0,2,normal,0
CHG1__P1__path_1,CHG1,P1,path_1,0,e26,CHG1,J1,0.0,2.0,2.0,1,normal,0
CHG1__P1__path_1,CHG1,P1,path_1,1,e05,J1,P1,2.0,4.0,2.0,2,normal,0
CHG1__P1__path_2,CHG1,P1,path_2,0,e26,CHG1,J1,0.0,2.0,2.0,1,normal,0
CHG1__P1__path_2,CHG1,P1,path_2,1,e03,J1,J2,2.0,4.0,2.0,2,normal,0
CHG1__P1__path_2,CHG1,P1,path_2,2,e06,J2,P2,4.0,6.0,2.0,1,narrow,0
CHG1__P1__path_2,CHG1,P1,path_2,3,e08,P2,P1,6.0,8.0,2.0,2,normal,0
CHG1__P1__path_3,CHG1,P1,path_3,0,e26,CHG1,J1,0.0,2.0,2.0,1,normal,0
CHG1__P1__path_3,CHG1,P1,path_3,1,e03,J1,J2,2.0,4.0,2.0,2,normal,0
CHG1__P1__path_3,CHG1,P1,path_3,2,e04,J2,J3,4.0,6.0,2.0,2,normal,0
CHG1__P1__path_3,CHG1,P1,path_3,3,e07,J3,P3,6.0,8.0,2.0,2,normal,0
CHG1__P1__path_3,CHG1,P1,path_3,4,e09,P3,P2,8.0,10.0,2.0,2,normal,0
CHG1__P1__path_3,CHG1,P1,path_3,5,e08,P2,P1,10.0,12.0,2.0,2,normal,0
CHG1__P2__path_1,CHG1,P2,path_1,0,e26,CHG1,J1,0.0,2.0,2.0,1,normal,0
CHG1__P2__path_1,CHG1,P2,path_1,1,e05,J1,P1,2.0,4.0,2.0,2,normal,0
CHG1__P2__path_1,CHG1,P2,path_1,2,e08,P1,P2,4.0,6.0,2.0,2,normal,0
CHG1__P2__path_2,CHG1,P2,path_2,0,e26,CHG1,J1,0.0,2.0,2.0,1,normal,0
CHG1__P2__path_2,CHG1,P2,path_2,1,e03,J1,J2,2.0,4.0,2.0,2,normal,0
CHG1__P2__path_2,CHG1,P2,path_2,2,e06,J2,P2,4.0,6.0,2.0,1,narrow,0
CHG1__P2__path_3,CHG1,P2,path_3,0,e26,CHG1,J1,0.0,2.0,2.0,1,normal,0
CHG1__P2__path_3,CHG1,P2,path_3,1,e03,J1,J2,2.0,4.0,2.0,2,normal,0
CHG1__P2__path_3,CHG1,P2,path_3,2,e04,J2,J3,4.0,6.0,2.0,2,normal,0
CHG1__P2__path_3,CHG1,P2,path_3,3,e07,J3,P3,6.0,8.0,2.0,2,normal,0
CHG1__P2__path_3,CHG1,P2,path_3,4,e09,P3,P2,8.0,10.0,2.0,2,normal,0
CHG1__P3__path_1,CHG1,P3,path_1,0,e26,CHG1,J1,0.0,2.0,2.0,1,normal,0
CHG1__P3__path_1,CHG1,P3,path_1,1,e03,J1,J2,2.0,4.0,2.0,2,normal,0
CHG1__P3__path_1,CHG1,P3,path_1,2,e04,J2,J3,4.0,6.0,2.0,2,normal,0
CHG1__P3__path_1,CHG1,P3,path_1,3,e07,J3,P3,6.0,8.0,2.0,2,normal,0
CHG1__P3__path_2,CHG1,P3,path_2,0,e26,CHG1,J1,0.0,2.0,2.0,1,normal,0
CHG1__P3__path_2,CHG1,P3,path_2,1,e05,J1,P1,2.0,4.0,2.0,2,normal,0
CHG1__P3__path_2,CHG1,P3,path_2,2,e08,P1,P2,4.0,6.0,2.0,2,normal,0
CHG1__P3__path_2,CHG1,P3,path_2,3,e09,P2,P3,6.0,8.0,2.0,2,normal,0
CHG1__P3__path_3,CHG1,P3,path_3,0,e26,CHG1,J1,0.0,2.0,2.0,1,normal,0
CHG1__P3__path_3,CHG1,P3,path_3,1,e03,J1,J2,2.0,4.0,2.0,2,normal,0
CHG1__P3__path_3,CHG1,P3,path_3,2,e06,J2,P2,4.0,6.0,2.0,1,narrow,0
CHG1__P3__path_3,CHG1,P3,path_3,3,e09,P2,P3,6.0,8.0,2.0,2,normal,0
CHG1__P4__path_1,CHG1,P4,path_1,0,e26,CHG1,J1,0.0,2.0,2.0,1,normal,0
CHG1__P4__path_1,CHG1,P4,path_1,1,e05,J1,P1,2.0,4.0,2.0,2,normal,0
CHG1__P4__path_1,CHG1,P4,path_1,2,e10,P1,P4,4.0,6.0,2.0,1,narrow,0
CHG1__P4__path_2,CHG1,P4,path_2,0,e26,CHG1,J1,0.0,2.0,2.0,1,normal,0
CHG1__P4__path_2,CHG1,P4,path_2,1,e03,J1,J2,2.0,4.0,2.0,2,normal,0
CHG1__P4__path_2,CHG1,P4,path_2,2,e06,J2,P2,4.0,6.0,2.0,1,narrow,0
CHG1__P4__path_2,CHG1,P4,path_2,3,e08,P2,P1,6.0,8.0,2.0,2,normal,0
CHG1__P4__path_2,CHG1,P4,path_2,4,e10,P1,P4,8.0,10.0,2.0,1,narrow,0
CHG1__P4__path_3,CHG1,P4,path_3,0,e26,CHG1,J1,0.0,2.0,2.0,1,normal,0
CHG1__P4__path_3,CHG1,P4,path_3,1,e05,J1,P1,2.0,4.0,2.0,2,normal,0
CHG1__P4__path_3,CHG1,P4,path_3,2,e08,P1,P2,4.0,6.0,2.0,2,normal,0
CHG1__P4__path_3,CHG1,P4,path_3,3,e11,P2,P5,6.0,8.0,2.0,1,narrow,0
CHG1__P4__path_3,CHG1,P4,path_3,4,e13,P5,P4,8.0,10.0,2.0,1,narrow,0
CHG1__P5__path_1,CHG1,P5,path_1,0,e26,CHG1,J1,0.0,2.0,2.0,1,normal,0
CHG1__P5__path_1,CHG1,P5,path_1,1,e05,J1,P1,2.0,4.0,2.0,2,normal,0
CHG1__P5__path_1,CHG1,P5,path_1,2,e08,P1,P2,4.0,6.0,2.0,2,normal,0
CHG1__P5__path_1,CHG1,P5,path_1,3,e11,P2,P5,6.0,8.0,2.0,1,narrow,0
CHG1__P5__path_2,CHG1,P5,path_2,0,e26,CHG1,J1,0.0,2.0,2.0,1,normal,0
CHG1__P5__path_2,CHG1,P5,path_2,1,e03,J1,J2,2.0,4.0,2.0,2,normal,0
CHG1__P5__path_2,CHG1,P5,path_2,2,e06,J2,P2,4.0,6.0,2.0,1,narrow,0
CHG1__P5__path_2,CHG1,P5,path_2,3,e11,P2,P5,6.0,8.0,2.0,1,narrow,0
CHG1__P5__path_3,CHG1,P5,path_3,0,e26,CHG1,J1,0.0,2.0,2.0,1,normal,0
CHG1__P5__path_3,CHG1,P5,path_3,1,e05,J1,P1,2.0,4.0,2.0,2,normal,0
CHG1__P5__path_3,CHG1,P5,path_3,2,e10,P1,P4,4.0,6.0,2.0,1,narrow,0
CHG1__P5__path_3,CHG1,P5,path_3,3,e13,P4,P5,6.0,8.0,2.0,1,narrow,0
CHG1__P6__path_1,CHG1,P6,path_1,0,e26,CHG1,J1,0.0,2.0,2.0,1,normal,0
CHG1__P6__path_1,CHG1,P6,path_1,1,e03,J1,J2,2.0,4.0,2.0,2,normal,0
CHG1__P6__path_1,CHG1,P6,path_1,2,e04,J2,J3,4.0,6.0,2.0,2,normal,0
CHG1__P6__path_1,CHG1,P6,path_1,3,e07,J3,P3,6.0,8.0,2.0,2,normal,0
CHG1__P6__path_1,CHG1,P6,path_1,4,e12,P3,P6,8.0,10.0,2.0,1,narrow,0
CHG1__P6__path_2,CHG1,P6,path_2,0,e26,CHG1,J1,0.0,2.0,2.0,1,normal,0
CHG1__P6__path_2,CHG1,P6,path_2,1,e05,J1,P1,2.0,4.0,2.0,2,normal,0
CHG1__P6__path_2,CHG1,P6,path_2,2,e08,P1,P2,4.0,6.0,2.0,2,normal,0
CHG1__P6__path_2,CHG1,P6,path_2,3,e09,P2,P3,6.0,8.0,2.0,2,normal,0
CHG1__P6__path_2,CHG1,P6,path_2,4,e12,P3,P6,8.0,10.0,2.0,1,narrow,0
CHG1__P6__path_3,CHG1,P6,path_3,0,e26,CHG1,J1,0.0,2.0,2.0,1,normal,0
CHG1__P6__path_3,CHG1,P6,path_3,1,e03,J1,J2,2.0,4.0,2.0,2,normal,0
CHG1__P6__path_3,CHG1,P6,path_3,2,e06,J2,P2,4.0,6.0,2.0,1,narrow,0
CHG1__P6__path_3,CHG1,P6,path_3,3,e09,P2,P3,6.0,8.0,2.0,2,normal,0
CHG1__P6__path_3,CHG1,P6,path_3,4,e12,P3,P6,8.0,10.0,2.0,1,narrow,0
CHG1__P7__path_1,CHG1,P7,path_1,0,e26,CHG1,J1,0.0,2.0,2.0,1,normal,0
CHG1__P7__path_1,CHG1,P7,path_1,1,e05,J1,P1,2.0,4.0,2.0,2,normal,0
CHG1__P7__path_1,CHG1,P7,path_1,2,e10,P1,P4,4.0,6.0,2.0,1,narrow,0
CHG1__P7__path_1,CHG1,P7,path_1,3,e15,P4,P7,6.0,8.0,2.0,2,normal,0
CHG1__P7__path_2,CHG1,P7,path_2,0,e26,CHG1,J1,0.0,2.0,2.0,1,normal,0
CHG1__P7__path_2,CHG1,P7,path_2,1,e03,J1,J2,2.0,4.0,2.0,2,normal,0
CHG1__P7__path_2,CHG1,P7,path_2,2,e06,J2,P2,4.0,6.0,2.0,1,narrow,0
CHG1__P7__path_2,CHG1,P7,path_2,3,e08,P2,P1,6.0,8.0,2.0,2,normal,0
CHG1__P7__path_2,CHG1,P7,path_2,4,e10,P1,P4,8.0,10.0,2.0,1,narrow,0
CHG1__P7__path_2,CHG1,P7,path_2,5,e15,P4,P7,10.0,12.0,2.0,2,normal,0
CHG1__P7__path_3,CHG1,P7,path_3,0,e26,CHG1,J1,0.0,2.0,2.0,1,normal,0
CHG1__P7__path_3,CHG1,P7,path_3,1,e05,J1,P1,2.0,4.0,2.0,2,normal,0
CHG1__P7__path_3,CHG1,P7,path_3,2,e08,P1,P2,4.0,6.0,2.0,2,normal,0
CHG1__P7__path_3,CHG1,P7,path_3,3,e11,P2,P5,6.0,8.0,2.0,1,narrow,0
CHG1__P7__path_3,CHG1,P7,path_3,4,e13,P5,P4,8.0,10.0,2.0,1,narrow,0
CHG1__P7__path_3,CHG1,P7,path_3,5,e15,P4,P7,10.0,12.0,2.0,2,normal,0
CHG1__P8__path_1,CHG1,P8,path_1,0,e26,CHG1,J1,0.0,2.0,2.0,1,normal,0
CHG1__P8__path_1,CHG1,P8,path_1,1,e05,J1,P1,2.0,4.0,2.0,2,normal,0
CHG1__P8__path_1,CHG1,P8,path_1,2,e10,P1,P4,4.0,6.0,2.0,1,narrow,0
CHG1__P8__path_1,CHG1,P8,path_1,3,e15,P4,P7,6.0,8.0,2.0,2,normal,0
CHG1__P8__path_1,CHG1,P8,path_1,4,e18,P7,P8,8.0,10.0,2.0,2,normal,0
CHG1__P8__path_2,CHG1,P8,path_2,0,e26,CHG1,J1,0.0,2.0,2.0,1,normal,0
CHG1__P8__path_2,CHG1,P8,path_2,1,e05,J1,P1,2.0,4.0,2.0,2,normal,0
CHG1__P8__path_2,CHG1,P8,path_2,2,e10,P1,P4,4.0,6.0,2.0,1,narrow,0
CHG1__P8__path_2,CHG1,P8,path_2,3,e15,P4,P7,6.0,8.0,2.0,2,normal,0
CHG1__P8__path_2,CHG1,P8,path_2,4,e20,P7,SORT1,8.0,11.0,3.0,2,normal,0
CHG1__P8__path_2,CHG1,P8,path_2,5,e21,SORT1,P8,11.0,14.0,3.0,2,normal,0
CHG1__P8__path_3,CHG1,P8,path_3,0,e26,CHG1,J1,0.0,2.0,2.0,1,normal,0
CHG1__P8__path_3,CHG1,P8,path_3,1,e03,J1,J2,2.0,4.0,2.0,2,normal,0
CHG1__P8__path_3,CHG1,P8,path_3,2,e04,J2,J3,4.0,6.0,2.0,2,normal,0
CHG1__P8__path_3,CHG1,P8,path_3,3,e07,J3,P3,6.0,8.0,2.0,2,normal,0
CHG1__P8__path_3,CHG1,P8,path_3,4,e12,P3,P6,8.0,10.0,2.0,1,narrow,0
CHG1__P8__path_3,CHG1,P8,path_3,5,e17,P6,P9,10.0,12.0,2.0,2,normal,0
CHG1__P8__path_3,CHG1,P8,path_3,6,e19,P9,P8,12.0,14.0,2.0,2,normal,0
CHG1__P8__path_4,CHG1,P8,path_4,0,e26,CHG1,J1,0.0,2.0,2.0,1,normal,0
CHG1__P8__path_4,CHG1,P8,path_4,1,e03,J1,J2,2.0,4.0,2.0,2,normal,0
CHG1__P8__path_4,CHG1,P8,path_4,2,e06,J2,P2,4.0,6.0,2.0,1,narrow,0
CHG1__P8__path_4,CHG1,P8,path_4,3,e11,P2,P5,6.0,8.0,2.0,1,narrow,0
CHG1__P8__path_4,CHG1,P8,path_4,4,e16,P5,P8,8.0,10.0,2.0,1,dynamic,1
CHG1__P9__path_1,CHG1,P9,path_1,0,e26,CHG1,J1,0.0,2.0,2.0,1,normal,0
CHG1__P9__path_1,CHG1,P9,path_1,1,e03,J1,J2,2.0,4.0,2.0,2,normal,0
CHG1__P9__path_1,CHG1,P9,path_1,2,e04,J2,J3,4.0,6.0,2.0,2,normal,0
CHG1__P9__path_1,CHG1,P9,path_1,3,e07,J3,P3,6.0,8.0,2.0,2,normal,0
CHG1__P9__path_1,CHG1,P9,path_1,4,e12,P3,P6,8.0,10.0,2.0,1,narrow,0
CHG1__P9__path_1,CHG1,P9,path_1,5,e17,P6,P9,10.0,12.0,2.0,2,normal,0
CHG1__P9__path_2,CHG1,P9,path_2,0,e26,CHG1,J1,0.0,2.0,2.0,1,normal,0
CHG1__P9__path_2,CHG1,P9,path_2,1,e05,J1,P1,2.0,4.0,2.0,2,normal,0
CHG1__P9__path_2,CHG1,P9,path_2,2,e10,P1,P4,4.0,6.0,2.0,1,narrow,0
CHG1__P9__path_2,CHG1,P9,path_2,3,e15,P4,P7,6.0,8.0,2.0,2,normal,0
CHG1__P9__path_2,CHG1,P9,path_2,4,e18,P7,P8,8.0,10.0,2.0,2,normal,0
CHG1__P9__path_2,CHG1,P9,path_2,5,e19,P8,P9,10.0,12.0,2.0,2,normal,0
CHG1__P9__path_3,CHG1,P9,path_3,0,e26,CHG1,J1,0.0,2.0,2.0,1,normal,0
CHG1__P9__path_3,CHG1,P9,path_3,1,e05,J1,P1,2.0,4.0,2.0,2,normal,0
CHG1__P9__path_3,CHG1,P9,path_3,2,e08,P1,P2,4.0,6.0,2.0,2,normal,0
CHG1__P9__path_3,CHG1,P9,path_3,3,e09,P2,P3,6.0,8.0,2.0,2,normal,0
CHG1__P9__path_3,CHG1,P9,path_3,4,e12,P3,P6,8.0,10.0,2.0,1,narrow,0
CHG1__P9__path_3,CHG1,P9,path_3,5,e17,P6,P9,10.0,12.0,2.0,2,normal,0
CHG1__SORT1__path_1,CHG1,SORT1,path_1,0,e26,CHG1,J1,0.0,2.0,2.0,1,normal,0
CHG1__SORT1__path_1,CHG1,SORT1,path_1,1,e05,J1,P1,2.0,4.0,2.0,2,normal,0
CHG1__SORT1__path_1,CHG1,SORT1,path_1,2,e10,P1,P4,4.0,6.0,2.0,1,narrow,0
CHG1__SORT1__path_1,CHG1,SORT1,path_1,3,e15,P4,P7,6.0,8.0,2.0,2,normal,0
CHG1__SORT1__path_1,CHG1,SORT1,path_1,4,e20,P7,SORT1,8.0,11.0,3.0,2,normal,0
CHG1__SORT1__path_2,CHG1,SORT1,path_2,0,e26,CHG1,J1,0.0,2.0,2.0,1,normal,0
CHG1__SORT1__path_2,CHG1,SORT1,path_2,1,e05,J1,P1,2.0,4.0,2.0,2,normal,0
CHG1__SORT1__path_2,CHG1,SORT1,path_2,2,e10,P1,P4,4.0,6.0,2.0,1,narrow,0
CHG1__SORT1__path_2,CHG1,SORT1,path_2,3,e15,P4,P7,6.0,8.0,2.0,2,normal,0
CHG1__SORT1__path_2,CHG1,SORT1,path_2,4,e18,P7,P8,8.0,10.0,2.0,2,normal,0
CHG1__SORT1__path_2,CHG1,SORT1,path_2,5,e21,P8,SORT1,10.0,13.0,3.0,2,normal,0
CHG1__SORT1__path_3,CHG1,SORT1,path_3,0,e26,CHG1,J1,0.0,2.0,2.0,1,normal,0
CHG1__SORT1__path_3,CHG1,SORT1,path_3,1,e03,J1,J2,2.0,4.0,2.0,2,normal,0
CHG1__SORT1__path_3,CHG1,SORT1,path_3,2,e06,J2,P2,4.0,6.0,2.0,1,narrow,0
CHG1__SORT1__path_3,CHG1,SORT1,path_3,3,e08,P2,P1,6.0,8.0,2.0,2,normal,0
CHG1__SORT1__path_3,CHG1,SORT1,path_3,4,e10,P1,P4,8.0,10.0,2.0,1,narrow,0
CHG1__SORT1__path_3,CHG1,SORT1,path_3,5,e15,P4,P7,10.0,12.0,2.0,2,normal,0
CHG1__SORT1__path_3,CHG1,SORT1,path_3,6,e20,P7,SORT1,12.0,15.0,3.0,2,normal,0
CHG1__SORT2__path_1,CHG1,SORT2,path_1,0,e26,CHG1,J1,0.0,2.0,2.0,1,normal,0
CHG1__SORT2__path_1,CHG1,SORT2,path_1,1,e05,J1,P1,2.0,4.0,2.0,2,normal,0
CHG1__SORT2__path_1,CHG1,SORT2,path_1,2,e10,P1,P4,4.0,6.0,2.0,1,narrow,0
CHG1__SORT2__path_1,CHG1,SORT2,path_1,3,e15,P4,P7,6.0,8.0,2.0,2,normal,0
CHG1__SORT2__path_1,CHG1,SORT2,path_1,4,e18,P7,P8,8.0,10.0,2.0,2,normal,0
CHG1__SORT2__path_1,CHG1,SORT2,path_1,5,e22,P8,SORT2,10.0,13.0,3.0,2,normal,0
CHG1__SORT2__path_2,CHG1,SORT2,path_2,0,e26,CHG1,J1,0.0,2.0,2.0,1,normal,0
CHG1__SORT2__path_2,CHG1,SORT2,path_2,1,e03,J1,J2,2.0,4.0,2.0,2,normal,0
CHG1__SORT2__path_2,CHG1,SORT2,path_2,2,e04,J2,J3,4.0,6.0,2.0,2,normal,0
CHG1__SORT2__path_2,CHG1,SORT2,path_2,3,e07,J3,P3,6.0,8.0,2.0,2,normal,0
CHG1__SORT2__path_2,CHG1,SORT2,path_2,4,e12,P3,P6,8.0,10.0,2.0,1,narrow,0
CHG1__SORT2__path_2,CHG1,SORT2,path_2,5,e17,P6,P9,10.0,12.0,2.0,2,normal,0
CHG1__SORT2__path_2,CHG1,SORT2,path_2,6,e23,P9,SORT2,12.0,15.0,3.0,2,normal,0
CHG1__SORT2__path_3,CHG1,SORT2,path_3,0,e26,CHG1,J1,0.0,2.0,2.0,1,normal,0
CHG1__SORT2__path_3,CHG1,SORT2,path_3,1,e05,J1,P1,2.0,4.0,2.0,2,normal,0
CHG1__SORT2__path_3,CHG1,SORT2,path_3,2,e08,P1,P2,4.0,6.0,2.0,2,normal,0
CHG1__SORT2__path_3,CHG1,SORT2,path_3,3,e09,P2,P3,6.0,8.0,2.0,2,normal,0
CHG1__SORT2__path_3,CHG1,SORT2,path_3,4,e12,P3,P6,8.0,10.0,2.0,1,narrow,0
CHG1__SORT2__path_3,CHG1,SORT2,path_3,5,e17,P6,P9,10.0,12.0,2.0,2,normal,0
CHG1__SORT2__path_3,CHG1,SORT2,path_3,6,e23,P9,SORT2,12.0,15.0,3.0,2,normal,0
CHG1__SORT2__path_4,CHG1,SORT2,path_4,0,e26,CHG1,J1,0.0,2.0,2.0,1,normal,0
CHG1__SORT2__path_4,CHG1,SORT2,path_4,1,e03,J1,J2,2.0,4.0,2.0,2,normal,0
CHG1__SORT2__path_4,CHG1,SORT2,path_4,2,e06,J2,P2,4.0,6.0,2.0,1,narrow,0
CHG1__SORT2__path_4,CHG1,SORT2,path_4,3,e11,P2,P5,6.0,8.0,2.0,1,narrow,0
CHG1__SORT2__path_4,CHG1,SORT2,path_4,4,e16,P5,P8,8.0,10.0,2.0,1,dynamic,1
CHG1__SORT2__path_4,CHG1,SORT2,path_4,5,e22,P8,SORT2,10.0,13.0,3.0,2,normal,0
CHG1__OUT1__path_1,CHG1,OUT1,path_1,0,e26,CHG1,J1,0.0,2.0,2.0,1,normal,0
CHG1__OUT1__path_1,CHG1,OUT1,path_1,1,e05,J1,P1,2.0,4.0,2.0,2,normal,0
CHG1__OUT1__path_1,CHG1,OUT1,path_1,2,e10,P1,P4,4.0,6.0,2.0,1,narrow,0
CHG1__OUT1__path_1,CHG1,OUT1,path_1,3,e15,P4,P7,6.0,8.0,2.0,2,normal,0
CHG1__OUT1__path_1,CHG1,OUT1,path_1,4,e20,P7,SORT1,8.0,11.0,3.0,2,normal,0
CHG1__OUT1__path_1,CHG1,OUT1,path_1,5,e24,SORT1,OUT1,11.0,13.0,2.0,1,oneway,0
CHG1__OUT1__path_2,CHG1,OUT1,path_2,0,e26,CHG1,J1,0.0,2.0,2.0,1,normal,0
CHG1__OUT1__path_2,CHG1,OUT1,path_2,1,e05,J1,P1,2.0,4.0,2.0,2,normal,0
CHG1__OUT1__path_2,CHG1,OUT1,path_2,2,e10,P1,P4,4.0,6.0,2.0,1,narrow,0
CHG1__OUT1__path_2,CHG1,OUT1,path_2,3,e15,P4,P7,6.0,8.0,2.0,2,normal,0
CHG1__OUT1__path_2,CHG1,OUT1,path_2,4,e18,P7,P8,8.0,10.0,2.0,2,normal,0
CHG1__OUT1__path_2,CHG1,OUT1,path_2,5,e21,P8,SORT1,10.0,13.0,3.0,2,normal,0
CHG1__OUT1__path_2,CHG1,OUT1,path_2,6,e24,SORT1,OUT1,13.0,15.0,2.0,1,oneway,0
CHG1__OUT1__path_3,CHG1,OUT1,path_3,0,e26,CHG1,J1,0.0,2.0,2.0,1,normal,0
CHG1__OUT1__path_3,CHG1,OUT1,path_3,1,e03,J1,J2,2.0,4.0,2.0,2,normal,0
CHG1__OUT1__path_3,CHG1,OUT1,path_3,2,e06,J2,P2,4.0,6.0,2.0,1,narrow,0
CHG1__OUT1__path_3,CHG1,OUT1,path_3,3,e08,P2,P1,6.0,8.0,2.0,2,normal,0
CHG1__OUT1__path_3,CHG1,OUT1,path_3,4,e10,P1,P4,8.0,10.0,2.0,1,narrow,0
CHG1__OUT1__path_3,CHG1,OUT1,path_3,5,e15,P4,P7,10.0,12.0,2.0,2,normal,0
CHG1__OUT1__path_3,CHG1,OUT1,path_3,6,e20,P7,SORT1,12.0,15.0,3.0,2,normal,0
CHG1__OUT1__path_3,CHG1,OUT1,path_3,7,e24,SORT1,OUT1,15.0,17.0,2.0,1,oneway,0
CHG1__OUT2__path_1,CHG1,OUT2,path_1,0,e26,CHG1,J1,0.0,2.0,2.0,1,normal,0
CHG1__OUT2__path_1,CHG1,OUT2,path_1,1,e05,J1,P1,2.0,4.0,2.0,2,normal,0
CHG1__OUT2__path_1,CHG1,OUT2,path_1,2,e10,P1,P4,4.0,6.0,2.0,1,narrow,0
CHG1__OUT2__path_1,CHG1,OUT2,path_1,3,e15,P4,P7,6.0,8.0,2.0,2,normal,0
CHG1__OUT2__path_1,CHG1,OUT2,path_1,4,e18,P7,P8,8.0,10.0,2.0,2,normal,0
CHG1__OUT2__path_1,CHG1,OUT2,path_1,5,e22,P8,SORT2,10.0,13.0,3.0,2,normal,0
CHG1__OUT2__path_1,CHG1,OUT2,path_1,6,e25,SORT2,OUT2,13.0,15.0,2.0,1,oneway,0
CHG1__OUT2__path_2,CHG1,OUT2,path_2,0,e26,CHG1,J1,0.0,2.0,2.0,1,normal,0
CHG1__OUT2__path_2,CHG1,OUT2,path_2,1,e03,J1,J2,2.0,4.0,2.0,2,normal,0
CHG1__OUT2__path_2,CHG1,OUT2,path_2,2,e04,J2,J3,4.0,6.0,2.0,2,normal,0
CHG1__OUT2__path_2,CHG1,OUT2,path_2,3,e07,J3,P3,6.0,8.0,2.0,2,normal,0
CHG1__OUT2__path_2,CHG1,OUT2,path_2,4,e12,P3,P6,8.0,10.0,2.0,1,narrow,0
CHG1__OUT2__path_2,CHG1,OUT2,path_2,5,e17,P6,P9,10.0,12.0,2.0,2,normal,0
CHG1__OUT2__path_2,CHG1,OUT2,path_2,6,e23,P9,SORT2,12.0,15.0,3.0,2,normal,0
CHG1__OUT2__path_2,CHG1,OUT2,path_2,7,e25,SORT2,OUT2,15.0,17.0,2.0,1,oneway,0
CHG1__OUT2__path_3,CHG1,OUT2,path_3,0,e26,CHG1,J1,0.0,2.0,2.0,1,normal,0
CHG1__OUT2__path_3,CHG1,OUT2,path_3,1,e05,J1,P1,2.0,4.0,2.0,2,normal,0
CHG1__OUT2__path_3,CHG1,OUT2,path_3,2,e08,P1,P2,4.0,6.0,2.0,2,normal,0
CHG1__OUT2__path_3,CHG1,OUT2,path_3,3,e09,P2,P3,6.0,8.0,2.0,2,normal,0
CHG1__OUT2__path_3,CHG1,OUT2,path_3,4,e12,P3,P6,8.0,10.0,2.0,1,narrow,0
CHG1__OUT2__path_3,CHG1,OUT2,path_3,5,e17,P6,P9,10.0,12.0,2.0,2,normal,0
CHG1__OUT2__path_3,CHG1,OUT2,path_3,6,e23,P9,SORT2,12.0,15.0,3.0,2,normal,0
CHG1__OUT2__path_3,CHG1,OUT2,path_3,7,e25,SORT2,OUT2,15.0,17.0,2.0,1,oneway,0
CHG1__OUT2__path_4,CHG1,OUT2,path_4,0,e26,CHG1,J1,0.0,2.0,2.0,1,normal,0
CHG1__OUT2__path_4,CHG1,OUT2,path_4,1,e03,J1,J2,2.0,4.0,2.0,2,normal,0
CHG1__OUT2__path_4,CHG1,OUT2,path_4,2,e06,J2,P2,4.0,6.0,2.0,1,narrow,0
CHG1__OUT2__path_4,CHG1,OUT2,path_4,3,e11,P2,P5,6.0,8.0,2.0,1,narrow,0
CHG1__OUT2__path_4,CHG1,OUT2,path_4,4,e16,P5,P8,8.0,10.0,2.0,1,dynamic,1
CHG1__OUT2__path_4,CHG1,OUT2,path_4,5,e22,P8,SORT2,10.0,13.0,3.0,2,normal,0
CHG1__OUT2__path_4,CHG1,OUT2,path_4,6,e25,SORT2,OUT2,13.0,15.0,2.0,1,oneway,0
CHG1__CHG2__path_1,CHG1,CHG2,path_1,0,e26,CHG1,J1,0.0,2.0,2.0,1,normal,0
CHG1__CHG2__path_1,CHG1,CHG2,path_1,1,e05,J1,P1,2.0,4.0,2.0,2,normal,0
CHG1__CHG2__path_1,CHG1,CHG2,path_1,2,e10,P1,P4,4.0,6.0,2.0,1,narrow,0
CHG1__CHG2__path_1,CHG1,CHG2,path_1,3,e15,P4,P7,6.0,8.0,2.0,2,normal,0
CHG1__CHG2__path_1,CHG1,CHG2,path_1,4,e27,P7,CHG2,8.0,10.0,2.0,1,normal,0
CHG1__CHG2__path_2,CHG1,CHG2,path_2,0,e26,CHG1,J1,0.0,2.0,2.0,1,normal,0
CHG1__CHG2__path_2,CHG1,CHG2,path_2,1,e03,J1,J2,2.0,4.0,2.0,2,normal,0
CHG1__CHG2__path_2,CHG1,CHG2,path_2,2,e06,J2,P2,4.0,6.0,2.0,1,narrow,0
CHG1__CHG2__path_2,CHG1,CHG2,path_2,3,e08,P2,P1,6.0,8.0,2.0,2,normal,0
CHG1__CHG2__path_2,CHG1,CHG2,path_2,4,e10,P1,P4,8.0,10.0,2.0,1,narrow,0
CHG1__CHG2__path_2,CHG1,CHG2,path_2,5,e15,P4,P7,10.0,12.0,2.0,2,normal,0
CHG1__CHG2__path_2,CHG1,CHG2,path_2,6,e27,P7,CHG2,12.0,14.0,2.0,1,normal,0
CHG1__CHG2__path_3,CHG1,CHG2,path_3,0,e26,CHG1,J1,0.0,2.0,2.0,1,normal,0
CHG1__CHG2__path_3,CHG1,CHG2,path_3,1,e05,J1,P1,2.0,4.0,2.0,2,normal,0
CHG1__CHG2__path_3,CHG1,CHG2,path_3,2,e08,P1,P2,4.0,6.0,2.0,2,normal,0
CHG1__CHG2__path_3,CHG1,CHG2,path_3,3,e11,P2,P5,6.0,8.0,2.0,1,narrow,0
CHG1__CHG2__path_3,CHG1,CHG2,path_3,4,e13,P5,P4,8.0,10.0,2.0,1,narrow,0
CHG1__CHG2__path_3,CHG1,CHG2,path_3,5,e15,P4,P7,10.0,12.0,2.0,2,normal,0
CHG1__CHG2__path_3,CHG1,CHG2,path_3,6,e27,P7,CHG2,12.0,14.0,2.0,1,normal,0
CHG2__IN1__path_1,CHG2,IN1,path_1,0,e27,CHG2,P7,0.0,2.0,2.0,1,normal,0
CHG2__IN1__path_1,CHG2,IN1,path_1,1,e15,P7,P4,2.0,4.0,2.0,2,normal,0
CHG2__IN1__path_1,CHG2,IN1,path_1,2,e10,P4,P1,4.0,6.0,2.0,1,narrow,0
CHG2__IN1__path_1,CHG2,IN1,path_1,3,e05,P1,J1,6.0,8.0,2.0,2,normal,0
CHG2__IN1__path_1,CHG2,IN1,path_1,4,e01,J1,IN1,8.0,10.0,2.0,2,normal,0
CHG2__IN1__path_2,CHG2,IN1,path_2,0,e27,CHG2,P7,0.0,2.0,2.0,1,normal,0
CHG2__IN1__path_2,CHG2,IN1,path_2,1,e15,P7,P4,2.0,4.0,2.0,2,normal,0
CHG2__IN1__path_2,CHG2,IN1,path_2,2,e13,P4,P5,4.0,6.0,2.0,1,narrow,0
CHG2__IN1__path_2,CHG2,IN1,path_2,3,e11,P5,P2,6.0,8.0,2.0,1,narrow,0
CHG2__IN1__path_2,CHG2,IN1,path_2,4,e08,P2,P1,8.0,10.0,2.0,2,normal,0
CHG2__IN1__path_2,CHG2,IN1,path_2,5,e05,P1,J1,10.0,12.0,2.0,2,normal,0
CHG2__IN1__path_2,CHG2,IN1,path_2,6,e01,J1,IN1,12.0,14.0,2.0,2,normal,0
CHG2__IN1__path_3,CHG2,IN1,path_3,0,e27,CHG2,P7,0.0,2.0,2.0,1,normal,0
CHG2__IN1__path_3,CHG2,IN1,path_3,1,e15,P7,P4,2.0,4.0,2.0,2,normal,0
CHG2__IN1__path_3,CHG2,IN1,path_3,2,e10,P4,P1,4.0,6.0,2.0,1,narrow,0
CHG2__IN1__path_3,CHG2,IN1,path_3,3,e08,P1,P2,6.0,8.0,2.0,2,normal,0
CHG2__IN1__path_3,CHG2,IN1,path_3,4,e06,P2,J2,8.0,10.0,2.0,1,narrow,0
CHG2__IN1__path_3,CHG2,IN1,path_3,5,e03,J2,J1,10.0,12.0,2.0,2,normal,0
CHG2__IN1__path_3,CHG2,IN1,path_3,6,e01,J1,IN1,12.0,14.0,2.0,2,normal,0
CHG2__IN2__path_1,CHG2,IN2,path_1,0,e27,CHG2,P7,0.0,2.0,2.0,1,normal,0
CHG2__IN2__path_1,CHG2,IN2,path_1,1,e18,P7,P8,2.0,4.0,2.0,2,normal,0
CHG2__IN2__path_1,CHG2,IN2,path_1,2,e19,P8,P9,4.0,6.0,2.0,2,normal,0
CHG2__IN2__path_1,CHG2,IN2,path_1,3,e17,P9,P6,6.0,8.0,2.0,2,normal,0
CHG2__IN2__path_1,CHG2,IN2,path_1,4,e12,P6,P3,8.0,10.0,2.0,1,narrow,0
CHG2__IN2__path_1,CHG2,IN2,path_1,5,e07,P3,J3,10.0,12.0,2.0,2,normal,0
CHG2__IN2__path_1,CHG2,IN2,path_1,6,e02,J3,IN2,12.0,14.0,2.0,2,normal,0
CHG2__IN2__path_2,CHG2,IN2,path_2,0,e27,CHG2,P7,0.0,2.0,2.0,1,normal,0
CHG2__IN2__path_2,CHG2,IN2,path_2,1,e15,P7,P4,2.0,4.0,2.0,2,normal,0
CHG2__IN2__path_2,CHG2,IN2,path_2,2,e10,P4,P1,4.0,6.0,2.0,1,narrow,0
CHG2__IN2__path_2,CHG2,IN2,path_2,3,e05,P1,J1,6.0,8.0,2.0,2,normal,0
CHG2__IN2__path_2,CHG2,IN2,path_2,4,e03,J1,J2,8.0,10.0,2.0,2,normal,0
CHG2__IN2__path_2,CHG2,IN2,path_2,5,e04,J2,J3,10.0,12.0,2.0,2,normal,0
CHG2__IN2__path_2,CHG2,IN2,path_2,6,e02,J3,IN2,12.0,14.0,2.0,2,normal,0
CHG2__IN2__path_3,CHG2,IN2,path_3,0,e27,CHG2,P7,0.0,2.0,2.0,1,normal,0
CHG2__IN2__path_3,CHG2,IN2,path_3,1,e15,P7,P4,2.0,4.0,2.0,2,normal,0
CHG2__IN2__path_3,CHG2,IN2,path_3,2,e10,P4,P1,4.0,6.0,2.0,1,narrow,0
CHG2__IN2__path_3,CHG2,IN2,path_3,3,e08,P1,P2,6.0,8.0,2.0,2,normal,0
CHG2__IN2__path_3,CHG2,IN2,path_3,4,e09,P2,P3,8.0,10.0,2.0,2,normal,0
CHG2__IN2__path_3,CHG2,IN2,path_3,5,e07,P3,J3,10.0,12.0,2.0,2,normal,0
CHG2__IN2__path_3,CHG2,IN2,path_3,6,e02,J3,IN2,12.0,14.0,2.0,2,normal,0
CHG2__P1__path_1,CHG2,P1,path_1,0,e27,CHG2,P7,0.0,2.0,2.0,1,normal,0
CHG2__P1__path_1,CHG2,P1,path_1,1,e15,P7,P4,2.0,4.0,2.0,2,normal,0
CHG2__P1__path_1,CHG2,P1,path_1,2,e10,P4,P1,4.0,6.0,2.0,1,narrow,0
CHG2__P1__path_2,CHG2,P1,path_2,0,e27,CHG2,P7,0.0,2.0,2.0,1,normal,0
CHG2__P1__path_2,CHG2,P1,path_2,1,e15,P7,P4,2.0,4.0,2.0,2,normal,0
CHG2__P1__path_2,CHG2,P1,path_2,2,e13,P4,P5,4.0,6.0,2.0,1,narrow,0
CHG2__P1__path_2,CHG2,P1,path_2,3,e11,P5,P2,6.0,8.0,2.0,1,narrow,0
CHG2__P1__path_2,CHG2,P1,path_2,4,e08,P2,P1,8.0,10.0,2.0,2,normal,0
CHG2__P1__path_3,CHG2,P1,path_3,0,e27,CHG2,P7,0.0,2.0,2.0,1,normal,0
CHG2__P1__path_3,CHG2,P1,path_3,1,e18,P7,P8,2.0,4.0,2.0,2,normal,0
CHG2__P1__path_3,CHG2,P1,path_3,2,e16,P8,P5,4.0,6.0,2.0,1,dynamic,1
CHG2__P1__path_3,CHG2,P1,path_3,3,e11,P5,P2,6.0,8.0,2.0,1,narrow,0
CHG2__P1__path_3,CHG2,P1,path_3,4,e08,P2,P1,8.0,10.0,2.0,2,normal,0
CHG2__P2__path_1,CHG2,P2,path_1,0,e27,CHG2,P7,0.0,2.0,2.0,1,normal,0
CHG2__P2__path_1,CHG2,P2,path_1,1,e15,P7,P4,2.0,4.0,2.0,2,normal,0
CHG2__P2__path_1,CHG2,P2,path_1,2,e10,P4,P1,4.0,6.0,2.0,1,narrow,0
CHG2__P2__path_1,CHG2,P2,path_1,3,e08,P1,P2,6.0,8.0,2.0,2,normal,0
CHG2__P2__path_2,CHG2,P2,path_2,0,e27,CHG2,P7,0.0,2.0,2.0,1,normal,0
CHG2__P2__path_2,CHG2,P2,path_2,1,e15,P7,P4,2.0,4.0,2.0,2,normal,0
CHG2__P2__path_2,CHG2,P2,path_2,2,e13,P4,P5,4.0,6.0,2.0,1,narrow,0
CHG2__P2__path_2,CHG2,P2,path_2,3,e11,P5,P2,6.0,8.0,2.0,1,narrow,0
CHG2__P2__path_3,CHG2,P2,path_3,0,e27,CHG2,P7,0.0,2.0,2.0,1,normal,0
CHG2__P2__path_3,CHG2,P2,path_3,1,e18,P7,P8,2.0,4.0,2.0,2,normal,0
CHG2__P2__path_3,CHG2,P2,path_3,2,e16,P8,P5,4.0,6.0,2.0,1,dynamic,1
CHG2__P2__path_3,CHG2,P2,path_3,3,e11,P5,P2,6.0,8.0,2.0,1,narrow,0
CHG2__P3__path_1,CHG2,P3,path_1,0,e27,CHG2,P7,0.0,2.0,2.0,1,normal,0
CHG2__P3__path_1,CHG2,P3,path_1,1,e15,P7,P4,2.0,4.0,2.0,2,normal,0
CHG2__P3__path_1,CHG2,P3,path_1,2,e10,P4,P1,4.0,6.0,2.0,1,narrow,0
CHG2__P3__path_1,CHG2,P3,path_1,3,e08,P1,P2,6.0,8.0,2.0,2,normal,0
CHG2__P3__path_1,CHG2,P3,path_1,4,e09,P2,P3,8.0,10.0,2.0,2,normal,0
CHG2__P3__path_2,CHG2,P3,path_2,0,e27,CHG2,P7,0.0,2.0,2.0,1,normal,0
CHG2__P3__path_2,CHG2,P3,path_2,1,e18,P7,P8,2.0,4.0,2.0,2,normal,0
CHG2__P3__path_2,CHG2,P3,path_2,2,e19,P8,P9,4.0,6.0,2.0,2,normal,0
CHG2__P3__path_2,CHG2,P3,path_2,3,e17,P9,P6,6.0,8.0,2.0,2,normal,0
CHG2__P3__path_2,CHG2,P3,path_2,4,e12,P6,P3,8.0,10.0,2.0,1,narrow,0
CHG2__P3__path_3,CHG2,P3,path_3,0,e27,CHG2,P7,0.0,2.0,2.0,1,normal,0
CHG2__P3__path_3,CHG2,P3,path_3,1,e15,P7,P4,2.0,4.0,2.0,2,normal,0
CHG2__P3__path_3,CHG2,P3,path_3,2,e13,P4,P5,4.0,6.0,2.0,1,narrow,0
CHG2__P3__path_3,CHG2,P3,path_3,3,e11,P5,P2,6.0,8.0,2.0,1,narrow,0
CHG2__P3__path_3,CHG2,P3,path_3,4,e09,P2,P3,8.0,10.0,2.0,2,normal,0
CHG2__P4__path_1,CHG2,P4,path_1,0,e27,CHG2,P7,0.0,2.0,2.0,1,normal,0
CHG2__P4__path_1,CHG2,P4,path_1,1,e15,P7,P4,2.0,4.0,2.0,2,normal,0
CHG2__P4__path_2,CHG2,P4,path_2,0,e27,CHG2,P7,0.0,2.0,2.0,1,normal,0
CHG2__P4__path_2,CHG2,P4,path_2,1,e18,P7,P8,2.0,4.0,2.0,2,normal,0
CHG2__P4__path_2,CHG2,P4,path_2,2,e16,P8,P5,4.0,6.0,2.0,1,dynamic,1
CHG2__P4__path_2,CHG2,P4,path_2,3,e13,P5,P4,6.0,8.0,2.0,1,narrow,0
CHG2__P4__path_3,CHG2,P4,path_3,0,e27,CHG2,P7,0.0,2.0,2.0,1,normal,0
CHG2__P4__path_3,CHG2,P4,path_3,1,e18,P7,P8,2.0,4.0,2.0,2,normal,0
CHG2__P4__path_3,CHG2,P4,path_3,2,e19,P8,P9,4.0,6.0,2.0,2,normal,0
CHG2__P4__path_3,CHG2,P4,path_3,3,e17,P9,P6,6.0,8.0,2.0,2,normal,0
CHG2__P4__path_3,CHG2,P4,path_3,4,e14,P6,P5,8.0,10.0,2.0,1,narrow,0
CHG2__P4__path_3,CHG2,P4,path_3,5,e13,P5,P4,10.0,12.0,2.0,1,narrow,0
CHG2__P5__path_1,CHG2,P5,path_1,0,e27,CHG2,P7,0.0,2.0,2.0,1,normal,0
CHG2__P5__path_1,CHG2,P5,path_1,1,e15,P7,P4,2.0,4.0,2.0,2,normal,0
CHG2__P5__path_1,CHG2,P5,path_1,2,e13,P4,P5,4.0,6.0,2.0,1,narrow,0
CHG2__P5__path_2,CHG2,P5,path_2,0,e27,CHG2,P7,0.0,2.0,2.0,1,normal,0
CHG2__P5__path_2,CHG2,P5,path_2,1,e18,P7,P8,2.0,4.0,2.0,2,normal,0
CHG2__P5__path_2,CHG2,P5,path_2,2,e16,P8,P5,4.0,6.0,2.0,1,dynamic,1
CHG2__P5__path_3,CHG2,P5,path_3,0,e27,CHG2,P7,0.0,2.0,2.0,1,normal,0
CHG2__P5__path_3,CHG2,P5,path_3,1,e18,P7,P8,2.0,4.0,2.0,2,normal,0
CHG2__P5__path_3,CHG2,P5,path_3,2,e19,P8,P9,4.0,6.0,2.0,2,normal,0
CHG2__P5__path_3,CHG2,P5,path_3,3,e17,P9,P6,6.0,8.0,2.0,2,normal,0
CHG2__P5__path_3,CHG2,P5,path_3,4,e14,P6,P5,8.0,10.0,2.0,1,narrow,0
CHG2__P6__path_1,CHG2,P6,path_1,0,e27,CHG2,P7,0.0,2.0,2.0,1,normal,0
CHG2__P6__path_1,CHG2,P6,path_1,1,e18,P7,P8,2.0,4.0,2.0,2,normal,0
CHG2__P6__path_1,CHG2,P6,path_1,2,e19,P8,P9,4.0,6.0,2.0,2,normal,0
CHG2__P6__path_1,CHG2,P6,path_1,3,e17,P9,P6,6.0,8.0,2.0,2,normal,0
CHG2__P6__path_2,CHG2,P6,path_2,0,e27,CHG2,P7,0.0,2.0,2.0,1,normal,0
CHG2__P6__path_2,CHG2,P6,path_2,1,e15,P7,P4,2.0,4.0,2.0,2,normal,0
CHG2__P6__path_2,CHG2,P6,path_2,2,e13,P4,P5,4.0,6.0,2.0,1,narrow,0
CHG2__P6__path_2,CHG2,P6,path_2,3,e14,P5,P6,6.0,8.0,2.0,1,narrow,0
CHG2__P6__path_3,CHG2,P6,path_3,0,e27,CHG2,P7,0.0,2.0,2.0,1,normal,0
CHG2__P6__path_3,CHG2,P6,path_3,1,e18,P7,P8,2.0,4.0,2.0,2,normal,0
CHG2__P6__path_3,CHG2,P6,path_3,2,e22,P8,SORT2,4.0,7.0,3.0,2,normal,0
CHG2__P6__path_3,CHG2,P6,path_3,3,e23,SORT2,P9,7.0,10.0,3.0,2,normal,0
CHG2__P6__path_3,CHG2,P6,path_3,4,e17,P9,P6,10.0,12.0,2.0,2,normal,0
CHG2__P7__path_1,CHG2,P7,path_1,0,e27,CHG2,P7,0.0,2.0,2.0,1,normal,0
CHG2__P8__path_1,CHG2,P8,path_1,0,e27,CHG2,P7,0.0,2.0,2.0,1,normal,0
CHG2__P8__path_1,CHG2,P8,path_1,1,e18,P7,P8,2.0,4.0,2.0,2,normal,0
CHG2__P8__path_2,CHG2,P8,path_2,0,e27,CHG2,P7,0.0,2.0,2.0,1,normal,0
CHG2__P8__path_2,CHG2,P8,path_2,1,e20,P7,SORT1,2.0,5.0,3.0,2,normal,0
CHG2__P8__path_2,CHG2,P8,path_2,2,e21,SORT1,P8,5.0,8.0,3.0,2,normal,0
CHG2__P8__path_3,CHG2,P8,path_3,0,e27,CHG2,P7,0.0,2.0,2.0,1,normal,0
CHG2__P8__path_3,CHG2,P8,path_3,1,e15,P7,P4,2.0,4.0,2.0,2,normal,0
CHG2__P8__path_3,CHG2,P8,path_3,2,e13,P4,P5,4.0,6.0,2.0,1,narrow,0
CHG2__P8__path_3,CHG2,P8,path_3,3,e16,P5,P8,6.0,8.0,2.0,1,dynamic,1
CHG2__P9__path_1,CHG2,P9,path_1,0,e27,CHG2,P7,0.0,2.0,2.0,1,normal,0
CHG2__P9__path_1,CHG2,P9,path_1,1,e18,P7,P8,2.0,4.0,2.0,2,normal,0
CHG2__P9__path_1,CHG2,P9,path_1,2,e19,P8,P9,4.0,6.0,2.0,2,normal,0
CHG2__P9__path_2,CHG2,P9,path_2,0,e27,CHG2,P7,0.0,2.0,2.0,1,normal,0
CHG2__P9__path_2,CHG2,P9,path_2,1,e20,P7,SORT1,2.0,5.0,3.0,2,normal,0
CHG2__P9__path_2,CHG2,P9,path_2,2,e21,SORT1,P8,5.0,8.0,3.0,2,normal,0
CHG2__P9__path_2,CHG2,P9,path_2,3,e19,P8,P9,8.0,10.0,2.0,2,normal,0
CHG2__P9__path_3,CHG2,P9,path_3,0,e27,CHG2,P7,0.0,2.0,2.0,1,normal,0
CHG2__P9__path_3,CHG2,P9,path_3,1,e18,P7,P8,2.0,4.0,2.0,2,normal,0
CHG2__P9__path_3,CHG2,P9,path_3,2,e22,P8,SORT2,4.0,7.0,3.0,2,normal,0
CHG2__P9__path_3,CHG2,P9,path_3,3,e23,SORT2,P9,7.0,10.0,3.0,2,normal,0
CHG2__SORT1__path_1,CHG2,SORT1,path_1,0,e27,CHG2,P7,0.0,2.0,2.0,1,normal,0
CHG2__SORT1__path_1,CHG2,SORT1,path_1,1,e20,P7,SORT1,2.0,5.0,3.0,2,normal,0
CHG2__SORT1__path_2,CHG2,SORT1,path_2,0,e27,CHG2,P7,0.0,2.0,2.0,1,normal,0
CHG2__SORT1__path_2,CHG2,SORT1,path_2,1,e18,P7,P8,2.0,4.0,2.0,2,normal,0
CHG2__SORT1__path_2,CHG2,SORT1,path_2,2,e21,P8,SORT1,4.0,7.0,3.0,2,normal,0
CHG2__SORT1__path_3,CHG2,SORT1,path_3,0,e27,CHG2,P7,0.0,2.0,2.0,1,normal,0
CHG2__SORT1__path_3,CHG2,SORT1,path_3,1,e15,P7,P4,2.0,4.0,2.0,2,normal,0
CHG2__SORT1__path_3,CHG2,SORT1,path_3,2,e13,P4,P5,4.0,6.0,2.0,1,narrow,0
CHG2__SORT1__path_3,CHG2,SORT1,path_3,3,e16,P5,P8,6.0,8.0,2.0,1,dynamic,1
CHG2__SORT1__path_3,CHG2,SORT1,path_3,4,e21,P8,SORT1,8.0,11.0,3.0,2,normal,0
CHG2__SORT2__path_1,CHG2,SORT2,path_1,0,e27,CHG2,P7,0.0,2.0,2.0,1,normal,0
CHG2__SORT2__path_1,CHG2,SORT2,path_1,1,e18,P7,P8,2.0,4.0,2.0,2,normal,0
CHG2__SORT2__path_1,CHG2,SORT2,path_1,2,e22,P8,SORT2,4.0,7.0,3.0,2,normal,0
CHG2__SORT2__path_2,CHG2,SORT2,path_2,0,e27,CHG2,P7,0.0,2.0,2.0,1,normal,0
CHG2__SORT2__path_2,CHG2,SORT2,path_2,1,e18,P7,P8,2.0,4.0,2.0,2,normal,0
CHG2__SORT2__path_2,CHG2,SORT2,path_2,2,e19,P8,P9,4.0,6.0,2.0,2,normal,0
CHG2__SORT2__path_2,CHG2,SORT2,path_2,3,e23,P9,SORT2,6.0,9.0,3.0,2,normal,0
CHG2__SORT2__path_3,CHG2,SORT2,path_3,0,e27,CHG2,P7,0.0,2.0,2.0,1,normal,0
CHG2__SORT2__path_3,CHG2,SORT2,path_3,1,e20,P7,SORT1,2.0,5.0,3.0,2,normal,0
CHG2__SORT2__path_3,CHG2,SORT2,path_3,2,e21,SORT1,P8,5.0,8.0,3.0,2,normal,0
CHG2__SORT2__path_3,CHG2,SORT2,path_3,3,e22,P8,SORT2,8.0,11.0,3.0,2,normal,0
CHG2__OUT1__path_1,CHG2,OUT1,path_1,0,e27,CHG2,P7,0.0,2.0,2.0,1,normal,0
CHG2__OUT1__path_1,CHG2,OUT1,path_1,1,e20,P7,SORT1,2.0,5.0,3.0,2,normal,0
CHG2__OUT1__path_1,CHG2,OUT1,path_1,2,e24,SORT1,OUT1,5.0,7.0,2.0,1,oneway,0
CHG2__OUT1__path_2,CHG2,OUT1,path_2,0,e27,CHG2,P7,0.0,2.0,2.0,1,normal,0
CHG2__OUT1__path_2,CHG2,OUT1,path_2,1,e18,P7,P8,2.0,4.0,2.0,2,normal,0
CHG2__OUT1__path_2,CHG2,OUT1,path_2,2,e21,P8,SORT1,4.0,7.0,3.0,2,normal,0
CHG2__OUT1__path_2,CHG2,OUT1,path_2,3,e24,SORT1,OUT1,7.0,9.0,2.0,1,oneway,0
CHG2__OUT1__path_3,CHG2,OUT1,path_3,0,e27,CHG2,P7,0.0,2.0,2.0,1,normal,0
CHG2__OUT1__path_3,CHG2,OUT1,path_3,1,e15,P7,P4,2.0,4.0,2.0,2,normal,0
CHG2__OUT1__path_3,CHG2,OUT1,path_3,2,e13,P4,P5,4.0,6.0,2.0,1,narrow,0
CHG2__OUT1__path_3,CHG2,OUT1,path_3,3,e16,P5,P8,6.0,8.0,2.0,1,dynamic,1
CHG2__OUT1__path_3,CHG2,OUT1,path_3,4,e21,P8,SORT1,8.0,11.0,3.0,2,normal,0
CHG2__OUT1__path_3,CHG2,OUT1,path_3,5,e24,SORT1,OUT1,11.0,13.0,2.0,1,oneway,0
CHG2__OUT2__path_1,CHG2,OUT2,path_1,0,e27,CHG2,P7,0.0,2.0,2.0,1,normal,0
CHG2__OUT2__path_1,CHG2,OUT2,path_1,1,e18,P7,P8,2.0,4.0,2.0,2,normal,0
CHG2__OUT2__path_1,CHG2,OUT2,path_1,2,e22,P8,SORT2,4.0,7.0,3.0,2,normal,0
CHG2__OUT2__path_1,CHG2,OUT2,path_1,3,e25,SORT2,OUT2,7.0,9.0,2.0,1,oneway,0
CHG2__OUT2__path_2,CHG2,OUT2,path_2,0,e27,CHG2,P7,0.0,2.0,2.0,1,normal,0
CHG2__OUT2__path_2,CHG2,OUT2,path_2,1,e18,P7,P8,2.0,4.0,2.0,2,normal,0
CHG2__OUT2__path_2,CHG2,OUT2,path_2,2,e19,P8,P9,4.0,6.0,2.0,2,normal,0
CHG2__OUT2__path_2,CHG2,OUT2,path_2,3,e23,P9,SORT2,6.0,9.0,3.0,2,normal,0
CHG2__OUT2__path_2,CHG2,OUT2,path_2,4,e25,SORT2,OUT2,9.0,11.0,2.0,1,oneway,0
CHG2__OUT2__path_3,CHG2,OUT2,path_3,0,e27,CHG2,P7,0.0,2.0,2.0,1,normal,0
CHG2__OUT2__path_3,CHG2,OUT2,path_3,1,e20,P7,SORT1,2.0,5.0,3.0,2,normal,0
CHG2__OUT2__path_3,CHG2,OUT2,path_3,2,e21,SORT1,P8,5.0,8.0,3.0,2,normal,0
CHG2__OUT2__path_3,CHG2,OUT2,path_3,3,e22,P8,SORT2,8.0,11.0,3.0,2,normal,0
CHG2__OUT2__path_3,CHG2,OUT2,path_3,4,e25,SORT2,OUT2,11.0,13.0,2.0,1,oneway,0
CHG2__CHG1__path_1,CHG2,CHG1,path_1,0,e27,CHG2,P7,0.0,2.0,2.0,1,normal,0
CHG2__CHG1__path_1,CHG2,CHG1,path_1,1,e15,P7,P4,2.0,4.0,2.0,2,normal,0
CHG2__CHG1__path_1,CHG2,CHG1,path_1,2,e10,P4,P1,4.0,6.0,2.0,1,narrow,0
CHG2__CHG1__path_1,CHG2,CHG1,path_1,3,e05,P1,J1,6.0,8.0,2.0,2,normal,0
CHG2__CHG1__path_1,CHG2,CHG1,path_1,4,e26,J1,CHG1,8.0,10.0,2.0,1,normal,0
CHG2__CHG1__path_2,CHG2,CHG1,path_2,0,e27,CHG2,P7,0.0,2.0,2.0,1,normal,0
CHG2__CHG1__path_2,CHG2,CHG1,path_2,1,e15,P7,P4,2.0,4.0,2.0,2,normal,0
CHG2__CHG1__path_2,CHG2,CHG1,path_2,2,e10,P4,P1,4.0,6.0,2.0,1,narrow,0
CHG2__CHG1__path_2,CHG2,CHG1,path_2,3,e08,P1,P2,6.0,8.0,2.0,2,normal,0
CHG2__CHG1__path_2,CHG2,CHG1,path_2,4,e06,P2,J2,8.0,10.0,2.0,1,narrow,0
CHG2__CHG1__path_2,CHG2,CHG1,path_2,5,e03,J2,J1,10.0,12.0,2.0,2,normal,0
CHG2__CHG1__path_2,CHG2,CHG1,path_2,6,e26,J1,CHG1,12.0,14.0,2.0,1,normal,0
CHG2__CHG1__path_3,CHG2,CHG1,path_3,0,e27,CHG2,P7,0.0,2.0,2.0,1,normal,0
CHG2__CHG1__path_3,CHG2,CHG1,path_3,1,e15,P7,P4,2.0,4.0,2.0,2,normal,0
CHG2__CHG1__path_3,CHG2,CHG1,path_3,2,e13,P4,P5,4.0,6.0,2.0,1,narrow,0
CHG2__CHG1__path_3,CHG2,CHG1,path_3,3,e11,P5,P2,6.0,8.0,2.0,1,narrow,0
CHG2__CHG1__path_3,CHG2,CHG1,path_3,4,e08,P2,P1,8.0,10.0,2.0,2,normal,0
CHG2__CHG1__path_3,CHG2,CHG1,path_3,5,e05,P1,J1,10.0,12.0,2.0,2,normal,0
CHG2__CHG1__path_3,CHG2,CHG1,path_3,6,e26,J1,CHG1,12.0,14.0,2.0,1,normal,0
