path_uid,from_node,to_node,path_id,rank_by_total,algorithm,node_sequence,edge_sequence,edge_occupancy_offset,node_occupancy_offset,distance,travel_time,turn_count,turn_cost,risk_cost,narrow_count,dynamic_count,lockable_count,bottleneck_capacity,total_cost
IN1__IN2__path_1,IN1,IN2,path_1,1,dijkstra_time+dijkstra_total+k_shortest_total,IN1->J1->J2->J3->IN2,e01->e03->e04->e02,e01@0-2;e03@2-4;e04@4-6;e02@6-8,IN1@0;J1@2;J2@4;J3@6;IN2@8,8.0,8.0,2,1.0,4.0,0,0,0,2,13.0
IN1__IN2__path_2,IN1,IN2,path_2,2,k_shortest_total,IN1->J1->P1->P2->P3->J3->IN2,e01->e05->e08->e09->e07->e02,e01@0-2;e05@2-4;e08@4-6;e09@6-8;e07@8-10;e02@10-12,IN1@0;J1@2;P1@4;P2@6;P3@8;J3@10;IN2@12,12.0,12.0,2,1.0,6.0,0,0,0,2,19.0
IN1__IN2__path_3,IN1,IN2,path_3,3,k_shortest_total,IN1->J1->J2->P2->P3->J3->IN2,e01->e03->e06->e09->e07->e02,e01@0-2;e03@2-4;e06@4-6;e09@6-8;e07@8-10;e02@10-12,IN1@0;J1@2;J2@4;P2@6;P3@8;J3@10;IN2@12,12.0,12.0,4,2.0,7.0,1,0,0,1,22.0
IN1__P1__path_1,IN1,P1,path_1,1,dijkstra_time+dijkstra_total+k_shortest_total,IN1->J1->P1,e01->e05,e01@0-2;e05@2-4,IN1@0;J1@2;P1@4,4.0,4.0,0,0.0,2.0,0,0,0,2,6.0
IN1__P1__path_2,IN1,P1,path_2,2,k_shortest_total,IN1->J1->J2->P2->P1,e01->e03->e06->e08,e01@0-2;e03@2-4;e06@4-6;e08@6-8,IN1@0;J1@2;J2@4;P2@6;P1@8,8.0,8.0,3,1.5,5.0,1,0,0,1,15.5
IN1__P1__path_3,IN1,P1,path_3,3,k_shortest_total,IN1->J1->J2->J3->P3->P2->P1,e01->e03->e04->e07->e09->e08,e01@0-2;e03@2-4;e04@4-6;e07@6-8;e09@8-10;e08@10-12,IN1@0;J1@2;J2@4;J3@6;P3@8;P2@10;P1@12,12.0,12.0,3,1.5,6.0,0,0,0,2,19.5
IN1__P2__path_1,IN1,P2,path_1,1,dijkstra_total+k_shortest_total,IN1->J1->P1->P2,e01->e05->e08,e01@0-2;e05@2-4;e08@4-6,IN1@0;J1@2;P1@4;P2@6,6.0,6.0,1,0.5,3.0,0,0,0,2,9.5
IN1__P2__path_2,IN1,P2,path_2,2,dijkstra_time+k_shortest_total,IN1->J1->J2->P2,e01->e03->e06,e01@0-2;e03@2-4;e06@4-6,IN1@0;J1@2;J2@4;P2@6,6.0,6.0,2,1.0,4.0,1,0,0,1,12.0
IN1__P2__path_3,IN1,P2,path_3,3,k_shortest_total,IN1->J1->J2->J3->P3->P2,e01->e03->e04->e07->e09,e01@0-2;e03@2-4;e04@4-6;e07@6-8;e09@8-10,IN1@0;J1@2;J2@4;J3@6;P3@8;P2@10,10.0,10.0,3,1.5,5.0,0,0,0,2,16.5
IN1__P3__path_1,IN1,P3,path_1,1,k_shortest_total,IN1->J1->P1->P2->P3,e01->e05->e08->e09,e01@0-2;e05@2-4;e08@4-6;e09@6-8,IN1@0;J1@2;P1@4;P2@6;P3@8,8.0,8.0,1,0.5,4.0,0,0,0,2,12.5
IN1__P3__path_2,IN1,P3,path_2,2,dijkstra_time+dijkstra_total+k_shortest_total,IN1->J1->J2->J3->P3,e01->e03->e04->e07,e01@0-2;e03@2-4;e04@4-6;e07@6-8,IN1@0;J1@2;J2@4;J3@6;P3@8,8.0,8.0,2,1.0,4.0,0,0,0,2,13.0
IN1__P3__path_3,IN1,P3,path_3,3,k_shortest_total,IN1->J1->J2->P2->P3,e01->e03->e06->e09,e01@0-2;e03@2-4;e06@4-6;e09@6-8,IN1@0;J1@2;J2@4;P2@6;P3@8,8.0,8.0,3,1.5,5.0,1,0,0,1,15.5
IN1__P4__path_1,IN1,P4,path_1,1,dijkstra_time+dijkstra_total+k_shortest_total,IN1->J1->P1->P4,e01->e05->e10,e01@0-2;e05@2-4;e10@4-6,IN1@0;J1@2;P1@4;P4@6,6.0,6.0,0,0.0,4.0,1,0,0,1,11.0
IN1__P4__path_2,IN1,P4,path_2,2,k_shortest_total,IN1->J1->P1->P2->P5->P4,e01->e05->e08->e11->e13,e01@0-2;e05@2-4;e08@4-6;e11@6-8;e13@8-10,IN1@0;J1@2;P1@4;P2@6;P5@8;P4@10,10.0,10.0,3,1.5,7.0,2,0,0,1,20.5
IN1__P4__path_3,IN1,P4,path_3,3,k_shortest_total,IN1->J1->J2->P2->P1->P4,e01->e03->e06->e08->e10,e01@0-2;e03@2-4;e06@4-6;e08@6-8;e10@8-10,IN1@0;J1@2;J2@4;P2@6;P1@8;P4@10,10.0,10.0,4,2.0,7.0,2,0,0,1,21.0
IN1__P5__path_1,IN1,P5,path_1,1,dijkstra_total+k_shortest_total,IN1->J1->P1->P2->P5,e01->e05->e08->e11,e01@0-2;e05@2-4;e08@4-6;e11@6-8,IN1@0;J1@2;P1@4;P2@6;P5@8,8.0,8.0,2,1.0,5.0,1,0,0,1,15.0
IN1__P5__path_2,IN1,P5,path_2,2,k_shortest_total,IN1->J1->P1->P4->P5,e01->e05->e10->e13,e01@0-2;e05@2-4;e10@4-6;e13@6-8,IN1@0;J1@2;P1@4;P4@6;P5@8,8.0,8.0,1,0.5,6.0,2,0,0,1,16.5
IN1__P5__path_3,IN1,P5,path_3,3,dijkstra_time+k_shortest_total,IN1->J1->J2->P2->P5,e01->e03->e06->e11,e01@0-2;e03@2-4;e06@4-6;e11@6-8,IN1@0;J1@2;J2@4;P2@6;P5@8,8.0,8.0,2,1.0,6.0,2,0,0,1,17.0
IN1__P6__path_1,IN1,P6,path_1,1,dijkstra_time+dijkstra_total+k_shortest_total,IN1->J1->J2->J3->P3->P6,e01->e03->e04->e07->e12,e01@0-2;e03@2-4;e04@4-6;e07@6-8;e12@8-10,IN1@0;J1@2;J2@4;J3@6;P3@8;P6@10,10.0,10.0,2,1.0,6.0,1,0,0,1,18.0
IN1__P6__path_2,IN1,P6,path_2,2,k_shortest_total,IN1->J1->P1->P2->P3->P6,e01->e05->e08->e09->e12,e01@0-2;e05@2-4;e08@4-6;e09@6-8;e12@8-10,IN1@0;J1@2;P1@4;P2@6;P3@8;P6@10,10.0,10.0,2,1.0,6.0,1,0,0,1,18.0
IN1__P6__path_3,IN1,P6,path_3,3,k_shortest_total,IN1->J1->J2->P2->P3->P6,e01->e03->e06->e09->e12,e01@0-2;e03@2-4;e06@4-6;e09@6-8;e12@8-10,IN1@0;J1@2;J2@4;P2@6;P3@8;P6@10,10.0,10.0,4,2.0,7.0,2,0,0,1,21.0
IN1__P7__path_1,IN1,P7,path_1,1,dijkstra_time+dijkstra_total+k_shortest_total,IN1->J1->P1->P4->P7,e01->e05->e10->e15,e01@0-2;e05@2-4;e10@4-6;e15@6-8,IN1@0;J1@2;P1@4;P4@6;P7@8,8.0,8.0,0,0.0,5.0,1,0,0,1,14.0
IN1__P7__path_2,IN1,P7,path_2,2,k_shortest_total,IN1->J1->J2->P2->P1->P4->P7,e01->e03->e06->e08->e10->e15,e01@0-2;e03@2-4;e06@4-6;e08@6-8;e10@8-10;e15@10-12,IN1@0;J1@2;J2@4;P2@6;P1@8;P4@10;P7@12,12.0,12.0,4,2.0,8.0,2,0,0,1,24.0
IN1__P7__path_3,IN1,P7,path_3,3,k_shortest_total,IN1->J1->P1->P2->P5->P4->P7,e01->e05->e08->e11->e13->e15,e01@0-2;e05@2-4;e08@4-6;e11@6-8;e13@8-10;e15@10-12,IN1@0;J1@2;P1@4;P2@6;P5@8;P4@10;P7@12,12.0,12.0,4,2.0,8.0,2,0,0,1,24.0
IN1__P8__path_1,IN1,P8,path_1,1,dijkstra_total+k_shortest_total,IN1->J1->P1->P4->P7->P8,e01->e05->e10->e15->e18,e01@0-2;e05@2-4;e10@4-6;e15@6-8;e18@8-10,IN1@0;J1@2;P1@4;P4@6;P7@8;P8@10,10.0,10.0,1,0.5,6.0,1,0,0,1,17.5
IN1__P8__path_2,IN1,P8,path_2,2,k_shortest_total,IN1->J1->P1->P4->P7->SORT1->P8,e01->e05->e10->e15->e20->e21,e01@0-2;e05@2-4;e10@4-6;e15@6-8;e20@8-11;e21@11-14,IN1@0;J1@2;P1@4;P4@6;P7@8;SORT1@11;P8@14,12.4,14.0,2,1.0,7.0,1,0,0,1,23.0
IN1__P8__path_3,IN1,P8,path_3,3,k_shortest_total,IN1->J1->J2->J3->P3->P6->P9->P8,e01->e03->e04->e07->e12->e17->e19,e01@0-2;e03@2-4;e04@4-6;e07@6-8;e12@8-10;e17@10-12;e19@12-14,IN1@0;J1@2;J2@4;J3@6;P3@8;P6@10;P9@12;P8@14,14.0,14.0,3,1.5,8.0,1,0,0,1,24.5
IN1__P8__path_4,IN1,P8,path_4,4,dijkstra_time,IN1->J1->J2->P2->P5->P8,e01->e03->e06->e11->e16,e01@0-2;e03@2-4;e06@4-6;e11@6-8;e16@8-10,IN1@0;J1@2;J2@4;P2@6;P5@8;P8@10,10.0,10.0,2,1.0,10.0,2,1,1,1,26.0
IN1__P9__path_1,IN1,P9,path_1,1,dijkstra_total+k_shortest_total,IN1->J1->P1->P4->P7->P8->P9,e01->e05->e10->e15->e18->e19,e01@0-2;e05@2-4;e10@4-6;e15@6-8;e18@8-10;e19@10-12,IN1@0;J1@2;P1@4;P4@6;P7@8;P8@10;P9@12,12.0,12.0,1,0.5,7.0,1,0,0,1,20.5
IN1__P9__path_2,IN1,P9,path_2,2,dijkstra_time+k_shortest_total,IN1->J1->J2->J3->P3->P6->P9,e01->e03->e04->e07->e12->e17,e01@0-2;e03@2-4;e04@4-6;e07@6-8;e12@8-10;e17@10-12,IN1@0;J1@2;J2@4;J3@6;P3@8;P6@10;P9@12,12.0,12.0,2,1.0,7.0,1,0,0,1,21.0
IN1__P9__path_3,IN1,P9,path_3,3,k_shortest_total,IN1->J1->P1->P2->P3->P6->P9,e01->e05->e08->e09->e12->e17,e01@0-2;e05@2-4;e08@4-6;e09@6-8;e12@8-10;e17@10-12,IN1@0;J1@2;P1@4;P2@6;P3@8;P6@10;P9@12,12.0,12.0,2,1.0,7.0,1,0,0,1,21.0
IN1__SORT1__path_1,IN1,SORT1,path_1,1,dijkstra_time+dijkstra_total+k_shortest_total,IN1->J1->P1->P4->P7->SORT1,e01->e05->e10->e15->e20,e01@0-2;e05@2-4;e10@4-6;e15@6-8;e20@8-11,IN1@0;J1@2;P1@4;P4@6;P7@8;SORT1@11,10.2,11.0,1,0.5,6.0,1,0,0,1,18.5
IN1__SORT1__path_2,IN1,SORT1,path_2,2,k_shortest_total,IN1->J1->P1->P4->P7->P8->SORT1,e01->e05->e10->e15->e18->e21,e01@0-2;e05@2-4;e10@4-6;e15@6-8;e18@8-10;e21@10-13,IN1@0;J1@2;P1@4;P4@6;P7@8;P8@10;SORT1@13,12.2,13.0,2,1.0,7.0,1,0,0,1,22.0
IN1__SORT1__path_3,IN1,SORT1,path_3,3,k_shortest_total,IN1->J1->J2->P2->P1->P4->P7->SORT1,e01->e03->e06->e08->e10->e15->e20,e01@0-2;e03@2-4;e06@4-6;e08@6-8;e10@8-10;e15@10-12;e20@12-15,IN1@0;J1@2;J2@4;P2@6;P1@8;P4@10;P7@12;SORT1@15,14.2,15.0,5,2.5,9.0,2,0,0,1,28.5
IN1__SORT2__path_1,IN1,SORT2,path_1,1,dijkstra_total+k_shortest_total,IN1->J1->P1->P4->P7->P8->SORT2,e01->e05->e10->e15->e18->e22,e01@0-2;e05@2-4;e10@4-6;e15@6-8;e18@8-10;e22@10-13,IN1@0;J1@2;P1@4;P4@6;P7@8;P8@10;SORT2@13,12.2,13.0,2,1.0,7.0,1,0,0,1,22.0
IN1__SORT2__path_2,IN1,SORT2,path_2,2,k_shortest_total,IN1->J1->J2->J3->P3->P6->P9->SORT2,e01->e03->e04->e07->e12->e17->e23,e01@0-2;e03@2-4;e04@4-6;e07@6-8;e12@8-10;e17@10-12;e23@12-15,IN1@0;J1@2;J2@4;J3@6;P3@8;P6@10;P9@12;SORT2@15,14.2,15.0,3,1.5,8.0,1,0,0,1,25.5
IN1__SORT2__path_3,IN1,SORT2,path_3,3,k_shortest_total,IN1->J1->P1->P2->P3->P6->P9->SORT2,e01->e05->e08->e09->e12->e17->e23,e01@0-2;e05@2-4;e08@4-6;e09@6-8;e12@8-10;e17@10-12;e23@12-15,IN1@0;J1@2;P1@4;P2@6;P3@8;P6@10;P9@12;SORT2@15,14.2,15.0,3,1.5,8.0,1,0,0,1,25.5
IN1__SORT2__path_4,IN1,SORT2,path_4,4,dijkstra_time,IN1->J1->J2->P2->P5->P8->SORT2,e01->e03->e06->e11->e16->e22,e01@0-2;e03@2-4;e06@4-6;e11@6-8;e16@8-10;e22@10-13,IN1@0;J1@2;J2@4;P2@6;P5@8;P8@10;SORT2@13,12.2,13.0,3,1.5,11.0,2,1,1,1,30.5
IN1__OUT1__path_1,IN1,OUT1,path_1,1,dijkstra_time+dijkstra_total+k_shortest_total,IN1->J1->P1->P4->P7->SORT1->OUT1,e01->e05->e10->e15->e20->e24,e01@0-2;e05@2-4;e10@4-6;e15@6-8;e20@8-11;e24@11-13,IN1@0;J1@2;P1@4;P4@6;P7@8;SORT1@11;OUT1@13,12.2,13.0,2,1.0,7.0,1,0,0,1,22.0
IN1__OUT1__path_2,IN1,OUT1,path_2,2,k_shortest_total,IN1->J1->P1->P4->P7->P8->SORT1->OUT1,e01->e05->e10->e15->e18->e21->e24,e01@0-2;e05@2-4;e10@4-6;e15@6-8;e18@8-10;e21@10-13;e24@13-15,IN1@0;J1@2;P1@4;P4@6;P7@8;P8@10;SORT1@13;OUT1@15,14.2,15.0,3,1.5,8.0,1,0,0,1,25.5
IN1__OUT1__path_3,IN1,OUT1,path_3,3,k_shortest_total,IN1->J1->J2->P2->P1->P4->P7->SORT1->OUT1,e01->e03->e06->e08->e10->e15->e20->e24,e01@0-2;e03@2-4;e06@4-6;e08@6-8;e10@8-10;e15@10-12;e20@12-15;e24@15-17,IN1@0;J1@2;J2@4;P2@6;P1@8;P4@10;P7@12;SORT1@15;OUT1@17,16.2,17.0,6,3.0,10.0,2,0,0,1,32.0
IN1__OUT2__path_1,IN1,OUT2,path_1,1,dijkstra_total+k_shortest_total,IN1->J1->P1->P4->P7->P8->SORT2->OUT2,e01->e05->e10->e15->e18->e22->e25,e01@0-2;e05@2-4;e10@4-6;e15@6-8;e18@8-10;e22@10-13;e25@13-15,IN1@0;J1@2;P1@4;P4@6;P7@8;P8@10;SORT2@13;OUT2@15,14.2,15.0,3,1.5,8.0,1,0,0,1,25.5
IN1__OUT2__path_2,IN1,OUT2,path_2,2,k_shortest_total,IN1->J1->J2->J3->P3->P6->P9->SORT2->OUT2,e01->e03->e04->e07->e12->e17->e23->e25,e01@0-2;e03@2-4;e04@4-6;e07@6-8;e12@8-10;e17@10-12;e23@12-15;e25@15-17,IN1@0;J1@2;J2@4;J3@6;P3@8;P6@10;P9@12;SORT2@15;OUT2@17,16.2,17.0,4,2.0,9.0,1,0,0,1,29.0
IN1__OUT2__path_3,IN1,OUT2,path_3,3,k_shortest_total,IN1->J1->P1->P2->P3->P6->P9->SORT2->OUT2,e01->e05->e08->e09->e12->e17->e23->e25,e01@0-2;e05@2-4;e08@4-6;e09@6-8;e12@8-10;e17@10-12;e23@12-15;e25@15-17,IN1@0;J1@2;P1@4;P2@6;P3@8;P6@10;P9@12;SORT2@15;OUT2@17,16.2,17.0,4,2.0,9.0,1,0,0,1,29.0
IN1__OUT2__path_4,IN1,OUT2,path_4,4,dijkstra_time,IN1->J1->J2->P2->P5->P8->SORT2->OUT2,e01->e03->e06->e11->e16->e22->e25,e01@0-2;e03@2-4;e06@4-6;e11@6-8;e16@8-10;e22@10-13;e25@13-15,IN1@0;J1@2;J2@4;P2@6;P5@8;P8@10;SORT2@13;OUT2@15,14.2,15.0,4,2.0,12.0,2,1,1,1,34.0
IN1__CHG1__path_1,IN1,CHG1,path_1,1,dijkstra_time+dijkstra_total+k_shortest_total,IN1->J1->CHG1,e01->e26,e01@0-2;e26@2-4,IN1@0;J1@2;CHG1@4,3.4,4.0,1,0.5,2.0,0,0,0,1,6.5
IN1__CHG2__path_1,IN1,CHG2,path_1,1,dijkstra_time+dijkstra_total+k_shortest_total,IN1->J1->P1->P4->P7->CHG2,e01->e05->e10->e15->e27,e01@0-2;e05@2-4;e10@4-6;e15@6-8;e27@8-10,IN1@0;J1@2;P1@4;P4@6;P7@8;CHG2@10,9.4,10.0,1,0.5,6.0,1,0,0,1,17.5
IN1__CHG2__path_2,IN1,CHG2,path_2,2,k_shortest_total,IN1->J1->J2->P2->P1->P4->P7->CHG2,e01->e03->e06->e08->e10->e15->e27,e01@0-2;e03@2-4;e06@4-6;e08@6-8;e10@8-10;e15@10-12;e27@12-14,IN1@0;J1@2;J2@4;P2@6;P1@8;P4@10;P7@12;CHG2@14,13.4,14.0,5,2.5,9.0,2,0,0,1,27.5
IN1__CHG2__path_3,IN1,CHG2,path_3,3,k_shortest_total,IN1->J1->P1->P2->P5->P4->P7->CHG2,e01->e05->e08->e11->e13->e15->e27,e01@0-2;e05@2-4;e08@4-6;e11@6-8;e13@8-10;e15@10-12;e27@12-14,IN1@0;J1@2;P1@4;P2@6;P5@8;P4@10;P7@12;CHG2@14,13.4,14.0,5,2.5,9.0,2,0,0,1,27.5
IN2__IN1__path_1,IN2,IN1,path_1,1,dijkstra_time+dijkstra_total+k_shortest_total,IN2->J3->J2->J1->IN1,e02->e04->e03->e01,e02@0-2;e04@2-4;e03@4-6;e01@6-8,IN2@0;J3@2;J2@4;J1@6;IN1@8,8.0,8.0,2,1.0,4.0,0,0,0,2,13.0
IN2__IN1__path_2,IN2,IN1,path_2,2,k_shortest_total,IN2->J3->P3->P2->P1->J1->IN1,e02->e07->e09->e08->e05->e01,e02@0-2;e07@2-4;e09@4-6;e08@6-8;e05@8-10;e01@10-12,IN2@0;J3@2;P3@4;P2@6;P1@8;J1@10;IN1@12,12.0,12.0,2,1.0,6.0,0,0,0,2,19.0
IN2__IN1__path_3,IN2,IN1,path_3,3,k_shortest_total,IN2->J3->J2->P2->P1->J1->IN1,e02->e04->e06->e08->e05->e01,e02@0-2;e04@2-4;e06@4-6;e08@6-8;e05@8-10;e01@10-12,IN2@0;J3@2;J2@4;P2@6;P1@8;J1@10;IN1@12,12.0,12.0,4,2.0,7.0,1,0,0,1,22.0
IN2__P1__path_1,IN2,P1,path_1,1,k_shortest_total,IN2->J3->P3->P2->P1,e02->e07->e09->e08,e02@0-2;e07@2-4;e09@4-6;e08@6-8,IN2@0;J3@2;P3@4;P2@6;P1@8,8.0,8.0,1,0.5,4.0,0,0,0,2,12.5
IN2__P1__path_2,IN2,P1,path_2,2,dijkstra_time+dijkstra_total+k_shortest_total,IN2->J3->J2->J1->P1,e02->e04->e03->e05,e02@0-2;e04@2-4;e03@4-6;e05@6-8,IN2@0;J3@2;J2@4;J1@6;P1@8,8.0,8.0,2,1.0,4.0,0,0,0,2,13.0
IN2__P1__path_3,IN2,P1,path_3,3,k_shortest_total,IN2->J3->J2->P2->P1,e02->e04->e06->e08,e02@0-2;e04@2-4;e06@4-6;e08@6-8,IN2@0;J3@2;J2@4;P2@6;P1@8,8.0,8.0,3,1.5,5.0,1,0,0,1,15.5
IN2__P2__path_1,IN2,P2,path_1,1,dijkstra_total+k_shortest_total,IN2->J3->P3->P2,e02->e07->e09,e02@0-2;e07@2-4;e09@4-6,IN2@0;J3@2;P3@4;P2@6,6.0,6.0,1,0.5,3.0,0,0,0,2,9.5
IN2__P2__path_2,IN2,P2,path_2,2,dijkstra_time+k_shortest_total,IN2->J3->J2->P2,e02->e04->e06,e02@0-2;e04@2-4;e06@4-6,IN2@0;J3@2;J2@4;P2@6,6.0,6.0,2,1.0,4.0,1,0,0,1,12.0
IN2__P2__path_3,IN2,P2,path_3,3,k_shortest_total,IN2->J3->J2->J1->P1->P2,e02->e04->e03->e05->e08,e02@0-2;e04@2-4;e03@4-6;e05@6-8;e08@8-10,IN2@0;J3@2;J2@4;J1@6;P1@8;P2@10,10.0,10.0,3,1.5,5.0,0,0,0,2,16.5
IN2__P3__path_1,IN2,P3,path_1,1,dijkstra_time+dijkstra_total+k_shortest_total,IN2->J3->P3,e02->e07,e02@0-2;e07@2-4,IN2@0;J3@2;P3@4,4.0,4.0,0,0.0,2.0,0,0,0,2,6.0
IN2__P3__path_2,IN2,P3,path_2,2,k_shortest_total,IN2->J3->J2->P2->P3,e02->e04->e06->e09,e02@0-2;e04@2-4;e06@4-6;e09@6-8,IN2@0;J3@2;J2@4;P2@6;P3@8,8.0,8.0,3,1.5,5.0,1,0,0,1,15.5
IN2__P3__path_3,IN2,P3,path_3,3,k_shortest_total,IN2->J3->J2->J1->P1->P2->P3,e02->e04->e03->e05->e08->e09,e02@0-2;e04@2-4;e03@4-6;e05@6-8;e08@8-10;e09@10-12,IN2@0;J3@2;J2@4;J1@6;P1@8;P2@10;P3@12,12.0,12.0,3,1.5,6.0,0,0,0,2,19.5
IN2__P4__path_1,IN2,P4,path_1,1,dijkstra_time+dijkstra_total+k_shortest_total,IN2->J3->J2->J1->P1->P4,e02->e04->e03->e05->e10,e02@0-2;e04@2-4;e03@4-6;e05@6-8;e10@8-10,IN2@0;J3@2;J2@4;J1@6;P1@8;P4@10,10.0,10.0,2,1.0,6.0,1,0,0,1,18.0
IN2__P4__path_2,IN2,P4,path_2,2,k_shortest_total,IN2->J3->P3->P2->P1->P4,e02->e07->e09->e08->e10,e02@0-2;e07@2-4;e09@4-6;e08@6-8;e10@8-10,IN2@0;J3@2;P3@4;P2@6;P1@8;P4@10,10.0,10.0,2,1.0,6.0,1,0,0,1,18.0
IN2__P4__path_3,IN2,P4,path_3,3,k_shortest_total,IN2->J3->J2->P2->P1->P4,e02->e04->e06->e08->e10,e02@0-2;e04@2-4;e06@4-6;e08@6-8;e10@8-10,IN2@0;J3@2;J2@4;P2@6;P1@8;P4@10,10.0,10.0,4,2.0,7.0,2,0,0,1,21.0
IN2__P5__path_1,IN2,P5,path_1,1,dijkstra_total+k_shortest_total,IN2->J3->P3->P2->P5,e02->e07->e09->e11,e02@0-2;e07@2-4;e09@4-6;e11@6-8,IN2@0;J3@2;P3@4;P2@6;P5@8,8.0,8.0,2,1.0,5.0,1,0,0,1,15.0
IN2__P5__path_2,IN2,P5,path_2,2,k_shortest_total,IN2->J3->P3->P6->P5,e02->e07->e12->e14,e02@0-2;e07@2-4;e12@4-6;e14@6-8,IN2@0;J3@2;P3@4;P6@6;P5@8,8.0,8.0,1,0.5,6.0,2,0,0,1,16.5
IN2__P5__path_3,IN2,P5,path_3,3,dijkstra_time+k_shortest_total,IN2->J3->J2->P2->P5,e02->e04->e06->e11,e02@0-2;e04@2-4;e06@4-6;e11@6-8,IN2@0;J3@2;J2@4;P2@6;P5@8,8.0,8.0,2,1.0,6.0,2,0,0,1,17.0
IN2__P6__path_1,IN2,P6,path_1,1,dijkstra_time+dijkstra_total+k_shortest_total,IN2->J3->P3->P6,e02->e07->e12,e02@0-2;e07@2-4;e12@4-6,IN2@0;J3@2;P3@4;P6@6,6.0,6.0,0,0.0,4.0,1,0,0,1,11.0
IN2__P6__path_2,IN2,P6,path_2,2,k_shortest_total,IN2->J3->P3->P2->P5->P6,e02->e07->e09->e11->e14,e02@0-2;e07@2-4;e09@4-6;e11@6-8;e14@8-10,IN2@0;J3@2;P3@4;P2@6;P5@8;P6@10,10.0,10.0,3,1.5,7.0,2,0,0,1,20.5
IN2__P6__path_3,IN2,P6,path_3,3,k_shortest_total,IN2->J3->J2->P2->P3->P6,e02->e04->e06->e09->e12,e02@0-2;e04@2-4;e06@4-6;e09@6-8;e12@8-10,IN2@0;J3@2;J2@4;P2@6;P3@8;P6@10,10.0,10.0,4,2.0,7.0,2,0,0,1,21.0
IN2__P7__path_1,IN2,P7,path_1,1,k_shortest_total,IN2->J3->P3->P6->P9->P8->P7,e02->e07->e12->e17->e19->e18,e02@0-2;e07@2-4;e12@4-6;e17@6-8;e19@8-10;e18@10-12,IN2@0;J3@2;P3@4;P6@6;P9@8;P8@10;P7@12,12.0,12.0,1,0.5,7.0,1,0,0,1,20.5
IN2__P7__path_2,IN2,P7,path_2,2,dijkstra_time+dijkstra_total+k_shortest_total,IN2->J3->J2->J1->P1->P4->P7,e02->e04->e03->e05->e10->e15,e02@0-2;e04@2-4;e03@4-6;e05@6-8;e10@8-10;e15@10-12,IN2@0;J3@2;J2@4;J1@6;P1@8;P4@10;P7@12,12.0,12.0,2,1.0,7.0,1,0,0,1,21.0
IN2__P7__path_3,IN2,P7,path_3,3,k_shortest_total,IN2->J3->P3->P2->P1->P4->P7,e02->e07->e09->e08->e10->e15,e02@0-2;e07@2-4;e09@4-6;e08@6-8;e10@8-10;e15@10-12,IN2@0;J3@2;P3@4;P2@6;P1@8;P4@10;P7@12,12.0,12.0,2,1.0,7.0,1,0,0,1,21.0
IN2__P8__path_1,IN2,P8,path_1,1,dijkstra_total+k_shortest_total,IN2->J3->P3->P6->P9->P8,e02->e07->e12->e17->e19,e02@0-2;e07@2-4;e12@4-6;e17@6-8;e19@8-10,IN2@0;J3@2;P3@4;P6@6;P9@8;P8@10,10.0,10.0,1,0.5,6.0,1,0,0,1,17.5
IN2__P8__path_2,IN2,P8,path_2,2,k_shortest_total,IN2->J3->P3->P6->P9->SORT2->P8,e02->e07->e12->e17->e23->e22,e02@0-2;e07@2-4;e12@4-6;e17@6-8;e23@8-11;e22@11-14,IN2@0;J3@2;P3@4;P6@6;P9@8;SORT2@11;P8@14,12.4,14.0,2,1.0,7.0,1,0,0,1,23.0
IN2__P8__path_3,IN2,P8,path_3,3,k_shortest_total,IN2->J3->J2->J1->P1->P4->P7->P8,e02->e04->e03->e05->e10->e15->e18,e02@0-2;e04@2-4;e03@4-6;e05@6-8;e10@8-10;e15@10-12;e18@12-14,IN2@0;J3@2;J2@4;J1@6;P1@8;P4@10;P7@12;P8@14,14.0,14.0,3,1.5,8.0,1,0,0,1,24.5
IN2__P8__path_4,IN2,P8,path_4,4,dijkstra_time,IN2->J3->J2->P2->P5->P8,e02->e04->e06->e11->e16,e02@0-2;e04@2-4;e06@4-6;e11@6-8;e16@8-10,IN2@0;J3@2;J2@4;P2@6;P5@8;P8@10,10.0,10.0,2,1.0,10.0,2,1,1,1,26.0
IN2__P9__path_1,IN2,P9,path_1,1,dijkstra_time+dijkstra_total+k_shortest_total,IN2->J3->P3->P6->P9,e02->e07->e12->e17,e02@0-2;e07@2-4;e12@4-6;e17@6-8,IN2@0;J3@2;P3@4;P6@6;P9@8,8.0,8.0,0,0.0,5.0,1,0,0,1,14.0
IN2__P9__path_2,IN2,P9,path_2,2,k_shortest_total,IN2->J3->J2->P2->P3->P6->P9,e02->e04->e06->e09->e12->e17,e02@0-2;e04@2-4;e06@4-6;e09@6-8;e12@8-10;e17@10-12,IN2@0;J3@2;J2@4;P2@6;P3@8;P6@10;P9@12,12.0,12.0,4,2.0,8.0,2,0,0,1,24.0
IN2__P9__path_3,IN2,P9,path_3,3,k_shortest_total,IN2->J3->P3->P2->P5->P6->P9,e02->e07->e09->e11->e14->e17,e02@0-2;e07@2-4;e09@4-6;e11@6-8;e14@8-10;e17@10-12,IN2@0;J3@2;P3@4;P2@6;P5@8;P6@10;P9@12,12.0,12.0,4,2.0,8.0,2,0,0,1,24.0
IN2__SORT1__path_1,IN2,SORT1,path_1,1,dijkstra_total+k_shortest_total,IN2->J3->P3->P6->P9->P8->SORT1,e02->e07->e12->e17->e19->e21,e02@0-2;e07@2-4;e12@4-6;e17@6-8;e19@8-10;e21@10-13,IN2@0;J3@2;P3@4;P6@6;P9@8;P8@10;SORT1@13,12.2,13.0,2,1.0,7.0,1,0,0,1,22.0
IN2__SORT1__path_2,IN2,SORT1,path_2,2,k_shortest_total,IN2->J3->J2->J1->P1->P4->P7->SORT1,e02->e04->e03->e05->e10->e15->e20,e02@0-2;e04@2-4;e03@4-6;e05@6-8;e10@8-10;e15@10-12;e20@12-15,IN2@0;J3@2;J2@4;J1@6;P1@8;P4@10;P7@12;SORT1@15,14.2,15.0,3,1.5,8.0,1,0,0,1,25.5
IN2__SORT1__path_3,IN2,SORT1,path_3,3,k_shortest_total,IN2->J3->P3->P2->P1->P4->P7->SORT1,e02->e07->e09->e08->e10->e15->e20,e02@0-2;e07@2-4;e09@4-6;e08@6-8;e10@8-10;e15@10-12;e20@12-15,IN2@0;J3@2;P3@4;P2@6;P1@8;P4@10;P7@12;SORT1@15,14.2,15.0,3,1.5,8.0,1,0,0,1,25.5
IN2__SORT1__path_4,IN2,SORT1,path_4,4,dijkstra_time,IN2->J3->J2->P2->P5->P8->SORT1,e02->e04->e06->e11->e16->e21,e02@0-2;e04@2-4;e06@4-6;e11@6-8;e16@8-10;e21@10-13,IN2@0;J3@2;J2@4;P2@6;P5@8;P8@10;SORT1@13,12.2,13.0,3,1.5,11.0,2,1,1,1,30.5
IN2__SORT2__path_1,IN2,SORT2,path_1,1,dijkstra_time+dijkstra_total+k_shortest_total,IN2->J3->P3->P6->P9->SORT2,e02->e07->e12->e17->e23,e02@0-2;e07@2-4;e12@4-6;e17@6-8;e23@8-11,IN2@0;J3@2;P3@4;P6@6;P9@8;SORT2@11,10.2,11.0,1,0.5,6.0,1,0,0,1,18.5
IN2__SORT2__path_2,IN2,SORT2,path_2,2,k_shortest_total,IN2->J3->P3->P6->P9->P8->SORT2,e02->e07->e12->e17->e19->e22,e02@0-2;e07@2-4;e12@4-6;e17@6-8;e19@8-10;e22@10-13,IN2@0;J3@2;P3@4;P6@6;P9@8;P8@10;SORT2@13,12.2,13.0,2,1.0,7.0,1,0,0,1,22.0
IN2__SORT2__path_3,IN2,SORT2,path_3,3,k_shortest_total,IN2->J3->J2->P2->P3->P6->P9->SORT2,e02->e04->e06->e09->e12->e17->e23,e02@0-2;e04@2-4;e06@4-6;e09@6-8;e12@8-10;e17@10-12;e23@12-15,IN2@0;J3@2;J2@4;P2@6;P3@8;P6@10;P9@12;SORT2@15,14.2,15.0,5,2.5,9.0,2,0,0,1,28.5
IN2__OUT1__path_1,IN2,OUT1,path_1,1,dijkstra_total+k_shortest_total,IN2->J3->P3->P6->P9->P8->SORT1->OUT1,e02->e07->e12->e17->e19->e21->e24,e02@0-2;e07@2-4;e12@4-6;e17@6-8;e19@8-10;e21@10-13;e24@13-15,IN2@0;J3@2;P3@4;P6@6;P9@8;P8@10;SORT1@13;OUT1@15,14.2,15.0,3,1.5,8.0,1,0,0,1,25.5
IN2__OUT1__path_2,IN2,OUT1,path_2,2,k_shortest_total,IN2->J3->J2->J1->P1->P4->P7->SORT1->OUT1,e02->e04->e03->e05->e10->e15->e20->e24,e02@0-2;e04@2-4;e03@4-6;e05@6-8;e10@8-10;e15@10-12;e20@12-15;e24@15-17,IN2@0;J3@2;J2@4;J1@6;P1@8;P4@10;P7@12;SORT1@15;OUT1@17,16.2,17.0,4,2.0,9.0,1,0,0,1,29.0
IN2__OUT1__path_3,IN2,OUT1,path_3,3,k_shortest_total,IN2->J3->P3->P2->P1->P4->P7->SORT1->OUT1,e02->e07->e09->e08->e10->e15->e20->e24,e02@0-2;e07@2-4;e09@4-6;e08@6-8;e10@8-10;e15@10-12;e20@12-15;e24@15-17,IN2@0;J3@2;P3@4;P2@6;P1@8;P4@10;P7@12;SORT1@15;OUT1@17,16.2,17.0,4,2.0,9.0,1,0,0,1,29.0
IN2__OUT1__path_4,IN2,OUT1,path_4,4,dijkstra_time,IN2->J3->J2->P2->P5->P8->SORT1->OUT1,e02->e04->e06->e11->e16->e21->e24,e02@0-2;e04@2-4;e06@4-6;e11@6-8;e16@8-10;e21@10-13;e24@13-15,IN2@0;J3@2;J2@4;P2@6;P5@8;P8@10;SORT1@13;OUT1@15,14.2,15.0,4,2.0,12.0,2,1,1,1,34.0
IN2__OUT2__path_1,IN2,OUT2,path_1,1,dijkstra_time+dijkstra_total+k_shortest_total,IN2->J3->P3->P6->P9->SORT2->OUT2,e02->e07->e12->e17->e23->e25,e02@0-2;e07@2-4;e12@4-6;e17@6-8;e23@8-11;e25@11-13,IN2@0;J3@2;P3@4;P6@6;P9@8;SORT2@11;OUT2@13,12.2,13.0,2,1.0,7.0,1,0,0,1,22.0
IN2__OUT2__path_2,IN2,OUT2,path_2,2,k_shortest_total,IN2->J3->P3->P6->P9->P8->SORT2->OUT2,e02->e07->e12->e17->e19->e22->e25,e02@0-2;e07@2-4;e12@4-6;e17@6-8;e19@8-10;e22@10-13;e25@13-15,IN2@0;J3@2;P3@4;P6@6;P9@8;P8@10;SORT2@13;OUT2@15,14.2,15.0,3,1.5,8.0,1,0,0,1,25.5
IN2__OUT2__path_3,IN2,OUT2,path_3,3,k_shortest_total,IN2->J3->J2->P2->P3->P6->P9->SORT2->OUT2,e02->e04->e06->e09->e12->e17->e23->e25,e02@0-2;e04@2-4;e06@4-6;e09@6-8;e12@8-10;e17@10-12;e23@12-15;e25@15-17,IN2@0;J3@2;J2@4;P2@6;P3@8;P6@10;P9@12;SORT2@15;OUT2@17,16.2,17.0,6,3.0,10.0,2,0,0,1,32.0
IN2__CHG1__path_1,IN2,CHG1,path_1,1,dijkstra_time+dijkstra_total+k_shortest_total,IN2->J3->J2->J1->CHG1,e02->e04->e03->e26,e02@0-2;e04@2-4;e03@4-6;e26@6-8,IN2@0;J3@2;J2@4;J1@6;CHG1@8,7.4,8.0,2,1.0,4.0,0,0,0,1,13.0
IN2__CHG1__path_2,IN2,CHG1,path_2,2,k_shortest_total,IN2->J3->P3->P2->P1->J1->CHG1,e02->e07->e09->e08->e05->e26,e02@0-2;e07@2-4;e09@4-6;e08@6-8;e05@8-10;e26@10-12,IN2@0;J3@2;P3@4;P2@6;P1@8;J1@10;CHG1@12,11.4,12.0,3,1.5,6.0,0,0,0,1,19.5
IN2__CHG1__path_3,IN2,CHG1,path_3,3,k_shortest_total,IN2->J3->J2->P2->P1->J1->CHG1,e02->e04->e06->e08->e05->e26,e02@0-2;e04@2-4;e06@4-6;e08@6-8;e05@8-10;e26@10-12,IN2@0;J3@2;J2@4;P2@6;P1@8;J1@10;CHG1@12,11.4,12.0,5,2.5,7.0,1,0,0,1,22.5
IN2__CHG2__path_1,IN2,CHG2,path_1,1,k_shortest_total,IN2->J3->P3->P6->P9->P8->P7->CHG2,e02->e07->e12->e17->e19->e18->e27,e02@0-2;e07@2-4;e12@4-6;e17@6-8;e19@8-10;e18@10-12;e27@12-14,IN2@0;J3@2;P3@4;P6@6;P9@8;P8@10;P7@12;CHG2@14,13.4,14.0,2,1.0,8.0,1,0,0,1,24.0
IN2__CHG2__path_2,IN2,CHG2,path_2,2,dijkstra_time+dijkstra_total+k_shortest_total,IN2->J3->J2->J1->P1->P4->P7->CHG2,e02->e04->e03->e05->e10->e15->e27,e02@0-2;e04@2-4;e03@4-6;e05@6-8;e10@8-10;e15@10-12;e27@12-14,IN2@0;J3@2;J2@4;J1@6;P1@8;P4@10;P7@12;CHG2@14,13.4,14.0,3,1.5,8.0,1,0,0,1,24.5
IN2__CHG2__path_3,IN2,CHG2,path_3,3,k_shortest_total,IN2->J3->P3->P2->P1->P4->P7->CHG2,e02->e07->e09->e08->e10->e15->e27,e02@0-2;e07@2-4;e09@4-6;e08@6-8;e10@8-10;e15@10-12;e27@12-14,IN2@0;J3@2;P3@4;P2@6;P1@8;P4@10;P7@12;CHG2@14,13.4,14.0,3,1.5,8.0,1,0,0,1,24.5
P1__IN1__path_1,P1,IN1,path_1,1,dijkstra_time+dijkstra_total+k_shortest_total,P1->J1->IN1,e05->e01,e05@0-2;e01@2-4,P1@0;J1@2;IN1@4,4.0,4.0,0,0.0,2.0,0,0,0,2,6.0
P1__IN1__path_2,P1,IN1,path_2,2,k_shortest_total,P1->P2->J2->J1->IN1,e08->e06->e03->e01,e08@0-2;e06@2-4;e03@4-6;e01@6-8,P1@0;P2@2;J2@4;J1@6;IN1@8,8.0,8.0,3,1.5,5.0,1,0,0,1,15.5
P1__IN1__path_3,P1,IN1,path_3,3,k_shortest_total,P1->P2->P3->J3->J2->J1->IN1,e08->e09->e07->e04->e03->e01,e08@0-2;e09@2-4;e07@4-6;e04@6-8;e03@8-10;e01@10-12,P1@0;P2@2;P3@4;J3@6;J2@8;J1@10;IN1@12,12.0,12.0,3,1.5,6.0,0,0,0,2,19.5
P1__IN2__path_1,P1,IN2,path_1,1,k_shortest_total,P1->P2->P3->J3->IN2,e08->e09->e07->e02,e08@0-2;e09@2-4;e07@4-6;e02@6-8,P1@0;P2@2;P3@4;J3@6;IN2@8,8.0,8.0,1,0.5,4.0,0,0,0,2,12.5
P1__IN2__path_2,P1,IN2,path_2,2,dijkstra_time+dijkstra_total+k_shortest_total,P1->J1->J2->J3->IN2,e05->e03->e04->e02,e05@0-2;e03@2-4;e04@4-6;e02@6-8,P1@0;J1@2;J2@4;J3@6;IN2@8,8.0,8.0,2,1.0,4.0,0,0,0,2,13.0
P1__IN2__path_3,P1,IN2,path_3,3,k_shortest_total,P1->P2->J2->J3->IN2,e08->e06->e04->e02,e08@0-2;e06@2-4;e04@4-6;e02@6-8,P1@0;P2@2;J2@4;J3@6;IN2@8,8.0,8.0,3,1.5,5.0,1,0,0,1,15.5
P1__P2__path_1,P1,P2,path_1,1,dijkstra_time+dijkstra_total+k_shortest_total,P1->P2,e08,e08@0-2,P1@0;P2@2,2.0,2.0,0,0.0,1.0,0,0,0,2,3.0
P1__P2__path_2,P1,P2,path_2,2,k_shortest_total,P1->J1->J2->P2,e05->e03->e06,e05@0-2;e03@2-4;e06@4-6,P1@0;J1@2;J2@4;P2@6,6.0,6.0,2,1.0,4.0,1,0,0,1,12.0
P1__P2__path_3,P1,P2,path_3,3,k_shortest_total,P1->P4->P5->P2,e10->e13->e11,e10@0-2;e13@2-4;e11@4-6,P1@0;P4@2;P5@4;P2@6,6.0,6.0,2,1.0,6.0,3,0,0,1,16.0
P1__P3__path_1,P1,P3,path_1,1,dijkstra_time+dijkstra_total+k_shortest_total,P1->P2->P3,e08->e09,e08@0-2;e09@2-4,P1@0;P2@2;P3@4,4.0,4.0,0,0.0,2.0,0,0,0,2,6.0
P1__P3__path_2,P1,P3,path_2,2,k_shortest_total,P1->J1->J2->J3->P3,e05->e03->e04->e07,e05@0-2;e03@2-4;e04@4-6;e07@6-8,P1@0;J1@2;J2@4;J3@6;P3@8,8.0,8.0,2,1.0,4.0,0,0,0,2,13.0
P1__P3__path_3,P1,P3,path_3,3,k_shortest_total,P1->P2->J2->J3->P3,e08->e06->e04->e07,e08@0-2;e06@2-4;e04@4-6;e07@6-8,P1@0;P2@2;J2@4;J3@6;P3@8,8.0,8.0,3,1.5,5.0,1,0,0,1,15.5
P1__P4__path_1,P1,P4,path_1,1,dijkstra_time+dijkstra_total+k_shortest_total,P1->P4,e10,e10@0-2,P1@0;P4@2,2.0,2.0,0,0.0,2.0,1,0,0,1,5.0
P1__P4__path_2,P1,P4,path_2,2,k_shortest_total,P1->P2->P5->P4,e08->e11->e13,e08@0-2;e11@2-4;e13@4-6,P1@0;P2@2;P5@4;P4@6,6.0,6.0,2,1.0,5.0,2,0,0,1,14.0
P1__P4__path_3,P1,P4,path_3,3,k_shortest_total,P1->J1->J2->P2->P5->P4,e05->e03->e06->e11->e13,e05@0-2;e03@2-4;e06@4-6;e11@6-8;e13@8-10,P1@0;J1@2;J2@4;P2@6;P5@8;P4@10,10.0,10.0,3,1.5,8.0,3,0,0,1,22.5
P1__P5__path_1,P1,P5,path_1,1,dijkstra_time+dijkstra_total+k_shortest_total,P1->P2->P5,e08->e11,e08@0-2;e11@2-4,P1@0;P2@2;P5@4,4.0,4.0,1,0.5,3.0,1,0,0,1,8.5
P1__P5__path_2,P1,P5,path_2,2,k_shortest_total,P1->P4->P5,e10->e13,e10@0-2;e13@2-4,P1@0;P4@2;P5@4,4.0,4.0,1,0.5,4.0,2,0,0,1,10.5
P1__P5__path_3,P1,P5,path_3,3,k_shortest_total,P1->P2->P3->P6->P5,e08->e09->e12->e14,e08@0-2;e09@2-4;e12@4-6;e14@6-8,P1@0;P2@2;P3@4;P6@6;P5@8,8.0,8.0,2,1.0,6.0,2,0,0,1,17.0
P1__P6__path_1,P1,P6,path_1,1,dijkstra_time+dijkstra_total+k_shortest_total,P1->P2->P3->P6,e08->e09->e12,e08@0-2;e09@2-4;e12@4-6,P1@0;P2@2;P3@4;P6@6,6.0,6.0,1,0.5,4.0,1,0,0,1,11.5
P1__P6__path_2,P1,P6,path_2,2,k_shortest_total,P1->P2->P5->P6,e08->e11->e14,e08@0-2;e11@2-4;e14@4-6,P1@0;P2@2;P5@4;P6@6,6.0,6.0,2,1.0,5.0,2,0,0,1,14.0
P1__P6__path_3,P1,P6,path_3,3,k_shortest_total,P1->P4->P5->P6,e10->e13->e14,e10@0-2;e13@2-4;e14@4-6,P1@0;P4@2;P5@4;P6@6,6.0,6.0,1,0.5,6.0,3,0,0,1,15.5
P1__P7__path_1,P1,P7,path_1,1,dijkstra_time+dijkstra_total+k_shortest_total,P1->P4->P7,e10->e15,e10@0-2;e15@2-4,P1@0;P4@2;P7@4,4.0,4.0,0,0.0,3.0,1,0,0,1,8.0
P1__P7__path_2,P1,P7,path_2,2,k_shortest_total,P1->P2->P5->P4->P7,e08->e11->e13->e15,e08@0-2;e11@2-4;e13@4-6;e15@6-8,P1@0;P2@2;P5@4;P4@6;P7@8,8.0,8.0,3,1.5,6.0,2,0,0,1,17.5
P1__P7__path_3,P1,P7,path_3,3,k_shortest_total,P1->P2->P3->P6->P9->P8->P7,e08->e09->e12->e17->e19->e18,e08@0-2;e09@2-4;e12@4-6;e17@6-8;e19@8-10;e18@10-12,P1@0;P2@2;P3@4;P6@6;P9@8;P8@10;P7@12,12.0,12.0,2,1.0,7.0,1,0,0,1,21.0
P1__P8__path_1,P1,P8,path_1,1,dijkstra_total+k_shortest_total,P1->P4->P7->P8,e10->e15->e18,e10@0-2;e15@2-4;e18@4-6,P1@0;P4@2;P7@4;P8@6,6.0,6.0,1,0.5,4.0,1,0,0,1,11.5
P1__P8__path_2,P1,P8,path_2,2,k_shortest_total,P1->P4->P7->SORT1->P8,e10->e15->e20->e21,e10@0-2;e15@2-4;e20@4-7;e21@7-10,P1@0;P4@2;P7@4;SORT1@7;P8@10,8.4,10.0,2,1.0,5.0,1,0,0,1,17.0
P1__P8__path_3,P1,P8,path_3,3,dijkstra_time+k_shortest_total,P1->P2->P5->P8,e08->e11->e16,e08@0-2;e11@2-4;e16@4-6,P1@0;P2@2;P5@4;P8@6,6.0,6.0,1,0.5,7.0,1,1,1,1,17.5
P1__P9__path_1,P1,P9,path_1,1,dijkstra_time+dijkstra_total+k_shortest_total,P1->P2->P3->P6->P9,e08->e09->e12->e17,e08@0-2;e09@2-4;e12@4-6;e17@6-8,P1@0;P2@2;P3@4;P6@6;P9@8,8.0,8.0,1,0.5,5.0,1,0,0,1,14.5
P1__P9__path_2,P1,P9,path_2,2,k_shortest_total,P1->P4->P7->P8->P9,e10->e15->e18->e19,e10@0-2;e15@2-4;e18@4-6;e19@6-8,P1@0;P4@2;P7@4;P8@6;P9@8,8.0,8.0,1,0.5,5.0,1,0,0,1,14.5
P1__P9__path_3,P1,P9,path_3,3,k_shortest_total,P1->P2->P5->P6->P9,e08->e11->e14->e17,e08@0-2;e11@2-4;e14@4-6;e17@6-8,P1@0;P2@2;P5@4;P6@6;P9@8,8.0,8.0,3,1.5,6.0,2,0,0,1,17.5
P1__SORT1__path_1,P1,SORT1,path_1,1,dijkstra_time+dijkstra_total+k_shortest_total,P1->P4->P7->SORT1,e10->e15->e20,e10@0-2;e15@2-4;e20@4-7,P1@0;P4@2;P7@4;SORT1@7,6.2,7.0,1,0.5,4.0,1,0,0,1,12.5
P1__SORT1__path_2,P1,SORT1,path_2,2,k_shortest_total,P1->P4->P7->P8->SORT1,e10->e15->e18->e21,e10@0-2;e15@2-4;e18@4-6;e21@6-9,P1@0;P4@2;P7@4;P8@6;SORT1@9,8.2,9.0,2,1.0,5.0,1,0,0,1,16.0
P1__SORT1__path_3,P1,SORT1,path_3,3,k_shortest_total,P1->P2->P5->P4->P7->SORT1,e08->e11->e13->e15->e20,e08@0-2;e11@2-4;e13@4-6;e15@6-8;e20@8-11,P1@0;P2@2;P5@4;P4@6;P7@8;SORT1@11,10.2,11.0,4,2.0,7.0,2,0,0,1,22.0
P1__SORT2__path_1,P1,SORT2,path_1,1,dijkstra_total+k_shortest_total,P1->P4->P7->P8->SORT2,e10->e15->e18->e22,e10@0-2;e15@2-4;e18@4-6;e22@6-9,P1@0;P4@2;P7@4;P8@6;SORT2@9,8.2,9.0,2,1.0,5.0,1,0,0,1,16.0
P1__SORT2__path_2,P1,SORT2,path_2,2,k_shortest_total,P1->P2->P3->P6->P9->SORT2,e08->e09->e12->e17->e23,e08@0-2;e09@2-4;e12@4-6;e17@6-8;e23@8-11,P1@0;P2@2;P3@4;P6@6;P9@8;SORT2@11,10.2,11.0,2,1.0,6.0,1,0,0,1,19.0
P1__SORT2__path_3,P1,SORT2,path_3,3,k_shortest_total,P1->P4->P7->P8->P9->SORT2,e10->e15->e18->e19->e23,e10@0-2;e15@2-4;e18@4-6;e19@6-8;e23@8-11,P1@0;P4@2;P7@4;P8@6;P9@8;SORT2@11,10.2,11.0,2,1.0,6.0,1,0,0,1,19.0
P1__SORT2__path_4,P1,SORT2,path_4,4,dijkstra_time,P1->P2->P5->P8->SORT2,e08->e11->e16->e22,e08@0-2;e11@2-4;e16@4-6;e22@6-9,P1@0;P2@2;P5@4;P8@6;SORT2@9,8.2,9.0,2,1.0,8.0,1,1,1,1,22.0
P1__OUT1__path_1,P1,OUT1,path_1,1,dijkstra_time+dijkstra_total+k_shortest_total,P1->P4->P7->SORT1->OUT1,e10->e15->e20->e24,e10@0-2;e15@2-4;e20@4-7;e24@7-9,P1@0;P4@2;P7@4;SORT1@7;OUT1@9,8.2,9.0,2,1.0,5.0,1,0,0,1,16.0
P1__OUT1__path_2,P1,OUT1,path_2,2,k_shortest_total,P1->P4->P7->P8->SORT1->OUT1,e10->e15->e18->e21->e24,e10@0-2;e15@2-4;e18@4-6;e21@6-9;e24@9-11,P1@0;P4@2;P7@4;P8@6;SORT1@9;OUT1@11,10.2,11.0,3,1.5,6.0,1,0,0,1,19.5
P1__OUT1__path_3,P1,OUT1,path_3,3,k_shortest_total,P1->P2->P5->P4->P7->SORT1->OUT1,e08->e11->e13->e15->e20->e24,e08@0-2;e11@2-4;e13@4-6;e15@6-8;e20@8-11;e24@11-13,P1@0;P2@2;P5@4;P4@6;P7@8;SORT1@11;OUT1@13,12.2,13.0,5,2.5,8.0,2,0,0,1,25.5
P1__OUT2__path_1,P1,OUT2,path_1,1,dijkstra_total+k_shortest_total,P1->P4->P7->P8->SORT2->OUT2,e10->e15->e18->e22->e25,e10@0-2;e15@2-4;e18@4-6;e22@6-9;e25@9-11,P1@0;P4@2;P7@4;P8@6;SORT2@9;OUT2@11,10.2,11.0,3,1.5,6.0,1,0,0,1,19.5
P1__OUT2__path_2,P1,OUT2,path_2,2,k_shortest_total,P1->P2->P3->P6->P9->SORT2->OUT2,e08->e09->e12->e17->e23->e25,e08@0-2;e09@2-4;e12@4-6;e17@6-8;e23@8-11;e25@11-13,P1@0;P2@2;P3@4;P6@6;P9@8;SORT2@11;OUT2@13,12.2,13.0,3,1.5,7.0,1,0,0,1,22.5
P1__OUT2__path_3,P1,OUT2,path_3,3,k_shortest_total,P1->P4->P7->P8->P9->SORT2->OUT2,e10->e15->e18->e19->e23->e25,e10@0-2;e15@2-4;e18@4-6;e19@6-8;e23@8-11;e25@11-13,P1@0;P4@2;P7@4;P8@6;P9@8;SORT2@11;OUT2@13,12.2,13.0,3,1.5,7.0,1,0,0,1,22.5
P1__OUT2__path_4,P1,OUT2,path_4,4,dijkstra_time,P1->P2->P5->P8->SORT2->OUT2,e08->e11->e16->e22->e25,e08@0-2;e11@2-4;e16@4-6;e22@6-9;e25@9-11,P1@0;P2@2;P5@4;P8@6;SORT2@9;OUT2@11,10.2,11.0,3,1.5,9.0,1,1,1,1,25.5
P1__CHG1__path_1,P1,CHG1,path_1,1,dijkstra_time+dijkstra_total+k_shortest_total,P1->J1->CHG1,e05->e26,e05@0-2;e26@2-4,P1@0;J1@2;CHG1@4,3.4,4.0,1,0.5,2.0,0,0,0,1,6.5
P1__CHG1__path_2,P1,CHG1,path_2,2,k_shortest_total,P1->P2->J2->J1->CHG1,e08->e06->e03->e26,e08@0-2;e06@2-4;e03@4-6;e26@6-8,P1@0;P2@2;J2@4;J1@6;CHG1@8,7.4,8.0,3,1.5,5.0,1,0,0,1,15.5
P1__CHG1__path_3,P1,CHG1,path_3,3,k_shortest_total,P1->P2->P3->J3->J2->J1->CHG1,e08->e09->e07->e04->e03->e26,e08@0-2;e09@2-4;e07@4-6;e04@6-8;e03@8-10;e26@10-12,P1@0;P2@2;P3@4;J3@6;J2@8;J1@10;CHG1@12,11.4,12.0,3,1.5,6.0,0,0,0,1,19.5
P1__CHG2__path_1,P1,CHG2,path_1,1,dijkstra_time+dijkstra_total+k_shortest_total,P1->P4->P7->CHG2,e10->e15->e27,e10@0-2;e15@2-4;e27@4-6,P1@0;P4@2;P7@4;CHG2@6,5.4,6.0,1,0.5,4.0,1,0,0,1,11.5
P1__CHG2__path_2,P1,CHG2,path_2,2,k_shortest_total,P1->P2->P5->P4->P7->CHG2,e08->e11->e13->e15->e27,e08@0-2;e11@2-4;e13@4-6;e15@6-8;e27@8-10,P1@0;P2@2;P5@4;P4@6;P7@8;CHG2@10,9.4,10.0,4,2.0,7.0,2,0,0,1,21.0
P1__CHG2__path_3,P1,CHG2,path_3,3,k_shortest_total,P1->P2->P3->P6->P9->P8->P7->CHG2,e08->e09->e12->e17->e19->e18->e27,e08@0-2;e09@2-4;e12@4-6;e17@6-8;e19@8-10;e18@10-12;e27@12-14,P1@0;P2@2;P3@4;P6@6;P9@8;P8@10;P7@12;CHG2@14,13.4,14.0,3,1.5,8.0,1,0,0,1,24.5
P2__IN1__path_1,P2,IN1,path_1,1,dijkstra_total+k_shortest_total,P2->P1->J1->IN1,e08->e05->e01,e08@0-2;e05@2-4;e01@4-6,P2@0;P1@2;J1@4;IN1@6,6.0,6.0,1,0.5,3.0,0,0,0,2,9.5
P2__IN1__path_2,P2,IN1,path_2,2,dijkstra_time+k_shortest_total,P2->J2->J1->IN1,e06->e03->e01,e06@0-2;e03@2-4;e01@4-6,P2@0;J2@2;J1@4;IN1@6,6.0,6.0,2,1.0,4.0,1,0,0,1,12.0
P2__IN1__path_3,P2,IN1,path_3,3,k_shortest_total,P2->P3->J3->J2->J1->IN1,e09->e07->e04->e03->e01,e09@0-2;e07@2-4;e04@4-6;e03@6-8;e01@8-10,P2@0;P3@2;J3@4;J2@6;J1@8;IN1@10,10.0,10.0,3,1.5,5.0,0,0,0,2,16.5
P2__IN2__path_1,P2,IN2,path_1,1,dijkstra_total+k_shortest_total,P2->P3->J3->IN2,e09->e07->e02,e09@0-2;e07@2-4;e02@4-6,P2@0;P3@2;J3@4;IN2@6,6.0,6.0,1,0.5,3.0,0,0,0,2,9.5
P2__IN2__path_2,P2,IN2,path_2,2,dijkstra_time+k_shortest_total,P2->J2->J3->IN2,e06->e04->e02,e06@0-2;e04@2-4;e02@4-6,P2@0;J2@2;J3@4;IN2@6,6.0,6.0,2,1.0,4.0,1,0,0,1,12.0
P2__IN2__path_3,P2,IN2,path_3,3,k_shortest_total,P2->P1->J1->J2->J3->IN2,e08->e05->e03->e04->e02,e08@0-2;e05@2-4;e03@4-6;e04@6-8;e02@8-10,P2@0;P1@2;J1@4;J2@6;J3@8;IN2@10,10.0,10.0,3,1.5,5.0,0,0,0,2,16.5
P2__P1__path_1,P2,P1,path_1,1,dijkstra_time+dijkstra_total+k_shortest_total,P2->P1,e08,e08@0-2,P2@0;P1@2,2.0,2.0,0,0.0,1.0,0,0,0,2,3.0
P2__P1__path_2,P2,P1,path_2,2,k_shortest_total,P2->J2->J1->P1,e06->e03->e05,e06@0-2;e03@2-4;e05@4-6,P2@0;J2@2;J1@4;P1@6,6.0,6.0,2,1.0,4.0,1,0,0,1,12.0
P2__P1__path_3,P2,P1,path_3,3,k_shortest_total,P2->P5->P4->P1,e11->e13->e10,e11@0-2;e13@2-4;e10@4-6,P2@0;P5@2;P4@4;P1@6,6.0,6.0,2,1.0,6.0,3,0,0,1,16.0
P2__P3__path_1,P2,P3,path_1,1,dijkstra_time+dijkstra_total+k_shortest_total,P2->P3,e09,e09@0-2,P2@0;P3@2,2.0,2.0,0,0.0,1.0,0,0,0,2,3.0
P2__P3__path_2,P2,P3,path_2,2,k_shortest_total,P2->J2->J3->P3,e06->e04->e07,e06@0-2;e04@2-4;e07@4-6,P2@0;J2@2;J3@4;P3@6,6.0,6.0,2,1.0,4.0,1,0,0,1,12.0
P2__P3__path_3,P2,P3,path_3,3,k_shortest_total,P2->P5->P6->P3,e11->e14->e12,e11@0-2;e14@2-4;e12@4-6,P2@0;P5@2;P6@4;P3@6,6.0,6.0,2,1.0,6.0,3,0,0,1,16.0
P2__P4__path_1,P2,P4,path_1,1,dijkstra_time+dijkstra_total+k_shortest_total,P2->P1->P4,e08->e10,e08@0-2;e10@2-4,P2@0;P1@2;P4@4,4.0,4.0,1,0.5,3.0,1,0,0,1,8.5
P2__P4__path_2,P2,P4,path_2,2,k_shortest_total,P2->P5->P4,e11->e13,e11@0-2;e13@2-4,P2@0;P5@2;P4@4,4.0,4.0,1,0.5,4.0,2,0,0,1,10.5
P2__P4__path_3,P2,P4,path_3,3,k_shortest_total,P2->J2->J1->P1->P4,e06->e03->e05->e10,e06@0-2;e03@2-4;e05@4-6;e10@6-8,P2@0;J2@2;J1@4;P1@6;P4@8,8.0,8.0,2,1.0,6.0,2,0,0,1,17.0
P2__P5__path_1,P2,P5,path_1,1,dijkstra_time+dijkstra_total+k_shortest_total,P2->P5,e11,e11@0-2,P2@0;P5@2,2.0,2.0,0,0.0,2.0,1,0,0,1,5.0
P2__P5__path_2,P2,P5,path_2,2,k_shortest_total,P2->P1->P4->P5,e08->e10->e13,e08@0-2;e10@2-4;e13@4-6,P2@0;P1@2;P4@4;P5@6,6.0,6.0,2,1.0,5.0,2,0,0,1,14.0
P2__P5__path_3,P2,P5,path_3,3,k_shortest_total,P2->P3->P6->P5,e09->e12->e14,e09@0-2;e12@2-4;e14@4-6,P2@0;P3@2;P6@4;P5@6,6.0,6.0,2,1.0,5.0,2,0,0,1,14.0
P2__P6__path_1,P2,P6,path_1,1,dijkstra_time+dijkstra_total+k_shortest_total,P2->P3->P6,e09->e12,e09@0-2;e12@2-4,P2@0;P3@2;P6@4,4.0,4.0,1,0.5,3.0,1,0,0,1,8.5
P2__P6__path_2,P2,P6,path_2,2,k_shortest_total,P2->P5->P6,e11->e14,e11@0-2;e14@2-4,P2@0;P5@2;P6@4,4.0,4.0,1,0.5,4.0,2,0,0,1,10.5
P2__P6__path_3,P2,P6,path_3,3,k_shortest_total,P2->J2->J3->P3->P6,e06->e04->e07->e12,e06@0-2;e04@2-4;e07@4-6;e12@6-8,P2@0;J2@2;J3@4;P3@6;P6@8,8.0,8.0,2,1.0,6.0,2,0,0,1,17.0
P2__P7__path_1,P2,P7,path_1,1,dijkstra_time+dijkstra_total+k_shortest_total,P2->P1->P4->P7,e08->e10->e15,e08@0-2;e10@2-4;e15@4-6,P2@0;P1@2;P4@4;P7@6,6.0,6.0,1,0.5,4.0,1,0,0,1,11.5
P2__P7__path_2,P2,P7,path_2,2,k_shortest_total,P2->P5->P4->P7,e11->e13->e15,e11@0-2;e13@2-4;e15@4-6,P2@0;P5@2;P4@4;P7@6,6.0,6.0,2,1.0,5.0,2,0,0,1,14.0
P2__P7__path_3,P2,P7,path_3,3,k_shortest_total,P2->P3->P6->P9->P8->P7,e09->e12->e17->e19->e18,e09@0-2;e12@2-4;e17@4-6;e19@6-8;e18@8-10,P2@0;P3@2;P6@4;P9@6;P8@8;P7@10,10.0,10.0,2,1.0,6.0,1,0,0,1,18.0
P2__P8__path_1,P2,P8,path_1,1,dijkstra_time+dijkstra_total+k_shortest_total,P2->P5->P8,e11->e16,e11@0-2;e16@2-4,P2@0;P5@2;P8@4,4.0,4.0,0,0.0,6.0,1,1,1,1,14.0
P2__P8__path_2,P2,P8,path_2,2,k_shortest_total,P2->P1->P4->P7->P8,e08->e10->e15->e18,e08@0-2;e10@2-4;e15@4-6;e18@6-8,P2@0;P1@2;P4@4;P7@6;P8@8,8.0,8.0,2,1.0,5.0,1,0,0,1,15.0
P2__P8__path_3,P2,P8,path_3,3,k_shortest_total,P2->P3->P6->P9->P8,e09->e12->e17->e19,e09@0-2;e12@2-4;e17@4-6;e19@6-8,P2@0;P3@2;P6@4;P9@6;P8@8,8.0,8.0,2,1.0,5.0,1,0,0,1,15.0
P2__P9__path_1,P2,P9,path_1,1,dijkstra_time+dijkstra_total+k_shortest_total,P2->P3->P6->P9,e09->e12->e17,e09@0-2;e12@2-4;e17@4-6,P2@0;P3@2;P6@4;P9@6,6.0,6.0,1,0.5,4.0,1,0,0,1,11.5
P2__P9__path_2,P2,P9,path_2,2,k_shortest_total,P2->P5->P6->P9,e11->e14->e17,e11@0-2;e14@2-4;e17@4-6,P2@0;P5@2;P6@4;P9@6,6.0,6.0,2,1.0,5.0,2,0,0,1,14.0
P2__P9__path_3,P2,P9,path_3,3,k_shortest_total,P2->P1->P4->P7->P8->P9,e08->e10->e15->e18->e19,e08@0-2;e10@2-4;e15@4-6;e18@6-8;e19@8-10,P2@0;P1@2;P4@4;P7@6;P8@8;P9@10,10.0,10.0,2,1.0,6.0,1,0,0,1,18.0
P2__SORT1__path_1,P2,SORT1,path_1,1,dijkstra_total+k_shortest_total,P2->P1->P4->P7->SORT1,e08->e10->e15->e20,e08@0-2;e10@2-4;e15@4-6;e20@6-9,P2@0;P1@2;P4@4;P7@6;SORT1@9,8.2,9.0,2,1.0,5.0,1,0,0,1,16.0
P2__SORT1__path_2,P2,SORT1,path_2,2,dijkstra_time,P2->P5->P8->SORT1,e11->e16->e21,e11@0-2;e16@2-4;e21@4-7,P2@0;P5@2;P8@4;SORT1@7,6.2,7.0,1,0.5,7.0,1,1,1,1,18.5
P2__SORT1__path_3,P2,SORT1,path_3,3,k_shortest_total,P2->P5->P4->P7->SORT1,e11->e13->e15->e20,e11@0-2;e13@2-4;e15@4-6;e20@6-9,P2@0;P5@2;P4@4;P7@6;SORT1@9,8.2,9.0,3,1.5,6.0,2,0,0,1,18.5
P2__SORT1__path_4,P2,SORT1,path_4,4,k_shortest_total,P2->P1->P4->P7->P8->SORT1,e08->e10->e15->e18->e21,e08@0-2;e10@2-4;e15@4-6;e18@6-8;e21@8-11,P2@0;P1@2;P4@4;P7@6;P8@8;SORT1@11,10.2,11.0,3,1.5,6.0,1,0,0,1,19.5
P2__SORT2__path_1,P2,SORT2,path_1,1,dijkstra_total+k_shortest_total,P2->P3->P6->P9->SORT2,e09->e12->e17->e23,e09@0-2;e12@2-4;e17@4-6;e23@6-9,P2@0;P3@2;P6@4;P9@6;SORT2@9,8.2,9.0,2,1.0,5.0,1,0,0,1,16.0
P2__SORT2__path_2,P2,SORT2,path_2,2,dijkstra_time,P2->P5->P8->SORT2,e11->e16->e22,e11@0-2;e16@2-4;e22@4-7,P2@0;P5@2;P8@4;SORT2@7,6.2,7.0,1,0.5,7.0,1,1,1,1,18.5
P2__SORT2__path_3,P2,SORT2,path_3,3,k_shortest_total,P2->P5->P6->P9->SORT2,e11->e14->e17->e23,e11@0-2;e14@2-4;e17@4-6;e23@6-9,P2@0;P5@2;P6@4;P9@6;SORT2@9,8.2,9.0,3,1.5,6.0,2,0,0,1,18.5
P2__SORT2__path_4,P2,SORT2,path_4,4,k_shortest_total,P2->P3->P6->P9->P8->SORT2,e09->e12->e17->e19->e22,e09@0-2;e12@2-4;e17@4-6;e19@6-8;e22@8-11,P2@0;P3@2;P6@4;P9@6;P8@8;SORT2@11,10.2,11.0,3,1.5,6.0,1,0,0,1,19.5
P2__OUT1__path_1,P2,OUT1,path_1,1,dijkstra_total+k_shortest_total,P2->P1->P4->P7->SORT1->OUT1,e08->e10->e15->e20->e24,e08@0-2;e10@2-4;e15@4-6;e20@6-9;e24@9-11,P2@0;P1@2;P4@4;P7@6;SORT1@9;OUT1@11,10.2,11.0,3,1.5,6.0,1,0,0,1,19.5
P2__OUT1__path_2,P2,OUT1,path_2,2,dijkstra_time,P2->P5->P8->SORT1->OUT1,e11->e16->e21->e24,e11@0-2;e16@2-4;e21@4-7;e24@7-9,P2@0;P5@2;P8@4;SORT1@7;OUT1@9,8.2,9.0,2,1.0,8.0,1,1,1,1,22.0
P2__OUT1__path_3,P2,OUT1,path_3,3,k_shortest_total,P2->P5->P4->P7->SORT1->OUT1,e11->e13->e15->e20->e24,e11@0-2;e13@2-4;e15@4-6;e20@6-9;e24@9-11,P2@0;P5@2;P4@4;P7@6;SORT1@9;OUT1@11,10.2,11.0,4,2.0,7.0,2,0,0,1,22.0
P2__OUT1__path_4,P2,OUT1,path_4,4,k_shortest_total,P2->P1->P4->P7->P8->SORT1->OUT1,e08->e10->e15->e18->e21->e24,e08@0-2;e10@2-4;e15@4-6;e18@6-8;e21@8-11;e24@11-13,P2@0;P1@2;P4@4;P7@6;P8@8;SORT1@11;OUT1@13,12.2,13.0,4,2.0,7.0,1,0,0,1,23.0
P2__OUT2__path_1,P2,OUT2,path_1,1,dijkstra_total+k_shortest_total,P2->P3->P6->P9->SORT2->OUT2,e09->e12->e17->e23->e25,e09@0-2;e12@2-4;e17@4-6;e23@6-9;e25@9-11,P2@0;P3@2;P6@4;P9@6;SORT2@9;OUT2@11,10.2,11.0,3,1.5,6.0,1,0,0,1,19.5
P2__OUT2__path_2,P2,OUT2,path_2,2,dijkstra_time,P2->P5->P8->SORT2->OUT2,e11->e16->e22->e25,e11@0-2;e16@2-4;e22@4-7;e25@7-9,P2@0;P5@2;P8@4;SORT2@7;OUT2@9,8.2,9.0,2,1.0,8.0,1,1,1,1,22.0
P2__OUT2__path_3,P2,OUT2,path_3,3,k_shortest_total,P2->P5->P6->P9->SORT2->OUT2,e11->e14->e17->e23->e25,e11@0-2;e14@2-4;e17@4-6;e23@6-9;e25@9-11,P2@0;P5@2;P6@4;P9@6;SORT2@9;OUT2@11,10.2,11.0,4,2.0,7.0,2,0,0,1,22.0
P2__OUT2__path_4,P2,OUT2,path_4,4,k_shortest_total,P2->P3->P6->P9->P8->SORT2->OUT2,e09->e12->e17->e19->e22->e25,e09@0-2;e12@2-4;e17@4-6;e19@6-8;e22@8-11;e25@11-13,P2@0;P3@2;P6@4;P9@6;P8@8;SORT2@11;OUT2@13,12.2,13.0,4,2.0,7.0,1,0,0,1,23.0
P2__CHG1__path_1,P2,CHG1,path_1,1,dijkstra_total+k_shortest_total,P2->P1->J1->CHG1,e08->e05->e26,e08@0-2;e05@2-4;e26@4-6,P2@0;P1@2;J1@4;CHG1@6,5.4,6.0,2,1.0,3.0,0,0,0,1,10.0
P2__CHG1__path_2,P2,CHG1,path_2,2,dijkstra_time+k_shortest_total,P2->J2->J1->CHG1,e06->e03->e26,e06@0-2;e03@2-4;e26@4-6,P2@0;J2@2;J1@4;CHG1@6,5.4,6.0,2,1.0,4.0,1,0,0,1,12.0
P2__CHG1__path_3,P2,CHG1,path_3,3,k_shortest_total,P2->P3->J3->J2->J1->CHG1,e09->e07->e04->e03->e26,e09@0-2;e07@2-4;e04@4-6;e03@6-8;e26@8-10,P2@0;P3@2;J3@4;J2@6;J1@8;CHG1@10,9.4,10.0,3,1.5,5.0,0,0,0,1,16.5
P2__CHG2__path_1,P2,CHG2,path_1,1,dijkstra_time+dijkstra_total+k_shortest_total,P2->P1->P4->P7->CHG2,e08->e10->e15->e27,e08@0-2;e10@2-4;e15@4-6;e27@6-8,P2@0;P1@2;P4@4;P7@6;CHG2@8,7.4,8.0,2,1.0,5.0,1,0,0,1,15.0
P2__CHG2__path_2,P2,CHG2,path_2,2,k_shortest_total,P2->P5->P4->P7->CHG2,e11->e13->e15->e27,e11@0-2;e13@2-4;e15@4-6;e27@6-8,P2@0;P5@2;P4@4;P7@6;CHG2@8,7.4,8.0,3,1.5,6.0,2,0,0,1,17.5
P2__CHG2__path_3,P2,CHG2,path_3,3,k_shortest_total,P2->P3->P6->P9->P8->P7->CHG2,e09->e12->e17->e19->e18->e27,e09@0-2;e12@2-4;e17@4-6;e19@6-8;e18@8-10;e27@10-12,P2@0;P3@2;P6@4;P9@6;P8@8;P7@10;CHG2@12,11.4,12.0,3,1.5,7.0,1,0,0,1,21.5
P3__IN1__path_1,P3,IN1,path_1,1,k_shortest_total,P3->P2->P1->J1->IN1,e09->e08->e05->e01,e09@0-2;e08@2-4;e05@4-6;e01@6-8,P3@0;P2@2;P1@4;J1@6;IN1@8,8.0,8.0,1,0.5,4.0,0,0,0,2,12.5
P3__IN1__path_2,P3,IN1,path_2,2,dijkstra_time+dijkstra_total+k_shortest_total,P3->J3->J2->J1->IN1,e07->e04->e03->e01,e07@0-2;e04@2-4;e03@4-6;e01@6-8,P3@0;J3@2;J2@4;J1@6;IN1@8,8.0,8.0,2,1.0,4.0,0,0,0,2,13.0
P3__IN1__path_3,P3,IN1,path_3,3,k_shortest_total,P3->P2->J2->J1->IN1,e09->e06->e03->e01,e09@0-2;e06@2-4;e03@4-6;e01@6-8,P3@0;P2@2;J2@4;J1@6;IN1@8,8.0,8.0,3,1.5,5.0,1,0,0,1,15.5
P3__IN2__path_1,P3,IN2,path_1,1,dijkstra_time+dijkstra_total+k_shortest_total,P3->J3->IN2,e07->e02,e07@0-2;e02@2-4,P3@0;J3@2;IN2@4,4.0,4.0,0,0.0,2.0,0,0,0,2,6.0
P3__IN2__path_2,P3,IN2,path_2,2,k_shortest_total,P3->P2->J2->J3->IN2,e09->e06->e04->e02,e09@0-2;e06@2-4;e04@4-6;e02@6-8,P3@0;P2@2;J2@4;J3@6;IN2@8,8.0,8.0,3,1.5,5.0,1,0,0,1,15.5
P3__IN2__path_3,P3,IN2,path_3,3,k_shortest_total,P3->P2->P1->J1->J2->J3->IN2,e09->e08->e05->e03->e04->e02,e09@0-2;e08@2-4;e05@4-6;e03@6-8;e04@8-10;e02@10-12,P3@0;P2@2;P1@4;J1@6;J2@8;J3@10;IN2@12,12.0,12.0,3,1.5,6.0,0,0,0,2,19.5
P3__P1__path_1,P3,P1,path_1,1,dijkstra_time+dijkstra_total+k_shortest_total,P3->P2->P1,e09->e08,e09@0-2;e08@2-4,P3@0;P2@2;P1@4,4.0,4.0,0,0.0,2.0,0,0,0,2,6.0
P3__P1__path_2,P3,P1,path_2,2,k_shortest_total,P3->J3->J2->J1->P1,e07->e04->e03->e05,e07@0-2;e04@2-4;e03@4-6;e05@6-8,P3@0;J3@2;J2@4;J1@6;P1@8,8.0,8.0,2,1.0,4.0,0,0,0,2,13.0
P3__P1__path_3,P3,P1,path_3,3,k_shortest_total,P3->P2->J2->J1->P1,e09->e06->e03->e05,e09@0-2;e06@2-4;e03@4-6;e05@6-8,P3@0;P2@2;J2@4;J1@6;P1@8,8.0,8.0,3,1.5,5.0,1,0,0,1,15.5
P3__P2__path_1,P3,P2,path_1,1,dijkstra_time+dijkstra_total+k_shortest_total,P3->P2,e09,e09@0-2,P3@0;P2@2,2.0,2.0,0,0.0,1.0,0,0,0,2,3.0
P3__P2__path_2,P3,P2,path_2,2,k_shortest_total,P3->J3->J2->P2,e07->e04->e06,e07@0-2;e04@2-4;e06@4-6,P3@0;J3@2;J2@4;P2@6,6.0,6.0,2,1.0,4.0,1,0,0,1,12.0
P3__P2__path_3,P3,P2,path_3,3,k_shortest_total,P3->P6->P5->P2,e12->e14->e11,e12@0-2;e14@2-4;e11@4-6,P3@0;P6@2;P5@4;P2@6,6.0,6.0,2,1.0,6.0,3,0,0,1,16.0
P3__P4__path_1,P3,P4,path_1,1,dijkstra_time+dijkstra_total+k_shortest_total,P3->P2->P1->P4,e09->e08->e10,e09@0-2;e08@2-4;e10@4-6,P3@0;P2@2;P1@4;P4@6,6.0,6.0,1,0.5,4.0,1,0,0,1,11.5
P3__P4__path_2,P3,P4,path_2,2,k_shortest_total,P3->P2->P5->P4,e09->e11->e13,e09@0-2;e11@2-4;e13@4-6,P3@0;P2@2;P5@4;P4@6,6.0,6.0,2,1.0,5.0,2,0,0,1,14.0
P3__P4__path_3,P3,P4,path_3,3,k_shortest_total,P3->P6->P5->P4,e12->e14->e13,e12@0-2;e14@2-4;e13@4-6,P3@0;P6@2;P5@4;P4@6,6.0,6.0,1,0.5,6.0,3,0,0,1,15.5
P3__P5__path_1,P3,P5,path_1,1,dijkstra_time+dijkstra_total+k_shortest_total,P3->P2->P5,e09->e11,e09@0-2;e11@2-4,P3@0;P2@2;P5@4,4.0,4.0,1,0.5,3.0,1,0,0,1,8.5
P3__P5__path_2,P3,P5,path_2,2,k_shortest_total,P3->P6->P5,e12->e14,e12@0-2;e14@2-4,P3@0;P6@2;P5@4,4.0,4.0,1,0.5,4.0,2,0,0,1,10.5
P3__P5__path_3,P3,P5,path_3,3,k_shortest_total,P3->P2->P1->P4->P5,e09->e08->e10->e13,e09@0-2;e08@2-4;e10@4-6;e13@6-8,P3@0;P2@2;P1@4;P4@6;P5@8,8.0,8.0,2,1.0,6.0,2,0,0,1,17.0
P3__P6__path_1,P3,P6,path_1,1,dijkstra_time+dijkstra_total+k_shortest_total,P3->P6,e12,e12@0-2,P3@0;P6@2,2.0,2.0,0,0.0,2.0,1,0,0,1,5.0
P3__P6__path_2,P3,P6,path_2,2,k_shortest_total,P3->P2->P5->P6,e09->e11->e14,e09@0-2;e11@2-4;e14@4-6,P3@0;P2@2;P5@4;P6@6,6.0,6.0,2,1.0,5.0,2,0,0,1,14.0
P3__P6__path_3,P3,P6,path_3,3,k_shortest_total,P3->J3->J2->P2->P5->P6,e07->e04->e06->e11->e14,e07@0-2;e04@2-4;e06@4-6;e11@6-8;e14@8-10,P3@0;J3@2;J2@4;P2@6;P5@8;P6@10,10.0,10.0,3,1.5,8.0,3,0,0,1,22.5
P3__P7__path_1,P3,P7,path_1,1,dijkstra_time+dijkstra_total+k_shortest_total,P3->P2->P1->P4->P7,e09->e08->e10->e15,e09@0-2;e08@2-4;e10@4-6;e15@6-8,P3@0;P2@2;P1@4;P4@6;P7@8,8.0,8.0,1,0.5,5.0,1,0,0,1,14.5
P3__P7__path_2,P3,P7,path_2,2,k_shortest_total,P3->P6->P9->P8->P7,e12->e17->e19->e18,e12@0-2;e17@2-4;e19@4-6;e18@6-8,P3@0;P6@2;P9@4;P8@6;P7@8,8.0,8.0,1,0.5,5.0,1,0,0,1,14.5
P3__P7__path_3,P3,P7,path_3,3,k_shortest_total,P3->P2->P5->P4->P7,e09->e11->e13->e15,e09@0-2;e11@2-4;e13@4-6;e15@6-8,P3@0;P2@2;P5@4;P4@6;P7@8,8.0,8.0,3,1.5,6.0,2,0,0,1,17.5
P3__P8__path_1,P3,P8,path_1,1,dijkstra_total+k_shortest_total,P3->P6->P9->P8,e12->e17->e19,e12@0-2;e17@2-4;e19@4-6,P3@0;P6@2;P9@4;P8@6,6.0,6.0,1,0.5,4.0,1,0,0,1,11.5
P3__P8__path_2,P3,P8,path_2,2,k_shortest_total,P3->P6->P9->SORT2->P8,e12->e17->e23->e22,e12@0-2;e17@2-4;e23@4-7;e22@7-10,P3@0;P6@2;P9@4;SORT2@7;P8@10,8.4,10.0,2,1.0,5.0,1,0,0,1,17.0
P3__P8__path_3,P3,P8,path_3,3,dijkstra_time+k_shortest_total,P3->P2->P5->P8,e09->e11->e16,e09@0-2;e11@2-4;e16@4-6,P3@0;P2@2;P5@4;P8@6,6.0,6.0,1,0.5,7.0,1,1,1,1,17.5
P3__P9__path_1,P3,P9,path_1,1,dijkstra_time+dijkstra_total+k_shortest_total,P3->P6->P9,e12->e17,e12@0-2;e17@2-4,P3@0;P6@2;P9@4,4.0,4.0,0,0.0,3.0,1,0,0,1,8.0
P3__P9__path_2,P3,P9,path_2,2,k_shortest_total,P3->P2->P5->P6->P9,e09->e11->e14->e17,e09@0-2;e11@2-4;e14@4-6;e17@6-8,P3@0;P2@2;P5@4;P6@6;P9@8,8.0,8.0,3,1.5,6.0,2,0,0,1,17.5
P3__P9__path_3,P3,P9,path_3,3,k_shortest_total,P3->P2->P1->P4->P7->P8->P9,e09->e08->e10->e15->e18->e19,e09@0-2;e08@2-4;e10@4-6;e15@6-8;e18@8-10;e19@10-12,P3@0;P2@2;P1@4;P4@6;P7@8;P8@10;P9@12,12.0,12.0,2,1.0,7.0,1,0,0,1,21.0
P3__SORT1__path_1,P3,SORT1,path_1,1,dijkstra_total+k_shortest_total,P3->P6->P9->P8->SORT1,e12->e17->e19->e21,e12@0-2;e17@2-4;e19@4-6;e21@6-9,P3@0;P6@2;P9@4;P8@6;SORT1@9,8.2,9.0,2,1.0,5.0,1,0,0,1,16.0
P3__SORT1__path_2,P3,SORT1,path_2,2,k_shortest_total,P3->P2->P1->P4->P7->SORT1,e09->e08->e10->e15->e20,e09@0-2;e08@2-4;e10@4-6;e15@6-8;e20@8-11,P3@0;P2@2;P1@4;P4@6;P7@8;SORT1@11,10.2,11.0,2,1.0,6.0,1,0,0,1,19.0
P3__SORT1__path_3,P3,SORT1,path_3,3,k_shortest_total,P3->P6->P9->P8->P7->SORT1,e12->e17->e19->e18->e20,e12@0-2;e17@2-4;e19@4-6;e18@6-8;e20@8-11,P3@0;P6@2;P9@4;P8@6;P7@8;SORT1@11,10.2,11.0,2,1.0,6.0,1,0,0,1,19.0
P3__SORT1__path_4,P3,SORT1,path_4,4,dijkstra_time,P3->P2->P5->P8->SORT1,e09->e11->e16->e21,e09@0-2;e11@2-4;e16@4-6;e21@6-9,P3@0;P2@2;P5@4;P8@6;SORT1@9,8.2,9.0,2,1.0,8.0,1,1,1,1,22.0
P3__SORT2__path_1,P3,SORT2,path_1,1,dijkstra_time+dijkstra_total+k_shortest_total,P3->P6->P9->SORT2,e12->e17->e23,e12@0-2;e17@2-4;e23@4-7,P3@0;P6@2;P9@4;SORT2@7,6.2,7.0,1,0.5,4.0,1,0,0,1,12.5
P3__SORT2__path_2,P3,SORT2,path_2,2,k_shortest_total,P3->P6->P9->P8->SORT2,e12->e17->e19->e22,e12@0-2;e17@2-4;e19@4-6;e22@6-9,P3@0;P6@2;P9@4;P8@6;SORT2@9,8.2,9.0,2,1.0,5.0,1,0,0,1,16.0
P3__SORT2__path_3,P3,SORT2,path_3,3,k_shortest_total,P3->P2->P5->P6->P9->SORT2,e09->e11->e14->e17->e23,e09@0-2;e11@2-4;e14@4-6;e17@6-8;e23@8-11,P3@0;P2@2;P5@4;P6@6;P9@8;SORT2@11,10.2,11.0,4,2.0,7.0,2,0,0,1,22.0
P3__OUT1__path_1,P3,OUT1,path_1,1,dijkstra_total+k_shortest_total,P3->P6->P9->P8->SORT1->OUT1,e12->e17->e19->e21->e24,e12@0-2;e17@2-4;e19@4-6;e21@6-9;e24@9-11,P3@0;P6@2;P9@4;P8@6;SORT1@9;OUT1@11,10.2,11.0,3,1.5,6.0,1,0,0,1,19.5
P3__OUT1__path_2,P3,OUT1,path_2,2,k_shortest_total,P3->P2->P1->P4->P7->SORT1->OUT1,e09->e08->e10->e15->e20->e24,e09@0-2;e08@2-4;e10@4-6;e15@6-8;e20@8-11;e24@11-13,P3@0;P2@2;P1@4;P4@6;P7@8;SORT1@11;OUT1@13,12.2,13.0,3,1.5,7.0,1,0,0,1,22.5
P3__OUT1__path_3,P3,OUT1,path_3,3,k_shortest_total,P3->P6->P9->P8->P7->SORT1->OUT1,e12->e17->e19->e18->e20->e24,e12@0-2;e17@2-4;e19@4-6;e18@6-8;e20@8-11;e24@11-13,P3@0;P6@2;P9@4;P8@6;P7@8;SORT1@11;OUT1@13,12.2,13.0,3,1.5,7.0,1,0,0,1,22.5
P3__OUT1__path_4,P3,OUT1,path_4,4,dijkstra_time,P3->P2->P5->P8->SORT1->OUT1,e09->e11->e16->e21->e24,e09@0-2;e11@2-4;e16@4-6;e21@6-9;e24@9-11,P3@0;P2@2;P5@4;P8@6;SORT1@9;OUT1@11,10.2,11.0,3,1.5,9.0,1,1,1,1,25.5
P3__OUT2__path_1,P3,OUT2,path_1,1,dijkstra_time+dijkstra_total+k_shortest_total,P3->P6->P9->SORT2->OUT2,e12->e17->e23->e25,e12@0-2;e17@2-4;e23@4-7;e25@7-9,P3@0;P6@2;P9@4;SORT2@7;OUT2@9,8.2,9.0,2,1.0,5.0,1,0,0,1,16.0
P3__OUT2__path_2,P3,OUT2,path_2,2,k_shortest_total,P3->P6->P9->P8->SORT2->OUT2,e12->e17->e19->e22->e25,e12@0-2;e17@2-4;e19@4-6;e22@6-9;e25@9-11,P3@0;P6@2;P9@4;P8@6;SORT2@9;OUT2@11,10.2,11.0,3,1.5,6.0,1,0,0,1,19.5
P3__OUT2__path_3,P3,OUT2,path_3,3,k_shortest_total,P3->P2->P5->P6->P9->SORT2->OUT2,e09->e11->e14->e17->e23->e25,e09@0-2;e11@2-4;e14@4-6;e17@6-8;e23@8-11;e25@11-13,P3@0;P2@2;P5@4;P6@6;P9@8;SORT2@11;OUT2@13,12.2,13.0,5,2.5,8.0,2,0,0,1,25.5
P3__CHG1__path_1,P3,CHG1,path_1,1,dijkstra_time+dijkstra_total+k_shortest_total,P3->J3->J2->J1->CHG1,e07->e04->e03->e26,e07@0-2;e04@2-4;e03@4-6;e26@6-8,P3@0;J3@2;J2@4;J1@6;CHG1@8,7.4,8.0,2,1.0,4.0,0,0,0,1,13.0
P3__CHG1__path_2,P3,CHG1,path_2,2,k_shortest_total,P3->P2->P1->J1->CHG1,e09->e08->e05->e26,e09@0-2;e08@2-4;e05@4-6;e26@6-8,P3@0;P2@2;P1@4;J1@6;CHG1@8,7.4,8.0,2,1.0,4.0,0,0,0,1,13.0
P3__CHG1__path_3,P3,CHG1,path_3,3,k_shortest_total,P3->P2->J2->J1->CHG1,e09->e06->e03->e26,e09@0-2;e06@2-4;e03@4-6;e26@6-8,P3@0;P2@2;J2@4;J1@6;CHG1@8,7.4,8.0,3,1.5,5.0,1,0,0,1,15.5
P3__CHG2__path_1,P3,CHG2,path_1,1,dijkstra_time+dijkstra_total+k_shortest_total,P3->P2->P1->P4->P7->CHG2,e09->e08->e10->e15->e27,e09@0-2;e08@2-4;e10@4-6;e15@6-8;e27@8-10,P3@0;P2@2;P1@4;P4@6;P7@8;CHG2@10,9.4,10.0,2,1.0,6.0,1,0,0,1,18.0
P3__CHG2__path_2,P3,CHG2,path_2,2,k_shortest_total,P3->P6->P9->P8->P7->CHG2,e12->e17->e19->e18->e27,e12@0-2;e17@2-4;e19@4-6;e18@6-8;e27@8-10,P3@0;P6@2;P9@4;P8@6;P7@8;CHG2@10,9.4,10.0,2,1.0,6.0,1,0,0,1,18.0
P3__CHG2__path_3,P3,CHG2,path_3,3,k_shortest_total,P3->P2->P5->P4->P7->CHG2,e09->e11->e13->e15->e27,e09@0-2;e11@2-4;e13@4-6;e15@6-8;e27@8-10,P3@0;P2@2;P5@4;P4@6;P7@8;CHG2@10,9.4,10.0,4,2.0,7.0,2,0,0,1,21.0
P4__IN1__path_1,P4,IN1,path_1,1,dijkstra_time+dijkstra_total+k_shortest_total,P4->P1->J1->IN1,e10->e05->e01,e10@0-2;e05@2-4;e01@4-6,P4@0;P1@2;J1@4;IN1@6,6.0,6.0,0,0.0,4.0,1,0,0,1,11.0
P4__IN1__path_2,P4,IN1,path_2,2,k_shortest_total,P4->P5->P2->P1->J1->IN1,e13->e11->e08->e05->e01,e13@0-2;e11@2-4;e08@4-6;e05@6-8;e01@8-10,P4@0;P5@2;P2@4;P1@6;J1@8;IN1@10,10.0,10.0,3,1.5,7.0,2,0,0,1,20.5
P4__IN1__path_3,P4,IN1,path_3,3,k_shortest_total,P4->P1->P2->J2->J1->IN1,e10->e08->e06->e03->e01,e10@0-2;e08@2-4;e06@4-6;e03@6-8;e01@8-10,P4@0;P1@2;P2@4;J2@6;J1@8;IN1@10,10.0,10.0,4,2.0,7.0,2,0,0,1,21.0
P4__IN2__path_1,P4,IN2,path_1,1,dijkstra_time+dijkstra_total+k_shortest_total,P4->P1->J1->J2->J3->IN2,e10->e05->e03->e04->e02,e10@0-2;e05@2-4;e03@4-6;e04@6-8;e02@8-10,P4@0;P1@2;J1@4;J2@6;J3@8;IN2@10,10.0,10.0,2,1.0,6.0,1,0,0,1,18.0
P4__IN2__path_2,P4,IN2,path_2,2,k_shortest_total,P4->P1->P2->P3->J3->IN2,e10->e08->e09->e07->e02,e10@0-2;e08@2-4;e09@4-6;e07@6-8;e02@8-10,P4@0;P1@2;P2@4;P3@6;J3@8;IN2@10,10.0,10.0,2,1.0,6.0,1,0,0,1,18.0
P4__IN2__path_3,P4,IN2,path_3,3,k_shortest_total,P4->P5->P2->P3->J3->IN2,e13->e11->e09->e07->e02,e13@0-2;e11@2-4;e09@4-6;e07@6-8;e02@8-10,P4@0;P5@2;P2@4;P3@6;J3@8;IN2@10,10.0,10.0,3,1.5,7.0,2,0,0,1,20.5
P4__P1__path_1,P4,P1,path_1,1,dijkstra_time+dijkstra_total+k_shortest_total,P4->P1,e10,e10@0-2,P4@0;P1@2,2.0,2.0,0,0.0,2.0,1,0,0,1,5.0
P4__P1__path_2,P4,P1,path_2,2,k_shortest_total,P4->P5->P2->P1,e13->e11->e08,e13@0-2;e11@2-4;e08@4-6,P4@0;P5@2;P2@4;P1@6,6.0,6.0,2,1.0,5.0,2,0,0,1,14.0
P4__P1__path_3,P4,P1,path_3,3,k_shortest_total,P4->P5->P6->P3->P2->P1,e13->e14->e12->e09->e08,e13@0-2;e14@2-4;e12@4-6;e09@6-8;e08@8-10,P4@0;P5@2;P6@4;P3@6;P2@8;P1@10,10.0,10.0,2,1.0,8.0,3,0,0,1,22.0
P4__P2__path_1,P4,P2,path_1,1,dijkstra_time+dijkstra_total+k_shortest_total,P4->P1->P2,e10->e08,e10@0-2;e08@2-4,P4@0;P1@2;P2@4,4.0,4.0,1,0.5,3.0,1,0,0,1,8.5
P4__P2__path_2,P4,P2,path_2,2,k_shortest_total,P4->P5->P2,e13->e11,e13@0-2;e11@2-4,P4@0;P5@2;P2@4,4.0,4.0,1,0.5,4.0,2,0,0,1,10.5
P4__P2__path_3,P4,P2,path_3,3,k_shortest_total,P4->P1->J1->J2->P2,e10->e05->e03->e06,e10@0-2;e05@2-4;e03@4-6;e06@6-8,P4@0;P1@2;J1@4;J2@6;P2@8,8.0,8.0,2,1.0,6.0,2,0,0,1,17.0
P4__P3__path_1,P4,P3,path_1,1,dijkstra_time+dijkstra_total+k_shortest_total,P4->P1->P2->P3,e10->e08->e09,e10@0-2;e08@2-4;e09@4-6,P4@0;P1@2;P2@4;P3@6,6.0,6.0,1,0.5,4.0,1,0,0,1,11.5
P4__P3__path_2,P4,P3,path_2,2,k_shortest_total,P4->P5->P2->P3,e13->e11->e09,e13@0-2;e11@2-4;e09@4-6,P4@0;P5@2;P2@4;P3@6,6.0,6.0,2,1.0,5.0,2,0,0,1,14.0
P4__P3__path_3,P4,P3,path_3,3,k_shortest_total,P4->P5->P6->P3,e13->e14->e12,e13@0-2;e14@2-4;e12@4-6,P4@0;P5@2;P6@4;P3@6,6.0,6.0,1,0.5,6.0,3,0,0,1,15.5
P4__P5__path_1,P4,P5,path_1,1,dijkstra_time+dijkstra_total+k_shortest_total,P4->P5,e13,e13@0-2,P4@0;P5@2,2.0,2.0,0,0.0,2.0,1,0,0,1,5.0
P4__P5__path_2,P4,P5,path_2,2,k_shortest_total,P4->P1->P2->P5,e10->e08->e11,e10@0-2;e08@2-4;e11@4-6,P4@0;P1@2;P2@4;P5@6,6.0,6.0,2,1.0,5.0,2,0,0,1,14.0
P4__P5__path_3,P4,P5,path_3,3,k_shortest_total,P4->P7->P8->P5,e15->e18->e16,e15@0-2;e18@2-4;e16@4-6,P4@0;P7@2;P8@4;P5@6,6.0,6.0,2,1.0,6.0,0,1,1,1,16.0
P4__P6__path_1,P4,P6,path_1,1,dijkstra_time+dijkstra_total+k_shortest_total,P4->P5->P6,e13->e14,e13@0-2;e14@2-4,P4@0;P5@2;P6@4,4.0,4.0,0,0.0,4.0,2,0,0,1,10.0
P4__P6__path_2,P4,P6,path_2,2,k_shortest_total,P4->P7->P8->P9->P6,e15->e18->e19->e17,e15@0-2;e18@2-4;e19@4-6;e17@6-8,P4@0;P7@2;P8@4;P9@6;P6@8,8.0,8.0,2,1.0,4.0,0,0,0,2,13.0
P4__P6__path_3,P4,P6,path_3,3,k_shortest_total,P4->P1->P2->P3->P6,e10->e08->e09->e12,e10@0-2;e08@2-4;e09@4-6;e12@6-8,P4@0;P1@2;P2@4;P3@6;P6@8,8.0,8.0,2,1.0,6.0,2,0,0,1,17.0
P4__P7__path_1,P4,P7,path_1,1,dijkstra_time+dijkstra_total+k_shortest_total,P4->P7,e15,e15@0-2,P4@0;P7@2,2.0,2.0,0,0.0,1.0,0,0,0,2,3.0
P4__P7__path_2,P4,P7,path_2,2,k_shortest_total,P4->P5->P8->P7,e13->e16->e18,e13@0-2;e16@2-4;e18@4-6,P4@0;P5@2;P8@4;P7@6,6.0,6.0,2,1.0,7.0,1,1,1,1,18.0
P4__P7__path_3,P4,P7,path_3,3,k_shortest_total,P4->P5->P6->P9->P8->P7,e13->e14->e17->e19->e18,e13@0-2;e14@2-4;e17@4-6;e19@6-8;e18@8-10,P4@0;P5@2;P6@4;P9@6;P8@8;P7@10,10.0,10.0,2,1.0,7.0,2,0,0,1,20.0
P4__P8__path_1,P4,P8,path_1,1,dijkstra_total+k_shortest_total,P4->P7->P8,e15->e18,e15@0-2;e18@2-4,P4@0;P7@2;P8@4,4.0,4.0,1,0.5,2.0,0,0,0,2,6.5
P4__P8__path_2,P4,P8,path_2,2,k_shortest_total,P4->P7->SORT1->P8,e15->e20->e21,e15@0-2;e20@2-5;e21@5-8,P4@0;P7@2;SORT1@5;P8@8,6.4,8.0,2,1.0,3.0,0,0,0,2,12.0
P4__P8__path_3,P4,P8,path_3,3,dijkstra_time+k_shortest_total,P4->P5->P8,e13->e16,e13@0-2;e16@2-4,P4@0;P5@2;P8@4,4.0,4.0,1,0.5,6.0,1,1,1,1,14.5
P4__P9__path_1,P4,P9,path_1,1,dijkstra_total+k_shortest_total,P4->P7->P8->P9,e15->e18->e19,e15@0-2;e18@2-4;e19@4-6,P4@0;P7@2;P8@4;P9@6,6.0,6.0,1,0.5,3.0,0,0,0,2,9.5
P4__P9__path_2,P4,P9,path_2,2,dijkstra_time+k_shortest_total,P4->P5->P6->P9,e13->e14->e17,e13@0-2;e14@2-4;e17@4-6,P4@0;P5@2;P6@4;P9@6,6.0,6.0,1,0.5,5.0,2,0,0,1,13.5
P4__P9__path_3,P4,P9,path_3,3,k_shortest_total,P4->P7->SORT1->P8->P9,e15->e20->e21->e19,e15@0-2;e20@2-5;e21@5-8;e19@8-10,P4@0;P7@2;SORT1@5;P8@8;P9@10,8.4,10.0,3,1.5,4.0,0,0,0,2,15.5
P4__SORT1__path_1,P4,SORT1,path_1,1,dijkstra_time+dijkstra_total+k_shortest_total,P4->P7->SORT1,e15->e20,e15@0-2;e20@2-5,P4@0;P7@2;SORT1@5,4.2,5.0,1,0.5,2.0,0,0,0,2,7.5
P4__SORT1__path_2,P4,SORT1,path_2,2,k_shortest_total,P4->P7->P8->SORT1,e15->e18->e21,e15@0-2;e18@2-4;e21@4-7,P4@0;P7@2;P8@4;SORT1@7,6.2,7.0,2,1.0,3.0,0,0,0,2,11.0
P4__SORT1__path_3,P4,SORT1,path_3,3,k_shortest_total,P4->P5->P8->SORT1,e13->e16->e21,e13@0-2;e16@2-4;e21@4-7,P4@0;P5@2;P8@4;SORT1@7,6.2,7.0,2,1.0,7.0,1,1,1,1,19.0
P4__SORT2__path_1,P4,SORT2,path_1,1,dijkstra_total+k_shortest_total,P4->P7->P8->SORT2,e15->e18->e22,e15@0-2;e18@2-4;e22@4-7,P4@0;P7@2;P8@4;SORT2@7,6.2,7.0,2,1.0,3.0,0,0,0,2,11.0
P4__SORT2__path_2,P4,SORT2,path_2,2,k_shortest_total,P4->P7->P8->P9->SORT2,e15->e18->e19->e23,e15@0-2;e18@2-4;e19@4-6;e23@6-9,P4@0;P7@2;P8@4;P9@6;SORT2@9,8.2,9.0,2,1.0,4.0,0,0,0,2,14.0
P4__SORT2__path_3,P4,SORT2,path_3,3,k_shortest_total,P4->P7->SORT1->P8->SORT2,e15->e20->e21->e22,e15@0-2;e20@2-5;e21@5-8;e22@8-11,P4@0;P7@2;SORT1@5;P8@8;SORT2@11,8.6,11.0,3,1.5,4.0,0,0,0,2,16.5
P4__SORT2__path_4,P4,SORT2,path_4,4,dijkstra_time,P4->P5->P8->SORT2,e13->e16->e22,e13@0-2;e16@2-4;e22@4-7,P4@0;P5@2;P8@4;SORT2@7,6.2,7.0,2,1.0,7.0,1,1,1,1,19.0
P4__OUT1__path_1,P4,OUT1,path_1,1,dijkstra_time+dijkstra_total+k_shortest_total,P4->P7->SORT1->OUT1,e15->e20->e24,e15@0-2;e20@2-5;e24@5-7,P4@0;P7@2;SORT1@5;OUT1@7,6.2,7.0,2,1.0,3.0,0,0,0,1,11.0
P4__OUT1__path_2,P4,OUT1,path_2,2,k_shortest_total,P4->P7->P8->SORT1->OUT1,e15->e18->e21->e24,e15@0-2;e18@2-4;e21@4-7;e24@7-9,P4@0;P7@2;P8@4;SORT1@7;OUT1@9,8.2,9.0,3,1.5,4.0,0,0,0,1,14.5
P4__OUT1__path_3,P4,OUT1,path_3,3,k_shortest_total,P4->P5->P8->SORT1->OUT1,e13->e16->e21->e24,e13@0-2;e16@2-4;e21@4-7;e24@7-9,P4@0;P5@2;P8@4;SORT1@7;OUT1@9,8.2,9.0,3,1.5,8.0,1,1,1,1,22.5
P4__OUT2__path_1,P4,OUT2,path_1,1,dijkstra_total+k_shortest_total,P4->P7->P8->SORT2->OUT2,e15->e18->e22->e25,e15@0-2;e18@2-4;e22@4-7;e25@7-9,P4@0;P7@2;P8@4;SORT2@7;OUT2@9,8.2,9.0,3,1.5,4.0,0,0,0,1,14.5
P4__OUT2__path_2,P4,OUT2,path_2,2,k_shortest_total,P4->P7->P8->P9->SORT2->OUT2,e15->e18->e19->e23->e25,e15@0-2;e18@2-4;e19@4-6;e23@6-9;e25@9-11,P4@0;P7@2;P8@4;P9@6;SORT2@9;OUT2@11,10.2,11.0,3,1.5,5.0,0,0,0,1,17.5
P4__OUT2__path_3,P4,OUT2,path_3,3,k_shortest_total,P4->P7->SORT1->P8->SORT2->OUT2,e15->e20->e21->e22->e25,e15@0-2;e20@2-5;e21@5-8;e22@8-11;e25@11-13,P4@0;P7@2;SORT1@5;P8@8;SORT2@11;OUT2@13,10.6,13.0,4,2.0,5.0,0,0,0,1,20.0
P4__OUT2__path_4,P4,OUT2,path_4,4,dijkstra_time,P4->P5->P8->SORT2->OUT2,e13->e16->e22->e25,e13@0-2;e16@2-4;e22@4-7;e25@7-9,P4@0;P5@2;P8@4;SORT2@7;OUT2@9,8.2,9.0,3,1.5,8.0,1,1,1,1,22.5
P4__CHG1__path_1,P4,CHG1,path_1,1,dijkstra_time+dijkstra_total+k_shortest_total,P4->P1->J1->CHG1,e10->e05->e26,e10@0-2;e05@2-4;e26@4-6,P4@0;P1@2;J1@4;CHG1@6,5.4,6.0,1,0.5,4.0,1,0,0,1,11.5
P4__CHG1__path_2,P4,CHG1,path_2,2,k_shortest_total,P4->P5->P2->P1->J1->CHG1,e13->e11->e08->e05->e26,e13@0-2;e11@2-4;e08@4-6;e05@6-8;e26@8-10,P4@0;P5@2;P2@4;P1@6;J1@8;CHG1@10,9.4,10.0,4,2.0,7.0,2,0,0,1,21.0
P4__CHG1__path_3,P4,CHG1,path_3,3,k_shortest_total,P4->P1->P2->J2->J1->CHG1,e10->e08->e06->e03->e26,e10@0-2;e08@2-4;e06@4-6;e03@6-8;e26@8-10,P4@0;P1@2;P2@4;J2@6;J1@8;CHG1@10,9.4,10.0,4,2.0,7.0,2,0,0,1,21.0
P4__CHG2__path_1,P4,CHG2,path_1,1,dijkstra_time+dijkstra_total+k_shortest_total,P4->P7->CHG2,e15->e27,e15@0-2;e27@2-4,P4@0;P7@2;CHG2@4,3.4,4.0,1,0.5,2.0,0,0,0,1,6.5
P4__CHG2__path_2,P4,CHG2,path_2,2,k_shortest_total,P4->P5->P8->P7->CHG2,e13->e16->e18->e27,e13@0-2;e16@2-4;e18@4-6;e27@6-8,P4@0;P5@2;P8@4;P7@6;CHG2@8,7.4,8.0,3,1.5,8.0,1,1,1,1,21.5
P4__CHG2__path_3,P4,CHG2,path_3,3,k_shortest_total,P4->P5->P6->P9->P8->P7->CHG2,e13->e14->e17->e19->e18->e27,e13@0-2;e14@2-4;e17@4-6;e19@6-8;e18@8-10;e27@10-12,P4@0;P5@2;P6@4;P9@6;P8@8;P7@10;CHG2@12,11.4,12.0,3,1.5,8.0,2,0,0,1,23.5
P5__IN1__path_1,P5,IN1,path_1,1,dijkstra_total+k_shortest_total,P5->P2->P1->J1->IN1,e11->e08->e05->e01,e11@0-2;e08@2-4;e05@4-6;e01@6-8,P5@0;P2@2;P1@4;J1@6;IN1@8,8.0,8.0,2,1.0,5.0,1,0,0,1,15.0
P5__IN1__path_2,P5,IN1,path_2,2,k_shortest_total,P5->P4->P1->J1->IN1,e13->e10->e05->e01,e13@0-2;e10@2-4;e05@4-6;e01@6-8,P5@0;P4@2;P1@4;J1@6;IN1@8,8.0,8.0,1,0.5,6.0,2,0,0,1,16.5
P5__IN1__path_3,P5,IN1,path_3,3,dijkstra_time+k_shortest_total,P5->P2->J2->J1->IN1,e11->e06->e03->e01,e11@0-2;e06@2-4;e03@4-6;e01@6-8,P5@0;P2@2;J2@4;J1@6;IN1@8,8.0,8.0,2,1.0,6.0,2,0,0,1,17.0
P5__IN2__path_1,P5,IN2,path_1,1,dijkstra_total+k_shortest_total,P5->P2->P3->J3->IN2,e11->e09->e07->e02,e11@0-2;e09@2-4;e07@4-6;e02@6-8,P5@0;P2@2;P3@4;J3@6;IN2@8,8.0,8.0,2,1.0,5.0,1,0,0,1,15.0
P5__IN2__path_2,P5,IN2,path_2,2,k_shortest_total,P5->P6->P3->J3->IN2,e14->e12->e07->e02,e14@0-2;e12@2-4;e07@4-6;e02@6-8,P5@0;P6@2;P3@4;J3@6;IN2@8,8.0,8.0,1,0.5,6.0,2,0,0,1,16.5
P5__IN2__path_3,P5,IN2,path_3,3,dijkstra_time+k_shortest_total,P5->P2->J2->J3->IN2,e11->e06->e04->e02,e11@0-2;e06@2-4;e04@4-6;e02@6-8,P5@0;P2@2;J2@4;J3@6;IN2@8,8.0,8.0,2,1.0,6.0,2,0,0,1,17.0
P5__P1__path_1,P5,P1,path_1,1,dijkstra_time+dijkstra_total+k_shortest_total,P5->P2->P1,e11->e08,e11@0-2;e08@2-4,P5@0;P2@2;P1@4,4.0,4.0,1,0.5,3.0,1,0,0,1,8.5
P5__P1__path_2,P5,P1,path_2,2,k_shortest_total,P5->P4->P1,e13->e10,e13@0-2;e10@2-4,P5@0;P4@2;P1@4,4.0,4.0,1,0.5,4.0,2,0,0,1,10.5
P5__P1__path_3,P5,P1,path_3,3,k_shortest_total,P5->P2->J2->J1->P1,e11->e06->e03->e05,e11@0-2;e06@2-4;e03@4-6;e05@6-8,P5@0;P2@2;J2@4;J1@6;P1@8,8.0,8.0,2,1.0,6.0,2,0,0,1,17.0
P5__P2__path_1,P5,P2,path_1,1,dijkstra_time+dijkstra_total+k_shortest_total,P5->P2,e11,e11@0-2,P5@0;P2@2,2.0,2.0,0,0.0,2.0,1,0,0,1,5.0
P5__P2__path_2,P5,P2,path_2,2,k_shortest_total,P5->P4->P1->P2,e13->e10->e08,e13@0-2;e10@2-4;e08@4-6,P5@0;P4@2;P1@4;P2@6,6.0,6.0,2,1.0,5.0,2,0,0,1,14.0
P5__P2__path_3,P5,P2,path_3,3,k_shortest_total,P5->P6->P3->P2,e14->e12->e09,e14@0-2;e12@2-4;e09@4-6,P5@0;P6@2;P3@4;P2@6,6.0,6.0,2,1.0,5.0,2,0,0,1,14.0
P5__P3__path_1,P5,P3,path_1,1,dijkstra_time+dijkstra_total+k_shortest_total,P5->P2->P3,e11->e09,e11@0-2;e09@2-4,P5@0;P2@2;P3@4,4.0,4.0,1,0.5,3.0,1,0,0,1,8.5
P5__P3__path_2,P5,P3,path_2,2,k_shortest_total,P5->P6->P3,e14->e12,e14@0-2;e12@2-4,P5@0;P6@2;P3@4,4.0,4.0,1,0.5,4.0,2,0,0,1,10.5
P5__P3__path_3,P5,P3,path_3,3,k_shortest_total,P5->P2->J2->J3->P3,e11->e06->e04->e07,e11@0-2;e06@2-4;e04@4-6;e07@6-8,P5@0;P2@2;J2@4;J3@6;P3@8,8.0,8.0,2,1.0,6.0,2,0,0,1,17.0
P5__P4__path_1,P5,P4,path_1,1,dijkstra_time+dijkstra_total+k_shortest_total,P5->P4,e13,e13@0-2,P5@0;P4@2,2.0,2.0,0,0.0,2.0,1,0,0,1,5.0
P5__P4__path_2,P5,P4,path_2,2,k_shortest_total,P5->P2->P1->P4,e11->e08->e10,e11@0-2;e08@2-4;e10@4-6,P5@0;P2@2;P1@4;P4@6,6.0,6.0,2,1.0,5.0,2,0,0,1,14.0
P5__P4__path_3,P5,P4,path_3,3,k_shortest_total,P5->P8->P7->P4,e16->e18->e15,e16@0-2;e18@2-4;e15@4-6,P5@0;P8@2;P7@4;P4@6,6.0,6.0,2,1.0,6.0,0,1,1,1,16.0
P5__P6__path_1,P5,P6,path_1,1,dijkstra_time+dijkstra_total+k_shortest_total,P5->P6,e14,e14@0-2,P5@0;P6@2,2.0,2.0,0,0.0,2.0,1,0,0,1,5.0
P5__P6__path_2,P5,P6,path_2,2,k_shortest_total,P5->P2->P3->P6,e11->e09->e12,e11@0-2;e09@2-4;e12@4-6,P5@0;P2@2;P3@4;P6@6,6.0,6.0,2,1.0,5.0,2,0,0,1,14.0
P5__P6__path_3,P5,P6,path_3,3,k_shortest_total,P5->P8->P9->P6,e16->e19->e17,e16@0-2;e19@2-4;e17@4-6,P5@0;P8@2;P9@4;P6@6,6.0,6.0,2,1.0,6.0,0,1,1,1,16.0
P5__P7__path_1,P5,P7,path_1,1,dijkstra_time+dijkstra_total+k_shortest_total,P5->P4->P7,e13->e15,e13@0-2;e15@2-4,P5@0;P4@2;P7@4,4.0,4.0,1,0.5,3.0,1,0,0,1,8.5
P5__P7__path_2,P5,P7,path_2,2,k_shortest_total,P5->P8->P7,e16->e18,e16@0-2;e18@2-4,P5@0;P8@2;P7@4,4.0,4.0,1,0.5,5.0,0,1,1,1,12.5
P5__P7__path_3,P5,P7,path_3,3,k_shortest_total,P5->P6->P9->P8->P7,e14->e17->e19->e18,e14@0-2;e17@2-4;e19@4-6;e18@6-8,P5@0;P6@2;P9@4;P8@6;P7@8,8.0,8.0,2,1.0,5.0,1,0,0,1,15.0
P5__P8__path_1,P5,P8,path_1,1,dijkstra_time+dijkstra_total+k_shortest_total,P5->P8,e16,e16@0-2,P5@0;P8@2,2.0,2.0,0,0.0,4.0,0,1,1,1,9.0
P5__P8__path_2,P5,P8,path_2,2,k_shortest_total,P5->P4->P7->P8,e13->e15->e18,e13@0-2;e15@2-4;e18@4-6,P5@0;P4@2;P7@4;P8@6,6.0,6.0,2,1.0,4.0,1,0,0,1,12.0
P5__P8__path_3,P5,P8,path_3,3,k_shortest_total,P5->P6->P9->P8,e14->e17->e19,e14@0-2;e17@2-4;e19@4-6,P5@0;P6@2;P9@4;P8@6,6.0,6.0,2,1.0,4.0,1,0,0,1,12.0
P5__P9__path_1,P5,P9,path_1,1,dijkstra_time+dijkstra_total+k_shortest_total,P5->P6->P9,e14->e17,e14@0-2;e17@2-4,P5@0;P6@2;P9@4,4.0,4.0,1,0.5,3.0,1,0,0,1,8.5
P5__P9__path_2,P5,P9,path_2,2,k_shortest_total,P5->P8->P9,e16->e19,e16@0-2;e19@2-4,P5@0;P8@2;P9@4,4.0,4.0,1,0.5,5.0,0,1,1,1,12.5
P5__P9__path_3,P5,P9,path_3,3,k_shortest_total,P5->P4->P7->P8->P9,e13->e15->e18->e19,e13@0-2;e15@2-4;e18@4-6;e19@6-8,P5@0;P4@2;P7@4;P8@6;P9@8,8.0,8.0,2,1.0,5.0,1,0,0,1,15.0
P5__SORT1__path_1,P5,SORT1,path_1,1,dijkstra_total+k_shortest_total,P5->P4->P7->SORT1,e13->e15->e20,e13@0-2;e15@2-4;e20@4-7,P5@0;P4@2;P7@4;SORT1@7,6.2,7.0,2,1.0,4.0,1,0,0,1,13.0
P5__SORT1__path_2,P5,SORT1,path_2,2,dijkstra_time+k_shortest_total,P5->P8->SORT1,e16->e21,e16@0-2;e21@2-5,P5@0;P8@2;SORT1@5,4.2,5.0,1,0.5,5.0,0,1,1,1,13.5
P5__SORT1__path_3,P5,SORT1,path_3,3,k_shortest_total,P5->P4->P7->P8->SORT1,e13->e15->e18->e21,e13@0-2;e15@2-4;e18@4-6;e21@6-9,P5@0;P4@2;P7@4;P8@6;SORT1@9,8.2,9.0,3,1.5,5.0,1,0,0,1,16.5
P5__SORT2__path_1,P5,SORT2,path_1,1,dijkstra_total+k_shortest_total,P5->P6->P9->SORT2,e14->e17->e23,e14@0-2;e17@2-4;e23@4-7,P5@0;P6@2;P9@4;SORT2@7,6.2,7.0,2,1.0,4.0,1,0,0,1,13.0
P5__SORT2__path_2,P5,SORT2,path_2,2,dijkstra_time+k_shortest_total,P5->P8->SORT2,e16->e22,e16@0-2;e22@2-5,P5@0;P8@2;SORT2@5,4.2,5.0,1,0.5,5.0,0,1,1,1,13.5
P5__SORT2__path_3,P5,SORT2,path_3,3,k_shortest_total,P5->P6->P9->P8->SORT2,e14->e17->e19->e22,e14@0-2;e17@2-4;e19@4-6;e22@6-9,P5@0;P6@2;P9@4;P8@6;SORT2@9,8.2,9.0,3,1.5,5.0,1,0,0,1,16.5
P5__OUT1__path_1,P5,OUT1,path_1,1,dijkstra_total+k_shortest_total,P5->P4->P7->SORT1->OUT1,e13->e15->e20->e24,e13@0-2;e15@2-4;e20@4-7;e24@7-9,P5@0;P4@2;P7@4;SORT1@7;OUT1@9,8.2,9.0,3,1.5,5.0,1,0,0,1,16.5
P5__OUT1__path_2,P5,OUT1,path_2,2,dijkstra_time+k_shortest_total,P5->P8->SORT1->OUT1,e16->e21->e24,e16@0-2;e21@2-5;e24@5-7,P5@0;P8@2;SORT1@5;OUT1@7,6.2,7.0,2,1.0,6.0,0,1,1,1,17.0
P5__OUT1__path_3,P5,OUT1,path_3,3,k_shortest_total,P5->P4->P7->P8->SORT1->OUT1,e13->e15->e18->e21->e24,e13@0-2;e15@2-4;e18@4-6;e21@6-9;e24@9-11,P5@0;P4@2;P7@4;P8@6;SORT1@9;OUT1@11,10.2,11.0,4,2.0,6.0,1,0,0,1,20.0
P5__OUT2__path_1,P5,OUT2,path_1,1,dijkstra_total+k_shortest_total,P5->P6->P9->SORT2->OUT2,e14->e17->e23->e25,e14@0-2;e17@2-4;e23@4-7;e25@7-9,P5@0;P6@2;P9@4;SORT2@7;OUT2@9,8.2,9.0,3,1.5,5.0,1,0,0,1,16.5
P5__OUT2__path_2,P5,OUT2,path_2,2,dijkstra_time+k_shortest_total,P5->P8->SORT2->OUT2,e16->e22->e25,e16@0-2;e22@2-5;e25@5-7,P5@0;P8@2;SORT2@5;OUT2@7,6.2,7.0,2,1.0,6.0,0,1,1,1,17.0
P5__OUT2__path_3,P5,OUT2,path_3,3,k_shortest_total,P5->P6->P9->P8->SORT2->OUT2,e14->e17->e19->e22->e25,e14@0-2;e17@2-4;e19@4-6;e22@6-9;e25@9-11,P5@0;P6@2;P9@4;P8@6;SORT2@9;OUT2@11,10.2,11.0,4,2.0,6.0,1,0,0,1,20.0
P5__CHG1__path_1,P5,CHG1,path_1,1,dijkstra_total+k_shortest_total,P5->P2->P1->J1->CHG1,e11->e08->e05->e26,e11@0-2;e08@2-4;e05@4-6;e26@6-8,P5@0;P2@2;P1@4;J1@6;CHG1@8,7.4,8.0,3,1.5,5.0,1,0,0,1,15.5
P5__CHG1__path_2,P5,CHG1,path_2,2,dijkstra_time+k_shortest_total,P5->P2->J2->J1->CHG1,e11->e06->e03->e26,e11@0-2;e06@2-4;e03@4-6;e26@6-8,P5@0;P2@2;J2@4;J1@6;CHG1@8,7.4,8.0,2,1.0,6.0,2,0,0,1,17.0
P5__CHG1__path_3,P5,CHG1,path_3,3,k_shortest_total,P5->P4->P1->J1->CHG1,e13->e10->e05->e26,e13@0-2;e10@2-4;e05@4-6;e26@6-8,P5@0;P4@2;P1@4;J1@6;CHG1@8,7.4,8.0,2,1.0,6.0,2,0,0,1,17.0
P5__CHG2__path_1,P5,CHG2,path_1,1,dijkstra_time+dijkstra_total+k_shortest_total,P5->P4->P7->CHG2,e13->e15->e27,e13@0-2;e15@2-4;e27@4-6,P5@0;P4@2;P7@4;CHG2@6,5.4,6.0,2,1.0,4.0,1,0,0,1,12.0
P5__CHG2__path_2,P5,CHG2,path_2,2,k_shortest_total,P5->P8->P7->CHG2,e16->e18->e27,e16@0-2;e18@2-4;e27@4-6,P5@0;P8@2;P7@4;CHG2@6,5.4,6.0,2,1.0,6.0,0,1,1,1,16.0
P5__CHG2__path_3,P5,CHG2,path_3,3,k_shortest_total,P5->P6->P9->P8->P7->CHG2,e14->e17->e19->e18->e27,e14@0-2;e17@2-4;e19@4-6;e18@6-8;e27@8-10,P5@0;P6@2;P9@4;P8@6;P7@8;CHG2@10,9.4,10.0,3,1.5,6.0,1,0,0,1,18.5
P6__IN1__path_1,P6,IN1,path_1,1,dijkstra_time+dijkstra_total+k_shortest_total,P6->P3->J3->J2->J1->IN1,e12->e07->e04->e03->e01,e12@0-2;e07@2-4;e04@4-6;e03@6-8;e01@8-10,P6@0;P3@2;J3@4;J2@6;J1@8;IN1@10,10.0,10.0,2,1.0,6.0,1,0,0,1,18.0
P6__IN1__path_2,P6,IN1,path_2,2,k_shortest_total,P6->P3->P2->P1->J1->IN1,e12->e09->e08->e05->e01,e12@0-2;e09@2-4;e08@4-6;e05@6-8;e01@8-10,P6@0;P3@2;P2@4;P1@6;J1@8;IN1@10,10.0,10.0,2,1.0,6.0,1,0,0,1,18.0
P6__IN1__path_3,P6,IN1,path_3,3,k_shortest_total,P6->P5->P2->P1->J1->IN1,e14->e11->e08->e05->e01,e14@0-2;e11@2-4;e08@4-6;e05@6-8;e01@8-10,P6@0;P5@2;P2@4;P1@6;J1@8;IN1@10,10.0,10.0,3,1.5,7.0,2,0,0,1,20.5
P6__IN2__path_1,P6,IN2,path_1,1,dijkstra_time+dijkstra_total+k_shortest_total,P6->P3->J3->IN2,e12->e07->e02,e12@0-2;e07@2-4;e02@4-6,P6@0;P3@2;J3@4;IN2@6,6.0,6.0,0,0.0,4.0,1,0,0,1,11.0
P6__IN2__path_2,P6,IN2,path_2,2,k_shortest_total,P6->P5->P2->P3->J3->IN2,e14->e11->e09->e07->e02,e14@0-2;e11@2-4;e09@4-6;e07@6-8;e02@8-10,P6@0;P5@2;P2@4;P3@6;J3@8;IN2@10,10.0,10.0,3,1.5,7.0,2,0,0,1,20.5
P6__IN2__path_3,P6,IN2,path_3,3,k_shortest_total,P6->P3->P2->J2->J3->IN2,e12->e09->e06->e04->e02,e12@0-2;e09@2-4;e06@4-6;e04@6-8;e02@8-10,P6@0;P3@2;P2@4;J2@6;J3@8;IN2@10,10.0,10.0,4,2.0,7.0,2,0,0,1,21.0
P6__P1__path_1,P6,P1,path_1,1,dijkstra_time+dijkstra_total+k_shortest_total,P6->P3->P2->P1,e12->e09->e08,e12@0-2;e09@2-4;e08@4-6,P6@0;P3@2;P2@4;P1@6,6.0,6.0,1,0.5,4.0,1,0,0,1,11.5
P6__P1__path_2,P6,P1,path_2,2,k_shortest_total,P6->P5->P2->P1,e14->e11->e08,e14@0-2;e11@2-4;e08@4-6,P6@0;P5@2;P2@4;P1@6,6.0,6.0,2,1.0,5.0,2,0,0,1,14.0
P6__P1__path_3,P6,P1,path_3,3,k_shortest_total,P6->P5->P4->P1,e14->e13->e10,e14@0-2;e13@2-4;e10@4-6,P6@0;P5@2;P4@4;P1@6,6.0,6.0,1,0.5,6.0,3,0,0,1,15.5
P6__P2__path_1,P6,P2,path_1,1,dijkstra_time+dijkstra_total+k_shortest_total,P6->P3->P2,e12->e09,e12@0-2;e09@2-4,P6@0;P3@2;P2@4,4.0,4.0,1,0.5,3.0,1,0,0,1,8.5
P6__P2__path_2,P6,P2,path_2,2,k_shortest_total,P6->P5->P2,e14->e11,e14@0-2;e11@2-4,P6@0;P5@2;P2@4,4.0,4.0,1,0.5,4.0,2,0,0,1,10.5
P6__P2__path_3,P6,P2,path_3,3,k_shortest_total,P6->P3->J3->J2->P2,e12->e07->e04->e06,e12@0-2;e07@2-4;e04@4-6;e06@6-8,P6@0;P3@2;J3@4;J2@6;P2@8,8.0,8.0,2,1.0,6.0,2,0,0,1,17.0
P6__P3__path_1,P6,P3,path_1,1,dijkstra_time+dijkstra_total+k_shortest_total,P6->P3,e12,e12@0-2,P6@0;P3@2,2.0,2.0,0,0.0,2.0,1,0,0,1,5.0
P6__P3__path_2,P6,P3,path_2,2,k_shortest_total,P6->P5->P2->P3,e14->e11->e09,e14@0-2;e11@2-4;e09@4-6,P6@0;P5@2;P2@4;P3@6,6.0,6.0,2,1.0,5.0,2,0,0,1,14.0
P6__P3__path_3,P6,P3,path_3,3,k_shortest_total,P6->P5->P4->P1->P2->P3,e14->e13->e10->e08->e09,e14@0-2;e13@2-4;e10@4-6;e08@6-8;e09@8-10,P6@0;P5@2;P4@4;P1@6;P2@8;P3@10,10.0,10.0,2,1.0,8.0,3,0,0,1,22.0
P6__P4__path_1,P6,P4,path_1,1,dijkstra_time+dijkstra_total+k_shortest_total,P6->P5->P4,e14->e13,e14@0-2;e13@2-4,P6@0;P5@2;P4@4,4.0,4.0,0,0.0,4.0,2,0,0,1,10.0
P6__P4__path_2,P6,P4,path_2,2,k_shortest_total,P6->P9->P8->P7->P4,e17->e19->e18->e15,e17@0-2;e19@2-4;e18@4-6;e15@6-8,P6@0;P9@2;P8@4;P7@6;P4@8,8.0,8.0,2,1.0,4.0,0,0,0,2,13.0
P6__P4__path_3,P6,P4,path_3,3,k_shortest_total,P6->P3->P2->P1->P4,e12->e09->e08->e10,e12@0-2;e09@2-4;e08@4-6;e10@6-8,P6@0;P3@2;P2@4;P1@6;P4@8,8.0,8.0,2,1.0,6.0,2,0,0,1,17.0
P6__P5__path_1,P6,P5,path_1,1,dijkstra_time+dijkstra_total+k_shortest_total,P6->P5,e14,e14@0-2,P6@0;P5@2,2.0,2.0,0,0.0,2.0,1,0,0,1,5.0
P6__P5__path_2,P6,P5,path_2,2,k_shortest_total,P6->P3->P2->P5,e12->e09->e11,e12@0-2;e09@2-4;e11@4-6,P6@0;P3@2;P2@4;P5@6,6.0,6.0,2,1.0,5.0,2,0,0,1,14.0
P6__P5__path_3,P6,P5,path_3,3,k_shortest_total,P6->P9->P8->P5,e17->e19->e16,e17@0-2;e19@2-4;e16@4-6,P6@0;P9@2;P8@4;P5@6,6.0,6.0,2,1.0,6.0,0,1,1,1,16.0
P6__P7__path_1,P6,P7,path_1,1,dijkstra_total+k_shortest_total,P6->P9->P8->P7,e17->e19->e18,e17@0-2;e19@2-4;e18@4-6,P6@0;P9@2;P8@4;P7@6,6.0,6.0,1,0.5,3.0,0,0,0,2,9.5
P6__P7__path_2,P6,P7,path_2,2,dijkstra_time+k_shortest_total,P6->P5->P4->P7,e14->e13->e15,e14@0-2;e13@2-4;e15@4-6,P6@0;P5@2;P4@4;P7@6,6.0,6.0,1,0.5,5.0,2,0,0,1,13.5
P6__P7__path_3,P6,P7,path_3,3,k_shortest_total,P6->P9->SORT2->P8->P7,e17->e23->e22->e18,e17@0-2;e23@2-5;e22@5-8;e18@8-10,P6@0;P9@2;SORT2@5;P8@8;P7@10,8.4,10.0,3,1.5,4.0,0,0,0,2,15.5
P6__P8__path_1,P6,P8,path_1,1,dijkstra_total+k_shortest_total,P6->P9->P8,e17->e19,e17@0-2;e19@2-4,P6@0;P9@2;P8@4,4.0,4.0,1,0.5,2.0,0,0,0,2,6.5
P6__P8__path_2,P6,P8,path_2,2,k_shortest_total,P6->P9->SORT2->P8,e17->e23->e22,e17@0-2;e23@2-5;e22@5-8,P6@0;P9@2;SORT2@5;P8@8,6.4,8.0,2,1.0,3.0,0,0,0,2,12.0
P6__P8__path_3,P6,P8,path_3,3,dijkstra_time+k_shortest_total,P6->P5->P8,e14->e16,e14@0-2;e16@2-4,P6@0;P5@2;P8@4,4.0,4.0,1,0.5,6.0,1,1,1,1,14.5
P6__P9__path_1,P6,P9,path_1,1,dijkstra_time+dijkstra_total+k_shortest_total,P6->P9,e17,e17@0-2,P6@0;P9@2,2.0,2.0,0,0.0,1.0,0,0,0,2,3.0
P6__P9__path_2,P6,P9,path_2,2,k_shortest_total,P6->P5->P8->P9,e14->e16->e19,e14@0-2;e16@2-4;e19@4-6,P6@0;P5@2;P8@4;P9@6,6.0,6.0,2,1.0,7.0,1,1,1,1,18.0
P6__P9__path_3,P6,P9,path_3,3,k_shortest_total,P6->P5->P4->P7->P8->P9,e14->e13->e15->e18->e19,e14@0-2;e13@2-4;e15@4-6;e18@6-8;e19@8-10,P6@0;P5@2;P4@4;P7@6;P8@8;P9@10,10.0,10.0,2,1.0,7.0,2,0,0,1,20.0
P6__SORT1__path_1,P6,SORT1,path_1,1,dijkstra_total+k_shortest_total,P6->P9->P8->SORT1,e17->e19->e21,e17@0-2;e19@2-4;e21@4-7,P6@0;P9@2;P8@4;SORT1@7,6.2,7.0,2,1.0,3.0,0,0,0,2,11.0
P6__SORT1__path_2,P6,SORT1,path_2,2,k_shortest_total,P6->P9->P8->P7->SORT1,e17->e19->e18->e20,e17@0-2;e19@2-4;e18@4-6;e20@6-9,P6@0;P9@2;P8@4;P7@6;SORT1@9,8.2,9.0,2,1.0,4.0,0,0,0,2,14.0
P6__SORT1__path_3,P6,SORT1,path_3,3,k_shortest_total,P6->P9->SORT2->P8->SORT1,e17->e23->e22->e21,e17@0-2;e23@2-5;e22@5-8;e21@8-11,P6@0;P9@2;SORT2@5;P8@8;SORT1@11,8.6,11.0,3,1.5,4.0,0,0,0,2,16.5
P6__SORT1__path_4,P6,SORT1,path_4,4,dijkstra_time,P6->P5->P8->SORT1,e14->e16->e21,e14@0-2;e16@2-4;e21@4-7,P6@0;P5@2;P8@4;SORT1@7,6.2,7.0,2,1.0,7.0,1,1,1,1,19.0
P6__SORT2__path_1,P6,SORT2,path_1,1,dijkstra_time+dijkstra_total+k_shortest_total,P6->P9->SORT2,e17->e23,e17@0-2;e23@2-5,P6@0;P9@2;SORT2@5,4.2,5.0,1,0.5,2.0,0,0,0,2,7.5
P6__SORT2__path_2,P6,SORT2,path_2,2,k_shortest_total,P6->P9->P8->SORT2,e17->e19->e22,e17@0-2;e19@2-4;e22@4-7,P6@0;P9@2;P8@4;SORT2@7,6.2,7.0,2,1.0,3.0,0,0,0,2,11.0
P6__SORT2__path_3,P6,SORT2,path_3,3,k_shortest_total,P6->P5->P8->SORT2,e14->e16->e22,e14@0-2;e16@2-4;e22@4-7,P6@0;P5@2;P8@4;SORT2@7,6.2,7.0,2,1.0,7.0,1,1,1,1,19.0
P6__OUT1__path_1,P6,OUT1,path_1,1,dijkstra_total+k_shortest_total,P6->P9->P8->SORT1->OUT1,e17->e19->e21->e24,e17@0-2;e19@2-4;e21@4-7;e24@7-9,P6@0;P9@2;P8@4;SORT1@7;OUT1@9,8.2,9.0,3,1.5,4.0,0,0,0,1,14.5
P6__OUT1__path_2,P6,OUT1,path_2,2,k_shortest_total,P6->P9->P8->P7->SORT1->OUT1,e17->e19->e18->e20->e24,e17@0-2;e19@2-4;e18@4-6;e20@6-9;e24@9-11,P6@0;P9@2;P8@4;P7@6;SORT1@9;OUT1@11,10.2,11.0,3,1.5,5.0,0,0,0,1,17.5
P6__OUT1__path_3,P6,OUT1,path_3,3,k_shortest_total,P6->P9->SORT2->P8->SORT1->OUT1,e17->e23->e22->e21->e24,e17@0-2;e23@2-5;e22@5-8;e21@8-11;e24@11-13,P6@0;P9@2;SORT2@5;P8@8;SORT1@11;OUT1@13,10.6,13.0,4,2.0,5.0,0,0,0,1,20.0
P6__OUT1__path_4,P6,OUT1,path_4,4,dijkstra_time,P6->P5->P8->SORT1->OUT1,e14->e16->e21->e24,e14@0-2;e16@2-4;e21@4-7;e24@7-9,P6@0;P5@2;P8@4;SORT1@7;OUT1@9,8.2,9.0,3,1.5,8.0,1,1,1,1,22.5
P6__OUT2__path_1,P6,OUT2,path_1,1,dijkstra_time+dijkstra_total+k_shortest_total,P6->P9->SORT2->OUT2,e17->e23->e25,e17@0-2;e23@2-5;e25@5-7,P6@0;P9@2;SORT2@5;OUT2@7,6.2,7.0,2,1.0,3.0,0,0,0,1,11.0
P6__OUT2__path_2,P6,OUT2,path_2,2,k_shortest_total,P6->P9->P8->SORT2->OUT2,e17->e19->e22->e25,e17@0-2;e19@2-4;e22@4-7;e25@7-9,P6@0;P9@2;P8@4;SORT2@7;OUT2@9,8.2,9.0,3,1.5,4.0,0,0,0,1,14.5
P6__OUT2__path_3,P6,OUT2,path_3,3,k_shortest_total,P6->P5->P8->SORT2->OUT2,e14->e16->e22->e25,e14@0-2;e16@2-4;e22@4-7;e25@7-9,P6@0;P5@2;P8@4;SORT2@7;OUT2@9,8.2,9.0,3,1.5,8.0,1,1,1,1,22.5
P6__CHG1__path_1,P6,CHG1,path_1,1,dijkstra_time+dijkstra_total+k_shortest_total,P6->P3->J3->J2->J1->CHG1,e12->e07->e04->e03->e26,e12@0-2;e07@2-4;e04@4-6;e03@6-8;e26@8-10,P6@0;P3@2;J3@4;J2@6;J1@8;CHG1@10,9.4,10.0,2,1.0,6.0,1,0,0,1,18.0
P6__CHG1__path_2,P6,CHG1,path_2,2,k_shortest_total,P6->P3->P2->P1->J1->CHG1,e12->e09->e08->e05->e26,e12@0-2;e09@2-4;e08@4-6;e05@6-8;e26@8-10,P6@0;P3@2;P2@4;P1@6;J1@8;CHG1@10,9.4,10.0,3,1.5,6.0,1,0,0,1,18.5
P6__CHG1__path_3,P6,CHG1,path_3,3,k_shortest_total,P6->P5->P2->P1->J1->CHG1,e14->e11->e08->e05->e26,e14@0-2;e11@2-4;e08@4-6;e05@6-8;e26@8-10,P6@0;P5@2;P2@4;P1@6;J1@8;CHG1@10,9.4,10.0,4,2.0,7.0,2,0,0,1,21.0
P6__CHG2__path_1,P6,CHG2,path_1,1,dijkstra_total+k_shortest_total,P6->P9->P8->P7->CHG2,e17->e19->e18->e27,e17@0-2;e19@2-4;e18@4-6;e27@6-8,P6@0;P9@2;P8@4;P7@6;CHG2@8,7.4,8.0,2,1.0,4.0,0,0,0,1,13.0
P6__CHG2__path_2,P6,CHG2,path_2,2,dijkstra_time+k_shortest_total,P6->P5->P4->P7->CHG2,e14->e13->e15->e27,e14@0-2;e13@2-4;e15@4-6;e27@6-8,P6@0;P5@2;P4@4;P7@6;CHG2@8,7.4,8.0,2,1.0,6.0,2,0,0,1,17.0
P6__CHG2__path_3,P6,CHG2,path_3,3,k_shortest_total,P6->P9->SORT2->P8->P7->CHG2,e17->e23->e22->e18->e27,e17@0-2;e23@2-5;e22@5-8;e18@8-10;e27@10-12,P6@0;P9@2;SORT2@5;P8@8;P7@10;CHG2@12,9.8,12.0,4,2.0,5.0,0,0,0,1,19.0
P7__IN1__path_1,P7,IN1,path_1,1,dijkstra_time+dijkstra_total+k_shortest_total,P7->P4->P1->J1->IN1,e15->e10->e05->e01,e15@0-2;e10@2-4;e05@4-6;e01@6-8,P7@0;P4@2;P1@4;J1@6;IN1@8,8.0,8.0,0,0.0,5.0,1,0,0,1,14.0
P7__IN1__path_2,P7,IN1,path_2,2,k_shortest_total,P7->P4->P5->P2->P1->J1->IN1,e15->e13->e11->e08->e05->e01,e15@0-2;e13@2-4;e11@4-6;e08@6-8;e05@8-10;e01@10-12,P7@0;P4@2;P5@4;P2@6;P1@8;J1@10;IN1@12,12.0,12.0,4,2.0,8.0,2,0,0,1,24.0
P7__IN1__path_3,P7,IN1,path_3,3,k_shortest_total,P7->P4->P1->P2->J2->J1->IN1,e15->e10->e08->e06->e03->e01,e15@0-2;e10@2-4;e08@4-6;e06@6-8;e03@8-10;e01@10-12,P7@0;P4@2;P1@4;P2@6;J2@8;J1@10;IN1@12,12.0,12.0,4,2.0,8.0,2,0,0,1,24.0
P7__IN2__path_1,P7,IN2,path_1,1,k_shortest_total,P7->P8->P9->P6->P3->J3->IN2,e18->e19->e17->e12->e07->e02,e18@0-2;e19@2-4;e17@4-6;e12@6-8;e07@8-10;e02@10-12,P7@0;P8@2;P9@4;P6@6;P3@8;J3@10;IN2@12,12.0,12.0,1,0.5,7.0,1,0,0,1,20.5
P7__IN2__path_2,P7,IN2,path_2,2,dijkstra_time+dijkstra_total+k_shortest_total,P7->P4->P1->J1->J2->J3->IN2,e15->e10->e05->e03->e04->e02,e15@0-2;e10@2-4;e05@4-6;e03@6-8;e04@8-10;e02@10-12,P7@0;P4@2;P1@4;J1@6;J2@8;J3@10;IN2@12,12.0,12.0,2,1.0,7.0,1,0,0,1,21.0
P7__IN2__path_3,P7,IN2,path_3,3,k_shortest_total,P7->P4->P1->P2->P3->J3->IN2,e15->e10->e08->e09->e07->e02,e15@0-2;e10@2-4;e08@4-6;e09@6-8;e07@8-10;e02@10-12,P7@0;P4@2;P1@4;P2@6;P3@8;J3@10;IN2@12,12.0,12.0,2,1.0,7.0,1,0,0,1,21.0
P7__P1__path_1,P7,P1,path_1,1,dijkstra_time+dijkstra_total+k_shortest_total,P7->P4->P1,e15->e10,e15@0-2;e10@2-4,P7@0;P4@2;P1@4,4.0,4.0,0,0.0,3.0,1,0,0,1,8.0
P7__P1__path_2,P7,P1,path_2,2,k_shortest_total,P7->P4->P5->P2->P1,e15->e13->e11->e08,e15@0-2;e13@2-4;e11@4-6;e08@6-8,P7@0;P4@2;P5@4;P2@6;P1@8,8.0,8.0,3,1.5,6.0,2,0,0,1,17.5
P7__P1__path_3,P7,P1,path_3,3,k_shortest_total,P7->P8->P5->P2->P1,e18->e16->e11->e08,e18@0-2;e16@2-4;e11@4-6;e08@6-8,P7@0;P8@2;P5@4;P2@6;P1@8,8.0,8.0,2,1.0,8.0,1,1,1,1,21.0
P7__P2__path_1,P7,P2,path_1,1,dijkstra_time+dijkstra_total+k_shortest_total,P7->P4->P1->P2,e15->e10->e08,e15@0-2;e10@2-4;e08@4-6,P7@0;P4@2;P1@4;P2@6,6.0,6.0,1,0.5,4.0,1,0,0,1,11.5
P7__P2__path_2,P7,P2,path_2,2,k_shortest_total,P7->P4->P5->P2,e15->e13->e11,e15@0-2;e13@2-4;e11@4-6,P7@0;P4@2;P5@4;P2@6,6.0,6.0,2,1.0,5.0,2,0,0,1,14.0
P7__P2__path_3,P7,P2,path_3,3,k_shortest_total,P7->P8->P5->P2,e18->e16->e11,e18@0-2;e16@2-4;e11@4-6,P7@0;P8@2;P5@4;P2@6,6.0,6.0,1,0.5,7.0,1,1,1,1,17.5
P7__P3__path_1,P7,P3,path_1,1,dijkstra_time+dijkstra_total+k_shortest_total,P7->P4->P1->P2->P3,e15->e10->e08->e09,e15@0-2;e10@2-4;e08@4-6;e09@6-8,P7@0;P4@2;P1@4;P2@6;P3@8,8.0,8.0,1,0.5,5.0,1,0,0,1,14.5
P7__P3__path_2,P7,P3,path_2,2,k_shortest_total,P7->P8->P9->P6->P3,e18->e19->e17->e12,e18@0-2;e19@2-4;e17@4-6;e12@6-8,P7@0;P8@2;P9@4;P6@6;P3@8,8.0,8.0,1,0.5,5.0,1,0,0,1,14.5
P7__P3__path_3,P7,P3,path_3,3,k_shortest_total,P7->P4->P5->P2->P3,e15->e13->e11->e09,e15@0-2;e13@2-4;e11@4-6;e09@6-8,P7@0;P4@2;P5@4;P2@6;P3@8,8.0,8.0,3,1.5,6.0,2,0,0,1,17.5
P7__P4__path_1,P7,P4,path_1,1,dijkstra_time+dijkstra_total+k_shortest_total,P7->P4,e15,e15@0-2,P7@0;P4@2,2.0,2.0,0,0.0,1.0,0,0,0,2,3.0
P7__P4__path_2,P7,P4,path_2,2,k_shortest_total,P7->P8->P5->P4,e18->e16->e13,e18@0-2;e16@2-4;e13@4-6,P7@0;P8@2;P5@4;P4@6,6.0,6.0,2,1.0,7.0,1,1,1,1,18.0
P7__P4__path_3,P7,P4,path_3,3,k_shortest_total,P7->P8->P9->P6->P5->P4,e18->e19->e17->e14->e13,e18@0-2;e19@2-4;e17@4-6;e14@6-8;e13@8-10,P7@0;P8@2;P9@4;P6@6;P5@8;P4@10,10.0,10.0,2,1.0,7.0,2,0,0,1,20.0
P7__P5__path_1,P7,P5,path_1,1,dijkstra_time+dijkstra_total+k_shortest_total,P7->P4->P5,e15->e13,e15@0-2;e13@2-4,P7@0;P4@2;P5@4,4.0,4.0,1,0.5,3.0,1,0,0,1,8.5
P7__P5__path_2,P7,P5,path_2,2,k_shortest_total,P7->P8->P5,e18->e16,e18@0-2;e16@2-4,P7@0;P8@2;P5@4,4.0,4.0,1,0.5,5.0,0,1,1,1,12.5
P7__P5__path_3,P7,P5,path_3,3,k_shortest_total,P7->P8->P9->P6->P5,e18->e19->e17->e14,e18@0-2;e19@2-4;e17@4-6;e14@6-8,P7@0;P8@2;P9@4;P6@6;P5@8,8.0,8.0,2,1.0,5.0,1,0,0,1,15.0
P7__P6__path_1,P7,P6,path_1,1,dijkstra_total+k_shortest_total,P7->P8->P9->P6,e18->e19->e17,e18@0-2;e19@2-4;e17@4-6,P7@0;P8@2;P9@4;P6@6,6.0,6.0,1,0.5,3.0,0,0,0,2,9.5
P7__P6__path_2,P7,P6,path_2,2,dijkstra_time+k_shortest_total,P7->P4->P5->P6,e15->e13->e14,e15@0-2;e13@2-4;e14@4-6,P7@0;P4@2;P5@4;P6@6,6.0,6.0,1,0.5,5.0,2,0,0,1,13.5
P7__P6__path_3,P7,P6,path_3,3,k_shortest_total,P7->P8->SORT2->P9->P6,e18->e22->e23->e17,e18@0-2;e22@2-5;e23@5-8;e17@8-10,P7@0;P8@2;SORT2@5;P9@8;P6@10,8.4,10.0,3,1.5,4.0,0,0,0,2,15.5
P7__P8__path_1,P7,P8,path_1,1,dijkstra_time+dijkstra_total+k_shortest_total,P7->P8,e18,e18@0-2,P7@0;P8@2,2.0,2.0,0,0.0,1.0,0,0,0,2,3.0
P7__P8__path_2,P7,P8,path_2,2,k_shortest_total,P7->SORT1->P8,e20->e21,e20@0-3;e21@3-6,P7@0;SORT1@3;P8@6,4.4,6.0,1,0.5,2.0,0,0,0,2,8.5
P7__P8__path_3,P7,P8,path_3,3,k_shortest_total,P7->P4->P5->P8,e15->e13->e16,e15@0-2;e13@2-4;e16@4-6,P7@0;P4@2;P5@4;P8@6,6.0,6.0,2,1.0,7.0,1,1,1,1,18.0
P7__P9__path_1,P7,P9,path_1,1,dijkstra_time+dijkstra_total+k_shortest_total,P7->P8->P9,e18->e19,e18@0-2;e19@2-4,P7@0;P8@2;P9@4,4.0,4.0,0,0.0,2.0,0,0,0,2,6.0
P7__P9__path_2,P7,P9,path_2,2,k_shortest_total,P7->SORT1->P8->P9,e20->e21->e19,e20@0-3;e21@3-6;e19@6-8,P7@0;SORT1@3;P8@6;P9@8,6.4,8.0,2,1.0,3.0,0,0,0,2,12.0
P7__P9__path_3,P7,P9,path_3,3,k_shortest_total,P7->P8->SORT2->P9,e18->e22->e23,e18@0-2;e22@2-5;e23@5-8,P7@0;P8@2;SORT2@5;P9@8,6.4,8.0,2,1.0,3.0,0,0,0,2,12.0
P7__SORT1__path_1,P7,SORT1,path_1,1,dijkstra_time+dijkstra_total+k_shortest_total,P7->SORT1,e20,e20@0-3,P7@0;SORT1@3,2.2,3.0,0,0.0,1.0,0,0,0,2,4.0
P7__SORT1__path_2,P7,SORT1,path_2,2,k_shortest_total,P7->P8->SORT1,e18->e21,e18@0-2;e21@2-5,P7@0;P8@2;SORT1@5,4.2,5.0,1,0.5,2.0,0,0,0,2,7.5
P7__SORT1__path_3,P7,SORT1,path_3,3,k_shortest_total,P7->P4->P5->P8->SORT1,e15->e13->e16->e21,e15@0-2;e13@2-4;e16@4-6;e21@6-9,P7@0;P4@2;P5@4;P8@6;SORT1@9,8.2,9.0,3,1.5,8.0,1,1,1,1,22.5
P7__SORT2__path_1,P7,SORT2,path_1,1,dijkstra_time+dijkstra_total+k_shortest_total,P7->P8->SORT2,e18->e22,e18@0-2;e22@2-5,P7@0;P8@2;SORT2@5,4.2,5.0,1,0.5,2.0,0,0,0,2,7.5
P7__SORT2__path_2,P7,SORT2,path_2,2,k_shortest_total,P7->P8->P9->SORT2,e18->e19->e23,e18@0-2;e19@2-4;e23@4-7,P7@0;P8@2;P9@4;SORT2@7,6.2,7.0,1,0.5,3.0,0,0,0,2,10.5
P7__SORT2__path_3,P7,SORT2,path_3,3,k_shortest_total,P7->SORT1->P8->SORT2,e20->e21->e22,e20@0-3;e21@3-6;e22@6-9,P7@0;SORT1@3;P8@6;SORT2@9,6.6,9.0,2,1.0,3.0,0,0,0,2,13.0
P7__OUT1__path_1,P7,OUT1,path_1,1,dijkstra_time+dijkstra_total+k_shortest_total,P7->SORT1->OUT1,e20->e24,e20@0-3;e24@3-5,P7@0;SORT1@3;OUT1@5,4.2,5.0,1,0.5,2.0,0,0,0,1,7.5
P7__OUT1__path_2,P7,OUT1,path_2,2,k_shortest_total,P7->P8->SORT1->OUT1,e18->e21->e24,e18@0-2;e21@2-5;e24@5-7,P7@0;P8@2;SORT1@5;OUT1@7,6.2,7.0,2,1.0,3.0,0,0,0,1,11.0
P7__OUT1__path_3,P7,OUT1,path_3,3,k_shortest_total,P7->P4->P5->P8->SORT1->OUT1,e15->e13->e16->e21->e24,e15@0-2;e13@2-4;e16@4-6;e21@6-9;e24@9-11,P7@0;P4@2;P5@4;P8@6;SORT1@9;OUT1@11,10.2,11.0,4,2.0,9.0,1,1,1,1,26.0
P7__OUT2__path_1,P7,OUT2,path_1,1,dijkstra_time+dijkstra_total+k_shortest_total,P7->P8->SORT2->OUT2,e18->e22->e25,e18@0-2;e22@2-5;e25@5-7,P7@0;P8@2;SORT2@5;OUT2@7,6.2,7.0,2,1.0,3.0,0,0,0,1,11.0
P7__OUT2__path_2,P7,OUT2,path_2,2,k_shortest_total,P7->P8->P9->SORT2->OUT2,e18->e19->e23->e25,e18@0-2;e19@2-4;e23@4-7;e25@7-9,P7@0;P8@2;P9@4;SORT2@7;OUT2@9,8.2,9.0,2,1.0,4.0,0,0,0,1,14.0
P7__OUT2__path_3,P7,OUT2,path_3,3,k_shortest_total,P7->SORT1->P8->SORT2->OUT2,e20->e21->e22->e25,e20@0-3;e21@3-6;e22@6-9;e25@9-11,P7@0;SORT1@3;P8@6;SORT2@9;OUT2@11,8.6,11.0,3,1.5,4.0,0,0,0,1,16.5
P7__CHG1__path_1,P7,CHG1,path_1,1,dijkstra_time+dijkstra_total+k_shortest_total,P7->P4->P1->J1->CHG1,e15->e10->e05->e26,e15@0-2;e10@2-4;e05@4-6;e26@6-8,P7@0;P4@2;P1@4;J1@6;CHG1@8,7.4,8.0,1,0.5,5.0,1,0,0,1,14.5
P7__CHG1__path_2,P7,CHG1,path_2,2,k_shortest_total,P7->P4->P1->P2->J2->J1->CHG1,e15->e10->e08->e06->e03->e26,e15@0-2;e10@2-4;e08@4-6;e06@6-8;e03@8-10;e26@10-12,P7@0;P4@2;P1@4;P2@6;J2@8;J1@10;CHG1@12,11.4,12.0,4,2.0,8.0,2,0,0,1,24.0
P7__CHG1__path_3,P7,CHG1,path_3,3,k_shortest_total,P7->P4->P5->P2->P1->J1->CHG1,e15->e13->e11->e08->e05->e26,e15@0-2;e13@2-4;e11@4-6;e08@6-8;e05@8-10;e26@10-12,P7@0;P4@2;P5@4;P2@6;P1@8;J1@10;CHG1@12,11.4,12.0,5,2.5,8.0,2,0,0,1,24.5
P7__CHG2__path_1,P7,CHG2,path_1,1,dijkstra_time+dijkstra_total+k_shortest_total,P7->CHG2,e27,e27@0-2,P7@0;CHG2@2,1.4,2.0,0,0.0,1.0,0,0,0,1,3.0
P8__IN1__path_1,P8,IN1,path_1,1,dijkstra_total+k_shortest_total,P8->P7->P4->P1->J1->IN1,e18->e15->e10->e05->e01,e18@0-2;e15@2-4;e10@4-6;e05@6-8;e01@8-10,P8@0;P7@2;P4@4;P1@6;J1@8;IN1@10,10.0,10.0,1,0.5,6.0,1,0,0,1,17.5
P8__IN1__path_2,P8,IN1,path_2,2,k_shortest_total,P8->SORT1->P7->P4->P1->J1->IN1,e21->e20->e15->e10->e05->e01,e21@0-3;e20@3-6;e15@6-8;e10@8-10;e05@10-12;e01@12-14,P8@0;SORT1@3;P7@6;P4@8;P1@10;J1@12;IN1@14,12.4,14.0,2,1.0,7.0,1,0,0,1,23.0
P8__IN1__path_3,P8,IN1,path_3,3,k_shortest_total,P8->P5->P2->P1->J1->IN1,e16->e11->e08->e05->e01,e16@0-2;e11@2-4;e08@4-6;e05@6-8;e01@8-10,P8@0;P5@2;P2@4;P1@6;J1@8;IN1@10,10.0,10.0,2,1.0,9.0,1,1,1,1,24.0
P8__IN1__path_4,P8,IN1,path_4,4,dijkstra_time,P8->P5->P2->J2->J1->IN1,e16->e11->e06->e03->e01,e16@0-2;e11@2-4;e06@4-6;e03@6-8;e01@8-10,P8@0;P5@2;P2@4;J2@6;J1@8;IN1@10,10.0,10.0,2,1.0,10.0,2,1,1,1,26.0
P8__IN2__path_1,P8,IN2,path_1,1,dijkstra_total+k_shortest_total,P8->P9->P6->P3->J3->IN2,e19->e17->e12->e07->e02,e19@0-2;e17@2-4;e12@4-6;e07@6-8;e02@8-10,P8@0;P9@2;P6@4;P3@6;J3@8;IN2@10,10.0,10.0,1,0.5,6.0,1,0,0,1,17.5
P8__IN2__path_2,P8,IN2,path_2,2,k_shortest_total,P8->SORT2->P9->P6->P3->J3->IN2,e22->e23->e17->e12->e07->e02,e22@0-3;e23@3-6;e17@6-8;e12@8-10;e07@10-12;e02@12-14,P8@0;SORT2@3;P9@6;P6@8;P3@10;J3@12;IN2@14,12.4,14.0,2,1.0,7.0,1,0,0,1,23.0
P8__IN2__path_3,P8,IN2,path_3,3,k_shortest_total,P8->P7->P4->P1->J1->J2->J3->IN2,e18->e15->e10->e05->e03->e04->e02,e18@0-2;e15@2-4;e10@4-6;e05@6-8;e03@8-10;e04@10-12;e02@12-14,P8@0;P7@2;P4@4;P1@6;J1@8;J2@10;J3@12;IN2@14,14.0,14.0,3,1.5,8.0,1,0,0,1,24.5
P8__IN2__path_4,P8,IN2,path_4,4,dijkstra_time,P8->P5->P2->J2->J3->IN2,e16->e11->e06->e04->e02,e16@0-2;e11@2-4;e06@4-6;e04@6-8;e02@8-10,P8@0;P5@2;P2@4;J2@6;J3@8;IN2@10,10.0,10.0,2,1.0,10.0,2,1,1,1,26.0
P8__P1__path_1,P8,P1,path_1,1,dijkstra_total+k_shortest_total,P8->P7->P4->P1,e18->e15->e10,e18@0-2;e15@2-4;e10@4-6,P8@0;P7@2;P4@4;P1@6,6.0,6.0,1,0.5,4.0,1,0,0,1,11.5
P8__P1__path_2,P8,P1,path_2,2,k_shortest_total,P8->SORT1->P7->P4->P1,e21->e20->e15->e10,e21@0-3;e20@3-6;e15@6-8;e10@8-10,P8@0;SORT1@3;P7@6;P4@8;P1@10,8.4,10.0,2,1.0,5.0,1,0,0,1,17.0
P8__P1__path_3,P8,P1,path_3,3,dijkstra_time+k_shortest_total,P8->P5->P2->P1,e16->e11->e08,e16@0-2;e11@2-4;e08@4-6,P8@0;P5@2;P2@4;P1@6,6.0,6.0,1,0.5,7.0,1,1,1,1,17.5
P8__P2__path_1,P8,P2,path_1,1,dijkstra_time+dijkstra_total+k_shortest_total,P8->P5->P2,e16->e11,e16@0-2;e11@2-4,P8@0;P5@2;P2@4,4.0,4.0,0,0.0,6.0,1,1,1,1,14.0
P8__P2__path_2,P8,P2,path_2,2,k_shortest_total,P8->P7->P4->P1->P2,e18->e15->e10->e08,e18@0-2;e15@2-4;e10@4-6;e08@6-8,P8@0;P7@2;P4@4;P1@6;P2@8,8.0,8.0,2,1.0,5.0,1,0,0,1,15.0
P8__P2__path_3,P8,P2,path_3,3,k_shortest_total,P8->P9->P6->P3->P2,e19->e17->e12->e09,e19@0-2;e17@2-4;e12@4-6;e09@6-8,P8@0;P9@2;P6@4;P3@6;P2@8,8.0,8.0,2,1.0,5.0,1,0,0,1,15.0
P8__P3__path_1,P8,P3,path_1,1,dijkstra_total+k_shortest_total,P8->P9->P6->P3,e19->e17->e12,e19@0-2;e17@2-4;e12@4-6,P8@0;P9@2;P6@4;P3@6,6.0,6.0,1,0.5,4.0,1,0,0,1,11.5
P8__P3__path_2,P8,P3,path_2,2,k_shortest_total,P8->SORT2->P9->P6->P3,e22->e23->e17->e12,e22@0-3;e23@3-6;e17@6-8;e12@8-10,P8@0;SORT2@3;P9@6;P6@8;P3@10,8.4,10.0,2,1.0,5.0,1,0,0,1,17.0
P8__P3__path_3,P8,P3,path_3,3,dijkstra_time+k_shortest_total,P8->P5->P2->P3,e16->e11->e09,e16@0-2;e11@2-4;e09@4-6,P8@0;P5@2;P2@4;P3@6,6.0,6.0,1,0.5,7.0,1,1,1,1,17.5
P8__P4__path_1,P8,P4,path_1,1,dijkstra_total+k_shortest_total,P8->P7->P4,e18->e15,e18@0-2;e15@2-4,P8@0;P7@2;P4@4,4.0,4.0,1,0.5,2.0,0,0,0,2,6.5
P8__P4__path_2,P8,P4,path_2,2,k_shortest_total,P8->SORT1->P7->P4,e21->e20->e15,e21@0-3;e20@3-6;e15@6-8,P8@0;SORT1@3;P7@6;P4@8,6.4,8.0,2,1.0,3.0,0,0,0,2,12.0
P8__P4__path_3,P8,P4,path_3,3,dijkstra_time+k_shortest_total,P8->P5->P4,e16->e13,e16@0-2;e13@2-4,P8@0;P5@2;P4@4,4.0,4.0,1,0.5,6.0,1,1,1,1,14.5
P8__P5__path_1,P8,P5,path_1,1,dijkstra_time+dijkstra_total+k_shortest_total,P8->P5,e16,e16@0-2,P8@0;P5@2,2.0,2.0,0,0.0,4.0,0,1,1,1,9.0
P8__P5__path_2,P8,P5,path_2,2,k_shortest_total,P8->P7->P4->P5,e18->e15->e13,e18@0-2;e15@2-4;e13@4-6,P8@0;P7@2;P4@4;P5@6,6.0,6.0,2,1.0,4.0,1,0,0,1,12.0
P8__P5__path_3,P8,P5,path_3,3,k_shortest_total,P8->P9->P6->P5,e19->e17->e14,e19@0-2;e17@2-4;e14@4-6,P8@0;P9@2;P6@4;P5@6,6.0,6.0,2,1.0,4.0,1,0,0,1,12.0
P8__P6__path_1,P8,P6,path_1,1,dijkstra_total+k_shortest_total,P8->P9->P6,e19->e17,e19@0-2;e17@2-4,P8@0;P9@2;P6@4,4.0,4.0,1,0.5,2.0,0,0,0,2,6.5
P8__P6__path_2,P8,P6,path_2,2,k_shortest_total,P8->SORT2->P9->P6,e22->e23->e17,e22@0-3;e23@3-6;e17@6-8,P8@0;SORT2@3;P9@6;P6@8,6.4,8.0,2,1.0,3.0,0,0,0,2,12.0
P8__P6__path_3,P8,P6,path_3,3,dijkstra_time+k_shortest_total,P8->P5->P6,e16->e14,e16@0-2;e14@2-4,P8@0;P5@2;P6@4,4.0,4.0,1,0.5,6.0,1,1,1,1,14.5
P8__P7__path_1,P8,P7,path_1,1,dijkstra_time+dijkstra_total+k_shortest_total,P8->P7,e18,e18@0-2,P8@0;P7@2,2.0,2.0,0,0.0,1.0,0,0,0,2,3.0
P8__P7__path_2,P8,P7,path_2,2,k_shortest_total,P8->SORT1->P7,e21->e20,e21@0-3;e20@3-6,P8@0;SORT1@3;P7@6,4.4,6.0,1,0.5,2.0,0,0,0,2,8.5
P8__P7__path_3,P8,P7,path_3,3,k_shortest_total,P8->P5->P4->P7,e16->e13->e15,e16@0-2;e13@2-4;e15@4-6,P8@0;P5@2;P4@4;P7@6,6.0,6.0,2,1.0,7.0,1,1,1,1,18.0
P8__P9__path_1,P8,P9,path_1,1,dijkstra_time+dijkstra_total+k_shortest_total,P8->P9,e19,e19@0-2,P8@0;P9@2,2.0,2.0,0,0.0,1.0,0,0,0,2,3.0
P8__P9__path_2,P8,P9,path_2,2,k_shortest_total,P8->SORT2->P9,e22->e23,e22@0-3;e23@3-6,P8@0;SORT2@3;P9@6,4.4,6.0,1,0.5,2.0,0,0,0,2,8.5
P8__P9__path_3,P8,P9,path_3,3,k_shortest_total,P8->P5->P6->P9,e16->e14->e17,e16@0-2;e14@2-4;e17@4-6,P8@0;P5@2;P6@4;P9@6,6.0,6.0,2,1.0,7.0,1,1,1,1,18.0
P8__SORT1__path_1,P8,SORT1,path_1,1,dijkstra_time+dijkstra_total+k_shortest_total,P8->SORT1,e21,e21@0-3,P8@0;SORT1@3,2.2,3.0,0,0.0,1.0,0,0,0,2,4.0
P8__SORT1__path_2,P8,SORT1,path_2,2,k_shortest_total,P8->P7->SORT1,e18->e20,e18@0-2;e20@2-5,P8@0;P7@2;SORT1@5,4.2,5.0,1,0.5,2.0,0,0,0,2,7.5
P8__SORT1__path_3,P8,SORT1,path_3,3,k_shortest_total,P8->P5->P4->P7->SORT1,e16->e13->e15->e20,e16@0-2;e13@2-4;e15@4-6;e20@6-9,P8@0;P5@2;P4@4;P7@6;SORT1@9,8.2,9.0,3,1.5,8.0,1,1,1,1,22.5
P8__SORT2__path_1,P8,SORT2,path_1,1,dijkstra_time+dijkstra_total+k_shortest_total,P8->SORT2,e22,e22@0-3,P8@0;SORT2@3,2.2,3.0,0,0.0,1.0,0,0,0,2,4.0
P8__SORT2__path_2,P8,SORT2,path_2,2,k_shortest_total,P8->P9->SORT2,e19->e23,e19@0-2;e23@2-5,P8@0;P9@2;SORT2@5,4.2,5.0,1,0.5,2.0,0,0,0,2,7.5
P8__SORT2__path_3,P8,SORT2,path_3,3,k_shortest_total,P8->P5->P6->P9->SORT2,e16->e14->e17->e23,e16@0-2;e14@2-4;e17@4-6;e23@6-9,P8@0;P5@2;P6@4;P9@6;SORT2@9,8.2,9.0,3,1.5,8.0,1,1,1,1,22.5
P8__OUT1__path_1,P8,OUT1,path_1,1,dijkstra_time+dijkstra_total+k_shortest_total,P8->SORT1->OUT1,e21->e24,e21@0-3;e24@3-5,P8@0;SORT1@3;OUT1@5,4.2,5.0,1,0.5,2.0,0,0,0,1,7.5
P8__OUT1__path_2,P8,OUT1,path_2,2,k_shortest_total,P8->P7->SORT1->OUT1,e18->e20->e24,e18@0-2;e20@2-5;e24@5-7,P8@0;P7@2;SORT1@5;OUT1@7,6.2,7.0,2,1.0,3.0,0,0,0,1,11.0
P8__OUT1__path_3,P8,OUT1,path_3,3,k_shortest_total,P8->P5->P4->P7->SORT1->OUT1,e16->e13->e15->e20->e24,e16@0-2;e13@2-4;e15@4-6;e20@6-9;e24@9-11,P8@0;P5@2;P4@4;P7@6;SORT1@9;OUT1@11,10.2,11.0,4,2.0,9.0,1,1,1,1,26.0
P8__OUT2__path_1,P8,OUT2,path_1,1,dijkstra_time+dijkstra_total+k_shortest_total,P8->SORT2->OUT2,e22->e25,e22@0-3;e25@3-5,P8@0;SORT2@3;OUT2@5,4.2,5.0,1,0.5,2.0,0,0,0,1,7.5
P8__OUT2__path_2,P8,OUT2,path_2,2,k_shortest_total,P8->P9->SORT2->OUT2,e19->e23->e25,e19@0-2;e23@2-5;e25@5-7,P8@0;P9@2;SORT2@5;OUT2@7,6.2,7.0,2,1.0,3.0,0,0,0,1,11.0
P8__OUT2__path_3,P8,OUT2,path_3,3,k_shortest_total,P8->P5->P6->P9->SORT2->OUT2,e16->e14->e17->e23->e25,e16@0-2;e14@2-4;e17@4-6;e23@6-9;e25@9-11,P8@0;P5@2;P6@4;P9@6;SORT2@9;OUT2@11,10.2,11.0,4,2.0,9.0,1,1,1,1,26.0
P8__CHG1__path_1,P8,CHG1,path_1,1,dijkstra_total+k_shortest_total,P8->P7->P4->P1->J1->CHG1,e18->e15->e10->e05->e26,e18@0-2;e15@2-4;e10@4-6;e05@6-8;e26@8-10,P8@0;P7@2;P4@4;P1@6;J1@8;CHG1@10,9.4,10.0,2,1.0,6.0,1,0,0,1,18.0
P8__CHG1__path_2,P8,CHG1,path_2,2,k_shortest_total,P8->SORT1->P7->P4->P1->J1->CHG1,e21->e20->e15->e10->e05->e26,e21@0-3;e20@3-6;e15@6-8;e10@8-10;e05@10-12;e26@12-14,P8@0;SORT1@3;P7@6;P4@8;P1@10;J1@12;CHG1@14,11.8,14.0,3,1.5,7.0,1,0,0,1,23.5
P8__CHG1__path_3,P8,CHG1,path_3,3,k_shortest_total,P8->P5->P2->P1->J1->CHG1,e16->e11->e08->e05->e26,e16@0-2;e11@2-4;e08@4-6;e05@6-8;e26@8-10,P8@0;P5@2;P2@4;P1@6;J1@8;CHG1@10,9.4,10.0,3,1.5,9.0,1,1,1,1,24.5
P8__CHG1__path_4,P8,CHG1,path_4,4,dijkstra_time,P8->P5->P2->J2->J1->CHG1,e16->e11->e06->e03->e26,e16@0-2;e11@2-4;e06@4-6;e03@6-8;e26@8-10,P8@0;P5@2;P2@4;J2@6;J1@8;CHG1@10,9.4,10.0,2,1.0,10.0,2,1,1,1,26.0
P8__CHG2__path_1,P8,CHG2,path_1,1,dijkstra_time+dijkstra_total+k_shortest_total,P8->P7->CHG2,e18->e27,e18@0-2;e27@2-4,P8@0;P7@2;CHG2@4,3.4,4.0,1,0.5,2.0,0,0,0,1,6.5
P8__CHG2__path_2,P8,CHG2,path_2,2,k_shortest_total,P8->SORT1->P7->CHG2,e21->e20->e27,e21@0-3;e20@3-6;e27@6-8,P8@0;SORT1@3;P7@6;CHG2@8,5.8,8.0,2,1.0,3.0,0,0,0,1,12.0
P8__CHG2__path_3,P8,CHG2,path_3,3,k_shortest_total,P8->P5->P4->P7->CHG2,e16->e13->e15->e27,e16@0-2;e13@2-4;e15@4-6;e27@6-8,P8@0;P5@2;P4@4;P7@6;CHG2@8,7.4,8.0,3,1.5,8.0,1,1,1,1,21.5
P9__IN1__path_1,P9,IN1,path_1,1,dijkstra_total+k_shortest_total,P9->P8->P7->P4->P1->J1->IN1,e19->e18->e15->e10->e05->e01,e19@0-2;e18@2-4;e15@4-6;e10@6-8;e05@8-10;e01@10-12,P9@0;P8@2;P7@4;P4@6;P1@8;J1@10;IN1@12,12.0,12.0,1,0.5,7.0,1,0,0,1,20.5
P9__IN1__path_2,P9,IN1,path_2,2,dijkstra_time+k_shortest_total,P9->P6->P3->J3->J2->J1->IN1,e17->e12->e07->e04->e03->e01,e17@0-2;e12@2-4;e07@4-6;e04@6-8;e03@8-10;e01@10-12,P9@0;P6@2;P3@4;J3@6;J2@8;J1@10;IN1@12,12.0,12.0,2,1.0,7.0,1,0,0,1,21.0
P9__IN1__path_3,P9,IN1,path_3,3,k_shortest_total,P9->P6->P3->P2->P1->J1->IN1,e17->e12->e09->e08->e05->e01,e17@0-2;e12@2-4;e09@4-6;e08@6-8;e05@8-10;e01@10-12,P9@0;P6@2;P3@4;P2@6;P1@8;J1@10;IN1@12,12.0,12.0,2,1.0,7.0,1,0,0,1,21.0
P9__IN2__path_1,P9,IN2,path_1,1,dijkstra_time+dijkstra_total+k_shortest_total,P9->P6->P3->J3->IN2,e17->e12->e07->e02,e17@0-2;e12@2-4;e07@4-6;e02@6-8,P9@0;P6@2;P3@4;J3@6;IN2@8,8.0,8.0,0,0.0,5.0,1,0,0,1,14.0
P9__IN2__path_2,P9,IN2,path_2,2,k_shortest_total,P9->P6->P5->P2->P3->J3->IN2,e17->e14->e11->e09->e07->e02,e17@0-2;e14@2-4;e11@4-6;e09@6-8;e07@8-10;e02@10-12,P9@0;P6@2;P5@4;P2@6;P3@8;J3@10;IN2@12,12.0,12.0,4,2.0,8.0,2,0,0,1,24.0
P9__IN2__path_3,P9,IN2,path_3,3,k_shortest_total,P9->P6->P3->P2->J2->J3->IN2,e17->e12->e09->e06->e04->e02,e17@0-2;e12@2-4;e09@4-6;e06@6-8;e04@8-10;e02@10-12,P9@0;P6@2;P3@4;P2@6;J2@8;J3@10;IN2@12,12.0,12.0,4,2.0,8.0,2,0,0,1,24.0
P9__P1__path_1,P9,P1,path_1,1,dijkstra_time+dijkstra_total+k_shortest_total,P9->P6->P3->P2->P1,e17->e12->e09->e08,e17@0-2;e12@2-4;e09@4-6;e08@6-8,P9@0;P6@2;P3@4;P2@6;P1@8,8.0,8.0,1,0.5,5.0,1,0,0,1,14.5
P9__P1__path_2,P9,P1,path_2,2,k_shortest_total,P9->P8->P7->P4->P1,e19->e18->e15->e10,e19@0-2;e18@2-4;e15@4-6;e10@6-8,P9@0;P8@2;P7@4;P4@6;P1@8,8.0,8.0,1,0.5,5.0,1,0,0,1,14.5
P9__P1__path_3,P9,P1,path_3,3,k_shortest_total,P9->P6->P5->P2->P1,e17->e14->e11->e08,e17@0-2;e14@2-4;e11@4-6;e08@6-8,P9@0;P6@2;P5@4;P2@6;P1@8,8.0,8.0,3,1.5,6.0,2,0,0,1,17.5
P9__P2__path_1,P9,P2,path_1,1,dijkstra_time+dijkstra_total+k_shortest_total,P9->P6->P3->P2,e17->e12->e09,e17@0-2;e12@2-4;e09@4-6,P9@0;P6@2;P3@4;P2@6,6.0,6.0,1,0.5,4.0,1,0,0,1,11.5
P9__P2__path_2,P9,P2,path_2,2,k_shortest_total,P9->P6->P5->P2,e17->e14->e11,e17@0-2;e14@2-4;e11@4-6,P9@0;P6@2;P5@4;P2@6,6.0,6.0,2,1.0,5.0,2,0,0,1,14.0
P9__P2__path_3,P9,P2,path_3,3,k_shortest_total,P9->P8->P5->P2,e19->e16->e11,e19@0-2;e16@2-4;e11@4-6,P9@0;P8@2;P5@4;P2@6,6.0,6.0,1,0.5,7.0,1,1,1,1,17.5
P9__P3__path_1,P9,P3,path_1,1,dijkstra_time+dijkstra_total+k_shortest_total,P9->P6->P3,e17->e12,e17@0-2;e12@2-4,P9@0;P6@2;P3@4,4.0,4.0,0,0.0,3.0,1,0,0,1,8.0
P9__P3__path_2,P9,P3,path_2,2,k_shortest_total,P9->P6->P5->P2->P3,e17->e14->e11->e09,e17@0-2;e14@2-4;e11@4-6;e09@6-8,P9@0;P6@2;P5@4;P2@6;P3@8,8.0,8.0,3,1.5,6.0,2,0,0,1,17.5
P9__P3__path_3,P9,P3,path_3,3,k_shortest_total,P9->P8->P5->P2->P3,e19->e16->e11->e09,e19@0-2;e16@2-4;e11@4-6;e09@6-8,P9@0;P8@2;P5@4;P2@6;P3@8,8.0,8.0,2,1.0,8.0,1,1,1,1,21.0
P9__P4__path_1,P9,P4,path_1,1,dijkstra_total+k_shortest_total,P9->P8->P7->P4,e19->e18->e15,e19@0-2;e18@2-4;e15@4-6,P9@0;P8@2;P7@4;P4@6,6.0,6.0,1,0.5,3.0,0,0,0,2,9.5
P9__P4__path_2,P9,P4,path_2,2,dijkstra_time+k_shortest_total,P9->P6->P5->P4,e17->e14->e13,e17@0-2;e14@2-4;e13@4-6,P9@0;P6@2;P5@4;P4@6,6.0,6.0,1,0.5,5.0,2,0,0,1,13.5
P9__P4__path_3,P9,P4,path_3,3,k_shortest_total,P9->P8->SORT1->P7->P4,e19->e21->e20->e15,e19@0-2;e21@2-5;e20@5-8;e15@8-10,P9@0;P8@2;SORT1@5;P7@8;P4@10,8.4,10.0,3,1.5,4.0,0,0,0,2,15.5
P9__P5__path_1,P9,P5,path_1,1,dijkstra_time+dijkstra_total+k_shortest_total,P9->P6->P5,e17->e14,e17@0-2;e14@2-4,P9@0;P6@2;P5@4,4.0,4.0,1,0.5,3.0,1,0,0,1,8.5
P9__P5__path_2,P9,P5,path_2,2,k_shortest_total,P9->P8->P5,e19->e16,e19@0-2;e16@2-4,P9@0;P8@2;P5@4,4.0,4.0,1,0.5,5.0,0,1,1,1,12.5
P9__P5__path_3,P9,P5,path_3,3,k_shortest_total,P9->P8->P7->P4->P5,e19->e18->e15->e13,e19@0-2;e18@2-4;e15@4-6;e13@6-8,P9@0;P8@2;P7@4;P4@6;P5@8,8.0,8.0,2,1.0,5.0,1,0,0,1,15.0
P9__P6__path_1,P9,P6,path_1,1,dijkstra_time+dijkstra_total+k_shortest_total,P9->P6,e17,e17@0-2,P9@0;P6@2,2.0,2.0,0,0.0,1.0,0,0,0,2,3.0
P9__P6__path_2,P9,P6,path_2,2,k_shortest_total,P9->P8->P5->P6,e19->e16->e14,e19@0-2;e16@2-4;e14@4-6,P9@0;P8@2;P5@4;P6@6,6.0,6.0,2,1.0,7.0,1,1,1,1,18.0
P9__P6__path_3,P9,P6,path_3,3,k_shortest_total,P9->P8->P7->P4->P5->P6,e19->e18->e15->e13->e14,e19@0-2;e18@2-4;e15@4-6;e13@6-8;e14@8-10,P9@0;P8@2;P7@4;P4@6;P5@8;P6@10,10.0,10.0,2,1.0,7.0,2,0,0,1,20.0
P9__P7__path_1,P9,P7,path_1,1,dijkstra_time+dijkstra_total+k_shortest_total,P9->P8->P7,e19->e18,e19@0-2;e18@2-4,P9@0;P8@2;P7@4,4.0,4.0,0,0.0,2.0,0,0,0,2,6.0
P9__P7__path_2,P9,P7,path_2,2,k_shortest_total,P9->SORT2->P8->P7,e23->e22->e18,e23@0-3;e22@3-6;e18@6-8,P9@0;SORT2@3;P8@6;P7@8,6.4,8.0,2,1.0,3.0,0,0,0,2,12.0
P9__P7__path_3,P9,P7,path_3,3,k_shortest_total,P9->P8->SORT1->P7,e19->e21->e20,e19@0-2;e21@2-5;e20@5-8,P9@0;P8@2;SORT1@5;P7@8,6.4,8.0,2,1.0,3.0,0,0,0,2,12.0
P9__P8__path_1,P9,P8,path_1,1,dijkstra_time+dijkstra_total+k_shortest_total,P9->P8,e19,e19@0-2,P9@0;P8@2,2.0,2.0,0,0.0,1.0,0,0,0,2,3.0
P9__P8__path_2,P9,P8,path_2,2,k_shortest_total,P9->SORT2->P8,e23->e22,e23@0-3;e22@3-6,P9@0;SORT2@3;P8@6,4.4,6.0,1,0.5,2.0,0,0,0,2,8.5
P9__P8__path_3,P9,P8,path_3,3,k_shortest_total,P9->P6->P5->P8,e17->e14->e16,e17@0-2;e14@2-4;e16@4-6,P9@0;P6@2;P5@4;P8@6,6.0,6.0,2,1.0,7.0,1,1,1,1,18.0
P9__SORT1__path_1,P9,SORT1,path_1,1,dijkstra_time+dijkstra_total+k_shortest_total,P9->P8->SORT1,e19->e21,e19@0-2;e21@2-5,P9@0;P8@2;SORT1@5,4.2,5.0,1,0.5,2.0,0,0,0,2,7.5
P9__SORT1__path_2,P9,SORT1,path_2,2,k_shortest_total,P9->P8->P7->SORT1,e19->e18->e20,e19@0-2;e18@2-4;e20@4-7,P9@0;P8@2;P7@4;SORT1@7,6.2,7.0,1,0.5,3.0,0,0,0,2,10.5
P9__SORT1__path_3,P9,SORT1,path_3,3,k_shortest_total,P9->SORT2->P8->SORT1,e23->e22->e21,e23@0-3;e22@3-6;e21@6-9,P9@0;SORT2@3;P8@6;SORT1@9,6.6,9.0,2,1.0,3.0,0,0,0,2,13.0
P9__SORT2__path_1,P9,SORT2,path_1,1,dijkstra_time+dijkstra_total+k_shortest_total,P9->SORT2,e23,e23@0-3,P9@0;SORT2@3,2.2,3.0,0,0.0,1.0,0,0,0,2,4.0
P9__SORT2__path_2,P9,SORT2,path_2,2,k_shortest_total,P9->P8->SORT2,e19->e22,e19@0-2;e22@2-5,P9@0;P8@2;SORT2@5,4.2,5.0,1,0.5,2.0,0,0,0,2,7.5
P9__SORT2__path_3,P9,SORT2,path_3,3,k_shortest_total,P9->P6->P5->P8->SORT2,e17->e14->e16->e22,e17@0-2;e14@2-4;e16@4-6;e22@6-9,P9@0;P6@2;P5@4;P8@6;SORT2@9,8.2,9.0,3,1.5,8.0,1,1,1,1,22.5
P9__OUT1__path_1,P9,OUT1,path_1,1,dijkstra_time+dijkstra_total+k_shortest_total,P9->P8->SORT1->OUT1,e19->e21->e24,e19@0-2;e21@2-5;e24@5-7,P9@0;P8@2;SORT1@5;OUT1@7,6.2,7.0,2,1.0,3.0,0,0,0,1,11.0
P9__OUT1__path_2,P9,OUT1,path_2,2,k_shortest_total,P9->P8->P7->SORT1->OUT1,e19->e18->e20->e24,e19@0-2;e18@2-4;e20@4-7;e24@7-9,P9@0;P8@2;P7@4;SORT1@7;OUT1@9,8.2,9.0,2,1.0,4.0,0,0,0,1,14.0
P9__OUT1__path_3,P9,OUT1,path_3,3,k_shortest_total,P9->SORT2->P8->SORT1->OUT1,e23->e22->e21->e24,e23@0-3;e22@3-6;e21@6-9;e24@9-11,P9@0;SORT2@3;P8@6;SORT1@9;OUT1@11,8.6,11.0,3,1.5,4.0,0,0,0,1,16.5
P9__OUT2__path_1,P9,OUT2,path_1,1,dijkstra_time+dijkstra_total+k_shortest_total,P9->SORT2->OUT2,e23->e25,e23@0-3;e25@3-5,P9@0;SORT2@3;OUT2@5,4.2,5.0,1,0.5,2.0,0,0,0,1,7.5
P9__OUT2__path_2,P9,OUT2,path_2,2,k_shortest_total,P9->P8->SORT2->OUT2,e19->e22->e25,e19@0-2;e22@2-5;e25@5-7,P9@0;P8@2;SORT2@5;OUT2@7,6.2,7.0,2,1.0,3.0,0,0,0,1,11.0
P9__OUT2__path_3,P9,OUT2,path_3,3,k_shortest_total,P9->P6->P5->P8->SORT2->OUT2,e17->e14->e16->e22->e25,e17@0-2;e14@2-4;e16@4-6;e22@6-9;e25@9-11,P9@0;P6@2;P5@4;P8@6;SORT2@9;OUT2@11,10.2,11.0,4,2.0,9.0,1,1,1,1,26.0
P9__CHG1__path_1,P9,CHG1,path_1,1,dijkstra_time+k_shortest_total,P9->P6->P3->J3->J2->J1->CHG1,e17->e12->e07->e04->e03->e26,e17@0-2;e12@2-4;e07@4-6;e04@6-8;e03@8-10;e26@10-12,P9@0;P6@2;P3@4;J3@6;J2@8;J1@10;CHG1@12,11.4,12.0,2,1.0,7.0,1,0,0,1,21.0
P9__CHG1__path_2,P9,CHG1,path_2,2,dijkstra_total+k_shortest_total,P9->P8->P7->P4->P1->J1->CHG1,e19->e18->e15->e10->e05->e26,e19@0-2;e18@2-4;e15@4-6;e10@6-8;e05@8-10;e26@10-12,P9@0;P8@2;P7@4;P4@6;P1@8;J1@10;CHG1@12,11.4,12.0,2,1.0,7.0,1,0,0,1,21.0
P9__CHG1__path_3,P9,CHG1,path_3,3,k_shortest_total,P9->P6->P3->P2->P1->J1->CHG1,e17->e12->e09->e08->e05->e26,e17@0-2;e12@2-4;e09@4-6;e08@6-8;e05@8-10;e26@10-12,P9@0;P6@2;P3@4;P2@6;P1@8;J1@10;CHG1@12,11.4,12.0,3,1.5,7.0,1,0,0,1,21.5
P9__CHG2__path_1,P9,CHG2,path_1,1,dijkstra_time+dijkstra_total+k_shortest_total,P9->P8->P7->CHG2,e19->e18->e27,e19@0-2;e18@2-4;e27@4-6,P9@0;P8@2;P7@4;CHG2@6,5.4,6.0,1,0.5,3.0,0,0,0,1,9.5
P9__CHG2__path_2,P9,CHG2,path_2,2,k_shortest_total,P9->SORT2->P8->P7->CHG2,e23->e22->e18->e27,e23@0-3;e22@3-6;e18@6-8;e27@8-10,P9@0;SORT2@3;P8@6;P7@8;CHG2@10,7.8,10.0,3,1.5,4.0,0,0,0,1,15.5
P9__CHG2__path_3,P9,CHG2,path_3,3,k_shortest_total,P9->P8->SORT1->P7->CHG2,e19->e21->e20->e27,e19@0-2;e21@2-5;e20@5-8;e27@8-10,P9@0;P8@2;SORT1@5;P7@8;CHG2@10,7.8,10.0,3,1.5,4.0,0,0,0,1,15.5
SORT1__IN1__path_1,SORT1,IN1,path_1,1,dijkstra_time+dijkstra_total+k_shortest_total,SORT1->P7->P4->P1->J1->IN1,e20->e15->e10->e05->e01,e20@0-3;e15@3-5;e10@5-7;e05@7-9;e01@9-11,SORT1@0;P7@3;P4@5;P1@7;J1@9;IN1@11,10.2,11.0,1,0.5,6.0,1,0,0,1,18.5
SORT1__IN1__path_2,SORT1,IN1,path_2,2,k_shortest_total,SORT1->P8->P7->P4->P1->J1->IN1,e21->e18->e15->e10->e05->e01,e21@0-3;e18@3-5;e15@5-7;e10@7-9;e05@9-11;e01@11-13,SORT1@0;P8@3;P7@5;P4@7;P1@9;J1@11;IN1@13,12.2,13.0,2,1.0,7.0,1,0,0,1,22.0
SORT1__IN1__path_3,SORT1,IN1,path_3,3,k_shortest_total,SORT1->P7->P4->P5->P2->P1->J1->IN1,e20->e15->e13->e11->e08->e05->e01,e20@0-3;e15@3-5;e13@5-7;e11@7-9;e08@9-11;e05@11-13;e01@13-15,SORT1@0;P7@3;P4@5;P5@7;P2@9;P1@11;J1@13;IN1@15,14.2,15.0,5,2.5,9.0,2,0,0,1,28.5
SORT1__IN2__path_1,SORT1,IN2,path_1,1,dijkstra_total+k_shortest_total,SORT1->P8->P9->P6->P3->J3->IN2,e21->e19->e17->e12->e07->e02,e21@0-3;e19@3-5;e17@5-7;e12@7-9;e07@9-11;e02@11-13,SORT1@0;P8@3;P9@5;P6@7;P3@9;J3@11;IN2@13,12.2,13.0,2,1.0,7.0,1,0,0,1,22.0
SORT1__IN2__path_2,SORT1,IN2,path_2,2,k_shortest_total,SORT1->P7->P8->P9->P6->P3->J3->IN2,e20->e18->e19->e17->e12->e07->e02,e20@0-3;e18@3-5;e19@5-7;e17@7-9;e12@9-11;e07@11-13;e02@13-15,SORT1@0;P7@3;P8@5;P9@7;P6@9;P3@11;J3@13;IN2@15,14.2,15.0,2,1.0,8.0,1,0,0,1,25.0
SORT1__IN2__path_3,SORT1,IN2,path_3,3,k_shortest_total,SORT1->P7->P4->P1->J1->J2->J3->IN2,e20->e15->e10->e05->e03->e04->e02,e20@0-3;e15@3-5;e10@5-7;e05@7-9;e03@9-11;e04@11-13;e02@13-15,SORT1@0;P7@3;P4@5;P1@7;J1@9;J2@11;J3@13;IN2@15,14.2,15.0,3,1.5,8.0,1,0,0,1,25.5
SORT1__IN2__path_4,SORT1,IN2,path_4,4,dijkstra_time,SORT1->P8->P5->P2->J2->J3->IN2,e21->e16->e11->e06->e04->e02,e21@0-3;e16@3-5;e11@5-7;e06@7-9;e04@9-11;e02@11-13,SORT1@0;P8@3;P5@5;P2@7;J2@9;J3@11;IN2@13,12.2,13.0,3,1.5,11.0,2,1,1,1,30.5
SORT1__P1__path_1,SORT1,P1,path_1,1,dijkstra_time+dijkstra_total+k_shortest_total,SORT1->P7->P4->P1,e20->e15->e10,e20@0-3;e15@3-5;e10@5-7,SORT1@0;P7@3;P4@5;P1@7,6.2,7.0,1,0.5,4.0,1,0,0,1,12.5
SORT1__P1__path_2,SORT1,P1,path_2,2,k_shortest_total,SORT1->P8->P7->P4->P1,e21->e18->e15->e10,e21@0-3;e18@3-5;e15@5-7;e10@7-9,SORT1@0;P8@3;P7@5;P4@7;P1@9,8.2,9.0,2,1.0,5.0,1,0,0,1,16.0
SORT1__P1__path_3,SORT1,P1,path_3,3,k_shortest_total,SORT1->P7->P4->P5->P2->P1,e20->e15->e13->e11->e08,e20@0-3;e15@3-5;e13@5-7;e11@7-9;e08@9-11,SORT1@0;P7@3;P4@5;P5@7;P2@9;P1@11,10.2,11.0,4,2.0,7.0,2,0,0,1,22.0
SORT1__P2__path_1,SORT1,P2,path_1,1,dijkstra_total+k_shortest_total,SORT1->P7->P4->P1->P2,e20->e15->e10->e08,e20@0-3;e15@3-5;e10@5-7;e08@7-9,SORT1@0;P7@3;P4@5;P1@7;P2@9,8.2,9.0,2,1.0,5.0,1,0,0,1,16.0
SORT1__P2__path_2,SORT1,P2,path_2,2,dijkstra_time+k_shortest_total,SORT1->P8->P5->P2,e21->e16->e11,e21@0-3;e16@3-5;e11@5-7,SORT1@0;P8@3;P5@5;P2@7,6.2,7.0,1,0.5,7.0,1,1,1,1,18.5
SORT1__P2__path_3,SORT1,P2,path_3,3,k_shortest_total,SORT1->P7->P4->P5->P2,e20->e15->e13->e11,e20@0-3;e15@3-5;e13@5-7;e11@7-9,SORT1@0;P7@3;P4@5;P5@7;P2@9,8.2,9.0,3,1.5,6.0,2,0,0,1,18.5
SORT1__P3__path_1,SORT1,P3,path_1,1,dijkstra_total+k_shortest_total,SORT1->P8->P9->P6->P3,e21->e19->e17->e12,e21@0-3;e19@3-5;e17@5-7;e12@7-9,SORT1@0;P8@3;P9@5;P6@7;P3@9,8.2,9.0,2,1.0,5.0,1,0,0,1,16.0
SORT1__P3__path_2,SORT1,P3,path_2,2,k_shortest_total,SORT1->P7->P4->P1->P2->P3,e20->e15->e10->e08->e09,e20@0-3;e15@3-5;e10@5-7;e08@7-9;e09@9-11,SORT1@0;P7@3;P4@5;P1@7;P2@9;P3@11,10.2,11.0,2,1.0,6.0,1,0,0,1,19.0
SORT1__P3__path_3,SORT1,P3,path_3,3,k_shortest_total,SORT1->P7->P8->P9->P6->P3,e20->e18->e19->e17->e12,e20@0-3;e18@3-5;e19@5-7;e17@7-9;e12@9-11,SORT1@0;P7@3;P8@5;P9@7;P6@9;P3@11,10.2,11.0,2,1.0,6.0,1,0,0,1,19.0
SORT1__P3__path_4,SORT1,P3,path_4,4,dijkstra_time,SORT1->P8->P5->P2->P3,e21->e16->e11->e09,e21@0-3;e16@3-5;e11@5-7;e09@7-9,SORT1@0;P8@3;P5@5;P2@7;P3@9,8.2,9.0,2,1.0,8.0,1,1,1,1,22.0
SORT1__P4__path_1,SORT1,P4,path_1,1,dijkstra_time+dijkstra_total+k_shortest_total,SORT1->P7->P4,e20->e15,e20@0-3;e15@3-5,SORT1@0;P7@3;P4@5,4.2,5.0,1,0.5,2.0,0,0,0,2,7.5
SORT1__P4__path_2,SORT1,P4,path_2,2,k_shortest_total,SORT1->P8->P7->P4,e21->e18->e15,e21@0-3;e18@3-5;e15@5-7,SORT1@0;P8@3;P7@5;P4@7,6.2,7.0,2,1.0,3.0,0,0,0,2,11.0
SORT1__P4__path_3,SORT1,P4,path_3,3,k_shortest_total,SORT1->P8->P5->P4,e21->e16->e13,e21@0-3;e16@3-5;e13@5-7,SORT1@0;P8@3;P5@5;P4@7,6.2,7.0,2,1.0,7.0,1,1,1,1,19.0
SORT1__P5__path_1,SORT1,P5,path_1,1,dijkstra_total+k_shortest_total,SORT1->P7->P4->P5,e20->e15->e13,e20@0-3;e15@3-5;e13@5-7,SORT1@0;P7@3;P4@5;P5@7,6.2,7.0,2,1.0,4.0,1,0,0,1,13.0
SORT1__P5__path_2,SORT1,P5,path_2,2,dijkstra_time+k_shortest_total,SORT1->P8->P5,e21->e16,e21@0-3;e16@3-5,SORT1@0;P8@3;P5@5,4.2,5.0,1,0.5,5.0,0,1,1,1,13.5
SORT1__P5__path_3,SORT1,P5,path_3,3,k_shortest_total,SORT1->P8->P7->P4->P5,e21->e18->e15->e13,e21@0-3;e18@3-5;e15@5-7;e13@7-9,SORT1@0;P8@3;P7@5;P4@7;P5@9,8.2,9.0,3,1.5,5.0,1,0,0,1,16.5
SORT1__P6__path_1,SORT1,P6,path_1,1,dijkstra_total+k_shortest_total,SORT1->P8->P9->P6,e21->e19->e17,e21@0-3;e19@3-5;e17@5-7,SORT1@0;P8@3;P9@5;P6@7,6.2,7.0,2,1.0,3.0,0,0,0,2,11.0
SORT1__P6__path_2,SORT1,P6,path_2,2,k_shortest_total,SORT1->P7->P8->P9->P6,e20->e18->e19->e17,e20@0-3;e18@3-5;e19@5-7;e17@7-9,SORT1@0;P7@3;P8@5;P9@7;P6@9,8.2,9.0,2,1.0,4.0,0,0,0,2,14.0
SORT1__P6__path_3,SORT1,P6,path_3,3,k_shortest_total,SORT1->P8->SORT2->P9->P6,e21->e22->e23->e17,e21@0-3;e22@3-6;e23@6-9;e17@9-11,SORT1@0;P8@3;SORT2@6;P9@9;P6@11,8.6,11.0,3,1.5,4.0,0,0,0,2,16.5
SORT1__P6__path_4,SORT1,P6,path_4,4,dijkstra_time,SORT1->P8->P5->P6,e21->e16->e14,e21@0-3;e16@3-5;e14@5-7,SORT1@0;P8@3;P5@5;P6@7,6.2,7.0,2,1.0,7.0,1,1,1,1,19.0
SORT1__P7__path_1,SORT1,P7,path_1,1,dijkstra_time+dijkstra_total+k_shortest_total,SORT1->P7,e20,e20@0-3,SORT1@0;P7@3,2.2,3.0,0,0.0,1.0,0,0,0,2,4.0
SORT1__P7__path_2,SORT1,P7,path_2,2,k_shortest_total,SORT1->P8->P7,e21->e18,e21@0-3;e18@3-5,SORT1@0;P8@3;P7@5,4.2,5.0,1,0.5,2.0,0,0,0,2,7.5
SORT1__P7__path_3,SORT1,P7,path_3,3,k_shortest_total,SORT1->P8->P5->P4->P7,e21->e16->e13->e15,e21@0-3;e16@3-5;e13@5-7;e15@7-9,SORT1@0;P8@3;P5@5;P4@7;P7@9,8.2,9.0,3,1.5,8.0,1,1,1,1,22.5
SORT1__P8__path_1,SORT1,P8,path_1,1,dijkstra_time+dijkstra_total+k_shortest_total,SORT1->P8,e21,e21@0-3,SORT1@0;P8@3,2.2,3.0,0,0.0,1.0,0,0,0,2,4.0
SORT1__P8__path_2,SORT1,P8,path_2,2,k_shortest_total,SORT1->P7->P8,e20->e18,e20@0-3;e18@3-5,SORT1@0;P7@3;P8@5,4.2,5.0,1,0.5,2.0,0,0,0,2,7.5
SORT1__P8__path_3,SORT1,P8,path_3,3,k_shortest_total,SORT1->P7->P4->P5->P8,e20->e15->e13->e16,e20@0-3;e15@3-5;e13@5-7;e16@7-9,SORT1@0;P7@3;P4@5;P5@7;P8@9,8.2,9.0,3,1.5,8.0,1,1,1,1,22.5
SORT1__P9__path_1,SORT1,P9,path_1,1,dijkstra_time+dijkstra_total+k_shortest_total,SORT1->P8->P9,e21->e19,e21@0-3;e19@3-5,SORT1@0;P8@3;P9@5,4.2,5.0,1,0.5,2.0,0,0,0,2,7.5
SORT1__P9__path_2,SORT1,P9,path_2,2,k_shortest_total,SORT1->P7->P8->P9,e20->e18->e19,e20@0-3;e18@3-5;e19@5-7,SORT1@0;P7@3;P8@5;P9@7,6.2,7.0,1,0.5,3.0,0,0,0,2,10.5
SORT1__P9__path_3,SORT1,P9,path_3,3,k_shortest_total,SORT1->P8->SORT2->P9,e21->e22->e23,e21@0-3;e22@3-6;e23@6-9,SORT1@0;P8@3;SORT2@6;P9@9,6.6,9.0,2,1.0,3.0,0,0,0,2,13.0
SORT1__SORT2__path_1,SORT1,SORT2,path_1,1,dijkstra_time+dijkstra_total+k_shortest_total,SORT1->P8->SORT2,e21->e22,e21@0-3;e22@3-6,SORT1@0;P8@3;SORT2@6,4.4,6.0,1,0.5,2.0,0,0,0,2,8.5
SORT1__SORT2__path_2,SORT1,SORT2,path_2,2,k_shortest_total,SORT1->P7->P8->SORT2,e20->e18->e22,e20@0-3;e18@3-5;e22@5-8,SORT1@0;P7@3;P8@5;SORT2@8,6.4,8.0,2,1.0,3.0,0,0,0,2,12.0
SORT1__SORT2__path_3,SORT1,SORT2,path_3,3,k_shortest_total,SORT1->P8->P9->SORT2,e21->e19->e23,e21@0-3;e19@3-5;e23@5-8,SORT1@0;P8@3;P9@5;SORT2@8,6.4,8.0,2,1.0,3.0,0,0,0,2,12.0
SORT1__OUT1__path_1,SORT1,OUT1,path_1,1,dijkstra_time+dijkstra_total+k_shortest_total,SORT1->OUT1,e24,e24@0-2,SORT1@0;OUT1@2,2.0,2.0,0,0.0,1.0,0,0,0,1,3.0
SORT1__OUT2__path_1,SORT1,OUT2,path_1,1,dijkstra_time+dijkstra_total+k_shortest_total,SORT1->P8->SORT2->OUT2,e21->e22->e25,e21@0-3;e22@3-6;e25@6-8,SORT1@0;P8@3;SORT2@6;OUT2@8,6.4,8.0,2,1.0,3.0,0,0,0,1,12.0
SORT1__OUT2__path_2,SORT1,OUT2,path_2,2,k_shortest_total,SORT1->P7->P8->SORT2->OUT2,e20->e18->e22->e25,e20@0-3;e18@3-5;e22@5-8;e25@8-10,SORT1@0;P7@3;P8@5;SORT2@8;OUT2@10,8.4,10.0,3,1.5,4.0,0,0,0,1,15.5
SORT1__OUT2__path_3,SORT1,OUT2,path_3,3,k_shortest_total,SORT1->P8->P9->SORT2->OUT2,e21->e19->e23->e25,e21@0-3;e19@3-5;e23@5-8;e25@8-10,SORT1@0;P8@3;P9@5;SORT2@8;OUT2@10,8.4,10.0,3,1.5,4.0,0,0,0,1,15.5
SORT1__CHG1__path_1,SORT1,CHG1,path_1,1,dijkstra_time+dijkstra_total+k_shortest_total,SORT1->P7->P4->P1->J1->CHG1,e20->e15->e10->e05->e26,e20@0-3;e15@3-5;e10@5-7;e05@7-9;e26@9-11,SORT1@0;P7@3;P4@5;P1@7;J1@9;CHG1@11,9.6,11.0,2,1.0,6.0,1,0,0,1,19.0
SORT1__CHG1__path_2,SORT1,CHG1,path_2,2,k_shortest_total,SORT1->P8->P7->P4->P1->J1->CHG1,e21->e18->e15->e10->e05->e26,e21@0-3;e18@3-5;e15@5-7;e10@7-9;e05@9-11;e26@11-13,SORT1@0;P8@3;P7@5;P4@7;P1@9;J1@11;CHG1@13,11.6,13.0,3,1.5,7.0,1,0,0,1,22.5
SORT1__CHG1__path_3,SORT1,CHG1,path_3,3,k_shortest_total,SORT1->P7->P4->P5->P2->P1->J1->CHG1,e20->e15->e13->e11->e08->e05->e26,e20@0-3;e15@3-5;e13@5-7;e11@7-9;e08@9-11;e05@11-13;e26@13-15,SORT1@0;P7@3;P4@5;P5@7;P2@9;P1@11;J1@13;CHG1@15,13.6,15.0,6,3.0,9.0,2,0,0,1,29.0
SORT1__CHG2__path_1,SORT1,CHG2,path_1,1,dijkstra_time+dijkstra_total+k_shortest_total,SORT1->P7->CHG2,e20->e27,e20@0-3;e27@3-5,SORT1@0;P7@3;CHG2@5,3.6,5.0,1,0.5,2.0,0,0,0,1,7.5
SORT1__CHG2__path_2,SORT1,CHG2,path_2,2,k_shortest_total,SORT1->P8->P7->CHG2,e21->e18->e27,e21@0-3;e18@3-5;e27@5-7,SORT1@0;P8@3;P7@5;CHG2@7,5.6,7.0,2,1.0,3.0,0,0,0,1,11.0
SORT1__CHG2__path_3,SORT1,CHG2,path_3,3,k_shortest_total,SORT1->P8->P5->P4->P7->CHG2,e21->e16->e13->e15->e27,e21@0-3;e16@3-5;e13@5-7;e15@7-9;e27@9-11,SORT1@0;P8@3;P5@5;P4@7;P7@9;CHG2@11,9.6,11.0,4,2.0,9.0,1,1,1,1,26.0
SORT2__IN1__path_1,SORT2,IN1,path_1,1,dijkstra_total+k_shortest_total,SORT2->P8->P7->P4->P1->J1->IN1,e22->e18->e15->e10->e05->e01,e22@0-3;e18@3-5;e15@5-7;e10@7-9;e05@9-11;e01@11-13,SORT2@0;P8@3;P7@5;P4@7;P1@9;J1@11;IN1@13,12.2,13.0,2,1.0,7.0,1,0,0,1,22.0
SORT2__IN1__path_2,SORT2,IN1,path_2,2,k_shortest_total,SORT2->P9->P8->P7->P4->P1->J1->IN1,e23->e19->e18->e15->e10->e05->e01,e23@0-3;e19@3-5;e18@5-7;e15@7-9;e10@9-11;e05@11-13;e01@13-15,SORT2@0;P9@3;P8@5;P7@7;P4@9;P1@11;J1@13;IN1@15,14.2,15.0,2,1.0,8.0,1,0,0,1,25.0
SORT2__IN1__path_3,SORT2,IN1,path_3,3,k_shortest_total,SORT2->P9->P6->P3->J3->J2->J1->IN1,e23->e17->e12->e07->e04->e03->e01,e23@0-3;e17@3-5;e12@5-7;e07@7-9;e04@9-11;e03@11-13;e01@13-15,SORT2@0;P9@3;P6@5;P3@7;J3@9;J2@11;J1@13;IN1@15,14.2,15.0,3,1.5,8.0,1,0,0,1,25.5
SORT2__IN1__path_4,SORT2,IN1,path_4,4,dijkstra_time,SORT2->P8->P5->P2->J2->J1->IN1,e22->e16->e11->e06->e03->e01,e22@0-3;e16@3-5;e11@5-7;e06@7-9;e03@9-11;e01@11-13,SORT2@0;P8@3;P5@5;P2@7;J2@9;J1@11;IN1@13,12.2,13.0,3,1.5,11.0,2,1,1,1,30.5
SORT2__IN2__path_1,SORT2,IN2,path_1,1,dijkstra_time+dijkstra_total+k_shortest_total,SORT2->P9->P6->P3->J3->IN2,e23->e17->e12->e07->e02,e23@0-3;e17@3-5;e12@5-7;e07@7-9;e02@9-11,SORT2@0;P9@3;P6@5;P3@7;J3@9;IN2@11,10.2,11.0,1,0.5,6.0,1,0,0,1,18.5
SORT2__IN2__path_2,SORT2,IN2,path_2,2,k_shortest_total,SORT2->P8->P9->P6->P3->J3->IN2,e22->e19->e17->e12->e07->e02,e22@0-3;e19@3-5;e17@5-7;e12@7-9;e07@9-11;e02@11-13,SORT2@0;P8@3;P9@5;P6@7;P3@9;J3@11;IN2@13,12.2,13.0,2,1.0,7.0,1,0,0,1,22.0
SORT2__IN2__path_3,SORT2,IN2,path_3,3,k_shortest_total,SORT2->P9->P6->P5->P2->P3->J3->IN2,e23->e17->e14->e11->e09->e07->e02,e23@0-3;e17@3-5;e14@5-7;e11@7-9;e09@9-11;e07@11-13;e02@13-15,SORT2@0;P9@3;P6@5;P5@7;P2@9;P3@11;J3@13;IN2@15,14.2,15.0,5,2.5,9.0,2,0,0,1,28.5
SORT2__P1__path_1,SORT2,P1,path_1,1,dijkstra_total+k_shortest_total,SORT2->P8->P7->P4->P1,e22->e18->e15->e10,e22@0-3;e18@3-5;e15@5-7;e10@7-9,SORT2@0;P8@3;P7@5;P4@7;P1@9,8.2,9.0,2,1.0,5.0,1,0,0,1,16.0
SORT2__P1__path_2,SORT2,P1,path_2,2,k_shortest_total,SORT2->P9->P6->P3->P2->P1,e23->e17->e12->e09->e08,e23@0-3;e17@3-5;e12@5-7;e09@7-9;e08@9-11,SORT2@0;P9@3;P6@5;P3@7;P2@9;P1@11,10.2,11.0,2,1.0,6.0,1,0,0,1,19.0
SORT2__P1__path_3,SORT2,P1,path_3,3,k_shortest_total,SORT2->P9->P8->P7->P4->P1,e23->e19->e18->e15->e10,e23@0-3;e19@3-5;e18@5-7;e15@7-9;e10@9-11,SORT2@0;P9@3;P8@5;P7@7;P4@9;P1@11,10.2,11.0,2,1.0,6.0,1,0,0,1,19.0
SORT2__P1__path_4,SORT2,P1,path_4,4,dijkstra_time,SORT2->P8->P5->P2->P1,e22->e16->e11->e08,e22@0-3;e16@3-5;e11@5-7;e08@7-9,SORT2@0;P8@3;P5@5;P2@7;P1@9,8.2,9.0,2,1.0,8.0,1,1,1,1,22.0
SORT2__P2__path_1,SORT2,P2,path_1,1,dijkstra_total+k_shortest_total,SORT2->P9->P6->P3->P2,e23->e17->e12->e09,e23@0-3;e17@3-5;e12@5-7;e09@7-9,SORT2@0;P9@3;P6@5;P3@7;P2@9,8.2,9.0,2,1.0,5.0,1,0,0,1,16.0
SORT2__P2__path_2,SORT2,P2,path_2,2,dijkstra_time+k_shortest_total,SORT2->P8->P5->P2,e22->e16->e11,e22@0-3;e16@3-5;e11@5-7,SORT2@0;P8@3;P5@5;P2@7,6.2,7.0,1,0.5,7.0,1,1,1,1,18.5
SORT2__P2__path_3,SORT2,P2,path_3,3,k_shortest_total,SORT2->P9->P6->P5->P2,e23->e17->e14->e11,e23@0-3;e17@3-5;e14@5-7;e11@7-9,SORT2@0;P9@3;P6@5;P5@7;P2@9,8.2,9.0,3,1.5,6.0,2,0,0,1,18.5
SORT2__P3__path_1,SORT2,P3,path_1,1,dijkstra_time+dijkstra_total+k_shortest_total,SORT2->P9->P6->P3,e23->e17->e12,e23@0-3;e17@3-5;e12@5-7,SORT2@0;P9@3;P6@5;P3@7,6.2,7.0,1,0.5,4.0,1,0,0,1,12.5
SORT2__P3__path_2,SORT2,P3,path_2,2,k_shortest_total,SORT2->P8->P9->P6->P3,e22->e19->e17->e12,e22@0-3;e19@3-5;e17@5-7;e12@7-9,SORT2@0;P8@3;P9@5;P6@7;P3@9,8.2,9.0,2,1.0,5.0,1,0,0,1,16.0
SORT2__P3__path_3,SORT2,P3,path_3,3,k_shortest_total,SORT2->P9->P6->P5->P2->P3,e23->e17->e14->e11->e09,e23@0-3;e17@3-5;e14@5-7;e11@7-9;e09@9-11,SORT2@0;P9@3;P6@5;P5@7;P2@9;P3@11,10.2,11.0,4,2.0,7.0,2,0,0,1,22.0
SORT2__P4__path_1,SORT2,P4,path_1,1,dijkstra_total+k_shortest_total,SORT2->P8->P7->P4,e22->e18->e15,e22@0-3;e18@3-5;e15@5-7,SORT2@0;P8@3;P7@5;P4@7,6.2,7.0,2,1.0,3.0,0,0,0,2,11.0
SORT2__P4__path_2,SORT2,P4,path_2,2,k_shortest_total,SORT2->P9->P8->P7->P4,e23->e19->e18->e15,e23@0-3;e19@3-5;e18@5-7;e15@7-9,SORT2@0;P9@3;P8@5;P7@7;P4@9,8.2,9.0,2,1.0,4.0,0,0,0,2,14.0
SORT2__P4__path_3,SORT2,P4,path_3,3,k_shortest_total,SORT2->P8->SORT1->P7->P4,e22->e21->e20->e15,e22@0-3;e21@3-6;e20@6-9;e15@9-11,SORT2@0;P8@3;SORT1@6;P7@9;P4@11,8.6,11.0,3,1.5,4.0,0,0,0,2,16.5
SORT2__P4__path_4,SORT2,P4,path_4,4,dijkstra_time,SORT2->P8->P5->P4,e22->e16->e13,e22@0-3;e16@3-5;e13@5-7,SORT2@0;P8@3;P5@5;P4@7,6.2,7.0,2,1.0,7.0,1,1,1,1,19.0
SORT2__P5__path_1,SORT2,P5,path_1,1,dijkstra_total+k_shortest_total,SORT2->P9->P6->P5,e23->e17->e14,e23@0-3;e17@3-5;e14@5-7,SORT2@0;P9@3;P6@5;P5@7,6.2,7.0,2,1.0,4.0,1,0,0,1,13.0
SORT2__P5__path_2,SORT2,P5,path_2,2,dijkstra_time+k_shortest_total,SORT2->P8->P5,e22->e16,e22@0-3;e16@3-5,SORT2@0;P8@3;P5@5,4.2,5.0,1,0.5,5.0,0,1,1,1,13.5
SORT2__P5__path_3,SORT2,P5,path_3,3,k_shortest_total,SORT2->P8->P7->P4->P5,e22->e18->e15->e13,e22@0-3;e18@3-5;e15@5-7;e13@7-9,SORT2@0;P8@3;P7@5;P4@7;P5@9,8.2,9.0,3,1.5,5.0,1,0,0,1,16.5
SORT2__P6__path_1,SORT2,P6,path_1,1,dijkstra_time+dijkstra_total+k_shortest_total,SORT2->P9->P6,e23->e17,e23@0-3;e17@3-5,SORT2@0;P9@3;P6@5,4.2,5.0,1,0.5,2.0,0,0,0,2,7.5
SORT2__P6__path_2,SORT2,P6,path_2,2,k_shortest_total,SORT2->P8->P9->P6,e22->e19->e17,e22@0-3;e19@3-5;e17@5-7,SORT2@0;P8@3;P9@5;P6@7,6.2,7.0,2,1.0,3.0,0,0,0,2,11.0
SORT2__P6__path_3,SORT2,P6,path_3,3,k_shortest_total,SORT2->P8->P5->P6,e22->e16->e14,e22@0-3;e16@3-5;e14@5-7,SORT2@0;P8@3;P5@5;P6@7,6.2,7.0,2,1.0,7.0,1,1,1,1,19.0
SORT2__P7__path_1,SORT2,P7,path_1,1,dijkstra_time+dijkstra_total+k_shortest_total,SORT2->P8->P7,e22->e18,e22@0-3;e18@3-5,SORT2@0;P8@3;P7@5,4.2,5.0,1,0.5,2.0,0,0,0,2,7.5
SORT2__P7__path_2,SORT2,P7,path_2,2,k_shortest_total,SORT2->P9->P8->P7,e23->e19->e18,e23@0-3;e19@3-5;e18@5-7,SORT2@0;P9@3;P8@5;P7@7,6.2,7.0,1,0.5,3.0,0,0,0,2,10.5
SORT2__P7__path_3,SORT2,P7,path_3,3,k_shortest_total,SORT2->P8->SORT1->P7,e22->e21->e20,e22@0-3;e21@3-6;e20@6-9,SORT2@0;P8@3;SORT1@6;P7@9,6.6,9.0,2,1.0,3.0,0,0,0,2,13.0
SORT2__P8__path_1,SORT2,P8,path_1,1,dijkstra_time+dijkstra_total+k_shortest_total,SORT2->P8,e22,e22@0-3,SORT2@0;P8@3,2.2,3.0,0,0.0,1.0,0,0,0,2,4.0
SORT2__P8__path_2,SORT2,P8,path_2,2,k_shortest_total,SORT2->P9->P8,e23->e19,e23@0-3;e19@3-5,SORT2@0;P9@3;P8@5,4.2,5.0,1,0.5,2.0,0,0,0,2,7.5
SORT2__P8__path_3,SORT2,P8,path_3,3,k_shortest_total,SORT2->P9->P6->P5->P8,e23->e17->e14->e16,e23@0-3;e17@3-5;e14@5-7;e16@7-9,SORT2@0;P9@3;P6@5;P5@7;P8@9,8.2,9.0,3,1.5,8.0,1,1,1,1,22.5
SORT2__P9__path_1,SORT2,P9,path_1,1,dijkstra_time+dijkstra_total+k_shortest_total,SORT2->P9,e23,e23@0-3,SORT2@0;P9@3,2.2,3.0,0,0.0,1.0,0,0,0,2,4.0
SORT2__P9__path_2,SORT2,P9,path_2,2,k_shortest_total,SORT2->P8->P9,e22->e19,e22@0-3;e19@3-5,SORT2@0;P8@3;P9@5,4.2,5.0,1,0.5,2.0,0,0,0,2,7.5
SORT2__P9__path_3,SORT2,P9,path_3,3,k_shortest_total,SORT2->P8->P5->P6->P9,e22->e16->e14->e17,e22@0-3;e16@3-5;e14@5-7;e17@7-9,SORT2@0;P8@3;P5@5;P6@7;P9@9,8.2,9.0,3,1.5,8.0,1,1,1,1,22.5
SORT2__SORT1__path_1,SORT2,SORT1,path_1,1,dijkstra_time+dijkstra_total+k_shortest_total,SORT2->P8->SORT1,e22->e21,e22@0-3;e21@3-6,SORT2@0;P8@3;SORT1@6,4.4,6.0,1,0.5,2.0,0,0,0,2,8.5
SORT2__SORT1__path_2,SORT2,SORT1,path_2,2,k_shortest_total,SORT2->P9->P8->SORT1,e23->e19->e21,e23@0-3;e19@3-5;e21@5-8,SORT2@0;P9@3;P8@5;SORT1@8,6.4,8.0,2,1.0,3.0,0,0,0,2,12.0
SORT2__SORT1__path_3,SORT2,SORT1,path_3,3,k_shortest_total,SORT2->P8->P7->SORT1,e22->e18->e20,e22@0-3;e18@3-5;e20@5-8,SORT2@0;P8@3;P7@5;SORT1@8,6.4,8.0,2,1.0,3.0,0,0,0,2,12.0
SORT2__OUT1__path_1,SORT2,OUT1,path_1,1,dijkstra_time+dijkstra_total+k_shortest_total,SORT2->P8->SORT1->OUT1,e22->e21->e24,e22@0-3;e21@3-6;e24@6-8,SORT2@0;P8@3;SORT1@6;OUT1@8,6.4,8.0,2,1.0,3.0,0,0,0,1,12.0
SORT2__OUT1__path_2,SORT2,OUT1,path_2,2,k_shortest_total,SORT2->P9->P8->SORT1->OUT1,e23->e19->e21->e24,e23@0-3;e19@3-5;e21@5-8;e24@8-10,SORT2@0;P9@3;P8@5;SORT1@8;OUT1@10,8.4,10.0,3,1.5,4.0,0,0,0,1,15.5
SORT2__OUT1__path_3,SORT2,OUT1,path_3,3,k_shortest_total,SORT2->P8->P7->SORT1->OUT1,e22->e18->e20->e24,e22@0-3;e18@3-5;e20@5-8;e24@8-10,SORT2@0;P8@3;P7@5;SORT1@8;OUT1@10,8.4,10.0,3,1.5,4.0,0,0,0,1,15.5
SORT2__OUT2__path_1,SORT2,OUT2,path_1,1,dijkstra_time+dijkstra_total+k_shortest_total,SORT2->OUT2,e25,e25@0-2,SORT2@0;OUT2@2,2.0,2.0,0,0.0,1.0,0,0,0,1,3.0
SORT2__CHG1__path_1,SORT2,CHG1,path_1,1,dijkstra_total+k_shortest_total,SORT2->P8->P7->P4->P1->J1->CHG1,e22->e18->e15->e10->e05->e26,e22@0-3;e18@3-5;e15@5-7;e10@7-9;e05@9-11;e26@11-13,SORT2@0;P8@3;P7@5;P4@7;P1@9;J1@11;CHG1@13,11.6,13.0,3,1.5,7.0,1,0,0,1,22.5
SORT2__CHG1__path_2,SORT2,CHG1,path_2,2,k_shortest_total,SORT2->P9->P8->P7->P4->P1->J1->CHG1,e23->e19->e18->e15->e10->e05->e26,e23@0-3;e19@3-5;e18@5-7;e15@7-9;e10@9-11;e05@11-13;e26@13-15,SORT2@0;P9@3;P8@5;P7@7;P4@9;P1@11;J1@13;CHG1@15,13.6,15.0,3,1.5,8.0,1,0,0,1,25.5
SORT2__CHG1__path_3,SORT2,CHG1,path_3,3,k_shortest_total,SORT2->P9->P6->P3->J3->J2->J1->CHG1,e23->e17->e12->e07->e04->e03->e26,e23@0-3;e17@3-5;e12@5-7;e07@7-9;e04@9-11;e03@11-13;e26@13-15,SORT2@0;P9@3;P6@5;P3@7;J3@9;J2@11;J1@13;CHG1@15,13.6,15.0,3,1.5,8.0,1,0,0,1,25.5
SORT2__CHG1__path_4,SORT2,CHG1,path_4,4,dijkstra_time,SORT2->P8->P5->P2->J2->J1->CHG1,e22->e16->e11->e06->e03->e26,e22@0-3;e16@3-5;e11@5-7;e06@7-9;e03@9-11;e26@11-13,SORT2@0;P8@3;P5@5;P2@7;J2@9;J1@11;CHG1@13,11.6,13.0,3,1.5,11.0,2,1,1,1,30.5
SORT2__CHG2__path_1,SORT2,CHG2,path_1,1,dijkstra_time+dijkstra_total+k_shortest_total,SORT2->P8->P7->CHG2,e22->e18->e27,e22@0-3;e18@3-5;e27@5-7,SORT2@0;P8@3;P7@5;CHG2@7,5.6,7.0,2,1.0,3.0,0,0,0,1,11.0
SORT2__CHG2__path_2,SORT2,CHG2,path_2,2,k_shortest_total,SORT2->P9->P8->P7->CHG2,e23->e19->e18->e27,e23@0-3;e19@3-5;e18@5-7;e27@7-9,SORT2@0;P9@3;P8@5;P7@7;CHG2@9,7.6,9.0,2,1.0,4.0,0,0,0,1,14.0
SORT2__CHG2__path_3,SORT2,CHG2,path_3,3,k_shortest_total,SORT2->P8->SORT1->P7->CHG2,e22->e21->e20->e27,e22@0-3;e21@3-6;e20@6-9;e27@9-11,SORT2@0;P8@3;SORT1@6;P7@9;CHG2@11,8.0,11.0,3,1.5,4.0,0,0,0,1,16.5
CHG1__IN1__path_1,CHG1,IN1,path_1,1,dijkstra_time+dijkstra_total+k_shortest_total,CHG1->J1->IN1,e26->e01,e26@0-2;e01@2-4,CHG1@0;J1@2;IN1@4,3.4,4.0,1,0.5,2.0,0,0,0,1,6.5
CHG1__IN2__path_1,CHG1,IN2,path_1,1,dijkstra_time+dijkstra_total+k_shortest_total,CHG1->J1->J2->J3->IN2,e26->e03->e04->e02,e26@0-2;e03@2-4;e04@4-6;e02@6-8,CHG1@0;J1@2;J2@4;J3@6;IN2@8,7.4,8.0,2,1.0,4.0,0,0,0,1,13.0
CHG1__IN2__path_2,CHG1,IN2,path_2,2,k_shortest_total,CHG1->J1->P1->P2->P3->J3->IN2,e26->e05->e08->e09->e07->e02,e26@0-2;e05@2-4;e08@4-6;e09@6-8;e07@8-10;e02@10-12,CHG1@0;J1@2;P1@4;P2@6;P3@8;J3@10;IN2@12,11.4,12.0,3,1.5,6.0,0,0,0,1,19.5
CHG1__IN2__path_3,CHG1,IN2,path_3,3,k_shortest_total,CHG1->J1->J2->P2->P3->J3->IN2,e26->e03->e06->e09->e07->e02,e26@0-2;e03@2-4;e06@4-6;e09@6-8;e07@8-10;e02@10-12,CHG1@0;J1@2;J2@4;P2@6;P3@8;J3@10;IN2@12,11.4,12.0,4,2.0,7.0,1,0,0,1,22.0
CHG1__P1__path_1,CHG1,P1,path_1,1,dijkstra_time+dijkstra_total+k_shortest_total,CHG1->J1->P1,e26->e05,e26@0-2;e05@2-4,CHG1@0;J1@2;P1@4,3.4,4.0,1,0.5,2.0,0,0,0,1,6.5
CHG1__P1__path_2,CHG1,P1,path_2,2,k_shortest_total,CHG1->J1->J2->P2->P1,e26->e03->e06->e08,e26@0-2;e03@2-4;e06@4-6;e08@6-8,CHG1@0;J1@2;J2@4;P2@6;P1@8,7.4,8.0,3,1.5,5.0,1,0,0,1,15.5
CHG1__P1__path_3,CHG1,P1,path_3,3,k_shortest_total,CHG1->J1->J2->J3->P3->P2->P1,e26->e03->e04->e07->e09->e08,e26@0-2;e03@2-4;e04@4-6;e07@6-8;e09@8-10;e08@10-12,CHG1@0;J1@2;J2@4;J3@6;P3@8;P2@10;P1@12,11.4,12.0,3,1.5,6.0,0,0,0,1,19.5
CHG1__P2__path_1,CHG1,P2,path_1,1,dijkstra_total+k_shortest_total,CHG1->J1->P1->P2,e26->e05->e08,e26@0-2;e05@2-4;e08@4-6,CHG1@0;J1@2;P1@4;P2@6,5.4,6.0,2,1.0,3.0,0,0,0,1,10.0
CHG1__P2__path_2,CHG1,P2,path_2,2,dijkstra_time+k_shortest_total,CHG1->J1->J2->P2,e26->e03->e06,e26@0-2;e03@2-4;e06@4-6,CHG1@0;J1@2;J2@4;P2@6,5.4,6.0,2,1.0,4.0,1,0,0,1,12.0
CHG1__P2__path_3,CHG1,P2,path_3,3,k_shortest_total,CHG1->J1->J2->J3->P3->P2,e26->e03->e04->e07->e09,e26@0-2;e03@2-4;e04@4-6;e07@6-8;e09@8-10,CHG1@0;J1@2;J2@4;J3@6;P3@8;P2@10,9.4,10.0,3,1.5,5.0,0,0,0,1,16.5
CHG1__P3__path_1,CHG1,P3,path_1,1,dijkstra_time+dijkstra_total+k_shortest_total,CHG1->J1->J2->J3->P3,e26->e03->e04->e07,e26@0-2;e03@2-4;e04@4-6;e07@6-8,CHG1@0;J1@2;J2@4;J3@6;P3@8,7.4,8.0,2,1.0,4.0,0,0,0,1,13.0
CHG1__P3__path_2,CHG1,P3,path_2,2,k_shortest_total,CHG1->J1->P1->P2->P3,e26->e05->e08->e09,e26@0-2;e05@2-4;e08@4-6;e09@6-8,CHG1@0;J1@2;P1@4;P2@6;P3@8,7.4,8.0,2,1.0,4.0,0,0,0,1,13.0
CHG1__P3__path_3,CHG1,P3,path_3,3,k_shortest_total,CHG1->J1->J2->P2->P3,e26->e03->e06->e09,e26@0-2;e03@2-4;e06@4-6;e09@6-8,CHG1@0;J1@2;J2@4;P2@6;P3@8,7.4,8.0,3,1.5,5.0,1,0,0,1,15.5
CHG1__P4__path_1,CHG1,P4,path_1,1,dijkstra_time+dijkstra_total+k_shortest_total,CHG1->J1->P1->P4,e26->e05->e10,e26@0-2;e05@2-4;e10@4-6,CHG1@0;J1@2;P1@4;P4@6,5.4,6.0,1,0.5,4.0,1,0,0,1,11.5
CHG1__P4__path_2,CHG1,P4,path_2,2,k_shortest_total,CHG1->J1->J2->P2->P1->P4,e26->e03->e06->e08->e10,e26@0-2;e03@2-4;e06@4-6;e08@6-8;e10@8-10,CHG1@0;J1@2;J2@4;P2@6;P1@8;P4@10,9.4,10.0,4,2.0,7.0,2,0,0,1,21.0
CHG1__P4__path_3,CHG1,P4,path_3,3,k_shortest_total,CHG1->J1->P1->P2->P5->P4,e26->e05->e08->e11->e13,e26@0-2;e05@2-4;e08@4-6;e11@6-8;e13@8-10,CHG1@0;J1@2;P1@4;P2@6;P5@8;P4@10,9.4,10.0,4,2.0,7.0,2,0,0,1,21.0
CHG1__P5__path_1,CHG1,P5,path_1,1,dijkstra_total+k_shortest_total,CHG1->J1->P1->P2->P5,e26->e05->e08->e11,e26@0-2;e05@2-4;e08@4-6;e11@6-8,CHG1@0;J1@2;P1@4;P2@6;P5@8,7.4,8.0,3,1.5,5.0,1,0,0,1,15.5
CHG1__P5__path_2,CHG1,P5,path_2,2,dijkstra_time+k_shortest_total,CHG1->J1->J2->P2->P5,e26->e03->e06->e11,e26@0-2;e03@2-4;e06@4-6;e11@6-8,CHG1@0;J1@2;J2@4;P2@6;P5@8,7.4,8.0,2,1.0,6.0,2,0,0,1,17.0
CHG1__P5__path_3,CHG1,P5,path_3,3,k_shortest_total,CHG1->J1->P1->P4->P5,e26->e05->e10->e13,e26@0-2;e05@2-4;e10@4-6;e13@6-8,CHG1@0;J1@2;P1@4;P4@6;P5@8,7.4,8.0,2,1.0,6.0,2,0,0,1,17.0
CHG1__P6__path_1,CHG1,P6,path_1,1,dijkstra_time+dijkstra_total+k_shortest_total,CHG1->J1->J2->J3->P3->P6,e26->e03->e04->e07->e12,e26@0-2;e03@2-4;e04@4-6;e07@6-8;e12@8-10,CHG1@0;J1@2;J2@4;J3@6;P3@8;P6@10,9.4,10.0,2,1.0,6.0,1,0,0,1,18.0
CHG1__P6__path_2,CHG1,P6,path_2,2,k_shortest_total,CHG1->J1->P1->P2->P3->P6,e26->e05->e08->e09->e12,e26@0-2;e05@2-4;e08@4-6;e09@6-8;e12@8-10,CHG1@0;J1@2;P1@4;P2@6;P3@8;P6@10,9.4,10.0,3,1.5,6.0,1,0,0,1,18.5
CHG1__P6__path_3,CHG1,P6,path_3,3,k_shortest_total,CHG1->J1->J2->P2->P3->P6,e26->e03->e06->e09->e12,e26@0-2;e03@2-4;e06@4-6;e09@6-8;e12@8-10,CHG1@0;J1@2;J2@4;P2@6;P3@8;P6@10,9.4,10.0,4,2.0,7.0,2,0,0,1,21.0
CHG1__P7__path_1,CHG1,P7,path_1,1,dijkstra_time+dijkstra_total+k_shortest_total,CHG1->J1->P1->P4->P7,e26->e05->e10->e15,e26@0-2;e05@2-4;e10@4-6;e15@6-8,CHG1@0;J1@2;P1@4;P4@6;P7@8,7.4,8.0,1,0.5,5.0,1,0,0,1,14.5
CHG1__P7__path_2,CHG1,P7,path_2,2,k_shortest_total,CHG1->J1->J2->P2->P1->P4->P7,e26->e03->e06->e08->e10->e15,e26@0-2;e03@2-4;e06@4-6;e08@6-8;e10@8-10;e15@10-12,CHG1@0;J1@2;J2@4;P2@6;P1@8;P4@10;P7@12,11.4,12.0,4,2.0,8.0,2,0,0,1,24.0
CHG1__P7__path_3,CHG1,P7,path_3,3,k_shortest_total,CHG1->J1->P1->P2->P5->P4->P7,e26->e05->e08->e11->e13->e15,e26@0-2;e05@2-4;e08@4-6;e11@6-8;e13@8-10;e15@10-12,CHG1@0;J1@2;P1@4;P2@6;P5@8;P4@10;P7@12,11.4,12.0,5,2.5,8.0,2,0,0,1,24.5
CHG1__P8__path_1,CHG1,P8,path_1,1,dijkstra_total+k_shortest_total,CHG1->J1->P1->P4->P7->P8,e26->e05->e10->e15->e18,e26@0-2;e05@2-4;e10@4-6;e15@6-8;e18@8-10,CHG1@0;J1@2;P1@4;P4@6;P7@8;P8@10,9.4,10.0,2,1.0,6.0,1,0,0,1,18.0
CHG1__P8__path_2,CHG1,P8,path_2,2,k_shortest_total,CHG1->J1->P1->P4->P7->SORT1->P8,e26->e05->e10->e15->e20->e21,e26@0-2;e05@2-4;e10@4-6;e15@6-8;e20@8-11;e21@11-14,CHG1@0;J1@2;P1@4;P4@6;P7@8;SORT1@11;P8@14,11.8,14.0,3,1.5,7.0,1,0,0,1,23.5
CHG1__P8__path_3,CHG1,P8,path_3,3,k_shortest_total,CHG1->J1->J2->J3->P3->P6->P9->P8,e26->e03->e04->e07->e12->e17->e19,e26@0-2;e03@2-4;e04@4-6;e07@6-8;e12@8-10;e17@10-12;e19@12-14,CHG1@0;J1@2;J2@4;J3@6;P3@8;P6@10;P9@12;P8@14,13.4,14.0,3,1.5,8.0,1,0,0,1,24.5
CHG1__P8__path_4,CHG1,P8,path_4,4,dijkstra_time,CHG1->J1->J2->P2->P5->P8,e26->e03->e06->e11->e16,e26@0-2;e03@2-4;e06@4-6;e11@6-8;e16@8-10,CHG1@0;J1@2;J2@4;P2@6;P5@8;P8@10,9.4,10.0,2,1.0,10.0,2,1,1,1,26.0
CHG1__P9__path_1,CHG1,P9,path_1,1,dijkstra_time+k_shortest_total,CHG1->J1->J2->J3->P3->P6->P9,e26->e03->e04->e07->e12->e17,e26@0-2;e03@2-4;e04@4-6;e07@6-8;e12@8-10;e17@10-12,CHG1@0;J1@2;J2@4;J3@6;P3@8;P6@10;P9@12,11.4,12.0,2,1.0,7.0,1,0,0,1,21.0
CHG1__P9__path_2,CHG1,P9,path_2,2,dijkstra_total+k_shortest_total,CHG1->J1->P1->P4->P7->P8->P9,e26->e05->e10->e15->e18->e19,e26@0-2;e05@2-4;e10@4-6;e15@6-8;e18@8-10;e19@10-12,CHG1@0;J1@2;P1@4;P4@6;P7@8;P8@10;P9@12,11.4,12.0,2,1.0,7.0,1,0,0,1,21.0
CHG1__P9__path_3,CHG1,P9,path_3,3,k_shortest_total,CHG1->J1->P1->P2->P3->P6->P9,e26->e05->e08->e09->e12->e17,e26@0-2;e05@2-4;e08@4-6;e09@6-8;e12@8-10;e17@10-12,CHG1@0;J1@2;P1@4;P2@6;P3@8;P6@10;P9@12,11.4,12.0,3,1.5,7.0,1,0,0,1,21.5
CHG1__SORT1__path_1,CHG1,SORT1,path_1,1,dijkstra_time+dijkstra_total+k_shortest_total,CHG1->J1->P1->P4->P7->SORT1,e26->e05->e10->e15->e20,e26@0-2;e05@2-4;e10@4-6;e15@6-8;e20@8-11,CHG1@0;J1@2;P1@4;P4@6;P7@8;SORT1@11,9.6,11.0,2,1.0,6.0,1,0,0,1,19.0
CHG1__SORT1__path_2,CHG1,SORT1,path_2,2,k_shortest_total,CHG1->J1->P1->P4->P7->P8->SORT1,e26->e05->e10->e15->e18->e21,e26@0-2;e05@2-4;e10@4-6;e15@6-8;e18@8-10;e21@10-13,CHG1@0;J1@2;P1@4;P4@6;P7@8;P8@10;SORT1@13,11.6,13.0,3,1.5,7.0,1,0,0,1,22.5
CHG1__SORT1__path_3,CHG1,SORT1,path_3,3,k_shortest_total,CHG1->J1->J2->P2->P1->P4->P7->SORT1,e26->e03->e06->e08->e10->e15->e20,e26@0-2;e03@2-4;e06@4-6;e08@6-8;e10@8-10;e15@10-12;e20@12-15,CHG1@0;J1@2;J2@4;P2@6;P1@8;P4@10;P7@12;SORT1@15,13.6,15.0,5,2.5,9.0,2,0,0,1,28.5
CHG1__SORT2__path_1,CHG1,SORT2,path_1,1,dijkstra_total+k_shortest_total,CHG1->J1->P1->P4->P7->P8->SORT2,e26->e05->e10->e15->e18->e22,e26@0-2;e05@2-4;e10@4-6;e15@6-8;e18@8-10;e22@10-13,CHG1@0;J1@2;P1@4;P4@6;P7@8;P8@10;SORT2@13,11.6,13.0,3,1.5,7.0,1,0,0,1,22.5
CHG1__SORT2__path_2,CHG1,SORT2,path_2,2,k_shortest_total,CHG1->J1->J2->J3->P3->P6->P9->SORT2,e26->e03->e04->e07->e12->e17->e23,e26@0-2;e03@2-4;e04@4-6;e07@6-8;e12@8-10;e17@10-12;e23@12-15,CHG1@0;J1@2;J2@4;J3@6;P3@8;P6@10;P9@12;SORT2@15,13.6,15.0,3,1.5,8.0,1,0,0,1,25.5
CHG1__SORT2__path_3,CHG1,SORT2,path_3,3,k_shortest_total,CHG1->J1->P1->P2->P3->P6->P9->SORT2,e26->e05->e08->e09->e12->e17->e23,e26@0-2;e05@2-4;e08@4-6;e09@6-8;e12@8-10;e17@10-12;e23@12-15,CHG1@0;J1@2;P1@4;P2@6;P3@8;P6@10;P9@12;SORT2@15,13.6,15.0,4,2.0,8.0,1,0,0,1,26.0
CHG1__SORT2__path_4,CHG1,SORT2,path_4,4,dijkstra_time,CHG1->J1->J2->P2->P5->P8->SORT2,e26->e03->e06->e11->e16->e22,e26@0-2;e03@2-4;e06@4-6;e11@6-8;e16@8-10;e22@10-13,CHG1@0;J1@2;J2@4;P2@6;P5@8;P8@10;SORT2@13,11.6,13.0,3,1.5,11.0,2,1,1,1,30.5
CHG1__OUT1__path_1,CHG1,OUT1,path_1,1,dijkstra_time+dijkstra_total+k_shortest_total,CHG1->J1->P1->P4->P7->SORT1->OUT1,e26->e05->e10->e15->e20->e24,e26@0-2;e05@2-4;e10@4-6;e15@6-8;e20@8-11;e24@11-13,CHG1@0;J1@2;P1@4;P4@6;P7@8;SORT1@11;OUT1@13,11.6,13.0,3,1.5,7.0,1,0,0,1,22.5
CHG1__OUT1__path_2,CHG1,OUT1,path_2,2,k_shortest_total,CHG1->J1->P1->P4->P7->P8->SORT1->OUT1,e26->e05->e10->e15->e18->e21->e24,e26@0-2;e05@2-4;e10@4-6;e15@6-8;e18@8-10;e21@10-13;e24@13-15,CHG1@0;J1@2;P1@4;P4@6;P7@8;P8@10;SORT1@13;OUT1@15,13.6,15.0,4,2.0,8.0,1,0,0,1,26.0
CHG1__OUT1__path_3,CHG1,OUT1,path_3,3,k_shortest_total,CHG1->J1->J2->P2->P1->P4->P7->SORT1->OUT1,e26->e03->e06->e08->e10->e15->e20->e24,e26@0-2;e03@2-4;e06@4-6;e08@6-8;e10@8-10;e15@10-12;e20@12-15;e24@15-17,CHG1@0;J1@2;J2@4;P2@6;P1@8;P4@10;P7@12;SORT1@15;OUT1@17,15.6,17.0,6,3.0,10.0,2,0,0,1,32.0
CHG1__OUT2__path_1,CHG1,OUT2,path_1,1,dijkstra_total+k_shortest_total,CHG1->J1->P1->P4->P7->P8->SORT2->OUT2,e26->e05->e10->e15->e18->e22->e25,e26@0-2;e05@2-4;e10@4-6;e15@6-8;e18@8-10;e22@10-13;e25@13-15,CHG1@0;J1@2;P1@4;P4@6;P7@8;P8@10;SORT2@13;OUT2@15,13.6,15.0,4,2.0,8.0,1,0,0,1,26.0
CHG1__OUT2__path_2,CHG1,OUT2,path_2,2,k_shortest_total,CHG1->J1->J2->J3->P3->P6->P9->SORT2->OUT2,e26->e03->e04->e07->e12->e17->e23->e25,e26@0-2;e03@2-4;e04@4-6;e07@6-8;e12@8-10;e17@10-12;e23@12-15;e25@15-17,CHG1@0;J1@2;J2@4;J3@6;P3@8;P6@10;P9@12;SORT2@15;OUT2@17,15.6,17.0,4,2.0,9.0,1,0,0,1,29.0
CHG1__OUT2__path_3,CHG1,OUT2,path_3,3,k_shortest_total,CHG1->J1->P1->P2->P3->P6->P9->SORT2->OUT2,e26->e05->e08->e09->e12->e17->e23->e25,e26@0-2;e05@2-4;e08@4-6;e09@6-8;e12@8-10;e17@10-12;e23@12-15;e25@15-17,CHG1@0;J1@2;P1@4;P2@6;P3@8;P6@10;P9@12;SORT2@15;OUT2@17,15.6,17.0,5,2.5,9.0,1,0,0,1,29.5
CHG1__OUT2__path_4,CHG1,OUT2,path_4,4,dijkstra_time,CHG1->J1->J2->P2->P5->P8->SORT2->OUT2,e26->e03->e06->e11->e16->e22->e25,e26@0-2;e03@2-4;e06@4-6;e11@6-8;e16@8-10;e22@10-13;e25@13-15,CHG1@0;J1@2;J2@4;P2@6;P5@8;P8@10;SORT2@13;OUT2@15,13.6,15.0,4,2.0,12.0,2,1,1,1,34.0
CHG1__CHG2__path_1,CHG1,CHG2,path_1,1,dijkstra_time+dijkstra_total+k_shortest_total,CHG1->J1->P1->P4->P7->CHG2,e26->e05->e10->e15->e27,e26@0-2;e05@2-4;e10@4-6;e15@6-8;e27@8-10,CHG1@0;J1@2;P1@4;P4@6;P7@8;CHG2@10,8.8,10.0,2,1.0,6.0,1,0,0,1,18.0
CHG1__CHG2__path_2,CHG1,CHG2,path_2,2,k_shortest_total,CHG1->J1->J2->P2->P1->P4->P7->CHG2,e26->e03->e06->e08->e10->e15->e27,e26@0-2;e03@2-4;e06@4-6;e08@6-8;e10@8-10;e15@10-12;e27@12-14,CHG1@0;J1@2;J2@4;P2@6;P1@8;P4@10;P7@12;CHG2@14,12.8,14.0,5,2.5,9.0,2,0,0,1,27.5
CHG1__CHG2__path_3,CHG1,CHG2,path_3,3,k_shortest_total,CHG1->J1->P1->P2->P5->P4->P7->CHG2,e26->e05->e08->e11->e13->e15->e27,e26@0-2;e05@2-4;e08@4-6;e11@6-8;e13@8-10;e15@10-12;e27@12-14,CHG1@0;J1@2;P1@4;P2@6;P5@8;P4@10;P7@12;CHG2@14,12.8,14.0,6,3.0,9.0,2,0,0,1,28.0
CHG2__IN1__path_1,CHG2,IN1,path_1,1,dijkstra_time+dijkstra_total+k_shortest_total,CHG2->P7->P4->P1->J1->IN1,e27->e15->e10->e05->e01,e27@0-2;e15@2-4;e10@4-6;e05@6-8;e01@8-10,CHG2@0;P7@2;P4@4;P1@6;J1@8;IN1@10,9.4,10.0,1,0.5,6.0,1,0,0,1,17.5
CHG2__IN1__path_2,CHG2,IN1,path_2,2,k_shortest_total,CHG2->P7->P4->P5->P2->P1->J1->IN1,e27->e15->e13->e11->e08->e05->e01,e27@0-2;e15@2-4;e13@4-6;e11@6-8;e08@8-10;e05@10-12;e01@12-14,CHG2@0;P7@2;P4@4;P5@6;P2@8;P1@10;J1@12;IN1@14,13.4,14.0,5,2.5,9.0,2,0,0,1,27.5
CHG2__IN1__path_3,CHG2,IN1,path_3,3,k_shortest_total,CHG2->P7->P4->P1->P2->J2->J1->IN1,e27->e15->e10->e08->e06->e03->e01,e27@0-2;e15@2-4;e10@4-6;e08@6-8;e06@8-10;e03@10-12;e01@12-14,CHG2@0;P7@2;P4@4;P1@6;P2@8;J2@10;J1@12;IN1@14,13.4,14.0,5,2.5,9.0,2,0,0,1,27.5
CHG2__IN2__path_1,CHG2,IN2,path_1,1,k_shortest_total,CHG2->P7->P8->P9->P6->P3->J3->IN2,e27->e18->e19->e17->e12->e07->e02,e27@0-2;e18@2-4;e19@4-6;e17@6-8;e12@8-10;e07@10-12;e02@12-14,CHG2@0;P7@2;P8@4;P9@6;P6@8;P3@10;J3@12;IN2@14,13.4,14.0,2,1.0,8.0,1,0,0,1,24.0
CHG2__IN2__path_2,CHG2,IN2,path_2,2,dijkstra_time+dijkstra_total+k_shortest_total,CHG2->P7->P4->P1->J1->J2->J3->IN2,e27->e15->e10->e05->e03->e04->e02,e27@0-2;e15@2-4;e10@4-6;e05@6-8;e03@8-10;e04@10-12;e02@12-14,CHG2@0;P7@2;P4@4;P1@6;J1@8;J2@10;J3@12;IN2@14,13.4,14.0,3,1.5,8.0,1,0,0,1,24.5
CHG2__IN2__path_3,CHG2,IN2,path_3,3,k_shortest_total,CHG2->P7->P4->P1->P2->P3->J3->IN2,e27->e15->e10->e08->e09->e07->e02,e27@0-2;e15@2-4;e10@4-6;e08@6-8;e09@8-10;e07@10-12;e02@12-14,CHG2@0;P7@2;P4@4;P1@6;P2@8;P3@10;J3@12;IN2@14,13.4,14.0,3,1.5,8.0,1,0,0,1,24.5
CHG2__P1__path_1,CHG2,P1,path_1,1,dijkstra_time+dijkstra_total+k_shortest_total,CHG2->P7->P4->P1,e27->e15->e10,e27@0-2;e15@2-4;e10@4-6,CHG2@0;P7@2;P4@4;P1@6,5.4,6.0,1,0.5,4.0,1,0,0,1,11.5
CHG2__P1__path_2,CHG2,P1,path_2,2,k_shortest_total,CHG2->P7->P4->P5->P2->P1,e27->e15->e13->e11->e08,e27@0-2;e15@2-4;e13@4-6;e11@6-8;e08@8-10,CHG2@0;P7@2;P4@4;P5@6;P2@8;P1@10,9.4,10.0,4,2.0,7.0,2,0,0,1,21.0
CHG2__P1__path_3,CHG2,P1,path_3,3,k_shortest_total,CHG2->P7->P8->P5->P2->P1,e27->e18->e16->e11->e08,e27@0-2;e18@2-4;e16@4-6;e11@6-8;e08@8-10,CHG2@0;P7@2;P8@4;P5@6;P2@8;P1@10,9.4,10.0,3,1.5,9.0,1,1,1,1,24.5
CHG2__P2__path_1,CHG2,P2,path_1,1,dijkstra_time+dijkstra_total+k_shortest_total,CHG2->P7->P4->P1->P2,e27->e15->e10->e08,e27@0-2;e15@2-4;e10@4-6;e08@6-8,CHG2@0;P7@2;P4@4;P1@6;P2@8,7.4,8.0,2,1.0,5.0,1,0,0,1,15.0
CHG2__P2__path_2,CHG2,P2,path_2,2,k_shortest_total,CHG2->P7->P4->P5->P2,e27->e15->e13->e11,e27@0-2;e15@2-4;e13@4-6;e11@6-8,CHG2@0;P7@2;P4@4;P5@6;P2@8,7.4,8.0,3,1.5,6.0,2,0,0,1,17.5
CHG2__P2__path_3,CHG2,P2,path_3,3,k_shortest_total,CHG2->P7->P8->P5->P2,e27->e18->e16->e11,e27@0-2;e18@2-4;e16@4-6;e11@6-8,CHG2@0;P7@2;P8@4;P5@6;P2@8,7.4,8.0,2,1.0,8.0,1,1,1,1,21.0
CHG2__P3__path_1,CHG2,P3,path_1,1,dijkstra_time+dijkstra_total+k_shortest_total,CHG2->P7->P4->P1->P2->P3,e27->e15->e10->e08->e09,e27@0-2;e15@2-4;e10@4-6;e08@6-8;e09@8-10,CHG2@0;P7@2;P4@4;P1@6;P2@8;P3@10,9.4,10.0,2,1.0,6.0,1,0,0,1,18.0
CHG2__P3__path_2,CHG2,P3,path_2,2,k_shortest_total,CHG2->P7->P8->P9->P6->P3,e27->e18->e19->e17->e12,e27@0-2;e18@2-4;e19@4-6;e17@6-8;e12@8-10,CHG2@0;P7@2;P8@4;P9@6;P6@8;P3@10,9.4,10.0,2,1.0,6.0,1,0,0,1,18.0
CHG2__P3__path_3,CHG2,P3,path_3,3,k_shortest_total,CHG2->P7->P4->P5->P2->P3,e27->e15->e13->e11->e09,e27@0-2;e15@2-4;e13@4-6;e11@6-8;e09@8-10,CHG2@0;P7@2;P4@4;P5@6;P2@8;P3@10,9.4,10.0,4,2.0,7.0,2,0,0,1,21.0
CHG2__P4__path_1,CHG2,P4,path_1,1,dijkstra_time+dijkstra_total+k_shortest_total,CHG2->P7->P4,e27->e15,e27@0-2;e15@2-4,CHG2@0;P7@2;P4@4,3.4,4.0,1,0.5,2.0,0,0,0,1,6.5
CHG2__P4__path_2,CHG2,P4,path_2,2,k_shortest_total,CHG2->P7->P8->P5->P4,e27->e18->e16->e13,e27@0-2;e18@2-4;e16@4-6;e13@6-8,CHG2@0;P7@2;P8@4;P5@6;P4@8,7.4,8.0,3,1.5,8.0,1,1,1,1,21.5
CHG2__P4__path_3,CHG2,P4,path_3,3,k_shortest_total,CHG2->P7->P8->P9->P6->P5->P4,e27->e18->e19->e17->e14->e13,e27@0-2;e18@2-4;e19@4-6;e17@6-8;e14@8-10;e13@10-12,CHG2@0;P7@2;P8@4;P9@6;P6@8;P5@10;P4@12,11.4,12.0,3,1.5,8.0,2,0,0,1,23.5
CHG2__P5__path_1,CHG2,P5,path_1,1,dijkstra_time+dijkstra_total+k_shortest_total,CHG2->P7->P4->P5,e27->e15->e13,e27@0-2;e15@2-4;e13@4-6,CHG2@0;P7@2;P4@4;P5@6,5.4,6.0,2,1.0,4.0,1,0,0,1,12.0
CHG2__P5__path_2,CHG2,P5,path_2,2,k_shortest_total,CHG2->P7->P8->P5,e27->e18->e16,e27@0-2;e18@2-4;e16@4-6,CHG2@0;P7@2;P8@4;P5@6,5.4,6.0,2,1.0,6.0,0,1,1,1,16.0
CHG2__P5__path_3,CHG2,P5,path_3,3,k_shortest_total,CHG2->P7->P8->P9->P6->P5,e27->e18->e19->e17->e14,e27@0-2;e18@2-4;e19@4-6;e17@6-8;e14@8-10,CHG2@0;P7@2;P8@4;P9@6;P6@8;P5@10,9.4,10.0,3,1.5,6.0,1,0,0,1,18.5
CHG2__P6__path_1,CHG2,P6,path_1,1,dijkstra_total+k_shortest_total,CHG2->P7->P8->P9->P6,e27->e18->e19->e17,e27@0-2;e18@2-4;e19@4-6;e17@6-8,CHG2@0;P7@2;P8@4;P9@6;P6@8,7.4,8.0,2,1.0,4.0,0,0,0,1,13.0
CHG2__P6__path_2,CHG2,P6,path_2,2,dijkstra_time+k_shortest_total,CHG2->P7->P4->P5->P6,e27->e15->e13->e14,e27@0-2;e15@2-4;e13@4-6;e14@6-8,CHG2@0;P7@2;P4@4;P5@6;P6@8,7.4,8.0,2,1.0,6.0,2,0,0,1,17.0
CHG2__P6__path_3,CHG2,P6,path_3,3,k_shortest_total,CHG2->P7->P8->SORT2->P9->P6,e27->e18->e22->e23->e17,e27@0-2;e18@2-4;e22@4-7;e23@7-10;e17@10-12,CHG2@0;P7@2;P8@4;SORT2@7;P9@10;P6@12,9.8,12.0,4,2.0,5.0,0,0,0,1,19.0
CHG2__P7__path_1,CHG2,P7,path_1,1,dijkstra_time+dijkstra_total+k_shortest_total,CHG2->P7,e27,e27@0-2,CHG2@0;P7@2,1.4,2.0,0,0.0,1.0,0,0,0,1,3.0
CHG2__P8__path_1,CHG2,P8,path_1,1,dijkstra_time+dijkstra_total+k_shortest_total,CHG2->P7->P8,e27->e18,e27@0-2;e18@2-4,CHG2@0;P7@2;P8@4,3.4,4.0,1,0.5,2.0,0,0,0,1,6.5
CHG2__P8__path_2,CHG2,P8,path_2,2,k_shortest_total,CHG2->P7->SORT1->P8,e27->e20->e21,e27@0-2;e20@2-5;e21@5-8,CHG2@0;P7@2;SORT1@5;P8@8,5.8,8.0,2,1.0,3.0,0,0,0,1,12.0
CHG2__P8__path_3,CHG2,P8,path_3,3,k_shortest_total,CHG2->P7->P4->P5->P8,e27->e15->e13->e16,e27@0-2;e15@2-4;e13@4-6;e16@6-8,CHG2@0;P7@2;P4@4;P5@6;P8@8,7.4,8.0,3,1.5,8.0,1,1,1,1,21.5
CHG2__P9__path_1,CHG2,P9,path_1,1,dijkstra_time+dijkstra_total+k_shortest_total,CHG2->P7->P8->P9,e27->e18->e19,e27@0-2;e18@2-4;e19@4-6,CHG2@0;P7@2;P8@4;P9@6,5.4,6.0,1,0.5,3.0,0,0,0,1,9.5
CHG2__P9__path_2,CHG2,P9,path_2,2,k_shortest_total,CHG2->P7->SORT1->P8->P9,e27->e20->e21->e19,e27@0-2;e20@2-5;e21@5-8;e19@8-10,CHG2@0;P7@2;SORT1@5;P8@8;P9@10,7.8,10.0,3,1.5,4.0,0,0,0,1,15.5
CHG2__P9__path_3,CHG2,P9,path_3,3,k_shortest_total,CHG2->P7->P8->SORT2->P9,e27->e18->e22->e23,e27@0-2;e18@2-4;e22@4-7;e23@7-10,CHG2@0;P7@2;P8@4;SORT2@7;P9@10,7.8,10.0,3,1.5,4.0,0,0,0,1,15.5
CHG2__SORT1__path_1,CHG2,SORT1,path_1,1,dijkstra_time+dijkstra_total+k_shortest_total,CHG2->P7->SORT1,e27->e20,e27@0-2;e20@2-5,CHG2@0;P7@2;SORT1@5,3.6,5.0,1,0.5,2.0,0,0,0,1,7.5
CHG2__SORT1__path_2,CHG2,SORT1,path_2,2,k_shortest_total,CHG2->P7->P8->SORT1,e27->e18->e21,e27@0-2;e18@2-4;e21@4-7,CHG2@0;P7@2;P8@4;SORT1@7,5.6,7.0,2,1.0,3.0,0,0,0,1,11.0
CHG2__SORT1__path_3,CHG2,SORT1,path_3,3,k_shortest_total,CHG2->P7->P4->P5->P8->SORT1,e27->e15->e13->e16->e21,e27@0-2;e15@2-4;e13@4-6;e16@6-8;e21@8-11,CHG2@0;P7@2;P4@4;P5@6;P8@8;SORT1@11,9.6,11.0,4,2.0,9.0,1,1,1,1,26.0
CHG2__SORT2__path_1,CHG2,SORT2,path_1,1,dijkstra_time+dijkstra_total+k_shortest_total,CHG2->P7->P8->SORT2,e27->e18->e22,e27@0-2;e18@2-4;e22@4-7,CHG2@0;P7@2;P8@4;SORT2@7,5.6,7.0,2,1.0,3.0,0,0,0,1,11.0
CHG2__SORT2__path_2,CHG2,SORT2,path_2,2,k_shortest_total,CHG2->P7->P8->P9->SORT2,e27->e18->e19->e23,e27@0-2;e18@2-4;e19@4-6;e23@6-9,CHG2@0;P7@2;P8@4;P9@6;SORT2@9,7.6,9.0,2,1.0,4.0,0,0,0,1,14.0
CHG2__SORT2__path_3,CHG2,SORT2,path_3,3,k_shortest_total,CHG2->P7->SORT1->P8->SORT2,e27->e20->e21->e22,e27@0-2;e20@2-5;e21@5-8;e22@8-11,CHG2@0;P7@2;SORT1@5;P8@8;SORT2@11,8.0,11.0,3,1.5,4.0,0,0,0,1,16.5
CHG2__OUT1__path_1,CHG2,OUT1,path_1,1,dijkstra_time+dijkstra_total+k_shortest_total,CHG2->P7->SORT1->OUT1,e27->e20->e24,e27@0-2;e20@2-5;e24@5-7,CHG2@0;P7@2;SORT1@5;OUT1@7,5.6,7.0,2,1.0,3.0,0,0,0,1,11.0
CHG2__OUT1__path_2,CHG2,OUT1,path_2,2,k_shortest_total,CHG2->P7->P8->SORT1->OUT1,e27->e18->e21->e24,e27@0-2;e18@2-4;e21@4-7;e24@7-9,CHG2@0;P7@2;P8@4;SORT1@7;OUT1@9,7.6,9.0,3,1.5,4.0,0,0,0,1,14.5
CHG2__OUT1__path_3,CHG2,OUT1,path_3,3,k_shortest_total,CHG2->P7->P4->P5->P8->SORT1->OUT1,e27->e15->e13->e16->e21->e24,e27@0-2;e15@2-4;e13@4-6;e16@6-8;e21@8-11;e24@11-13,CHG2@0;P7@2;P4@4;P5@6;P8@8;SORT1@11;OUT1@13,11.6,13.0,5,2.5,10.0,1,1,1,1,29.5
CHG2__OUT2__path_1,CHG2,OUT2,path_1,1,dijkstra_time+dijkstra_total+k_shortest_total,CHG2->P7->P8->SORT2->OUT2,e27->e18->e22->e25,e27@0-2;e18@2-4;e22@4-7;e25@7-9,CHG2@0;P7@2;P8@4;SORT2@7;OUT2@9,7.6,9.0,3,1.5,4.0,0,0,0,1,14.5
CHG2__OUT2__path_2,CHG2,OUT2,path_2,2,k_shortest_total,CHG2->P7->P8->P9->SORT2->OUT2,e27->e18->e19->e23->e25,e27@0-2;e18@2-4;e19@4-6;e23@6-9;e25@9-11,CHG2@0;P7@2;P8@4;P9@6;SORT2@9;OUT2@11,9.6,11.0,3,1.5,5.0,0,0,0,1,17.5
CHG2__OUT2__path_3,CHG2,OUT2,path_3,3,k_shortest_total,CHG2->P7->SORT1->P8->SORT2->OUT2,e27->e20->e21->e22->e25,e27@0-2;e20@2-5;e21@5-8;e22@8-11;e25@11-13,CHG2@0;P7@2;SORT1@5;P8@8;SORT2@11;OUT2@13,10.0,13.0,4,2.0,5.0,0,0,0,1,20.0
CHG2__CHG1__path_1,CHG2,CHG1,path_1,1,dijkstra_time+dijkstra_total+k_shortest_total,CHG2->P7->P4->P1->J1->CHG1,e27->e15->e10->e05->e26,e27@0-2;e15@2-4;e10@4-6;e05@6-8;e26@8-10,CHG2@0;P7@2;P4@4;P1@6;J1@8;CHG1@10,8.8,10.0,2,1.0,6.0,1,0,0,1,18.0
CHG2__CHG1__path_2,CHG2,CHG1,path_2,2,k_shortest_total,CHG2->P7->P4->P1->P2->J2->J1->CHG1,e27->e15->e10->e08->e06->e03->e26,e27@0-2;e15@2-4;e10@4-6;e08@6-8;e06@8-10;e03@10-12;e26@12-14,CHG2@0;P7@2;P4@4;P1@6;P2@8;J2@10;J1@12;CHG1@14,12.8,14.0,5,2.5,9.0,2,0,0,1,27.5
CHG2__CHG1__path_3,CHG2,CHG1,path_3,3,k_shortest_total,CHG2->P7->P4->P5->P2->P1->J1->CHG1,e27->e15->e13->e11->e08->e05->e26,e27@0-2;e15@2-4;e13@4-6;e11@6-8;e08@8-10;e05@10-12;e26@12-14,CHG2@0;P7@2;P4@4;P5@6;P2@8;P1@10;J1@12;CHG1@14,12.8,14.0,6,3.0,9.0,2,0,0,1,28.0
