path_uid,from_node,to_node,path_id,rank_by_total,algorithm,path_geometry,grid_cell_sequence,trajectory_sample_count,distance,travel_time,turn_count,turn_cost,risk_cost,dynamic_cost,total_cost,planning_status,start_cell,goal_cell,source_algorithm,source_path_uid,source_total_cost
basic_astar::CHG1__CHG2__path_1,CHG1,CHG2,path_1,1,mixed(basic_astar),"1.05,0.05;9.05,0.05",8:18;8:98,17,8.0,8.0,0,0.0,0.0,0.0,8.0,ok,8:18,8:98,basic_astar,CHG1__CHG2__path_1,8.0
basic_astar::CHG1__IN1__path_1,CHG1,IN1,path_1,1,mixed(basic_astar),"1.05,0.05;0.05,1.05",8:18;18:8,4,1.414,1.414,0,0.0,0.0,0.0,1.414,ok,8:18,18:8,basic_astar,CHG1__IN1__path_1,1.414
vg::CHG1__IN2__path_1,CHG1,IN2,path_1,1,mixed(vg),"1.00,0.00;0.00,5.00",,12,5.099,5.099,0,0.0,0.0,0.0,5.099,ok,,,vg,CHG1__IN2__path_1,5.099
vg::CHG1__OUT1__path_1,CHG1,OUT1,path_1,1,mixed(vg),"1.00,0.00;8.62,0.73;12.00,2.00",,24,11.266,11.266,1,0.0,0.0,0.0,11.766,ok,,,vg,CHG1__OUT1__path_1,11.266
basic_astar::CHG1__OUT1__path_1,CHG1,OUT1,path_2,2,mixed(basic_astar),"1.05,0.05;2.45,0.05;2.85,0.45;4.75,0.45;4.85,0.55;9.05,0.55;9.15,0.65;9.25,0.65;9.35,0.75;9.45,0.75;9.55,0.85;9.65,0.85;9.75,0.95;9.95,0.95;10.05,1.05;10.15,1.05;10.25,1.15;10.35,1.15;10.45,1.25;10.55,1.25;10.65,1.35;10.75,1.35;10.85,1.45;11.05,1.45;11.15,1.55;11.25,1.55;11.35,1.65;11.45,1.65;11.55,1.75;11.65,1.75;11.75,1.85;11.95,1.85;12.05,1.95",8:18;8:32;12:36;12:55;13:56;13:98;14:99;14:100;15:101;15:102;16:103;16:104;17:105;17:107;18:108;18:109;19:110;19:111;20:112;20:113;21:114;21:115;22:116;22:118;23:119;23:120;24:121;24:122;25:123;25:124;26:125;26:127;27:128,25,11.787,11.787,31,0.0,0.0,0.0,27.287,ok,8:18,27:128,basic_astar,CHG1__OUT1__path_1,11.787
vg::CHG1__OUT2__path_1,CHG1,OUT2,path_1,1,mixed(vg),"1.00,0.00;8.62,0.73;12.00,4.00",,26,12.358,12.358,1,0.0,0.0,0.0,12.858,ok,,,vg,CHG1__OUT2__path_1,12.358
vg::CHG1__P1__path_1,CHG1,P1,path_1,1,mixed(vg),"1.00,0.00;3.12,0.95",,6,2.323,2.323,0,0.0,0.0,0.0,2.323,ok,,,vg,CHG1__P1__path_1,2.323
vg::CHG1__P2__path_1,CHG1,P2,path_1,1,mixed(vg),"1.00,0.00;4.32,0.53;4.36,2.35",,12,5.182,5.182,1,0.0,0.0,0.0,5.682,ok,,,vg,CHG1__P2__path_1,5.182
vg::CHG1__P3__path_1,CHG1,P3,path_1,1,mixed(vg),"1.00,0.00;3.72,5.25",,13,5.913,5.913,0,0.0,0.0,0.0,5.913,ok,,,vg,CHG1__P3__path_1,5.913
basic_astar::CHG1__P3__path_1,CHG1,P3,path_2,2,mixed(basic_astar),"1.05,0.05;1.45,0.45;1.45,0.95;2.15,1.65;2.15,1.75;2.25,1.85;2.25,2.05;2.35,2.15;2.35,2.25;3.25,3.15;3.25,4.25;3.35,4.35;3.35,4.45;3.45,4.55;3.45,4.65;3.55,4.75;3.55,4.85;3.65,4.95;3.65,5.15;3.75,5.25",8:18;12:22;17:22;24:29;25:29;26:30;28:30;29:31;30:31;39:40;50:40;51:41;52:41;53:42;54:42;55:43;56:43;57:44;59:44;60:45,14,6.318,6.318,18,0.0,0.0,0.0,15.318,ok,8:18,60:45,basic_astar,CHG1__P3__path_1,6.318
vg::CHG1__P4__path_1,CHG1,P4,path_1,1,mixed(vg),"1.00,0.00;4.32,0.53;5.05,1.35",,10,4.46,4.46,1,0.0,0.0,0.0,4.96,ok,,,vg,CHG1__P4__path_1,4.46
vg::CHG1__P5__path_1,CHG1,P5,path_1,1,mixed(vg),"1.00,0.00;3.23,2.92;5.03,3.82;5.62,4.10",,14,6.34,6.34,2,0.0,0.0,0.0,7.34,ok,,,vg,CHG1__P5__path_1,6.34
basic_astar::CHG1__P5__path_1,CHG1,P5,path_2,2,mixed(basic_astar),"1.05,0.05;3.15,2.15;3.15,2.95;3.25,2.95;3.35,3.05;3.55,3.05;3.65,3.15;3.75,3.15;3.85,3.25;3.95,3.25;4.05,3.35;4.15,3.35;4.25,3.45;4.35,3.45;4.45,3.55;4.65,3.55;4.95,3.85;5.25,3.85;5.35,3.95;5.55,3.95;5.65,4.05",8:18;29:39;37:39;37:40;38:41;38:43;39:44;39:45;40:46;40:47;41:48;41:49;42:50;42:51;43:52;43:54;46:57;46:60;47:61;47:63;48:64,15,6.725,6.725,19,0.0,0.0,0.0,16.225,ok,8:18,48:64,basic_astar,CHG1__P5__path_1,6.725
vg::CHG1__P6__path_1,CHG1,P6,path_1,1,mixed(vg),"1.00,0.00;3.23,2.92;5.32,4.43;6.33,5.52;7.98,5.55",,20,9.389,9.389,3,0.0,0.0,0.0,10.889,ok,,,vg,CHG1__P6__path_1,9.389
basic_astar::CHG1__P6__path_1,CHG1,P6,path_2,2,mixed(basic_astar),"1.05,0.05;3.15,2.15;3.15,2.95;3.95,3.75;4.05,3.75;4.15,3.85;4.25,3.85;4.35,3.95;4.45,3.95;4.55,4.05;4.75,4.05;4.85,4.15;4.95,4.15;5.05,4.25;5.15,4.25;5.25,4.35;5.35,4.35;6.25,5.25;6.25,5.55;7.95,5.55",8:18;29:39;37:39;45:47;45:48;46:49;46:50;47:51;47:52;48:53;48:55;49:56;49:57;50:58;50:59;51:60;51:61;60:70;63:70;63:87,21,9.823,9.823,18,0.0,0.0,0.0,18.823,ok,8:18,63:87,basic_astar,CHG1__P6__path_1,9.823
vg::CHG1__P7__path_1,CHG1,P7,path_1,1,mixed(vg),"1.00,0.00;6.57,0.58;7.38,1.00",,15,6.513,6.513,1,0.0,0.0,0.0,7.013,ok,,,vg,CHG1__P7__path_1,6.513
vg::CHG1__P8__path_1,CHG1,P8,path_1,1,mixed(vg),"1.00,0.00;8.62,0.73;8.72,2.35",,20,9.278,9.278,1,0.0,0.0,0.0,9.778,ok,,,vg,CHG1__P8__path_1,9.278
vg::CHG1__P9__path_1,CHG1,P9,path_1,1,mixed(vg),"1.00,0.00;3.23,2.92;6.20,5.05",,16,7.329,7.329,1,0.0,0.0,0.0,7.829,ok,,,vg,CHG1__P9__path_1,7.329
basic_astar::CHG1__P9__path_1,CHG1,P9,path_2,2,mixed(basic_astar),"1.05,0.05;3.15,2.15;3.15,2.95;4.45,4.25;4.55,4.25;4.65,4.35;5.35,4.35;5.95,4.95;6.15,4.95;6.25,5.05",8:18;29:39;37:39;50:52;50:53;51:54;51:61;57:67;57:69;58:70,17,7.74,7.74,8,0.0,0.0,0.0,11.74,ok,8:18,58:70,basic_astar,CHG1__P9__path_1,7.74
vg::CHG1__SORT1__path_1,CHG1,SORT1,path_1,1,mixed(vg),"1.00,0.00;8.62,0.73;9.72,2.16",,20,9.459,9.459,1,0.0,0.0,0.0,9.959,ok,,,vg,CHG1__SORT1__path_1,9.459
davg::CHG1__SORT2__path_1,CHG1,SORT2,path_1,1,mixed(davg),"1.00,0.00;8.62,0.73;10.36,4.05",,24,11.403,11.403,1,0.496,0.0,0.0,11.903,ok,,,davg,CHG1__SORT2__path_1,11.899
vg::CHG1__SORT2__path_1,CHG1,SORT2,path_2,2,mixed(vg),"1.00,0.00;3.23,2.92;5.03,3.82;10.36,4.05",,24,11.022,11.022,2,0.0,0.0,0.0,12.022,ok,,,vg,CHG1__SORT2__path_1,11.022
basic_astar::CHG1__SORT2__path_1,CHG1,SORT2,path_3,3,mixed(basic_astar),"1.05,0.05;3.15,2.15;3.15,2.95;3.25,2.95;3.35,3.05;4.15,3.05;4.95,3.85;9.95,3.85;10.05,3.95;10.25,3.95;10.35,4.05",8:18;29:39;37:39;37:40;38:41;38:49;46:57;46:107;47:108;47:110;48:111,24,11.425,11.425,9,0.0,0.0,0.0,15.925,ok,8:18,48:111,basic_astar,CHG1__SORT2__path_1,11.425
basic_astar::CHG2__CHG1__path_1,CHG2,CHG1,path_1,1,mixed(basic_astar),"9.05,0.05;1.05,0.05",8:98;8:18,17,8.0,8.0,0,0.0,0.0,0.0,8.0,ok,8:98,8:18,basic_astar,CHG2__CHG1__path_1,8.0
vg::CHG2__IN1__path_1,CHG2,IN1,path_1,1,mixed(vg),"9.00,0.00;3.23,0.53;0.00,1.00",,20,9.058,9.058,1,0.0,0.0,0.0,9.558,ok,,,vg,CHG2__IN1__path_1,9.058
basic_astar::CHG2__IN1__path_1,CHG2,IN1,path_2,2,mixed(basic_astar),"9.05,0.05;7.35,0.05;7.15,0.25;5.25,0.25;5.15,0.35;1.55,0.35;1.45,0.45;1.35,0.45;1.25,0.55;1.05,0.55;0.95,0.65;0.85,0.65;0.75,0.75;0.65,0.75;0.55,0.85;0.45,0.85;0.35,0.95;0.15,0.95;0.05,1.05",8:98;8:81;10:79;10:60;11:59;11:23;12:22;12:21;13:20;13:18;14:17;14:16;15:15;15:14;16:13;16:12;17:11;17:9;18:8,20,9.414,9.414,17,0.0,0.0,0.0,17.914,ok,8:98,18:8,basic_astar,CHG2__IN1__path_1,9.414
davg::CHG2__IN2__path_1,CHG2,IN2,path_1,1,mixed(davg),"9.00,0.00;3.23,0.53;0.00,5.00",,24,11.309,11.309,1,0.427,0.0,0.0,11.809,ok,,,davg,CHG2__IN2__path_1,11.736
vg::CHG2__IN2__path_1,CHG2,IN2,path_2,2,mixed(vg),"9.00,0.00;7.53,0.73;6.57,2.57;5.03,2.93;0.00,5.00",,23,10.737,10.737,3,0.0,0.0,0.0,12.237,ok,,,vg,CHG2__IN2__path_1,10.737
basic_astar::CHG2__IN2__path_1,CHG2,IN2,path_3,3,mixed(basic_astar),"9.05,0.05;8.95,0.15;8.05,0.15;7.55,0.65;7.45,0.65;6.65,1.45;6.65,2.65;5.05,2.65;4.95,2.75;4.85,2.75;4.75,2.85;4.65,2.85;4.55,2.95;4.35,2.95;4.25,3.05;4.15,3.05;4.05,3.15;3.95,3.15;3.85,3.25;3.75,3.25;3.65,3.35;3.55,3.35;3.45,3.45;3.25,3.45;3.15,3.55;3.05,3.55;2.95,3.65;2.85,3.65;2.75,3.75;2.65,3.75;2.55,3.85;2.45,3.85;2.35,3.95;2.15,3.95;2.05,4.05;1.95,4.05;1.85,4.15;1.75,4.15;1.65,4.25;1.55,4.25;1.45,4.35;1.35,4.35;1.25,4.45;1.05,4.45;0.95,4.55;0.85,4.55;0.75,4.65;0.65,4.65;0.55,4.75;0.45,4.75;0.35,4.85;0.15,4.85;0.05,4.95",8:98;9:97;9:88;14:83;14:82;22:74;34:74;34:58;35:57;35:56;36:55;36:54;37:53;37:51;38:50;38:49;39:48;39:47;40:46;40:45;41:44;41:43;42:42;42:40;43:39;43:38;44:37;44:36;45:35;45:34;46:33;46:32;47:31;47:29;48:28;48:27;49:26;49:25;50:24;50:23;51:22;51:21;52:20;52:18;53:17;53:16;54:15;54:14;55:13;55:12;56:11;56:9;57:8,25,11.733,11.733,51,0.0,0.0,0.0,37.233000000000004,ok,8:98,57:8,basic_astar,CHG2__IN2__path_1,11.733
vg::CHG2__OUT1__path_1,CHG2,OUT1,path_1,1,mixed(vg),"9.00,0.00;12.00,2.00",,9,3.606,3.606,0,0.0,0.0,0.0,3.606,ok,,,vg,CHG2__OUT1__path_1,3.606
vg::CHG2__OUT2__path_1,CHG2,OUT2,path_1,1,mixed(vg),"9.00,0.00;12.00,4.00",,11,5.0,5.0,0,0.0,0.0,0.0,5.0,ok,,,vg,CHG2__OUT2__path_1,5.0
basic_astar::CHG2__OUT2__path_1,CHG2,OUT2,path_2,2,mixed(basic_astar),"9.05,0.05;11.35,2.35;11.35,2.45;11.45,2.55;11.45,2.65;11.75,2.95;11.75,3.35;11.85,3.45;11.85,3.55;11.95,3.65;11.95,3.85;12.05,3.95",8:98;31:121;32:121;33:122;34:122;37:125;41:125;42:126;43:126;44:127;46:127;47:128,12,5.143,5.143,10,0.0,0.0,0.0,10.143,ok,8:98,47:128,basic_astar,CHG2__OUT2__path_1,5.143
vg::CHG2__P1__path_1,CHG2,P1,path_1,1,mixed(vg),"9.00,0.00;3.23,0.53;3.12,0.95",,14,6.228,6.228,1,0.0,0.0,0.0,6.728,ok,,,vg,CHG2__P1__path_1,6.228
vg::CHG2__P2__path_1,CHG2,P2,path_1,1,mixed(vg),"9.00,0.00;5.23,0.58;4.36,2.35",,13,5.787,5.787,1,0.0,0.0,0.0,6.287,ok,,,vg,CHG2__P2__path_1,5.787
davg::CHG2__P3__path_1,CHG2,P3,path_1,1,mixed(davg),"9.00,0.00;5.23,0.58;3.83,4.43;3.72,5.25",,19,8.738,8.738,2,0.642,0.0,0.0,9.738,ok,,,davg,CHG2__P3__path_1,9.381
vg::CHG2__P3__path_1,CHG2,P3,path_2,2,mixed(vg),"9.00,0.00;7.53,0.73;6.57,2.57;5.03,2.93;3.83,4.43;3.72,5.25",,18,8.046,8.046,4,0.0,0.0,0.0,10.046,ok,,,vg,CHG2__P3__path_1,8.046
basic_astar::CHG2__P3__path_1,CHG2,P3,path_3,3,mixed(basic_astar),"9.05,0.05;8.95,0.15;8.05,0.15;7.55,0.65;7.45,0.65;6.65,1.45;6.65,2.65;6.55,2.75;6.35,2.75;6.25,2.85;4.95,2.85;4.75,3.05;4.75,3.15;4.65,3.25;4.65,3.35;4.55,3.45;4.55,3.55;3.75,4.35;3.75,5.25",8:98;9:97;9:88;14:83;14:82;22:74;34:74;35:73;35:71;36:70;36:57;38:55;39:55;40:54;41:54;42:53;43:53;51:45;60:45,19,8.86,8.86,17,0.0,0.0,0.0,17.36,ok,8:98,60:45,basic_astar,CHG2__P3__path_1,8.86
vg::CHG2__P4__path_1,CHG2,P4,path_1,1,mixed(vg),"9.00,0.00;5.23,0.58;5.05,1.35",,11,4.605,4.605,1,0.0,0.0,0.0,5.105,ok,,,vg,CHG2__P4__path_1,4.605
vg::CHG2__P5__path_1,CHG2,P5,path_1,1,mixed(vg),"9.00,0.00;7.53,0.73;6.57,2.57;6.43,2.83;6.32,3.82;5.62,4.10",,13,5.762,5.762,4,0.0,0.0,0.0,7.762,ok,,,vg,CHG2__P5__path_1,5.762
davg::CHG2__P5__path_1,CHG2,P5,path_2,2,mixed(davg),"9.00,0.00;5.23,0.58;5.03,2.93;5.03,3.82;5.62,4.10",,17,7.716,7.716,3,1.273,0.0,0.076,9.216000000000001,ok,,,davg,CHG2__P5__path_1,9.065
basic_astar::CHG2__P5__path_1,CHG2,P5,path_3,3,mixed(basic_astar),"9.05,0.05;8.95,0.15;8.05,0.15;7.55,0.65;7.45,0.65;6.95,1.15;6.95,1.25;6.85,1.35;6.85,1.45;6.75,1.55;6.75,1.65;6.65,1.75;6.65,2.65;6.55,2.75;6.35,2.75;6.35,3.85;6.05,3.85;5.95,3.95;5.75,3.95;5.65,4.05",8:98;9:97;9:88;14:83;14:82;19:77;20:77;21:76;22:76;23:75;24:75;25:74;34:74;35:73;35:71;46:71;46:68;47:67;47:65;48:64,14,6.404,6.404,18,0.0,0.0,0.0,15.404,ok,8:98,48:64,basic_astar,CHG2__P5__path_1,6.404
vg::CHG2__P6__path_1,CHG2,P6,path_1,1,mixed(vg),"9.00,0.00;8.62,3.02;8.02,5.52;7.98,5.55",,13,5.665,5.665,2,0.0,0.0,0.0,6.665,ok,,,vg,CHG2__P6__path_1,5.665
basic_astar::CHG2__P6__path_1,CHG2,P6,path_2,2,mixed(basic_astar),"9.05,0.05;9.05,1.45;8.65,1.85;8.65,3.05;8.05,3.65;8.05,5.55;7.95,5.55",8:98;22:98;26:94;38:94;44:88;63:88;63:87,14,6.014,6.014,5,0.0,0.0,0.0,8.514,ok,8:98,63:87,basic_astar,CHG2__P6__path_1,6.014
vg::CHG2__P7__path_1,CHG2,P7,path_1,1,mixed(vg),"9.00,0.00;7.53,0.73;7.38,1.00",,5,1.95,1.95,1,0.0,0.0,0.0,2.45,ok,,,vg,CHG2__P7__path_1,1.95
vg::CHG2__P8__path_1,CHG2,P8,path_1,1,mixed(vg),"9.00,0.00;8.72,2.35",,6,2.367,2.367,0,0.0,0.0,0.0,2.367,ok,,,vg,CHG2__P8__path_1,2.367
vg::CHG2__P9__path_1,CHG2,P9,path_1,1,mixed(vg),"9.00,0.00;7.53,0.73;6.57,2.57;6.43,2.83;6.20,5.05",,14,6.244,6.244,3,0.0,0.0,0.0,7.744,ok,,,vg,CHG2__P9__path_1,6.244
davg::CHG2__P9__path_1,CHG2,P9,path_2,2,mixed(davg),"9.00,0.00;5.23,0.58;5.03,2.93;5.03,3.82;6.20,5.05",,19,8.76,8.76,3,1.089,0.0,0.0,10.26,ok,,,davg,CHG2__P9__path_1,9.85
basic_astar::CHG2__P9__path_1,CHG2,P9,path_3,3,mixed(basic_astar),"9.05,0.05;8.95,0.15;8.05,0.15;7.55,0.65;7.45,0.65;7.35,0.75;7.35,1.95;6.55,2.75;6.35,2.75;6.35,4.15;6.25,4.25;6.25,5.05",8:98;9:97;9:88;14:83;14:82;15:81;27:81;35:73;35:71;49:71;50:70;58:70,15,6.863,6.863,10,0.0,0.0,0.0,11.863,ok,8:98,58:70,basic_astar,CHG2__P9__path_1,6.863
vg::CHG2__SORT1__path_1,CHG2,SORT1,path_1,1,mixed(vg),"9.00,0.00;9.72,2.16",,6,2.277,2.277,0,0.0,0.0,0.0,2.277,ok,,,vg,CHG2__SORT1__path_1,2.277
basic_astar::CHG2__SORT1__path_1,CHG2,SORT1,path_2,2,mixed(basic_astar),"9.05,0.05;9.05,1.15;9.65,1.75;9.65,2.05;9.75,2.15",8:98;19:98;25:104;28:104;29:105,6,2.39,2.39,3,0.0,0.0,0.0,3.89,ok,8:98,29:105,basic_astar,CHG2__SORT1__path_1,2.39
vg::CHG2__SORT2__path_1,CHG2,SORT2,path_1,1,mixed(vg),"9.00,0.00;10.36,4.05",,10,4.272,4.272,0,0.0,0.0,0.0,4.272,ok,,,vg,CHG2__SORT2__path_1,4.272
basic_astar::IN1__CHG1__path_1,IN1,CHG1,path_1,1,mixed(basic_astar),"0.05,1.05;1.05,0.05",18:8;8:18,4,1.414,1.414,0,0.0,0.0,0.0,1.414,ok,18:8,8:18,basic_astar,IN1__CHG1__path_1,1.414
vg::IN1__CHG2__path_1,IN1,CHG2,path_1,1,mixed(vg),"0.00,1.00;3.23,0.53;9.00,0.00",,20,9.058,9.058,1,0.0,0.0,0.0,9.558,ok,,,vg,IN1__CHG2__path_1,9.058
basic_astar::IN1__CHG2__path_1,IN1,CHG2,path_2,2,mixed(basic_astar),"0.05,1.05;1.15,1.05;1.75,0.45;8.25,0.45;8.35,0.35;8.45,0.35;8.55,0.25;8.65,0.25;8.75,0.15;8.95,0.15;9.05,0.05",18:8;18:19;12:25;12:90;11:91;11:92;10:93;10:94;9:95;9:97;8:98,20,9.414,9.414,9,0.0,0.0,0.0,13.914,ok,18:8,8:98,basic_astar,IN1__CHG2__path_1,9.414
basic_astar::IN1__IN2__path_1,IN1,IN2,path_1,1,mixed(basic_astar),"0.05,1.05;0.05,4.95",18:8;57:8,9,3.9,3.9,0,0.0,0.0,0.0,3.9,ok,18:8,57:8,basic_astar,IN1__IN2__path_1,3.9
vg::IN1__OUT1__path_1,IN1,OUT1,path_1,1,mixed(vg),"0.00,1.00;3.23,0.53;4.32,0.53;6.57,0.58;8.62,0.73;12.00,2.00",,26,12.271,12.271,4,0.0,0.0,0.0,14.271,ok,,,vg,IN1__OUT1__path_1,12.271
basic_astar::IN1__OUT1__path_1,IN1,OUT1,path_2,2,mixed(basic_astar),"0.05,1.05;1.15,1.05;1.75,0.45;8.85,0.45;8.95,0.55;9.05,0.55;9.15,0.65;9.25,0.65;9.35,0.75;9.45,0.75;9.55,0.85;9.65,0.85;9.75,0.95;9.95,0.95;10.05,1.05;10.15,1.05;10.25,1.15;10.35,1.15;10.45,1.25;10.55,1.25;10.65,1.35;10.75,1.35;10.85,1.45;11.05,1.45;11.15,1.55;11.25,1.55;11.35,1.65;11.45,1.65;11.55,1.75;11.65,1.75;11.75,1.85;11.95,1.85;12.05,1.95",18:8;18:19;12:25;12:96;13:97;13:98;14:99;14:100;15:101;15:102;16:103;16:104;17:105;17:107;18:108;18:109;19:110;19:111;20:112;20:113;21:114;21:115;22:116;22:118;23:119;23:120;24:121;24:122;25:123;25:124;26:125;26:127;27:128,27,12.87,12.87,31,0.0,0.0,0.0,28.369999999999997,ok,18:8,27:128,basic_astar,IN1__OUT1__path_1,12.87
vg::IN1__OUT2__path_1,IN1,OUT2,path_1,1,mixed(vg),"0.00,1.00;3.23,2.92;5.03,3.82;12.00,4.00",,27,12.742,12.742,2,0.0,0.0,0.0,13.742,ok,,,vg,IN1__OUT2__path_1,12.742
davg::IN1__OUT2__path_1,IN1,OUT2,path_2,2,mixed(davg),"0.00,1.00;3.23,0.53;4.32,0.53;6.57,0.58;8.62,0.73;12.00,4.00",,28,13.363,13.363,4,0.457,0.0,0.0,15.363,ok,,,davg,IN1__OUT2__path_1,13.82
basic_astar::IN1__OUT2__path_1,IN1,OUT2,path_3,3,mixed(basic_astar),"0.05,1.05;0.35,1.35;0.55,1.35;2.95,3.75;4.85,3.75;4.95,3.85;11.95,3.85;12.05,3.95",18:8;21:11;21:13;45:37;45:56;46:57;46:127;47:128,28,13.201,13.201,6,0.0,0.0,0.0,16.201,ok,18:8,47:128,basic_astar,IN1__OUT2__path_1,13.201
vg::IN1__P1__path_1,IN1,P1,path_1,1,mixed(vg),"0.00,1.00;3.12,0.95",,8,3.12,3.12,0,0.0,0.0,0.0,3.12,ok,,,vg,IN1__P1__path_1,3.12
vg::IN1__P2__path_1,IN1,P2,path_1,1,mixed(vg),"0.00,1.00;3.23,2.92;4.32,2.92;4.36,2.35",,12,5.419,5.419,2,0.0,0.0,0.0,6.419,ok,,,vg,IN1__P2__path_1,5.419
basic_astar::IN1__P2__path_1,IN1,P2,path_2,2,mixed(basic_astar),"0.05,1.05;1.15,1.05;1.75,1.65;1.85,1.65;3.15,2.95;4.35,2.95;4.35,2.35",18:8;18:19;24:25;24:26;37:39;37:51;31:51,13,5.687,5.687,5,0.0,0.0,0.0,8.187000000000001,ok,18:8,31:51,basic_astar,IN1__P2__path_1,5.687
vg::IN1__P3__path_1,IN1,P3,path_1,1,mixed(vg),"0.00,1.00;3.72,5.25",,13,5.648,5.648,0,0.0,0.0,0.0,5.648,ok,,,vg,IN1__P3__path_1,5.648
basic_astar::IN1__P3__path_1,IN1,P3,path_2,2,mixed(basic_astar),"0.05,1.05;3.35,4.35;3.35,4.45;3.45,4.55;3.45,4.65;3.55,4.75;3.55,4.85;3.65,4.95;3.65,5.15;3.75,5.25",18:8;51:41;52:41;53:42;54:42;55:43;56:43;57:44;59:44;60:45,13,5.733,5.733,8,0.0,0.0,0.0,9.733,ok,18:8,60:45,basic_astar,IN1__P3__path_1,5.733
vg::IN1__P4__path_1,IN1,P4,path_1,1,mixed(vg),"0.00,1.00;3.23,0.53;4.32,0.53;5.05,1.35",,12,5.452,5.452,2,0.0,0.0,0.0,6.452,ok,,,vg,IN1__P4__path_1,5.452
vg::IN1__P5__path_1,IN1,P5,path_1,1,mixed(vg),"0.00,1.00;3.23,2.92;5.03,3.82;5.62,4.10",,14,6.423,6.423,2,0.0,0.0,0.0,7.423,ok,,,vg,IN1__P5__path_1,6.423
basic_astar::IN1__P5__path_1,IN1,P5,path_2,2,mixed(basic_astar),"0.05,1.05;0.55,1.55;0.75,1.55;2.95,3.75;4.85,3.75;4.95,3.85;5.25,3.85;5.35,3.95;5.55,3.95;5.65,4.05",18:8;23:13;23:15;45:37;45:56;46:57;46:60;47:61;47:63;48:64,15,6.843,6.843,8,0.0,0.0,0.0,10.843,ok,18:8,48:64,basic_astar,IN1__P5__path_1,6.843
vg::IN1__P6__path_1,IN1,P6,path_1,1,mixed(vg),"0.00,1.00;5.32,4.43;6.33,5.52;7.98,5.55",,20,9.466,9.466,2,0.0,0.0,0.0,10.466,ok,,,vg,IN1__P6__path_1,9.466
basic_astar::IN1__P6__path_1,IN1,P6,path_2,2,mixed(basic_astar),"0.05,1.05;1.75,2.75;1.85,2.75;1.95,2.85;2.05,2.85;2.95,3.75;4.05,3.75;4.15,3.85;4.25,3.85;4.35,3.95;4.45,3.95;4.55,4.05;4.75,4.05;4.85,4.15;4.95,4.15;5.05,4.25;5.15,4.25;5.25,4.35;5.35,4.35;6.25,5.25;6.25,5.55;7.95,5.55",18:8;35:25;35:26;36:27;36:28;45:37;45:48;46:49;46:50;47:51;47:52;48:53;48:55;49:56;49:57;50:58;50:59;51:60;51:61;60:70;63:70;63:87,21,9.94,9.94,20,0.0,0.0,0.0,19.939999999999998,ok,18:8,63:87,basic_astar,IN1__P6__path_1,9.94
vg::IN1__P7__path_1,IN1,P7,path_1,1,mixed(vg),"0.00,1.00;3.23,0.53;4.32,0.53;6.57,0.58;7.38,1.00",,17,7.517,7.517,3,0.0,0.0,0.0,9.017,ok,,,vg,IN1__P7__path_1,7.517
davg::IN1__P8__path_1,IN1,P8,path_1,1,mixed(davg),"0.00,1.00;3.23,0.53;4.32,0.53;6.57,0.58;8.62,0.73;8.72,2.35",,22,10.283,10.283,4,0.827,0.0,0.0,12.283,ok,,,davg,IN1__P8__path_1,11.11
vg::IN1__P8__path_1,IN1,P8,path_2,2,mixed(vg),"0.00,1.00;3.23,2.92;5.03,3.82;6.32,3.82;7.72,3.62;8.62,3.02;8.72,2.35",,22,10.233,10.233,5,0.0,0.0,0.0,12.733,ok,,,vg,IN1__P8__path_1,10.233
vg::IN1__P9__path_1,IN1,P9,path_1,1,mixed(vg),"0.00,1.00;5.32,4.43;6.20,5.05",,16,7.406,7.406,1,0.0,0.0,0.0,7.906,ok,,,vg,IN1__P9__path_1,7.406
basic_astar::IN1__P9__path_1,IN1,P9,path_2,2,mixed(basic_astar),"0.05,1.05;2.25,3.25;2.35,3.25;2.45,3.35;2.55,3.35;2.95,3.75;3.45,3.75;3.55,3.85;3.65,3.85;3.75,3.95;3.85,3.95;3.95,4.05;4.15,4.05;4.25,4.15;4.35,4.15;4.45,4.25;4.55,4.25;4.65,4.35;5.35,4.35;5.95,4.95;6.15,4.95;6.25,5.05",18:8;40:30;40:31;41:32;41:33;45:37;45:42;46:43;46:44;47:45;47:46;48:47;48:49;49:50;49:51;50:52;50:53;51:54;51:61;57:67;57:69;58:70,17,7.857,7.857,20,0.0,0.0,0.0,17.857,ok,18:8,58:70,basic_astar,IN1__P9__path_1,7.857
vg::IN1__SORT1__path_1,IN1,SORT1,path_1,1,mixed(vg),"0.00,1.00;3.23,0.53;4.32,0.53;6.57,0.58;8.62,0.73;9.72,2.16",,22,10.464,10.464,4,0.0,0.0,0.0,12.464,ok,,,vg,IN1__SORT1__path_1,10.464
vg::IN1__SORT2__path_1,IN1,SORT2,path_1,1,mixed(vg),"0.00,1.00;3.23,2.92;5.03,3.82;10.36,4.05",,24,11.105,11.105,2,0.0,0.0,0.0,12.105,ok,,,vg,IN1__SORT2__path_1,11.105
davg::IN1__SORT2__path_1,IN1,SORT2,path_2,2,mixed(davg),"0.00,1.00;3.23,0.53;4.32,0.53;6.57,0.58;8.62,0.73;10.36,4.05",,26,12.408,12.408,4,0.616,0.0,0.0,14.408,ok,,,davg,IN1__SORT2__path_1,13.025
basic_astar::IN1__SORT2__path_1,IN1,SORT2,path_3,3,mixed(basic_astar),"0.05,1.05;0.35,1.35;0.55,1.35;2.95,3.75;4.85,3.75;4.95,3.85;9.95,3.85;10.05,3.95;10.25,3.95;10.35,4.05",18:8;21:11;21:13;45:37;45:56;46:57;46:107;47:108;47:110;48:111,25,11.543,11.543,8,0.0,0.0,0.0,15.543,ok,18:8,48:111,basic_astar,IN1__SORT2__path_1,11.543
vg::IN2__CHG1__path_1,IN2,CHG1,path_1,1,mixed(vg),"0.00,5.00;1.00,0.00",,12,5.099,5.099,0,0.0,0.0,0.0,5.099,ok,,,vg,IN2__CHG1__path_1,5.099
davg::IN2__CHG2__path_1,IN2,CHG2,path_1,1,mixed(davg),"0.00,5.00;3.23,0.53;9.00,0.00",,24,11.309,11.309,1,0.427,0.0,0.0,11.809,ok,,,davg,IN2__CHG2__path_1,11.736
vg::IN2__CHG2__path_1,IN2,CHG2,path_2,2,mixed(vg),"0.00,5.00;5.03,2.93;6.57,2.57;7.53,0.73;9.00,0.00",,23,10.737,10.737,3,0.0,0.0,0.0,12.237,ok,,,vg,IN2__CHG2__path_1,10.737
basic_astar::IN2__CHG2__path_1,IN2,CHG2,path_3,3,mixed(basic_astar),"0.05,4.95;1.55,3.45;1.65,3.45;1.75,3.35;1.85,3.35;1.95,3.25;2.05,3.25;2.15,3.15;2.25,3.15;2.35,3.05;2.55,3.05;2.65,2.95;4.35,2.95;4.65,2.65;6.65,2.65;7.45,1.85;7.45,0.65;7.75,0.65;7.85,0.55;8.05,0.55;8.15,0.45;8.25,0.45;8.35,0.35;8.45,0.35;8.55,0.25;8.65,0.25;8.75,0.15;8.95,0.15;9.05,0.05",57:8;42:23;42:24;41:25;41:26;40:27;40:28;39:29;39:30;38:31;38:33;37:34;37:51;34:54;34:74;26:82;14:82;14:85;13:86;13:88;12:89;12:90;11:91;11:92;10:93;10:94;9:95;9:97;8:98,25,11.733,11.733,27,0.0,0.0,0.0,25.233,ok,57:8,8:98,basic_astar,IN2__CHG2__path_1,11.733
basic_astar::IN2__IN1__path_1,IN2,IN1,path_1,1,mixed(basic_astar),"0.05,4.95;0.05,1.05",57:8;18:8,9,3.9,3.9,0,0.0,0.0,0.0,3.9,ok,57:8,18:8,basic_astar,IN2__IN1__path_1,3.9
vg::IN2__OUT1__path_1,IN2,OUT1,path_1,1,mixed(vg),"0.00,5.00;7.72,3.62;12.00,2.00",,26,12.419,12.419,1,0.0,0.0,0.0,12.919,ok,,,vg,IN2__OUT1__path_1,12.419
davg::IN2__OUT1__path_1,IN2,OUT1,path_2,2,mixed(davg),"0.00,5.00;3.83,5.92;5.32,5.92;8.02,5.52;12.00,2.00",,28,13.472,13.472,3,0.48,0.0,0.0,14.972,ok,,,davg,IN2__OUT1__path_1,13.952
basic_astar::IN2__OUT1__path_1,IN2,OUT1,path_3,3,mixed(basic_astar),"0.05,4.95;1.15,4.95;1.75,4.35;3.55,4.35;3.75,4.15;7.25,4.15;7.35,4.05;7.45,4.05;7.55,3.95;7.75,3.95;7.85,3.85;7.95,3.85;8.05,3.75;8.15,3.75;8.25,3.65;8.35,3.65;8.45,3.55;8.55,3.55;8.65,3.45;8.85,3.45;8.95,3.35;9.05,3.35;9.15,3.25;9.25,3.25;9.35,3.15;9.45,3.15;9.55,3.05;9.65,3.05;9.75,2.95;9.95,2.95;10.05,2.85;10.15,2.85;10.25,2.75;10.35,2.75;10.45,2.65;10.55,2.65;10.65,2.55;10.75,2.55;10.85,2.45;11.05,2.45;11.15,2.35;11.25,2.35;11.35,2.25;11.45,2.25;11.55,2.15;11.65,2.15;11.75,2.05;11.95,2.05;12.05,1.95",57:8;57:19;51:25;51:43;49:45;49:80;48:81;48:82;47:83;47:85;46:86;46:87;45:88;45:89;44:90;44:91;43:92;43:93;42:94;42:96;41:97;41:98;40:99;40:100;39:101;39:102;38:103;38:104;37:105;37:107;36:108;36:109;35:110;35:111;34:112;34:113;33:114;33:115;32:116;32:118;31:119;31:120;30:121;30:122;29:123;29:124;28:125;28:127;27:128,28,13.243,13.243,47,0.0,0.0,0.0,36.743,ok,57:8,27:128,basic_astar,IN2__OUT1__path_1,13.243
vg::IN2__OUT2__path_1,IN2,OUT2,path_1,1,mixed(vg),"0.00,5.00;3.83,4.43;12.00,4.00",,26,12.053,12.053,1,0.0,0.0,0.0,12.553,ok,,,vg,IN2__OUT2__path_1,12.053
davg::IN2__OUT2__path_1,IN2,OUT2,path_2,2,mixed(davg),"0.00,5.00;3.83,5.92;5.32,5.92;8.02,5.52;12.00,4.00",,26,12.419,12.419,3,0.3,0.0,0.0,13.919,ok,,,davg,IN2__OUT2__path_1,12.719
basic_astar::IN2__OUT2__path_1,IN2,OUT2,path_3,3,mixed(basic_astar),"0.05,4.95;1.15,4.95;1.75,4.35;6.15,4.35;6.25,4.25;11.45,4.25;11.55,4.15;11.65,4.15;11.75,4.05;11.95,4.05;12.05,3.95",57:8;57:19;51:25;51:69;50:70;50:122;49:123;49:124;48:125;48:127;47:128,26,12.414,12.414,9,0.0,0.0,0.0,16.914,ok,57:8,47:128,basic_astar,IN2__OUT2__path_1,12.414
vg::IN2__P1__path_1,IN2,P1,path_1,1,mixed(vg),"0.00,5.00;3.12,0.95",,12,5.112,5.112,0,0.0,0.0,0.0,5.112,ok,,,vg,IN2__P1__path_1,5.112
basic_astar::IN2__P1__path_1,IN2,P1,path_2,2,mixed(basic_astar),"0.05,4.95;2.45,2.55;2.45,2.45;2.55,2.35;2.55,2.25;2.75,2.05;2.75,1.75;2.85,1.65;2.85,1.55;2.95,1.45;2.95,1.35;3.05,1.25;3.05,1.05;3.15,0.95",57:8;33:32;32:32;31:33;30:33;28:35;25:35;24:36;23:36;22:37;21:37;20:38;18:38;17:39,12,5.284,5.284,12,0.0,0.0,0.0,11.283999999999999,ok,57:8,17:39,basic_astar,IN2__P1__path_1,5.284
vg::IN2__P2__path_1,IN2,P2,path_1,1,mixed(vg),"0.00,5.00;4.32,2.92;4.36,2.35",,12,5.366,5.366,1,0.0,0.0,0.0,5.866,ok,,,vg,IN2__P2__path_1,5.366
basic_astar::IN2__P2__path_1,IN2,P2,path_2,2,mixed(basic_astar),"0.05,4.95;0.65,4.35;0.75,4.35;1.45,3.65;1.55,3.65;1.65,3.55;1.75,3.55;1.85,3.45;1.95,3.45;2.05,3.35;2.25,3.35;2.35,3.25;2.45,3.25;2.55,3.15;2.65,3.15;2.75,3.05;2.85,3.05;2.95,2.95;4.35,2.95;4.35,2.35",57:8;51:14;51:15;44:22;44:23;43:24;43:25;42:26;42:27;41:28;41:30;40:31;40:32;39:33;39:34;38:35;38:36;37:37;37:51;31:51,13,5.728,5.728,18,0.0,0.0,0.0,14.728,ok,57:8,31:51,basic_astar,IN2__P2__path_1,5.728
vg::IN2__P3__path_1,IN2,P3,path_1,1,mixed(vg),"0.00,5.00;3.72,5.25",,9,3.728,3.728,0,0.0,0.0,0.0,3.728,ok,,,vg,IN2__P3__path_1,3.728
vg::IN2__P4__path_1,IN2,P4,path_1,1,mixed(vg),"0.00,5.00;4.32,2.92;5.05,1.35",,15,6.526,6.526,1,0.0,0.0,0.0,7.026,ok,,,vg,IN2__P4__path_1,6.526
basic_astar::IN2__P4__path_1,IN2,P4,path_2,2,mixed(basic_astar),"0.05,4.95;2.05,2.95;4.35,2.95;4.35,2.85;4.45,2.75;4.45,2.65;4.55,2.55;4.55,2.35;4.65,2.25;4.65,2.15;4.75,2.05;4.75,1.95;4.85,1.85;4.85,1.75;4.95,1.65;4.95,1.45;5.05,1.35",57:8;37:28;37:51;36:51;35:52;34:52;33:53;31:53;30:54;29:54;28:55;27:55;26:56;25:56;24:57;22:57;21:58,16,7.018,7.018,15,0.0,0.0,0.0,14.518,ok,57:8,21:58,basic_astar,IN2__P4__path_1,7.018
vg::IN2__P5__path_1,IN2,P5,path_1,1,mixed(vg),"0.00,5.00;5.62,4.10",,13,5.692,5.692,0,0.0,0.0,0.0,5.692,ok,,,vg,IN2__P5__path_1,5.692
basic_astar::IN2__P5__path_1,IN2,P5,path_2,2,mixed(basic_astar),"0.05,4.95;1.15,4.95;1.75,4.35;3.55,4.35;3.75,4.15;5.55,4.15;5.65,4.05",57:8;57:19;51:25;51:43;49:45;49:63;48:64,13,5.973,5.973,5,0.0,0.0,0.0,8.472999999999999,ok,57:8,48:64,basic_astar,IN2__P5__path_1,5.973
vg::IN2__P6__path_1,IN2,P6,path_1,1,mixed(vg),"0.00,5.00;3.83,5.92;5.32,5.92;7.98,5.55",,18,8.115,8.115,2,0.0,0.0,0.0,9.115,ok,,,vg,IN2__P6__path_1,8.115
basic_astar::IN2__P6__path_1,IN2,P6,path_2,2,mixed(basic_astar),"0.05,4.95;1.15,4.95;1.75,5.55;3.35,5.55;3.75,5.95;7.15,5.95;7.25,5.85;7.35,5.85;7.45,5.75;7.55,5.75;7.65,5.65;7.85,5.65;7.95,5.55",57:8;57:19;63:25;63:41;67:45;67:79;66:80;66:81;65:82;65:83;64:84;64:86;63:87,18,8.48,8.48,11,0.0,0.0,0.0,13.98,ok,57:8,63:87,basic_astar,IN2__P6__path_1,8.48
vg::IN2__P7__path_1,IN2,P7,path_1,1,mixed(vg),"0.00,5.00;5.03,2.93;6.57,2.57;7.38,1.00",,19,8.787,8.787,2,0.0,0.0,0.0,9.787,ok,,,vg,IN2__P7__path_1,8.787
davg::IN2__P7__path_1,IN2,P7,path_2,2,mixed(davg),"0.00,5.00;3.23,0.53;4.32,0.53;6.57,0.58;7.38,1.00",,21,9.768,9.768,3,0.712,0.0,0.0,11.268,ok,,,davg,IN2__P7__path_1,10.48
basic_astar::IN2__P7__path_1,IN2,P7,path_3,3,mixed(basic_astar),"0.05,4.95;0.55,4.45;0.75,4.45;1.55,3.65;1.65,3.65;1.75,3.55;1.95,3.55;2.05,3.45;2.15,3.45;2.25,3.35;2.35,3.35;2.45,3.25;2.55,3.25;2.65,3.15;2.75,3.15;2.85,3.05;3.05,3.05;3.15,2.95;4.35,2.95;4.65,2.65;6.65,2.65;6.65,2.55;6.75,2.45;6.75,2.35;6.85,2.25;6.85,2.05;6.95,1.95;6.95,1.85;7.05,1.75;7.05,1.65;7.15,1.55;7.15,1.45;7.25,1.35;7.25,1.15;7.35,1.05",57:8;52:13;52:15;44:23;44:24;43:25;43:27;42:28;42:29;41:30;41:31;40:32;40:33;39:34;39:35;38:36;38:38;37:39;37:51;34:54;34:74;33:74;32:75;31:75;30:76;28:76;27:77;26:77;25:78;24:78;23:79;22:79;21:80;19:80;18:81,20,9.443,9.443,33,0.0,0.0,0.0,25.942999999999998,ok,57:8,18:81,basic_astar,IN2__P7__path_1,9.443
vg::IN2__P8__path_1,IN2,P8,path_1,1,mixed(vg),"0.00,5.00;7.72,3.62;8.62,3.02;8.72,2.35",,21,9.601,9.601,2,0.0,0.0,0.0,10.601,ok,,,vg,IN2__P8__path_1,9.601
davg::IN2__P8__path_1,IN2,P8,path_2,2,mixed(davg),"0.00,5.00;3.83,5.92;5.32,5.92;8.02,5.52;8.62,3.02;8.72,2.35",,24,11.407,11.407,4,0.829,0.0,1.497,13.407,ok,,,davg,IN2__P8__path_1,13.733
vg::IN2__P9__path_1,IN2,P9,path_1,1,mixed(vg),"0.00,5.00;3.83,4.43;5.32,4.43;6.20,5.05",,14,6.439,6.439,2,0.0,0.0,0.0,7.439,ok,,,vg,IN2__P9__path_1,6.439
basic_astar::IN2__P9__path_1,IN2,P9,path_2,2,mixed(basic_astar),"0.05,4.95;1.15,4.95;1.75,4.35;5.35,4.35;5.95,4.95;6.15,4.95;6.25,5.05",57:8;57:19;51:25;51:61;57:67;57:69;58:70,15,6.738,6.738,5,0.0,0.0,0.0,9.238,ok,57:8,58:70,basic_astar,IN2__P9__path_1,6.738
vg::IN2__SORT1__path_1,IN2,SORT1,path_1,1,mixed(vg),"0.00,5.00;7.72,3.62;8.62,3.02;9.72,2.16",,22,10.32,10.32,2,0.0,0.0,0.0,11.32,ok,,,vg,IN2__SORT1__path_1,10.32
davg::IN2__SORT1__path_1,IN2,SORT1,path_2,2,mixed(davg),"0.00,5.00;3.83,5.92;5.32,5.92;8.02,5.52;9.72,2.16",,25,11.924,11.924,3,0.669,0.0,0.0,13.424,ok,,,davg,IN2__SORT1__path_1,12.593
vg::IN2__SORT2__path_1,IN2,SORT2,path_1,1,mixed(vg),"0.00,5.00;3.83,4.43;10.36,4.05",,22,10.413,10.413,1,0.0,0.0,0.0,10.913,ok,,,vg,IN2__SORT2__path_1,10.413
davg::IN2__SORT2__path_1,IN2,SORT2,path_2,2,mixed(davg),"0.00,5.00;3.83,5.92;5.32,5.92;8.02,5.52;10.36,4.05",,23,10.922,10.922,3,0.398,0.0,0.0,12.422,ok,,,davg,IN2__SORT2__path_1,11.32
basic_astar::IN2__SORT2__path_1,IN2,SORT2,path_3,3,mixed(basic_astar),"0.05,4.95;1.15,4.95;1.75,4.35;6.15,4.35;6.25,4.25;9.95,4.25;10.05,4.15;10.25,4.15;10.35,4.05",57:8;57:19;51:25;51:69;50:70;50:107;49:108;49:110;48:111,23,10.673,10.673,7,0.0,0.0,0.0,14.173,ok,57:8,48:111,basic_astar,IN2__SORT2__path_1,10.673
vg::OUT1__CHG1__path_1,OUT1,CHG1,path_1,1,mixed(vg),"12.00,2.00;8.62,0.73;1.00,0.00",,24,11.266,11.266,1,0.0,0.0,0.0,11.766,ok,,,vg,OUT1__CHG1__path_1,11.266
basic_astar::OUT1__CHG1__path_1,OUT1,CHG1,path_2,2,mixed(basic_astar),"12.05,1.95;10.95,1.95;10.35,1.35;9.35,1.35;8.65,0.65;6.75,0.65;6.65,0.55;4.45,0.55;4.35,0.45;1.85,0.45;1.75,0.35;1.65,0.35;1.55,0.25;1.45,0.25;1.35,0.15;1.15,0.15;1.05,0.05",27:128;27:117;21:111;21:101;14:94;14:75;13:74;13:52;12:51;12:26;11:25;11:24;10:23;10:22;9:21;9:19;8:18,25,11.787,11.787,15,0.0,0.0,0.0,19.287,ok,27:128,8:18,basic_astar,OUT1__CHG1__path_1,11.787
vg::OUT1__CHG2__path_1,OUT1,CHG2,path_1,1,mixed(vg),"12.00,2.00;9.00,0.00",,9,3.606,3.606,0,0.0,0.0,0.0,3.606,ok,,,vg,OUT1__CHG2__path_1,3.606
vg::OUT1__IN1__path_1,OUT1,IN1,path_1,1,mixed(vg),"12.00,2.00;8.62,0.73;6.57,0.58;4.32,0.53;3.23,0.53;0.00,1.00",,26,12.271,12.271,4,0.0,0.0,0.0,14.271,ok,,,vg,OUT1__IN1__path_1,12.271
basic_astar::OUT1__IN1__path_1,OUT1,IN1,path_2,2,mixed(basic_astar),"12.05,1.95;10.95,1.95;10.35,1.35;9.35,1.35;8.65,0.65;6.75,0.65;6.65,0.55;4.45,0.55;4.35,0.45;1.35,0.45;1.25,0.55;1.05,0.55;0.95,0.65;0.85,0.65;0.75,0.75;0.65,0.75;0.55,0.85;0.45,0.85;0.35,0.95;0.15,0.95;0.05,1.05",27:128;27:117;21:111;21:101;14:94;14:75;13:74;13:52;12:51;12:21;13:20;13:18;14:17;14:16;15:15;15:14;16:13;16:12;17:11;17:9;18:8,27,12.87,12.87,19,0.0,0.0,0.0,22.369999999999997,ok,27:128,18:8,basic_astar,OUT1__IN1__path_1,12.87
vg::OUT1__IN2__path_1,OUT1,IN2,path_1,1,mixed(vg),"12.00,2.00;7.72,3.62;0.00,5.00",,26,12.419,12.419,1,0.0,0.0,0.0,12.919,ok,,,vg,OUT1__IN2__path_1,12.419
davg::OUT1__IN2__path_1,OUT1,IN2,path_2,2,mixed(davg),"12.00,2.00;8.02,5.52;5.32,5.92;3.83,5.92;0.00,5.00",,28,13.472,13.472,3,0.48,0.0,0.0,14.972,ok,,,davg,OUT1__IN2__path_1,13.952
basic_astar::OUT1__IN2__path_1,OUT1,IN2,path_3,3,mixed(basic_astar),"12.05,1.95;11.15,1.95;8.95,4.15;1.75,4.15;1.65,4.25;1.55,4.25;1.45,4.35;1.35,4.35;1.25,4.45;1.05,4.45;0.95,4.55;0.85,4.55;0.75,4.65;0.65,4.65;0.55,4.75;0.45,4.75;0.35,4.85;0.15,4.85;0.05,4.95",27:128;27:119;49:97;49:25;50:24;50:23;51:22;51:21;52:20;52:18;53:17;53:16;54:15;54:14;55:13;55:12;56:11;56:9;57:8,28,13.243,13.243,17,0.0,0.0,0.0,21.743000000000002,ok,27:128,57:8,basic_astar,OUT1__IN2__path_1,13.243
basic_astar::OUT1__OUT2__path_1,OUT1,OUT2,path_1,1,mixed(basic_astar),"12.05,1.95;12.05,3.95",27:128;47:128,5,2.0,2.0,0,0.0,0.0,0.0,2.0,ok,27:128,47:128,basic_astar,OUT1__OUT2__path_1,2.0
vg::OUT1__P1__path_1,OUT1,P1,path_1,1,mixed(vg),"12.00,2.00;8.62,0.73;6.57,0.58;4.32,0.53;3.23,0.53;3.12,0.95",,20,9.441,9.441,4,0.0,0.0,0.0,11.441,ok,,,vg,OUT1__P1__path_1,9.441
vg::OUT1__P2__path_1,OUT1,P2,path_1,1,mixed(vg),"12.00,2.00;7.72,3.62;6.43,3.62;6.32,2.93;4.36,2.35",,19,8.609,8.609,3,0.0,0.0,0.0,10.109,ok,,,vg,OUT1__P2__path_1,8.609
avg::OUT1__P2__path_1,OUT1,P2,path_2,2,mixed(avg),"12.00,2.00;7.72,3.62;6.32,3.82;5.03,3.82;4.36,2.35",,19,8.896,8.896,3,0.752,0.0,0.0,10.396,ok,,,avg,OUT1__P2__path_1,9.649
davg::OUT1__P2__path_1,OUT1,P2,path_3,3,mixed(davg),"12.00,2.00;8.62,0.73;6.57,0.58;5.23,0.58;4.36,2.35",,19,8.978,8.978,3,0.737,0.0,0.0,10.478,ok,,,davg,OUT1__P2__path_1,9.715
basic_astar::OUT1__P2__path_1,OUT1,P2,path_4,4,mixed(basic_astar),"12.05,1.95;10.95,1.95;10.35,2.55;9.85,2.55;8.75,3.65;6.35,3.65;6.35,2.85;5.35,2.85;5.25,2.75;5.15,2.75;5.05,2.65;4.95,2.65;4.85,2.55;4.75,2.55;4.65,2.45;4.45,2.45;4.35,2.35",27:128;27:117;33:111;33:106;44:95;44:71;36:71;36:61;35:60;35:59;34:58;34:57;33:56;33:55;32:54;32:52;31:51,20,9.411,9.411,15,0.0,0.0,0.0,16.911,ok,27:128,31:51,basic_astar,OUT1__P2__path_1,9.411
vg::OUT1__P3__path_1,OUT1,P3,path_1,1,mixed(vg),"12.00,2.00;7.72,3.62;3.83,4.43;3.72,5.25",,20,9.377,9.377,2,0.0,0.0,0.0,10.377,ok,,,vg,OUT1__P3__path_1,9.377
davg::OUT1__P3__path_1,OUT1,P3,path_2,2,mixed(davg),"12.00,2.00;8.02,5.52;5.32,5.92;3.83,5.92;3.72,5.25",,22,10.212,10.212,3,1.066,0.0,0.0,11.712,ok,,,davg,OUT1__P3__path_1,11.278
basic_astar::OUT1__P3__path_1,OUT1,P3,path_3,3,mixed(basic_astar),"12.05,1.95;11.15,1.95;8.95,4.15;6.15,4.15;6.05,4.25;5.85,4.25;5.75,4.35;3.75,4.35;3.75,5.25",27:128;27:119;49:97;49:69;50:68;50:66;51:65;51:45;60:45,22,10.194,10.194,7,0.0,0.0,0.0,13.694,ok,27:128,60:45,basic_astar,OUT1__P3__path_1,10.194
vg::OUT1__P4__path_1,OUT1,P4,path_1,1,mixed(vg),"12.00,2.00;8.62,0.73;6.57,0.58;5.23,0.58;5.05,1.35",,17,7.797,7.797,3,0.0,0.0,0.0,9.297,ok,,,vg,OUT1__P4__path_1,7.797
basic_astar::OUT1__P4__path_1,OUT1,P4,path_2,2,mixed(basic_astar),"12.05,1.95;10.95,1.95;10.35,1.35;9.35,1.35;8.65,0.65;6.75,0.65;6.65,0.55;5.15,0.55;5.15,1.25;5.05,1.35",27:128;27:117;21:111;21:101;14:94;14:75;13:74;13:59;20:59;21:58,18,8.321,8.321,8,0.0,0.0,0.0,12.321,ok,27:128,21:58,basic_astar,OUT1__P4__path_1,8.321
vg::OUT1__P5__path_1,OUT1,P5,path_1,1,mixed(vg),"12.00,2.00;7.72,3.62;5.62,4.10",,15,6.73,6.73,1,0.0,0.0,0.0,7.23,ok,,,vg,OUT1__P5__path_1,6.73
davg::OUT1__P5__path_1,OUT1,P5,path_2,2,mixed(davg),"12.00,2.00;8.02,5.52;6.33,5.52;5.62,4.10",,19,8.591,8.591,2,0.916,0.0,0.186,9.591,ok,,,davg,OUT1__P5__path_1,9.692
basic_astar::OUT1__P5__path_1,OUT1,P5,path_3,3,mixed(basic_astar),"12.05,1.95;10.95,1.95;10.35,2.55;9.85,2.55;8.75,3.65;6.55,3.65;6.35,3.85;6.05,3.85;5.95,3.95;5.75,3.95;5.65,4.05",27:128;27:117;33:111;33:106;44:95;44:73;46:71;46:68;47:67;47:65;48:64,16,7.27,7.27,9,0.0,0.0,0.0,11.77,ok,27:128,48:64,basic_astar,OUT1__P5__path_1,7.27
vg::OUT1__P6__path_1,OUT1,P6,path_1,1,mixed(vg),"12.00,2.00;8.02,5.52;7.98,5.55",,12,5.363,5.363,1,0.0,0.0,0.0,5.863,ok,,,vg,OUT1__P6__path_1,5.363
vg::OUT1__P7__path_1,OUT1,P7,path_1,1,mixed(vg),"12.00,2.00;8.62,0.73;7.53,0.73;7.38,1.00",,12,5.01,5.01,2,0.0,0.0,0.0,6.01,ok,,,vg,OUT1__P7__path_1,5.01
basic_astar::OUT1__P7__path_1,OUT1,P7,path_2,2,mixed(basic_astar),"12.05,1.95;10.95,1.95;10.35,1.35;9.35,1.35;8.65,0.65;7.45,0.65;7.45,0.95;7.35,1.05",27:128;27:117;21:111;21:101;14:94;14:82;17:82;18:81,13,5.58,5.58,6,0.0,0.0,0.0,8.58,ok,27:128,18:81,basic_astar,OUT1__P7__path_1,5.58
vg::OUT1__P8__path_1,OUT1,P8,path_1,1,mixed(vg),"12.00,2.00;8.72,2.35",,8,3.299,3.299,0,0.0,0.0,0.0,3.299,ok,,,vg,OUT1__P8__path_1,3.299
vg::OUT1__P9__path_1,OUT1,P9,path_1,1,mixed(vg),"12.00,2.00;6.33,4.33;6.20,5.05",,15,6.862,6.862,1,0.0,0.0,0.0,7.362,ok,,,vg,OUT1__P9__path_1,6.862
davg::OUT1__P9__path_1,OUT1,P9,path_2,2,mixed(davg),"12.00,2.00;8.02,5.52;6.33,5.52;6.20,5.05",,16,7.491,7.491,2,1.013,0.0,0.0,8.491,ok,,,davg,OUT1__P9__path_1,8.503
basic_astar::OUT1__P9__path_1,OUT1,P9,path_3,3,mixed(basic_astar),"12.05,1.95;11.65,2.35;11.35,2.35;10.65,3.05;10.55,3.05;10.45,3.15;10.35,3.15;10.25,3.25;10.15,3.25;10.05,3.35;9.95,3.35;9.85,3.45;9.75,3.45;9.65,3.55;9.55,3.55;8.95,4.15;8.15,4.15;8.05,4.25;6.25,4.25;6.25,5.05",27:128;31:124;31:121;38:114;38:113;39:112;39:111;40:110;40:109;41:108;41:107;42:106;42:105;43:104;43:103;49:97;49:89;50:88;50:70;58:70,17,7.553,7.553,18,0.0,0.0,0.0,16.553,ok,27:128,58:70,basic_astar,OUT1__P9__path_1,7.553
vg::OUT1__SORT1__path_1,OUT1,SORT1,path_1,1,mixed(vg),"12.00,2.00;9.72,2.16",,6,2.286,2.286,0,0.0,0.0,0.0,2.286,ok,,,vg,OUT1__SORT1__path_1,2.286
vg::OUT1__SORT2__path_1,OUT1,SORT2,path_1,1,mixed(vg),"12.00,2.00;10.36,4.05",,7,2.625,2.625,0,0.0,0.0,0.0,2.625,ok,,,vg,OUT1__SORT2__path_1,2.625
vg::OUT2__CHG1__path_1,OUT2,CHG1,path_1,1,mixed(vg),"12.00,4.00;8.62,0.73;1.00,0.00",,26,12.358,12.358,1,0.0,0.0,0.0,12.858,ok,,,vg,OUT2__CHG1__path_1,12.358
basic_astar::OUT2__CHG1__path_1,OUT2,CHG1,path_2,2,mixed(basic_astar),"12.05,3.95;11.75,3.65;11.65,3.65;8.65,0.65;6.75,0.65;6.65,0.55;4.45,0.55;4.35,0.45;1.85,0.45;1.75,0.35;1.65,0.35;1.55,0.25;1.45,0.25;1.35,0.15;1.15,0.15;1.05,0.05",47:128;44:125;44:124;14:94;14:75;13:74;13:52;12:51;12:26;11:25;11:24;10:23;10:22;9:21;9:19;8:18,27,12.615,12.615,14,0.0,0.0,0.0,19.615000000000002,ok,47:128,8:18,basic_astar,OUT2__CHG1__path_1,12.615
vg::OUT2__CHG2__path_1,OUT2,CHG2,path_1,1,mixed(vg),"12.00,4.00;9.00,0.00",,11,5.0,5.0,0,0.0,0.0,0.0,5.0,ok,,,vg,OUT2__CHG2__path_1,5.0
basic_astar::OUT2__CHG2__path_1,OUT2,CHG2,path_2,2,mixed(basic_astar),"12.05,3.95;9.75,1.65;9.75,1.55;9.65,1.45;9.65,1.35;9.35,1.05;9.35,0.65;9.25,0.55;9.25,0.45;9.15,0.35;9.15,0.15;9.05,0.05",47:128;24:105;23:105;22:104;21:104;18:101;14:101;13:100;12:100;11:99;9:99;8:98,12,5.143,5.143,10,0.0,0.0,0.0,10.143,ok,47:128,8:98,basic_astar,OUT2__CHG2__path_1,5.143
vg::OUT2__IN1__path_1,OUT2,IN1,path_1,1,mixed(vg),"12.00,4.00;5.03,3.82;3.23,2.92;0.00,1.00",,27,12.742,12.742,2,0.0,0.0,0.0,13.742,ok,,,vg,OUT2__IN1__path_1,12.742
davg::OUT2__IN1__path_1,OUT2,IN1,path_2,2,mixed(davg),"12.00,4.00;8.62,0.73;6.57,0.58;4.32,0.53;3.23,0.53;0.00,1.00",,28,13.363,13.363,4,0.457,0.0,0.0,15.363,ok,,,davg,OUT2__IN1__path_1,13.82
vg::OUT2__IN2__path_1,OUT2,IN2,path_1,1,mixed(vg),"12.00,4.00;3.83,4.43;0.00,5.00",,26,12.053,12.053,1,0.0,0.0,0.0,12.553,ok,,,vg,OUT2__IN2__path_1,12.053
davg::OUT2__IN2__path_1,OUT2,IN2,path_2,2,mixed(davg),"12.00,4.00;8.02,5.52;5.32,5.92;3.83,5.92;0.00,5.00",,26,12.419,12.419,3,0.3,0.0,0.0,13.919,ok,,,davg,OUT2__IN2__path_1,12.719
basic_astar::OUT2__IN2__path_1,OUT2,IN2,path_3,3,mixed(basic_astar),"12.05,3.95;2.15,3.95;2.05,4.05;1.95,4.05;1.85,4.15;1.75,4.15;1.65,4.25;1.55,4.25;1.45,4.35;1.35,4.35;1.25,4.45;1.05,4.45;0.95,4.55;0.85,4.55;0.75,4.65;0.65,4.65;0.55,4.75;0.45,4.75;0.35,4.85;0.15,4.85;0.05,4.95",47:128;47:29;48:28;48:27;49:26;49:25;50:24;50:23;51:22;51:21;52:20;52:18;53:17;53:16;54:15;54:14;55:13;55:12;56:11;56:9;57:8,26,12.414,12.414,19,0.0,0.0,0.0,21.914,ok,47:128,57:8,basic_astar,OUT2__IN2__path_1,12.414
basic_astar::OUT2__OUT1__path_1,OUT2,OUT1,path_1,1,mixed(basic_astar),"12.05,3.95;12.05,1.95",47:128;27:128,5,2.0,2.0,0,0.0,0.0,0.0,2.0,ok,47:128,27:128,basic_astar,OUT2__OUT1__path_1,2.0
vg::OUT2__P1__path_1,OUT2,P1,path_1,1,mixed(vg),"12.00,4.00;8.62,0.73;6.57,0.58;4.32,0.53;3.23,0.53;3.12,0.95",,23,10.533,10.533,4,0.0,0.0,0.0,12.533,ok,,,vg,OUT2__P1__path_1,10.533
avg::OUT2__P2__path_1,OUT2,P2,path_1,1,mixed(avg),"12.00,4.00;5.03,3.82;4.36,2.35",,19,8.588,8.588,1,0.559,0.0,0.0,9.088,ok,,,avg,OUT2__P2__path_1,9.146
vg::OUT2__P2__path_1,OUT2,P2,path_2,2,mixed(vg),"12.00,4.00;6.43,3.62;6.32,2.93;4.36,2.35",,18,8.326,8.326,2,0.0,0.0,0.0,9.326,ok,,,vg,OUT2__P2__path_1,8.326
davg::OUT2__P2__path_1,OUT2,P2,path_3,3,mixed(davg),"12.00,4.00;8.02,5.52;6.33,5.52;5.03,3.82;4.36,2.35",,21,9.706,9.706,3,0.754,0.0,0.0,11.206,ok,,,davg,OUT2__P2__path_1,10.46
vg::OUT2__P3__path_1,OUT2,P3,path_1,1,mixed(vg),"12.00,4.00;3.83,4.43;3.72,5.25",,20,9.009,9.009,1,0.0,0.0,0.0,9.509,ok,,,vg,OUT2__P3__path_1,9.009
davg::OUT2__P3__path_1,OUT2,P3,path_2,2,mixed(davg),"12.00,4.00;8.02,5.52;5.32,5.92;3.83,5.92;3.72,5.25",,20,9.159,9.159,3,0.886,0.0,0.0,10.659,ok,,,davg,OUT2__P3__path_1,10.045
vg::OUT2__P4__path_1,OUT2,P4,path_1,1,mixed(vg),"12.00,4.00;6.43,3.62;6.32,2.93;5.23,2.57;5.05,1.35",,19,8.663,8.663,3,0.0,0.0,0.0,10.163,ok,,,vg,OUT2__P4__path_1,8.663
avg::OUT2__P4__path_1,OUT2,P4,path_2,2,mixed(avg),"12.00,4.00;8.62,0.73;6.57,0.58;5.23,0.58;5.05,1.35",,19,8.889,8.889,3,1.055,0.0,0.0,10.389,ok,,,avg,OUT2__P4__path_1,9.944
vg::OUT2__P5__path_1,OUT2,P5,path_1,1,mixed(vg),"12.00,4.00;5.62,4.10",,14,6.381,6.381,0,0.0,0.0,0.0,6.381,ok,,,vg,OUT2__P5__path_1,6.381
davg::OUT2__P5__path_1,OUT2,P5,path_2,2,mixed(davg),"12.00,4.00;8.02,5.52;6.33,5.52;5.62,4.10",,17,7.538,7.538,2,0.736,0.0,0.186,8.538,ok,,,davg,OUT2__P5__path_1,8.46
vg::OUT2__P6__path_1,OUT2,P6,path_1,1,mixed(vg),"12.00,4.00;7.98,5.55",,10,4.308,4.308,0,0.0,0.0,0.0,4.308,ok,,,vg,OUT2__P6__path_1,4.308
basic_astar::OUT2__P6__path_1,OUT2,P6,path_2,2,mixed(basic_astar),"12.05,3.95;10.95,3.95;10.35,4.55;10.05,4.55;9.95,4.65;9.85,4.65;9.75,4.75;9.65,4.75;9.55,4.85;9.45,4.85;9.35,4.95;9.25,4.95;9.15,5.05;8.95,5.05;8.85,5.15;8.75,5.15;8.65,5.25;8.55,5.25;8.45,5.35;8.35,5.35;8.25,5.45;8.15,5.45;8.05,5.55;7.95,5.55",47:128;47:117;53:111;53:108;54:107;54:106;55:105;55:104;56:103;56:102;57:101;57:100;58:99;58:97;59:96;59:95;60:94;60:93;61:92;61:91;62:90;62:89;63:88;63:87,11,4.763,4.763,22,0.0,0.0,0.0,15.763,ok,47:128,63:87,basic_astar,OUT2__P6__path_1,4.763
vg::OUT2__P7__path_1,OUT2,P7,path_1,1,mixed(vg),"12.00,4.00;8.62,0.73;7.53,0.73;7.38,1.00",,14,6.102,6.102,2,0.0,0.0,0.0,7.102,ok,,,vg,OUT2__P7__path_1,6.102
vg::OUT2__P8__path_1,OUT2,P8,path_1,1,mixed(vg),"12.00,4.00;8.72,2.35",,9,3.672,3.672,0,0.0,0.0,0.0,3.672,ok,,,vg,OUT2__P8__path_1,3.672
vg::OUT2__P9__path_1,OUT2,P9,path_1,1,mixed(vg),"12.00,4.00;6.33,4.33;6.20,5.05",,14,6.411,6.411,1,0.0,0.0,0.0,6.911,ok,,,vg,OUT2__P9__path_1,6.411
davg::OUT2__P9__path_1,OUT2,P9,path_2,2,mixed(davg),"12.00,4.00;8.02,5.52;6.33,5.52;6.20,5.05",,14,6.438,6.438,2,0.833,0.0,0.0,7.438,ok,,,davg,OUT2__P9__path_1,7.271
vg::OUT2__SORT1__path_1,OUT2,SORT1,path_1,1,mixed(vg),"12.00,4.00;9.72,2.16",,7,2.93,2.93,0,0.0,0.0,0.0,2.93,ok,,,vg,OUT2__SORT1__path_1,2.93
vg::OUT2__SORT2__path_1,OUT2,SORT2,path_1,1,mixed(vg),"12.00,4.00;10.36,4.05",,5,1.641,1.641,0,0.0,0.0,0.0,1.641,ok,,,vg,OUT2__SORT2__path_1,1.641
vg::P1__CHG1__path_1,P1,CHG1,path_1,1,mixed(vg),"3.12,0.95;1.00,0.00",,6,2.323,2.323,0,0.0,0.0,0.0,2.323,ok,,,vg,P1__CHG1__path_1,2.323
vg::P1__CHG2__path_1,P1,CHG2,path_1,1,mixed(vg),"3.12,0.95;3.23,0.53;9.00,0.00",,14,6.228,6.228,1,0.0,0.0,0.0,6.728,ok,,,vg,P1__CHG2__path_1,6.228
vg::P1__IN1__path_1,P1,IN1,path_1,1,mixed(vg),"3.12,0.95;0.00,1.00",,8,3.12,3.12,0,0.0,0.0,0.0,3.12,ok,,,vg,P1__IN1__path_1,3.12
vg::P1__IN2__path_1,P1,IN2,path_1,1,mixed(vg),"3.12,0.95;0.00,5.00",,12,5.112,5.112,0,0.0,0.0,0.0,5.112,ok,,,vg,P1__IN2__path_1,5.112
basic_astar::P1__IN2__path_1,P1,IN2,path_2,2,mixed(basic_astar),"3.15,0.95;0.75,3.35;0.75,3.45;0.65,3.55;0.65,3.65;0.45,3.85;0.45,4.15;0.35,4.25;0.35,4.35;0.25,4.45;0.25,4.55;0.15,4.65;0.15,4.85;0.05,4.95",17:39;41:15;42:15;43:14;44:14;46:12;49:12;50:11;51:11;52:10;53:10;54:9;56:9;57:8,12,5.284,5.284,12,0.0,0.0,0.0,11.283999999999999,ok,17:39,57:8,basic_astar,P1__IN2__path_1,5.284
vg::P1__OUT1__path_1,P1,OUT1,path_1,1,mixed(vg),"3.12,0.95;3.23,0.53;4.32,0.53;6.57,0.58;8.62,0.73;12.00,2.00",,20,9.441,9.441,4,0.0,0.0,0.0,11.441,ok,,,vg,P1__OUT1__path_1,9.441
basic_astar::P1__OUT1__path_1,P1,OUT1,path_2,2,mixed(basic_astar),"3.15,0.95;3.15,0.45;8.85,0.45;8.95,0.55;9.05,0.55;9.15,0.65;9.25,0.65;9.35,0.75;9.45,0.75;9.55,0.85;9.65,0.85;9.75,0.95;9.95,0.95;10.05,1.05;10.15,1.05;10.25,1.15;10.35,1.15;10.45,1.25;10.55,1.25;10.65,1.35;10.75,1.35;10.85,1.45;11.05,1.45;11.15,1.55;11.25,1.55;11.35,1.65;11.45,1.65;11.55,1.75;11.65,1.75;11.75,1.85;11.95,1.85;12.05,1.95",17:39;12:39;12:96;13:97;13:98;14:99;14:100;15:101;15:102;16:103;16:104;17:105;17:107;18:108;18:109;19:110;19:111;20:112;20:113;21:114;21:115;22:116;22:118;23:119;23:120;24:121;24:122;25:123;25:124;26:125;26:127;27:128,22,10.021,10.021,30,0.0,0.0,0.0,25.021,ok,17:39,27:128,basic_astar,P1__OUT1__path_1,10.021
vg::P1__OUT2__path_1,P1,OUT2,path_1,1,mixed(vg),"3.12,0.95;3.23,0.53;4.32,0.53;6.57,0.58;8.62,0.73;12.00,4.00",,23,10.533,10.533,4,0.0,0.0,0.0,12.533,ok,,,vg,P1__OUT2__path_1,10.533
vg::P1__P2__path_1,P1,P2,path_1,1,mixed(vg),"3.12,0.95;3.23,0.53;4.32,0.53;4.36,2.35",,8,3.345,3.345,2,0.0,0.0,0.0,4.345000000000001,ok,,,vg,P1__P2__path_1,3.345
vg::P1__P3__path_1,P1,P3,path_1,1,mixed(vg),"3.12,0.95;3.23,2.92;3.72,5.25",,10,4.354,4.354,1,0.0,0.0,0.0,4.854,ok,,,vg,P1__P3__path_1,4.354
vg::P1__P4__path_1,P1,P4,path_1,1,mixed(vg),"3.12,0.95;3.23,0.53;4.32,0.53;5.05,1.35",,7,2.622,2.622,2,0.0,0.0,0.0,3.622,ok,,,vg,P1__P4__path_1,2.622
vg::P1__P5__path_1,P1,P5,path_1,1,mixed(vg),"3.12,0.95;3.23,2.92;5.03,3.82;5.62,4.10",,11,4.639,4.639,2,0.0,0.0,0.0,5.639,ok,,,vg,P1__P5__path_1,4.639
vg::P1__P6__path_1,P1,P6,path_1,1,mixed(vg),"3.12,0.95;3.23,2.92;5.32,4.43;6.33,5.52;7.98,5.55",,17,7.688,7.688,3,0.0,0.0,0.0,9.187999999999999,ok,,,vg,P1__P6__path_1,7.688
vg::P1__P7__path_1,P1,P7,path_1,1,mixed(vg),"3.12,0.95;3.23,0.53;4.32,0.53;6.57,0.58;7.38,1.00",,11,4.687,4.687,3,0.0,0.0,0.0,6.187,ok,,,vg,P1__P7__path_1,4.687
vg::P1__P8__path_1,P1,P8,path_1,1,mixed(vg),"3.12,0.95;3.23,0.53;4.32,0.53;6.57,0.58;8.62,0.73;8.72,2.35",,16,7.453,7.453,4,0.0,0.0,0.0,9.453,ok,,,vg,P1__P8__path_1,7.453
vg::P1__P9__path_1,P1,P9,path_1,1,mixed(vg),"3.12,0.95;3.23,2.92;6.20,5.05",,13,5.628,5.628,1,0.0,0.0,0.0,6.128,ok,,,vg,P1__P9__path_1,5.628
basic_astar::P1__P9__path_1,P1,P9,path_2,2,mixed(basic_astar),"3.15,0.95;3.15,2.95;4.45,4.25;4.55,4.25;4.65,4.35;5.35,4.35;5.95,4.95;6.15,4.95;6.25,5.05",17:39;37:39;50:52;50:53;51:54;51:61;57:67;57:69;58:70,13,5.97,5.97,7,0.0,0.0,0.0,9.469999999999999,ok,17:39,58:70,basic_astar,P1__P9__path_1,5.97
vg::P1__SORT1__path_1,P1,SORT1,path_1,1,mixed(vg),"3.12,0.95;3.23,0.53;4.32,0.53;6.57,0.58;8.62,0.73;9.72,2.16",,17,7.634,7.634,4,0.0,0.0,0.0,9.634,ok,,,vg,P1__SORT1__path_1,7.634
vg::P1__SORT2__path_1,P1,SORT2,path_1,1,mixed(vg),"3.12,0.95;3.23,2.92;5.03,3.82;10.36,4.05",,20,9.32,9.32,2,0.0,0.0,0.0,10.32,ok,,,vg,P1__SORT2__path_1,9.32
davg::P1__SORT2__path_1,P1,SORT2,path_2,2,mixed(davg),"3.12,0.95;3.23,0.53;4.32,0.53;6.57,0.58;8.62,0.73;10.36,4.05",,21,9.579,9.579,4,1.201,0.0,0.0,11.579,ok,,,davg,P1__SORT2__path_1,10.78
vg::P2__CHG1__path_1,P2,CHG1,path_1,1,mixed(vg),"4.36,2.35;4.32,0.53;1.00,0.00",,12,5.182,5.182,1,0.0,0.0,0.0,5.682,ok,,,vg,P2__CHG1__path_1,5.182
vg::P2__CHG2__path_1,P2,CHG2,path_1,1,mixed(vg),"4.36,2.35;5.23,0.58;9.00,0.00",,13,5.787,5.787,1,0.0,0.0,0.0,6.287,ok,,,vg,P2__CHG2__path_1,5.787
basic_astar::P2__CHG2__path_1,P2,CHG2,path_2,2,mixed(basic_astar),"4.35,2.35;4.55,2.15;4.55,1.35;5.15,0.75;5.15,0.55;8.05,0.55;8.15,0.45;8.25,0.45;8.35,0.35;8.45,0.35;8.55,0.25;8.65,0.25;8.75,0.15;8.95,0.15;9.05,0.05",31:51;29:53;21:53;15:59;13:59;13:88;12:89;12:90;11:91;11:92;10:93;10:94;9:95;9:97;8:98,14,6.238,6.238,13,0.0,0.0,0.0,12.738,ok,31:51,8:98,basic_astar,P2__CHG2__path_1,6.238
vg::P2__IN1__path_1,P2,IN1,path_1,1,mixed(vg),"4.36,2.35;4.32,2.92;3.23,2.92;0.00,1.00",,12,5.419,5.419,2,0.0,0.0,0.0,6.419,ok,,,vg,P2__IN1__path_1,5.419
basic_astar::P2__IN1__path_1,P2,IN1,path_2,2,mixed(basic_astar),"4.35,2.35;4.35,2.95;3.15,2.95;2.25,2.05;2.15,2.05;1.55,1.45;0.85,1.45;0.75,1.35;0.65,1.35;0.55,1.25;0.45,1.25;0.35,1.15;0.15,1.15;0.05,1.05",31:51;37:51;37:39;28:30;28:29;22:23;22:16;21:15;21:14;20:13;20:12;19:11;19:9;18:8,13,5.687,5.687,12,0.0,0.0,0.0,11.687000000000001,ok,31:51,18:8,basic_astar,P2__IN1__path_1,5.687
vg::P2__IN2__path_1,P2,IN2,path_1,1,mixed(vg),"4.36,2.35;4.32,2.92;0.00,5.00",,12,5.366,5.366,1,0.0,0.0,0.0,5.866,ok,,,vg,P2__IN2__path_1,5.366
basic_astar::P2__IN2__path_1,P2,IN2,path_2,2,mixed(basic_astar),"4.35,2.35;4.35,2.95;3.85,2.95;3.25,3.55;3.05,3.55;2.95,3.65;2.85,3.65;2.75,3.75;2.65,3.75;2.55,3.85;2.45,3.85;1.65,4.65;0.65,4.65;0.55,4.75;0.45,4.75;0.35,4.85;0.15,4.85;0.05,4.95",31:51;37:51;37:46;43:40;43:38;44:37;44:36;45:35;45:34;46:33;46:32;54:24;54:14;55:13;55:12;56:11;56:9;57:8,13,5.728,5.728,16,0.0,0.0,0.0,13.728,ok,31:51,57:8,basic_astar,P2__IN2__path_1,5.728
vg::P2__OUT1__path_1,P2,OUT1,path_1,1,mixed(vg),"4.36,2.35;6.32,2.93;6.43,3.62;7.72,3.62;12.00,2.00",,19,8.609,8.609,3,0.0,0.0,0.0,10.109,ok,,,vg,P2__OUT1__path_1,8.609
avg::P2__OUT1__path_1,P2,OUT1,path_2,2,mixed(avg),"4.36,2.35;5.03,3.82;6.32,3.82;7.72,3.62;12.00,2.00",,19,8.896,8.896,3,0.752,0.0,0.0,10.396,ok,,,avg,P2__OUT1__path_1,9.649
davg::P2__OUT1__path_1,P2,OUT1,path_3,3,mixed(davg),"4.36,2.35;5.23,0.58;6.57,0.58;8.62,0.73;12.00,2.00",,19,8.978,8.978,3,0.737,0.0,0.0,10.478,ok,,,davg,P2__OUT1__path_1,9.715
avg::P2__OUT2__path_1,P2,OUT2,path_1,1,mixed(avg),"4.36,2.35;5.03,3.82;12.00,4.00",,19,8.588,8.588,1,0.559,0.0,0.0,9.088,ok,,,avg,P2__OUT2__path_1,9.146
vg::P2__OUT2__path_1,P2,OUT2,path_2,2,mixed(vg),"4.36,2.35;6.32,2.93;6.43,3.62;12.00,4.00",,18,8.326,8.326,2,0.0,0.0,0.0,9.326,ok,,,vg,P2__OUT2__path_1,8.326
davg::P2__OUT2__path_1,P2,OUT2,path_3,3,mixed(davg),"4.36,2.35;5.03,3.82;6.33,5.52;8.02,5.52;12.00,4.00",,21,9.706,9.706,3,0.754,0.0,0.0,11.206,ok,,,davg,P2__OUT2__path_1,10.46
basic_astar::P2__OUT2__path_1,P2,OUT2,path_4,4,mixed(basic_astar),"4.35,2.35;4.65,2.65;5.85,2.65;6.05,2.85;6.35,2.85;6.35,3.65;11.45,3.65;11.55,3.75;11.65,3.75;11.75,3.85;11.95,3.85;12.05,3.95",31:51;34:54;34:66;36:68;36:71;44:71;44:122;45:123;45:124;46:125;46:127;47:128,19,8.831,8.831,10,0.0,0.0,0.0,13.831,ok,31:51,47:128,basic_astar,P2__OUT2__path_1,8.831
vg::P2__P1__path_1,P2,P1,path_1,1,mixed(vg),"4.36,2.35;4.32,0.53;3.23,0.53;3.12,0.95",,8,3.345,3.345,2,0.0,0.0,0.0,4.345000000000001,ok,,,vg,P2__P1__path_1,3.345
vg::P2__P3__path_1,P2,P3,path_1,1,mixed(vg),"4.36,2.35;4.32,2.92;3.83,4.43;3.72,5.25",,7,2.986,2.986,2,0.0,0.0,0.0,3.986,ok,,,vg,P2__P3__path_1,2.986
vg::P2__P4__path_1,P2,P4,path_1,1,mixed(vg),"4.36,2.35;5.05,1.35",,4,1.215,1.215,0,0.0,0.0,0.0,1.215,ok,,,vg,P2__P4__path_1,1.215
vg::P2__P5__path_1,P2,P5,path_1,1,mixed(vg),"4.36,2.35;5.03,3.82;5.62,4.10",,6,2.269,2.269,1,0.0,0.0,0.0,2.769,ok,,,vg,P2__P5__path_1,2.269
basic_astar::P2__P5__path_1,P2,P5,path_2,2,mixed(basic_astar),"4.35,2.35;4.45,2.45;4.45,3.35;4.95,3.85;5.05,3.85;5.15,3.95;5.55,3.95;5.65,4.05",31:51;32:52;41:52;46:57;46:58;47:59;47:63;48:64,7,2.531,2.531,6,0.0,0.0,0.0,5.531000000000001,ok,31:51,48:64,basic_astar,P2__P5__path_1,2.531
vg::P2__P6__path_1,P2,P6,path_1,1,mixed(vg),"4.36,2.35;5.03,3.82;6.33,5.52;7.98,5.55",,12,5.406,5.406,2,0.0,0.0,0.0,6.406,ok,,,vg,P2__P6__path_1,5.406
basic_astar::P2__P6__path_1,P2,P6,path_2,2,mixed(basic_astar),"4.35,2.35;4.45,2.45;4.45,3.35;6.25,5.15;6.25,5.55;7.95,5.55",31:51;32:52;41:52;59:70;63:70;63:87,13,5.687,5.687,4,0.0,0.0,0.0,7.687,ok,31:51,63:87,basic_astar,P2__P6__path_1,5.687
vg::P2__P7__path_1,P2,P7,path_1,1,mixed(vg),"4.36,2.35;5.23,2.57;6.57,2.57;7.38,1.00",,10,4.004,4.004,2,0.0,0.0,0.0,5.004,ok,,,vg,P2__P7__path_1,4.004
davg::P2__P7__path_1,P2,P7,path_2,2,mixed(davg),"4.36,2.35;5.23,0.58;6.57,0.58;7.38,1.00",,10,4.225,4.225,2,0.796,0.0,0.0,5.225,ok,,,davg,P2__P7__path_1,5.021
vg::P2__P8__path_1,P2,P8,path_1,1,mixed(vg),"4.36,2.35;6.32,2.93;6.43,3.62;7.72,3.62;8.62,3.02;8.72,2.35",,13,5.792,5.792,4,0.0,0.0,0.0,7.792,ok,,,vg,P2__P8__path_1,5.792
avg::P2__P8__path_1,P2,P8,path_2,2,mixed(avg),"4.36,2.35;5.03,3.82;6.32,3.82;7.72,3.62;8.62,3.02;8.72,2.35",,14,6.079,6.079,4,1.283,0.0,0.0,8.079,ok,,,avg,P2__P8__path_1,7.362
davg::P2__P8__path_1,P2,P8,path_3,3,mixed(davg),"4.36,2.35;5.23,0.58;6.57,0.58;8.62,0.73;8.72,2.35",,15,6.991,6.991,3,1.312,0.0,0.0,8.491,ok,,,davg,P2__P8__path_1,8.302
vg::P2__P9__path_1,P2,P9,path_1,1,mixed(vg),"4.36,2.35;5.03,3.82;6.20,5.05",,8,3.313,3.313,1,0.0,0.0,0.0,3.813,ok,,,vg,P2__P9__path_1,3.313
basic_astar::P2__P9__path_1,P2,P9,path_2,2,mixed(basic_astar),"4.35,2.35;4.45,2.45;4.45,3.35;6.05,4.95;6.15,4.95;6.25,5.05",31:51;32:52;41:52;57:68;57:69;58:70,9,3.546,3.546,4,0.0,0.0,0.0,5.545999999999999,ok,31:51,58:70,basic_astar,P2__P9__path_1,3.546
vg::P2__SORT1__path_1,P2,SORT1,path_1,1,mixed(vg),"4.36,2.35;6.32,2.93;6.43,3.62;7.72,3.62;8.62,3.02;9.72,2.16",,15,6.511,6.511,4,0.0,0.0,0.0,8.511,ok,,,vg,P2__SORT1__path_1,6.511
davg::P2__SORT1__path_1,P2,SORT1,path_2,2,mixed(davg),"4.36,2.35;5.23,0.58;6.57,0.58;8.62,0.73;9.72,2.16",,16,7.172,7.172,3,1.015,0.0,0.0,8.672,ok,,,davg,P2__SORT1__path_1,8.186
avg::P2__SORT1__path_1,P2,SORT1,path_3,3,mixed(avg),"4.36,2.35;5.03,3.82;6.32,3.82;7.72,3.62;8.62,3.02;9.72,2.16",,15,6.798,6.798,4,0.903,0.0,0.0,8.798,ok,,,avg,P2__SORT1__path_1,7.701
avg::P2__SORT2__path_1,P2,SORT2,path_1,1,mixed(avg),"4.36,2.35;5.03,3.82;10.36,4.05",,15,6.95,6.95,1,0.55,0.0,0.0,7.45,ok,,,avg,P2__SORT2__path_1,7.5
vg::P2__SORT2__path_1,P2,SORT2,path_2,2,mixed(vg),"4.36,2.35;6.32,2.93;6.43,3.62;10.36,4.05",,15,6.696,6.696,2,0.0,0.0,0.0,7.696,ok,,,vg,P2__SORT2__path_1,6.696
davg::P2__SORT2__path_1,P2,SORT2,path_3,3,mixed(davg),"4.36,2.35;5.03,3.82;6.33,5.52;8.02,5.52;10.36,4.05",,18,8.209,8.209,3,0.852,0.0,0.0,9.709,ok,,,davg,P2__SORT2__path_1,9.061
vg::P3__CHG1__path_1,P3,CHG1,path_1,1,mixed(vg),"3.72,5.25;1.00,0.00",,13,5.913,5.913,0,0.0,0.0,0.0,5.913,ok,,,vg,P3__CHG1__path_1,5.913
basic_astar::P3__CHG1__path_1,P3,CHG1,path_2,2,mixed(basic_astar),"3.75,5.25;3.35,4.85;3.35,4.35;2.65,3.65;2.65,3.55;2.55,3.45;2.55,3.25;2.45,3.15;2.45,3.05;1.55,2.15;1.55,1.05;1.45,0.95;1.45,0.85;1.35,0.75;1.35,0.65;1.25,0.55;1.25,0.45;1.15,0.35;1.15,0.15;1.05,0.05",60:45;56:41;51:41;44:34;43:34;42:33;40:33;39:32;38:32;29:23;18:23;17:22;16:22;15:21;14:21;13:20;12:20;11:19;9:19;8:18,14,6.318,6.318,18,0.0,0.0,0.0,15.318,ok,60:45,8:18,basic_astar,P3__CHG1__path_1,6.318
davg::P3__CHG2__path_1,P3,CHG2,path_1,1,mixed(davg),"3.72,5.25;3.83,4.43;5.23,0.58;9.00,0.00",,19,8.738,8.738,2,0.642,0.0,0.0,9.738,ok,,,davg,P3__CHG2__path_1,9.381
vg::P3__CHG2__path_1,P3,CHG2,path_2,2,mixed(vg),"3.72,5.25;3.83,4.43;5.03,2.93;6.57,2.57;7.53,0.73;9.00,0.00",,18,8.046,8.046,4,0.0,0.0,0.0,10.046,ok,,,vg,P3__CHG2__path_1,8.046
basic_astar::P3__CHG2__path_1,P3,CHG2,path_3,3,mixed(basic_astar),"3.75,5.25;3.75,4.35;4.95,3.15;4.95,2.85;5.15,2.65;6.65,2.65;7.45,1.85;7.45,0.65;7.75,0.65;7.85,0.55;8.05,0.55;8.15,0.45;8.25,0.45;8.35,0.35;8.45,0.35;8.55,0.25;8.65,0.25;8.75,0.15;8.95,0.15;9.05,0.05",60:45;51:45;39:57;36:57;34:59;34:74;26:82;14:82;14:85;13:86;13:88;12:89;12:90;11:91;11:92;10:93;10:94;9:95;9:97;8:98,19,8.86,8.86,18,0.0,0.0,0.0,17.86,ok,60:45,8:98,basic_astar,P3__CHG2__path_1,8.86
vg::P3__IN1__path_1,P3,IN1,path_1,1,mixed(vg),"3.72,5.25;0.00,1.00",,13,5.648,5.648,0,0.0,0.0,0.0,5.648,ok,,,vg,P3__IN1__path_1,5.648
vg::P3__IN2__path_1,P3,IN2,path_1,1,mixed(vg),"3.72,5.25;0.00,5.00",,9,3.728,3.728,0,0.0,0.0,0.0,3.728,ok,,,vg,P3__IN2__path_1,3.728
vg::P3__OUT1__path_1,P3,OUT1,path_1,1,mixed(vg),"3.72,5.25;3.83,4.43;7.72,3.62;12.00,2.00",,20,9.377,9.377,2,0.0,0.0,0.0,10.377,ok,,,vg,P3__OUT1__path_1,9.377
davg::P3__OUT1__path_1,P3,OUT1,path_2,2,mixed(davg),"3.72,5.25;3.83,5.92;5.32,5.92;8.02,5.52;12.00,2.00",,22,10.212,10.212,3,1.066,0.0,0.0,11.712,ok,,,davg,P3__OUT1__path_1,11.278
vg::P3__OUT2__path_1,P3,OUT2,path_1,1,mixed(vg),"3.72,5.25;3.83,4.43;12.00,4.00",,20,9.009,9.009,1,0.0,0.0,0.0,9.509,ok,,,vg,P3__OUT2__path_1,9.009
davg::P3__OUT2__path_1,P3,OUT2,path_2,2,mixed(davg),"3.72,5.25;3.83,5.92;5.32,5.92;8.02,5.52;12.00,4.00",,20,9.159,9.159,3,0.886,0.0,0.0,10.659,ok,,,davg,P3__OUT2__path_1,10.045
vg::P3__P1__path_1,P3,P1,path_1,1,mixed(vg),"3.72,5.25;3.23,2.92;3.12,0.95",,10,4.354,4.354,1,0.0,0.0,0.0,4.854,ok,,,vg,P3__P1__path_1,4.354
vg::P3__P2__path_1,P3,P2,path_1,1,mixed(vg),"3.72,5.25;3.83,4.43;4.32,2.92;4.36,2.35",,7,2.986,2.986,2,0.0,0.0,0.0,3.986,ok,,,vg,P3__P2__path_1,2.986
vg::P3__P4__path_1,P3,P4,path_1,1,mixed(vg),"3.72,5.25;3.83,4.43;5.05,1.35",,10,4.14,4.14,1,0.0,0.0,0.0,4.64,ok,,,vg,P3__P4__path_1,4.14
vg::P3__P5__path_1,P3,P5,path_1,1,mixed(vg),"3.72,5.25;3.83,4.43;5.62,4.10",,7,2.648,2.648,1,0.0,0.0,0.0,3.148,ok,,,vg,P3__P5__path_1,2.648
vg::P3__P6__path_1,P3,P6,path_1,1,mixed(vg),"3.72,5.25;3.83,5.92;5.32,5.92;7.98,5.55",,11,4.855,4.855,2,0.0,0.0,0.0,5.855,ok,,,vg,P3__P6__path_1,4.855
vg::P3__P7__path_1,P3,P7,path_1,1,mixed(vg),"3.72,5.25;3.83,4.43;5.03,2.93;6.57,2.57;7.38,1.00",,14,6.096,6.096,3,0.0,0.0,0.0,7.596,ok,,,vg,P3__P7__path_1,6.096
davg::P3__P7__path_1,P3,P7,path_2,2,mixed(davg),"3.72,5.25;3.83,4.43;5.23,0.58;6.57,0.58;7.38,1.00",,16,7.176,7.176,3,0.958,0.0,0.0,8.676,ok,,,davg,P3__P7__path_1,8.134
vg::P3__P8__path_1,P3,P8,path_1,1,mixed(vg),"3.72,5.25;3.83,4.43;7.72,3.62;8.62,3.02;8.72,2.35",,15,6.56,6.56,3,0.0,0.0,0.0,8.059999999999999,ok,,,vg,P3__P8__path_1,6.56
davg::P3__P8__path_1,P3,P8,path_2,2,mixed(davg),"3.72,5.25;3.83,5.92;5.32,5.92;8.02,5.52;8.62,3.02;8.72,2.35",,18,8.147,8.147,4,1.415,0.0,1.497,10.147,ok,,,davg,P3__P8__path_1,11.06
vg::P3__P9__path_1,P3,P9,path_1,1,mixed(vg),"3.72,5.25;3.83,4.43;5.32,4.43;6.20,5.05",,8,3.394,3.394,2,0.0,0.0,0.0,4.394,ok,,,vg,P3__P9__path_1,3.394
basic_astar::P3__P9__path_1,P3,P9,path_2,2,mixed(basic_astar),"3.75,5.25;3.75,5.95;5.35,5.95;6.25,5.05",60:45;67:45;67:61;58:70,9,3.573,3.573,2,0.0,0.0,0.0,4.573,ok,60:45,58:70,basic_astar,P3__P9__path_1,3.573
vg::P3__SORT1__path_1,P3,SORT1,path_1,1,mixed(vg),"3.72,5.25;3.83,4.43;7.72,3.62;8.62,3.02;9.72,2.16",,16,7.279,7.279,3,0.0,0.0,0.0,8.779,ok,,,vg,P3__SORT1__path_1,7.279
davg::P3__SORT1__path_1,P3,SORT1,path_2,2,mixed(davg),"3.72,5.25;3.83,5.92;5.32,5.92;8.02,5.52;9.72,2.16",,19,8.664,8.664,3,1.255,0.0,0.0,10.164,ok,,,davg,P3__SORT1__path_1,9.919
basic_astar::P3__SORT1__path_1,P3,SORT1,path_3,3,mixed(basic_astar),"3.75,5.25;3.75,4.35;4.25,4.35;4.65,3.95;5.85,3.95;5.95,3.85;6.35,3.85;6.55,3.65;7.75,3.65;8.35,3.05;8.65,3.05;9.45,2.25;9.65,2.25;9.75,2.15",60:45;51:45;51:50;47:54;47:66;46:67;46:71;44:73;44:85;38:91;38:94;30:102;30:104;29:105,17,7.811,7.811,12,0.0,0.0,0.0,13.811,ok,60:45,29:105,basic_astar,P3__SORT1__path_1,7.811
vg::P3__SORT2__path_1,P3,SORT2,path_1,1,mixed(vg),"3.72,5.25;3.83,4.43;10.36,4.05",,16,7.368,7.368,1,0.0,0.0,0.0,7.868,ok,,,vg,P3__SORT2__path_1,7.368
davg::P3__SORT2__path_1,P3,SORT2,path_2,2,mixed(davg),"3.72,5.25;3.83,5.92;5.32,5.92;8.02,5.52;10.36,4.05",,17,7.662,7.662,3,0.984,0.0,0.0,9.161999999999999,ok,,,davg,P3__SORT2__path_1,8.646
vg::P4__CHG1__path_1,P4,CHG1,path_1,1,mixed(vg),"5.05,1.35;4.32,0.53;1.00,0.00",,10,4.46,4.46,1,0.0,0.0,0.0,4.96,ok,,,vg,P4__CHG1__path_1,4.46
vg::P4__CHG2__path_1,P4,CHG2,path_1,1,mixed(vg),"5.05,1.35;5.23,0.58;9.00,0.00",,11,4.605,4.605,1,0.0,0.0,0.0,5.105,ok,,,vg,P4__CHG2__path_1,4.605
basic_astar::P4__CHG2__path_1,P4,CHG2,path_2,2,mixed(basic_astar),"5.05,1.35;5.15,1.25;5.15,0.55;5.65,0.55;6.05,0.15;8.95,0.15;9.05,0.05",21:58;20:59;13:59;13:64;9:68;9:97;8:98,11,4.949,4.949,5,0.0,0.0,0.0,7.449,ok,21:58,8:98,basic_astar,P4__CHG2__path_1,4.949
vg::P4__IN1__path_1,P4,IN1,path_1,1,mixed(vg),"5.05,1.35;4.32,0.53;3.23,0.53;0.00,1.00",,12,5.452,5.452,2,0.0,0.0,0.0,6.452,ok,,,vg,P4__IN1__path_1,5.452
vg::P4__IN2__path_1,P4,IN2,path_1,1,mixed(vg),"5.05,1.35;4.32,2.92;0.00,5.00",,15,6.526,6.526,1,0.0,0.0,0.0,7.026,ok,,,vg,P4__IN2__path_1,6.526
basic_astar::P4__IN2__path_1,P4,IN2,path_2,2,mixed(basic_astar),"5.05,1.35;4.95,1.45;4.95,2.35;2.85,4.45;1.05,4.45;0.95,4.55;0.85,4.55;0.75,4.65;0.65,4.65;0.55,4.75;0.45,4.75;0.35,4.85;0.15,4.85;0.05,4.95",21:58;22:57;31:57;52:36;52:18;53:17;53:16;54:15;54:14;55:13;55:12;56:11;56:9;57:8,16,7.018,7.018,12,0.0,0.0,0.0,13.018,ok,21:58,57:8,basic_astar,P4__IN2__path_1,7.018
vg::P4__OUT1__path_1,P4,OUT1,path_1,1,mixed(vg),"5.05,1.35;5.23,0.58;6.57,0.58;8.62,0.73;12.00,2.00",,17,7.797,7.797,3,0.0,0.0,0.0,9.297,ok,,,vg,P4__OUT1__path_1,7.797
basic_astar::P4__OUT1__path_1,P4,OUT1,path_2,2,mixed(basic_astar),"5.05,1.35;5.15,1.25;5.15,0.55;9.05,0.55;9.15,0.65;9.25,0.65;9.35,0.75;9.45,0.75;9.55,0.85;9.65,0.85;9.75,0.95;9.95,0.95;10.05,1.05;10.15,1.05;10.25,1.15;10.35,1.15;10.45,1.25;10.55,1.25;10.65,1.35;10.75,1.35;10.85,1.45;11.05,1.45;11.15,1.55;11.25,1.55;11.35,1.65;11.45,1.65;11.55,1.75;11.65,1.75;11.75,1.85;11.95,1.85;12.05,1.95",21:58;20:59;13:59;13:98;14:99;14:100;15:101;15:102;16:103;16:104;17:105;17:107;18:108;18:109;19:110;19:111;20:112;20:113;21:114;21:115;22:116;22:118;23:119;23:120;24:121;24:122;25:123;25:124;26:125;26:127;27:128,18,8.321,8.321,29,0.0,0.0,0.0,22.820999999999998,ok,21:58,27:128,basic_astar,P4__OUT1__path_1,8.321
vg::P4__OUT2__path_1,P4,OUT2,path_1,1,mixed(vg),"5.05,1.35;5.23,2.57;6.32,2.93;6.43,3.62;12.00,4.00",,19,8.663,8.663,3,0.0,0.0,0.0,10.163,ok,,,vg,P4__OUT2__path_1,8.663
avg::P4__OUT2__path_1,P4,OUT2,path_2,2,mixed(avg),"5.05,1.35;5.23,0.58;6.57,0.58;8.62,0.73;12.00,4.00",,19,8.889,8.889,3,1.055,0.0,0.0,10.389,ok,,,avg,P4__OUT2__path_1,9.944
vg::P4__P1__path_1,P4,P1,path_1,1,mixed(vg),"5.05,1.35;4.32,0.53;3.23,0.53;3.12,0.95",,7,2.622,2.622,2,0.0,0.0,0.0,3.622,ok,,,vg,P4__P1__path_1,2.622
vg::P4__P2__path_1,P4,P2,path_1,1,mixed(vg),"5.05,1.35;4.36,2.35",,4,1.215,1.215,0,0.0,0.0,0.0,1.215,ok,,,vg,P4__P2__path_1,1.215
vg::P4__P3__path_1,P4,P3,path_1,1,mixed(vg),"5.05,1.35;3.83,4.43;3.72,5.25",,10,4.14,4.14,1,0.0,0.0,0.0,4.64,ok,,,vg,P4__P3__path_1,4.14
basic_astar::P4__P3__path_1,P4,P3,path_2,2,mixed(basic_astar),"5.05,1.35;5.05,2.45;4.45,3.05;4.45,3.65;3.75,4.35;3.75,5.25",21:58;32:58;38:52;44:52;51:45;60:45,10,4.438,4.438,4,0.0,0.0,0.0,6.438,ok,21:58,60:45,basic_astar,P4__P3__path_1,4.438
vg::P4__P5__path_1,P4,P5,path_1,1,mixed(vg),"5.05,1.35;5.03,2.93;5.03,3.82;5.62,4.10",,8,3.123,3.123,2,0.0,0.0,0.0,4.123,ok,,,vg,P4__P5__path_1,3.123
davg::P4__P6__path_1,P4,P6,path_1,1,mixed(davg),"5.05,1.35;5.03,2.93;5.03,3.82;6.33,5.52;7.98,5.55",,14,6.26,6.26,3,0.783,0.0,0.0,7.76,ok,,,davg,P4__P6__path_1,7.043
vg::P4__P6__path_1,P4,P6,path_2,2,mixed(vg),"5.05,1.35;5.23,2.57;6.32,2.93;6.43,3.62;8.02,4.33;8.02,5.52;7.98,5.55",,14,6.061,6.061,5,0.0,0.0,0.0,8.561,ok,,,vg,P4__P6__path_1,6.061
vg::P4__P7__path_1,P4,P7,path_1,1,mixed(vg),"5.05,1.35;5.23,0.58;6.57,0.58;7.38,1.00",,8,3.043,3.043,2,0.0,0.0,0.0,4.043,ok,,,vg,P4__P7__path_1,3.043
vg::P4__P8__path_1,P4,P8,path_1,1,mixed(vg),"5.05,1.35;5.23,0.58;6.57,0.58;8.62,0.73;8.72,2.35",,13,5.809,5.809,3,0.0,0.0,0.0,7.309,ok,,,vg,P4__P8__path_1,5.809
vg::P4__P9__path_1,P4,P9,path_1,1,mixed(vg),"5.05,1.35;5.03,2.93;5.03,3.82;6.20,5.05",,10,4.168,4.168,2,0.0,0.0,0.0,5.168,ok,,,vg,P4__P9__path_1,4.168
vg::P4__SORT1__path_1,P4,SORT1,path_1,1,mixed(vg),"5.05,1.35;5.23,0.58;6.57,0.58;8.62,0.73;9.72,2.16",,13,5.99,5.99,3,0.0,0.0,0.0,7.49,ok,,,vg,P4__SORT1__path_1,5.99
vg::P4__SORT2__path_1,P4,SORT2,path_1,1,mixed(vg),"5.05,1.35;5.23,2.57;6.32,2.93;6.43,3.62;10.36,4.05",,16,7.033,7.033,3,0.0,0.0,0.0,8.533000000000001,ok,,,vg,P4__SORT2__path_1,7.033
avg::P4__SORT2__path_1,P4,SORT2,path_2,2,mixed(avg),"5.05,1.35;5.03,2.93;5.03,3.82;10.36,4.05",,17,7.805,7.805,2,0.77,0.0,0.0,8.805,ok,,,avg,P4__SORT2__path_1,8.575
davg::P4__SORT2__path_1,P4,SORT2,path_3,3,mixed(davg),"5.05,1.35;5.23,0.58;6.57,0.58;8.62,0.73;10.36,4.05",,17,7.935,7.935,3,1.215,0.0,0.0,9.434999999999999,ok,,,davg,P4__SORT2__path_1,9.149
basic_astar::P4__SORT2__path_1,P4,SORT2,path_4,4,mixed(basic_astar),"5.05,1.35;5.05,2.45;5.15,2.55;5.15,2.65;5.65,2.65;5.75,2.75;6.25,2.75;6.35,2.85;6.35,3.65;9.55,3.65;9.65,3.75;9.75,3.75;9.85,3.85;9.95,3.85;10.05,3.95;10.25,3.95;10.35,4.05",21:58;32:58;33:59;34:59;34:64;35:65;35:70;36:71;44:71;44:103;45:104;45:105;46:106;46:107;47:108;47:110;48:111,17,7.59,7.59,15,0.0,0.0,0.0,15.09,ok,21:58,48:111,basic_astar,P4__SORT2__path_1,7.59
vg::P5__CHG1__path_1,P5,CHG1,path_1,1,mixed(vg),"5.62,4.10;5.03,3.82;3.23,2.92;1.00,0.00",,14,6.34,6.34,2,0.0,0.0,0.0,7.34,ok,,,vg,P5__CHG1__path_1,6.34
basic_astar::P5__CHG1__path_1,P5,CHG1,path_2,2,mixed(basic_astar),"5.65,4.05;5.45,3.85;4.95,3.85;4.05,2.95;3.15,2.95;1.65,1.45;1.65,1.35;1.55,1.25;1.55,1.05;1.45,0.95;1.45,0.85;1.35,0.75;1.35,0.65;1.25,0.55;1.25,0.45;1.15,0.35;1.15,0.15;1.05,0.05",48:64;46:62;46:57;37:48;37:39;22:24;21:24;20:23;18:23;17:22;16:22;15:21;14:21;13:20;12:20;11:19;9:19;8:18,15,6.725,6.725,16,0.0,0.0,0.0,14.725,ok,48:64,8:18,basic_astar,P5__CHG1__path_1,6.725
vg::P5__CHG2__path_1,P5,CHG2,path_1,1,mixed(vg),"5.62,4.10;6.32,3.82;6.43,2.83;6.57,2.57;7.53,0.73;9.00,0.00",,13,5.762,5.762,4,0.0,0.0,0.0,7.762,ok,,,vg,P5__CHG2__path_1,5.762
davg::P5__CHG2__path_1,P5,CHG2,path_2,2,mixed(davg),"5.62,4.10;5.03,3.82;5.03,2.93;5.23,0.58;9.00,0.00",,17,7.716,7.716,3,1.273,0.0,0.076,9.216000000000001,ok,,,davg,P5__CHG2__path_1,9.065
basic_astar::P5__CHG2__path_1,P5,CHG2,path_3,3,mixed(basic_astar),"5.65,4.05;5.85,3.85;6.35,3.85;6.35,2.75;6.45,2.65;6.65,2.65;7.45,1.85;7.45,0.65;7.75,0.65;7.85,0.55;8.05,0.55;8.15,0.45;8.25,0.45;8.35,0.35;8.45,0.35;8.55,0.25;8.65,0.25;8.75,0.15;8.95,0.15;9.05,0.05",48:64;46:66;46:71;35:71;34:72;34:74;26:82;14:82;14:85;13:86;13:88;12:89;12:90;11:91;11:92;10:93;10:94;9:95;9:97;8:98,14,6.404,6.404,18,0.0,0.0,0.0,15.404,ok,48:64,8:98,basic_astar,P5__CHG2__path_1,6.404
vg::P5__IN1__path_1,P5,IN1,path_1,1,mixed(vg),"5.62,4.10;5.03,3.82;3.23,2.92;0.00,1.00",,14,6.423,6.423,2,0.0,0.0,0.0,7.423,ok,,,vg,P5__IN1__path_1,6.423
basic_astar::P5__IN1__path_1,P5,IN1,path_2,2,mixed(basic_astar),"5.65,4.05;5.45,3.85;4.95,3.85;4.05,2.95;3.15,2.95;2.25,2.05;2.15,2.05;2.05,1.95;1.95,1.95;1.85,1.85;1.75,1.85;1.65,1.75;1.55,1.75;1.45,1.65;1.35,1.65;1.25,1.55;1.05,1.55;0.95,1.45;0.85,1.45;0.75,1.35;0.65,1.35;0.55,1.25;0.45,1.25;0.35,1.15;0.15,1.15;0.05,1.05",48:64;46:62;46:57;37:48;37:39;28:30;28:29;27:28;27:27;26:26;26:25;25:24;25:23;24:22;24:21;23:20;23:18;22:17;22:16;21:15;21:14;20:13;20:12;19:11;19:9;18:8,15,6.843,6.843,24,0.0,0.0,0.0,18.843,ok,48:64,18:8,basic_astar,P5__IN1__path_1,6.843
vg::P5__IN2__path_1,P5,IN2,path_1,1,mixed(vg),"5.62,4.10;0.00,5.00",,13,5.692,5.692,0,0.0,0.0,0.0,5.692,ok,,,vg,P5__IN2__path_1,5.692
basic_astar::P5__IN2__path_1,P5,IN2,path_2,2,mixed(basic_astar),"5.65,4.05;3.95,4.05;3.75,4.25;2.55,4.25;1.95,4.85;0.15,4.85;0.05,4.95",48:64;48:47;50:45;50:33;56:27;56:9;57:8,13,5.973,5.973,5,0.0,0.0,0.0,8.472999999999999,ok,48:64,57:8,basic_astar,P5__IN2__path_1,5.973
vg::P5__OUT1__path_1,P5,OUT1,path_1,1,mixed(vg),"5.62,4.10;7.72,3.62;12.00,2.00",,15,6.73,6.73,1,0.0,0.0,0.0,7.23,ok,,,vg,P5__OUT1__path_1,6.73
davg::P5__OUT1__path_1,P5,OUT1,path_2,2,mixed(davg),"5.62,4.10;6.33,5.52;8.02,5.52;12.00,2.00",,19,8.591,8.591,2,0.916,0.0,0.186,9.591,ok,,,davg,P5__OUT1__path_1,9.692
vg::P5__OUT2__path_1,P5,OUT2,path_1,1,mixed(vg),"5.62,4.10;12.00,4.00",,14,6.381,6.381,0,0.0,0.0,0.0,6.381,ok,,,vg,P5__OUT2__path_1,6.381
davg::P5__OUT2__path_1,P5,OUT2,path_2,2,mixed(davg),"5.62,4.10;6.33,5.52;8.02,5.52;12.00,4.00",,17,7.538,7.538,2,0.736,0.0,0.186,8.538,ok,,,davg,P5__OUT2__path_1,8.46
vg::P5__P1__path_1,P5,P1,path_1,1,mixed(vg),"5.62,4.10;5.03,3.82;3.23,2.92;3.12,0.95",,11,4.639,4.639,2,0.0,0.0,0.0,5.639,ok,,,vg,P5__P1__path_1,4.639
basic_astar::P5__P1__path_1,P5,P1,path_2,2,mixed(basic_astar),"5.65,4.05;5.45,3.85;4.95,3.85;4.05,2.95;3.15,2.95;3.15,0.95",48:64;46:62;46:57;37:48;37:39;17:39,11,4.956,4.956,4,0.0,0.0,0.0,6.956,ok,48:64,17:39,basic_astar,P5__P1__path_1,4.956
vg::P5__P2__path_1,P5,P2,path_1,1,mixed(vg),"5.62,4.10;5.03,3.82;4.36,2.35",,6,2.269,2.269,1,0.0,0.0,0.0,2.769,ok,,,vg,P5__P2__path_1,2.269
vg::P5__P3__path_1,P5,P3,path_1,1,mixed(vg),"5.62,4.10;3.83,4.43;3.72,5.25",,7,2.648,2.648,1,0.0,0.0,0.0,3.148,ok,,,vg,P5__P3__path_1,2.648
vg::P5__P4__path_1,P5,P4,path_1,1,mixed(vg),"5.62,4.10;5.03,3.82;5.03,2.93;5.05,1.35",,8,3.123,3.123,2,0.0,0.0,0.0,4.123,ok,,,vg,P5__P4__path_1,3.123
vg::P5__P6__path_1,P5,P6,path_1,1,mixed(vg),"5.62,4.10;6.33,5.52;7.98,5.55",,8,3.238,3.238,1,0.0,0.0,0.0,3.738,ok,,,vg,P5__P6__path_1,3.238
basic_astar::P5__P6__path_1,P5,P6,path_2,2,mixed(basic_astar),"5.65,4.05;5.75,4.15;5.75,5.05;6.25,5.55;7.95,5.55",48:64;49:65;58:65;63:70;63:87,8,3.449,3.449,3,0.0,0.0,0.0,4.949,ok,48:64,63:87,basic_astar,P5__P6__path_1,3.449
vg::P5__P7__path_1,P5,P7,path_1,1,mixed(vg),"5.62,4.10;6.32,3.82;6.43,2.83;6.57,2.57;7.38,1.00",,9,3.812,3.812,3,0.0,0.0,0.0,5.311999999999999,ok,,,vg,P5__P7__path_1,3.812
davg::P5__P7__path_1,P5,P7,path_2,2,mixed(davg),"5.62,4.10;5.03,3.82;5.03,2.93;5.23,0.58;6.57,0.58;7.38,1.00",,14,6.154,6.154,4,1.588,0.0,0.076,8.154,ok,,,davg,P5__P7__path_1,7.819
vg::P5__P8__path_1,P5,P8,path_1,1,mixed(vg),"5.62,4.10;7.72,3.62;8.62,3.02;8.72,2.35",,9,3.913,3.913,2,0.0,0.0,0.0,4.913,ok,,,vg,P5__P8__path_1,3.913
davg::P5__P8__path_1,P5,P8,path_2,2,mixed(davg),"5.62,4.10;6.33,4.33;8.02,4.33;8.62,3.02;8.72,2.35",,11,4.555,4.555,3,0.868,0.0,2.798,6.055,ok,,,davg,P5__P8__path_1,8.22
vg::P5__P9__path_1,P5,P9,path_1,1,mixed(vg),"5.62,4.10;6.20,5.05",,4,1.113,1.113,0,0.0,0.0,0.0,1.113,ok,,,vg,P5__P9__path_1,1.113
vg::P5__SORT1__path_1,P5,SORT1,path_1,1,mixed(vg),"5.62,4.10;7.72,3.62;8.62,3.02;9.72,2.16",,11,4.632,4.632,2,0.0,0.0,0.0,5.632,ok,,,vg,P5__SORT1__path_1,4.632
davg::P5__SORT1__path_1,P5,SORT1,path_2,2,mixed(davg),"5.62,4.10;6.33,5.52;8.02,5.52;9.72,2.16",,16,7.043,7.043,2,1.105,0.0,0.186,8.043,ok,,,davg,P5__SORT1__path_1,8.334
basic_astar::P5__SORT2__path_1,P5,SORT2,path_1,1,mixed(basic_astar),"5.65,4.05;10.35,4.05",48:64;48:111,11,4.7,4.7,0,0.0,0.0,0.0,4.7,ok,48:64,48:111,basic_astar,P5__SORT2__path_1,4.7
davg::P5__SORT2__path_1,P5,SORT2,path_2,2,mixed(davg),"5.62,4.10;6.33,5.52;8.02,5.52;10.36,4.05",,14,6.041,6.041,2,0.834,0.0,0.186,7.041,ok,,,davg,P5__SORT2__path_1,7.061
vg::P6__CHG1__path_1,P6,CHG1,path_1,1,mixed(vg),"7.98,5.55;6.33,5.52;5.32,4.43;3.23,2.92;1.00,0.00",,20,9.389,9.389,3,0.0,0.0,0.0,10.889,ok,,,vg,P6__CHG1__path_1,9.389
basic_astar::P6__CHG1__path_1,P6,CHG1,path_2,2,mixed(basic_astar),"7.95,5.55;6.25,5.55;5.35,4.65;5.35,4.35;3.95,2.95;3.15,2.95;1.65,1.45;1.65,1.35;1.55,1.25;1.55,1.05;1.45,0.95;1.45,0.85;1.35,0.75;1.35,0.65;1.25,0.55;1.25,0.45;1.15,0.35;1.15,0.15;1.05,0.05",63:87;63:70;54:61;51:61;37:47;37:39;22:24;21:24;20:23;18:23;17:22;16:22;15:21;14:21;13:20;12:20;11:19;9:19;8:18,21,9.823,9.823,17,0.0,0.0,0.0,18.323,ok,63:87,8:18,basic_astar,P6__CHG1__path_1,9.823
vg::P6__CHG2__path_1,P6,CHG2,path_1,1,mixed(vg),"7.98,5.55;8.02,5.52;8.62,3.02;9.00,0.00",,13,5.665,5.665,2,0.0,0.0,0.0,6.665,ok,,,vg,P6__CHG2__path_1,5.665
vg::P6__IN1__path_1,P6,IN1,path_1,1,mixed(vg),"7.98,5.55;6.33,5.52;5.32,4.43;0.00,1.00",,20,9.466,9.466,2,0.0,0.0,0.0,10.466,ok,,,vg,P6__IN1__path_1,9.466
basic_astar::P6__IN1__path_1,P6,IN1,path_2,2,mixed(basic_astar),"7.95,5.55;6.25,5.55;5.35,4.65;5.35,4.35;3.95,2.95;3.15,2.95;2.25,2.05;2.15,2.05;2.05,1.95;1.95,1.95;1.85,1.85;1.75,1.85;1.65,1.75;1.55,1.75;1.45,1.65;1.35,1.65;1.25,1.55;1.05,1.55;0.95,1.45;0.85,1.45;0.75,1.35;0.65,1.35;0.55,1.25;0.45,1.25;0.35,1.15;0.15,1.15;0.05,1.05",63:87;63:70;54:61;51:61;37:47;37:39;28:30;28:29;27:28;27:27;26:26;26:25;25:24;25:23;24:22;24:21;23:20;23:18;22:17;22:16;21:15;21:14;20:13;20:12;19:11;19:9;18:8,21,9.94,9.94,25,0.0,0.0,0.0,22.439999999999998,ok,63:87,18:8,basic_astar,P6__IN1__path_1,9.94
vg::P6__IN2__path_1,P6,IN2,path_1,1,mixed(vg),"7.98,5.55;5.32,5.92;3.83,5.92;0.00,5.00",,18,8.115,8.115,2,0.0,0.0,0.0,9.115,ok,,,vg,P6__IN2__path_1,8.115
basic_astar::P6__IN2__path_1,P6,IN2,path_2,2,mixed(basic_astar),"7.95,5.55;6.55,5.55;6.15,5.95;2.15,5.95;2.05,5.85;1.95,5.85;1.85,5.75;1.75,5.75;1.65,5.65;1.55,5.65;1.45,5.55;1.35,5.55;1.25,5.45;1.05,5.45;0.95,5.35;0.85,5.35;0.75,5.25;0.65,5.25;0.55,5.15;0.45,5.15;0.35,5.05;0.15,5.05;0.05,4.95",63:87;63:73;67:69;67:29;66:28;66:27;65:26;65:25;64:24;64:23;63:22;63:21;62:20;62:18;61:17;61:16;60:15;60:14;59:13;59:12;58:11;58:9;57:8,18,8.48,8.48,21,0.0,0.0,0.0,18.98,ok,63:87,57:8,basic_astar,P6__IN2__path_1,8.48
vg::P6__OUT1__path_1,P6,OUT1,path_1,1,mixed(vg),"7.98,5.55;8.02,5.52;12.00,2.00",,12,5.363,5.363,1,0.0,0.0,0.0,5.863,ok,,,vg,P6__OUT1__path_1,5.363
vg::P6__OUT2__path_1,P6,OUT2,path_1,1,mixed(vg),"7.98,5.55;12.00,4.00",,10,4.308,4.308,0,0.0,0.0,0.0,4.308,ok,,,vg,P6__OUT2__path_1,4.308
basic_astar::P6__OUT2__path_1,P6,OUT2,path_2,2,mixed(basic_astar),"7.95,5.55;9.05,5.55;9.65,4.95;9.95,4.95;10.05,4.85;10.15,4.85;10.25,4.75;10.35,4.75;10.45,4.65;10.55,4.65;10.65,4.55;10.75,4.55;10.85,4.45;11.05,4.45;11.15,4.35;11.25,4.35;11.35,4.25;11.45,4.25;11.55,4.15;11.65,4.15;11.75,4.05;11.95,4.05;12.05,3.95",63:87;63:98;57:104;57:107;56:108;56:109;55:110;55:111;54:112;54:113;53:114;53:115;52:116;52:118;51:119;51:120;50:121;50:122;49:123;49:124;48:125;48:127;47:128,11,4.763,4.763,21,0.0,0.0,0.0,15.263,ok,63:87,47:128,basic_astar,P6__OUT2__path_1,4.763
vg::P6__P1__path_1,P6,P1,path_1,1,mixed(vg),"7.98,5.55;6.33,5.52;5.32,4.43;3.23,2.92;3.12,0.95",,17,7.688,7.688,3,0.0,0.0,0.0,9.187999999999999,ok,,,vg,P6__P1__path_1,7.688
basic_astar::P6__P1__path_1,P6,P1,path_2,2,mixed(basic_astar),"7.95,5.55;6.25,5.55;5.35,4.65;5.35,4.35;3.95,2.95;3.15,2.95;3.15,0.95",63:87;63:70;54:61;51:61;37:47;37:39;17:39,18,8.053,8.053,5,0.0,0.0,0.0,10.553,ok,63:87,17:39,basic_astar,P6__P1__path_1,8.053
vg::P6__P2__path_1,P6,P2,path_1,1,mixed(vg),"7.98,5.55;6.33,5.52;5.03,3.82;4.36,2.35",,12,5.406,5.406,2,0.0,0.0,0.0,6.406,ok,,,vg,P6__P2__path_1,5.406
vg::P6__P3__path_1,P6,P3,path_1,1,mixed(vg),"7.98,5.55;5.32,5.92;3.83,5.92;3.72,5.25",,11,4.855,4.855,2,0.0,0.0,0.0,5.855,ok,,,vg,P6__P3__path_1,4.855
davg::P6__P4__path_1,P6,P4,path_1,1,mixed(davg),"7.98,5.55;6.33,5.52;5.03,3.82;5.03,2.93;5.05,1.35",,14,6.26,6.26,3,0.783,0.0,0.0,7.76,ok,,,davg,P6__P4__path_1,7.043
vg::P6__P4__path_1,P6,P4,path_2,2,mixed(vg),"7.98,5.55;8.02,5.52;8.02,4.33;6.43,3.62;6.32,2.93;5.23,2.57;5.05,1.35",,14,6.061,6.061,5,0.0,0.0,0.0,8.561,ok,,,vg,P6__P4__path_1,6.061
vg::P6__P5__path_1,P6,P5,path_1,1,mixed(vg),"7.98,5.55;6.33,5.52;5.62,4.10",,8,3.238,3.238,1,0.0,0.0,0.0,3.738,ok,,,vg,P6__P5__path_1,3.238
davg::P6__P7__path_1,P6,P7,path_1,1,mixed(davg),"7.98,5.55;8.02,5.52;8.62,3.02;8.62,0.73;7.53,0.73;7.38,1.00",,14,6.31,6.31,4,1.781,0.0,1.82,8.309999999999999,ok,,,davg,P6__P7__path_1,9.911
vg::P6__P7__path_1,P6,P7,path_2,2,mixed(vg),"7.98,5.55;8.02,5.52;8.02,4.33;6.43,3.62;6.43,2.83;6.57,2.57;7.38,1.00",,13,5.833,5.833,5,0.0,0.0,0.0,8.333,ok,,,vg,P6__P7__path_1,5.833
avg::P6__P7__path_1,P6,P7,path_3,3,mixed(avg),"7.98,5.55;6.33,5.52;6.33,4.33;6.43,2.83;6.57,2.57;7.38,1.00",,14,6.406,6.406,4,1.032,0.0,0.0,8.405999999999999,ok,,,avg,P6__P7__path_1,7.438
basic_astar::P6__P7__path_1,P6,P7,path_4,4,mixed(basic_astar),"7.95,5.55;8.05,5.55;8.05,4.25;7.45,3.65;6.35,3.65;6.35,2.75;6.45,2.65;6.65,2.65;6.65,2.55;6.75,2.45;6.75,2.35;6.85,2.25;6.85,2.05;6.95,1.95;6.95,1.85;7.05,1.75;7.05,1.65;7.15,1.55;7.15,1.45;7.25,1.35;7.25,1.15;7.35,1.05",63:87;63:88;50:88;44:82;44:71;35:71;34:72;34:74;33:74;32:75;31:75;30:76;28:76;27:77;26:77;25:78;24:78;23:79;22:79;21:80;19:80;18:81,14,6.48,6.48,20,0.0,0.0,0.0,16.48,ok,63:87,18:81,basic_astar,P6__P7__path_1,6.48
vg::P6__P8__path_1,P6,P8,path_1,1,mixed(vg),"7.98,5.55;8.02,5.52;8.62,3.02;8.72,2.35",,8,3.298,3.298,2,0.0,0.0,0.0,4.298,ok,,,vg,P6__P8__path_1,3.298
vg::P6__P9__path_1,P6,P9,path_1,1,mixed(vg),"7.98,5.55;6.33,5.52;6.20,5.05",,6,2.138,2.138,1,0.0,0.0,0.0,2.638,ok,,,vg,P6__P9__path_1,2.138
vg::P6__SORT1__path_1,P6,SORT1,path_1,1,mixed(vg),"7.98,5.55;8.02,5.52;9.72,2.16",,9,3.816,3.816,1,0.0,0.0,0.0,4.316,ok,,,vg,P6__SORT1__path_1,3.816
vg::P6__SORT2__path_1,P6,SORT2,path_1,1,mixed(vg),"7.98,5.55;10.36,4.05",,7,2.813,2.813,0,0.0,0.0,0.0,2.813,ok,,,vg,P6__SORT2__path_1,2.813
vg::P7__CHG1__path_1,P7,CHG1,path_1,1,mixed(vg),"7.38,1.00;6.57,0.58;1.00,0.00",,15,6.513,6.513,1,0.0,0.0,0.0,7.013,ok,,,vg,P7__CHG1__path_1,6.513
vg::P7__CHG2__path_1,P7,CHG2,path_1,1,mixed(vg),"7.38,1.00;7.53,0.73;9.00,0.00",,5,1.95,1.95,1,0.0,0.0,0.0,2.45,ok,,,vg,P7__CHG2__path_1,1.95
vg::P7__IN1__path_1,P7,IN1,path_1,1,mixed(vg),"7.38,1.00;6.57,0.58;4.32,0.53;3.23,0.53;0.00,1.00",,17,7.517,7.517,3,0.0,0.0,0.0,9.017,ok,,,vg,P7__IN1__path_1,7.517
basic_astar::P7__IN1__path_1,P7,IN1,path_2,2,mixed(basic_astar),"7.35,1.05;7.05,0.75;6.85,0.75;6.65,0.55;5.75,0.55;5.65,0.45;1.35,0.45;1.25,0.55;1.05,0.55;0.95,0.65;0.85,0.65;0.75,0.75;0.65,0.75;0.55,0.85;0.45,0.85;0.35,0.95;0.15,0.95;0.05,1.05",18:81;15:78;15:76;13:74;13:65;12:64;12:21;13:20;13:18;14:17;14:16;15:15;15:14;16:13;16:12;17:11;17:9;18:8,17,7.797,7.797,16,0.0,0.0,0.0,15.797,ok,18:81,18:8,basic_astar,P7__IN1__path_1,7.797
vg::P7__IN2__path_1,P7,IN2,path_1,1,mixed(vg),"7.38,1.00;6.57,2.57;5.03,2.93;0.00,5.00",,19,8.787,8.787,2,0.0,0.0,0.0,9.787,ok,,,vg,P7__IN2__path_1,8.787
davg::P7__IN2__path_1,P7,IN2,path_2,2,mixed(davg),"7.38,1.00;6.57,0.58;4.32,0.53;3.23,0.53;0.00,5.00",,21,9.768,9.768,3,0.712,0.0,0.0,11.268,ok,,,davg,P7__IN2__path_1,10.48
basic_astar::P7__IN2__path_1,P7,IN2,path_3,3,mixed(basic_astar),"7.35,1.05;7.25,1.15;7.25,2.05;6.65,2.65;5.05,2.65;4.95,2.75;4.85,2.75;4.75,2.85;4.65,2.85;4.55,2.95;4.35,2.95;4.25,3.05;4.15,3.05;4.05,3.15;3.95,3.15;3.85,3.25;3.75,3.25;3.65,3.35;3.55,3.35;3.45,3.45;3.25,3.45;3.15,3.55;3.05,3.55;2.95,3.65;2.85,3.65;2.75,3.75;2.65,3.75;2.55,3.85;2.45,3.85;2.35,3.95;2.15,3.95;2.05,4.05;1.95,4.05;1.85,4.15;1.75,4.15;1.65,4.25;1.55,4.25;1.45,4.35;1.35,4.35;1.25,4.45;1.05,4.45;0.95,4.55;0.85,4.55;0.75,4.65;0.65,4.65;0.55,4.75;0.45,4.75;0.35,4.85;0.15,4.85;0.05,4.95",18:81;19:80;28:80;34:74;34:58;35:57;35:56;36:55;36:54;37:53;37:51;38:50;38:49;39:48;39:47;40:46;40:45;41:44;41:43;42:42;42:40;43:39;43:38;44:37;44:36;45:35;45:34;46:33;46:32;47:31;47:29;48:28;48:27;49:26;49:25;50:24;50:23;51:22;51:21;52:20;52:18;53:17;53:16;54:15;54:14;55:13;55:12;56:11;56:9;57:8,20,9.443,9.443,48,0.0,0.0,0.0,33.443,ok,18:81,57:8,basic_astar,P7__IN2__path_1,9.443
vg::P7__OUT1__path_1,P7,OUT1,path_1,1,mixed(vg),"7.38,1.00;7.53,0.73;8.62,0.73;12.00,2.00",,12,5.01,5.01,2,0.0,0.0,0.0,6.01,ok,,,vg,P7__OUT1__path_1,5.01
basic_astar::P7__OUT1__path_1,P7,OUT1,path_2,2,mixed(basic_astar),"7.35,1.05;7.45,0.95;7.45,0.65;8.65,0.65;8.85,0.85;9.55,0.85;10.55,1.85;11.95,1.85;12.05,1.95",18:81;17:82;14:82;14:94;16:96;16:103;26:113;26:127;27:128,13,5.58,5.58,7,0.0,0.0,0.0,9.08,ok,18:81,27:128,basic_astar,P7__OUT1__path_1,5.58
vg::P7__OUT2__path_1,P7,OUT2,path_1,1,mixed(vg),"7.38,1.00;7.53,0.73;8.62,0.73;12.00,4.00",,14,6.102,6.102,2,0.0,0.0,0.0,7.102,ok,,,vg,P7__OUT2__path_1,6.102
vg::P7__P1__path_1,P7,P1,path_1,1,mixed(vg),"7.38,1.00;6.57,0.58;4.32,0.53;3.23,0.53;3.12,0.95",,11,4.687,4.687,3,0.0,0.0,0.0,6.187,ok,,,vg,P7__P1__path_1,4.687
vg::P7__P2__path_1,P7,P2,path_1,1,mixed(vg),"7.38,1.00;6.57,2.57;5.23,2.57;4.36,2.35",,10,4.004,4.004,2,0.0,0.0,0.0,5.004,ok,,,vg,P7__P2__path_1,4.004
davg::P7__P2__path_1,P7,P2,path_2,2,mixed(davg),"7.38,1.00;6.57,0.58;5.23,0.58;4.36,2.35",,10,4.225,4.225,2,0.796,0.0,0.0,5.225,ok,,,davg,P7__P2__path_1,5.021
basic_astar::P7__P2__path_1,P7,P2,path_3,3,mixed(basic_astar),"7.35,1.05;7.25,1.15;7.25,2.05;6.65,2.65;4.95,2.65;4.85,2.55;4.75,2.55;4.65,2.45;4.45,2.45;4.35,2.35",18:81;19:80;28:80;34:74;34:57;33:56;33:55;32:54;32:52;31:51,10,4.314,4.314,8,0.0,0.0,0.0,8.314,ok,18:81,31:51,basic_astar,P7__P2__path_1,4.314
vg::P7__P3__path_1,P7,P3,path_1,1,mixed(vg),"7.38,1.00;6.57,2.57;5.03,2.93;3.83,4.43;3.72,5.25",,14,6.096,6.096,3,0.0,0.0,0.0,7.596,ok,,,vg,P7__P3__path_1,6.096
davg::P7__P3__path_1,P7,P3,path_2,2,mixed(davg),"7.38,1.00;6.57,0.58;5.23,0.58;3.83,4.43;3.72,5.25",,16,7.176,7.176,3,0.958,0.0,0.0,8.676,ok,,,davg,P7__P3__path_1,8.134
basic_astar::P7__P3__path_1,P7,P3,path_3,3,mixed(basic_astar),"7.35,1.05;7.25,1.15;7.25,2.05;6.55,2.75;6.35,2.75;6.25,2.85;4.95,2.85;4.75,3.05;4.75,3.15;4.65,3.25;4.65,3.35;4.55,3.45;4.55,3.55;3.75,4.35;3.75,5.25",18:81;19:80;28:80;35:73;35:71;36:70;36:57;38:55;39:55;40:54;41:54;42:53;43:53;51:45;60:45,15,6.57,6.57,13,0.0,0.0,0.0,13.07,ok,18:81,60:45,basic_astar,P7__P3__path_1,6.57
vg::P7__P4__path_1,P7,P4,path_1,1,mixed(vg),"7.38,1.00;6.57,0.58;5.23,0.58;5.05,1.35",,8,3.043,3.043,2,0.0,0.0,0.0,4.043,ok,,,vg,P7__P4__path_1,3.043
vg::P7__P5__path_1,P7,P5,path_1,1,mixed(vg),"7.38,1.00;6.57,2.57;6.43,2.83;6.32,3.82;5.62,4.10",,9,3.812,3.812,3,0.0,0.0,0.0,5.311999999999999,ok,,,vg,P7__P5__path_1,3.812
basic_astar::P7__P5__path_1,P7,P5,path_2,2,mixed(basic_astar),"7.35,1.05;7.25,1.15;7.25,2.05;6.55,2.75;6.35,2.75;6.35,3.85;6.05,3.85;5.95,3.95;5.75,3.95;5.65,4.05",18:81;19:80;28:80;35:73;35:71;46:71;46:68;47:67;47:65;48:64,10,4.114,4.114,8,0.0,0.0,0.0,8.114,ok,18:81,48:64,basic_astar,P7__P5__path_1,4.114
davg::P7__P5__path_1,P7,P5,path_3,3,mixed(davg),"7.38,1.00;6.57,0.58;5.23,0.58;5.03,2.93;5.03,3.82;5.62,4.10",,14,6.154,6.154,4,1.588,0.0,0.076,8.154,ok,,,davg,P7__P5__path_1,7.819
davg::P7__P6__path_1,P7,P6,path_1,1,mixed(davg),"7.38,1.00;7.53,0.73;8.62,0.73;8.62,3.02;8.02,5.52;7.98,5.55",,14,6.31,6.31,4,1.781,0.0,1.82,8.309999999999999,ok,,,davg,P7__P6__path_1,9.911
vg::P7__P6__path_1,P7,P6,path_2,2,mixed(vg),"7.38,1.00;6.57,2.57;6.43,2.83;6.43,3.62;8.02,4.33;8.02,5.52;7.98,5.55",,13,5.833,5.833,5,0.0,0.0,0.0,8.333,ok,,,vg,P7__P6__path_1,5.833
avg::P7__P6__path_1,P7,P6,path_3,3,mixed(avg),"7.38,1.00;6.57,2.57;6.43,2.83;6.33,4.33;6.33,5.52;7.98,5.55",,14,6.406,6.406,4,1.032,0.0,0.0,8.405999999999999,ok,,,avg,P7__P6__path_1,7.438
basic_astar::P7__P6__path_1,P7,P6,path_4,4,mixed(basic_astar),"7.35,1.05;7.35,1.95;6.55,2.75;6.35,2.75;6.35,3.65;6.95,4.25;8.05,4.25;8.05,5.55;7.95,5.55",18:81;27:81;35:73;35:71;44:71;50:77;50:88;63:88;63:87,14,6.48,6.48,7,0.0,0.0,0.0,9.98,ok,18:81,63:87,basic_astar,P7__P6__path_1,6.48
vg::P7__P8__path_1,P7,P8,path_1,1,mixed(vg),"7.38,1.00;7.53,0.73;8.62,0.73;8.72,2.35",,8,3.022,3.022,2,0.0,0.0,0.0,4.022,ok,,,vg,P7__P8__path_1,3.022
vg::P7__P9__path_1,P7,P9,path_1,1,mixed(vg),"7.38,1.00;6.57,2.57;6.43,2.83;6.20,5.05",,10,4.294,4.294,2,0.0,0.0,0.0,5.294,ok,,,vg,P7__P9__path_1,4.294
basic_astar::P7__P9__path_1,P7,P9,path_2,2,mixed(basic_astar),"7.35,1.05;7.35,1.95;6.55,2.75;6.35,2.75;6.35,4.15;6.25,4.25;6.25,5.05",18:81;27:81;35:73;35:71;49:71;50:70;58:70,11,4.573,4.573,5,0.0,0.0,0.0,7.073,ok,18:81,58:70,basic_astar,P7__P9__path_1,4.573
davg::P7__P9__path_1,P7,P9,path_3,3,mixed(davg),"7.38,1.00;6.57,0.58;5.23,0.58;5.03,2.93;5.03,3.82;6.20,5.05",,16,7.198,7.198,4,1.405,0.0,0.0,9.198,ok,,,davg,P7__P9__path_1,8.603
vg::P7__SORT1__path_1,P7,SORT1,path_1,1,mixed(vg),"7.38,1.00;7.53,0.73;8.62,0.73;9.72,2.16",,8,3.203,3.203,2,0.0,0.0,0.0,4.202999999999999,ok,,,vg,P7__SORT1__path_1,3.203
vg::P7__SORT2__path_1,P7,SORT2,path_1,1,mixed(vg),"7.38,1.00;7.53,0.73;8.62,0.73;10.36,4.05",,12,5.147,5.147,2,0.0,0.0,0.0,6.147,ok,,,vg,P7__SORT2__path_1,5.147
basic_astar::P7__SORT2__path_1,P7,SORT2,path_2,2,mixed(basic_astar),"7.35,1.05;7.45,0.95;7.45,0.65;8.65,0.65;8.95,0.95;8.95,1.05;10.25,2.35;10.25,3.95;10.35,4.05",18:81;17:82;14:82;14:94;17:97;18:97;31:110;47:110;48:111,13,5.746,5.746,7,0.0,0.0,0.0,9.246,ok,18:81,48:111,basic_astar,P7__SORT2__path_1,5.746
vg::P8__CHG1__path_1,P8,CHG1,path_1,1,mixed(vg),"8.72,2.35;8.62,0.73;1.00,0.00",,20,9.278,9.278,1,0.0,0.0,0.0,9.778,ok,,,vg,P8__CHG1__path_1,9.278
basic_astar::P8__CHG1__path_1,P8,CHG1,path_2,2,mixed(basic_astar),"8.75,2.35;8.75,1.25;8.65,1.15;8.65,0.65;8.55,0.65;8.45,0.55;6.55,0.55;6.45,0.45;1.85,0.45;1.75,0.35;1.65,0.35;1.55,0.25;1.45,0.25;1.35,0.15;1.15,0.15;1.05,0.05",31:95;20:95;19:94;14:94;14:93;13:92;13:73;12:72;12:26;11:25;11:24;10:23;10:22;9:21;9:19;8:18,21,9.59,9.59,14,0.0,0.0,0.0,16.59,ok,31:95,8:18,basic_astar,P8__CHG1__path_1,9.59
vg::P8__CHG2__path_1,P8,CHG2,path_1,1,mixed(vg),"8.72,2.35;9.00,0.00",,6,2.367,2.367,0,0.0,0.0,0.0,2.367,ok,,,vg,P8__CHG2__path_1,2.367
davg::P8__IN1__path_1,P8,IN1,path_1,1,mixed(davg),"8.72,2.35;8.62,0.73;6.57,0.58;4.32,0.53;3.23,0.53;0.00,1.00",,22,10.283,10.283,4,0.827,0.0,0.0,12.283,ok,,,davg,P8__IN1__path_1,11.11
vg::P8__IN1__path_1,P8,IN1,path_2,2,mixed(vg),"8.72,2.35;8.62,3.02;7.72,3.62;6.32,3.82;5.03,3.82;3.23,2.92;0.00,1.00",,22,10.233,10.233,5,0.0,0.0,0.0,12.733,ok,,,vg,P8__IN1__path_1,10.233
basic_astar::P8__IN1__path_1,P8,IN1,path_3,3,mixed(basic_astar),"8.75,2.35;8.75,1.25;8.65,1.15;8.65,0.65;8.55,0.65;8.45,0.55;6.55,0.55;6.45,0.45;1.35,0.45;1.25,0.55;1.05,0.55;0.95,0.65;0.85,0.65;0.75,0.75;0.65,0.75;0.55,0.85;0.45,0.85;0.35,0.95;0.15,0.95;0.05,1.05",31:95;20:95;19:94;14:94;14:93;13:92;13:73;12:72;12:21;13:20;13:18;14:17;14:16;15:15;15:14;16:13;16:12;17:11;17:9;18:8,23,10.673,10.673,18,0.0,0.0,0.0,19.673000000000002,ok,31:95,18:8,basic_astar,P8__IN1__path_1,10.673
vg::P8__IN2__path_1,P8,IN2,path_1,1,mixed(vg),"8.72,2.35;8.62,3.02;7.72,3.62;0.00,5.00",,21,9.601,9.601,2,0.0,0.0,0.0,10.601,ok,,,vg,P8__IN2__path_1,9.601
davg::P8__IN2__path_1,P8,IN2,path_2,2,mixed(davg),"8.72,2.35;8.62,3.02;8.02,5.52;5.32,5.92;3.83,5.92;0.00,5.00",,24,11.407,11.407,4,0.829,0.0,1.497,13.407,ok,,,davg,P8__IN2__path_1,13.733
basic_astar::P8__IN2__path_1,P8,IN2,path_3,3,mixed(basic_astar),"8.75,2.35;8.65,2.45;8.65,3.05;8.35,3.05;7.75,3.65;6.55,3.65;6.35,3.85;6.25,3.85;5.85,4.25;1.55,4.25;1.45,4.35;1.35,4.35;1.25,4.45;1.05,4.45;0.95,4.55;0.85,4.55;0.75,4.65;0.65,4.65;0.55,4.75;0.45,4.75;0.35,4.85;0.15,4.85;0.05,4.95",31:95;32:94;38:94;38:91;44:85;44:73;46:71;46:70;50:66;50:23;51:22;51:21;52:20;52:18;53:17;53:16;54:15;54:14;55:13;55:12;56:11;56:9;57:8,22,10.128,10.128,21,0.0,0.0,0.0,20.628,ok,31:95,57:8,basic_astar,P8__IN2__path_1,10.128
vg::P8__OUT1__path_1,P8,OUT1,path_1,1,mixed(vg),"8.72,2.35;12.00,2.00",,8,3.299,3.299,0,0.0,0.0,0.0,3.299,ok,,,vg,P8__OUT1__path_1,3.299
vg::P8__OUT2__path_1,P8,OUT2,path_1,1,mixed(vg),"8.72,2.35;12.00,4.00",,9,3.672,3.672,0,0.0,0.0,0.0,3.672,ok,,,vg,P8__OUT2__path_1,3.672
vg::P8__P1__path_1,P8,P1,path_1,1,mixed(vg),"8.72,2.35;8.62,0.73;6.57,0.58;4.32,0.53;3.23,0.53;3.12,0.95",,16,7.453,7.453,4,0.0,0.0,0.0,9.453,ok,,,vg,P8__P1__path_1,7.453
vg::P8__P2__path_1,P8,P2,path_1,1,mixed(vg),"8.72,2.35;8.62,3.02;7.72,3.62;6.43,3.62;6.32,2.93;4.36,2.35",,13,5.792,5.792,4,0.0,0.0,0.0,7.792,ok,,,vg,P8__P2__path_1,5.792
avg::P8__P2__path_1,P8,P2,path_2,2,mixed(avg),"8.72,2.35;8.62,3.02;7.72,3.62;6.32,3.82;5.03,3.82;4.36,2.35",,14,6.079,6.079,4,1.283,0.0,0.0,8.079,ok,,,avg,P8__P2__path_1,7.362
davg::P8__P2__path_1,P8,P2,path_3,3,mixed(davg),"8.72,2.35;8.62,0.73;6.57,0.58;5.23,0.58;4.36,2.35",,15,6.991,6.991,3,1.312,0.0,0.0,8.491,ok,,,davg,P8__P2__path_1,8.302
vg::P8__P3__path_1,P8,P3,path_1,1,mixed(vg),"8.72,2.35;8.62,3.02;7.72,3.62;3.83,4.43;3.72,5.25",,15,6.56,6.56,3,0.0,0.0,0.0,8.059999999999999,ok,,,vg,P8__P3__path_1,6.56
davg::P8__P3__path_1,P8,P3,path_2,2,mixed(davg),"8.72,2.35;8.62,3.02;8.02,5.52;5.32,5.92;3.83,5.92;3.72,5.25",,18,8.147,8.147,4,1.415,0.0,1.497,10.147,ok,,,davg,P8__P3__path_1,11.06
vg::P8__P4__path_1,P8,P4,path_1,1,mixed(vg),"8.72,2.35;8.62,0.73;6.57,0.58;5.23,0.58;5.05,1.35",,13,5.809,5.809,3,0.0,0.0,0.0,7.309,ok,,,vg,P8__P4__path_1,5.809
vg::P8__P5__path_1,P8,P5,path_1,1,mixed(vg),"8.72,2.35;8.62,3.02;7.72,3.62;5.62,4.10",,9,3.913,3.913,2,0.0,0.0,0.0,4.913,ok,,,vg,P8__P5__path_1,3.913
davg::P8__P5__path_1,P8,P5,path_2,2,mixed(davg),"8.72,2.35;8.62,3.02;8.02,4.33;6.33,4.33;5.62,4.10",,11,4.555,4.555,3,0.868,0.0,2.798,6.055,ok,,,davg,P8__P5__path_1,8.22
vg::P8__P6__path_1,P8,P6,path_1,1,mixed(vg),"8.72,2.35;8.62,3.02;8.02,5.52;7.98,5.55",,8,3.298,3.298,2,0.0,0.0,0.0,4.298,ok,,,vg,P8__P6__path_1,3.298
vg::P8__P7__path_1,P8,P7,path_1,1,mixed(vg),"8.72,2.35;8.62,0.73;7.53,0.73;7.38,1.00",,8,3.022,3.022,2,0.0,0.0,0.0,4.022,ok,,,vg,P8__P7__path_1,3.022
vg::P8__P9__path_1,P8,P9,path_1,1,mixed(vg),"8.72,2.35;8.62,3.02;7.72,3.62;6.33,4.33;6.20,5.05",,10,4.052,4.052,3,0.0,0.0,0.0,5.552,ok,,,vg,P8__P9__path_1,4.052
basic_astar::P8__P9__path_1,P8,P9,path_2,2,mixed(basic_astar),"8.75,2.35;8.65,2.45;8.65,3.05;7.45,4.25;6.25,4.25;6.25,5.05",31:95;32:94;38:94;50:82;50:70;58:70,10,4.438,4.438,4,0.0,0.0,0.0,6.438,ok,31:95,58:70,basic_astar,P8__P9__path_1,4.438
davg::P8__P9__path_1,P8,P9,path_3,3,mixed(davg),"8.72,2.35;8.62,3.02;8.02,5.52;6.33,5.52;6.20,5.05",,12,5.426,5.426,3,1.362,0.0,1.497,6.926,ok,,,davg,P8__P9__path_1,8.285
vg::P8__SORT1__path_1,P8,SORT1,path_1,1,mixed(vg),"8.72,2.35;9.72,2.16",,4,1.018,1.018,0,0.0,0.0,0.0,1.018,ok,,,vg,P8__SORT1__path_1,1.018
vg::P8__SORT2__path_1,P8,SORT2,path_1,1,mixed(vg),"8.72,2.35;10.36,4.05",,6,2.362,2.362,0,0.0,0.0,0.0,2.362,ok,,,vg,P8__SORT2__path_1,2.362
vg::P9__CHG1__path_1,P9,CHG1,path_1,1,mixed(vg),"6.20,5.05;3.23,2.92;1.00,0.00",,16,7.329,7.329,1,0.0,0.0,0.0,7.829,ok,,,vg,P9__CHG1__path_1,7.329
basic_astar::P9__CHG1__path_1,P9,CHG1,path_2,2,mixed(basic_astar),"6.25,5.05;5.65,4.45;5.55,4.45;4.05,2.95;3.15,2.95;1.65,1.45;1.65,1.35;1.55,1.25;1.55,1.05;1.45,0.95;1.45,0.85;1.35,0.75;1.35,0.65;1.25,0.55;1.25,0.45;1.15,0.35;1.15,0.15;1.05,0.05",58:70;52:64;52:63;37:48;37:39;22:24;21:24;20:23;18:23;17:22;16:22;15:21;14:21;13:20;12:20;11:19;9:19;8:18,17,7.74,7.74,16,0.0,0.0,0.0,15.74,ok,58:70,8:18,basic_astar,P9__CHG1__path_1,7.74
vg::P9__CHG2__path_1,P9,CHG2,path_1,1,mixed(vg),"6.20,5.05;6.43,2.83;6.57,2.57;7.53,0.73;9.00,0.00",,14,6.244,6.244,3,0.0,0.0,0.0,7.744,ok,,,vg,P9__CHG2__path_1,6.244
davg::P9__CHG2__path_1,P9,CHG2,path_2,2,mixed(davg),"6.20,5.05;5.03,3.82;5.03,2.93;5.23,0.58;9.00,0.00",,19,8.76,8.76,3,1.089,0.0,0.0,10.26,ok,,,davg,P9__CHG2__path_1,9.85
basic_astar::P9__CHG2__path_1,P9,CHG2,path_3,3,mixed(basic_astar),"6.25,5.05;6.25,4.25;6.55,4.25;7.15,3.65;7.75,3.65;8.35,3.05;8.65,3.05;8.65,2.85;8.75,2.75;8.75,0.65;8.85,0.55;8.85,0.45;8.95,0.35;8.95,0.15;9.05,0.05",58:70;50:70;50:73;44:79;44:85;38:91;38:94;36:94;35:95;14:95;13:96;12:96;11:97;9:97;8:98,15,6.863,6.863,13,0.0,0.0,0.0,13.363,ok,58:70,8:98,basic_astar,P9__CHG2__path_1,6.863
vg::P9__IN1__path_1,P9,IN1,path_1,1,mixed(vg),"6.20,5.05;5.32,4.43;0.00,1.00",,16,7.406,7.406,1,0.0,0.0,0.0,7.906,ok,,,vg,P9__IN1__path_1,7.406
basic_astar::P9__IN1__path_1,P9,IN1,path_2,2,mixed(basic_astar),"6.25,5.05;5.65,4.45;5.55,4.45;4.05,2.95;3.15,2.95;2.25,2.05;2.15,2.05;2.05,1.95;1.95,1.95;1.85,1.85;1.75,1.85;1.65,1.75;1.55,1.75;1.45,1.65;1.35,1.65;1.25,1.55;1.05,1.55;0.95,1.45;0.85,1.45;0.75,1.35;0.65,1.35;0.55,1.25;0.45,1.25;0.35,1.15;0.15,1.15;0.05,1.05",58:70;52:64;52:63;37:48;37:39;28:30;28:29;27:28;27:27;26:26;26:25;25:24;25:23;24:22;24:21;23:20;23:18;22:17;22:16;21:15;21:14;20:13;20:12;19:11;19:9;18:8,17,7.857,7.857,24,0.0,0.0,0.0,19.857,ok,58:70,18:8,basic_astar,P9__IN1__path_1,7.857
vg::P9__IN2__path_1,P9,IN2,path_1,1,mixed(vg),"6.20,5.05;5.32,4.43;3.83,4.43;0.00,5.00",,14,6.439,6.439,2,0.0,0.0,0.0,7.439,ok,,,vg,P9__IN2__path_1,6.439
vg::P9__OUT1__path_1,P9,OUT1,path_1,1,mixed(vg),"6.20,5.05;6.33,4.33;12.00,2.00",,15,6.862,6.862,1,0.0,0.0,0.0,7.362,ok,,,vg,P9__OUT1__path_1,6.862
davg::P9__OUT1__path_1,P9,OUT1,path_2,2,mixed(davg),"6.20,5.05;6.33,5.52;8.02,5.52;12.00,2.00",,16,7.491,7.491,2,1.013,0.0,0.0,8.491,ok,,,davg,P9__OUT1__path_1,8.503
basic_astar::P9__OUT1__path_1,P9,OUT1,path_3,3,mixed(basic_astar),"6.25,5.05;6.25,4.25;6.55,4.25;7.15,3.65;8.25,3.65;8.95,2.95;9.95,2.95;10.05,2.85;10.15,2.85;10.25,2.75;10.35,2.75;10.45,2.65;10.55,2.65;10.65,2.55;10.75,2.55;10.85,2.45;11.05,2.45;11.15,2.35;11.25,2.35;11.35,2.25;11.45,2.25;11.55,2.15;11.65,2.15;11.75,2.05;11.95,2.05;12.05,1.95",58:70;50:70;50:73;44:79;44:90;37:97;37:107;36:108;36:109;35:110;35:111;34:112;34:113;33:114;33:115;32:116;32:118;31:119;31:120;30:121;30:122;29:123;29:124;28:125;28:127;27:128,17,7.553,7.553,24,0.0,0.0,0.0,19.553,ok,58:70,27:128,basic_astar,P9__OUT1__path_1,7.553
vg::P9__OUT2__path_1,P9,OUT2,path_1,1,mixed(vg),"6.20,5.05;6.33,4.33;12.00,4.00",,14,6.411,6.411,1,0.0,0.0,0.0,6.911,ok,,,vg,P9__OUT2__path_1,6.411
davg::P9__OUT2__path_1,P9,OUT2,path_2,2,mixed(davg),"6.20,5.05;6.33,5.52;8.02,5.52;12.00,4.00",,14,6.438,6.438,2,0.833,0.0,0.0,7.438,ok,,,davg,P9__OUT2__path_1,7.271
vg::P9__P1__path_1,P9,P1,path_1,1,mixed(vg),"6.20,5.05;3.23,2.92;3.12,0.95",,13,5.628,5.628,1,0.0,0.0,0.0,6.128,ok,,,vg,P9__P1__path_1,5.628
basic_astar::P9__P1__path_1,P9,P1,path_2,2,mixed(basic_astar),"6.25,5.05;5.65,4.45;5.55,4.45;4.05,2.95;3.15,2.95;3.15,0.95",58:70;52:64;52:63;37:48;37:39;17:39,13,5.97,5.97,4,0.0,0.0,0.0,7.97,ok,58:70,17:39,basic_astar,P9__P1__path_1,5.97
vg::P9__P2__path_1,P9,P2,path_1,1,mixed(vg),"6.20,5.05;5.03,3.82;4.36,2.35",,8,3.313,3.313,1,0.0,0.0,0.0,3.813,ok,,,vg,P9__P2__path_1,3.313
vg::P9__P3__path_1,P9,P3,path_1,1,mixed(vg),"6.20,5.05;5.32,4.43;3.83,4.43;3.72,5.25",,8,3.394,3.394,2,0.0,0.0,0.0,4.394,ok,,,vg,P9__P3__path_1,3.394
basic_astar::P9__P3__path_1,P9,P3,path_2,2,mixed(basic_astar),"6.25,5.05;5.35,5.95;3.75,5.95;3.75,5.25",58:70;67:61;67:45;60:45,9,3.573,3.573,2,0.0,0.0,0.0,4.573,ok,58:70,60:45,basic_astar,P9__P3__path_1,3.573
vg::P9__P4__path_1,P9,P4,path_1,1,mixed(vg),"6.20,5.05;5.03,3.82;5.03,2.93;5.05,1.35",,10,4.168,4.168,2,0.0,0.0,0.0,5.168,ok,,,vg,P9__P4__path_1,4.168
vg::P9__P5__path_1,P9,P5,path_1,1,mixed(vg),"6.20,5.05;5.62,4.10",,4,1.113,1.113,0,0.0,0.0,0.0,1.113,ok,,,vg,P9__P5__path_1,1.113
vg::P9__P6__path_1,P9,P6,path_1,1,mixed(vg),"6.20,5.05;6.33,5.52;7.98,5.55",,6,2.138,2.138,1,0.0,0.0,0.0,2.638,ok,,,vg,P9__P6__path_1,2.138
vg::P9__P7__path_1,P9,P7,path_1,1,mixed(vg),"6.20,5.05;6.43,2.83;6.57,2.57;7.38,1.00",,10,4.294,4.294,2,0.0,0.0,0.0,5.294,ok,,,vg,P9__P7__path_1,4.294
davg::P9__P7__path_1,P9,P7,path_2,2,mixed(davg),"6.20,5.05;5.03,3.82;5.03,2.93;5.23,0.58;6.57,0.58;7.38,1.00",,16,7.198,7.198,4,1.405,0.0,0.0,9.198,ok,,,davg,P9__P7__path_1,8.603
vg::P9__P8__path_1,P9,P8,path_1,1,mixed(vg),"6.20,5.05;6.33,4.33;7.72,3.62;8.62,3.02;8.72,2.35",,10,4.052,4.052,3,0.0,0.0,0.0,5.552,ok,,,vg,P9__P8__path_1,4.052
davg::P9__P8__path_1,P9,P8,path_2,2,mixed(davg),"6.20,5.05;6.33,5.52;8.02,5.52;8.62,3.02;8.72,2.35",,12,5.426,5.426,3,1.362,0.0,1.497,6.926,ok,,,davg,P9__P8__path_1,8.285
vg::P9__SORT1__path_1,P9,SORT1,path_1,1,mixed(vg),"6.20,5.05;6.33,4.33;7.72,3.62;8.62,3.02;9.72,2.16",,11,4.77,4.77,3,0.0,0.0,0.0,6.27,ok,,,vg,P9__SORT1__path_1,4.77
davg::P9__SORT1__path_1,P9,SORT1,path_2,2,mixed(davg),"6.20,5.05;6.33,5.52;8.02,5.52;9.72,2.16",,13,5.943,5.943,2,1.202,0.0,0.0,6.943,ok,,,davg,P9__SORT1__path_1,7.145
vg::P9__SORT2__path_1,P9,SORT2,path_1,1,mixed(vg),"6.20,5.05;6.33,4.33;10.36,4.05",,11,4.771,4.771,1,0.0,0.0,0.0,5.271,ok,,,vg,P9__SORT2__path_1,4.771
davg::P9__SORT2__path_1,P9,SORT2,path_2,2,mixed(davg),"6.20,5.05;6.33,5.52;8.02,5.52;10.36,4.05",,11,4.941,4.941,2,0.931,0.0,0.0,5.941,ok,,,davg,P9__SORT2__path_1,5.872
vg::SORT1__CHG1__path_1,SORT1,CHG1,path_1,1,mixed(vg),"9.72,2.16;8.62,0.73;1.00,0.00",,20,9.459,9.459,1,0.0,0.0,0.0,9.959,ok,,,vg,SORT1__CHG1__path_1,9.459
basic_astar::SORT1__CHG1__path_1,SORT1,CHG1,path_2,2,mixed(basic_astar),"9.75,2.15;9.35,1.75;9.35,1.45;8.65,0.75;8.65,0.65;6.85,0.65;6.65,0.45;1.85,0.45;1.75,0.35;1.65,0.35;1.55,0.25;1.45,0.25;1.35,0.15;1.15,0.15;1.05,0.05",29:105;25:101;22:101;15:94;14:94;14:76;12:74;12:26;11:25;11:24;10:23;10:22;9:21;9:19;8:18,21,9.804,9.804,13,0.0,0.0,0.0,16.304000000000002,ok,29:105,8:18,basic_astar,SORT1__CHG1__path_1,9.804
vg::SORT1__CHG2__path_1,SORT1,CHG2,path_1,1,mixed(vg),"9.72,2.16;9.00,0.00",,6,2.277,2.277,0,0.0,0.0,0.0,2.277,ok,,,vg,SORT1__CHG2__path_1,2.277
basic_astar::SORT1__CHG2__path_1,SORT1,CHG2,path_2,2,mixed(basic_astar),"9.75,2.15;9.75,1.05;9.15,0.45;9.15,0.15;9.05,0.05",29:105;18:105;12:99;9:99;8:98,6,2.39,2.39,3,0.0,0.0,0.0,3.89,ok,29:105,8:98,basic_astar,SORT1__CHG2__path_1,2.39
vg::SORT1__IN1__path_1,SORT1,IN1,path_1,1,mixed(vg),"9.72,2.16;8.62,0.73;6.57,0.58;4.32,0.53;3.23,0.53;0.00,1.00",,22,10.464,10.464,4,0.0,0.0,0.0,12.464,ok,,,vg,SORT1__IN1__path_1,10.464
basic_astar::SORT1__IN1__path_1,SORT1,IN1,path_2,2,mixed(basic_astar),"9.75,2.15;9.35,1.75;9.35,1.45;8.65,0.75;8.65,0.65;6.85,0.65;6.65,0.45;1.35,0.45;1.25,0.55;1.05,0.55;0.95,0.65;0.85,0.65;0.75,0.75;0.65,0.75;0.55,0.85;0.45,0.85;0.35,0.95;0.15,0.95;0.05,1.05",29:105;25:101;22:101;15:94;14:94;14:76;12:74;12:21;13:20;13:18;14:17;14:16;15:15;15:14;16:13;16:12;17:11;17:9;18:8,23,10.887,10.887,17,0.0,0.0,0.0,19.387,ok,29:105,18:8,basic_astar,SORT1__IN1__path_1,10.887
vg::SORT1__IN2__path_1,SORT1,IN2,path_1,1,mixed(vg),"9.72,2.16;8.62,3.02;7.72,3.62;0.00,5.00",,22,10.32,10.32,2,0.0,0.0,0.0,11.32,ok,,,vg,SORT1__IN2__path_1,10.32
davg::SORT1__IN2__path_1,SORT1,IN2,path_2,2,mixed(davg),"9.72,2.16;8.02,5.52;5.32,5.92;3.83,5.92;0.00,5.00",,25,11.924,11.924,3,0.669,0.0,0.0,13.424,ok,,,davg,SORT1__IN2__path_1,12.593
basic_astar::SORT1__IN2__path_1,SORT1,IN2,path_3,3,mixed(basic_astar),"9.75,2.15;9.45,2.45;9.25,2.45;8.65,3.05;8.55,3.05;8.25,3.35;8.05,3.35;7.75,3.65;6.65,3.65;6.45,3.85;2.45,3.85;2.35,3.95;2.15,3.95;2.05,4.05;1.95,4.05;1.85,4.15;1.75,4.15;1.65,4.25;1.55,4.25;1.45,4.35;1.35,4.35;1.25,4.45;1.05,4.45;0.95,4.55;0.85,4.55;0.75,4.65;0.65,4.65;0.55,4.75;0.45,4.75;0.35,4.85;0.15,4.85;0.05,4.95",29:105;32:102;32:100;38:94;38:93;41:90;41:88;44:85;44:74;46:72;46:32;47:31;47:29;48:28;48:27;49:26;49:25;50:24;50:23;51:22;51:21;52:20;52:18;53:17;53:16;54:15;54:14;55:13;55:12;56:11;56:9;57:8,23,10.86,10.86,30,0.0,0.0,0.0,25.86,ok,29:105,57:8,basic_astar,SORT1__IN2__path_1,10.86
vg::SORT1__OUT1__path_1,SORT1,OUT1,path_1,1,mixed(vg),"9.72,2.16;12.00,2.00",,6,2.286,2.286,0,0.0,0.0,0.0,2.286,ok,,,vg,SORT1__OUT1__path_1,2.286
vg::SORT1__OUT2__path_1,SORT1,OUT2,path_1,1,mixed(vg),"9.72,2.16;12.00,4.00",,7,2.93,2.93,0,0.0,0.0,0.0,2.93,ok,,,vg,SORT1__OUT2__path_1,2.93
vg::SORT1__P1__path_1,SORT1,P1,path_1,1,mixed(vg),"9.72,2.16;8.62,0.73;6.57,0.58;4.32,0.53;3.23,0.53;3.12,0.95",,17,7.634,7.634,4,0.0,0.0,0.0,9.634,ok,,,vg,SORT1__P1__path_1,7.634
vg::SORT1__P2__path_1,SORT1,P2,path_1,1,mixed(vg),"9.72,2.16;8.62,3.02;7.72,3.62;6.43,3.62;6.32,2.93;4.36,2.35",,15,6.511,6.511,4,0.0,0.0,0.0,8.511,ok,,,vg,SORT1__P2__path_1,6.511
davg::SORT1__P2__path_1,SORT1,P2,path_2,2,mixed(davg),"9.72,2.16;8.62,0.73;6.57,0.58;5.23,0.58;4.36,2.35",,16,7.172,7.172,3,1.015,0.0,0.0,8.672,ok,,,davg,SORT1__P2__path_1,8.186
avg::SORT1__P2__path_1,SORT1,P2,path_3,3,mixed(avg),"9.72,2.16;8.62,3.02;7.72,3.62;6.32,3.82;5.03,3.82;4.36,2.35",,15,6.798,6.798,4,0.903,0.0,0.0,8.798,ok,,,avg,SORT1__P2__path_1,7.701
vg::SORT1__P3__path_1,SORT1,P3,path_1,1,mixed(vg),"9.72,2.16;8.62,3.02;7.72,3.62;3.83,4.43;3.72,5.25",,16,7.279,7.279,3,0.0,0.0,0.0,8.779,ok,,,vg,SORT1__P3__path_1,7.279
davg::SORT1__P3__path_1,SORT1,P3,path_2,2,mixed(davg),"9.72,2.16;8.02,5.52;5.32,5.92;3.83,5.92;3.72,5.25",,19,8.664,8.664,3,1.255,0.0,0.0,10.164,ok,,,davg,SORT1__P3__path_1,9.919
vg::SORT1__P4__path_1,SORT1,P4,path_1,1,mixed(vg),"9.72,2.16;8.62,0.73;6.57,0.58;5.23,0.58;5.05,1.35",,13,5.99,5.99,3,0.0,0.0,0.0,7.49,ok,,,vg,SORT1__P4__path_1,5.99
vg::SORT1__P5__path_1,SORT1,P5,path_1,1,mixed(vg),"9.72,2.16;8.62,3.02;7.72,3.62;5.62,4.10",,11,4.632,4.632,2,0.0,0.0,0.0,5.632,ok,,,vg,SORT1__P5__path_1,4.632
davg::SORT1__P5__path_1,SORT1,P5,path_2,2,mixed(davg),"9.72,2.16;8.02,5.52;6.33,5.52;5.62,4.10",,16,7.043,7.043,2,1.105,0.0,0.186,8.043,ok,,,davg,SORT1__P5__path_1,8.334
vg::SORT1__P6__path_1,SORT1,P6,path_1,1,mixed(vg),"9.72,2.16;8.02,5.52;7.98,5.55",,9,3.816,3.816,1,0.0,0.0,0.0,4.316,ok,,,vg,SORT1__P6__path_1,3.816
vg::SORT1__P7__path_1,SORT1,P7,path_1,1,mixed(vg),"9.72,2.16;8.62,0.73;7.53,0.73;7.38,1.00",,8,3.203,3.203,2,0.0,0.0,0.0,4.202999999999999,ok,,,vg,SORT1__P7__path_1,3.203
vg::SORT1__P8__path_1,SORT1,P8,path_1,1,mixed(vg),"9.72,2.16;8.72,2.35",,4,1.018,1.018,0,0.0,0.0,0.0,1.018,ok,,,vg,SORT1__P8__path_1,1.018
basic_astar::SORT1__P9__path_1,SORT1,P9,path_1,1,mixed(basic_astar),"9.75,2.15;7.65,4.25;6.25,4.25;6.25,5.05",29:105;50:84;50:70;58:70,12,5.17,5.17,2,0.0,0.0,0.0,6.17,ok,29:105,58:70,basic_astar,SORT1__P9__path_1,5.17
vg::SORT1__P9__path_1,SORT1,P9,path_2,2,mixed(vg),"9.72,2.16;8.62,3.02;7.72,3.62;6.33,4.33;6.20,5.05",,11,4.77,4.77,3,0.0,0.0,0.0,6.27,ok,,,vg,SORT1__P9__path_1,4.77
davg::SORT1__P9__path_1,SORT1,P9,path_3,3,mixed(davg),"9.72,2.16;8.02,5.52;6.33,5.52;6.20,5.05",,13,5.943,5.943,2,1.202,0.0,0.0,6.943,ok,,,davg,SORT1__P9__path_1,7.145
vg::SORT1__SORT2__path_1,SORT1,SORT2,path_1,1,mixed(vg),"9.72,2.16;10.36,4.05",,5,1.995,1.995,0,0.0,0.0,0.0,1.995,ok,,,vg,SORT1__SORT2__path_1,1.995
basic_astar::SORT1__SORT2__path_1,SORT1,SORT2,path_2,2,mixed(basic_astar),"9.75,2.15;9.75,3.25;10.35,3.85;10.35,4.05",29:105;40:105;46:111;48:111,6,2.149,2.149,2,0.0,0.0,0.0,3.149,ok,29:105,48:111,basic_astar,SORT1__SORT2__path_1,2.149
davg::SORT2__CHG1__path_1,SORT2,CHG1,path_1,1,mixed(davg),"10.36,4.05;8.62,0.73;1.00,0.00",,24,11.403,11.403,1,0.496,0.0,0.0,11.903,ok,,,davg,SORT2__CHG1__path_1,11.899
vg::SORT2__CHG1__path_1,SORT2,CHG1,path_2,2,mixed(vg),"10.36,4.05;5.03,3.82;3.23,2.92;1.00,0.00",,24,11.022,11.022,2,0.0,0.0,0.0,12.022,ok,,,vg,SORT2__CHG1__path_1,11.022
basic_astar::SORT2__CHG1__path_1,SORT2,CHG1,path_3,3,mixed(basic_astar),"10.35,4.05;9.25,4.05;9.05,3.85;4.95,3.85;4.05,2.95;3.15,2.95;1.65,1.45;1.65,1.35;1.55,1.25;1.55,1.05;1.45,0.95;1.45,0.85;1.35,0.75;1.35,0.65;1.25,0.55;1.25,0.45;1.15,0.35;1.15,0.15;1.05,0.05",48:111;48:100;46:98;46:57;37:48;37:39;22:24;21:24;20:23;18:23;17:22;16:22;15:21;14:21;13:20;12:20;11:19;9:19;8:18,24,11.425,11.425,17,0.0,0.0,0.0,19.925,ok,48:111,8:18,basic_astar,SORT2__CHG1__path_1,11.425
vg::SORT2__CHG2__path_1,SORT2,CHG2,path_1,1,mixed(vg),"10.36,4.05;9.00,0.00",,10,4.272,4.272,0,0.0,0.0,0.0,4.272,ok,,,vg,SORT2__CHG2__path_1,4.272
basic_astar::SORT2__CHG2__path_1,SORT2,CHG2,path_2,2,mixed(basic_astar),"10.35,4.05;10.35,2.95;9.75,2.35;9.75,1.55;9.65,1.45;9.65,1.35;9.55,1.25;9.55,1.05;9.45,0.95;9.45,0.85;9.35,0.75;9.35,0.65;9.25,0.55;9.25,0.45;9.15,0.35;9.15,0.15;9.05,0.05",48:111;37:111;31:105;23:105;22:104;21:104;20:103;18:103;17:102;16:102;15:101;14:101;13:100;12:100;11:99;9:99;8:98,11,4.538,4.538,15,0.0,0.0,0.0,12.038,ok,48:111,8:98,basic_astar,SORT2__CHG2__path_1,4.538
vg::SORT2__IN1__path_1,SORT2,IN1,path_1,1,mixed(vg),"10.36,4.05;5.03,3.82;3.23,2.92;0.00,1.00",,24,11.105,11.105,2,0.0,0.0,0.0,12.105,ok,,,vg,SORT2__IN1__path_1,11.105
davg::SORT2__IN1__path_1,SORT2,IN1,path_2,2,mixed(davg),"10.36,4.05;8.62,0.73;6.57,0.58;4.32,0.53;3.23,0.53;0.00,1.00",,26,12.408,12.408,4,0.616,0.0,0.0,14.408,ok,,,davg,SORT2__IN1__path_1,13.025
vg::SORT2__IN2__path_1,SORT2,IN2,path_1,1,mixed(vg),"10.36,4.05;3.83,4.43;0.00,5.00",,22,10.413,10.413,1,0.0,0.0,0.0,10.913,ok,,,vg,SORT2__IN2__path_1,10.413
davg::SORT2__IN2__path_1,SORT2,IN2,path_2,2,mixed(davg),"10.36,4.05;8.02,5.52;5.32,5.92;3.83,5.92;0.00,5.00",,23,10.922,10.922,3,0.398,0.0,0.0,12.422,ok,,,davg,SORT2__IN2__path_1,11.32
basic_astar::SORT2__IN2__path_1,SORT2,IN2,path_3,3,mixed(basic_astar),"10.35,4.05;1.95,4.05;1.85,4.15;1.75,4.15;1.65,4.25;1.55,4.25;1.45,4.35;1.35,4.35;1.25,4.45;1.05,4.45;0.95,4.55;0.85,4.55;0.75,4.65;0.65,4.65;0.55,4.75;0.45,4.75;0.35,4.85;0.15,4.85;0.05,4.95",48:111;48:27;49:26;49:25;50:24;50:23;51:22;51:21;52:20;52:18;53:17;53:16;54:15;54:14;55:13;55:12;56:11;56:9;57:8,23,10.673,10.673,17,0.0,0.0,0.0,19.173000000000002,ok,48:111,57:8,basic_astar,SORT2__IN2__path_1,10.673
vg::SORT2__OUT1__path_1,SORT2,OUT1,path_1,1,mixed(vg),"10.36,4.05;12.00,2.00",,7,2.625,2.625,0,0.0,0.0,0.0,2.625,ok,,,vg,SORT2__OUT1__path_1,2.625
vg::SORT2__OUT2__path_1,SORT2,OUT2,path_1,1,mixed(vg),"10.36,4.05;12.00,4.00",,5,1.641,1.641,0,0.0,0.0,0.0,1.641,ok,,,vg,SORT2__OUT2__path_1,1.641
vg::SORT2__P1__path_1,SORT2,P1,path_1,1,mixed(vg),"10.36,4.05;5.03,3.82;3.23,2.92;3.12,0.95",,20,9.32,9.32,2,0.0,0.0,0.0,10.32,ok,,,vg,SORT2__P1__path_1,9.32
davg::SORT2__P1__path_1,SORT2,P1,path_2,2,mixed(davg),"10.36,4.05;8.62,0.73;6.57,0.58;4.32,0.53;3.23,0.53;3.12,0.95",,21,9.579,9.579,4,1.201,0.0,0.0,11.579,ok,,,davg,SORT2__P1__path_1,10.78
basic_astar::SORT2__P1__path_1,SORT2,P1,path_3,3,mixed(basic_astar),"10.35,4.05;9.25,4.05;9.05,3.85;4.95,3.85;4.05,2.95;3.15,2.95;3.15,0.95",48:111;48:100;46:98;46:57;37:48;37:39;17:39,21,9.656,9.656,5,0.0,0.0,0.0,12.156,ok,48:111,17:39,basic_astar,SORT2__P1__path_1,9.656
avg::SORT2__P2__path_1,SORT2,P2,path_1,1,mixed(avg),"10.36,4.05;5.03,3.82;4.36,2.35",,15,6.95,6.95,1,0.55,0.0,0.0,7.45,ok,,,avg,SORT2__P2__path_1,7.5
vg::SORT2__P2__path_1,SORT2,P2,path_2,2,mixed(vg),"10.36,4.05;6.43,3.62;6.32,2.93;4.36,2.35",,15,6.696,6.696,2,0.0,0.0,0.0,7.696,ok,,,vg,SORT2__P2__path_1,6.696
davg::SORT2__P2__path_1,SORT2,P2,path_3,3,mixed(davg),"10.36,4.05;8.02,5.52;6.33,5.52;5.03,3.82;4.36,2.35",,18,8.209,8.209,3,0.852,0.0,0.0,9.709,ok,,,davg,SORT2__P2__path_1,9.061
vg::SORT2__P3__path_1,SORT2,P3,path_1,1,mixed(vg),"10.36,4.05;3.83,4.43;3.72,5.25",,16,7.368,7.368,1,0.0,0.0,0.0,7.868,ok,,,vg,SORT2__P3__path_1,7.368
davg::SORT2__P3__path_1,SORT2,P3,path_2,2,mixed(davg),"10.36,4.05;8.02,5.52;5.32,5.92;3.83,5.92;3.72,5.25",,17,7.662,7.662,3,0.984,0.0,0.0,9.161999999999999,ok,,,davg,SORT2__P3__path_1,8.646
vg::SORT2__P4__path_1,SORT2,P4,path_1,1,mixed(vg),"10.36,4.05;6.43,3.62;6.32,2.93;5.23,2.57;5.05,1.35",,16,7.033,7.033,3,0.0,0.0,0.0,8.533000000000001,ok,,,vg,SORT2__P4__path_1,7.033
avg::SORT2__P4__path_1,SORT2,P4,path_2,2,mixed(avg),"10.36,4.05;5.03,3.82;5.03,2.93;5.05,1.35",,17,7.805,7.805,2,0.77,0.0,0.0,8.805,ok,,,avg,SORT2__P4__path_1,8.575
davg::SORT2__P4__path_1,SORT2,P4,path_3,3,mixed(davg),"10.36,4.05;8.62,0.73;6.57,0.58;5.23,0.58;5.05,1.35",,17,7.935,7.935,3,1.215,0.0,0.0,9.434999999999999,ok,,,davg,SORT2__P4__path_1,9.149
basic_astar::SORT2__P5__path_1,SORT2,P5,path_1,1,mixed(basic_astar),"10.35,4.05;5.65,4.05",48:111;48:64,11,4.7,4.7,0,0.0,0.0,0.0,4.7,ok,48:111,48:64,basic_astar,SORT2__P5__path_1,4.7
davg::SORT2__P5__path_1,SORT2,P5,path_2,2,mixed(davg),"10.36,4.05;8.02,5.52;6.33,5.52;5.62,4.10",,14,6.041,6.041,2,0.834,0.0,0.186,7.041,ok,,,davg,SORT2__P5__path_1,7.061
vg::SORT2__P6__path_1,SORT2,P6,path_1,1,mixed(vg),"10.36,4.05;7.98,5.55",,7,2.813,2.813,0,0.0,0.0,0.0,2.813,ok,,,vg,SORT2__P6__path_1,2.813
vg::SORT2__P7__path_1,SORT2,P7,path_1,1,mixed(vg),"10.36,4.05;8.62,0.73;7.53,0.73;7.38,1.00",,12,5.147,5.147,2,0.0,0.0,0.0,6.147,ok,,,vg,SORT2__P7__path_1,5.147
basic_astar::SORT2__P7__path_1,SORT2,P7,path_2,2,mixed(basic_astar),"10.35,4.05;8.65,2.35;8.65,0.65;7.45,0.65;7.45,0.95;7.35,1.05",48:111;31:94;14:94;14:82;17:82;18:81,13,5.746,5.746,4,0.0,0.0,0.0,7.746,ok,48:111,18:81,basic_astar,SORT2__P7__path_1,5.746
vg::SORT2__P8__path_1,SORT2,P8,path_1,1,mixed(vg),"10.36,4.05;8.72,2.35",,6,2.362,2.362,0,0.0,0.0,0.0,2.362,ok,,,vg,SORT2__P8__path_1,2.362
vg::SORT2__P9__path_1,SORT2,P9,path_1,1,mixed(vg),"10.36,4.05;6.33,4.33;6.20,5.05",,11,4.771,4.771,1,0.0,0.0,0.0,5.271,ok,,,vg,SORT2__P9__path_1,4.771
davg::SORT2__P9__path_1,SORT2,P9,path_2,2,mixed(davg),"10.36,4.05;8.02,5.52;6.33,5.52;6.20,5.05",,11,4.941,4.941,2,0.931,0.0,0.0,5.941,ok,,,davg,SORT2__P9__path_1,5.872
vg::SORT2__SORT1__path_1,SORT2,SORT1,path_1,1,mixed(vg),"10.36,4.05;9.72,2.16",,5,1.995,1.995,0,0.0,0.0,0.0,1.995,ok,,,vg,SORT2__SORT1__path_1,1.995
basic_astar::SORT2__SORT1__path_1,SORT2,SORT1,path_2,2,mixed(basic_astar),"10.35,4.05;10.35,2.95;9.75,2.35;9.75,2.15",48:111;37:111;31:105;29:105,6,2.149,2.149,2,0.0,0.0,0.0,3.149,ok,48:111,29:105,basic_astar,SORT2__SORT1__path_1,2.149
