amr_id,task_id,sequence_order,segment_type,path_uid,sample_index,absolute_time,offset_time,x,y,theta,speed,footprint_radius
AMR1,T06,1,transition,vg::IN1__P2__path_1,0,0.0,0.0,0.0,1.0,0.602983,1.0,0.25
AMR1,T06,1,transition,vg::IN1__P2__path_1,1,0.1,0.1,0.0824,1.0568,0.602983,1.0,0.25
AMR1,T06,1,transition,vg::IN1__P2__path_1,2,0.2,0.2,0.1648,1.1136,0.602983,1.0,0.25
AMR1,T06,1,transition,vg::IN1__P2__path_1,3,0.3,0.3,0.24720000000000003,1.1704,0.602983,1.0,0.25
AMR1,T06,1,transition,vg::IN1__P2__path_1,4,0.4,0.4,0.3296,1.2272,0.602983,1.0,0.25
AMR1,T06,1,transition,vg::IN1__P2__path_1,5,0.5,0.5,0.412,1.284,0.602983,1.0,0.25
AMR1,T06,1,transition,vg::IN1__P2__path_1,6,0.6,0.6,0.49440000000000006,1.3406,0.602983,1.0,0.25
AMR1,T06,1,transition,vg::IN1__P2__path_1,7,0.7,0.7,0.5768,1.3972,0.602983,1.0,0.25
AMR1,T06,1,transition,vg::IN1__P2__path_1,8,0.8,0.8,0.6592,1.4538,0.602983,1.0,0.25
AMR1,T06,1,transition,vg::IN1__P2__path_1,9,0.9,0.9,0.7416,1.5104,0.602983,1.0,0.25
AMR1,T06,1,transition,vg::IN1__P2__path_1,10,1.0,1.0,0.824,1.567,0.602983,1.0,0.25
AMR1,T06,1,transition,vg::IN1__P2__path_1,11,1.1,1.1,0.9062000000000001,1.6238,0.602983,1.0,0.25
AMR1,T06,1,transition,vg::IN1__P2__path_1,12,1.2,1.2,0.9884000000000002,1.6806,0.602983,1.0,0.25
AMR1,T06,1,transition,vg::IN1__P2__path_1,13,1.3,1.3,1.0706,1.7374,0.602983,1.0,0.25
AMR1,T06,1,transition,vg::IN1__P2__path_1,14,1.4,1.4,1.1528,1.7942,0.602983,1.0,0.25
AMR1,T06,1,transition,vg::IN1__P2__path_1,15,1.5,1.5,1.235,1.851,0.602983,1.0,0.25
AMR1,T06,1,transition,vg::IN1__P2__path_1,16,1.6,1.6,1.3174000000000001,1.9076,0.602983,1.0,0.25
AMR1,T06,1,transition,vg::IN1__P2__path_1,17,1.7,1.7,1.3998000000000002,1.9642,0.602983,1.0,0.25
AMR1,T06,1,transition,vg::IN1__P2__path_1,18,1.8,1.8,1.4822000000000002,2.0208,0.602983,1.0,0.25
AMR1,T06,1,transition,vg::IN1__P2__path_1,19,1.9,1.9,1.5646000000000002,2.0774,0.602983,1.0,0.25
AMR1,T06,1,transition,vg::IN1__P2__path_1,20,2.0,2.0,1.647,2.134,0.602983,1.0,0.25
AMR1,T06,1,transition,vg::IN1__P2__path_1,21,2.1,2.1,1.7294,2.1908,0.602983,1.0,0.25
AMR1,T06,1,transition,vg::IN1__P2__path_1,22,2.2,2.2,1.8118000000000003,2.2476000000000003,0.602983,1.0,0.25
AMR1,T06,1,transition,vg::IN1__P2__path_1,23,2.3,2.3,1.8942000000000003,2.3044000000000002,0.602983,1.0,0.25
AMR1,T06,1,transition,vg::IN1__P2__path_1,24,2.4,2.4,1.9766000000000004,2.3612,0.602983,1.0,0.25
AMR1,T06,1,transition,vg::IN1__P2__path_1,25,2.5,2.5,2.059,2.418,0.602983,1.0,0.25
AMR1,T06,1,transition,vg::IN1__P2__path_1,26,2.6,2.6,2.1414000000000004,2.4746,0.602983,1.0,0.25
AMR1,T06,1,transition,vg::IN1__P2__path_1,27,2.7,2.7,2.2238,2.5312,0.602983,1.0,0.25
AMR1,T06,1,transition,vg::IN1__P2__path_1,28,2.8,2.8,2.3062000000000005,2.5878,0.602983,1.0,0.25
AMR1,T06,1,transition,vg::IN1__P2__path_1,29,2.9,2.9,2.3886000000000003,2.6444,0.602983,1.0,0.25
AMR1,T06,1,transition,vg::IN1__P2__path_1,30,3.0,3.0,2.471,2.701,0.602983,1.0,0.25
AMR1,T06,1,transition,vg::IN1__P2__path_1,31,3.1,3.1,2.5534000000000003,2.7578,0.602983,1.0,0.25
AMR1,T06,1,transition,vg::IN1__P2__path_1,32,3.2,3.2,2.6358,2.8146,0.602983,1.0,0.25
AMR1,T06,1,transition,vg::IN1__P2__path_1,33,3.3,3.3,2.7182000000000004,2.8714,0.602983,1.0,0.25
AMR1,T06,1,transition,vg::IN1__P2__path_1,34,3.4,3.4,2.8006,2.9282,0.602983,1.0,0.25
AMR1,T06,1,transition,vg::IN1__P2__path_1,35,3.5,3.5,2.883,2.985,0.602983,1.0,0.25
AMR1,T06,1,transition,vg::IN1__P2__path_1,36,3.6,3.6,2.9758,3.008,0.48238639999999994,1.0,0.25
AMR1,T06,1,transition,vg::IN1__P2__path_1,37,3.7,3.7,3.0686,3.031,0.36178979999999983,1.0,0.25
AMR1,T06,1,transition,vg::IN1__P2__path_1,38,3.8,3.8,3.1614000000000004,3.0540000000000003,0.24119319999999972,1.0,0.25
AMR1,T06,1,transition,vg::IN1__P2__path_1,39,3.9,3.9,3.2542000000000004,3.077,0.12059659999999955,1.0,0.25
AMR1,T06,1,transition,vg::IN1__P2__path_1,40,4.0,4.0,3.347,3.1,0.0,1.0,0.25
AMR1,T06,1,transition,vg::IN1__P2__path_1,41,4.1,4.1,3.4470000000000005,3.1,0.0,1.0,0.25
AMR1,T06,1,transition,vg::IN1__P2__path_1,42,4.2,4.2,3.547,3.1,0.0,1.0,0.25
AMR1,T06,1,transition,vg::IN1__P2__path_1,43,4.3,4.3,3.647,3.1,0.0,1.0,0.25
AMR1,T06,1,transition,vg::IN1__P2__path_1,44,4.4,4.4,3.7470000000000003,3.1,0.0,1.0,0.25
AMR1,T06,1,transition,vg::IN1__P2__path_1,45,4.5,4.5,3.847,3.1,0.0,1.0,0.25
AMR1,T06,1,transition,vg::IN1__P2__path_1,46,4.6,4.6,3.9470000000000005,3.1,0.0,1.0,0.25
AMR1,T06,1,transition,vg::IN1__P2__path_1,47,4.7,4.7,4.047000000000001,3.1,0.0,1.0,0.25
AMR1,T06,1,transition,vg::IN1__P2__path_1,48,4.8,4.8,4.147000000000001,3.1,0.0,1.0,0.25
AMR1,T06,1,transition,vg::IN1__P2__path_1,49,4.9,4.9,4.247000000000001,3.1,0.0,1.0,0.25
AMR1,T06,1,transition,vg::IN1__P2__path_1,50,5.0,5.0,4.347,3.1,0.0,1.0,0.25
AMR1,T06,1,transition,vg::IN1__P2__path_1,51,5.1,5.1,4.3794,3.0305999999999997,-0.30882720000000163,1.0,0.25
AMR1,T06,1,transition,vg::IN1__P2__path_1,52,5.2,5.2,4.4118,2.9612,-0.6176544000000005,1.0,0.25
AMR1,T06,1,transition,vg::IN1__P2__path_1,53,5.3,5.3,4.4442,2.8917999999999995,-0.9264816000000021,1.0,0.25
AMR1,T06,1,transition,vg::IN1__P2__path_1,54,5.4,5.4,4.4766,2.8224,-1.235308800000001,1.0,0.25
AMR1,T06,1,transition,vg::IN1__P2__path_1,55,5.5,5.5,4.509,2.753,-1.544136,1.0,0.25
AMR1,T06,1,transition,vg::IN1__P2__path_1,56,5.6,5.6,4.51172952853598,2.6529999999999996,-1.544136,1.0,0.25
AMR1,T06,1,transition,vg::IN1__P2__path_1,57,5.7,5.7,4.51445905707196,2.553,-1.544136,1.0,0.25
AMR1,T06,1,transition,vg::IN1__P2__path_1,58,5.8,5.8,4.51718858560794,2.452999999999999,-1.544136,1.0,0.25
AMR1,T06,1,transition,vg::IN1__P2__path_1,59,5.9,5.9,4.51991811414392,2.3529999999999993,-1.544136,1.0,0.25
AMR1,T06,1,transition,vg::IN1__P2__path_1,60,5.903,5.903,4.52,2.35,-1.544136,1.0,0.25
AMR1,T06,1,wait_at_pickup,stationary::P2,0,5.903,0.0,4.55,2.35,1.570796,0.0,0.25
AMR1,T06,1,wait_at_pickup,stationary::P2,1,6.0,0.097,4.55,2.35,1.570796,0.0,0.25
AMR1,T06,1,service_at_pickup,stationary::P2,0,6.0,0.0,4.55,2.35,1.570796,0.0,0.25
AMR1,T06,1,service_at_pickup,stationary::P2,1,6.1,0.1,4.55,2.35,1.570796,0.0,0.25
AMR1,T06,1,service_at_pickup,stationary::P2,2,6.2,0.2,4.55,2.35,1.570796,0.0,0.25
AMR1,T06,1,service_at_pickup,stationary::P2,3,6.3,0.3,4.55,2.35,1.570796,0.0,0.25
AMR1,T06,1,service_at_pickup,stationary::P2,4,6.4,0.4,4.55,2.35,1.570796,0.0,0.25
AMR1,T06,1,service_at_pickup,stationary::P2,5,6.5,0.5,4.55,2.35,1.570796,0.0,0.25
AMR1,T06,1,service_at_pickup,stationary::P2,6,6.6,0.6,4.55,2.35,1.570796,0.0,0.25
AMR1,T06,1,service_at_pickup,stationary::P2,7,6.7,0.7,4.55,2.35,1.570796,0.0,0.25
AMR1,T06,1,service_at_pickup,stationary::P2,8,6.8,0.8,4.55,2.35,1.570796,0.0,0.25
AMR1,T06,1,service_at_pickup,stationary::P2,9,6.9,0.9,4.55,2.35,1.570796,0.0,0.25
AMR1,T06,1,service_at_pickup,stationary::P2,10,7.0,1.0,4.55,2.35,1.570796,0.0,0.25
AMR1,T06,1,service_at_pickup,stationary::P2,11,7.1,1.1,4.55,2.35,1.570796,0.0,0.25
AMR1,T06,1,service_at_pickup,stationary::P2,12,7.2,1.2,4.55,2.35,1.570796,0.0,0.25
AMR1,T06,1,service_at_pickup,stationary::P2,13,7.3,1.3,4.55,2.35,1.570796,0.0,0.25
AMR1,T06,1,service_at_pickup,stationary::P2,14,7.4,1.4,4.55,2.35,1.570796,0.0,0.25
AMR1,T06,1,service_at_pickup,stationary::P2,15,7.5,1.5,4.55,2.35,1.570796,0.0,0.25
AMR1,T06,1,service_at_pickup,stationary::P2,16,7.6,1.6,4.55,2.35,1.570796,0.0,0.25
AMR1,T06,1,service_at_pickup,stationary::P2,17,7.7,1.7,4.55,2.35,1.570796,0.0,0.25
AMR1,T06,1,service_at_pickup,stationary::P2,18,7.8,1.8,4.55,2.35,1.570796,0.0,0.25
AMR1,T06,1,service_at_pickup,stationary::P2,19,7.9,1.9,4.55,2.35,1.570796,0.0,0.25
AMR1,T06,1,service_at_pickup,stationary::P2,20,8.0,2.0,4.55,2.35,1.570796,0.0,0.25
AMR1,T06,1,loaded,vg::P2__SORT1__path_1,0,8.0,0.0,4.52,2.35,0.646513,0.9000000152181267,0.25
AMR1,T06,1,loaded,vg::P2__SORT1__path_1,1,8.1,0.1,4.591820001214406,2.4041800009161314,0.646513,0.9000000152181267,0.25
AMR1,T06,1,loaded,vg::P2__SORT1__path_1,2,8.2,0.2,4.663640002428813,2.458360001832262,0.646513,0.9000000152181267,0.25
AMR1,T06,1,loaded,vg::P2__SORT1__path_1,3,8.3,0.3,4.735460003643219,2.5125400027483935,0.646513,0.9000000152181267,0.25
AMR1,T06,1,loaded,vg::P2__SORT1__path_1,4,8.4,0.4,4.807280004857626,2.566720003664525,0.646513,0.9000000152181267,0.25
AMR1,T06,1,loaded,vg::P2__SORT1__path_1,5,8.5,0.5,4.879100006072032,2.620900004580656,0.646513,0.9000000152181267,0.25
AMR1,T06,1,loaded,vg::P2__SORT1__path_1,6,8.6,0.6,4.956360008528238,2.658920001807913,0.5947919481935399,0.9000000152181267,0.25
AMR1,T06,1,loaded,vg::P2__SORT1__path_1,7,8.7,0.7,5.040420009949611,2.676740002109232,0.4784196062257965,0.9000000152181267,0.25
AMR1,T06,1,loaded,vg::P2__SORT1__path_1,8,8.8,0.8,5.124480011370984,2.694560002410551,0.36204726425805317,0.9000000152181267,0.25
AMR1,T06,1,loaded,vg::P2__SORT1__path_1,9,8.9,0.9,5.208540012792358,2.7123800027118703,0.24567492229030985,0.9000000152181267,0.25
AMR1,T06,1,loaded,vg::P2__SORT1__path_1,10,9.0,1.0,5.29260001421373,2.730200003013189,0.12930258032256647,0.9000000152181267,0.25
AMR1,T06,1,loaded,vg::P2__SORT1__path_1,11,9.1,1.1,5.376660015635103,2.748020003314508,0.012930238354823098,0.9000000152181267,0.25
AMR1,T06,1,loaded,vg::P2__SORT1__path_1,12,9.2,1.2,5.466000018261752,2.75,0.0,0.9000000152181267,0.25
AMR1,T06,1,loaded,vg::P2__SORT1__path_1,13,9.3,1.3,5.556000019783565,2.75,0.0,0.9000000152181267,0.25
AMR1,T06,1,loaded,vg::P2__SORT1__path_1,14,9.4,1.4,5.646000021305378,2.75,0.0,0.9000000152181267,0.25
AMR1,T06,1,loaded,vg::P2__SORT1__path_1,15,9.5,1.5,5.73600002282719,2.75,0.0,0.9000000152181267,0.25
AMR1,T06,1,loaded,vg::P2__SORT1__path_1,16,9.6,1.6,5.826000024349003,2.75,0.0,0.9000000152181267,0.25
AMR1,T06,1,loaded,vg::P2__SORT1__path_1,17,9.7,1.7,5.916000025870815,2.75,0.0,0.9000000152181267,0.25
AMR1,T06,1,loaded,vg::P2__SORT1__path_1,18,9.8,1.8,6.006000027392628,2.75,0.0,0.9000000152181267,0.25
AMR1,T06,1,loaded,vg::P2__SORT1__path_1,19,9.9,1.9,6.096000028914441,2.75,0.0,0.9000000152181267,0.25
AMR1,T06,1,loaded,vg::P2__SORT1__path_1,20,10.0,2.0,6.1860000304362535,2.75,0.0,0.9000000152181267,0.25
AMR1,T06,1,loaded,vg::P2__SORT1__path_1,21,10.1,2.1,6.276000031958066,2.75,0.0,0.9000000152181267,0.25
AMR1,T06,1,loaded,vg::P2__SORT1__path_1,22,10.2,2.2,6.366000033479879,2.75,0.0,0.9000000152181267,0.25
AMR1,T06,1,loaded,vg::P2__SORT1__path_1,23,10.3,2.3,6.449700031851539,2.7753400126706125,0.06816589408457725,0.9000000152181267,0.25
AMR1,T06,1,loaded,vg::P2__SORT1__path_1,24,10.4,2.4,6.531600033236389,2.8079200132215085,0.1558077155665155,0.9000000152181267,0.25
AMR1,T06,1,loaded,vg::P2__SORT1__path_1,25,10.5,2.5,6.6135000346212385,2.8405000137724046,0.24344953704845335,0.9000000152181267,0.25
AMR1,T06,1,loaded,vg::P2__SORT1__path_1,26,10.6,2.6,6.695400036006088,2.873080014323301,0.33109135853039157,0.9000000152181267,0.25
AMR1,T06,1,loaded,vg::P2__SORT1__path_1,27,10.7,2.7,6.777300037390938,2.905660014874197,0.41873318001232984,0.9000000152181267,0.25
AMR1,T06,1,loaded,vg::P2__SORT1__path_1,28,10.8,2.8,6.858680037667908,2.9403600199418336,0.486899,0.9000000152181267,0.25
AMR1,T06,1,loaded,vg::P2__SORT1__path_1,29,10.9,2.9,6.93824003901319,2.982480020654042,0.486899,0.9000000152181267,0.25
AMR1,T06,1,loaded,vg::P2__SORT1__path_1,30,11.0,3.0,7.017800040358472,3.02460002136625,0.486899,0.9000000152181267,0.25
AMR1,T06,1,loaded,vg::P2__SORT1__path_1,31,11.1,3.1,7.097360041703754,3.0667200220784583,0.486899,0.9000000152181267,0.25
AMR1,T06,1,loaded,vg::P2__SORT1__path_1,32,11.2,3.2,7.176920043049037,3.1088400227906665,0.486899,0.9000000152181267,0.25
AMR1,T06,1,loaded,vg::P2__SORT1__path_1,33,11.3,3.3,7.25648004439432,3.150960023502875,0.486899,0.9000000152181267,0.25
AMR1,T06,1,loaded,vg::P2__SORT1__path_1,34,11.4,3.4,7.341920050810282,3.1692000036219143,0.4284710696141033,0.9000000152181267,0.25
AMR1,T06,1,loaded,vg::P2__SORT1__path_1,35,11.5,3.5,7.430300052304702,3.175500003728441,0.34082924813216553,0.9000000152181267,0.25
AMR1,T06,1,loaded,vg::P2__SORT1__path_1,36,11.6,3.6,7.518680053799121,3.181800003834968,0.2531874266502273,0.9000000152181267,0.25
AMR1,T06,1,loaded,vg::P2__SORT1__path_1,37,11.7,3.7,7.607060055293542,3.188100003941495,0.16554560516828914,0.9000000152181267,0.25
AMR1,T06,1,loaded,vg::P2__SORT1__path_1,38,11.8,3.8,7.6954400567879615,3.194400004048022,0.07790378368635098,0.9000000152181267,0.25
AMR1,T06,1,loaded,vg::P2__SORT1__path_1,39,11.9,3.9,7.784000059350694,3.2,0.0,0.9000000152181267,0.25
AMR1,T06,1,loaded,vg::P2__SORT1__path_1,40,12.0,4.0,7.874000060872507,3.2,0.0,0.9000000152181267,0.25
AMR1,T06,1,loaded,vg::P2__SORT1__path_1,41,12.1,4.1,7.9640000623943195,3.2,0.0,0.9000000152181267,0.25
AMR1,T06,1,loaded,vg::P2__SORT1__path_1,42,12.2,4.2,8.054000063916131,3.2,0.0,0.9000000152181267,0.25
AMR1,T06,1,loaded,vg::P2__SORT1__path_1,43,12.3,4.3,8.144000065437943,3.2,0.0,0.9000000152181267,0.25
AMR1,T06,1,loaded,vg::P2__SORT1__path_1,44,12.4,4.4,8.234000066959757,3.2,0.0,0.9000000152181267,0.25
AMR1,T06,1,loaded,vg::P2__SORT1__path_1,45,12.5,4.5,8.324000068481569,3.2,0.0,0.9000000152181267,0.25
AMR1,T06,1,loaded,vg::P2__SORT1__path_1,46,12.6,4.6,8.414000070003382,3.2,0.0,0.9000000152181267,0.25
AMR1,T06,1,loaded,vg::P2__SORT1__path_1,47,12.7,4.7,8.504000071525194,3.2,0.0,0.9000000152181267,0.25
AMR1,T06,1,loaded,vg::P2__SORT1__path_1,48,12.8,4.8,8.594000073047008,3.2,0.0,0.9000000152181267,0.25
AMR1,T06,1,loaded,vg::P2__SORT1__path_1,49,12.9,4.9,8.68400007456882,3.2,0.0,0.9000000152181267,0.25
AMR1,T06,1,loaded,vg::P2__SORT1__path_1,50,13.0,5.0,8.77400005174163,3.1999999459756503,-1.2882844282274082e-07,0.9000000152181267,0.25
AMR1,T06,1,loaded,vg::P2__SORT1__path_1,51,13.1,5.1,8.835200052776463,3.136099944895163,-0.15237841140501254,0.9000000152181267,0.25
AMR1,T06,1,loaded,vg::P2__SORT1__path_1,52,13.2,5.2,8.896400053811297,3.072199943814676,-0.3047566939815809,0.9000000152181267,0.25
AMR1,T06,1,loaded,vg::P2__SORT1__path_1,53,13.3,5.3,8.957600054846129,3.008299942734189,-0.45713497655815066,0.9000000152181267,0.25
AMR1,T06,1,loaded,vg::P2__SORT1__path_1,54,13.4,5.4,9.018800055880963,2.9443999416537023,-0.609513259134719,0.9000000152181267,0.25
AMR1,T06,1,loaded,vg::P2__SORT1__path_1,55,13.5,5.5,9.080000056915795,2.8804999405732152,-0.7618915417112874,0.9000000152181267,0.25
AMR1,T06,1,loaded,vg::P2__SORT1__path_1,56,13.6,5.6,9.14048005641664,2.8149999360838676,-0.846546,0.9000000152181267,0.25
AMR1,T06,1,loaded,vg::P2__SORT1__path_1,57,13.7,5.7,9.20006005742408,2.7474999349425087,-0.846546,0.9000000152181267,0.25
AMR1,T06,1,loaded,vg::P2__SORT1__path_1,58,13.8,5.8,9.25964005843152,2.679999933801149,-0.846546,0.9000000152181267,0.25
AMR1,T06,1,loaded,vg::P2__SORT1__path_1,59,13.9,5.9,9.31922005943896,2.6124999326597895,-0.846546,0.9000000152181267,0.25
AMR1,T06,1,loaded,vg::P2__SORT1__path_1,60,14.0,6.0,9.3788000604464,2.54499993151843,-0.846546,0.9000000152181267,0.25
AMR1,T06,1,loaded,vg::P2__SORT1__path_1,61,14.1,6.1,9.43838006145384,2.4774999303770704,-0.846546,0.9000000152181267,0.25
AMR1,T06,1,loaded,vg::P2__SORT1__path_1,62,14.2,6.2,9.498140159292044,2.4100965477071514,-0.846546,0.9000000152181267,0.25
AMR1,T06,1,loaded,vg::P2__SORT1__path_1,63,14.3,6.3,9.557922768998562,2.342705242219803,-0.846546,0.9000000152181267,0.25
AMR1,T06,1,loaded,vg::P2__SORT1__path_1,64,14.4,6.4,9.61770537870508,2.2753139367324557,-0.846546,0.9000000152181267,0.25
AMR1,T06,1,loaded,vg::P2__SORT1__path_1,65,14.5,6.5,9.677487988411599,2.207922631245108,-0.846546,0.9000000152181267,0.25
AMR1,T06,1,loaded,vg::P2__SORT1__path_1,66,14.571,6.571,9.72,2.16,-0.846546,0.9000000152181267,0.25
AMR1,T03,2,transition,vg::SORT1__P5__path_1,0,14.571,0.0,9.72,2.16,2.295046,1.0,0.25
AMR1,T03,2,transition,vg::SORT1__P5__path_1,1,14.671,0.1,9.6538,2.2348,2.295046,1.0,0.25
AMR1,T03,2,transition,vg::SORT1__P5__path_1,2,14.771,0.2,9.5876,2.3096,2.295046,1.0,0.25
AMR1,T03,2,transition,vg::SORT1__P5__path_1,3,14.871,0.3,9.5214,2.3844,2.295046,1.0,0.25
AMR1,T03,2,transition,vg::SORT1__P5__path_1,4,14.971,0.4,9.4552,2.4592,2.295046,1.0,0.25
AMR1,T03,2,transition,vg::SORT1__P5__path_1,5,15.071,0.5,9.389,2.534,2.295046,1.0,0.25
AMR1,T03,2,transition,vg::SORT1__P5__path_1,6,15.171,0.6,9.3226,2.609,2.295046,1.0,0.25
AMR1,T03,2,transition,vg::SORT1__P5__path_1,7,15.271,0.7,9.2562,2.6839999999999997,2.295046,1.0,0.25
AMR1,T03,2,transition,vg::SORT1__P5__path_1,8,15.371,0.8,9.1898,2.759,2.295046,1.0,0.25
AMR1,T03,2,transition,vg::SORT1__P5__path_1,9,15.471,0.9,9.1234,2.8339999999999996,2.295046,1.0,0.25
AMR1,T03,2,transition,vg::SORT1__P5__path_1,10,15.571,1.0,9.057,2.909,2.295046,1.0,0.25
AMR1,T03,2,transition,vg::SORT1__P5__path_1,11,15.671,1.1,8.9846,2.9746,2.397408,1.0,0.25
AMR1,T03,2,transition,vg::SORT1__P5__path_1,12,15.771,1.2,8.9122,3.0402,2.4997700000000003,1.0,0.25
AMR1,T03,2,transition,vg::SORT1__P5__path_1,13,15.871,1.3,8.8398,3.1058,2.602132,1.0,0.25
AMR1,T03,2,transition,vg::SORT1__P5__path_1,14,15.971,1.4,8.7674,3.1714,2.704494,1.0,0.25
AMR1,T03,2,transition,vg::SORT1__P5__path_1,15,16.071,1.5,8.695,3.237,2.806856,1.0,0.25
AMR1,T03,2,transition,vg::SORT1__P5__path_1,16,16.171,1.6,8.6004,3.2698,2.806856,1.0,0.25
AMR1,T03,2,transition,vg::SORT1__P5__path_1,17,16.271,1.7,8.5058,3.3026,2.806856,1.0,0.25
AMR1,T03,2,transition,vg::SORT1__P5__path_1,18,16.371,1.8,8.4112,3.3354,2.806856,1.0,0.25
AMR1,T03,2,transition,vg::SORT1__P5__path_1,19,16.471,1.9,8.3166,3.3682,2.806856,1.0,0.25
AMR1,T03,2,transition,vg::SORT1__P5__path_1,20,16.571,2.0,8.222,3.401,2.806856,1.0,0.25
AMR1,T03,2,transition,vg::SORT1__P5__path_1,21,16.671,2.1,8.1276,3.4337999999999997,2.806856,1.0,0.25
AMR1,T03,2,transition,vg::SORT1__P5__path_1,22,16.771,2.2,8.033199999999999,3.4666,2.806856,1.0,0.25
AMR1,T03,2,transition,vg::SORT1__P5__path_1,23,16.871,2.3,7.9388,3.4994,2.806856,1.0,0.25
AMR1,T03,2,transition,vg::SORT1__P5__path_1,24,16.971,2.4,7.844399999999999,3.5322,2.806856,1.0,0.25
AMR1,T03,2,transition,vg::SORT1__P5__path_1,25,17.071,2.5,7.75,3.565,2.806856,1.0,0.25
AMR1,T03,2,transition,vg::SORT1__P5__path_1,26,17.171,2.6,7.6556,3.5978,2.806856,1.0,0.25
AMR1,T03,2,transition,vg::SORT1__P5__path_1,27,17.271,2.7,7.5611999999999995,3.6306000000000003,2.806856,1.0,0.25
AMR1,T03,2,transition,vg::SORT1__P5__path_1,28,17.371,2.8,7.466799999999999,3.6634,2.806856,1.0,0.25
AMR1,T03,2,transition,vg::SORT1__P5__path_1,29,17.471,2.9,7.372399999999999,3.6962,2.806856,1.0,0.25
AMR1,T03,2,transition,vg::SORT1__P5__path_1,30,17.571,3.0,7.278,3.729,2.806856,1.0,0.25
AMR1,T03,2,transition,vg::SORT1__P5__path_1,31,17.671,3.1,7.183599999999999,3.762,2.806856,1.0,0.25
AMR1,T03,2,transition,vg::SORT1__P5__path_1,32,17.771,3.2,7.0892,3.7950000000000004,2.806856,1.0,0.25
AMR1,T03,2,transition,vg::SORT1__P5__path_1,33,17.871,3.3,6.9948,3.8280000000000003,2.806856,1.0,0.25
AMR1,T03,2,transition,vg::SORT1__P5__path_1,34,17.971,3.4,6.900399999999999,3.861,2.806856,1.0,0.25
AMR1,T03,2,transition,vg::SORT1__P5__path_1,35,18.071,3.5,6.806,3.894,2.806856,1.0,0.25
AMR1,T03,2,transition,vg::SORT1__P5__path_1,36,18.171,3.6,6.7097999999999995,3.9192,2.8511732,1.0,0.25
AMR1,T03,2,transition,vg::SORT1__P5__path_1,37,18.271,3.7,6.6136,3.9444,2.8954904,1.0,0.25
AMR1,T03,2,transition,vg::SORT1__P5__path_1,38,18.371,3.8,6.5174,3.9696,2.9398076,1.0,0.25
AMR1,T03,2,transition,vg::SORT1__P5__path_1,39,18.471,3.9,6.4212,3.9947999999999997,2.9841248,1.0,0.25
AMR1,T03,2,transition,vg::SORT1__P5__path_1,40,18.571,4.0,6.325,4.02,3.028442,1.0,0.25
AMR1,T03,2,transition,vg::SORT1__P5__path_1,41,18.671,4.1,6.2256,4.031199999999999,3.028442,1.0,0.25
AMR1,T03,2,transition,vg::SORT1__P5__path_1,42,18.771,4.2,6.1262,4.0424,3.028442,1.0,0.25
AMR1,T03,2,transition,vg::SORT1__P5__path_1,43,18.871,4.3,6.026800000000001,4.053599999999999,3.028442,1.0,0.25
AMR1,T03,2,transition,vg::SORT1__P5__path_1,44,18.971,4.4,5.9274,4.0648,3.028442,1.0,0.25
AMR1,T03,2,transition,vg::SORT1__P5__path_1,45,19.071,4.5,5.828,4.076,3.028442,1.0,0.25
AMR1,T03,2,transition,vg::SORT1__P5__path_1,46,19.171,4.6,5.728478468899521,4.087483253588516,3.028442,1.0,0.25
AMR1,T03,2,transition,vg::SORT1__P5__path_1,47,19.271,4.7,5.6289569377990425,4.098966507177034,3.028442,1.0,0.25
AMR1,T03,2,transition,vg::SORT1__P5__path_1,48,19.28,4.709,5.62,4.1,3.028442,1.0,0.25
AMR1,T03,2,service_at_pickup,stationary::P5,0,19.28,0.0,5.65,4.05,3.141593,0.0,0.25
AMR1,T03,2,service_at_pickup,stationary::P5,1,19.38,0.1,5.65,4.05,3.141593,0.0,0.25
AMR1,T03,2,service_at_pickup,stationary::P5,2,19.48,0.2,5.65,4.05,3.141593,0.0,0.25
AMR1,T03,2,service_at_pickup,stationary::P5,3,19.58,0.3,5.65,4.05,3.141593,0.0,0.25
AMR1,T03,2,service_at_pickup,stationary::P5,4,19.68,0.4,5.65,4.05,3.141593,0.0,0.25
AMR1,T03,2,service_at_pickup,stationary::P5,5,19.78,0.5,5.65,4.05,3.141593,0.0,0.25
AMR1,T03,2,service_at_pickup,stationary::P5,6,19.88,0.6,5.65,4.05,3.141593,0.0,0.25
AMR1,T03,2,service_at_pickup,stationary::P5,7,19.98,0.7,5.65,4.05,3.141593,0.0,0.25
AMR1,T03,2,service_at_pickup,stationary::P5,8,20.08,0.8,5.65,4.05,3.141593,0.0,0.25
AMR1,T03,2,service_at_pickup,stationary::P5,9,20.18,0.9,5.65,4.05,3.141593,0.0,0.25
AMR1,T03,2,service_at_pickup,stationary::P5,10,20.28,1.0,5.65,4.05,3.141593,0.0,0.25
AMR1,T03,2,service_at_pickup,stationary::P5,11,20.38,1.1,5.65,4.05,3.141593,0.0,0.25
AMR1,T03,2,service_at_pickup,stationary::P5,12,20.48,1.2,5.65,4.05,3.141593,0.0,0.25
AMR1,T03,2,service_at_pickup,stationary::P5,13,20.58,1.3,5.65,4.05,3.141593,0.0,0.25
AMR1,T03,2,service_at_pickup,stationary::P5,14,20.68,1.4,5.65,4.05,3.141593,0.0,0.25
AMR1,T03,2,service_at_pickup,stationary::P5,15,20.78,1.5,5.65,4.05,3.141593,0.0,0.25
AMR1,T03,2,service_at_pickup,stationary::P5,16,20.88,1.6,5.65,4.05,3.141593,0.0,0.25
AMR1,T03,2,service_at_pickup,stationary::P5,17,20.98,1.7,5.65,4.05,3.141593,0.0,0.25
AMR1,T03,2,service_at_pickup,stationary::P5,18,21.08,1.8,5.65,4.05,3.141593,0.0,0.25
AMR1,T03,2,service_at_pickup,stationary::P5,19,21.18,1.9,5.65,4.05,3.141593,0.0,0.25
AMR1,T03,2,service_at_pickup,stationary::P5,20,21.28,2.0,5.65,4.05,3.141593,0.0,0.25
AMR1,T03,2,service_at_pickup,stationary::P5,21,21.38,2.1,5.65,4.05,3.141593,0.0,0.25
AMR1,T03,2,service_at_pickup,stationary::P5,22,21.48,2.2,5.65,4.05,3.141593,0.0,0.25
AMR1,T03,2,service_at_pickup,stationary::P5,23,21.58,2.3,5.65,4.05,3.141593,0.0,0.25
AMR1,T03,2,service_at_pickup,stationary::P5,24,21.68,2.4,5.65,4.05,3.141593,0.0,0.25
AMR1,T03,2,service_at_pickup,stationary::P5,25,21.78,2.5,5.65,4.05,3.141593,0.0,0.25
AMR1,T03,2,service_at_pickup,stationary::P5,26,21.88,2.6,5.65,4.05,3.141593,0.0,0.25
AMR1,T03,2,service_at_pickup,stationary::P5,27,21.98,2.7,5.65,4.05,3.141593,0.0,0.25
AMR1,T03,2,service_at_pickup,stationary::P5,28,22.08,2.8,5.65,4.05,3.141593,0.0,0.25
AMR1,T03,2,service_at_pickup,stationary::P5,29,22.18,2.9,5.65,4.05,3.141593,0.0,0.25
AMR1,T03,2,service_at_pickup,stationary::P5,30,22.28,3.0,5.65,4.05,3.141593,0.0,0.25
AMR1,T03,2,loaded,vg::P5__SORT1__path_1,0,22.28,0.0,5.62,4.1,-0.113151,0.9000000382246778,0.25
AMR1,T03,2,loaded,vg::P5__SORT1__path_1,1,22.38,0.1,5.709460003799533,4.089919999571883,-0.113151,0.9000000382246778,0.25
AMR1,T03,2,loaded,vg::P5__SORT1__path_1,2,22.48,0.2,5.798920007599066,4.079839999143767,-0.113151,0.9000000382246778,0.25
AMR1,T03,2,loaded,vg::P5__SORT1__path_1,3,22.58,0.3,5.888380011398599,4.06975999871565,-0.113151,0.9000000382246778,0.25
AMR1,T03,2,loaded,vg::P5__SORT1__path_1,4,22.68,0.4,5.977840015198132,4.0596799982875345,-0.113151,0.9000000382246778,0.25
AMR1,T03,2,loaded,vg::P5__SORT1__path_1,5,22.78,0.5,6.067300018997665,4.049599997859418,-0.113151,0.9000000382246778,0.25
AMR1,T03,2,loaded,vg::P5__SORT1__path_1,6,22.88,0.6,6.1562800225219805,4.0374399962386915,-0.13087789016406418,0.9000000382246778,0.25
AMR1,T03,2,loaded,vg::P5__SORT1__path_1,7,22.98,0.7,6.2446600262756435,4.0226799956118064,-0.17076337185807486,0.9000000382246778,0.25
AMR1,T03,2,loaded,vg::P5__SORT1__path_1,8,23.08,0.8,6.333040030029307,4.007919994984922,-0.2106488535520855,0.9000000382246778,0.25
AMR1,T03,2,loaded,vg::P5__SORT1__path_1,9,23.18,0.9,6.42142003378297,3.9931599943580376,-0.25053433524609625,0.9000000382246778,0.25
AMR1,T03,2,loaded,vg::P5__SORT1__path_1,10,23.28,1.0,6.509800037536634,3.978399993731153,-0.2904198169401069,0.9000000382246778,0.25
AMR1,T03,2,loaded,vg::P5__SORT1__path_1,11,23.38,1.1,6.598180041290297,3.9636399931042683,-0.3303052986341176,0.9000000382246778,0.25
AMR1,T03,2,loaded,vg::P5__SORT1__path_1,12,23.48,1.2,6.6835200433009145,3.935759984954767,-0.334737,0.9000000382246778,0.25
AMR1,T03,2,loaded,vg::P5__SORT1__path_1,13,23.58,1.3,6.768480046909325,3.9062399837009973,-0.334737,0.9000000382246778,0.25
AMR1,T03,2,loaded,vg::P5__SORT1__path_1,14,23.68,1.4,6.853440050517734,3.876719982447228,-0.334737,0.9000000382246778,0.25
AMR1,T03,2,loaded,vg::P5__SORT1__path_1,15,23.78,1.5,6.938400054126143,3.8471999811934587,-0.334737,0.9000000382246778,0.25
AMR1,T03,2,loaded,vg::P5__SORT1__path_1,16,23.88,1.6,7.023360057734553,3.817679979939689,-0.334737,0.9000000382246778,0.25
AMR1,T03,2,loaded,vg::P5__SORT1__path_1,17,23.98,1.7,7.108320061342963,3.7881599786859197,-0.334737,0.9000000382246778,0.25
AMR1,T03,2,loaded,vg::P5__SORT1__path_1,18,24.08,1.8,7.193280064951373,3.7586399774321504,-0.334737,0.9000000382246778,0.25
AMR1,T03,2,loaded,vg::P5__SORT1__path_1,19,24.18,1.9,7.278240068559782,3.7291199761783806,-0.334737,0.9000000382246778,0.25
AMR1,T03,2,loaded,vg::P5__SORT1__path_1,20,24.28,2.0,7.363200072168191,3.6995999749246113,-0.334737,0.9000000382246778,0.25
AMR1,T03,2,loaded,vg::P5__SORT1__path_1,21,24.38,2.1,7.448160075776601,3.670079973670842,-0.334737,0.9000000382246778,0.25
AMR1,T03,2,loaded,vg::P5__SORT1__path_1,22,24.48,2.2,7.533120079385011,3.6405599724170723,-0.334737,0.9000000382246778,0.25
AMR1,T03,2,loaded,vg::P5__SORT1__path_1,23,24.58,2.3,7.618220083169254,3.611039971163303,-0.334737,0.9000000382246778,0.25
AMR1,T03,2,loaded,vg::P5__SORT1__path_1,24,24.68,2.4,7.703360086785309,3.5815199699095337,-0.334737,0.9000000382246778,0.25
AMR1,T03,2,loaded,vg::P5__SORT1__path_1,25,24.78,2.5,7.788500090401363,3.5519999686557644,-0.334737,0.9000000382246778,0.25
AMR1,T03,2,loaded,vg::P5__SORT1__path_1,26,24.88,2.6,7.873640094017418,3.5224799674019946,-0.334737,0.9000000382246778,0.25
AMR1,T03,2,loaded,vg::P5__SORT1__path_1,27,24.98,2.7,7.958780097633472,3.4929599661482253,-0.334737,0.9000000382246778,0.25
AMR1,T03,2,loaded,vg::P5__SORT1__path_1,28,25.08,2.8,8.04388010103547,3.4633999646803977,-0.334737,0.9000000382246778,0.25
AMR1,T03,2,loaded,vg::P5__SORT1__path_1,29,25.18,2.9,8.128840104643878,3.4336999634189835,-0.334737,0.9000000382246778,0.25
AMR1,T03,2,loaded,vg::P5__SORT1__path_1,30,25.28,3.0,8.213800108252288,3.4039999621575694,-0.334737,0.9000000382246778,0.25
AMR1,T03,2,loaded,vg::P5__SORT1__path_1,31,25.38,3.1,8.298760111860696,3.374299960896155,-0.334737,0.9000000382246778,0.25
AMR1,T03,2,loaded,vg::P5__SORT1__path_1,32,25.48,3.2,8.383720115469107,3.34459995963474,-0.334737,0.9000000382246778,0.25
AMR1,T03,2,loaded,vg::P5__SORT1__path_1,33,25.58,3.3,8.468680119077517,3.314899958373326,-0.334737,0.9000000382246778,0.25
AMR1,T03,2,loaded,vg::P5__SORT1__path_1,34,25.68,3.4,8.547640109689535,3.2763199378772536,-0.3961542130333922,0.9000000382246778,0.25
AMR1,T03,2,loaded,vg::P5__SORT1__path_1,35,25.78,3.5,8.623600112915698,3.233299936050114,-0.48827983694613875,0.9000000382246778,0.25
AMR1,T03,2,loaded,vg::P5__SORT1__path_1,36,25.88,3.6,8.69956011614186,3.1902799342229744,-0.5804054608588856,0.9000000382246778,0.25
AMR1,T03,2,loaded,vg::P5__SORT1__path_1,37,25.98,3.7,8.775520119368025,3.147259932395835,-0.6725310847716325,0.9000000382246778,0.25
AMR1,T03,2,loaded,vg::P5__SORT1__path_1,38,26.08,3.8,8.851480122594188,3.104239930568695,-0.7646567086843794,0.9000000382246778,0.25
AMR1,T03,2,loaded,vg::P5__SORT1__path_1,39,26.18,3.9,8.925620098688475,3.058499888192817,-0.846546,0.9000000382246778,0.25
AMR1,T03,2,loaded,vg::P5__SORT1__path_1,40,26.28,4.0,8.985200101218947,2.9909998853259667,-0.846546,0.9000000382246778,0.25
AMR1,T03,2,loaded,vg::P5__SORT1__path_1,41,26.38,4.1,9.04478010374942,2.923499882459115,-0.846546,0.9000000382246778,0.25
AMR1,T03,2,loaded,vg::P5__SORT1__path_1,42,26.48,4.2,9.104360106279895,2.8559998795922645,-0.846546,0.9000000382246778,0.25
AMR1,T03,2,loaded,vg::P5__SORT1__path_1,43,26.58,4.3,9.163940108810367,2.7884998767254143,-0.846546,0.9000000382246778,0.25
AMR1,T03,2,loaded,vg::P5__SORT1__path_1,44,26.68,4.4,9.223520111340841,2.7209998738585632,-0.846546,0.9000000382246778,0.25
AMR1,T03,2,loaded,vg::P5__SORT1__path_1,45,26.78,4.5,9.283100113871315,2.6535998713357345,-0.846546,0.9000000382246778,0.25
AMR1,T03,2,loaded,vg::P5__SORT1__path_1,46,26.88,4.6,9.34268011640179,2.5862798684765282,-0.846546,0.9000000382246778,0.25
AMR1,T03,2,loaded,vg::P5__SORT1__path_1,47,26.98,4.7,9.402260118932263,2.5189598656173224,-0.846546,0.9000000382246778,0.25
AMR1,T03,2,loaded,vg::P5__SORT1__path_1,48,27.08,4.8,9.461840121462737,2.451639862758116,-0.846546,0.9000000382246778,0.25
AMR1,T03,2,loaded,vg::P5__SORT1__path_1,49,27.18,4.9,9.52142012399321,2.384319859898911,-0.846546,0.9000000382246778,0.25
AMR1,T03,2,loaded,vg::P5__SORT1__path_1,50,27.28,5.0,9.581000127110771,2.3169998564288417,-0.846546,0.9000000382246778,0.25
AMR1,T03,2,loaded,vg::P5__SORT1__path_1,51,27.38,5.1,9.64085658898313,2.249392198055026,-0.846546,0.9000000382246778,0.25
AMR1,T03,2,loaded,vg::P5__SORT1__path_1,52,27.48,5.2,9.700713050855489,2.1817845396812103,-0.846546,0.9000000382246778,0.25
AMR1,T03,2,loaded,vg::P5__SORT1__path_1,53,27.512,5.232,9.72,2.16,-0.846546,0.9000000382246778,0.25
AMR1,T07,3,transition,vg::SORT1__P7__path_1,0,27.512,0.0,9.72,2.16,-2.089942,1.0,0.25
AMR1,T07,3,transition,vg::SORT1__P7__path_1,1,27.612,0.1,9.6704,2.0732,-2.089942,1.0,0.25
AMR1,T07,3,transition,vg::SORT1__P7__path_1,2,27.712,0.2,9.620800000000001,1.9864000000000002,-2.089942,1.0,0.25
AMR1,T07,3,transition,vg::SORT1__P7__path_1,3,27.812,0.3,9.5712,1.8996,-2.089942,1.0,0.25
AMR1,T07,3,transition,vg::SORT1__P7__path_1,4,27.912,0.4,9.5216,1.8128,-2.089942,1.0,0.25
AMR1,T07,3,transition,vg::SORT1__P7__path_1,5,28.012,0.5,9.472,1.726,-2.089942,1.0,0.25
AMR1,T07,3,transition,vg::SORT1__P7__path_1,6,28.112,0.6,9.4224,1.6392,-2.089942,1.0,0.25
AMR1,T07,3,transition,vg::SORT1__P7__path_1,7,28.212,0.7,9.3728,1.5524,-2.089942,1.0,0.25
AMR1,T07,3,transition,vg::SORT1__P7__path_1,8,28.312,0.8,9.3232,1.4656,-2.089942,1.0,0.25
AMR1,T07,3,transition,vg::SORT1__P7__path_1,9,28.412,0.9,9.2736,1.3788,-2.089942,1.0,0.25
AMR1,T07,3,transition,vg::SORT1__P7__path_1,10,28.512,1.0,9.224,1.292,-2.089942,1.0,0.25
AMR1,T07,3,transition,vg::SORT1__P7__path_1,11,28.612,1.1,9.1744,1.2052,-2.089942,1.0,0.25
AMR1,T07,3,transition,vg::SORT1__P7__path_1,12,28.712,1.2,9.1248,1.1183999999999998,-2.089942,1.0,0.25
AMR1,T07,3,transition,vg::SORT1__P7__path_1,13,28.812,1.3,9.0752,1.0316,-2.089942,1.0,0.25
AMR1,T07,3,transition,vg::SORT1__P7__path_1,14,28.912,1.4,9.0256,0.9447999999999999,-2.089942,1.0,0.25
AMR1,T07,3,transition,vg::SORT1__P7__path_1,15,29.012,1.5,8.976,0.858,-2.089942,1.0,0.25
AMR1,T07,3,transition,vg::SORT1__P7__path_1,16,29.112,1.6,8.9116,0.7964,-1.0436349999999992,1.0,0.25
AMR1,T07,3,transition,vg::SORT1__P7__path_1,17,29.212,1.7,8.8472,0.7347999999999999,0.002672000000001784,1.0,0.25
AMR1,T07,3,transition,vg::SORT1__P7__path_1,18,29.312,1.8,8.7828,0.6732,1.048979,1.0,0.25
AMR1,T07,3,transition,vg::SORT1__P7__path_1,19,29.412,1.9,8.7184,0.6115999999999999,2.095286000000001,1.0,0.25
AMR1,T07,3,transition,vg::SORT1__P7__path_1,20,29.512,2.0,8.654,0.55,3.141593,1.0,0.25
AMR1,T07,3,transition,vg::SORT1__P7__path_1,21,29.612,2.1,8.554,0.55,3.141593,1.0,0.25
AMR1,T07,3,transition,vg::SORT1__P7__path_1,22,29.712,2.2,8.454,0.55,3.141593,1.0,0.25
AMR1,T07,3,transition,vg::SORT1__P7__path_1,23,29.812,2.3,8.354,0.55,3.141593,1.0,0.25
AMR1,T07,3,transition,vg::SORT1__P7__path_1,24,29.912,2.4,8.254,0.55,3.141593,1.0,0.25
AMR1,T07,3,transition,vg::SORT1__P7__path_1,25,30.012,2.5,8.154,0.55,3.141593,1.0,0.25
AMR1,T07,3,transition,vg::SORT1__P7__path_1,26,30.112,2.6,8.054,0.55,3.141593,1.0,0.25
AMR1,T07,3,transition,vg::SORT1__P7__path_1,27,30.212,2.7,7.954,0.55,3.141593,1.0,0.25
AMR1,T07,3,transition,vg::SORT1__P7__path_1,28,30.312,2.8,7.853999999999999,0.55,3.141593,1.0,0.25
AMR1,T07,3,transition,vg::SORT1__P7__path_1,29,30.412,2.9,7.754,0.55,3.141593,1.0,0.25
AMR1,T07,3,transition,vg::SORT1__P7__path_1,30,30.512,3.0,7.654,0.55,3.141593,1.0,0.25
AMR1,T07,3,transition,vg::SORT1__P7__path_1,31,30.612,3.1,7.5872,0.5886,2.8582973999999997,1.0,0.25
AMR1,T07,3,transition,vg::SORT1__P7__path_1,32,30.712,3.2,7.5203999999999995,0.6272000000000001,2.5750017999999995,1.0,0.25
AMR1,T07,3,transition,vg::SORT1__P7__path_1,33,30.812,3.3,7.4536,0.6658000000000002,2.2917061999999992,1.0,0.25
AMR1,T07,3,transition,vg::SORT1__P7__path_1,34,30.912,3.4,7.3868,0.7044000000000001,2.0084105999999986,1.0,0.25
AMR1,T07,3,transition,vg::SORT1__P7__path_1,35,31.012,3.5,7.32,0.743,1.725115,1.0,0.25
AMR1,T07,3,transition,vg::SORT1__P7__path_1,36,31.112,3.6,7.304615384615385,0.841846153846154,1.725115,1.0,0.25
AMR1,T07,3,transition,vg::SORT1__P7__path_1,37,31.212,3.7,7.28923076923077,0.940692307692308,1.725115,1.0,0.25
AMR1,T07,3,transition,vg::SORT1__P7__path_1,38,31.272,3.76,7.28,1.0,1.725115,1.0,0.25
AMR1,T07,3,service_at_pickup,stationary::P7,0,31.272,0.0,7.25,1.05,-2.356194,0.0,0.25
AMR1,T07,3,service_at_pickup,stationary::P7,1,31.372,0.1,7.25,1.05,-2.356194,0.0,0.25
AMR1,T07,3,service_at_pickup,stationary::P7,2,31.472,0.2,7.25,1.05,-2.356194,0.0,0.25
AMR1,T07,3,service_at_pickup,stationary::P7,3,31.572,0.3,7.25,1.05,-2.356194,0.0,0.25
AMR1,T07,3,service_at_pickup,stationary::P7,4,31.672,0.4,7.25,1.05,-2.356194,0.0,0.25
AMR1,T07,3,service_at_pickup,stationary::P7,5,31.772,0.5,7.25,1.05,-2.356194,0.0,0.25
AMR1,T07,3,service_at_pickup,stationary::P7,6,31.872,0.6,7.25,1.05,-2.356194,0.0,0.25
AMR1,T07,3,service_at_pickup,stationary::P7,7,31.972,0.7,7.25,1.05,-2.356194,0.0,0.25
AMR1,T07,3,service_at_pickup,stationary::P7,8,32.072,0.8,7.25,1.05,-2.356194,0.0,0.25
AMR1,T07,3,service_at_pickup,stationary::P7,9,32.172,0.9,7.25,1.05,-2.356194,0.0,0.25
AMR1,T07,3,service_at_pickup,stationary::P7,10,32.272,1.0,7.25,1.05,-2.356194,0.0,0.25
AMR1,T07,3,service_at_pickup,stationary::P7,11,32.372,1.1,7.25,1.05,-2.356194,0.0,0.25
AMR1,T07,3,service_at_pickup,stationary::P7,12,32.472,1.2,7.25,1.05,-2.356194,0.0,0.25
AMR1,T07,3,service_at_pickup,stationary::P7,13,32.572,1.3,7.25,1.05,-2.356194,0.0,0.25
AMR1,T07,3,service_at_pickup,stationary::P7,14,32.672,1.4,7.25,1.05,-2.356194,0.0,0.25
AMR1,T07,3,service_at_pickup,stationary::P7,15,32.772,1.5,7.25,1.05,-2.356194,0.0,0.25
AMR1,T07,3,service_at_pickup,stationary::P7,16,32.872,1.6,7.25,1.05,-2.356194,0.0,0.25
AMR1,T07,3,service_at_pickup,stationary::P7,17,32.972,1.7,7.25,1.05,-2.356194,0.0,0.25
AMR1,T07,3,service_at_pickup,stationary::P7,18,33.072,1.8,7.25,1.05,-2.356194,0.0,0.25
AMR1,T07,3,service_at_pickup,stationary::P7,19,33.172,1.9,7.25,1.05,-2.356194,0.0,0.25
AMR1,T07,3,service_at_pickup,stationary::P7,20,33.272,2.0,7.25,1.05,-2.356194,0.0,0.25
AMR1,T07,3,service_at_pickup,stationary::P7,21,33.372,2.1,7.25,1.05,-2.356194,0.0,0.25
AMR1,T07,3,service_at_pickup,stationary::P7,22,33.472,2.2,7.25,1.05,-2.356194,0.0,0.25
AMR1,T07,3,service_at_pickup,stationary::P7,23,33.572,2.3,7.25,1.05,-2.356194,0.0,0.25
AMR1,T07,3,service_at_pickup,stationary::P7,24,33.672,2.4,7.25,1.05,-2.356194,0.0,0.25
AMR1,T07,3,service_at_pickup,stationary::P7,25,33.772,2.5,7.25,1.05,-2.356194,0.0,0.25
AMR1,T07,3,service_at_pickup,stationary::P7,26,33.872,2.6,7.25,1.05,-2.356194,0.0,0.25
AMR1,T07,3,service_at_pickup,stationary::P7,27,33.972,2.7,7.25,1.05,-2.356194,0.0,0.25
AMR1,T07,3,service_at_pickup,stationary::P7,28,34.072,2.8,7.25,1.05,-2.356194,0.0,0.25
AMR1,T07,3,service_at_pickup,stationary::P7,29,34.172,2.9,7.25,1.05,-2.356194,0.0,0.25
AMR1,T07,3,service_at_pickup,stationary::P7,30,34.272,3.0,7.25,1.05,-2.356194,0.0,0.25
AMR1,T07,3,loaded,vg::P7__OUT1__path_1,0,34.272,0.0,7.28,1.0,-1.416478,0.9000000166082304,0.25
AMR1,T07,3,loaded,vg::P7__OUT1__path_1,1,34.372,0.1,7.3007000003819895,0.9189999985052593,-1.1615119552949613,0.9000000166082304,0.25
AMR1,T07,3,loaded,vg::P7__OUT1__path_1,2,34.472,0.2,7.321400000763979,0.8379999970105185,-0.9065459105899227,0.9000000166082304,0.25
AMR1,T07,3,loaded,vg::P7__OUT1__path_1,3,34.572,0.3,7.342100001145968,0.7569999955157778,-0.651579865884884,0.9000000166082304,0.25
AMR1,T07,3,loaded,vg::P7__OUT1__path_1,4,34.672,0.4,7.362800001527957,0.675999994021037,-0.39661382117984556,0.9000000166082304,0.25
AMR1,T07,3,loaded,vg::P7__OUT1__path_1,5,34.772,0.5,7.383500001909946,0.5949999925262963,-0.14164777647480697,0.9000000166082304,0.25
AMR1,T07,3,loaded,vg::P7__OUT1__path_1,6,34.872,0.6,7.435000009964938,0.55,0.0,0.9000000166082304,0.25
AMR1,T07,3,loaded,vg::P7__OUT1__path_1,7,34.972,0.7,7.525000011625761,0.55,0.0,0.9000000166082304,0.25
AMR1,T07,3,loaded,vg::P7__OUT1__path_1,8,35.072,0.8,7.615000013286584,0.55,0.0,0.9000000166082304,0.25
AMR1,T07,3,loaded,vg::P7__OUT1__path_1,9,35.172,0.9,7.705000014947407,0.55,0.0,0.9000000166082304,0.25
AMR1,T07,3,loaded,vg::P7__OUT1__path_1,10,35.272,1.0,7.79500001660823,0.55,0.0,0.9000000166082304,0.25
AMR1,T07,3,loaded,vg::P7__OUT1__path_1,11,35.372,1.1,7.885000018269053,0.55,0.0,0.9000000166082304,0.25
AMR1,T07,3,loaded,vg::P7__OUT1__path_1,12,35.472,1.2,7.975000019929876,0.55,0.0,0.9000000166082304,0.25
AMR1,T07,3,loaded,vg::P7__OUT1__path_1,13,35.572,1.3,8.065000021590699,0.55,0.0,0.9000000166082304,0.25
AMR1,T07,3,loaded,vg::P7__OUT1__path_1,14,35.672,1.4,8.155000023251523,0.55,0.0,0.9000000166082304,0.25
AMR1,T07,3,loaded,vg::P7__OUT1__path_1,15,35.772,1.5,8.245000024912345,0.55,0.0,0.9000000166082304,0.25
AMR1,T07,3,loaded,vg::P7__OUT1__path_1,16,35.872,1.6,8.335000026573168,0.55,0.0,0.9000000166082304,0.25
AMR1,T07,3,loaded,vg::P7__OUT1__path_1,17,35.972,1.7,8.424460027725779,0.5523400022022514,0.025527024024303683,0.9000000166082304,0.25
AMR1,T07,3,loaded,vg::P7__OUT1__path_1,18,36.072,1.8,8.512840029356708,0.5593600023317956,0.1021080254374979,0.9000000166082304,0.25
AMR1,T07,3,loaded,vg::P7__OUT1__path_1,19,36.172,1.9,8.601220030987635,0.5663800024613398,0.1786890268506923,0.9000000166082304,0.25
AMR1,T07,3,loaded,vg::P7__OUT1__path_1,20,36.272,2.0,8.689600032618564,0.573400002590884,0.2552700282638865,0.9000000166082304,0.25
AMR1,T07,3,loaded,vg::P7__OUT1__path_1,21,36.372,2.1,8.777980034249492,0.5804200027204282,0.3318510296770809,0.9000000166082304,0.25
AMR1,T07,3,loaded,vg::P7__OUT1__path_1,22,36.472,2.2,8.86636003588042,0.5874400028499723,0.4084320310902753,0.9000000166082304,0.25
AMR1,T07,3,loaded,vg::P7__OUT1__path_1,23,36.572,2.3,8.949840034837424,0.6178400157379592,0.42545,0.9000000166082304,0.25
AMR1,T07,3,loaded,vg::P7__OUT1__path_1,24,36.672,2.4,9.031920036352094,0.6549200164222184,0.42545,0.9000000166082304,0.25
AMR1,T07,3,loaded,vg::P7__OUT1__path_1,25,36.772,2.5,9.114000037866765,0.6920000171064774,0.42545,0.9000000166082304,0.25
AMR1,T07,3,loaded,vg::P7__OUT1__path_1,26,36.872,2.6,9.196080039381437,0.7290800177907365,0.42545,0.9000000166082304,0.25
AMR1,T07,3,loaded,vg::P7__OUT1__path_1,27,36.972,2.7,9.278160040896108,0.7661600184749957,0.42545,0.9000000166082304,0.25
AMR1,T07,3,loaded,vg::P7__OUT1__path_1,28,37.072,2.8,9.360200042317771,0.8032800192522609,0.42545,0.9000000166082304,0.25
AMR1,T07,3,loaded,vg::P7__OUT1__path_1,29,37.172,2.9,9.442100043829122,0.8405400199398416,0.42545,0.9000000166082304,0.25
AMR1,T07,3,loaded,vg::P7__OUT1__path_1,30,37.272,3.0,9.52400004534047,0.8778000206274222,0.42545,0.9000000166082304,0.25
AMR1,T07,3,loaded,vg::P7__OUT1__path_1,31,37.372,3.1,9.605900046851819,0.915060021315003,0.42545,0.9000000166082304,0.25
AMR1,T07,3,loaded,vg::P7__OUT1__path_1,32,37.472,3.2,9.687800048363167,0.9523200220025838,0.42545,0.9000000166082304,0.25
AMR1,T07,3,loaded,vg::P7__OUT1__path_1,33,37.572,3.3,9.769700049874517,0.9895800226901645,0.42545,0.9000000166082304,0.25
AMR1,T07,3,loaded,vg::P7__OUT1__path_1,34,37.672,3.4,9.851600051385866,1.0267200232648093,0.42545,0.9000000166082304,0.25
AMR1,T07,3,loaded,vg::P7__OUT1__path_1,35,37.772,3.5,9.933500052897214,1.0638000239490681,0.42545,0.9000000166082304,0.25
AMR1,T07,3,loaded,vg::P7__OUT1__path_1,36,37.872,3.6,10.015400054408563,1.1008800246333272,0.42545,0.9000000166082304,0.25
AMR1,T07,3,loaded,vg::P7__OUT1__path_1,37,37.972,3.7,10.097300055919913,1.1379600253175863,0.42545,0.9000000166082304,0.25
AMR1,T07,3,loaded,vg::P7__OUT1__path_1,38,38.072,3.8,10.179200057431261,1.1750400260018456,0.42545,0.9000000166082304,0.25
AMR1,T07,3,loaded,vg::P7__OUT1__path_1,39,38.172,3.9,10.261120059072155,1.2121400268156488,0.42545,0.9000000166082304,0.25
AMR1,T07,3,loaded,vg::P7__OUT1__path_1,40,38.272,4.0,10.343200060586826,1.2494000275032295,0.42545,0.9000000166082304,0.25
AMR1,T07,3,loaded,vg::P7__OUT1__path_1,41,38.372,4.1,10.425280062101496,1.2866600281908105,0.42545,0.9000000166082304,0.25
AMR1,T07,3,loaded,vg::P7__OUT1__path_1,42,38.472,4.2,10.507360063616167,1.323920028878391,0.42545,0.9000000166082304,0.25
AMR1,T07,3,loaded,vg::P7__OUT1__path_1,43,38.572,4.3,10.589440065130837,1.3611800295659717,0.42545,0.9000000166082304,0.25
AMR1,T07,3,loaded,vg::P7__OUT1__path_1,44,38.672,4.4,10.671520066645508,1.3984400302535527,0.42545,0.9000000166082304,0.25
AMR1,T07,3,loaded,vg::P7__OUT1__path_1,45,38.772,4.5,10.753500068010704,1.4356000307916592,0.42545,0.9000000166082304,0.25
AMR1,T07,3,loaded,vg::P7__OUT1__path_1,46,38.872,4.6,10.835400069522054,1.4726800314759185,0.42545,0.9000000166082304,0.25
AMR1,T07,3,loaded,vg::P7__OUT1__path_1,47,38.972,4.7,10.917300071033402,1.5097600321601774,0.42545,0.9000000166082304,0.25
AMR1,T07,3,loaded,vg::P7__OUT1__path_1,48,39.072,4.8,10.99920007254475,1.5468400328444367,0.42545,0.9000000166082304,0.25
AMR1,T07,3,loaded,vg::P7__OUT1__path_1,49,39.172,4.9,11.081100074056101,1.5839200335286958,0.42545,0.9000000166082304,0.25
AMR1,T07,3,loaded,vg::P7__OUT1__path_1,50,39.272,5.0,11.163000075733532,1.6210000342129547,0.42545,0.9000000166082304,0.25
AMR1,T07,3,loaded,vg::P7__OUT1__path_1,51,39.372,5.1,11.245080077248202,1.658080034897214,0.42545,0.9000000166082304,0.25
AMR1,T07,3,loaded,vg::P7__OUT1__path_1,52,39.472,5.2,11.327160078762873,1.695160035581473,0.42545,0.9000000166082304,0.25
AMR1,T07,3,loaded,vg::P7__OUT1__path_1,53,39.572,5.3,11.409240080277543,1.7322400362657322,0.42545,0.9000000166082304,0.25
AMR1,T07,3,loaded,vg::P7__OUT1__path_1,54,39.672,5.4,11.491320081792214,1.7693200369499913,0.42545,0.9000000166082304,0.25
AMR1,T07,3,loaded,vg::P7__OUT1__path_1,55,39.772,5.5,11.573400083306884,1.8064000376342502,0.42545,0.9000000166082304,0.25
AMR1,T07,3,loaded,vg::P7__OUT1__path_1,56,39.872,5.6,11.655372399606971,1.8435155515275745,0.42545,0.9000000166082304,0.25
AMR1,T07,3,loaded,vg::P7__OUT1__path_1,57,39.972,5.7,11.737210109947718,1.8806754567479143,0.42545,0.9000000166082304,0.25
AMR1,T07,3,loaded,vg::P7__OUT1__path_1,58,40.072,5.8,11.819047820288468,1.9178353619682542,0.42545,0.9000000166082304,0.25
AMR1,T07,3,loaded,vg::P7__OUT1__path_1,59,40.172,5.9,11.900885530629216,1.954995267188594,0.42545,0.9000000166082304,0.25
AMR1,T07,3,loaded,vg::P7__OUT1__path_1,60,40.272,6.0,11.982723240969964,1.9921551724089337,0.42545,0.9000000166082304,0.25
AMR1,T07,3,loaded,vg::P7__OUT1__path_1,61,40.293,6.021,12.0,1.9999999999999996,0.42545,0.9000000166082304,0.25
AMR2,T02,1,transition,vg::IN2__P3__path_1,0,0.0,0.0,0.0,5.0,0.069719,1.0,0.25
AMR2,T02,1,transition,vg::IN2__P3__path_1,1,0.1,0.1,0.0998,5.007,0.069719,1.0,0.25
AMR2,T02,1,transition,vg::IN2__P3__path_1,2,0.2,0.2,0.1996,5.014,0.069719,1.0,0.25
AMR2,T02,1,transition,vg::IN2__P3__path_1,3,0.3,0.3,0.29940000000000005,5.021,0.069719,1.0,0.25
AMR2,T02,1,transition,vg::IN2__P3__path_1,4,0.4,0.4,0.3992,5.0280000000000005,0.069719,1.0,0.25
AMR2,T02,1,transition,vg::IN2__P3__path_1,5,0.5,0.5,0.499,5.035,0.069719,1.0,0.25
AMR2,T02,1,transition,vg::IN2__P3__path_1,6,0.6,0.6,0.5988000000000001,5.042,0.069719,1.0,0.25
AMR2,T02,1,transition,vg::IN2__P3__path_1,7,0.7,0.7,0.6986000000000001,5.049,0.069719,1.0,0.25
AMR2,T02,1,transition,vg::IN2__P3__path_1,8,0.8,0.8,0.7984,5.056,0.069719,1.0,0.25
AMR2,T02,1,transition,vg::IN2__P3__path_1,9,0.9,0.9,0.8982,5.063000000000001,0.069719,1.0,0.25
AMR2,T02,1,transition,vg::IN2__P3__path_1,10,1.0,1.0,0.998,5.07,0.069719,1.0,0.25
AMR2,T02,1,transition,vg::IN2__P3__path_1,11,1.1,1.1,1.0976000000000001,5.0768,0.069719,1.0,0.25
AMR2,T02,1,transition,vg::IN2__P3__path_1,12,1.2,1.2,1.1972000000000003,5.083600000000001,0.069719,1.0,0.25
AMR2,T02,1,transition,vg::IN2__P3__path_1,13,1.3,1.3,1.2968000000000002,5.0904,0.069719,1.0,0.25
AMR2,T02,1,transition,vg::IN2__P3__path_1,14,1.4,1.4,1.3964,5.0972,0.069719,1.0,0.25
AMR2,T02,1,transition,vg::IN2__P3__path_1,15,1.5,1.5,1.496,5.104,0.069719,1.0,0.25
AMR2,T02,1,transition,vg::IN2__P3__path_1,16,1.6,1.6,1.5958,5.111,0.069719,1.0,0.25
AMR2,T02,1,transition,vg::IN2__P3__path_1,17,1.7,1.7,1.6956000000000002,5.118,0.069719,1.0,0.25
AMR2,T02,1,transition,vg::IN2__P3__path_1,18,1.8,1.8,1.7954,5.125,0.069719,1.0,0.25
AMR2,T02,1,transition,vg::IN2__P3__path_1,19,1.9,1.9,1.8952000000000002,5.132000000000001,0.069719,1.0,0.25
AMR2,T02,1,transition,vg::IN2__P3__path_1,20,2.0,2.0,1.995,5.139,0.069719,1.0,0.25
AMR2,T02,1,transition,vg::IN2__P3__path_1,21,2.1,2.1,2.0948,5.146,0.069719,1.0,0.25
AMR2,T02,1,transition,vg::IN2__P3__path_1,22,2.2,2.2,2.1946000000000003,5.1530000000000005,0.069719,1.0,0.25
AMR2,T02,1,transition,vg::IN2__P3__path_1,23,2.3,2.3,2.2944000000000004,5.16,0.069719,1.0,0.25
AMR2,T02,1,transition,vg::IN2__P3__path_1,24,2.4,2.4,2.3942000000000005,5.167000000000001,0.069719,1.0,0.25
AMR2,T02,1,transition,vg::IN2__P3__path_1,25,2.5,2.5,2.494,5.174,0.069719,1.0,0.25
AMR2,T02,1,transition,vg::IN2__P3__path_1,26,2.6,2.6,2.5938000000000003,5.181,0.069719,1.0,0.25
AMR2,T02,1,transition,vg::IN2__P3__path_1,27,2.7,2.7,2.6936000000000004,5.188,0.069719,1.0,0.25
AMR2,T02,1,transition,vg::IN2__P3__path_1,28,2.8,2.8,2.7934,5.195,0.069719,1.0,0.25
AMR2,T02,1,transition,vg::IN2__P3__path_1,29,2.9,2.9,2.8932,5.202,0.069719,1.0,0.25
AMR2,T02,1,transition,vg::IN2__P3__path_1,30,3.0,3.0,2.993,5.209,0.069719,1.0,0.25
AMR2,T02,1,transition,vg::IN2__P3__path_1,31,3.1,3.1,3.0926,5.215999999999999,0.069719,1.0,0.25
AMR2,T02,1,transition,vg::IN2__P3__path_1,32,3.2,3.2,3.1922,5.223,0.069719,1.0,0.25
AMR2,T02,1,transition,vg::IN2__P3__path_1,33,3.3,3.3,3.2918000000000003,5.2299999999999995,0.069719,1.0,0.25
AMR2,T02,1,transition,vg::IN2__P3__path_1,34,3.4,3.4,3.3914000000000004,5.237,0.069719,1.0,0.25
AMR2,T02,1,transition,vg::IN2__P3__path_1,35,3.5,3.5,3.491,5.244,0.069719,1.0,0.25
AMR2,T02,1,transition,vg::IN2__P3__path_1,36,3.589,3.589,3.58,5.25,0.069719,1.0,0.25
AMR2,T02,1,service_at_pickup,stationary::P3,0,3.589,0.0,3.55,5.25,-2.356194,0.0,0.25
AMR2,T02,1,service_at_pickup,stationary::P3,1,3.689,0.1,3.55,5.25,-2.356194,0.0,0.25
AMR2,T02,1,service_at_pickup,stationary::P3,2,3.789,0.2,3.55,5.25,-2.356194,0.0,0.25
AMR2,T02,1,service_at_pickup,stationary::P3,3,3.889,0.3,3.55,5.25,-2.356194,0.0,0.25
AMR2,T02,1,service_at_pickup,stationary::P3,4,3.989,0.4,3.55,5.25,-2.356194,0.0,0.25
AMR2,T02,1,service_at_pickup,stationary::P3,5,4.089,0.5,3.55,5.25,-2.356194,0.0,0.25
AMR2,T02,1,service_at_pickup,stationary::P3,6,4.189,0.6,3.55,5.25,-2.356194,0.0,0.25
AMR2,T02,1,service_at_pickup,stationary::P3,7,4.289,0.7,3.55,5.25,-2.356194,0.0,0.25
AMR2,T02,1,service_at_pickup,stationary::P3,8,4.389,0.8,3.55,5.25,-2.356194,0.0,0.25
AMR2,T02,1,service_at_pickup,stationary::P3,9,4.489,0.9,3.55,5.25,-2.356194,0.0,0.25
AMR2,T02,1,service_at_pickup,stationary::P3,10,4.589,1.0,3.55,5.25,-2.356194,0.0,0.25
AMR2,T02,1,service_at_pickup,stationary::P3,11,4.689,1.1,3.55,5.25,-2.356194,0.0,0.25
AMR2,T02,1,service_at_pickup,stationary::P3,12,4.789,1.2,3.55,5.25,-2.356194,0.0,0.25
AMR2,T02,1,service_at_pickup,stationary::P3,13,4.889,1.3,3.55,5.25,-2.356194,0.0,0.25
AMR2,T02,1,service_at_pickup,stationary::P3,14,4.989,1.4,3.55,5.25,-2.356194,0.0,0.25
AMR2,T02,1,service_at_pickup,stationary::P3,15,5.089,1.5,3.55,5.25,-2.356194,0.0,0.25
AMR2,T02,1,service_at_pickup,stationary::P3,16,5.189,1.6,3.55,5.25,-2.356194,0.0,0.25
AMR2,T02,1,service_at_pickup,stationary::P3,17,5.289,1.7,3.55,5.25,-2.356194,0.0,0.25
AMR2,T02,1,service_at_pickup,stationary::P3,18,5.389,1.8,3.55,5.25,-2.356194,0.0,0.25
AMR2,T02,1,service_at_pickup,stationary::P3,19,5.489,1.9,3.55,5.25,-2.356194,0.0,0.25
AMR2,T02,1,service_at_pickup,stationary::P3,20,5.589,2.0,3.55,5.25,-2.356194,0.0,0.25
AMR2,T02,1,loaded,vg::P3__SORT2__path_1,0,5.589,0.0,3.58,5.25,-1.50091,0.9000000349922253,0.25
AMR2,T02,1,loaded,vg::P3__SORT2__path_1,1,5.689,0.1,3.586300000244946,5.160179996507776,-1.50091,0.9000000349922253,0.25
AMR2,T02,1,loaded,vg::P3__SORT2__path_1,2,5.789,0.2,3.5926000004898913,5.070359993015552,-1.50091,0.9000000349922253,0.25
AMR2,T02,1,loaded,vg::P3__SORT2__path_1,3,5.889,0.3,3.598900000734837,4.9805399895233275,-1.50091,0.9000000349922253,0.25
AMR2,T02,1,loaded,vg::P3__SORT2__path_1,4,5.989,0.4,3.6052000009797824,4.890719986031104,-1.50091,0.9000000349922253,0.25
AMR2,T02,1,loaded,vg::P3__SORT2__path_1,5,6.089,0.5,3.6115000012247283,4.80089998253888,-1.50091,0.9000000349922253,0.25
AMR2,T02,1,loaded,vg::P3__SORT2__path_1,6,6.189,0.6,3.6178000014696736,4.711079979046656,-1.50091,0.9000000349922253,0.25
AMR2,T02,1,loaded,vg::P3__SORT2__path_1,7,6.289,0.7,3.624100001714619,4.621259975554431,-1.50091,0.9000000349922253,0.25
AMR2,T02,1,loaded,vg::P3__SORT2__path_1,8,6.389,0.8,3.630400001959565,4.531439972062207,-1.50091,0.9000000349922253,0.25
AMR2,T02,1,loaded,vg::P3__SORT2__path_1,9,6.489,0.9,3.63670000220451,4.4416199685699835,-1.50091,0.9000000349922253,0.25
AMR2,T02,1,loaded,vg::P3__SORT2__path_1,10,6.589,1.0,3.6430000024494555,4.351799965077759,-1.50091,0.9000000349922253,0.25
AMR2,T02,1,loaded,vg::P3__SORT2__path_1,11,6.689,1.1,3.6493000026944014,4.261979961585535,-1.50091,0.9000000349922253,0.25
AMR2,T02,1,loaded,vg::P3__SORT2__path_1,12,6.789,1.2,3.729520041738726,4.24847999815241,-1.2671609173090557,0.9000000349922253,0.25
AMR2,T02,1,loaded,vg::P3__SORT2__path_1,13,6.889,1.3,3.8189800452169536,4.244519997998445,-1.0041933270848107,0.9000000349922253,0.25
AMR2,T02,1,loaded,vg::P3__SORT2__path_1,14,6.989,1.4,3.908440048695181,4.240559997844479,-0.7412257368605653,0.9000000349922253,0.25
AMR2,T02,1,loaded,vg::P3__SORT2__path_1,15,7.089,1.5,3.997900052173408,4.236599997690513,-0.47825814663632027,0.9000000349922253,0.25
AMR2,T02,1,loaded,vg::P3__SORT2__path_1,16,7.189,1.6,4.087360055651636,4.232639997536547,-0.21529055641207484,0.9000000349922253,0.25
AMR2,T02,1,loaded,vg::P3__SORT2__path_1,17,7.289,1.7,4.177000059486783,4.228799997620529,-0.039979,0.9000000349922253,0.25
AMR2,T02,1,loaded,vg::P3__SORT2__path_1,18,7.389,1.8,4.267000062986006,4.22519999748056,-0.039979,0.9000000349922253,0.25
AMR2,T02,1,loaded,vg::P3__SORT2__path_1,19,7.489,1.9,4.357000066485228,4.221599997340591,-0.039979,0.9000000349922253,0.25
AMR2,T02,1,loaded,vg::P3__SORT2__path_1,20,7.589,2.0,4.447000069984451,4.217999997200622,-0.039979,0.9000000349922253,0.25
AMR2,T02,1,loaded,vg::P3__SORT2__path_1,21,7.689,2.1,4.537000073483673,4.214399997060653,-0.039979,0.9000000349922253,0.25
AMR2,T02,1,loaded,vg::P3__SORT2__path_1,22,7.789,2.2,4.627000076982896,4.210799996920684,-0.039979,0.9000000349922253,0.25
AMR2,T02,1,loaded,vg::P3__SORT2__path_1,23,7.889,2.3,4.716860080321155,4.207199996780715,-0.039979,0.9000000349922253,0.25
AMR2,T02,1,loaded,vg::P3__SORT2__path_1,24,7.989,2.4,4.8066800838133785,4.2035999966407465,-0.039979,0.9000000349922253,0.25
AMR2,T02,1,loaded,vg::P3__SORT2__path_1,25,8.089,2.5,4.896500087305602,4.199999996500778,-0.039979,0.9000000349922253,0.25
AMR2,T02,1,loaded,vg::P3__SORT2__path_1,26,8.189,2.6,4.986320090797826,4.1963999963608085,-0.039979,0.9000000349922253,0.25
AMR2,T02,1,loaded,vg::P3__SORT2__path_1,27,8.289,2.7,5.07614009429005,4.19279999622084,-0.039979,0.9000000349922253,0.25
AMR2,T02,1,loaded,vg::P3__SORT2__path_1,28,8.389,2.8,5.166000097978231,4.1891999960808715,-0.039979,0.9000000349922253,0.25
AMR2,T02,1,loaded,vg::P3__SORT2__path_1,29,8.489,2.9,5.256000101477453,4.185599995940902,-0.039979,0.9000000349922253,0.25
AMR2,T02,1,loaded,vg::P3__SORT2__path_1,30,8.589,3.0,5.346000104976675,4.1819999958009335,-0.039979,0.9000000349922253,0.25
AMR2,T02,1,loaded,vg::P3__SORT2__path_1,31,8.689,3.1,5.436000108475898,4.178399995660964,-0.039979,0.9000000349922253,0.25
AMR2,T02,1,mid_path_wait_loaded,midwait::vg::P3__SORT2__path_1,32,8.703,3.114,5.448600108965788,4.177895995641369,-0.039979,0.0,0.25
AMR2,T02,1,mid_path_wait_loaded,midwait::vg::P3__SORT2__path_1,33,8.803,3.214,5.448600108965788,4.177895995641369,-0.039979,0.0,0.25
AMR2,T02,1,mid_path_wait_loaded,midwait::vg::P3__SORT2__path_1,34,8.903,3.314,5.448600108965788,4.177895995641369,-0.039979,0.0,0.25
AMR2,T02,1,mid_path_wait_loaded,midwait::vg::P3__SORT2__path_1,35,9.003,3.414,5.448600108965788,4.177895995641369,-0.039979,0.0,0.25
AMR2,T02,1,mid_path_wait_loaded,midwait::vg::P3__SORT2__path_1,36,9.103,3.514,5.448600108965788,4.177895995641369,-0.039979,0.0,0.25
AMR2,T02,1,mid_path_wait_loaded,midwait::vg::P3__SORT2__path_1,37,9.203,3.614,5.448600108965788,4.177895995641369,-0.039979,0.0,0.25
AMR2,T02,1,mid_path_wait_loaded,midwait::vg::P3__SORT2__path_1,38,9.303,3.714,5.448600108965788,4.177895995641369,-0.039979,0.0,0.25
AMR2,T02,1,mid_path_wait_loaded,midwait::vg::P3__SORT2__path_1,39,9.403,3.814,5.448600108965788,4.177895995641369,-0.039979,0.0,0.25
AMR2,T02,1,mid_path_wait_loaded,midwait::vg::P3__SORT2__path_1,40,9.503,3.914,5.448600108965788,4.177895995641369,-0.039979,0.0,0.25
AMR2,T02,1,mid_path_wait_loaded,midwait::vg::P3__SORT2__path_1,41,9.603,4.014,5.448600108965788,4.177895995641369,-0.039979,0.0,0.25
AMR2,T02,1,mid_path_wait_loaded,midwait::vg::P3__SORT2__path_1,42,9.703,4.114,5.448600108965788,4.177895995641369,-0.039979,0.0,0.25
AMR2,T02,1,mid_path_wait_loaded,midwait::vg::P3__SORT2__path_1,43,9.803,4.214,5.448600108965788,4.177895995641369,-0.039979,0.0,0.25
AMR2,T02,1,mid_path_wait_loaded,midwait::vg::P3__SORT2__path_1,44,9.903,4.314,5.448600108965788,4.177895995641369,-0.039979,0.0,0.25
AMR2,T02,1,mid_path_wait_loaded,midwait::vg::P3__SORT2__path_1,45,10.003,4.414,5.448600108965788,4.177895995641369,-0.039979,0.0,0.25
AMR2,T02,1,mid_path_wait_loaded,midwait::vg::P3__SORT2__path_1,46,10.103,4.514,5.448600108965788,4.177895995641369,-0.039979,0.0,0.25
AMR2,T02,1,mid_path_wait_loaded,midwait::vg::P3__SORT2__path_1,47,10.203,4.614,5.448600108965788,4.177895995641369,-0.039979,0.0,0.25
AMR2,T02,1,mid_path_wait_loaded,midwait::vg::P3__SORT2__path_1,48,10.303,4.714,5.448600108965788,4.177895995641369,-0.039979,0.0,0.25
AMR2,T02,1,mid_path_wait_loaded,midwait::vg::P3__SORT2__path_1,49,10.403,4.814,5.448600108965788,4.177895995641369,-0.039979,0.0,0.25
AMR2,T02,1,mid_path_wait_loaded,midwait::vg::P3__SORT2__path_1,50,10.503,4.914,5.448600108965788,4.177895995641369,-0.039979,0.0,0.25
AMR2,T02,1,mid_path_wait_loaded,midwait::vg::P3__SORT2__path_1,51,10.603,5.014,5.448600108965788,4.177895995641369,-0.039979,0.0,0.25
AMR2,T02,1,mid_path_wait_loaded,midwait::vg::P3__SORT2__path_1,52,10.703,5.114,5.448600108965788,4.177895995641369,-0.039979,0.0,0.25
AMR2,T02,1,mid_path_wait_loaded,midwait::vg::P3__SORT2__path_1,53,10.803,5.214,5.448600108965788,4.177895995641369,-0.039979,0.0,0.25
AMR2,T02,1,mid_path_wait_loaded,midwait::vg::P3__SORT2__path_1,54,10.903,5.314,5.448600108965788,4.177895995641369,-0.039979,0.0,0.25
AMR2,T02,1,mid_path_wait_loaded,midwait::vg::P3__SORT2__path_1,55,11.003,5.414,5.448600108965788,4.177895995641369,-0.039979,0.0,0.25
AMR2,T02,1,mid_path_wait_loaded,midwait::vg::P3__SORT2__path_1,56,11.103,5.514,5.448600108965788,4.177895995641369,-0.039979,0.0,0.25
AMR2,T02,1,mid_path_wait_loaded,midwait::vg::P3__SORT2__path_1,57,11.203,5.614,5.448600108965788,4.177895995641369,-0.039979,0.0,0.25
AMR2,T02,1,mid_path_wait_loaded,midwait::vg::P3__SORT2__path_1,58,11.303,5.714,5.448600108965788,4.177895995641369,-0.039979,0.0,0.25
AMR2,T02,1,mid_path_wait_loaded,midwait::vg::P3__SORT2__path_1,59,11.403,5.814,5.448600108965788,4.177895995641369,-0.039979,0.0,0.25
AMR2,T02,1,mid_path_wait_loaded,midwait::vg::P3__SORT2__path_1,60,11.503,5.914,5.448600108965788,4.177895995641369,-0.039979,0.0,0.25
AMR2,T02,1,mid_path_wait_loaded,midwait::vg::P3__SORT2__path_1,61,11.603,6.014,5.448600108965788,4.177895995641369,-0.039979,0.0,0.25
AMR2,T02,1,mid_path_wait_loaded,midwait::vg::P3__SORT2__path_1,62,11.703,6.114,5.448600108965788,4.177895995641369,-0.039979,0.0,0.25
AMR2,T02,1,mid_path_wait_loaded,midwait::vg::P3__SORT2__path_1,63,11.803,6.214,5.448600108965788,4.177895995641369,-0.039979,0.0,0.25
AMR2,T02,1,mid_path_wait_loaded,midwait::vg::P3__SORT2__path_1,64,11.903,6.314,5.448600108965788,4.177895995641369,-0.039979,0.0,0.25
AMR2,T02,1,mid_path_wait_loaded,midwait::vg::P3__SORT2__path_1,65,12.003,6.414,5.448600108965788,4.177895995641369,-0.039979,0.0,0.25
AMR2,T02,1,mid_path_wait_loaded,midwait::vg::P3__SORT2__path_1,66,12.103,6.514,5.448600108965788,4.177895995641369,-0.039979,0.0,0.25
AMR2,T02,1,mid_path_wait_loaded,midwait::vg::P3__SORT2__path_1,67,12.203,6.614,5.448600108965788,4.177895995641369,-0.039979,0.0,0.25
AMR2,T02,1,mid_path_wait_loaded,midwait::vg::P3__SORT2__path_1,68,12.303,6.714,5.448600108965788,4.177895995641369,-0.039979,0.0,0.25
AMR2,T02,1,mid_path_wait_loaded,midwait::vg::P3__SORT2__path_1,69,12.403,6.814,5.448600108965788,4.177895995641369,-0.039979,0.0,0.25
AMR2,T02,1,mid_path_wait_loaded,midwait::vg::P3__SORT2__path_1,70,12.503,6.914,5.448600108965788,4.177895995641369,-0.039979,0.0,0.25
AMR2,T02,1,mid_path_wait_loaded,midwait::vg::P3__SORT2__path_1,71,12.603,7.014,5.448600108965788,4.177895995641369,-0.039979,0.0,0.25
AMR2,T02,1,mid_path_wait_loaded,midwait::vg::P3__SORT2__path_1,72,12.703,7.114,5.448600108965788,4.177895995641369,-0.039979,0.0,0.25
AMR2,T02,1,loaded,vg::P3__SORT2__path_1,73,12.803,7.214,5.538600112465011,4.174295995501399,-0.039979,0.9000000349922253,0.25
AMR2,T02,1,loaded,vg::P3__SORT2__path_1,74,12.903,7.314,5.628600115964233,4.170695995361431,-0.039979,0.9000000349922253,0.25
AMR2,T02,1,loaded,vg::P3__SORT2__path_1,75,13.003,7.414,5.718600119463456,4.1670959952214615,-0.039979,0.9000000349922253,0.25
AMR2,T02,1,loaded,vg::P3__SORT2__path_1,76,13.103,7.514,5.8086001229626785,4.163495995081493,-0.039979,0.9000000349922253,0.25
AMR2,T02,1,loaded,vg::P3__SORT2__path_1,77,13.203,7.614,5.8986001264619015,4.159895994941524,-0.039979,0.9000000349922253,0.25
AMR2,T02,1,loaded,vg::P3__SORT2__path_1,78,13.303,7.714,5.988600129961124,4.156295994801555,-0.039979,0.9000000349922253,0.25
AMR2,T02,1,loaded,vg::P3__SORT2__path_1,79,13.403,7.814,6.0786001334603466,4.1526959946615865,-0.039979,0.9000000349922253,0.25
AMR2,T02,1,loaded,vg::P3__SORT2__path_1,80,13.503,7.914,6.16855493668565,4.1494575967129705,-0.03924539955429238,0.9000000349922253,0.25
AMR2,T02,1,loaded,vg::P3__SORT2__path_1,81,13.603,8.014,6.258374940177874,4.147297596628989,-0.036323999440707626,0.9000000349922253,0.25
AMR2,T02,1,loaded,vg::P3__SORT2__path_1,82,13.703,8.114,6.348194943670098,4.145137596545008,-0.03340259932712285,0.9000000349922253,0.25
AMR2,T02,1,loaded,vg::P3__SORT2__path_1,83,13.803,8.214,6.438014947162323,4.1429775964610265,-0.03048119921353807,0.9000000349922253,0.25
AMR2,T02,1,loaded,vg::P3__SORT2__path_1,84,13.903,8.314,6.5278349506545466,4.140817596377045,-0.027559799099953316,0.9000000349922253,0.25
AMR2,T02,1,loaded,vg::P3__SORT2__path_1,85,14.003,8.414,6.61765495414677,4.138657596293063,-0.024638398986368562,0.9000000349922253,0.25
AMR2,T02,1,loaded,vg::P3__SORT2__path_1,86,14.103,8.514,6.7076001579549045,4.136497596209082,-0.023749,0.9000000349922253,0.25
AMR2,T02,1,loaded,vg::P3__SORT2__path_1,87,14.203,8.614,6.7976001614541275,4.134337596125101,-0.023749,0.9000000349922253,0.25
AMR2,T02,1,loaded,vg::P3__SORT2__path_1,88,14.303,8.714,6.88760016495335,4.13217759604112,-0.023749,0.9000000349922253,0.25
AMR2,T02,1,loaded,vg::P3__SORT2__path_1,89,14.403,8.814,6.977600168452572,4.130017595957138,-0.023749,0.9000000349922253,0.25
AMR2,T02,1,loaded,vg::P3__SORT2__path_1,90,14.503,8.914,7.067600171951795,4.127857595873158,-0.023749,0.9000000349922253,0.25
AMR2,T02,1,loaded,vg::P3__SORT2__path_1,91,14.603,9.014,7.157600175451018,4.125697595789176,-0.023749,0.9000000349922253,0.25
AMR2,T02,1,loaded,vg::P3__SORT2__path_1,92,14.703,9.114,7.24760017895024,4.123537595705194,-0.023749,0.9000000349922253,0.25
AMR2,T02,1,loaded,vg::P3__SORT2__path_1,93,14.803,9.214,7.337600182449462,4.121377595621213,-0.023749,0.9000000349922253,0.25
AMR2,T02,1,loaded,vg::P3__SORT2__path_1,94,14.903,9.314,7.427600185948686,4.119217595537232,-0.023749,0.9000000349922253,0.25
AMR2,T02,1,loaded,vg::P3__SORT2__path_1,95,15.003,9.414,7.517600189447909,4.11705759545325,-0.023749,0.9000000349922253,0.25
AMR2,T02,1,loaded,vg::P3__SORT2__path_1,96,15.103,9.514,7.607600192947131,4.114897595369269,-0.023749,0.9000000349922253,0.25
AMR2,T02,1,loaded,vg::P3__SORT2__path_1,97,15.203,9.614,7.697600196446353,4.11284279567818,-0.023749,0.9000000349922253,0.25
AMR2,T02,1,loaded,vg::P3__SORT2__path_1,98,15.303,9.714,7.787600199945576,4.110862795601197,-0.023749,0.9000000349922253,0.25
AMR2,T02,1,loaded,vg::P3__SORT2__path_1,99,15.403,9.814,7.877600203444799,4.108882795524214,-0.023749,0.9000000349922253,0.25
AMR2,T02,1,loaded,vg::P3__SORT2__path_1,100,15.503,9.914,7.967600206944021,4.1069027954472315,-0.023749,0.9000000349922253,0.25
AMR2,T02,1,loaded,vg::P3__SORT2__path_1,101,15.603,10.014,8.057600210443244,4.104922795370248,-0.023749,0.9000000349922253,0.25
AMR2,T02,1,loaded,vg::P3__SORT2__path_1,102,15.703,10.114,8.147600213942466,4.102937594865381,-0.023749,0.9000000349922253,0.25
AMR2,T02,1,loaded,vg::P3__SORT2__path_1,103,15.803,10.214,8.23760021744169,4.100777594781399,-0.023749,0.9000000349922253,0.25
AMR2,T02,1,loaded,vg::P3__SORT2__path_1,104,15.903,10.314,8.327600220940912,4.098617594697418,-0.023749,0.9000000349922253,0.25
AMR2,T02,1,loaded,vg::P3__SORT2__path_1,105,16.003,10.414,8.417600224440134,4.096457594613437,-0.023749,0.9000000349922253,0.25
AMR2,T02,1,loaded,vg::P3__SORT2__path_1,106,16.103,10.514,8.507600227939356,4.094297594529455,-0.023749,0.9000000349922253,0.25
AMR2,T02,1,loaded,vg::P3__SORT2__path_1,107,16.203,10.614,8.59760023143858,4.092137594445474,-0.023749,0.9000000349922253,0.25
AMR2,T02,1,loaded,vg::P3__SORT2__path_1,108,16.303,10.714,8.687600234937802,4.089977594361493,-0.023749,0.9000000349922253,0.25
AMR2,T02,1,loaded,vg::P3__SORT2__path_1,109,16.403,10.814,8.777600238437024,4.087817594277512,-0.023749,0.9000000349922253,0.25
AMR2,T02,1,loaded,vg::P3__SORT2__path_1,110,16.503,10.914,8.867600241936247,4.08565759419353,-0.023749,0.9000000349922253,0.25
AMR2,T02,1,loaded,vg::P3__SORT2__path_1,111,16.603,11.014,8.95760024543547,4.083497594109549,-0.023749,0.9000000349922253,0.25
AMR2,T02,1,loaded,vg::P3__SORT2__path_1,112,16.703,11.114,9.047600248934693,4.081337594025567,-0.023749,0.9000000349922253,0.25
AMR2,T02,1,loaded,vg::P3__SORT2__path_1,113,16.803,11.214,9.137600252433915,4.079177593941586,-0.023749,0.9000000349922253,0.25
AMR2,T02,1,loaded,vg::P3__SORT2__path_1,114,16.903,11.314,9.227600255933138,4.0770175938576045,-0.023749,0.9000000349922253,0.25
AMR2,T02,1,loaded,vg::P3__SORT2__path_1,115,17.003,11.414,9.31760025943236,4.074857593773623,-0.023749,0.9000000349922253,0.25
AMR2,T02,1,loaded,vg::P3__SORT2__path_1,116,17.103,11.514,9.407600262931583,4.072697593689642,-0.023749,0.9000000349922253,0.25
AMR2,T02,1,loaded,vg::P3__SORT2__path_1,117,17.203,11.614,9.497600266430805,4.0705375936056605,-0.023749,0.9000000349922253,0.25
AMR2,T02,1,loaded,vg::P3__SORT2__path_1,118,17.303,11.714,9.587600269930029,4.06837759352168,-0.023749,0.9000000349922253,0.25
AMR2,T02,1,loaded,vg::P3__SORT2__path_1,119,17.403,11.814,9.677535072882392,4.066217593437698,-0.023749,0.9000000349922253,0.25
AMR2,T02,1,loaded,vg::P3__SORT2__path_1,120,17.503,11.914,9.767355076374615,4.064057593353716,-0.023749,0.9000000349922253,0.25
AMR2,T02,1,loaded,vg::P3__SORT2__path_1,121,17.603,12.014,9.85717507986684,4.061897593269736,-0.023749,0.9000000349922253,0.25
AMR2,T02,1,loaded,vg::P3__SORT2__path_1,122,17.703,12.114,9.946995083359065,4.059737593185754,-0.023749,0.9000000349922253,0.25
AMR2,T02,1,loaded,vg::P3__SORT2__path_1,123,17.803,12.214,10.03681508685129,4.057577593101772,-0.023749,0.9000000349922253,0.25
AMR2,T02,1,loaded,vg::P3__SORT2__path_1,124,17.903,12.314,10.126635090343513,4.055417593017791,-0.023749,0.9000000349922253,0.25
AMR2,T02,1,loaded,vg::P3__SORT2__path_1,125,18.003,12.414,10.216600294424586,4.05331943762906,-0.023749,0.9000000349922253,0.25
AMR2,T02,1,loaded,vg::P3__SORT2__path_1,126,18.103,12.514,10.306600297923808,4.051236104214726,-0.023749,0.9000000349922253,0.25
AMR2,T02,1,loaded,vg::P3__SORT2__path_1,127,18.162,12.573,10.36,4.05,-0.023749,0.9000000349922253,0.25
AMR2,T05,2,transition,vg::SORT2__P6__path_1,0,18.162,0.0,10.36,4.05,2.489262,1.0,0.25
AMR2,T05,2,transition,vg::SORT2__P6__path_1,1,18.262,0.1,10.2806,4.1108,2.489262,1.0,0.25
AMR2,T05,2,transition,vg::SORT2__P6__path_1,2,18.362,0.2,10.2012,4.1716,2.489262,1.0,0.25
AMR2,T05,2,transition,vg::SORT2__P6__path_1,3,18.462,0.3,10.121799999999999,4.2324,2.489262,1.0,0.25
AMR2,T05,2,transition,vg::SORT2__P6__path_1,4,18.562,0.4,10.042399999999999,4.2932,2.489262,1.0,0.25
AMR2,T05,2,transition,vg::SORT2__P6__path_1,5,18.662,0.5,9.963,4.354,2.489262,1.0,0.25
AMR2,T05,2,transition,vg::SORT2__P6__path_1,6,18.762,0.6,9.8834,4.4146,2.489262,1.0,0.25
AMR2,T05,2,transition,vg::SORT2__P6__path_1,7,18.862,0.7,9.803799999999999,4.4752,2.489262,1.0,0.25
AMR2,T05,2,transition,vg::SORT2__P6__path_1,8,18.962,0.8,9.7242,4.5358,2.489262,1.0,0.25
AMR2,T05,2,transition,vg::SORT2__P6__path_1,9,19.062,0.9,9.644599999999999,4.5964,2.489262,1.0,0.25
AMR2,T05,2,transition,vg::SORT2__P6__path_1,10,19.162,1.0,9.565,4.657,2.489262,1.0,0.25
AMR2,T05,2,transition,vg::SORT2__P6__path_1,11,19.262,1.1,9.4856,4.7178,2.489262,1.0,0.25
AMR2,T05,2,transition,vg::SORT2__P6__path_1,12,19.362,1.2,9.4062,4.7786,2.489262,1.0,0.25
AMR2,T05,2,transition,vg::SORT2__P6__path_1,13,19.462,1.3,9.326799999999999,4.8394,2.489262,1.0,0.25
AMR2,T05,2,transition,vg::SORT2__P6__path_1,14,19.562,1.4,9.247399999999999,4.9002,2.489262,1.0,0.25
AMR2,T05,2,transition,vg::SORT2__P6__path_1,15,19.662,1.5,9.168,4.961,2.489262,1.0,0.25
AMR2,T05,2,transition,vg::SORT2__P6__path_1,16,19.762,1.6,9.0886,5.0216,2.489262,1.0,0.25
AMR2,T05,2,transition,vg::SORT2__P6__path_1,17,19.862,1.7,9.0092,5.0822,2.489262,1.0,0.25
AMR2,T05,2,transition,vg::SORT2__P6__path_1,18,19.962,1.8,8.9298,5.1428,2.489262,1.0,0.25
AMR2,T05,2,transition,vg::SORT2__P6__path_1,19,20.062,1.9,8.8504,5.2034,2.489262,1.0,0.25
AMR2,T05,2,transition,vg::SORT2__P6__path_1,20,20.162,2.0,8.771,5.264,2.489262,1.0,0.25
AMR2,T05,2,transition,vg::SORT2__P6__path_1,21,20.262,2.1,8.6914,5.3248,2.489262,1.0,0.25
AMR2,T05,2,transition,vg::SORT2__P6__path_1,22,20.362,2.2,8.6118,5.3856,2.489262,1.0,0.25
AMR2,T05,2,transition,vg::SORT2__P6__path_1,23,20.462,2.3,8.5322,5.4464,2.489262,1.0,0.25
AMR2,T05,2,transition,vg::SORT2__P6__path_1,24,20.562,2.4,8.452599999999999,5.5072,2.489262,1.0,0.25
AMR2,T05,2,transition,vg::SORT2__P6__path_1,25,20.662,2.5,8.373,5.568,2.489262,1.0,0.25
AMR2,T05,2,transition,vg::SORT2__P6__path_1,26,20.762,2.6,8.283478359908884,5.602624145785876,2.489262,1.0,0.25
AMR2,T05,2,transition,vg::SORT2__P6__path_1,27,20.862,2.7,8.193956719817768,5.637248291571754,2.489262,1.0,0.25
AMR2,T05,2,transition,vg::SORT2__P6__path_1,28,20.962,2.8,8.10443507972665,5.671872437357631,2.489262,1.0,0.25
AMR2,T05,2,transition,vg::SORT2__P6__path_1,29,21.062,2.9,8.014913439635535,5.706496583143508,2.489262,1.0,0.25
AMR2,T05,2,transition,vg::SORT2__P6__path_1,30,21.101,2.939,7.98,5.72,2.489262,1.0,0.25
AMR2,T05,2,service_at_pickup,stationary::P6,0,21.101,0.0,7.95,5.75,3.141593,0.0,0.25
AMR2,T05,2,service_at_pickup,stationary::P6,1,21.201,0.1,7.95,5.75,3.141593,0.0,0.25
AMR2,T05,2,service_at_pickup,stationary::P6,2,21.301,0.2,7.95,5.75,3.141593,0.0,0.25
AMR2,T05,2,service_at_pickup,stationary::P6,3,21.401,0.3,7.95,5.75,3.141593,0.0,0.25
AMR2,T05,2,service_at_pickup,stationary::P6,4,21.501,0.4,7.95,5.75,3.141593,0.0,0.25
AMR2,T05,2,service_at_pickup,stationary::P6,5,21.601,0.5,7.95,5.75,3.141593,0.0,0.25
AMR2,T05,2,service_at_pickup,stationary::P6,6,21.701,0.6,7.95,5.75,3.141593,0.0,0.25
AMR2,T05,2,service_at_pickup,stationary::P6,7,21.801,0.7,7.95,5.75,3.141593,0.0,0.25
AMR2,T05,2,service_at_pickup,stationary::P6,8,21.901,0.8,7.95,5.75,3.141593,0.0,0.25
AMR2,T05,2,service_at_pickup,stationary::P6,9,22.001,0.9,7.95,5.75,3.141593,0.0,0.25
AMR2,T05,2,service_at_pickup,stationary::P6,10,22.101,1.0,7.95,5.75,3.141593,0.0,0.25
AMR2,T05,2,service_at_pickup,stationary::P6,11,22.201,1.1,7.95,5.75,3.141593,0.0,0.25
AMR2,T05,2,service_at_pickup,stationary::P6,12,22.301,1.2,7.95,5.75,3.141593,0.0,0.25
AMR2,T05,2,service_at_pickup,stationary::P6,13,22.401,1.3,7.95,5.75,3.141593,0.0,0.25
AMR2,T05,2,service_at_pickup,stationary::P6,14,22.501,1.4,7.95,5.75,3.141593,0.0,0.25
AMR2,T05,2,service_at_pickup,stationary::P6,15,22.601,1.5,7.95,5.75,3.141593,0.0,0.25
AMR2,T05,2,service_at_pickup,stationary::P6,16,22.701,1.6,7.95,5.75,3.141593,0.0,0.25
AMR2,T05,2,service_at_pickup,stationary::P6,17,22.801,1.7,7.95,5.75,3.141593,0.0,0.25
AMR2,T05,2,service_at_pickup,stationary::P6,18,22.901,1.8,7.95,5.75,3.141593,0.0,0.25
AMR2,T05,2,service_at_pickup,stationary::P6,19,23.001,1.9,7.95,5.75,3.141593,0.0,0.25
AMR2,T05,2,service_at_pickup,stationary::P6,20,23.101,2.0,7.95,5.75,3.141593,0.0,0.25
AMR2,T05,2,loaded,vg::P6__OUT2__path_1,0,23.101,0.0,7.98,5.72,-0.09066,0.9000000205291976,0.25
AMR2,T05,2,loaded,vg::P6__OUT2__path_1,1,23.201,0.1,8.065500001950275,5.695879999449818,-0.15006054135493938,0.9000000205291976,0.25
AMR2,T05,2,loaded,vg::P6__OUT2__path_1,2,23.301,0.2,8.151000003900547,5.671759998899635,-0.20946108270987873,0.9000000205291976,0.25
AMR2,T05,2,loaded,vg::P6__OUT2__path_1,3,23.401,0.3,8.236500005850822,5.647639998349453,-0.2688616240648181,0.9000000205291976,0.25
AMR2,T05,2,loaded,vg::P6__OUT2__path_1,4,23.501,0.4,8.322000007801096,5.62351999779927,-0.32826216541975745,0.9000000205291976,0.25
AMR2,T05,2,loaded,vg::P6__OUT2__path_1,5,23.601,0.5,8.407500009751368,5.599399997249088,-0.38766270677469683,0.9000000205291976,0.25
AMR2,T05,2,loaded,vg::P6__OUT2__path_1,6,23.701,0.6,8.491480011233577,5.569679994974453,-0.420663,0.9000000205291976,0.25
AMR2,T05,2,loaded,vg::P6__OUT2__path_1,7,23.801,0.7,8.57356001310584,5.532959994136862,-0.420663,0.9000000205291976,0.25
AMR2,T05,2,loaded,vg::P6__OUT2__path_1,8,23.901,0.8,8.655640014978102,5.49623999329927,-0.420663,0.9000000205291976,0.25
AMR2,T05,2,loaded,vg::P6__OUT2__path_1,9,24.001,0.9,8.737720016850366,5.459519992461678,-0.420663,0.9000000205291976,0.25
AMR2,T05,2,loaded,vg::P6__OUT2__path_1,10,24.101,1.0,8.819800018722628,5.422799991624087,-0.420663,0.9000000205291976,0.25
AMR2,T05,2,loaded,vg::P6__OUT2__path_1,11,24.201,1.1,8.901880020594891,5.386079990786496,-0.420663,0.9000000205291976,0.25
AMR2,T05,2,loaded,vg::P6__OUT2__path_1,12,24.301,1.2,8.984120022516423,5.349359989948905,-0.420663,0.9000000205291976,0.25
AMR2,T05,2,loaded,vg::P6__OUT2__path_1,13,24.401,1.3,9.066380024392792,5.312639989111314,-0.420663,0.9000000205291976,0.25
AMR2,T05,2,loaded,vg::P6__OUT2__path_1,14,24.501,1.4,9.148640026269161,5.275919988273722,-0.420663,0.9000000205291976,0.25
AMR2,T05,2,loaded,vg::P6__OUT2__path_1,15,24.601,1.5,9.23090002814553,5.239199987436131,-0.420663,0.9000000205291976,0.25
AMR2,T05,2,loaded,vg::P6__OUT2__path_1,16,24.701,1.6,9.3131600300219,5.20247998659854,-0.420663,0.9000000205291976,0.25
AMR2,T05,2,loaded,vg::P6__OUT2__path_1,17,24.801,1.7,9.395360031828469,5.165699985691149,-0.420663,0.9000000205291976,0.25
AMR2,T05,2,loaded,vg::P6__OUT2__path_1,18,24.901,1.8,9.47744003370073,5.128799984849452,-0.420663,0.9000000205291976,0.25
AMR2,T05,2,loaded,vg::P6__OUT2__path_1,19,25.001,1.9,9.559520035572994,5.091899984007755,-0.420663,0.9000000205291976,0.25
AMR2,T05,2,loaded,vg::P6__OUT2__path_1,20,25.101,2.0,9.641600037445256,5.0549999831660575,-0.420663,0.9000000205291976,0.25
AMR2,T05,2,loaded,vg::P6__OUT2__path_1,21,25.201,2.1,9.72368003931752,5.018099982324361,-0.420663,0.9000000205291976,0.25
AMR2,T05,2,loaded,vg::P6__OUT2__path_1,22,25.301,2.2,9.805760041189782,4.981199981482663,-0.420663,0.9000000205291976,0.25
AMR2,T05,2,loaded,vg::P6__OUT2__path_1,23,25.401,2.3,9.887840043062045,4.9444399807354005,-0.420663,0.9000000205291976,0.25
AMR2,T05,2,loaded,vg::P6__OUT2__path_1,24,25.501,2.4,9.969920044934307,4.907719979897809,-0.420663,0.9000000205291976,0.25
AMR2,T05,2,loaded,vg::P6__OUT2__path_1,25,25.601,2.5,10.05200004680657,4.870999979060218,-0.420663,0.9000000205291976,0.25
AMR2,T05,2,loaded,vg::P6__OUT2__path_1,26,25.701,2.6,10.134080048678832,4.834279978222627,-0.420663,0.9000000205291976,0.25
AMR2,T05,2,loaded,vg::P6__OUT2__path_1,27,25.801,2.7,10.216160050551096,4.797559977385036,-0.420663,0.9000000205291976,0.25
AMR2,T05,2,loaded,vg::P6__OUT2__path_1,28,25.901,2.8,10.298280052538322,4.7608399765474445,-0.420663,0.9000000205291976,0.25
AMR2,T05,2,loaded,vg::P6__OUT2__path_1,29,26.001,2.9,10.380540054414691,4.724119975709853,-0.420663,0.9000000205291976,0.25
AMR2,T05,2,loaded,vg::P6__OUT2__path_1,30,26.101,3.0,10.46280005629106,4.687399974872262,-0.420663,0.9000000205291976,0.25
AMR2,T05,2,loaded,vg::P6__OUT2__path_1,31,26.201,3.1,10.54506005816743,4.650679974034671,-0.420663,0.9000000205291976,0.25
AMR2,T05,2,loaded,vg::P6__OUT2__path_1,32,26.301,3.2,10.627320060043797,4.61395997319708,-0.420663,0.9000000205291976,0.25
AMR2,T05,2,loaded,vg::P6__OUT2__path_1,33,26.401,3.3,10.709580061920166,4.5772399723594885,-0.420663,0.9000000205291976,0.25
AMR2,T05,2,loaded,vg::P6__OUT2__path_1,34,26.501,3.4,10.791720063656937,4.540519971521897,-0.420663,0.9000000205291976,0.25
AMR2,T05,2,loaded,vg::P6__OUT2__path_1,35,26.601,3.5,10.873800065529199,4.503799970684306,-0.420663,0.9000000205291976,0.25
AMR2,T05,2,loaded,vg::P6__OUT2__path_1,36,26.701,3.6,10.955880067401461,4.467079969846715,-0.420663,0.9000000205291976,0.25
AMR2,T05,2,loaded,vg::P6__OUT2__path_1,37,26.801,3.7,11.037960069273725,4.430359969009123,-0.420663,0.9000000205291976,0.25
AMR2,T05,2,loaded,vg::P6__OUT2__path_1,38,26.901,3.8,11.120040071145988,4.393639968171532,-0.420663,0.9000000205291976,0.25
AMR2,T05,2,loaded,vg::P6__OUT2__path_1,39,27.001,3.9,11.202140073178377,4.3569199673339405,-0.420663,0.9000000205291976,0.25
AMR2,T05,2,loaded,vg::P6__OUT2__path_1,40,27.101,4.0,11.284400075054746,4.320199966496349,-0.420663,0.9000000205291976,0.25
AMR2,T05,2,loaded,vg::P6__OUT2__path_1,41,27.201,4.1,11.366660076931115,4.283479965658758,-0.420663,0.9000000205291976,0.25
AMR2,T05,2,loaded,vg::P6__OUT2__path_1,42,27.301,4.2,11.448920078807484,4.246759964821167,-0.420663,0.9000000205291976,0.25
AMR2,T05,2,loaded,vg::P6__OUT2__path_1,43,27.401,4.3,11.531180080683853,4.210039963983576,-0.420663,0.9000000205291976,0.25
AMR2,T05,2,loaded,vg::P6__OUT2__path_1,44,27.501,4.4,11.613440082560222,4.1733199631459845,-0.420663,0.9000000205291976,0.25
AMR2,T05,2,loaded,vg::P6__OUT2__path_1,45,27.601,4.5,11.695573000868453,4.136557253896151,-0.420663,0.9000000205291976,0.25
AMR2,T05,2,loaded,vg::P6__OUT2__path_1,46,27.701,4.6,11.777604252739605,4.099760378056806,-0.420663,0.9000000205291976,0.25
AMR2,T05,2,loaded,vg::P6__OUT2__path_1,47,27.801,4.7,11.859635504610756,4.062963502217461,-0.420663,0.9000000205291976,0.25
AMR2,T05,2,loaded,vg::P6__OUT2__path_1,48,27.901,4.8,11.941666756481906,4.026166626378116,-0.420663,0.9000000205291976,0.25
AMR2,T05,2,loaded,vg::P6__OUT2__path_1,49,27.972,4.871,12.0,4.0,-0.420663,0.9000000205291976,0.25
AMR2,T10,3,transition,vg::OUT2__P5__path_1,0,27.972,0.0,12.0,4.0,3.12592,1.0,0.25
AMR2,T10,3,transition,vg::OUT2__P5__path_1,1,28.072,0.1,11.9,4.0016,3.12592,1.0,0.25
AMR2,T10,3,transition,vg::OUT2__P5__path_1,2,28.172,0.2,11.8,4.0032,3.12592,1.0,0.25
AMR2,T10,3,transition,vg::OUT2__P5__path_1,3,28.272,0.3,11.7,4.0048,3.12592,1.0,0.25
AMR2,T10,3,transition,vg::OUT2__P5__path_1,4,28.372,0.4,11.6,4.0064,3.12592,1.0,0.25
AMR2,T10,3,transition,vg::OUT2__P5__path_1,5,28.472,0.5,11.5,4.008,3.12592,1.0,0.25
AMR2,T10,3,transition,vg::OUT2__P5__path_1,6,28.572,0.6,11.4,4.0096,3.12592,1.0,0.25
AMR2,T10,3,transition,vg::OUT2__P5__path_1,7,28.672,0.7,11.3,4.0112,3.12592,1.0,0.25
AMR2,T10,3,transition,vg::OUT2__P5__path_1,8,28.772,0.8,11.2,4.0128,3.12592,1.0,0.25
AMR2,T10,3,transition,vg::OUT2__P5__path_1,9,28.872,0.9,11.1,4.0144,3.12592,1.0,0.25
AMR2,T10,3,transition,vg::OUT2__P5__path_1,10,28.972,1.0,11.0,4.016,3.12592,1.0,0.25
AMR2,T10,3,transition,vg::OUT2__P5__path_1,11,29.072,1.1,10.9,4.0176,3.12592,1.0,0.25
AMR2,T10,3,transition,vg::OUT2__P5__path_1,12,29.172,1.2,10.8,4.0192,3.12592,1.0,0.25
AMR2,T10,3,transition,vg::OUT2__P5__path_1,13,29.272,1.3,10.7,4.0208,3.12592,1.0,0.25
AMR2,T10,3,transition,vg::OUT2__P5__path_1,14,29.372,1.4,10.6,4.0224,3.12592,1.0,0.25
AMR2,T10,3,transition,vg::OUT2__P5__path_1,15,29.472,1.5,10.5,4.024,3.12592,1.0,0.25
AMR2,T10,3,transition,vg::OUT2__P5__path_1,16,29.572,1.6,10.4,4.0254,3.12592,1.0,0.25
AMR2,T10,3,transition,vg::OUT2__P5__path_1,17,29.672,1.7,10.3,4.0268,3.12592,1.0,0.25
AMR2,T10,3,transition,vg::OUT2__P5__path_1,18,29.772,1.8,10.2,4.0282,3.12592,1.0,0.25
AMR2,T10,3,transition,vg::OUT2__P5__path_1,19,29.872,1.9,10.1,4.029599999999999,3.12592,1.0,0.25
AMR2,T10,3,transition,vg::OUT2__P5__path_1,20,29.972,2.0,10.0,4.031,3.12592,1.0,0.25
AMR2,T10,3,transition,vg::OUT2__P5__path_1,21,30.072,2.1,9.9,4.0325999999999995,3.12592,1.0,0.25
AMR2,T10,3,transition,vg::OUT2__P5__path_1,22,30.172,2.2,9.8,4.034199999999999,3.12592,1.0,0.25
AMR2,T10,3,transition,vg::OUT2__P5__path_1,23,30.272,2.3,9.7,4.0358,3.12592,1.0,0.25
AMR2,T10,3,transition,vg::OUT2__P5__path_1,24,30.372,2.4,9.6,4.0374,3.12592,1.0,0.25
AMR2,T10,3,transition,vg::OUT2__P5__path_1,25,30.472,2.5,9.5,4.039,3.12592,1.0,0.25
AMR2,T10,3,transition,vg::OUT2__P5__path_1,26,30.572,2.6,9.4,4.0405999999999995,3.12592,1.0,0.25
AMR2,T10,3,transition,vg::OUT2__P5__path_1,27,30.672,2.7,9.3,4.042199999999999,3.12592,1.0,0.25
AMR2,T10,3,transition,vg::OUT2__P5__path_1,28,30.772,2.8,9.2,4.0438,3.12592,1.0,0.25
AMR2,T10,3,transition,vg::OUT2__P5__path_1,29,30.872,2.9,9.1,4.0454,3.12592,1.0,0.25
AMR2,T10,3,transition,vg::OUT2__P5__path_1,30,30.972,3.0,9.0,4.047,3.12592,1.0,0.25
AMR2,T10,3,transition,vg::OUT2__P5__path_1,31,31.072,3.1,8.9,4.0485999999999995,3.12592,1.0,0.25
AMR2,T10,3,transition,vg::OUT2__P5__path_1,32,31.172,3.2,8.8,4.050199999999999,3.12592,1.0,0.25
AMR2,T10,3,transition,vg::OUT2__P5__path_1,33,31.272,3.3,8.7,4.0518,3.12592,1.0,0.25
AMR2,T10,3,transition,vg::OUT2__P5__path_1,34,31.372,3.4,8.6,4.0534,3.12592,1.0,0.25
AMR2,T10,3,transition,vg::OUT2__P5__path_1,35,31.472,3.5,8.5,4.055,3.12592,1.0,0.25
AMR2,T10,3,transition,vg::OUT2__P5__path_1,36,31.572,3.6,8.4,4.0565999999999995,3.12592,1.0,0.25
AMR2,T10,3,transition,vg::OUT2__P5__path_1,37,31.672,3.7,8.3,4.058199999999999,3.12592,1.0,0.25
AMR2,T10,3,transition,vg::OUT2__P5__path_1,38,31.772,3.8,8.2,4.0598,3.12592,1.0,0.25
AMR2,T10,3,transition,vg::OUT2__P5__path_1,39,31.872,3.9,8.1,4.0614,3.12592,1.0,0.25
AMR2,T10,3,transition,vg::OUT2__P5__path_1,40,31.972,4.0,8.0,4.063,3.12592,1.0,0.25
AMR2,T10,3,transition,vg::OUT2__P5__path_1,41,32.072,4.1,7.9002,4.0645999999999995,3.12592,1.0,0.25
AMR2,T10,3,transition,vg::OUT2__P5__path_1,42,32.172,4.2,7.8004,4.066199999999999,3.12592,1.0,0.25
AMR2,T10,3,transition,vg::OUT2__P5__path_1,43,32.272,4.3,7.7006000000000006,4.0678,3.12592,1.0,0.25
AMR2,T10,3,transition,vg::OUT2__P5__path_1,44,32.372,4.4,7.6008,4.0694,3.12592,1.0,0.25
AMR2,T10,3,transition,vg::OUT2__P5__path_1,45,32.472,4.5,7.501,4.071,3.12592,1.0,0.25
AMR2,T10,3,transition,vg::OUT2__P5__path_1,46,32.572,4.6,7.401,4.0724,3.12592,1.0,0.25
AMR2,T10,3,transition,vg::OUT2__P5__path_1,47,32.672,4.7,7.301,4.0738,3.12592,1.0,0.25
AMR2,T10,3,transition,vg::OUT2__P5__path_1,48,32.772,4.8,7.201,4.0752,3.12592,1.0,0.25
AMR2,T10,3,transition,vg::OUT2__P5__path_1,49,32.872,4.9,7.101,4.0766,3.12592,1.0,0.25
AMR2,T10,3,transition,vg::OUT2__P5__path_1,50,32.972,5.0,7.001,4.078,3.12592,1.0,0.25
AMR2,T10,3,transition,vg::OUT2__P5__path_1,51,33.072,5.1,6.901,4.0796,3.12592,1.0,0.25
AMR2,T10,3,transition,vg::OUT2__P5__path_1,52,33.172,5.2,6.801,4.0812,3.12592,1.0,0.25
AMR2,T10,3,transition,vg::OUT2__P5__path_1,53,33.272,5.3,6.701,4.082800000000001,3.12592,1.0,0.25
AMR2,T10,3,transition,vg::OUT2__P5__path_1,54,33.372,5.4,6.601,4.0844000000000005,3.12592,1.0,0.25
AMR2,T10,3,transition,vg::OUT2__P5__path_1,55,33.472,5.5,6.501,4.086,3.12592,1.0,0.25
AMR2,T10,3,transition,vg::OUT2__P5__path_1,56,33.572,5.6,6.401,4.0876,3.12592,1.0,0.25
AMR2,T10,3,transition,vg::OUT2__P5__path_1,57,33.672,5.7,6.301,4.0892,3.12592,1.0,0.25
AMR2,T10,3,transition,vg::OUT2__P5__path_1,58,33.772,5.8,6.201,4.090800000000001,3.12592,1.0,0.25
AMR2,T10,3,transition,vg::OUT2__P5__path_1,59,33.872,5.9,6.101,4.0924000000000005,3.12592,1.0,0.25
AMR2,T10,3,transition,vg::OUT2__P5__path_1,60,33.972,6.0,6.001,4.094,3.12592,1.0,0.25
AMR2,T10,3,transition,vg::OUT2__P5__path_1,61,34.072,6.1,5.901,4.095574803149606,3.12592,1.0,0.25
AMR2,T10,3,transition,vg::OUT2__P5__path_1,62,34.172,6.2,5.801,4.0971496062992125,3.12592,1.0,0.25
AMR2,T10,3,transition,vg::OUT2__P5__path_1,63,34.272,6.3,5.701,4.098724409448819,3.12592,1.0,0.25
AMR2,T10,3,transition,vg::OUT2__P5__path_1,64,34.353,6.381,5.62,4.1,3.12592,1.0,0.25
AMR2,T10,3,service_at_pickup,stationary::P5,0,34.353,0.0,5.65,4.05,3.141593,0.0,0.25
AMR2,T10,3,service_at_pickup,stationary::P5,1,34.453,0.1,5.65,4.05,3.141593,0.0,0.25
AMR2,T10,3,service_at_pickup,stationary::P5,2,34.553,0.2,5.65,4.05,3.141593,0.0,0.25
AMR2,T10,3,service_at_pickup,stationary::P5,3,34.653,0.3,5.65,4.05,3.141593,0.0,0.25
AMR2,T10,3,service_at_pickup,stationary::P5,4,34.753,0.4,5.65,4.05,3.141593,0.0,0.25
AMR2,T10,3,service_at_pickup,stationary::P5,5,34.853,0.5,5.65,4.05,3.141593,0.0,0.25
AMR2,T10,3,service_at_pickup,stationary::P5,6,34.953,0.6,5.65,4.05,3.141593,0.0,0.25
AMR2,T10,3,service_at_pickup,stationary::P5,7,35.053,0.7,5.65,4.05,3.141593,0.0,0.25
AMR2,T10,3,service_at_pickup,stationary::P5,8,35.153,0.8,5.65,4.05,3.141593,0.0,0.25
AMR2,T10,3,service_at_pickup,stationary::P5,9,35.253,0.9,5.65,4.05,3.141593,0.0,0.25
AMR2,T10,3,service_at_pickup,stationary::P5,10,35.353,1.0,5.65,4.05,3.141593,0.0,0.25
AMR2,T10,3,service_at_pickup,stationary::P5,11,35.453,1.1,5.65,4.05,3.141593,0.0,0.25
AMR2,T10,3,service_at_pickup,stationary::P5,12,35.553,1.2,5.65,4.05,3.141593,0.0,0.25
AMR2,T10,3,service_at_pickup,stationary::P5,13,35.653,1.3,5.65,4.05,3.141593,0.0,0.25
AMR2,T10,3,service_at_pickup,stationary::P5,14,35.753,1.4,5.65,4.05,3.141593,0.0,0.25
AMR2,T10,3,service_at_pickup,stationary::P5,15,35.853,1.5,5.65,4.05,3.141593,0.0,0.25
AMR2,T10,3,service_at_pickup,stationary::P5,16,35.953,1.6,5.65,4.05,3.141593,0.0,0.25
AMR2,T10,3,service_at_pickup,stationary::P5,17,36.053,1.7,5.65,4.05,3.141593,0.0,0.25
AMR2,T10,3,service_at_pickup,stationary::P5,18,36.153,1.8,5.65,4.05,3.141593,0.0,0.25
AMR2,T10,3,service_at_pickup,stationary::P5,19,36.253,1.9,5.65,4.05,3.141593,0.0,0.25
AMR2,T10,3,service_at_pickup,stationary::P5,20,36.353,2.0,5.65,4.05,3.141593,0.0,0.25
AMR2,T10,3,service_at_pickup,stationary::P5,21,36.453,2.1,5.65,4.05,3.141593,0.0,0.25
AMR2,T10,3,service_at_pickup,stationary::P5,22,36.553,2.2,5.65,4.05,3.141593,0.0,0.25
AMR2,T10,3,service_at_pickup,stationary::P5,23,36.653,2.3,5.65,4.05,3.141593,0.0,0.25
AMR2,T10,3,service_at_pickup,stationary::P5,24,36.753,2.4,5.65,4.05,3.141593,0.0,0.25
AMR2,T10,3,service_at_pickup,stationary::P5,25,36.853,2.5,5.65,4.05,3.141593,0.0,0.25
AMR2,T10,3,service_at_pickup,stationary::P5,26,36.953,2.6,5.65,4.05,3.141593,0.0,0.25
AMR2,T10,3,service_at_pickup,stationary::P5,27,37.053,2.7,5.65,4.05,3.141593,0.0,0.25
AMR2,T10,3,service_at_pickup,stationary::P5,28,37.153,2.8,5.65,4.05,3.141593,0.0,0.25
AMR2,T10,3,service_at_pickup,stationary::P5,29,37.253,2.9,5.65,4.05,3.141593,0.0,0.25
AMR2,T10,3,service_at_pickup,stationary::P5,30,37.353,3.0,5.65,4.05,3.141593,0.0,0.25
AMR2,T10,3,loaded,vg::P5__OUT1__path_1,0,37.353,0.0,5.62,4.1,-0.113151,0.899999959928764,0.25
AMR2,T10,3,loaded,vg::P5__OUT1__path_1,1,37.453,0.1,5.7094599960169194,4.089920000448798,-0.113151,0.899999959928764,0.25
AMR2,T10,3,loaded,vg::P5__OUT1__path_1,2,37.553,0.2,5.798919992033839,4.079840000897596,-0.113151,0.899999959928764,0.25
AMR2,T10,3,loaded,vg::P5__OUT1__path_1,3,37.653,0.3,5.888379988050757,4.069760001346393,-0.113151,0.899999959928764,0.25
AMR2,T10,3,loaded,vg::P5__OUT1__path_1,4,37.753,0.4,5.977839984067677,4.059680001795191,-0.113151,0.899999959928764,0.25
AMR2,T10,3,loaded,vg::P5__OUT1__path_1,5,37.853,0.5,6.067299980084596,4.049600002243989,-0.113151,0.899999959928764,0.25
AMR2,T10,3,loaded,vg::P5__OUT1__path_1,6,37.953,0.6,6.156279976390028,4.03744000394301,-0.13087786934493018,0.899999959928764,0.25
AMR2,T10,3,loaded,vg::P5__OUT1__path_1,7,38.053,0.7,6.2446599724550325,4.022680004600177,-0.17076334756908518,0.899999959928764,0.25
AMR2,T10,3,loaded,vg::P5__OUT1__path_1,8,38.153,0.8,6.333039968520037,4.007920005257346,-0.2106488257932402,0.899999959928764,0.25
AMR2,T10,3,loaded,vg::P5__OUT1__path_1,9,38.253,0.9,6.421419964585041,3.9931600059145143,-0.25053430401739524,0.899999959928764,0.25
AMR2,T10,3,loaded,vg::P5__OUT1__path_1,10,38.353,1.0,6.509799960650046,3.978400006571683,-0.29041978224155024,0.899999959928764,0.25
AMR2,T10,3,loaded,vg::P5__OUT1__path_1,11,38.453,1.1,6.59817995671505,3.963640007228851,-0.3303052604657053,0.899999959928764,0.25
AMR2,T10,3,loaded,vg::P5__OUT1__path_1,12,38.553,1.2,6.683519954607304,3.9357600157720385,-0.334737,0.899999959928764,0.25
AMR2,T10,3,loaded,vg::P5__OUT1__path_1,13,38.653,1.3,6.768479950824579,3.906240017086375,-0.334737,0.899999959928764,0.25
AMR2,T10,3,loaded,vg::P5__OUT1__path_1,14,38.753,1.4,6.8534399470418546,3.876720018400712,-0.334737,0.899999959928764,0.25
AMR2,T10,3,loaded,vg::P5__OUT1__path_1,15,38.853,1.5,6.93839994325913,3.847200019715048,-0.334737,0.899999959928764,0.25
AMR2,T10,3,loaded,vg::P5__OUT1__path_1,16,38.953,1.6,7.023359939476405,3.8176800210293846,-0.334737,0.899999959928764,0.25
AMR2,T10,3,loaded,vg::P5__OUT1__path_1,17,39.053,1.7,7.108319935693681,3.788160022343721,-0.334737,0.899999959928764,0.25
AMR2,T10,3,loaded,vg::P5__OUT1__path_1,18,39.153,1.8,7.193279931910956,3.7586400236580575,-0.334737,0.899999959928764,0.25
AMR2,T10,3,loaded,vg::P5__OUT1__path_1,19,39.253,1.9,7.278239928128231,3.7291200249723944,-0.334737,0.899999959928764,0.25
AMR2,T10,3,loaded,vg::P5__OUT1__path_1,20,39.353,2.0,7.363199924345507,3.699600026286731,-0.334737,0.899999959928764,0.25
AMR2,T10,3,loaded,vg::P5__OUT1__path_1,21,39.453,2.1,7.448159920562782,3.670080027601067,-0.334737,0.899999959928764,0.25
AMR2,T10,3,loaded,vg::P5__OUT1__path_1,22,39.553,2.2,7.533119916780057,3.6405600289154036,-0.334737,0.899999959928764,0.25
AMR2,T10,3,loaded,vg::P5__OUT1__path_1,23,39.653,2.3,7.618219912813005,3.61104003022974,-0.334737,0.899999959928764,0.25
AMR2,T10,3,loaded,vg::P5__OUT1__path_1,24,39.753,2.4,7.703359909022266,3.581520031544077,-0.334737,0.899999959928764,0.25
AMR2,T10,3,loaded,vg::P5__OUT1__path_1,25,39.853,2.5,7.788499905231527,3.5520000328584134,-0.334737,0.899999959928764,0.25
AMR2,T10,3,loaded,vg::P5__OUT1__path_1,26,39.953,2.6,7.8736399014407885,3.5224800341727502,-0.334737,0.899999959928764,0.25
AMR2,T10,3,loaded,vg::P5__OUT1__path_1,27,40.053,2.7,7.95877989765005,3.4929600354870867,-0.334737,0.899999959928764,0.25
AMR2,T10,3,loaded,vg::P5__OUT1__path_1,28,40.153,2.8,8.04387989408371,3.463400037025822,-0.334737,0.899999959928764,0.25
AMR2,T10,3,loaded,vg::P5__OUT1__path_1,29,40.253,2.9,8.128839890300986,3.433700038348173,-0.334737,0.899999959928764,0.25
AMR2,T10,3,loaded,vg::P5__OUT1__path_1,30,40.353,3.0,8.21379988651826,3.4040000396705237,-0.334737,0.899999959928764,0.25
AMR2,T10,3,loaded,vg::P5__OUT1__path_1,31,40.453,3.1,8.298759882735535,3.3743000409928747,-0.334737,0.899999959928764,0.25
AMR2,T10,3,loaded,vg::P5__OUT1__path_1,32,40.553,3.2,8.38371987895281,3.3446000423152253,-0.334737,0.899999959928764,0.25
AMR2,T10,3,loaded,vg::P5__OUT1__path_1,33,40.653,3.3,8.468679875170086,3.314900043637576,-0.334737,0.899999959928764,0.25
AMR2,T10,3,loaded,vg::P5__OUT1__path_1,34,40.753,3.4,8.553519871659846,3.28484004577738,-0.33762107345110987,0.899999959928764,0.25
AMR2,T10,3,loaded,vg::P5__OUT1__path_1,35,40.853,3.5,8.638299867885134,3.2546000471237737,-0.34194719325849543,0.899999959928764,0.25
AMR2,T10,3,loaded,vg::P5__OUT1__path_1,36,40.953,3.6,8.723079864110424,3.224360048470167,-0.346273313065881,0.899999959928764,0.25
AMR2,T10,3,loaded,vg::P5__OUT1__path_1,37,41.053,3.7,8.807859860335714,3.1941200498165605,-0.35059943287326656,0.899999959928764,0.25
AMR2,T10,3,loaded,vg::P5__OUT1__path_1,38,41.153,3.8,8.892639856561004,3.163880051162954,-0.3549255526806522,0.899999959928764,0.25
AMR2,T10,3,loaded,vg::P5__OUT1__path_1,39,41.253,3.9,8.97735985372396,3.133500054697237,-0.358771,0.899999959928764,0.25
AMR2,T10,3,loaded,vg::P5__OUT1__path_1,40,41.353,4.0,9.061599849973293,3.1020000560997305,-0.358771,0.899999959928764,0.25
AMR2,T10,3,loaded,vg::P5__OUT1__path_1,41,41.453,4.1,9.145839846222625,3.0705000575022234,-0.358771,0.899999959928764,0.25
AMR2,T10,3,loaded,vg::P5__OUT1__path_1,42,41.553,4.2,9.230079842471957,3.039000058904717,-0.358771,0.899999959928764,0.25
AMR2,T10,3,loaded,vg::P5__OUT1__path_1,43,41.653,4.3,9.314319838721289,3.00750006030721,-0.358771,0.899999959928764,0.25
AMR2,T10,3,loaded,vg::P5__OUT1__path_1,44,41.753,4.4,9.398559834970623,2.9760000617097035,-0.358771,0.899999959928764,0.25
AMR2,T10,3,loaded,vg::P5__OUT1__path_1,45,41.853,4.5,9.482799831219955,2.944400063472838,-0.358771,0.899999959928764,0.25
AMR2,T10,3,loaded,vg::P5__OUT1__path_1,46,41.953,4.6,9.567039827469287,2.912720064883345,-0.358771,0.899999959928764,0.25
AMR2,T10,3,loaded,vg::P5__OUT1__path_1,47,42.053,4.7,9.65127982371862,2.8810400662938527,-0.358771,0.899999959928764,0.25
AMR2,T10,3,loaded,vg::P5__OUT1__path_1,48,42.153,4.8,9.735519819967951,2.8493600677043602,-0.358771,0.899999959928764,0.25
AMR2,T10,3,loaded,vg::P5__OUT1__path_1,49,42.253,4.9,9.819759816217283,2.817680069114868,-0.358771,0.899999959928764,0.25
AMR2,T10,3,loaded,vg::P5__OUT1__path_1,50,42.353,5.0,9.903999812466616,2.7860000705253753,-0.358771,0.899999959928764,0.25
AMR2,T10,3,loaded,vg::P5__OUT1__path_1,51,42.453,5.1,9.98823980871595,2.7543200719358825,-0.358771,0.899999959928764,0.25
AMR2,T10,3,loaded,vg::P5__OUT1__path_1,52,42.553,5.2,10.072479804965282,2.72264007334639,-0.358771,0.899999959928764,0.25
AMR2,T10,3,loaded,vg::P5__OUT1__path_1,53,42.653,5.3,10.156719801214614,2.6909600747568976,-0.358771,0.899999959928764,0.25
AMR2,T10,3,loaded,vg::P5__OUT1__path_1,54,42.753,5.4,10.240959797463946,2.659280076167405,-0.358771,0.899999959928764,0.25
AMR2,T10,3,loaded,vg::P5__OUT1__path_1,55,42.853,5.5,10.325199793713278,2.6276000775779127,-0.358771,0.899999959928764,0.25
AMR2,T10,3,loaded,vg::P5__OUT1__path_1,56,42.953,5.6,10.40943978996261,2.596000078539622,-0.358771,0.899999959928764,0.25
AMR2,T10,3,loaded,vg::P5__OUT1__path_1,57,43.053,5.7,10.493679786211942,2.5645000799421154,-0.358771,0.899999959928764,0.25
AMR2,T10,3,loaded,vg::P5__OUT1__path_1,58,43.153,5.8,10.577919782461276,2.5330000813446087,-0.358771,0.899999959928764,0.25
AMR2,T10,3,loaded,vg::P5__OUT1__path_1,59,43.253,5.9,10.662159778710608,2.501500082747102,-0.358771,0.899999959928764,0.25
AMR2,T10,3,loaded,vg::P5__OUT1__path_1,60,43.353,6.0,10.74639977495994,2.4700000841495955,-0.358771,0.899999959928764,0.25
AMR2,T10,3,loaded,vg::P5__OUT1__path_1,61,43.453,6.1,10.830639771209272,2.4385000855520884,-0.358771,0.899999959928764,0.25
AMR2,T10,3,loaded,vg::P5__OUT1__path_1,62,43.553,6.2,10.915039766961721,2.406840087451465,-0.358771,0.899999959928764,0.25
AMR2,T10,3,loaded,vg::P5__OUT1__path_1,63,43.653,6.3,10.999459763203038,2.3751600888619726,-0.358771,0.899999959928764,0.25
AMR2,T10,3,loaded,vg::P5__OUT1__path_1,64,43.753,6.4,11.083879759444356,2.34348009027248,-0.358771,0.899999959928764,0.25
AMR2,T10,3,loaded,vg::P5__OUT1__path_1,65,43.853,6.5,11.168299755685673,2.3118000916829877,-0.358771,0.899999959928764,0.25
AMR2,T10,3,loaded,vg::P5__OUT1__path_1,66,43.953,6.6,11.252719751926993,2.2801200930934953,-0.358771,0.899999959928764,0.25
AMR2,T10,3,loaded,vg::P5__OUT1__path_1,67,44.053,6.7,11.337079748705264,2.2485000939670483,-0.358771,0.899999959928764,0.25
AMR2,T10,3,loaded,vg::P5__OUT1__path_1,68,44.153,6.8,11.421319744954596,2.2170000953695412,-0.358771,0.899999959928764,0.25
AMR2,T10,3,loaded,vg::P5__OUT1__path_1,69,44.253,6.9,11.505559741203928,2.1855000967720346,-0.358771,0.899999959928764,0.25
AMR2,T10,3,loaded,vg::P5__OUT1__path_1,70,44.353,7.0,11.58979973745326,2.154000098174528,-0.358771,0.899999959928764,0.25
AMR2,T10,3,loaded,vg::P5__OUT1__path_1,71,44.453,7.1,11.674039733702594,2.1225000995770213,-0.358771,0.899999959928764,0.25
AMR2,T10,3,loaded,vg::P5__OUT1__path_1,72,44.553,7.2,11.758279729951926,2.0910001009795147,-0.358771,0.899999959928764,0.25
AMR2,T10,3,loaded,vg::P5__OUT1__path_1,73,44.653,7.3,11.842587961210231,2.0592942208894196,-0.358771,0.899999959928764,0.25
AMR2,T10,3,loaded,vg::P5__OUT1__path_1,74,44.753,7.4,11.926915688548094,2.0275295164213456,-0.358771,0.899999959928764,0.25
AMR2,T10,3,loaded,vg::P5__OUT1__path_1,75,44.84,7.487,12.0,2.0,-0.358771,0.899999959928764,0.25
AMR3,T01,1,transition,vg::CHG1__P1__path_1,0,0.0,0.0,1.0,0.0,0.447356,0.9000000000000001,0.25
AMR3,T01,1,transition,vg::CHG1__P1__path_1,1,0.1,0.1,1.08118,0.038880000000000005,0.447356,0.9000000000000001,0.25
AMR3,T01,1,transition,vg::CHG1__P1__path_1,2,0.2,0.2,1.16236,0.07776000000000001,0.447356,0.9000000000000001,0.25
AMR3,T01,1,transition,vg::CHG1__P1__path_1,3,0.3,0.3,1.24354,0.11664000000000002,0.447356,0.9000000000000001,0.25
AMR3,T01,1,transition,vg::CHG1__P1__path_1,4,0.4,0.4,1.3247200000000001,0.15552000000000002,0.447356,0.9000000000000001,0.25
AMR3,T01,1,transition,vg::CHG1__P1__path_1,5,0.5,0.5,1.4059000000000001,0.19440000000000002,0.447356,0.9000000000000001,0.25
AMR3,T01,1,transition,vg::CHG1__P1__path_1,6,0.6,0.6,1.4870800000000002,0.23336000000000007,0.447356,0.9000000000000001,0.25
AMR3,T01,1,transition,vg::CHG1__P1__path_1,7,0.7,0.7,1.5682600000000002,0.27242000000000005,0.447356,0.9000000000000001,0.25
AMR3,T01,1,transition,vg::CHG1__P1__path_1,8,0.8,0.8,1.6494400000000002,0.3114800000000001,0.447356,0.9000000000000001,0.25
AMR3,T01,1,transition,vg::CHG1__P1__path_1,9,0.9,0.9,1.73062,0.3505400000000001,0.447356,0.9000000000000001,0.25
AMR3,T01,1,transition,vg::CHG1__P1__path_1,10,1.0,1.0,1.8118,0.38960000000000006,0.447356,0.9000000000000001,0.25
AMR3,T01,1,transition,vg::CHG1__P1__path_1,11,1.1,1.1,1.89298,0.4286600000000001,0.447356,0.9000000000000001,0.25
AMR3,T01,1,transition,vg::CHG1__P1__path_1,12,1.2,1.2,1.9740000000000002,0.46756000000000014,0.447356,0.9000000000000001,0.25
AMR3,T01,1,transition,vg::CHG1__P1__path_1,13,1.3,1.3,2.055,0.5064400000000001,0.447356,0.9000000000000001,0.25
AMR3,T01,1,transition,vg::CHG1__P1__path_1,14,1.4,1.4,2.136,0.5453200000000001,0.447356,0.9000000000000001,0.25
AMR3,T01,1,transition,vg::CHG1__P1__path_1,15,1.5,1.5,2.217,0.5842,0.447356,0.9000000000000001,0.25
AMR3,T01,1,transition,vg::CHG1__P1__path_1,16,1.6,1.6,2.298,0.6230800000000001,0.447356,0.9000000000000001,0.25
AMR3,T01,1,transition,vg::CHG1__P1__path_1,17,1.7,1.7,2.37906,0.6619600000000001,0.447356,0.9000000000000001,0.25
AMR3,T01,1,transition,vg::CHG1__P1__path_1,18,1.8,1.8,2.46024,0.7008400000000001,0.447356,0.9000000000000001,0.25
AMR3,T01,1,transition,vg::CHG1__P1__path_1,19,1.9,1.9,2.54142,0.7397200000000002,0.447356,0.9000000000000001,0.25
AMR3,T01,1,transition,vg::CHG1__P1__path_1,20,2.0,2.0,2.6226000000000003,0.7786000000000001,0.447356,0.9000000000000001,0.25
AMR3,T01,1,transition,vg::CHG1__P1__path_1,21,2.1,2.1,2.70378,0.8174800000000002,0.447356,0.9000000000000001,0.25
AMR3,T01,1,transition,vg::CHG1__P1__path_1,22,2.2,2.2,2.7849600000000003,0.8563600000000002,0.447356,0.9000000000000001,0.25
AMR3,T01,1,transition,vg::CHG1__P1__path_1,23,2.3,2.3,2.8662142857142863,0.8953571428571431,0.447356,0.9000000000000001,0.25
AMR3,T01,1,transition,vg::CHG1__P1__path_1,24,2.4,2.4,2.9474897959183677,0.934387755102041,0.447356,0.9000000000000001,0.25
AMR3,T01,1,transition,vg::CHG1__P1__path_1,25,2.44,2.44,2.98,0.95,0.447356,0.9000000000000001,0.25
AMR3,T01,1,service_at_pickup,stationary::P1,0,2.44,0.0,2.95,0.95,2.356194,0.0,0.25
AMR3,T01,1,service_at_pickup,stationary::P1,1,2.54,0.1,2.95,0.95,2.356194,0.0,0.25
AMR3,T01,1,service_at_pickup,stationary::P1,2,2.64,0.2,2.95,0.95,2.356194,0.0,0.25
AMR3,T01,1,service_at_pickup,stationary::P1,3,2.74,0.3,2.95,0.95,2.356194,0.0,0.25
AMR3,T01,1,service_at_pickup,stationary::P1,4,2.84,0.4,2.95,0.95,2.356194,0.0,0.25
AMR3,T01,1,service_at_pickup,stationary::P1,5,2.94,0.5,2.95,0.95,2.356194,0.0,0.25
AMR3,T01,1,service_at_pickup,stationary::P1,6,3.04,0.6,2.95,0.95,2.356194,0.0,0.25
AMR3,T01,1,service_at_pickup,stationary::P1,7,3.14,0.7,2.95,0.95,2.356194,0.0,0.25
AMR3,T01,1,service_at_pickup,stationary::P1,8,3.24,0.8,2.95,0.95,2.356194,0.0,0.25
AMR3,T01,1,service_at_pickup,stationary::P1,9,3.34,0.9,2.95,0.95,2.356194,0.0,0.25
AMR3,T01,1,service_at_pickup,stationary::P1,10,3.44,1.0,2.95,0.95,2.356194,0.0,0.25
AMR3,T01,1,service_at_pickup,stationary::P1,11,3.54,1.1,2.95,0.95,2.356194,0.0,0.25
AMR3,T01,1,service_at_pickup,stationary::P1,12,3.64,1.2,2.95,0.95,2.356194,0.0,0.25
AMR3,T01,1,service_at_pickup,stationary::P1,13,3.74,1.3,2.95,0.95,2.356194,0.0,0.25
AMR3,T01,1,service_at_pickup,stationary::P1,14,3.84,1.4,2.95,0.95,2.356194,0.0,0.25
AMR3,T01,1,service_at_pickup,stationary::P1,15,3.94,1.5,2.95,0.95,2.356194,0.0,0.25
AMR3,T01,1,service_at_pickup,stationary::P1,16,4.04,1.6,2.95,0.95,2.356194,0.0,0.25
AMR3,T01,1,service_at_pickup,stationary::P1,17,4.14,1.7,2.95,0.95,2.356194,0.0,0.25
AMR3,T01,1,service_at_pickup,stationary::P1,18,4.24,1.8,2.95,0.95,2.356194,0.0,0.25
AMR3,T01,1,service_at_pickup,stationary::P1,19,4.34,1.9,2.95,0.95,2.356194,0.0,0.25
AMR3,T01,1,service_at_pickup,stationary::P1,20,4.44,2.0,2.95,0.95,2.356194,0.0,0.25
AMR3,T01,1,loaded,vg::P1__SORT1__path_1,0,4.44,0.0,2.98,0.95,-1.454655,0.8099999792914542,0.25
AMR3,T01,1,loaded,vg::P1__SORT1__path_1,1,4.54,0.1,2.9893959997597808,0.8694860020584294,-1.454655,0.8099999792914542,0.25
AMR3,T01,1,loaded,vg::P1__SORT1__path_1,2,4.64,0.2,2.9987919995195615,0.7889720041168589,-1.454655,0.8099999792914542,0.25
AMR3,T01,1,loaded,vg::P1__SORT1__path_1,3,4.74,0.3,3.0081879992793423,0.7084580061752883,-1.454655,0.8099999792914542,0.25
AMR3,T01,1,loaded,vg::P1__SORT1__path_1,4,4.84,0.4,3.0175839990391236,0.6279440082337178,-1.454655,0.8099999792914542,0.25
AMR3,T01,1,loaded,vg::P1__SORT1__path_1,5,4.94,0.5,3.0269799987989043,0.5474300102921472,-1.454655,0.8099999792914542,0.25
AMR3,T01,1,loaded,vg::P1__SORT1__path_1,6,5.04,0.6,3.036375998558685,0.46691601235057667,-1.454655,0.8099999792914542,0.25
AMR3,T01,1,loaded,vg::P1__SORT1__path_1,7,5.14,0.7,3.0926719881712788,0.4391980029861723,-1.2597312721733054,0.8099999792914542,0.25
AMR3,T01,1,loaded,vg::P1__SORT1__path_1,8,5.24,0.8,3.158767986481461,0.42251200341276834,-1.0240771681980634,0.8099999792914542,0.25
AMR3,T01,1,loaded,vg::P1__SORT1__path_1,9,5.34,0.9,3.224863984791644,0.4058260038393644,-0.7884230642228213,0.8099999792914542,0.25
AMR3,T01,1,loaded,vg::P1__SORT1__path_1,10,5.44,1.0,3.2909599831018266,0.3891400042659604,-0.5527689602475793,0.8099999792914542,0.25
AMR3,T01,1,loaded,vg::P1__SORT1__path_1,11,5.54,1.1,3.3570559814120093,0.37245400469255646,-0.31711485627233693,0.8099999792914542,0.25
AMR3,T01,1,loaded,vg::P1__SORT1__path_1,12,5.64,1.2,3.423151979722192,0.35576800511915246,-0.08146075229709471,0.8099999792914542,0.25
AMR3,T01,1,loaded,vg::P1__SORT1__path_1,13,5.74,1.3,3.4989999730788908,0.35,0.0,0.8099999792914542,0.25
AMR3,T01,1,loaded,vg::P1__SORT1__path_1,14,5.84,1.4,3.579999971008036,0.35,0.0,0.8099999792914542,0.25
AMR3,T01,1,loaded,vg::P1__SORT1__path_1,15,5.94,1.5,3.6609999689371815,0.35,0.0,0.8099999792914542,0.25
AMR3,T01,1,loaded,vg::P1__SORT1__path_1,16,6.04,1.6,3.741999966866327,0.35,0.0,0.8099999792914542,0.25
AMR3,T01,1,loaded,vg::P1__SORT1__path_1,17,6.14,1.7,3.8229999647954727,0.35,0.0,0.8099999792914542,0.25
AMR3,T01,1,loaded,vg::P1__SORT1__path_1,18,6.24,1.8,3.903999962724618,0.35,0.0,0.8099999792914542,0.25
AMR3,T01,1,loaded,vg::P1__SORT1__path_1,19,6.34,1.9,3.9849999606537634,0.35,0.0,0.8099999792914542,0.25
AMR3,T01,1,loaded,vg::P1__SORT1__path_1,20,6.44,2.0,4.065999958582909,0.35,0.0,0.8099999792914542,0.25
AMR3,T01,1,loaded,vg::P1__SORT1__path_1,21,6.54,2.1,4.146999956512054,0.35,0.0,0.8099999792914542,0.25
AMR3,T01,1,loaded,vg::P1__SORT1__path_1,22,6.64,2.2,4.2279999544411995,0.35,0.0,0.8099999792914542,0.25
AMR3,T01,1,loaded,vg::P1__SORT1__path_1,23,6.74,2.3,4.308999952370344,0.35,0.0,0.8099999792914542,0.25
AMR3,T01,1,loaded,vg::P1__SORT1__path_1,24,6.84,2.4,4.38999995029949,0.35,0.0,0.8099999792914542,0.25
AMR3,T01,1,loaded,vg::P1__SORT1__path_1,25,6.94,2.5,4.470999948228635,0.3504999989645727,0.0011109476993841063,0.8099999792914542,0.25
AMR3,T01,1,loaded,vg::P1__SORT1__path_1,26,7.04,2.6,4.551999946157781,0.3521199989231556,0.004710425607359473,0.8099999792914542,0.25
AMR3,T01,1,loaded,vg::P1__SORT1__path_1,27,7.14,2.7,4.632999944086926,0.3537399988817385,0.008309903515334841,0.8099999792914542,0.25
AMR3,T01,1,loaded,vg::P1__SORT1__path_1,28,7.24,2.8,4.713999942016072,0.35535999884032143,0.011909381423310208,0.8099999792914542,0.25
AMR3,T01,1,loaded,vg::P1__SORT1__path_1,29,7.34,2.9,4.7949999399452174,0.35697999879890435,0.015508859331285575,0.8099999792914542,0.25
AMR3,T01,1,loaded,vg::P1__SORT1__path_1,30,7.44,3.0,4.875999937874362,0.3585999987574872,0.019108337239260927,0.8099999792914542,0.25
AMR3,T01,1,loaded,vg::P1__SORT1__path_1,31,7.54,3.1,4.956999935803508,0.3602419985876772,0.022219,0.8099999792914542,0.25
AMR3,T01,1,loaded,vg::P1__SORT1__path_1,32,7.64,3.2,5.037999933732653,0.36202399854211836,0.022219,0.8099999792914542,0.25
AMR3,T01,1,loaded,vg::P1__SORT1__path_1,33,7.74,3.3,5.118999931661799,0.3638059984965596,0.022219,0.8099999792914542,0.25
AMR3,T01,1,loaded,vg::P1__SORT1__path_1,34,7.84,3.4,5.199999929590945,0.36558799845100076,0.022219,0.8099999792914542,0.25
AMR3,T01,1,loaded,vg::P1__SORT1__path_1,35,7.94,3.5,5.28099992752009,0.367369998405442,0.022219,0.8099999792914542,0.25
AMR3,T01,1,loaded,vg::P1__SORT1__path_1,36,8.04,3.6,5.3619999254492345,0.36915199835988316,0.022219,0.8099999792914542,0.25
AMR3,T01,1,loaded,vg::P1__SORT1__path_1,37,8.14,3.7,5.44299992337838,0.3709339983143244,0.022219,0.8099999792914542,0.25
AMR3,T01,1,loaded,vg::P1__SORT1__path_1,38,8.24,3.8,5.523999921307526,0.37271599826876556,0.022219,0.8099999792914542,0.25
AMR3,T01,1,loaded,vg::P1__SORT1__path_1,39,8.34,3.9,5.604999919236672,0.3744979982232068,0.022219,0.8099999792914542,0.25
AMR3,T01,1,loaded,vg::P1__SORT1__path_1,40,8.44,4.0,5.685999917165817,0.37627999817764796,0.022219,0.8099999792914542,0.25
AMR3,T01,1,loaded,vg::P1__SORT1__path_1,41,8.54,4.1,5.766999915094963,0.3780619981320892,0.022219,0.8099999792914542,0.25
AMR3,T01,1,loaded,vg::P1__SORT1__path_1,42,8.64,4.2,5.847999913024108,0.3798439980865304,0.022219,0.8099999792914542,0.25
AMR3,T01,1,loaded,vg::P1__SORT1__path_1,43,8.74,4.3,5.928999910953253,0.3816259980409716,0.022219,0.8099999792914542,0.25
AMR3,T01,1,loaded,vg::P1__SORT1__path_1,44,8.84,4.4,6.009871909064634,0.3834079979954128,0.022219,0.8099999792914542,0.25
AMR3,T01,1,loaded,vg::P1__SORT1__path_1,45,8.94,4.5,6.090709906997921,0.385189997949854,0.022219,0.8099999792914542,0.25
AMR3,T01,1,loaded,vg::P1__SORT1__path_1,46,9.04,4.6,6.1715479049312085,0.3869719979042952,0.022219,0.8099999792914542,0.25
AMR3,T01,1,loaded,vg::P1__SORT1__path_1,47,9.14,4.7,6.2523859028644955,0.3887539978587364,0.022219,0.8099999792914542,0.25
AMR3,T01,1,loaded,vg::P1__SORT1__path_1,48,9.24,4.8,6.333223900797783,0.3905359978131776,0.022219,0.8099999792914542,0.25
AMR3,T01,1,loaded,vg::P1__SORT1__path_1,49,9.34,4.9,6.41406189873107,0.3923179977676188,0.022219,0.8099999792914542,0.25
AMR3,T01,1,loaded,vg::P1__SORT1__path_1,50,9.44,5.0,6.494999896457271,0.3950999956512054,0.02730118947550286,0.8099999792914542,0.25
AMR3,T01,1,loaded,vg::P1__SORT1__path_1,51,9.54,5.1,6.575999894386417,0.3985019955642295,0.035534353265012954,0.8099999792914542,0.25
AMR3,T01,1,loaded,vg::P1__SORT1__path_1,52,9.64,5.2,6.656999892315563,0.4019039954772536,0.043767517054522975,0.8099999792914542,0.25
AMR3,T01,1,loaded,vg::P1__SORT1__path_1,53,9.74,5.3,6.7379998902447085,0.40530599539027773,0.05200068084403307,0.8099999792914542,0.25
AMR3,T01,1,loaded,vg::P1__SORT1__path_1,54,9.84,5.4,6.818999888173853,0.4087079953033018,0.06023384463354309,0.8099999792914542,0.25
AMR3,T01,1,loaded,vg::P1__SORT1__path_1,55,9.94,5.5,6.899999886102998,0.4121099952163259,0.06846700842305312,0.8099999792914542,0.25
AMR3,T01,1,loaded,vg::P1__SORT1__path_1,56,10.04,5.6,6.98092788426408,0.4166639914183786,0.073041,0.8099999792914542,0.25
AMR3,T01,1,loaded,vg::P1__SORT1__path_1,57,10.14,5.7,7.061765882197366,0.42265799126513537,0.073041,0.8099999792914542,0.25
AMR3,T01,1,loaded,vg::P1__SORT1__path_1,58,10.24,5.8,7.142603880130654,0.42865199111189217,0.073041,0.8099999792914542,0.25
AMR3,T01,1,loaded,vg::P1__SORT1__path_1,59,10.34,5.9,7.223441878063941,0.4346459909586489,0.073041,0.8099999792914542,0.25
AMR3,T01,1,loaded,vg::P1__SORT1__path_1,60,10.44,6.0,7.304279875997228,0.44063999080540567,0.073041,0.8099999792914542,0.25
AMR3,T01,1,loaded,vg::P1__SORT1__path_1,61,10.54,6.1,7.385117873930516,0.44663399065216247,0.073041,0.8099999792914542,0.25
AMR3,T01,1,loaded,vg::P1__SORT1__path_1,62,10.64,6.2,7.465911872120588,0.4525839907557052,0.073041,0.8099999792914542,0.25
AMR3,T01,1,loaded,vg::P1__SORT1__path_1,63,10.74,6.3,7.546587870058017,0.4584159906066037,0.073041,0.8099999792914542,0.25
AMR3,T01,1,loaded,vg::P1__SORT1__path_1,64,10.84,6.4,7.627263867995446,0.46424799045750215,0.073041,0.8099999792914542,0.25
AMR3,T01,1,loaded,vg::P1__SORT1__path_1,65,10.94,6.5,7.707939865932875,0.4700799903084006,0.073041,0.8099999792914542,0.25
AMR3,T01,1,loaded,vg::P1__SORT1__path_1,66,11.04,6.6,7.788615863870304,0.4759119901592991,0.073041,0.8099999792914542,0.25
AMR3,T01,1,loaded,vg::P1__SORT1__path_1,67,11.14,6.7,7.869291861807733,0.4817439900101975,0.073041,0.8099999792914542,0.25
AMR3,T01,1,loaded,vg::P1__SORT1__path_1,68,11.24,6.8,7.949983859463526,0.4875919895794598,0.073041,0.8099999792914542,0.25
AMR3,T01,1,loaded,vg::P1__SORT1__path_1,69,11.34,6.9,8.030821857396813,0.49358598942621656,0.073041,0.8099999792914542,0.25
AMR3,T01,1,loaded,vg::P1__SORT1__path_1,70,11.44,7.0,8.1116598553301,0.4995799892729733,0.073041,0.8099999792914542,0.25
AMR3,T01,1,loaded,vg::P1__SORT1__path_1,71,11.54,7.1,8.192497853263387,0.5055739891197301,0.073041,0.8099999792914542,0.25
AMR3,T01,1,loaded,vg::P1__SORT1__path_1,72,11.64,7.2,8.273335851196673,0.5115679889664868,0.073041,0.8099999792914542,0.25
AMR3,T01,1,loaded,vg::P1__SORT1__path_1,73,11.74,7.3,8.354173849129962,0.5175619888132437,0.073041,0.8099999792914542,0.25
AMR3,T01,1,loaded,vg::P1__SORT1__path_1,74,11.84,7.4,8.43501184706325,0.5235559886600004,0.073041,0.8099999792914542,0.25
AMR3,T01,1,loaded,vg::P1__SORT1__path_1,75,11.94,7.5,8.505199867051136,0.5460499543376566,0.2198320460164607,0.8099999792914542,0.25
AMR3,T01,1,loaded,vg::P1__SORT1__path_1,76,12.04,7.6,8.574535865278484,0.5698639537288255,0.3783666999633476,0.8099999792914542,0.25
AMR3,T01,1,loaded,vg::P1__SORT1__path_1,77,12.14,7.7,8.643871863505833,0.593677953119994,0.536901353910233,0.8099999792914542,0.25
AMR3,T01,1,loaded,vg::P1__SORT1__path_1,78,12.24,7.8,8.713207861733181,0.617491952511163,0.6954360078571199,0.8099999792914542,0.25
AMR3,T01,1,loaded,vg::P1__SORT1__path_1,79,12.34,7.9,8.78254385996053,0.6413059519023316,0.8539706618040054,0.8099999792914542,0.25
AMR3,T01,1,loaded,vg::P1__SORT1__path_1,80,12.44,8.0,8.851879858187878,0.6651199512935002,1.0125053157508908,0.8099999792914542,0.25
AMR3,T01,1,loaded,vg::P1__SORT1__path_1,81,12.54,8.1,8.899255916801346,0.7240698540668775,1.05165,0.8099999792914542,0.25
AMR3,T01,1,loaded,vg::P1__SORT1__path_1,82,12.64,8.2,8.939431915774204,0.7945398522652352,1.05165,0.8099999792914542,0.25
AMR3,T01,1,loaded,vg::P1__SORT1__path_1,83,12.74,8.3,8.97960791474706,0.8650098504635916,1.05165,0.8099999792914542,0.25
AMR3,T01,1,loaded,vg::P1__SORT1__path_1,84,12.84,8.4,9.019783913719916,0.935479848661948,1.05165,0.8099999792914542,0.25
AMR3,T01,1,loaded,vg::P1__SORT1__path_1,85,12.94,8.5,9.059959912692772,1.0059498468603043,1.05165,0.8099999792914542,0.25
AMR3,T01,1,loaded,vg::P1__SORT1__path_1,86,13.04,8.6,9.100135911665628,1.0764198450586608,1.05165,0.8099999792914542,0.25
AMR3,T01,1,loaded,vg::P1__SORT1__path_1,87,13.14,8.7,9.140405910278156,1.146795843617347,1.05165,0.8099999792914542,0.25
AMR3,T01,1,loaded,vg::P1__SORT1__path_1,88,13.24,8.8,9.18074390924687,1.217103841819845,1.05165,0.8099999792914542,0.25
AMR3,T01,1,loaded,vg::P1__SORT1__path_1,89,13.34,8.9,9.221081908215584,1.2874118400223429,1.05165,0.8099999792914542,0.25
AMR3,T01,1,mid_path_wait_loaded,midwait::vg::P1__SORT1__path_1,90,13.42,8.98,9.253352307390555,1.3436582385843416,1.05165,0.0,0.25
AMR3,T01,1,mid_path_wait_loaded,midwait::vg::P1__SORT1__path_1,91,13.52,9.08,9.253352307390555,1.3436582385843416,1.05165,0.0,0.25
AMR3,T01,1,mid_path_wait_loaded,midwait::vg::P1__SORT1__path_1,92,13.62,9.18,9.253352307390555,1.3436582385843416,1.05165,0.0,0.25
AMR3,T01,1,mid_path_wait_loaded,midwait::vg::P1__SORT1__path_1,93,13.72,9.28,9.253352307390555,1.3436582385843416,1.05165,0.0,0.25
AMR3,T01,1,mid_path_wait_loaded,midwait::vg::P1__SORT1__path_1,94,13.82,9.38,9.253352307390555,1.3436582385843416,1.05165,0.0,0.25
AMR3,T01,1,mid_path_wait_loaded,midwait::vg::P1__SORT1__path_1,95,13.92,9.48,9.253352307390555,1.3436582385843416,1.05165,0.0,0.25
AMR3,T01,1,mid_path_wait_loaded,midwait::vg::P1__SORT1__path_1,96,14.02,9.58,9.253352307390555,1.3436582385843416,1.05165,0.0,0.25
AMR3,T01,1,mid_path_wait_loaded,midwait::vg::P1__SORT1__path_1,97,14.12,9.68,9.253352307390555,1.3436582385843416,1.05165,0.0,0.25
AMR3,T01,1,mid_path_wait_loaded,midwait::vg::P1__SORT1__path_1,98,14.22,9.78,9.253352307390555,1.3436582385843416,1.05165,0.0,0.25
AMR3,T01,1,mid_path_wait_loaded,midwait::vg::P1__SORT1__path_1,99,14.32,9.88,9.253352307390555,1.3436582385843416,1.05165,0.0,0.25
AMR3,T01,1,mid_path_wait_loaded,midwait::vg::P1__SORT1__path_1,100,14.42,9.98,9.253352307390555,1.3436582385843416,1.05165,0.0,0.25
AMR3,T01,1,mid_path_wait_loaded,midwait::vg::P1__SORT1__path_1,101,14.52,10.08,9.253352307390555,1.3436582385843416,1.05165,0.0,0.25
AMR3,T01,1,mid_path_wait_loaded,midwait::vg::P1__SORT1__path_1,102,14.62,10.18,9.253352307390555,1.3436582385843416,1.05165,0.0,0.25
AMR3,T01,1,mid_path_wait_loaded,midwait::vg::P1__SORT1__path_1,103,14.72,10.28,9.253352307390555,1.3436582385843416,1.05165,0.0,0.25
AMR3,T01,1,mid_path_wait_loaded,midwait::vg::P1__SORT1__path_1,104,14.82,10.38,9.253352307390555,1.3436582385843416,1.05165,0.0,0.25
AMR3,T01,1,mid_path_wait_loaded,midwait::vg::P1__SORT1__path_1,105,14.92,10.48,9.253352307390555,1.3436582385843416,1.05165,0.0,0.25
AMR3,T01,1,mid_path_wait_loaded,midwait::vg::P1__SORT1__path_1,106,15.02,10.58,9.253352307390555,1.3436582385843416,1.05165,0.0,0.25
AMR3,T01,1,mid_path_wait_loaded,midwait::vg::P1__SORT1__path_1,107,15.12,10.68,9.253352307390555,1.3436582385843416,1.05165,0.0,0.25
AMR3,T01,1,mid_path_wait_loaded,midwait::vg::P1__SORT1__path_1,108,15.22,10.78,9.253352307390555,1.3436582385843416,1.05165,0.0,0.25
AMR3,T01,1,mid_path_wait_loaded,midwait::vg::P1__SORT1__path_1,109,15.32,10.88,9.253352307390555,1.3436582385843416,1.05165,0.0,0.25
AMR3,T01,1,mid_path_wait_loaded,midwait::vg::P1__SORT1__path_1,110,15.42,10.98,9.253352307390555,1.3436582385843416,1.05165,0.0,0.25
AMR3,T01,1,mid_path_wait_loaded,midwait::vg::P1__SORT1__path_1,111,15.52,11.08,9.253352307390555,1.3436582385843416,1.05165,0.0,0.25
AMR3,T01,1,mid_path_wait_loaded,midwait::vg::P1__SORT1__path_1,112,15.62,11.18,9.253352307390555,1.3436582385843416,1.05165,0.0,0.25
AMR3,T01,1,mid_path_wait_loaded,midwait::vg::P1__SORT1__path_1,113,15.72,11.28,9.253352307390555,1.3436582385843416,1.05165,0.0,0.25
AMR3,T01,1,mid_path_wait_loaded,midwait::vg::P1__SORT1__path_1,114,15.82,11.38,9.253352307390555,1.3436582385843416,1.05165,0.0,0.25
AMR3,T01,1,mid_path_wait_loaded,midwait::vg::P1__SORT1__path_1,115,15.92,11.48,9.253352307390555,1.3436582385843416,1.05165,0.0,0.25
AMR3,T01,1,mid_path_wait_loaded,midwait::vg::P1__SORT1__path_1,116,16.02,11.58,9.253352307390555,1.3436582385843416,1.05165,0.0,0.25
AMR3,T01,1,mid_path_wait_loaded,midwait::vg::P1__SORT1__path_1,117,16.12,11.68,9.253352307390555,1.3436582385843416,1.05165,0.0,0.25
AMR3,T01,1,mid_path_wait_loaded,midwait::vg::P1__SORT1__path_1,118,16.22,11.78,9.253352307390555,1.3436582385843416,1.05165,0.0,0.25
AMR3,T01,1,mid_path_wait_loaded,midwait::vg::P1__SORT1__path_1,119,16.32,11.88,9.253352307390555,1.3436582385843416,1.05165,0.0,0.25
AMR3,T01,1,mid_path_wait_loaded,midwait::vg::P1__SORT1__path_1,120,16.42,11.98,9.253352307390555,1.3436582385843416,1.05165,0.0,0.25
AMR3,T01,1,mid_path_wait_loaded,midwait::vg::P1__SORT1__path_1,121,16.52,12.08,9.253352307390555,1.3436582385843416,1.05165,0.0,0.25
AMR3,T01,1,mid_path_wait_loaded,midwait::vg::P1__SORT1__path_1,122,16.62,12.18,9.253352307390555,1.3436582385843416,1.05165,0.0,0.25
AMR3,T01,1,mid_path_wait_loaded,midwait::vg::P1__SORT1__path_1,123,16.72,12.28,9.253352307390555,1.3436582385843416,1.05165,0.0,0.25
AMR3,T01,1,mid_path_wait_loaded,midwait::vg::P1__SORT1__path_1,124,16.82,12.38,9.253352307390555,1.3436582385843416,1.05165,0.0,0.25
AMR3,T01,1,mid_path_wait_loaded,midwait::vg::P1__SORT1__path_1,125,16.92,12.48,9.253352307390555,1.3436582385843416,1.05165,0.0,0.25
AMR3,T01,1,mid_path_wait_loaded,midwait::vg::P1__SORT1__path_1,126,17.02,12.58,9.253352307390555,1.3436582385843416,1.05165,0.0,0.25
AMR3,T01,1,mid_path_wait_loaded,midwait::vg::P1__SORT1__path_1,127,17.12,12.68,9.253352307390555,1.3436582385843416,1.05165,0.0,0.25
AMR3,T01,1,mid_path_wait_loaded,midwait::vg::P1__SORT1__path_1,128,17.22,12.78,9.253352307390555,1.3436582385843416,1.05165,0.0,0.25
AMR3,T01,1,mid_path_wait_loaded,midwait::vg::P1__SORT1__path_1,129,17.32,12.88,9.253352307390555,1.3436582385843416,1.05165,0.0,0.25
AMR3,T01,1,mid_path_wait_loaded,midwait::vg::P1__SORT1__path_1,130,17.42,12.98,9.253352307390555,1.3436582385843416,1.05165,0.0,0.25
AMR3,T01,1,loaded,vg::P1__SORT1__path_1,131,17.52,13.08,9.29369030635927,1.4139662367868395,1.05165,0.8099999792914542,0.25
AMR3,T01,1,loaded,vg::P1__SORT1__path_1,132,17.62,13.18,9.334028305327983,1.4842742349893374,1.05165,0.8099999792914542,0.25
AMR3,T01,1,loaded,vg::P1__SORT1__path_1,133,17.72,13.28,9.374332704681049,1.5545822331918353,1.05165,0.8099999792914542,0.25
AMR3,T01,1,loaded,vg::P1__SORT1__path_1,134,17.82,13.38,9.414508703653905,1.6248902313943332,1.05165,0.8099999792914542,0.25
AMR3,T01,1,loaded,vg::P1__SORT1__path_1,135,17.92,13.48,9.45468470262676,1.695198229596831,1.05165,0.8099999792914542,0.25
AMR3,T01,1,loaded,vg::P1__SORT1__path_1,136,18.02,13.58,9.494860701599617,1.765506227799329,1.05165,0.8099999792914542,0.25
AMR3,T01,1,loaded,vg::P1__SORT1__path_1,137,18.12,13.68,9.535036700572473,1.8358142260018269,1.05165,0.8099999792914542,0.25
AMR3,T01,1,loaded,vg::P1__SORT1__path_1,138,18.22,13.78,9.575212699545329,1.9061222242043248,1.05165,0.8099999792914542,0.25
AMR3,T01,1,loaded,vg::P1__SORT1__path_1,139,18.32,13.88,9.615386814543712,1.9764334670295287,1.05165,0.8099999792914542,0.25
AMR3,T01,1,loaded,vg::P1__SORT1__path_1,140,18.42,13.98,9.655508308845063,2.046835334388505,1.05165,0.8099999792914542,0.25
AMR3,T01,1,loaded,vg::P1__SORT1__path_1,141,18.52,14.08,9.695629803146415,2.1172372017474816,1.05165,0.8099999792914542,0.25
AMR3,T01,1,loaded,vg::P1__SORT1__path_1,142,18.581,14.141,9.72,2.16,1.05165,0.8099999792914542,0.25
AMR3,T09,2,transition,vg::SORT1__P4__path_1,0,18.581,0.0,9.72,2.16,-2.089942,0.900000013715331,0.25
AMR3,T09,2,transition,vg::SORT1__P4__path_1,1,18.681,0.1,9.67535999931972,2.0818799988095096,-2.089942,0.900000013715331,0.25
AMR3,T09,2,transition,vg::SORT1__P4__path_1,2,18.781,0.2,9.630719998639439,2.0037599976190186,-2.089942,0.900000013715331,0.25
AMR3,T09,2,transition,vg::SORT1__P4__path_1,3,18.881,0.3,9.586079997959159,1.9256399964285278,-2.089942,0.900000013715331,0.25
AMR3,T09,2,transition,vg::SORT1__P4__path_1,4,18.981,0.4,9.541439997278879,1.847519995238037,-2.089942,0.900000013715331,0.25
AMR3,T09,2,transition,vg::SORT1__P4__path_1,5,19.081,0.5,9.496799996598597,1.7693999940475464,-2.089942,0.900000013715331,0.25
AMR3,T09,2,transition,vg::SORT1__P4__path_1,6,19.181,0.6,9.452159995918317,1.6912799928570554,-2.089942,0.900000013715331,0.25
AMR3,T09,2,transition,vg::SORT1__P4__path_1,7,19.281,0.7,9.407519995238037,1.6131599916665649,-2.089942,0.900000013715331,0.25
AMR3,T09,2,transition,vg::SORT1__P4__path_1,8,19.381,0.8,9.362879994557757,1.535039990476074,-2.089942,0.900000013715331,0.25
AMR3,T09,2,transition,vg::SORT1__P4__path_1,9,19.481,0.9,9.318239993877476,1.4569199892855833,-2.089942,0.900000013715331,0.25
AMR3,T09,2,transition,vg::SORT1__P4__path_1,10,19.581,1.0,9.273599993197196,1.3787999880950927,-2.089942,0.900000013715331,0.25
AMR3,T09,2,transition,vg::SORT1__P4__path_1,11,19.681,1.1,9.228959992516916,1.300679986904602,-2.089942,0.900000013715331,0.25
AMR3,T09,2,transition,vg::SORT1__P4__path_1,12,19.781,1.2,9.184319991836635,1.2225599857141112,-2.089942,0.900000013715331,0.25
AMR3,T09,2,transition,vg::SORT1__P4__path_1,13,19.881,1.3,9.139679991156354,1.1444399845236206,-2.089942,0.900000013715331,0.25
AMR3,T09,2,transition,vg::SORT1__P4__path_1,14,19.981,1.4,9.095039990476074,1.0663199833331298,-2.089942,0.900000013715331,0.25
AMR3,T09,2,transition,vg::SORT1__P4__path_1,15,20.081,1.5,9.050399989795794,0.9881999821426392,-2.089942,0.900000013715331,0.25
AMR3,T09,2,transition,vg::SORT1__P4__path_1,16,20.181,1.6,9.005759989115514,0.9100799809521484,-2.089942,0.900000013715331,0.25
AMR3,T09,2,transition,vg::SORT1__P4__path_1,17,20.281,1.7,8.956739985031088,0.838859985124352,-2.1486586456346646,0.900000013715331,0.25
AMR3,T09,2,transition,vg::SORT1__P4__path_1,18,20.381,1.8,8.898959984150563,0.7814399842493139,-2.324808448319056,0.900000013715331,0.25
AMR3,T09,2,transition,vg::SORT1__P4__path_1,19,20.481,1.9,8.84117998327004,0.7240199833742758,-2.5009582510034485,0.900000013715331,0.25
AMR3,T09,2,transition,vg::SORT1__P4__path_1,20,20.581,2.0,8.783399982389515,0.6665999824992377,-2.67710805368784,0.900000013715331,0.25
AMR3,T09,2,transition,vg::SORT1__P4__path_1,21,20.681,2.1,8.72561998150899,0.6091799816241995,-2.8532578563722324,0.900000013715331,0.25
AMR3,T09,2,transition,vg::SORT1__P4__path_1,22,20.781,2.2,8.667839980628466,0.5517599807491613,-3.0294076590566243,0.900000013715331,0.25
AMR3,T09,2,transition,vg::SORT1__P4__path_1,23,20.881,2.3,8.58513996851783,0.5339599977287413,-3.068552,0.900000013715331,0.25
AMR3,T09,2,transition,vg::SORT1__P4__path_1,24,20.981,2.4,8.495319967149038,0.5274799976299908,-3.068552,0.900000013715331,0.25
AMR3,T09,2,transition,vg::SORT1__P4__path_1,25,21.081,2.5,8.40549996578025,0.5209999975312405,-3.068552,0.900000013715331,0.25
AMR3,T09,2,transition,vg::SORT1__P4__path_1,26,21.181,2.6,8.315679964411459,0.51451999743249,-3.068552,0.900000013715331,0.25
AMR3,T09,2,transition,vg::SORT1__P4__path_1,27,21.281,2.7,8.22585996304267,0.5080399973337396,-3.068552,0.900000013715331,0.25
AMR3,T09,2,transition,vg::SORT1__P4__path_1,28,21.381,2.8,8.136039961673879,0.5015199971581834,-3.068552,0.900000013715331,0.25
AMR3,T09,2,transition,vg::SORT1__P4__path_1,29,21.481,2.9,8.04621996030509,0.4948599970566899,-3.068552,0.900000013715331,0.25
AMR3,T09,2,transition,vg::SORT1__P4__path_1,30,21.581,3.0,7.9563999589362995,0.48819999695519656,-3.068552,0.900000013715331,0.25
AMR3,T09,2,transition,vg::SORT1__P4__path_1,31,21.681,3.1,7.8665799575675095,0.4815399968537031,-3.068552,0.900000013715331,0.25
AMR3,T09,2,transition,vg::SORT1__P4__path_1,32,21.781,3.2,7.776759956198719,0.47487999675220965,-3.068552,0.900000013715331,0.25
AMR3,T09,2,transition,vg::SORT1__P4__path_1,33,21.881,3.3,7.686939954829929,0.4682199966507162,-3.068552,0.900000013715331,0.25
AMR3,T09,2,transition,vg::SORT1__P4__path_1,34,21.981,3.4,7.597239953554403,0.461679996642487,-3.068552,0.900000013715331,0.25
AMR3,T09,2,transition,vg::SORT1__P4__path_1,35,22.081,3.5,7.5075999521883565,0.4551999965437366,-3.068552,0.900000013715331,0.25
AMR3,T09,2,transition,vg::SORT1__P4__path_1,36,22.181,3.6,7.4179599508223095,0.4487199964449862,-3.068552,0.900000013715331,0.25
AMR3,T09,2,transition,vg::SORT1__P4__path_1,37,22.281,3.7,7.328319949456262,0.44223999634623584,-3.068552,0.900000013715331,0.25
AMR3,T09,2,transition,vg::SORT1__P4__path_1,38,22.381,3.8,7.238679948090215,0.43575999624748546,-3.068552,0.900000013715331,0.25
AMR3,T09,2,transition,vg::SORT1__P4__path_1,39,22.481,3.9,7.149019946617188,0.4293999967906125,-2.9443484356412832,0.900000013715331,0.25
AMR3,T09,2,transition,vg::SORT1__P4__path_1,40,22.581,4.0,7.059199945248399,0.42399999670832056,-1.826522318606448,0.900000013715331,0.25
AMR3,T09,2,transition,vg::SORT1__P4__path_1,41,22.681,4.1,6.969379943879608,0.41859999662602854,-0.7086962015716032,0.900000013715331,0.25
AMR3,T09,2,transition,vg::SORT1__P4__path_1,42,22.781,4.2,6.879559942510818,0.4131999965437366,0.40912991546323196,0.900000013715331,0.25
AMR3,T09,2,transition,vg::SORT1__P4__path_1,43,22.881,4.3,6.789739941142029,0.40779999646144466,1.526956032498067,0.900000013715331,0.25
AMR3,T09,2,transition,vg::SORT1__P4__path_1,44,22.981,4.4,6.699919939773238,0.40239999637915264,2.644782149532912,0.900000013715331,0.25
AMR3,T09,2,transition,vg::SORT1__P4__path_1,45,23.081,4.5,6.60999993828101,0.4,3.141593,0.900000013715331,0.25
AMR3,T09,2,transition,vg::SORT1__P4__path_1,46,23.181,4.6,6.519999936909477,0.4,3.141593,0.900000013715331,0.25
AMR3,T09,2,transition,vg::SORT1__P4__path_1,47,23.281,4.7,6.4299999355379445,0.4,3.141593,0.900000013715331,0.25
AMR3,T09,2,transition,vg::SORT1__P4__path_1,48,23.381,4.8,6.339999934166411,0.4,3.141593,0.900000013715331,0.25
AMR3,T09,2,transition,vg::SORT1__P4__path_1,49,23.481,4.9,6.249999932794878,0.4,3.141593,0.900000013715331,0.25
AMR3,T09,2,transition,vg::SORT1__P4__path_1,50,23.581,5.0,6.159999931423346,0.4,3.141593,0.900000013715331,0.25
AMR3,T09,2,transition,vg::SORT1__P4__path_1,51,23.681,5.1,6.069999930051812,0.4,3.141593,0.900000013715331,0.25
AMR3,T09,2,transition,vg::SORT1__P4__path_1,52,23.781,5.2,5.979999928680279,0.4,3.141593,0.900000013715331,0.25
AMR3,T09,2,transition,vg::SORT1__P4__path_1,53,23.881,5.3,5.889999927308745,0.4,3.141593,0.900000013715331,0.25
AMR3,T09,2,transition,vg::SORT1__P4__path_1,54,23.981,5.4,5.799999925937213,0.4,3.141593,0.900000013715331,0.25
AMR3,T09,2,transition,vg::SORT1__P4__path_1,55,24.081,5.5,5.70999992456568,0.4,3.141593,0.900000013715331,0.25
AMR3,T09,2,transition,vg::SORT1__P4__path_1,56,24.181,5.6,5.619999923194146,0.4,3.141593,0.900000013715331,0.25
AMR3,T09,2,transition,vg::SORT1__P4__path_1,57,24.281,5.7,5.529999921822613,0.4,3.141593,0.900000013715331,0.25
AMR3,T09,2,transition,vg::SORT1__P4__path_1,58,24.381,5.8,5.439999920451079,0.4,3.141593,0.900000013715331,0.25
AMR3,T09,2,transition,vg::SORT1__P4__path_1,59,24.481,5.9,5.349999919079547,0.4,3.141593,0.900000013715331,0.25
AMR3,T09,2,transition,vg::SORT1__P4__path_1,60,24.581,6.0,5.259999917708014,0.4,3.141593,0.900000013715331,0.25
AMR3,T09,2,transition,vg::SORT1__P4__path_1,61,24.681,6.1,5.16999991633648,0.4,3.141593,0.900000013715331,0.25
AMR3,T09,2,transition,vg::SORT1__P4__path_1,62,24.781,6.2,5.137759976360256,0.4622400661572708,2.902033545363386,0.900000013715331,0.25
AMR3,T09,2,transition,vg::SORT1__P4__path_1,63,24.881,6.3,5.112739975978969,0.5322600672243238,2.6325294412563425,0.900000013715331,0.25
AMR3,T09,2,transition,vg::SORT1__P4__path_1,64,24.981,6.4,5.087719975597683,0.6022800682913763,2.3630253371493017,0.900000013715331,0.25
AMR3,T09,2,transition,vg::SORT1__P4__path_1,65,25.081,6.5,5.062699975216397,0.6723000693584287,2.093521233042261,0.900000013715331,0.25
AMR3,T09,2,transition,vg::SORT1__P4__path_1,66,25.181,6.6,5.03767997483511,0.7423200704254816,1.8240171289352178,0.900000013715331,0.25
AMR3,T09,2,transition,vg::SORT1__P4__path_1,67,25.281,6.7,5.018839993383724,0.8189400917089319,1.644348,0.900000013715331,0.25
AMR3,T09,2,transition,vg::SORT1__P4__path_1,68,25.381,6.8,5.012359993284974,0.9087600930777224,1.644348,0.900000013715331,0.25
AMR3,T09,2,transition,vg::SORT1__P4__path_1,69,25.481,6.9,5.005879993186223,0.9985800944465122,1.644348,0.900000013715331,0.25
AMR3,T09,2,transition,vg::SORT1__P4__path_1,70,25.581,7.0,4.999399993087473,1.088400095815302,1.644348,0.900000013715331,0.25
AMR3,T09,2,transition,vg::SORT1__P4__path_1,71,25.681,7.1,4.992919992988723,1.1782200971840924,1.644348,0.900000013715331,0.25
AMR3,T09,2,transition,vg::SORT1__P4__path_1,72,25.781,7.2,4.986439992889973,1.2680400985528821,1.644348,0.900000013715331,0.25
AMR3,T09,2,transition,vg::SORT1__P4__path_1,73,25.872,7.291,4.98,1.35,1.644348,0.900000013715331,0.25
AMR3,T09,2,service_at_pickup,stationary::P4,0,25.872,0.0,4.95,1.35,1.570796,0.0,0.25
AMR3,T09,2,service_at_pickup,stationary::P4,1,25.972,0.1,4.95,1.35,1.570796,0.0,0.25
AMR3,T09,2,service_at_pickup,stationary::P4,2,26.072,0.2,4.95,1.35,1.570796,0.0,0.25
AMR3,T09,2,service_at_pickup,stationary::P4,3,26.172,0.3,4.95,1.35,1.570796,0.0,0.25
AMR3,T09,2,service_at_pickup,stationary::P4,4,26.272,0.4,4.95,1.35,1.570796,0.0,0.25
AMR3,T09,2,service_at_pickup,stationary::P4,5,26.372,0.5,4.95,1.35,1.570796,0.0,0.25
AMR3,T09,2,service_at_pickup,stationary::P4,6,26.472,0.6,4.95,1.35,1.570796,0.0,0.25
AMR3,T09,2,service_at_pickup,stationary::P4,7,26.572,0.7,4.95,1.35,1.570796,0.0,0.25
AMR3,T09,2,service_at_pickup,stationary::P4,8,26.672,0.8,4.95,1.35,1.570796,0.0,0.25
AMR3,T09,2,service_at_pickup,stationary::P4,9,26.772,0.9,4.95,1.35,1.570796,0.0,0.25
AMR3,T09,2,service_at_pickup,stationary::P4,10,26.872,1.0,4.95,1.35,1.570796,0.0,0.25
AMR3,T09,2,service_at_pickup,stationary::P4,11,26.972,1.1,4.95,1.35,1.570796,0.0,0.25
AMR3,T09,2,service_at_pickup,stationary::P4,12,27.072,1.2,4.95,1.35,1.570796,0.0,0.25
AMR3,T09,2,service_at_pickup,stationary::P4,13,27.172,1.3,4.95,1.35,1.570796,0.0,0.25
AMR3,T09,2,service_at_pickup,stationary::P4,14,27.272,1.4,4.95,1.35,1.570796,0.0,0.25
AMR3,T09,2,service_at_pickup,stationary::P4,15,27.372,1.5,4.95,1.35,1.570796,0.0,0.25
AMR3,T09,2,service_at_pickup,stationary::P4,16,27.472,1.6,4.95,1.35,1.570796,0.0,0.25
AMR3,T09,2,service_at_pickup,stationary::P4,17,27.572,1.7,4.95,1.35,1.570796,0.0,0.25
AMR3,T09,2,service_at_pickup,stationary::P4,18,27.672,1.8,4.95,1.35,1.570796,0.0,0.25
AMR3,T09,2,service_at_pickup,stationary::P4,19,27.772,1.9,4.95,1.35,1.570796,0.0,0.25
AMR3,T09,2,service_at_pickup,stationary::P4,20,27.872,2.0,4.95,1.35,1.570796,0.0,0.25
AMR3,T09,2,loaded,vg::P4__SORT1__path_1,0,27.872,0.0,4.98,1.35,-1.497245,0.8099999567967106,0.25
AMR3,T09,2,loaded,vg::P4__SORT1__path_1,1,27.972,0.1,4.985993999680296,1.2691620043116885,-1.497245,0.8099999567967106,0.25
AMR3,T09,2,loaded,vg::P4__SORT1__path_1,2,28.072,0.2,4.991987999360592,1.1883240086233766,-1.497245,0.8099999567967106,0.25
AMR3,T09,2,loaded,vg::P4__SORT1__path_1,3,28.172,0.3,4.997981999040888,1.1074860129350648,-1.497245,0.8099999567967106,0.25
AMR3,T09,2,loaded,vg::P4__SORT1__path_1,4,28.272,0.4,5.003975998721183,1.0266480172467531,-1.497245,0.8099999567967106,0.25
AMR3,T09,2,loaded,vg::P4__SORT1__path_1,5,28.372,0.5,5.009969998401479,0.9458100215584414,-1.497245,0.8099999567967106,0.25
AMR3,T09,2,loaded,vg::P4__SORT1__path_1,6,28.472,0.6,5.015963998081775,0.8649720258701297,-1.497245,0.8099999567967106,0.25
AMR3,T09,2,loaded,vg::P4__SORT1__path_1,7,28.572,0.7,5.027719995161232,0.7905660272785568,-1.2966142605602724,0.8099999567967106,0.25
AMR3,T09,2,loaded,vg::P4__SORT1__path_1,8,28.672,0.8,5.040679994469979,0.7175040311754937,-1.0540605834974544,0.8099999567967106,0.25
AMR3,T09,2,loaded,vg::P4__SORT1__path_1,9,28.772,0.9,5.053639993778726,0.6444420350724304,-0.8115069064346362,0.8099999567967106,0.25
AMR3,T09,2,loaded,vg::P4__SORT1__path_1,10,28.872,1.0,5.066599993087474,0.5713800389693671,-0.568953229371818,0.8099999567967106,0.25
AMR3,T09,2,loaded,vg::P4__SORT1__path_1,11,28.972,1.1,5.079559992396222,0.4983180428663037,-0.32639955230899953,0.8099999567967106,0.25
AMR3,T09,2,loaded,vg::P4__SORT1__path_1,12,29.072,1.2,5.092519991704969,0.42525604676324036,-0.08384587524618126,0.8099999567967106,0.25
AMR3,T09,2,loaded,vg::P4__SORT1__path_1,13,29.172,1.3,5.1499999438357245,0.4,0.0,0.8099999567967106,0.25
AMR3,T09,2,loaded,vg::P4__SORT1__path_1,14,29.272,1.4,5.230999939515395,0.4,0.0,0.8099999567967106,0.25
AMR3,T09,2,loaded,vg::P4__SORT1__path_1,15,29.372,1.5,5.311999935195066,0.4,0.0,0.8099999567967106,0.25
AMR3,T09,2,loaded,vg::P4__SORT1__path_1,16,29.472,1.6,5.392999930874738,0.4,0.0,0.8099999567967106,0.25
AMR3,T09,2,loaded,vg::P4__SORT1__path_1,17,29.572,1.7,5.473999926554408,0.4,0.0,0.8099999567967106,0.25
AMR3,T09,2,loaded,vg::P4__SORT1__path_1,18,29.672,1.8,5.55499992223408,0.4,0.0,0.8099999567967106,0.25
AMR3,T09,2,loaded,vg::P4__SORT1__path_1,19,29.772,1.9,5.63599991791375,0.4,0.0,0.8099999567967106,0.25
AMR3,T09,2,loaded,vg::P4__SORT1__path_1,20,29.872,2.0,5.716999913593422,0.4,0.0,0.8099999567967106,0.25
AMR3,T09,2,loaded,vg::P4__SORT1__path_1,21,29.972,2.1,5.797999909273093,0.4,0.0,0.8099999567967106,0.25
AMR3,T09,2,loaded,vg::P4__SORT1__path_1,22,30.072,2.2,5.878999904952764,0.4,0.0,0.8099999567967106,0.25
AMR3,T09,2,loaded,vg::P4__SORT1__path_1,23,30.172,2.3,5.959999900632435,0.4,0.0,0.8099999567967106,0.25
AMR3,T09,2,loaded,vg::P4__SORT1__path_1,24,30.272,2.4,6.0409998963121065,0.4,0.0,0.8099999567967106,0.25
AMR3,T09,2,loaded,vg::P4__SORT1__path_1,25,30.372,2.5,6.121999891991777,0.4,0.0,0.8099999567967106,0.25
AMR3,T09,2,loaded,vg::P4__SORT1__path_1,26,30.472,2.6,6.202999887671448,0.4,0.0,0.8099999567967106,0.25
AMR3,T09,2,loaded,vg::P4__SORT1__path_1,27,30.572,2.7,6.283999883351119,0.4,0.0,0.8099999567967106,0.25
AMR3,T09,2,loaded,vg::P4__SORT1__path_1,28,30.672,2.8,6.3649998790307905,0.4,0.0,0.8099999567967106,0.25
AMR3,T09,2,loaded,vg::P4__SORT1__path_1,29,30.772,2.9,6.445999874710461,0.4,0.0,0.8099999567967106,0.25
AMR3,T09,2,loaded,vg::P4__SORT1__path_1,30,30.872,3.0,6.526999870390132,0.4,0.0,0.8099999567967106,0.25
AMR3,T09,2,loaded,vg::P4__SORT1__path_1,31,30.972,3.1,6.607977866337664,0.40054999330349017,0.0016068824352089405,0.8099999567967106,0.25
AMR3,T09,2,loaded,vg::P4__SORT1__path_1,32,31.072,3.2,6.688815862025975,0.40459999308747374,0.013439523804086665,0.8099999567967106,0.25
AMR3,T09,2,loaded,vg::P4__SORT1__path_1,33,31.172,3.3,6.769653857714287,0.40864999287145726,0.02527216517296439,0.8099999567967106,0.25
AMR3,T09,2,loaded,vg::P4__SORT1__path_1,34,31.272,3.4,6.850491853402599,0.41269999265544083,0.03710480654184211,0.8099999567967106,0.25
AMR3,T09,2,loaded,vg::P4__SORT1__path_1,35,31.372,3.5,6.93132984909091,0.41674999243942434,0.048937447910719786,0.8099999567967106,0.25
AMR3,T09,2,loaded,vg::P4__SORT1__path_1,36,31.472,3.6,7.012167844779222,0.4207999922234079,0.06077008927959751,0.8099999567967106,0.25
AMR3,T09,2,loaded,vg::P4__SORT1__path_1,37,31.572,3.7,7.093005840467534,0.4248499920073915,0.07260273064847524,0.8099999567967106,0.25
AMR3,T09,2,loaded,vg::P4__SORT1__path_1,38,31.672,3.8,7.173843836155846,0.43077198785123505,0.073041,0.8099999567967106,0.25
AMR3,T09,2,loaded,vg::P4__SORT1__path_1,39,31.772,3.9,7.254681831844158,0.43676598753153073,0.073041,0.8099999567967106,0.25
AMR3,T09,2,loaded,vg::P4__SORT1__path_1,40,31.872,4.0,7.335519827532469,0.44275998721182636,0.073041,0.8099999567967106,0.25
AMR3,T09,2,loaded,vg::P4__SORT1__path_1,41,31.972,4.1,7.416357823220781,0.44875398689212204,0.073041,0.8099999567967106,0.25
AMR3,T09,2,loaded,vg::P4__SORT1__path_1,42,32.072,4.2,7.497195818909092,0.45474798657241766,0.073041,0.8099999567967106,0.25
AMR3,T09,2,loaded,vg::P4__SORT1__path_1,43,32.172,4.3,7.578033814597403,0.46074198625271334,0.073041,0.8099999567967106,0.25
AMR3,T09,2,loaded,vg::P4__SORT1__path_1,44,32.272,4.4,7.658871810285715,0.46660798631319794,0.073041,0.8099999567967106,0.25
AMR3,T09,2,loaded,vg::P4__SORT1__path_1,45,32.372,4.5,7.739709805974027,0.47243998600213427,0.073041,0.8099999567967106,0.25
AMR3,T09,2,loaded,vg::P4__SORT1__path_1,46,32.472,4.6,7.8205478016623395,0.4782719856910706,0.073041,0.8099999567967106,0.25
AMR3,T09,2,loaded,vg::P4__SORT1__path_1,47,32.572,4.7,7.901385797350651,0.4841039853800069,0.073041,0.8099999567967106,0.25
AMR3,T09,2,loaded,vg::P4__SORT1__path_1,48,32.672,4.8,7.982223793038963,0.4899359850689432,0.073041,0.8099999567967106,0.25
AMR3,T09,2,loaded,vg::P4__SORT1__path_1,49,32.772,4.9,8.063061788727273,0.49576798475787953,0.073041,0.8099999567967106,0.25
AMR3,T09,2,loaded,vg::P4__SORT1__path_1,50,32.872,5.0,8.143799784847618,0.5016999840147829,0.073041,0.8099999567967106,0.25
AMR3,T09,2,loaded,vg::P4__SORT1__path_1,51,32.972,5.1,8.224475780544571,0.5076939836950786,0.073041,0.8099999567967106,0.25
AMR3,T09,2,loaded,vg::P4__SORT1__path_1,52,33.072,5.2,8.305151776241523,0.5136879833753742,0.073041,0.8099999567967106,0.25
AMR3,T09,2,loaded,vg::P4__SORT1__path_1,53,33.172,5.3,8.385827771938477,0.5196819830556699,0.073041,0.8099999567967106,0.25
AMR3,T09,2,loaded,vg::P4__SORT1__path_1,54,33.272,5.4,8.466503767635428,0.5256759827359656,0.073041,0.8099999567967106,0.25
AMR3,T09,2,loaded,vg::P4__SORT1__path_1,55,33.372,5.5,8.54717976333238,0.5316699824162613,0.073041,0.8099999567967106,0.25
AMR3,T09,2,loaded,vg::P4__SORT1__path_1,56,33.472,5.6,8.617415829191476,0.5542958703210068,0.1435003744737689,0.8099999567967106,0.25
AMR3,T09,2,loaded,vg::P4__SORT1__path_1,57,33.572,5.7,8.674601826141323,0.5977118680053103,0.30203502401794274,0.8099999567967106,0.25
AMR3,T09,2,loaded,vg::P4__SORT1__path_1,58,33.672,5.8,8.731787823091171,0.6411278656896142,0.460569673562118,0.8099999567967106,0.25
AMR3,T09,2,loaded,vg::P4__SORT1__path_1,59,33.772,5.9,8.788973820041019,0.6845438633739177,0.6191043231062918,0.8099999567967106,0.25
AMR3,T09,2,loaded,vg::P4__SORT1__path_1,60,33.872,6.0,8.846159816990866,0.7279598610582212,0.7776389726504657,0.8099999567967106,0.25
AMR3,T09,2,loaded,vg::P4__SORT1__path_1,61,33.972,6.1,8.903345813940714,0.7713758587425251,0.936173622194641,0.8099999567967106,0.25
AMR3,T09,2,loaded,vg::P4__SORT1__path_1,62,34.072,6.2,8.955911867141245,0.822139766961457,1.05165,0.8099999567967106,0.25
AMR3,T09,2,loaded,vg::P4__SORT1__path_1,63,34.172,6.3,8.996087864998362,0.8926097632027712,1.05165,0.8099999567967106,0.25
AMR3,T09,2,loaded,vg::P4__SORT1__path_1,64,34.272,6.4,9.036263862855478,0.9630797594440847,1.05165,0.8099999567967106,0.25
AMR3,T09,2,loaded,vg::P4__SORT1__path_1,65,34.372,6.5,9.076439860712595,1.0335497556853983,1.05165,0.8099999567967106,0.25
AMR3,T09,2,loaded,vg::P4__SORT1__path_1,66,34.472,6.6,9.116615858569713,1.1040197519267125,1.05165,0.8099999567967106,0.25
AMR3,T09,2,loaded,vg::P4__SORT1__path_1,67,34.572,6.7,9.156791856426828,1.174489748168026,1.05165,0.8099999567967106,0.25
AMR3,T09,2,loaded,vg::P4__SORT1__path_1,68,34.672,6.8,9.196967854283946,1.244943744996905,1.05165,0.8099999567967106,0.25
AMR3,T09,2,loaded,vg::P4__SORT1__path_1,69,34.772,6.9,9.237143852141061,1.3152517412468592,1.05165,0.8099999567967106,0.25
AMR3,T09,2,loaded,vg::P4__SORT1__path_1,70,34.872,7.0,9.277319849998179,1.3855597374968136,1.05165,0.8099999567967106,0.25
AMR3,T09,2,loaded,vg::P4__SORT1__path_1,71,34.972,7.1,9.317495847855296,1.4558677337467685,1.05165,0.8099999567967106,0.25
AMR3,T09,2,loaded,vg::P4__SORT1__path_1,72,35.072,7.2,9.357671845712414,1.526175729996723,1.05165,0.8099999567967106,0.25
AMR3,T09,2,loaded,vg::P4__SORT1__path_1,73,35.172,7.3,9.397847843569531,1.5964837262466778,1.05165,0.8099999567967106,0.25
AMR3,T09,2,loaded,vg::P4__SORT1__path_1,74,35.272,7.4,9.438023841426647,1.666791722496632,1.05165,0.8099999567967106,0.25
AMR3,T09,2,loaded,vg::P4__SORT1__path_1,75,35.372,7.5,9.478199839283764,1.7370997187465862,1.05165,0.8099999567967106,0.25
AMR3,T09,2,loaded,vg::P4__SORT1__path_1,76,35.472,7.6,9.518375837140882,1.8074077149965408,1.05165,0.8099999567967106,0.25
AMR3,T09,2,loaded,vg::P4__SORT1__path_1,77,35.572,7.7,9.558551834997997,1.877715711246495,1.05165,0.8099999567967106,0.25
AMR3,T09,2,loaded,vg::P4__SORT1__path_1,78,35.672,7.8,9.598727832855115,1.9480237074964497,1.05165,0.8099999567967106,0.25
AMR3,T09,2,loaded,vg::P4__SORT1__path_1,79,35.772,7.9,9.63890383071223,2.0183317037464037,1.05165,0.8099999567967106,0.25
AMR3,T09,2,loaded,vg::P4__SORT1__path_1,80,35.872,8.0,9.679079828569348,2.088639699996358,1.05165,0.8099999567967106,0.25
AMR3,T09,2,loaded,vg::P4__SORT1__path_1,81,35.972,8.1,9.719499825026679,2.1591287274658257,1.05165,0.8099999567967106,0.25
AMR3,T09,2,loaded,vg::P4__SORT1__path_1,82,35.973,8.101,9.72,2.16,1.05165,0.8099999567967106,0.25
AMR3,T12,3,transition,vg::SORT1__P8__path_1,0,35.973,0.0,9.72,2.16,2.933537,0.9000001956522166,0.25
AMR3,T12,3,transition,vg::SORT1__P8__path_1,1,36.073,0.1,9.631979980865214,2.178540004030436,2.933537,0.9000001956522166,0.25
AMR3,T12,3,transition,vg::SORT1__P8__path_1,2,36.173,0.2,9.543959961730426,2.1970800080608712,2.933537,0.9000001956522166,0.25
AMR3,T12,3,transition,vg::SORT1__P8__path_1,3,36.273,0.3,9.45593994259564,2.215620012091307,2.933537,0.9000001956522166,0.25
AMR3,T12,3,transition,vg::SORT1__P8__path_1,4,36.373,0.4,9.367919923460853,2.2341600161217428,2.933537,0.9000001956522166,0.25
AMR3,T12,3,transition,vg::SORT1__P8__path_1,5,36.473,0.5,9.279899904326067,2.252700020152178,2.933537,0.9000001956522166,0.25
AMR3,T12,3,transition,vg::SORT1__P8__path_1,6,36.573,0.6,9.19185702798134,2.2712857386024896,2.933537,0.9000001956522166,0.25
AMR3,T12,3,transition,vg::SORT1__P8__path_1,7,36.673,0.7,9.103785580263946,2.289928599798143,2.933537,0.9000001956522166,0.25
AMR3,T12,3,transition,vg::SORT1__P8__path_1,8,36.773,0.8,9.01571413254655,2.3085714609937957,2.933537,0.9000001956522166,0.25
AMR3,T12,3,transition,vg::SORT1__P8__path_1,9,36.873,0.9,8.927642684829156,2.327214322189449,2.933537,0.9000001956522166,0.25
AMR3,T12,3,transition,vg::SORT1__P8__path_1,10,36.973,1.0,8.839571237111759,2.345857183385102,2.933537,0.9000001956522166,0.25
AMR3,T12,3,transition,vg::SORT1__P8__path_1,11,36.995,1.022,8.82,2.35,2.933537,0.9000001956522166,0.25
AMR3,T12,3,service_at_pickup,stationary::P8,0,36.995,0.0,8.85,2.35,-1.570796,0.0,0.25
AMR3,T12,3,service_at_pickup,stationary::P8,1,37.095,0.1,8.85,2.35,-1.570796,0.0,0.25
AMR3,T12,3,service_at_pickup,stationary::P8,2,37.195,0.2,8.85,2.35,-1.570796,0.0,0.25
AMR3,T12,3,service_at_pickup,stationary::P8,3,37.295,0.3,8.85,2.35,-1.570796,0.0,0.25
AMR3,T12,3,service_at_pickup,stationary::P8,4,37.395,0.4,8.85,2.35,-1.570796,0.0,0.25
AMR3,T12,3,service_at_pickup,stationary::P8,5,37.495,0.5,8.85,2.35,-1.570796,0.0,0.25
AMR3,T12,3,service_at_pickup,stationary::P8,6,37.595,0.6,8.85,2.35,-1.570796,0.0,0.25
AMR3,T12,3,service_at_pickup,stationary::P8,7,37.695,0.7,8.85,2.35,-1.570796,0.0,0.25
AMR3,T12,3,service_at_pickup,stationary::P8,8,37.795,0.8,8.85,2.35,-1.570796,0.0,0.25
AMR3,T12,3,service_at_pickup,stationary::P8,9,37.895,0.9,8.85,2.35,-1.570796,0.0,0.25
AMR3,T12,3,service_at_pickup,stationary::P8,10,37.995,1.0,8.85,2.35,-1.570796,0.0,0.25
AMR3,T12,3,service_at_pickup,stationary::P8,11,38.095,1.1,8.85,2.35,-1.570796,0.0,0.25
AMR3,T12,3,service_at_pickup,stationary::P8,12,38.195,1.2,8.85,2.35,-1.570796,0.0,0.25
AMR3,T12,3,service_at_pickup,stationary::P8,13,38.295,1.3,8.85,2.35,-1.570796,0.0,0.25
AMR3,T12,3,service_at_pickup,stationary::P8,14,38.395,1.4,8.85,2.35,-1.570796,0.0,0.25
AMR3,T12,3,service_at_pickup,stationary::P8,15,38.495,1.5,8.85,2.35,-1.570796,0.0,0.25
AMR3,T12,3,service_at_pickup,stationary::P8,16,38.595,1.6,8.85,2.35,-1.570796,0.0,0.25
AMR3,T12,3,service_at_pickup,stationary::P8,17,38.695,1.7,8.85,2.35,-1.570796,0.0,0.25
AMR3,T12,3,service_at_pickup,stationary::P8,18,38.795,1.8,8.85,2.35,-1.570796,0.0,0.25
AMR3,T12,3,service_at_pickup,stationary::P8,19,38.895,1.9,8.85,2.35,-1.570796,0.0,0.25
AMR3,T12,3,service_at_pickup,stationary::P8,20,38.995,2.0,8.85,2.35,-1.570796,0.0,0.25
AMR3,T12,3,loaded,vg::P8__OUT1__path_1,0,38.995,0.0,8.82,2.35,-0.109622,0.8099999417630551,0.25
AMR3,T12,3,loaded,vg::P8__OUT1__path_1,1,39.095,0.1,8.900513994211249,2.3410900006406066,-0.109622,0.8099999417630551,0.25
AMR3,T12,3,loaded,vg::P8__OUT1__path_1,2,39.195,0.2,8.981027988422495,2.3321800012812126,-0.109622,0.8099999417630551,0.25
AMR3,T12,3,loaded,vg::P8__OUT1__path_1,3,39.295,0.3,9.061541982633743,2.323270001921819,-0.109622,0.8099999417630551,0.25
AMR3,T12,3,loaded,vg::P8__OUT1__path_1,4,39.395,0.4,9.142055976844992,2.3143600025624256,-0.109622,0.8099999417630551,0.25
AMR3,T12,3,loaded,vg::P8__OUT1__path_1,5,39.495,0.5,9.222569971056238,2.305450003203032,-0.109622,0.8099999417630551,0.25
AMR3,T12,3,loaded,vg::P8__OUT1__path_1,6,39.595,0.6,9.303083965267486,2.296540003843638,-0.109622,0.8099999417630551,0.25
AMR3,T12,3,loaded,vg::P8__OUT1__path_1,7,39.695,0.7,9.383597959478735,2.287764004402713,-0.109622,0.8099999417630551,0.25
AMR3,T12,3,loaded,vg::P8__OUT1__path_1,8,39.795,0.8,9.464111953689981,2.279016005031672,-0.109622,0.8099999417630551,0.25
AMR3,T12,3,loaded,vg::P8__OUT1__path_1,9,39.895,0.9,9.54462594790123,2.2702680056606312,-0.109622,0.8099999417630551,0.25
AMR3,T12,3,loaded,vg::P8__OUT1__path_1,10,39.995,1.0,9.625139942112478,2.26152000628959,-0.109622,0.8099999417630551,0.25
AMR3,T12,3,loaded,vg::P8__OUT1__path_1,11,40.095,1.1,9.705653936323724,2.252772006918549,-0.109622,0.8099999417630551,0.25
AMR3,T12,3,loaded,vg::P8__OUT1__path_1,12,40.195,1.2,9.786167930534972,2.244024007547508,-0.109622,0.8099999417630551,0.25
AMR3,T12,3,loaded,vg::P8__OUT1__path_1,13,40.295,1.3,9.86668192474622,2.2351700083278834,-0.109622,0.8099999417630551,0.25
AMR3,T12,3,loaded,vg::P8__OUT1__path_1,14,40.395,1.4,9.947195918957467,2.2262600089684894,-0.109622,0.8099999417630551,0.25
AMR3,T12,3,loaded,vg::P8__OUT1__path_1,15,40.495,1.5,10.027709913168716,2.217350009609096,-0.109622,0.8099999417630551,0.25
AMR3,T12,3,loaded,vg::P8__OUT1__path_1,16,40.595,1.6,10.108223907379964,2.2084400102497024,-0.109622,0.8099999417630551,0.25
AMR3,T12,3,loaded,vg::P8__OUT1__path_1,17,40.695,1.7,10.18873790159121,2.199530010890309,-0.109622,0.8099999417630551,0.25
AMR3,T12,3,loaded,vg::P8__OUT1__path_1,18,40.795,1.8,10.269251895802459,2.190620011530915,-0.109622,0.8099999417630551,0.25
AMR3,T12,3,loaded,vg::P8__OUT1__path_1,19,40.895,1.9,10.349765890013707,2.1817100121715214,-0.109622,0.8099999417630551,0.25
AMR3,T12,3,loaded,vg::P8__OUT1__path_1,20,40.995,2.0,10.430279884224953,2.172800012812128,-0.109622,0.8099999417630551,0.25
AMR3,T12,3,loaded,vg::P8__OUT1__path_1,21,41.095,2.1,10.510793878436202,2.1638900134527344,-0.109622,0.8099999417630551,0.25
AMR3,T12,3,loaded,vg::P8__OUT1__path_1,22,41.195,2.2,10.59130787264745,2.1549800140933404,-0.109622,0.8099999417630551,0.25
AMR3,T12,3,loaded,vg::P8__OUT1__path_1,23,41.295,2.3,10.671821866858696,2.146070014733947,-0.109622,0.8099999417630551,0.25
AMR3,T12,3,loaded,vg::P8__OUT1__path_1,24,41.395,2.4,10.752335861069945,2.1371600153745534,-0.109622,0.8099999417630551,0.25
AMR3,T12,3,loaded,vg::P8__OUT1__path_1,25,41.495,2.5,10.832849855281191,2.12825001601516,-0.109622,0.8099999417630551,0.25
AMR3,T12,3,loaded,vg::P8__OUT1__path_1,26,41.595,2.6,10.91336384949244,2.119340016655766,-0.109622,0.8099999417630551,0.25
AMR3,T12,3,loaded,vg::P8__OUT1__path_1,27,41.695,2.7,10.993877843703688,2.1104300172963724,-0.109622,0.8099999417630551,0.25
AMR3,T12,3,loaded,vg::P8__OUT1__path_1,28,41.795,2.8,11.074391837914934,2.101520017936979,-0.109622,0.8099999417630551,0.25
AMR3,T12,3,loaded,vg::P8__OUT1__path_1,29,41.895,2.9,11.154905832126182,2.0926100185775853,-0.109622,0.8099999417630551,0.25
AMR3,T12,3,loaded,vg::P8__OUT1__path_1,30,41.995,3.0,11.23541982633743,2.083700019218192,-0.109622,0.8099999417630551,0.25
AMR3,T12,3,loaded,vg::P8__OUT1__path_1,31,42.095,3.1,11.315933820548677,2.0748120194977293,-0.109622,0.8099999417630551,0.25
AMR3,T12,3,loaded,vg::P8__OUT1__path_1,32,42.195,3.2,11.396447814759926,2.066064020126688,-0.109622,0.8099999417630551,0.25
AMR3,T12,3,loaded,vg::P8__OUT1__path_1,33,42.295,3.3,11.476961808971174,2.057316020755647,-0.109622,0.8099999417630551,0.25
AMR3,T12,3,loaded,vg::P8__OUT1__path_1,34,42.395,3.4,11.55747580318242,2.048568021384606,-0.109622,0.8099999417630551,0.25
AMR3,T12,3,loaded,vg::P8__OUT1__path_1,35,42.495,3.5,11.637989797393669,2.039820022013565,-0.109622,0.8099999417630551,0.25
AMR3,T12,3,loaded,vg::P8__OUT1__path_1,36,42.595,3.6,11.718503791604917,2.031072022642524,-0.109622,0.8099999417630551,0.25
AMR3,T12,3,loaded,vg::P8__OUT1__path_1,37,42.695,3.7,11.799017785816163,2.0223240232714828,-0.109622,0.8099999417630551,0.25
AMR3,T12,3,loaded,vg::P8__OUT1__path_1,38,42.795,3.8,11.879607820012676,2.01337690888748,-0.109622,0.8099999417630551,0.25
AMR3,T12,3,loaded,vg::P8__OUT1__path_1,39,42.895,3.9,11.960200779042369,2.004422135661959,-0.109622,0.8099999417630551,0.25
AMR3,T12,3,loaded,vg::P8__OUT1__path_1,40,42.945,3.949,12.0,2.0,-0.109622,0.8099999417630551,0.25
AMR4,T04,1,transition,vg::CHG2__P8__path_1,0,0.0,0.0,9.0,0.0,1.647243,1.1000001400085033,0.25
AMR4,T04,1,transition,vg::CHG2__P8__path_1,1,0.1,0.1,8.991639998935936,0.10978001397284864,1.647243,1.1000001400085033,0.25
AMR4,T04,1,transition,vg::CHG2__P8__path_1,2,0.2,0.2,8.98327999787187,0.2195600279456973,1.647243,1.1000001400085033,0.25
AMR4,T04,1,transition,vg::CHG2__P8__path_1,3,0.3,0.3,8.974919996807806,0.329340041918546,1.647243,1.1000001400085033,0.25
AMR4,T04,1,transition,vg::CHG2__P8__path_1,4,0.4,0.4,8.966559995743742,0.4391200558913946,1.647243,1.1000001400085033,0.25
AMR4,T04,1,transition,vg::CHG2__P8__path_1,5,0.5,0.5,8.958199994679676,0.5488000697242347,1.647243,1.1000001400085033,0.25
AMR4,T04,1,transition,vg::CHG2__P8__path_1,6,0.6,0.6,8.949839993615612,0.6583600836690817,1.647243,1.1000001400085033,0.25
AMR4,T04,1,transition,vg::CHG2__P8__path_1,7,0.7,0.7,8.941479992551548,0.7679200976139287,1.647243,1.1000001400085033,0.25
AMR4,T04,1,transition,vg::CHG2__P8__path_1,8,0.8,0.8,8.933119991487482,0.8774801115587756,1.647243,1.1000001400085033,0.25
AMR4,T04,1,transition,vg::CHG2__P8__path_1,9,0.9,0.9,8.924759990423418,0.9870401255036225,1.647243,1.1000001400085033,0.25
AMR4,T04,1,transition,vg::CHG2__P8__path_1,10,1.0,1.0,8.916199989079336,1.0968001397284863,1.647243,1.1000001400085033,0.25
AMR4,T04,1,transition,vg::CHG2__P8__path_1,11,1.1,1.1,8.90761998798727,1.2065801537013352,1.647243,1.1000001400085033,0.25
AMR4,T04,1,transition,vg::CHG2__P8__path_1,12,1.2,1.2,8.899039986895204,1.3163601676741838,1.647243,1.1000001400085033,0.25
AMR4,T04,1,transition,vg::CHG2__P8__path_1,13,1.3,1.3,8.890459985803137,1.4261401816470323,1.647243,1.1000001400085033,0.25
AMR4,T04,1,transition,vg::CHG2__P8__path_1,14,1.4,1.4,8.881959985103094,1.5358401952278573,1.647243,1.1000001400085033,0.25
AMR4,T04,1,transition,vg::CHG2__P8__path_1,15,1.5,1.5,8.87359998403903,1.6454002091727042,1.647243,1.1000001400085033,0.25
AMR4,T04,1,transition,vg::CHG2__P8__path_1,16,1.6,1.6,8.865239982974966,1.7549602231175512,1.647243,1.1000001400085033,0.25
AMR4,T04,1,transition,vg::CHG2__P8__path_1,17,1.7,1.7,8.8568799819109,1.8645202370623983,1.647243,1.1000001400085033,0.25
AMR4,T04,1,transition,vg::CHG2__P8__path_1,18,1.8,1.8,8.848519980846836,1.974080251007245,1.647243,1.1000001400085033,0.25
AMR4,T04,1,transition,vg::CHG2__P8__path_1,19,1.9,1.9,8.840193257192055,2.083748164430677,1.647243,1.1000001400085033,0.25
AMR4,T04,1,transition,vg::CHG2__P8__path_1,20,2.0,2.0,8.831873928402075,2.1934400551430095,1.647243,1.1000001400085033,0.25
AMR4,T04,1,transition,vg::CHG2__P8__path_1,21,2.1,2.1,8.823554599612095,2.303131945855342,1.647243,1.1000001400085033,0.25
AMR4,T04,1,transition,vg::CHG2__P8__path_1,22,2.143,2.143,8.82,2.35,1.647243,1.1000001400085033,0.25
AMR4,T04,1,wait_at_pickup,stationary::P8,0,2.143,0.0,8.85,2.35,-1.570796,0.0,0.25
AMR4,T04,1,wait_at_pickup,stationary::P8,1,2.243,0.1,8.85,2.35,-1.570796,0.0,0.25
AMR4,T04,1,wait_at_pickup,stationary::P8,2,2.343,0.2,8.85,2.35,-1.570796,0.0,0.25
AMR4,T04,1,wait_at_pickup,stationary::P8,3,2.443,0.3,8.85,2.35,-1.570796,0.0,0.25
AMR4,T04,1,wait_at_pickup,stationary::P8,4,2.543,0.4,8.85,2.35,-1.570796,0.0,0.25
AMR4,T04,1,wait_at_pickup,stationary::P8,5,2.643,0.5,8.85,2.35,-1.570796,0.0,0.25
AMR4,T04,1,wait_at_pickup,stationary::P8,6,2.743,0.6,8.85,2.35,-1.570796,0.0,0.25
AMR4,T04,1,wait_at_pickup,stationary::P8,7,2.843,0.7,8.85,2.35,-1.570796,0.0,0.25
AMR4,T04,1,wait_at_pickup,stationary::P8,8,2.943,0.8,8.85,2.35,-1.570796,0.0,0.25
AMR4,T04,1,wait_at_pickup,stationary::P8,9,3.043,0.9,8.85,2.35,-1.570796,0.0,0.25
AMR4,T04,1,wait_at_pickup,stationary::P8,10,3.143,1.0,8.85,2.35,-1.570796,0.0,0.25
AMR4,T04,1,wait_at_pickup,stationary::P8,11,3.243,1.1,8.85,2.35,-1.570796,0.0,0.25
AMR4,T04,1,wait_at_pickup,stationary::P8,12,3.343,1.2,8.85,2.35,-1.570796,0.0,0.25
AMR4,T04,1,wait_at_pickup,stationary::P8,13,3.443,1.3,8.85,2.35,-1.570796,0.0,0.25
AMR4,T04,1,wait_at_pickup,stationary::P8,14,3.543,1.4,8.85,2.35,-1.570796,0.0,0.25
AMR4,T04,1,wait_at_pickup,stationary::P8,15,3.643,1.5,8.85,2.35,-1.570796,0.0,0.25
AMR4,T04,1,wait_at_pickup,stationary::P8,16,3.743,1.6,8.85,2.35,-1.570796,0.0,0.25
AMR4,T04,1,wait_at_pickup,stationary::P8,17,3.843,1.7,8.85,2.35,-1.570796,0.0,0.25
AMR4,T04,1,wait_at_pickup,stationary::P8,18,3.943,1.8,8.85,2.35,-1.570796,0.0,0.25
AMR4,T04,1,wait_at_pickup,stationary::P8,19,4.0,1.857,8.85,2.35,-1.570796,0.0,0.25
AMR4,T04,1,service_at_pickup,stationary::P8,0,4.0,0.0,8.85,2.35,-1.570796,0.0,0.25
AMR4,T04,1,service_at_pickup,stationary::P8,1,4.1,0.1,8.85,2.35,-1.570796,0.0,0.25
AMR4,T04,1,service_at_pickup,stationary::P8,2,4.2,0.2,8.85,2.35,-1.570796,0.0,0.25
AMR4,T04,1,service_at_pickup,stationary::P8,3,4.3,0.3,8.85,2.35,-1.570796,0.0,0.25
AMR4,T04,1,service_at_pickup,stationary::P8,4,4.4,0.4,8.85,2.35,-1.570796,0.0,0.25
AMR4,T04,1,service_at_pickup,stationary::P8,5,4.5,0.5,8.85,2.35,-1.570796,0.0,0.25
AMR4,T04,1,service_at_pickup,stationary::P8,6,4.6,0.6,8.85,2.35,-1.570796,0.0,0.25
AMR4,T04,1,service_at_pickup,stationary::P8,7,4.7,0.7,8.85,2.35,-1.570796,0.0,0.25
AMR4,T04,1,service_at_pickup,stationary::P8,8,4.8,0.8,8.85,2.35,-1.570796,0.0,0.25
AMR4,T04,1,service_at_pickup,stationary::P8,9,4.9,0.9,8.85,2.35,-1.570796,0.0,0.25
AMR4,T04,1,service_at_pickup,stationary::P8,10,5.0,1.0,8.85,2.35,-1.570796,0.0,0.25
AMR4,T04,1,service_at_pickup,stationary::P8,11,5.1,1.1,8.85,2.35,-1.570796,0.0,0.25
AMR4,T04,1,service_at_pickup,stationary::P8,12,5.2,1.2,8.85,2.35,-1.570796,0.0,0.25
AMR4,T04,1,service_at_pickup,stationary::P8,13,5.3,1.3,8.85,2.35,-1.570796,0.0,0.25
AMR4,T04,1,service_at_pickup,stationary::P8,14,5.4,1.4,8.85,2.35,-1.570796,0.0,0.25
AMR4,T04,1,service_at_pickup,stationary::P8,15,5.5,1.5,8.85,2.35,-1.570796,0.0,0.25
AMR4,T04,1,service_at_pickup,stationary::P8,16,5.6,1.6,8.85,2.35,-1.570796,0.0,0.25
AMR4,T04,1,service_at_pickup,stationary::P8,17,5.7,1.7,8.85,2.35,-1.570796,0.0,0.25
AMR4,T04,1,service_at_pickup,stationary::P8,18,5.8,1.8,8.85,2.35,-1.570796,0.0,0.25
AMR4,T04,1,service_at_pickup,stationary::P8,19,5.9,1.9,8.85,2.35,-1.570796,0.0,0.25
AMR4,T04,1,service_at_pickup,stationary::P8,20,6.0,2.0,8.85,2.35,-1.570796,0.0,0.25
AMR4,T04,1,loaded,vg::P8__SORT2__path_1,0,6.0,0.0,8.82,2.35,0.834741,0.9899998791630489,0.25
AMR4,T04,1,loaded,vg::P8__SORT2__path_1,1,6.1,0.1,8.886527991879758,2.4234579910338985,0.834741,0.9899998791630489,0.25
AMR4,T04,1,loaded,vg::P8__SORT2__path_1,2,6.2,0.2,8.953055983759514,2.4969159820677964,0.834741,0.9899998791630489,0.25
AMR4,T04,1,loaded,vg::P8__SORT2__path_1,3,6.3,0.3,9.019583975639272,2.570373973101695,0.834741,0.9899998791630489,0.25
AMR4,T04,1,loaded,vg::P8__SORT2__path_1,4,6.4,0.4,9.086111967519027,2.643831964135593,0.834741,0.9899998791630489,0.25
AMR4,T04,1,loaded,vg::P8__SORT2__path_1,5,6.5,0.5,9.152639959398785,2.717289955169491,0.834741,0.9899998791630489,0.25
AMR4,T04,1,loaded,vg::P8__SORT2__path_1,6,6.6,0.6,9.218979951423545,2.790559946348394,0.834741,0.9899998791630489,0.25
AMR4,T04,1,loaded,vg::P8__SORT2__path_1,7,6.7,0.7,9.285309943327471,2.8638199374064595,0.834741,0.9899998791630489,0.25
AMR4,T04,1,loaded,vg::P8__SORT2__path_1,8,6.8,0.8,9.351639935231395,2.937079928464525,0.834741,0.9899998791630489,0.25
AMR4,T04,1,loaded,vg::P8__SORT2__path_1,9,6.9,0.9,9.417969927135319,3.0103399195225906,0.834741,0.9899998791630489,0.25
AMR4,T04,1,loaded,vg::P8__SORT2__path_1,10,7.0,1.0,9.484299919039243,3.0835999105806566,0.834741,0.9899998791630489,0.25
AMR4,T04,1,loaded,vg::P8__SORT2__path_1,11,7.1,1.1,9.550807910677326,3.1570379013728807,0.834741,0.9899998791630489,0.25
AMR4,T04,1,loaded,vg::P8__SORT2__path_1,12,7.2,1.2,9.617335902557082,3.230495892406779,0.834741,0.9899998791630489,0.25
AMR4,T04,1,loaded,vg::P8__SORT2__path_1,13,7.3,1.3,9.68386389443684,3.3039538834406774,0.834741,0.9899998791630489,0.25
AMR4,T04,1,loaded,vg::P8__SORT2__path_1,14,7.4,1.4,9.750391886316596,3.3774118744745754,0.834741,0.9899998791630489,0.25
AMR4,T04,1,loaded,vg::P8__SORT2__path_1,15,7.5,1.5,9.816919878196353,3.4508698655084737,0.834741,0.9899998791630489,0.25
AMR4,T04,1,loaded,vg::P8__SORT2__path_1,16,7.6,1.6,9.883447870076111,3.52415985692905,0.834741,0.9899998791630489,0.25
AMR4,T04,1,loaded,vg::P8__SORT2__path_1,17,7.7,1.7,9.949975861955867,3.5974198479871156,0.834741,0.9899998791630489,0.25
AMR4,T04,1,loaded,vg::P8__SORT2__path_1,18,7.8,1.8,10.016503853835625,3.670679839045181,0.834741,0.9899998791630489,0.25
AMR4,T04,1,loaded,vg::P8__SORT2__path_1,19,7.9,1.9,10.08303184571538,3.7439398301032467,0.834741,0.9899998791630489,0.25
AMR4,T04,1,loaded,vg::P8__SORT2__path_1,20,8.0,2.0,10.149559837595138,3.8171998211613123,0.834741,0.9899998791630489,0.25
AMR4,T04,1,loaded,vg::P8__SORT2__path_1,21,8.1,2.1,10.215935204114807,3.8905780431321215,0.834741,0.9899998791630489,0.25
AMR4,T04,1,loaded,vg::P8__SORT2__path_1,22,8.2,2.2,10.282271930711786,3.963986197437409,0.834741,0.9899998791630489,0.25
AMR4,T04,1,loaded,vg::P8__SORT2__path_1,23,8.3,2.3,10.348608657308766,4.037394351742696,0.834741,0.9899998791630489,0.25
AMR4,T04,1,loaded,vg::P8__SORT2__path_1,24,8.317,2.317,10.36,4.05,0.834741,0.9899998791630489,0.25
AMR4,T08,2,transition,vg::SORT2__P9__path_1,0,8.317,0.0,10.36,4.05,3.117844,1.0999999784904186,0.25
AMR4,T08,2,transition,vg::SORT2__P9__path_1,1,8.417,0.1,10.250000002150957,4.052639999948377,3.117844,1.0999999784904186,0.25
AMR4,T08,2,transition,vg::SORT2__P9__path_1,2,8.517,0.2,10.140000004301916,4.055279999896754,3.117844,1.0999999784904186,0.25
AMR4,T08,2,transition,vg::SORT2__P9__path_1,3,8.617,0.3,10.030000006452873,4.057919999845131,3.117844,1.0999999784904186,0.25
AMR4,T08,2,transition,vg::SORT2__P9__path_1,4,8.717,0.4,9.920000008603832,4.060559999793508,3.117844,1.0999999784904186,0.25
AMR4,T08,2,transition,vg::SORT2__P9__path_1,5,8.817,0.5,9.81000001075479,4.063199999741885,3.117844,1.0999999784904186,0.25
AMR4,T08,2,transition,vg::SORT2__P9__path_1,6,8.917,0.6,9.700000012905749,4.0658399996902626,3.117844,1.0999999784904186,0.25
AMR4,T08,2,transition,vg::SORT2__P9__path_1,7,9.017,0.7,9.590000015056706,4.068479999638639,3.117844,1.0999999784904186,0.25
AMR4,T08,2,transition,vg::SORT2__P9__path_1,8,9.117,0.8,9.480000017207665,4.071119999587016,3.117844,1.0999999784904186,0.25
AMR4,T08,2,transition,vg::SORT2__P9__path_1,9,9.217,0.9,9.370000019358622,4.073759999535393,3.117844,1.0999999784904186,0.25
AMR4,T08,2,transition,vg::SORT2__P9__path_1,10,9.317,1.0,9.260000021509581,4.07639999948377,3.117844,1.0999999784904186,0.25
AMR4,T08,2,transition,vg::SORT2__P9__path_1,11,9.417,1.1,9.150000023660539,4.079039999432147,3.117844,1.0999999784904186,0.25
AMR4,T08,2,transition,vg::SORT2__P9__path_1,12,9.517,1.2,9.040000025811496,4.081679999380524,3.117844,1.0999999784904186,0.25
AMR4,T08,2,transition,vg::SORT2__P9__path_1,13,9.617,1.3,8.930000027962455,4.084319999328901,3.117844,1.0999999784904186,0.25
AMR4,T08,2,transition,vg::SORT2__P9__path_1,14,9.717,1.4,8.820080030053186,4.086879999337505,3.117844,1.0999999784904186,0.25
AMR4,T08,2,transition,vg::SORT2__P9__path_1,15,9.817,1.5,8.710300032199843,4.089299999290184,3.117844,1.0999999784904186,0.25
AMR4,T08,2,transition,vg::SORT2__P9__path_1,16,9.917,1.6,8.600520034346498,4.091719999242863,3.117844,1.0999999784904186,0.25
AMR4,T08,2,transition,vg::SORT2__P9__path_1,17,10.017,1.7,8.490740036493156,4.094139999195542,3.117844,1.0999999784904186,0.25
AMR4,T08,2,transition,vg::SORT2__P9__path_1,18,10.117,1.8,8.380960038639813,4.096559999148221,3.117844,1.0999999784904186,0.25
AMR4,T08,2,transition,vg::SORT2__P9__path_1,19,10.217,1.9,8.271000040868206,4.099159999019164,3.117844,1.0999999784904186,0.25
AMR4,T08,2,transition,vg::SORT2__P9__path_1,20,10.317,2.0,8.161000043019163,4.10179999896754,3.117844,1.0999999784904186,0.25
AMR4,T08,2,transition,vg::SORT2__P9__path_1,21,10.417,2.1,8.05100004517012,4.104439998915917,3.117844,1.0999999784904186,0.25
AMR4,T08,2,transition,vg::SORT2__P9__path_1,22,10.517,2.2,7.9410000473210784,4.107079998864294,3.117844,1.0999999784904186,0.25
AMR4,T08,2,transition,vg::SORT2__P9__path_1,23,10.617,2.3,7.831000049472037,4.109719998812671,3.117844,1.0999999784904186,0.25
AMR4,T08,2,transition,vg::SORT2__P9__path_1,24,10.717,2.4,7.721000051622995,4.112359998761049,3.117844,1.0999999784904186,0.25
AMR4,T08,2,transition,vg::SORT2__P9__path_1,25,10.817,2.5,7.611000053773953,4.1149999987094255,3.117844,1.0999999784904186,0.25
AMR4,T08,2,transition,vg::SORT2__P9__path_1,26,10.917,2.6,7.501000055924911,4.117639998657802,3.117844,1.0999999784904186,0.25
AMR4,T08,2,transition,vg::SORT2__P9__path_1,27,11.017,2.7,7.3910000580758695,4.120279998606179,3.117844,1.0999999784904186,0.25
AMR4,T08,2,transition,vg::SORT2__P9__path_1,28,11.117,2.8,7.281000060226827,4.122919998554557,3.117844,1.0999999784904186,0.25
AMR4,T08,2,transition,vg::SORT2__P9__path_1,29,11.217,2.9,7.171000062377785,4.125559998502934,3.117844,1.0999999784904186,0.25
AMR4,T08,2,transition,vg::SORT2__P9__path_1,30,11.317,3.0,7.061000064528743,4.1281999984513105,3.117844,1.0999999784904186,0.25
AMR4,T08,2,transition,vg::SORT2__P9__path_1,31,11.417,3.1,6.951000066679701,4.130839998399687,3.117844,1.0999999784904186,0.25
AMR4,T08,2,transition,vg::SORT2__P9__path_1,32,11.517,3.2,6.84100006883066,4.133479998348064,3.117844,1.0999999784904186,0.25
AMR4,T08,2,transition,vg::SORT2__P9__path_1,33,11.617,3.3,6.731000070981618,4.136119998296441,3.117844,1.0999999784904186,0.25
AMR4,T08,2,transition,vg::SORT2__P9__path_1,34,11.717,3.4,6.621000073132576,4.138759998244818,3.117844,1.0999999784904186,0.25
AMR4,T08,2,transition,vg::SORT2__P9__path_1,35,11.817,3.5,6.511000075283534,4.141399998193195,3.117844,1.0999999784904186,0.25
AMR4,T08,2,transition,vg::SORT2__P9__path_1,36,11.917,3.6,6.401000077434492,4.144039998141571,3.117844,1.0999999784904186,0.25
AMR4,T08,2,transition,vg::SORT2__P9__path_1,37,12.017,3.7,6.32838003708682,4.186019953362925,2.9121245938898603,1.0999999784904186,0.25
AMR4,T08,2,transition,vg::SORT2__P9__path_1,38,12.117,3.8,6.2771200380891665,4.250479952102464,2.588850880211208,1.0999999784904186,0.25
AMR4,T08,2,transition,vg::SORT2__P9__path_1,39,12.217,3.9,6.225860039091513,4.314939950842002,2.2655771665325557,1.0999999784904186,0.25
AMR4,T08,2,transition,vg::SORT2__P9__path_1,40,12.317,4.0,6.17460004009386,4.379399949581541,1.9423034528539047,1.0999999784904186,0.25
AMR4,T08,2,transition,vg::SORT2__P9__path_1,41,12.417,4.1,6.127220006878765,4.447959912163474,1.648418,1.0999999784904186,0.25
AMR4,T08,2,transition,vg::SORT2__P9__path_1,42,12.517,4.2,6.118640007046539,4.557519910021119,1.648418,1.0999999784904186,0.25
AMR4,T08,2,transition,vg::SORT2__P9__path_1,43,12.617,4.3,6.110060007214313,4.667079907878764,1.648418,1.0999999784904186,0.25
AMR4,T08,2,transition,vg::SORT2__P9__path_1,44,12.717,4.4,6.101480007382088,4.776639905736411,1.648418,1.0999999784904186,0.25
AMR4,T08,2,transition,vg::SORT2__P9__path_1,45,12.817,4.5,6.092900007549863,4.886199903594056,1.648418,1.0999999784904186,0.25
AMR4,T08,2,transition,vg::SORT2__P9__path_1,46,12.917,4.6,6.084263165706111,4.995999901055927,1.648418,1.0999999784904186,0.25
AMR4,T08,2,transition,vg::SORT2__P9__path_1,47,12.966,4.649,6.08,5.05,1.648418,1.0999999784904186,0.25
AMR4,T08,2,service_at_pickup,stationary::P9,0,12.966,0.0,6.05,5.05,-1.570796,0.0,0.25
AMR4,T08,2,service_at_pickup,stationary::P9,1,13.066,0.1,6.05,5.05,-1.570796,0.0,0.25
AMR4,T08,2,service_at_pickup,stationary::P9,2,13.166,0.2,6.05,5.05,-1.570796,0.0,0.25
AMR4,T08,2,service_at_pickup,stationary::P9,3,13.266,0.3,6.05,5.05,-1.570796,0.0,0.25
AMR4,T08,2,service_at_pickup,stationary::P9,4,13.366,0.4,6.05,5.05,-1.570796,0.0,0.25
AMR4,T08,2,service_at_pickup,stationary::P9,5,13.466,0.5,6.05,5.05,-1.570796,0.0,0.25
AMR4,T08,2,service_at_pickup,stationary::P9,6,13.566,0.6,6.05,5.05,-1.570796,0.0,0.25
AMR4,T08,2,service_at_pickup,stationary::P9,7,13.666,0.7,6.05,5.05,-1.570796,0.0,0.25
AMR4,T08,2,service_at_pickup,stationary::P9,8,13.766,0.8,6.05,5.05,-1.570796,0.0,0.25
AMR4,T08,2,service_at_pickup,stationary::P9,9,13.866,0.9,6.05,5.05,-1.570796,0.0,0.25
AMR4,T08,2,service_at_pickup,stationary::P9,10,13.966,1.0,6.05,5.05,-1.570796,0.0,0.25
AMR4,T08,2,service_at_pickup,stationary::P9,11,14.066,1.1,6.05,5.05,-1.570796,0.0,0.25
AMR4,T08,2,service_at_pickup,stationary::P9,12,14.166,1.2,6.05,5.05,-1.570796,0.0,0.25
AMR4,T08,2,service_at_pickup,stationary::P9,13,14.266,1.3,6.05,5.05,-1.570796,0.0,0.25
AMR4,T08,2,service_at_pickup,stationary::P9,14,14.366,1.4,6.05,5.05,-1.570796,0.0,0.25
AMR4,T08,2,service_at_pickup,stationary::P9,15,14.466,1.5,6.05,5.05,-1.570796,0.0,0.25
AMR4,T08,2,service_at_pickup,stationary::P9,16,14.566,1.6,6.05,5.05,-1.570796,0.0,0.25
AMR4,T08,2,service_at_pickup,stationary::P9,17,14.666,1.7,6.05,5.05,-1.570796,0.0,0.25
AMR4,T08,2,service_at_pickup,stationary::P9,18,14.766,1.8,6.05,5.05,-1.570796,0.0,0.25
AMR4,T08,2,service_at_pickup,stationary::P9,19,14.866,1.9,6.05,5.05,-1.570796,0.0,0.25
AMR4,T08,2,service_at_pickup,stationary::P9,20,14.966,2.0,6.05,5.05,-1.570796,0.0,0.25
AMR4,T08,2,loaded,vg::P9__SORT2__path_1,0,14.966,0.0,6.08,5.05,-1.493175,0.9899999167579264,0.25
AMR4,T08,2,loaded,vg::P9__SORT2__path_1,1,15.066,0.1,6.087721999350712,4.95139600829091,-1.493175,0.9899999167579264,0.25
AMR4,T08,2,loaded,vg::P9__SORT2__path_1,2,15.166,0.2,6.095443998701423,4.852792016581821,-1.493175,0.9899999167579264,0.25
AMR4,T08,2,mid_path_wait_loaded,midwait::vg::P9__SORT2__path_1,3,15.218,0.252,6.099477739502255,4.801284249432745,-1.493175,0.0,0.25
AMR4,T08,2,mid_path_wait_loaded,midwait::vg::P9__SORT2__path_1,4,15.318,0.352,6.099477739502255,4.801284249432745,-1.493175,0.0,0.25
AMR4,T08,2,mid_path_wait_loaded,midwait::vg::P9__SORT2__path_1,5,15.418,0.452,6.099477739502255,4.801284249432745,-1.493175,0.0,0.25
AMR4,T08,2,mid_path_wait_loaded,midwait::vg::P9__SORT2__path_1,6,15.518,0.552,6.099477739502255,4.801284249432745,-1.493175,0.0,0.25
AMR4,T08,2,mid_path_wait_loaded,midwait::vg::P9__SORT2__path_1,7,15.618,0.652,6.099477739502255,4.801284249432745,-1.493175,0.0,0.25
AMR4,T08,2,mid_path_wait_loaded,midwait::vg::P9__SORT2__path_1,8,15.718,0.752,6.099477739502255,4.801284249432745,-1.493175,0.0,0.25
AMR4,T08,2,mid_path_wait_loaded,midwait::vg::P9__SORT2__path_1,9,15.818,0.852,6.099477739502255,4.801284249432745,-1.493175,0.0,0.25
AMR4,T08,2,mid_path_wait_loaded,midwait::vg::P9__SORT2__path_1,10,15.918,0.952,6.099477739502255,4.801284249432745,-1.493175,0.0,0.25
AMR4,T08,2,mid_path_wait_loaded,midwait::vg::P9__SORT2__path_1,11,16.018,1.052,6.099477739502255,4.801284249432745,-1.493175,0.0,0.25
AMR4,T08,2,mid_path_wait_loaded,midwait::vg::P9__SORT2__path_1,12,16.118,1.152,6.099477739502255,4.801284249432745,-1.493175,0.0,0.25
AMR4,T08,2,mid_path_wait_loaded,midwait::vg::P9__SORT2__path_1,13,16.218,1.252,6.099477739502255,4.801284249432745,-1.493175,0.0,0.25
AMR4,T08,2,mid_path_wait_loaded,midwait::vg::P9__SORT2__path_1,14,16.318,1.352,6.099477739502255,4.801284249432745,-1.493175,0.0,0.25
AMR4,T08,2,mid_path_wait_loaded,midwait::vg::P9__SORT2__path_1,15,16.418,1.452,6.099477739502255,4.801284249432745,-1.493175,0.0,0.25
AMR4,T08,2,mid_path_wait_loaded,midwait::vg::P9__SORT2__path_1,16,16.518,1.552,6.099477739502255,4.801284249432745,-1.493175,0.0,0.25
AMR4,T08,2,mid_path_wait_loaded,midwait::vg::P9__SORT2__path_1,17,16.618,1.652,6.099477739502255,4.801284249432745,-1.493175,0.0,0.25
AMR4,T08,2,mid_path_wait_loaded,midwait::vg::P9__SORT2__path_1,18,16.718,1.752,6.099477739502255,4.801284249432745,-1.493175,0.0,0.25
AMR4,T08,2,mid_path_wait_loaded,midwait::vg::P9__SORT2__path_1,19,16.818,1.852,6.099477739502255,4.801284249432745,-1.493175,0.0,0.25
AMR4,T08,2,mid_path_wait_loaded,midwait::vg::P9__SORT2__path_1,20,16.918,1.952,6.099477739502255,4.801284249432745,-1.493175,0.0,0.25
AMR4,T08,2,mid_path_wait_loaded,midwait::vg::P9__SORT2__path_1,21,17.018,2.052,6.099477739502255,4.801284249432745,-1.493175,0.0,0.25
AMR4,T08,2,mid_path_wait_loaded,midwait::vg::P9__SORT2__path_1,22,17.118,2.152,6.099477739502255,4.801284249432745,-1.493175,0.0,0.25
AMR4,T08,2,mid_path_wait_loaded,midwait::vg::P9__SORT2__path_1,23,17.218,2.252,6.099477739502255,4.801284249432745,-1.493175,0.0,0.25
AMR4,T08,2,mid_path_wait_loaded,midwait::vg::P9__SORT2__path_1,24,17.318,2.352,6.099477739502255,4.801284249432745,-1.493175,0.0,0.25
AMR4,T08,2,mid_path_wait_loaded,midwait::vg::P9__SORT2__path_1,25,17.418,2.452,6.099477739502255,4.801284249432745,-1.493175,0.0,0.25
AMR4,T08,2,mid_path_wait_loaded,midwait::vg::P9__SORT2__path_1,26,17.518,2.552,6.099477739502255,4.801284249432745,-1.493175,0.0,0.25
AMR4,T08,2,mid_path_wait_loaded,midwait::vg::P9__SORT2__path_1,27,17.618,2.652,6.099477739502255,4.801284249432745,-1.493175,0.0,0.25
AMR4,T08,2,mid_path_wait_loaded,midwait::vg::P9__SORT2__path_1,28,17.718,2.752,6.099477739502255,4.801284249432745,-1.493175,0.0,0.25
AMR4,T08,2,mid_path_wait_loaded,midwait::vg::P9__SORT2__path_1,29,17.818,2.852,6.099477739502255,4.801284249432745,-1.493175,0.0,0.25
AMR4,T08,2,mid_path_wait_loaded,midwait::vg::P9__SORT2__path_1,30,17.918,2.952,6.099477739502255,4.801284249432745,-1.493175,0.0,0.25
AMR4,T08,2,mid_path_wait_loaded,midwait::vg::P9__SORT2__path_1,31,18.018,3.052,6.099477739502255,4.801284249432745,-1.493175,0.0,0.25
AMR4,T08,2,mid_path_wait_loaded,midwait::vg::P9__SORT2__path_1,32,18.118,3.152,6.099477739502255,4.801284249432745,-1.493175,0.0,0.25
AMR4,T08,2,mid_path_wait_loaded,midwait::vg::P9__SORT2__path_1,33,18.218,3.252,6.099477739502255,4.801284249432745,-1.493175,0.0,0.25
AMR4,T08,2,mid_path_wait_loaded,midwait::vg::P9__SORT2__path_1,34,18.318,3.352,6.099477739502255,4.801284249432745,-1.493175,0.0,0.25
AMR4,T08,2,mid_path_wait_loaded,midwait::vg::P9__SORT2__path_1,35,18.418,3.452,6.099477739502255,4.801284249432745,-1.493175,0.0,0.25
AMR4,T08,2,mid_path_wait_loaded,midwait::vg::P9__SORT2__path_1,36,18.518,3.552,6.099477739502255,4.801284249432745,-1.493175,0.0,0.25
AMR4,T08,2,mid_path_wait_loaded,midwait::vg::P9__SORT2__path_1,37,18.618,3.652,6.099477739502255,4.801284249432745,-1.493175,0.0,0.25
AMR4,T08,2,mid_path_wait_loaded,midwait::vg::P9__SORT2__path_1,38,18.718,3.752,6.099477739502255,4.801284249432745,-1.493175,0.0,0.25
AMR4,T08,2,mid_path_wait_loaded,midwait::vg::P9__SORT2__path_1,39,18.818,3.852,6.099477739502255,4.801284249432745,-1.493175,0.0,0.25
AMR4,T08,2,mid_path_wait_loaded,midwait::vg::P9__SORT2__path_1,40,18.918,3.952,6.099477739502255,4.801284249432745,-1.493175,0.0,0.25
AMR4,T08,2,mid_path_wait_loaded,midwait::vg::P9__SORT2__path_1,41,19.018,4.052,6.099477739502255,4.801284249432745,-1.493175,0.0,0.25
AMR4,T08,2,mid_path_wait_loaded,midwait::vg::P9__SORT2__path_1,42,19.118,4.152,6.099477739502255,4.801284249432745,-1.493175,0.0,0.25
AMR4,T08,2,mid_path_wait_loaded,midwait::vg::P9__SORT2__path_1,43,19.218,4.252,6.099477739502255,4.801284249432745,-1.493175,0.0,0.25
AMR4,T08,2,mid_path_wait_loaded,midwait::vg::P9__SORT2__path_1,44,19.318,4.352,6.099477739502255,4.801284249432745,-1.493175,0.0,0.25
AMR4,T08,2,mid_path_wait_loaded,midwait::vg::P9__SORT2__path_1,45,19.418,4.452,6.099477739502255,4.801284249432745,-1.493175,0.0,0.25
AMR4,T08,2,mid_path_wait_loaded,midwait::vg::P9__SORT2__path_1,46,19.518,4.552,6.099477739502255,4.801284249432745,-1.493175,0.0,0.25
AMR4,T08,2,mid_path_wait_loaded,midwait::vg::P9__SORT2__path_1,47,19.618,4.652,6.099477739502255,4.801284249432745,-1.493175,0.0,0.25
AMR4,T08,2,mid_path_wait_loaded,midwait::vg::P9__SORT2__path_1,48,19.718,4.752,6.099477739502255,4.801284249432745,-1.493175,0.0,0.25
AMR4,T08,2,mid_path_wait_loaded,midwait::vg::P9__SORT2__path_1,49,19.818,4.852,6.099477739502255,4.801284249432745,-1.493175,0.0,0.25
AMR4,T08,2,mid_path_wait_loaded,midwait::vg::P9__SORT2__path_1,50,19.918,4.952,6.099477739502255,4.801284249432745,-1.493175,0.0,0.25
AMR4,T08,2,mid_path_wait_loaded,midwait::vg::P9__SORT2__path_1,51,20.018,5.052,6.099477739502255,4.801284249432745,-1.493175,0.0,0.25
AMR4,T08,2,mid_path_wait_loaded,midwait::vg::P9__SORT2__path_1,52,20.118,5.152,6.099477739502255,4.801284249432745,-1.493175,0.0,0.25
AMR4,T08,2,mid_path_wait_loaded,midwait::vg::P9__SORT2__path_1,53,20.218,5.252,6.099477739502255,4.801284249432745,-1.493175,0.0,0.25
AMR4,T08,2,mid_path_wait_loaded,midwait::vg::P9__SORT2__path_1,54,20.318,5.352,6.099477739502255,4.801284249432745,-1.493175,0.0,0.25
AMR4,T08,2,mid_path_wait_loaded,midwait::vg::P9__SORT2__path_1,55,20.418,5.452,6.099477739502255,4.801284249432745,-1.493175,0.0,0.25
AMR4,T08,2,mid_path_wait_loaded,midwait::vg::P9__SORT2__path_1,56,20.518,5.552,6.099477739502255,4.801284249432745,-1.493175,0.0,0.25
AMR4,T08,2,mid_path_wait_loaded,midwait::vg::P9__SORT2__path_1,57,20.618,5.652,6.099477739502255,4.801284249432745,-1.493175,0.0,0.25
AMR4,T08,2,mid_path_wait_loaded,midwait::vg::P9__SORT2__path_1,58,20.718,5.752,6.099477739502255,4.801284249432745,-1.493175,0.0,0.25
AMR4,T08,2,mid_path_wait_loaded,midwait::vg::P9__SORT2__path_1,59,20.818,5.852,6.099477739502255,4.801284249432745,-1.493175,0.0,0.25
AMR4,T08,2,mid_path_wait_loaded,midwait::vg::P9__SORT2__path_1,60,20.918,5.952,6.099477739502255,4.801284249432745,-1.493175,0.0,0.25
AMR4,T08,2,mid_path_wait_loaded,midwait::vg::P9__SORT2__path_1,61,21.018,6.052,6.099477739502255,4.801284249432745,-1.493175,0.0,0.25
AMR4,T08,2,mid_path_wait_loaded,midwait::vg::P9__SORT2__path_1,62,21.118,6.152,6.099477739502255,4.801284249432745,-1.493175,0.0,0.25
AMR4,T08,2,mid_path_wait_loaded,midwait::vg::P9__SORT2__path_1,63,21.218,6.252,6.099477739502255,4.801284249432745,-1.493175,0.0,0.25
AMR4,T08,2,mid_path_wait_loaded,midwait::vg::P9__SORT2__path_1,64,21.318,6.352,6.099477739502255,4.801284249432745,-1.493175,0.0,0.25
AMR4,T08,2,mid_path_wait_loaded,midwait::vg::P9__SORT2__path_1,65,21.418,6.452,6.099477739502255,4.801284249432745,-1.493175,0.0,0.25
AMR4,T08,2,mid_path_wait_loaded,midwait::vg::P9__SORT2__path_1,66,21.518,6.552,6.099477739502255,4.801284249432745,-1.493175,0.0,0.25
AMR4,T08,2,mid_path_wait_loaded,midwait::vg::P9__SORT2__path_1,67,21.618,6.652,6.099477739502255,4.801284249432745,-1.493175,0.0,0.25
AMR4,T08,2,mid_path_wait_loaded,midwait::vg::P9__SORT2__path_1,68,21.718,6.752,6.099477739502255,4.801284249432745,-1.493175,0.0,0.25
AMR4,T08,2,mid_path_wait_loaded,midwait::vg::P9__SORT2__path_1,69,21.818,6.852,6.099477739502255,4.801284249432745,-1.493175,0.0,0.25
AMR4,T08,2,mid_path_wait_loaded,midwait::vg::P9__SORT2__path_1,70,21.918,6.952,6.099477739502255,4.801284249432745,-1.493175,0.0,0.25
AMR4,T08,2,mid_path_wait_loaded,midwait::vg::P9__SORT2__path_1,71,22.018,7.052,6.099477739502255,4.801284249432745,-1.493175,0.0,0.25
AMR4,T08,2,mid_path_wait_loaded,midwait::vg::P9__SORT2__path_1,72,22.118,7.152,6.099477739502255,4.801284249432745,-1.493175,0.0,0.25
AMR4,T08,2,mid_path_wait_loaded,midwait::vg::P9__SORT2__path_1,73,22.218,7.252,6.099477739502255,4.801284249432745,-1.493175,0.0,0.25
AMR4,T08,2,mid_path_wait_loaded,midwait::vg::P9__SORT2__path_1,74,22.318,7.352,6.099477739502255,4.801284249432745,-1.493175,0.0,0.25
AMR4,T08,2,mid_path_wait_loaded,midwait::vg::P9__SORT2__path_1,75,22.418,7.452,6.099477739502255,4.801284249432745,-1.493175,0.0,0.25
AMR4,T08,2,mid_path_wait_loaded,midwait::vg::P9__SORT2__path_1,76,22.518,7.552,6.099477739502255,4.801284249432745,-1.493175,0.0,0.25
AMR4,T08,2,mid_path_wait_loaded,midwait::vg::P9__SORT2__path_1,77,22.618,7.652,6.099477739502255,4.801284249432745,-1.493175,0.0,0.25
AMR4,T08,2,mid_path_wait_loaded,midwait::vg::P9__SORT2__path_1,78,22.718,7.752,6.099477739502255,4.801284249432745,-1.493175,0.0,0.25
AMR4,T08,2,mid_path_wait_loaded,midwait::vg::P9__SORT2__path_1,79,22.818,7.852,6.099477739502255,4.801284249432745,-1.493175,0.0,0.25
AMR4,T08,2,mid_path_wait_loaded,midwait::vg::P9__SORT2__path_1,80,22.918,7.952,6.099477739502255,4.801284249432745,-1.493175,0.0,0.25
AMR4,T08,2,mid_path_wait_loaded,midwait::vg::P9__SORT2__path_1,81,23.018,8.052,6.099477739502255,4.801284249432745,-1.493175,0.0,0.25
AMR4,T08,2,mid_path_wait_loaded,midwait::vg::P9__SORT2__path_1,82,23.118,8.152,6.099477739502255,4.801284249432745,-1.493175,0.0,0.25
AMR4,T08,2,mid_path_wait_loaded,midwait::vg::P9__SORT2__path_1,83,23.218,8.252,6.099477739502255,4.801284249432745,-1.493175,0.0,0.25
AMR4,T08,2,loaded,vg::P9__SORT2__path_1,84,23.319,8.352,6.107199738852967,4.702680257723655,-1.493175,0.9899999167579264,0.25
AMR4,T08,2,loaded,vg::P9__SORT2__path_1,85,23.418,8.452,6.1149217382036785,4.604076266014566,-1.493175,0.9899999167579264,0.25
AMR4,T08,2,loaded,vg::P9__SORT2__path_1,86,23.518,8.552,6.130958933511845,4.514254616103238,-1.3558877512923675,0.9899999167579264,0.25
AMR4,T08,2,loaded,vg::P9__SORT2__path_1,87,23.618,8.652,6.156302931380848,4.4342626228291975,-1.064941427755981,0.9899999167579264,0.25
AMR4,T08,2,loaded,vg::P9__SORT2__path_1,88,23.718,8.752,6.181646929249851,4.354270629555157,-0.7739951042195946,0.9899999167579264,0.25
AMR4,T08,2,loaded,vg::P9__SORT2__path_1,89,23.819,8.852,6.206990927118854,4.2742786362811165,-0.483048780683208,0.9899999167579264,0.25
AMR4,T08,2,loaded,vg::P9__SORT2__path_1,90,23.918,8.952,6.232334924987857,4.194286643007076,-0.1921024571468215,0.9899999167579264,0.25
AMR4,T08,2,loaded,vg::P9__SORT2__path_1,91,24.018,9.052,6.288714542409609,4.146998850982169,-0.023749,0.9899999167579264,0.25
AMR4,T08,2,loaded,vg::P9__SORT2__path_1,92,24.118,9.152,6.387714534085402,4.14462285118195,-0.023749,0.9899999167579264,0.25
AMR4,T08,2,loaded,vg::P9__SORT2__path_1,93,24.218,9.252,6.486714525761195,4.142246851381731,-0.023749,0.9899999167579264,0.25
AMR4,T08,2,loaded,vg::P9__SORT2__path_1,94,24.319,9.352,6.585714517436987,4.139870851581512,-0.023749,0.9899999167579264,0.25
AMR4,T08,2,loaded,vg::P9__SORT2__path_1,95,24.418,9.452,6.68471450911278,4.137494851781294,-0.023749,0.9899999167579264,0.25
AMR4,T08,2,loaded,vg::P9__SORT2__path_1,96,24.518,9.552,6.783714500788572,4.135118851981074,-0.023749,0.9899999167579264,0.25
AMR4,T08,2,loaded,vg::P9__SORT2__path_1,97,24.618,9.652,6.882714492464365,4.132742852180855,-0.023749,0.9899999167579264,0.25
AMR4,T08,2,loaded,vg::P9__SORT2__path_1,98,24.718,9.752,6.9817144841401575,4.130366852380636,-0.023749,0.9899999167579264,0.25
AMR4,T08,2,loaded,vg::P9__SORT2__path_1,99,24.819,9.852,7.08071447581595,4.127990852580417,-0.023749,0.9899999167579264,0.25
AMR4,T08,2,loaded,vg::P9__SORT2__path_1,100,24.918,9.952,7.179714467491743,4.125614852780198,-0.023749,0.9899999167579264,0.25
AMR4,T08,2,loaded,vg::P9__SORT2__path_1,101,25.018,10.052,7.278714459167536,4.123238852979979,-0.023749,0.9899999167579264,0.25
AMR4,T08,2,loaded,vg::P9__SORT2__path_1,102,25.118,10.152,7.377714450843328,4.1208628531797595,-0.023749,0.9899999167579264,0.25
AMR4,T08,2,loaded,vg::P9__SORT2__path_1,103,25.218,10.252,7.47671444251912,4.118486853379541,-0.023749,0.9899999167579264,0.25
AMR4,T08,2,loaded,vg::P9__SORT2__path_1,104,25.319,10.352,7.575714434194913,4.116110853579322,-0.023749,0.9899999167579264,0.25
AMR4,T08,2,loaded,vg::P9__SORT2__path_1,105,25.418,10.452,7.674714425870706,4.113734853779103,-0.023749,0.9899999167579264,0.25
AMR4,T08,2,loaded,vg::P9__SORT2__path_1,106,25.518,10.552,7.773714417546498,4.111358853978884,-0.023749,0.9899999167579264,0.25
AMR4,T08,2,loaded,vg::P9__SORT2__path_1,107,25.618,10.652,7.872714409222291,4.108982854178665,-0.023749,0.9899999167579264,0.25
AMR4,T08,2,loaded,vg::P9__SORT2__path_1,108,25.718,10.752,7.971714400898084,4.1066068543784455,-0.023749,0.9899999167579264,0.25
AMR4,T08,2,loaded,vg::P9__SORT2__path_1,109,25.819,10.852,8.070714392573876,4.104230854578227,-0.023749,0.9899999167579264,0.25
AMR4,T08,2,loaded,vg::P9__SORT2__path_1,110,25.918,10.952,8.16971438424967,4.101854854778008,-0.023749,0.9899999167579264,0.25
AMR4,T08,2,loaded,vg::P9__SORT2__path_1,111,26.018,11.052,8.268714375925462,4.0994788549777885,-0.023749,0.9899999167579264,0.25
AMR4,T08,2,loaded,vg::P9__SORT2__path_1,112,26.118,11.152,8.367714367601254,4.097102855177569,-0.023749,0.9899999167579264,0.25
AMR4,T08,2,loaded,vg::P9__SORT2__path_1,113,26.218,11.252,8.466714359277047,4.094726855377351,-0.023749,0.9899999167579264,0.25
AMR4,T08,2,loaded,vg::P9__SORT2__path_1,114,26.319,11.352,8.56571435095284,4.0923508555771315,-0.023749,0.9899999167579264,0.25
AMR4,T08,2,loaded,vg::P9__SORT2__path_1,115,26.418,11.452,8.664714342628631,4.089974855776913,-0.023749,0.9899999167579264,0.25
AMR4,T08,2,loaded,vg::P9__SORT2__path_1,116,26.518,11.552,8.763680905635816,4.087598855976694,-0.023749,0.9899999167579264,0.25
AMR4,T08,2,loaded,vg::P9__SORT2__path_1,117,26.618,11.652,8.862482897328258,4.0852228561764745,-0.023749,0.9899999167579264,0.25
AMR4,T08,2,loaded,vg::P9__SORT2__path_1,118,26.718,11.752,8.961284889020698,4.082846856376255,-0.023749,0.9899999167579264,0.25
AMR4,T08,2,loaded,vg::P9__SORT2__path_1,119,26.819,11.852,9.06008688071314,4.080470856576037,-0.023749,0.9899999167579264,0.25
AMR4,T08,2,loaded,vg::P9__SORT2__path_1,120,26.918,11.952,9.15888887240558,4.0780948567758175,-0.023749,0.9899999167579264,0.25
AMR4,T08,2,loaded,vg::P9__SORT2__path_1,121,27.018,12.052,9.257714292683389,4.075742285560965,-0.023749,0.9899999167579264,0.25
AMR4,T08,2,loaded,vg::P9__SORT2__path_1,122,27.118,12.152,9.35671428435918,4.073564285744098,-0.023749,0.9899999167579264,0.25
AMR4,T08,2,loaded,vg::P9__SORT2__path_1,123,27.218,12.252,9.455714276034973,4.071386285927231,-0.023749,0.9899999167579264,0.25
AMR4,T08,2,loaded,vg::P9__SORT2__path_1,124,27.319,12.352,9.554714267710766,4.069208286110364,-0.023749,0.9899999167579264,0.25
AMR4,T08,2,loaded,vg::P9__SORT2__path_1,125,27.418,12.452,9.65371425938656,4.067030286293496,-0.023749,0.9899999167579264,0.25
AMR4,T08,2,loaded,vg::P9__SORT2__path_1,126,27.518,12.552,9.75271425106235,4.064838857974504,-0.023749,0.9899999167579264,0.25
AMR4,T08,2,loaded,vg::P9__SORT2__path_1,127,27.618,12.652,9.851714242738144,4.0624628581742845,-0.023749,0.9899999167579264,0.25
AMR4,T08,2,loaded,vg::P9__SORT2__path_1,128,27.718,12.752,9.950714234413937,4.060086858374066,-0.023749,0.9899999167579264,0.25
AMR4,T08,2,loaded,vg::P9__SORT2__path_1,129,27.819,12.852,10.049714226089728,4.057710858573847,-0.023749,0.9899999167579264,0.25
AMR4,T08,2,loaded,vg::P9__SORT2__path_1,130,27.918,12.952,10.148714217765521,4.0553348587736275,-0.023749,0.9899999167579264,0.25
AMR4,T08,2,loaded,vg::P9__SORT2__path_1,131,28.018,13.052,10.247714209441314,4.052954889225228,-0.023749,0.9899999167579264,0.25
AMR4,T08,2,loaded,vg::P9__SORT2__path_1,132,28.118,13.152,10.346714201117106,4.050349626286391,-0.023749,0.9899999167579264,0.25
AMR4,T08,2,loaded,vg::P9__SORT2__path_1,133,28.132,13.166,10.36,4.05,-0.023749,0.9899999167579264,0.25
AMR4,T11,3,transition,vg::SORT2__P3__path_1,0,28.132,0.0,10.36,4.05,3.117844,1.100000071280461,0.25
AMR4,T11,3,transition,vg::SORT2__P3__path_1,1,28.232,0.1,10.249999992871953,4.052640000171073,3.117844,1.100000071280461,0.25
AMR4,T11,3,transition,vg::SORT2__P3__path_1,2,28.332,0.2,10.139999985743907,4.0552800003421465,3.117844,1.100000071280461,0.25
AMR4,T11,3,transition,vg::SORT2__P3__path_1,3,28.432,0.3,10.02999997861586,4.05792000051322,3.117844,1.100000071280461,0.25
AMR4,T11,3,transition,vg::SORT2__P3__path_1,4,28.532,0.4,9.919999971487815,4.060560000684292,3.117844,1.100000071280461,0.25
AMR4,T11,3,transition,vg::SORT2__P3__path_1,5,28.632,0.5,9.809999964359768,4.063200000855366,3.117844,1.100000071280461,0.25
AMR4,T11,3,transition,vg::SORT2__P3__path_1,6,28.732,0.6,9.699999957231723,4.065840001026439,3.117844,1.100000071280461,0.25
AMR4,T11,3,transition,vg::SORT2__P3__path_1,7,28.832,0.7,9.589999950103676,4.0684800011975115,3.117844,1.100000071280461,0.25
AMR4,T11,3,transition,vg::SORT2__P3__path_1,8,28.932,0.8,9.479999942975631,4.071120001368585,3.117844,1.100000071280461,0.25
AMR4,T11,3,transition,vg::SORT2__P3__path_1,9,29.032,0.9,9.369999935847584,4.073760001539658,3.117844,1.100000071280461,0.25
AMR4,T11,3,transition,vg::SORT2__P3__path_1,10,29.132,1.0,9.25999992871954,4.076400001710731,3.117844,1.100000071280461,0.25
AMR4,T11,3,transition,vg::SORT2__P3__path_1,11,29.232,1.1,9.149999921591492,4.079040001881804,3.117844,1.100000071280461,0.25
AMR4,T11,3,transition,vg::SORT2__P3__path_1,12,29.332,1.2,9.039999914463445,4.081680002052877,3.117844,1.100000071280461,0.25
AMR4,T11,3,transition,vg::SORT2__P3__path_1,13,29.432,1.3,8.9299999073354,4.084320002223951,3.117844,1.100000071280461,0.25
AMR4,T11,3,transition,vg::SORT2__P3__path_1,14,29.532,1.4,8.82007990040694,4.086880002195438,3.117844,1.100000071280461,0.25
AMR4,T11,3,transition,vg::SORT2__P3__path_1,15,29.632,1.5,8.71029989329315,4.089300002352256,3.117844,1.100000071280461,0.25
AMR4,T11,3,transition,vg::SORT2__P3__path_1,16,29.732,1.6,8.60051988617936,4.0917200025090725,3.117844,1.100000071280461,0.25
AMR4,T11,3,transition,vg::SORT2__P3__path_1,17,29.832,1.7,8.49073987906557,4.09414000266589,3.117844,1.100000071280461,0.25
AMR4,T11,3,transition,vg::SORT2__P3__path_1,18,29.932,1.8,8.38095987195178,4.096560002822707,3.117844,1.100000071280461,0.25
AMR4,T11,3,transition,vg::SORT2__P3__path_1,19,30.032,1.9,8.270999864567125,4.09916000325039,3.117844,1.100000071280461,0.25
AMR4,T11,3,transition,vg::SORT2__P3__path_1,20,30.132,2.0,8.160999857439078,4.101800003421462,3.117844,1.100000071280461,0.25
AMR4,T11,3,transition,vg::SORT2__P3__path_1,21,30.232,2.1,8.050999850311031,4.1044400035925355,3.117844,1.100000071280461,0.25
AMR4,T11,3,transition,vg::SORT2__P3__path_1,22,30.332,2.2,7.940999843182986,4.107080003763609,3.117844,1.100000071280461,0.25
AMR4,T11,3,transition,vg::SORT2__P3__path_1,23,30.432,2.3,7.830999836054939,4.109720003934681,3.117844,1.100000071280461,0.25
AMR4,T11,3,transition,vg::SORT2__P3__path_1,24,30.532,2.4,7.720999828926893,4.112360004105755,3.117844,1.100000071280461,0.25
AMR4,T11,3,transition,vg::SORT2__P3__path_1,25,30.632,2.5,7.610999821798847,4.115000004276828,3.117844,1.100000071280461,0.25
AMR4,T11,3,transition,vg::SORT2__P3__path_1,26,30.732,2.6,7.500999814670801,4.117640004447901,3.117844,1.100000071280461,0.25
AMR4,T11,3,transition,vg::SORT2__P3__path_1,27,30.832,2.7,7.390999807542755,4.120280004618975,3.117844,1.100000071280461,0.25
AMR4,T11,3,transition,vg::SORT2__P3__path_1,28,30.932,2.8,7.280999800414709,4.122920004790047,3.117844,1.100000071280461,0.25
AMR4,T11,3,transition,vg::SORT2__P3__path_1,29,31.032,2.9,7.170999793286663,4.1255600049611205,3.117844,1.100000071280461,0.25
AMR4,T11,3,transition,vg::SORT2__P3__path_1,30,31.132,3.0,7.060999786158617,4.128200005132193,3.117844,1.100000071280461,0.25
AMR4,T11,3,transition,vg::SORT2__P3__path_1,31,31.232,3.1,6.950999779030571,4.130840005303266,3.117844,1.100000071280461,0.25
AMR4,T11,3,transition,vg::SORT2__P3__path_1,32,31.332,3.2,6.840999771902525,4.13348000547434,3.117844,1.100000071280461,0.25
AMR4,T11,3,transition,vg::SORT2__P3__path_1,33,31.432,3.3,6.730999764774479,4.136120005645412,3.117844,1.100000071280461,0.25
AMR4,T11,3,transition,vg::SORT2__P3__path_1,34,31.532,3.4,6.620999757646432,4.1387600058164855,3.117844,1.100000071280461,0.25
AMR4,T11,3,transition,vg::SORT2__P3__path_1,35,31.632,3.5,6.510999750518387,4.141400005987558,3.117844,1.100000071280461,0.25
AMR4,T11,3,transition,vg::SORT2__P3__path_1,36,31.732,3.6,6.40099974339034,4.144040006158631,3.117844,1.100000071280461,0.25
AMR4,T11,3,transition,vg::SORT2__P3__path_1,37,31.832,3.7,6.290999736262294,4.147380008967081,3.115571791439074,1.100000071280461,0.25
AMR4,T11,3,transition,vg::SORT2__P3__path_1,38,31.932,3.8,6.180999729134248,4.151120009209436,3.1120011912076975,1.100000071280461,0.25
AMR4,T11,3,transition,vg::SORT2__P3__path_1,39,32.032,3.9,6.070999722006202,4.154860009451789,3.1084305909763215,1.100000071280461,0.25
AMR4,T11,3,transition,vg::SORT2__P3__path_1,40,32.132,4.0,5.960999714878156,4.158600009694142,3.104859990744945,1.100000071280461,0.25
AMR4,T11,3,transition,vg::SORT2__P3__path_1,41,32.232,4.1,5.85101970833461,4.1624000116899955,3.101614,1.100000071280461,0.25
AMR4,T11,3,transition,vg::SORT2__P3__path_1,42,32.332,4.2,5.74123970122082,4.166800011975117,3.101614,1.100000071280461,0.25
AMR4,T11,3,transition,vg::SORT2__P3__path_1,43,32.432,4.3,5.63145969410703,4.17120001226024,3.101614,1.100000071280461,0.25
AMR4,T11,3,transition,vg::SORT2__P3__path_1,44,32.532,4.4,5.52167968699324,4.175600012545361,3.101614,1.100000071280461,0.25
AMR4,T11,3,transition,vg::SORT2__P3__path_1,45,32.632,4.5,5.4118996798794505,4.180000012830483,3.101614,1.100000071280461,0.25
AMR4,T11,3,transition,vg::SORT2__P3__path_1,46,32.732,4.6,5.301999672109879,4.184400013115605,3.101614,1.100000071280461,0.25
AMR4,T11,3,transition,vg::SORT2__P3__path_1,47,32.832,4.7,5.191999664981834,4.188800013400727,3.101614,1.100000071280461,0.25
AMR4,T11,3,transition,vg::SORT2__P3__path_1,48,32.932,4.8,5.081999657853787,4.193200013685849,3.101614,1.100000071280461,0.25
AMR4,T11,3,transition,vg::SORT2__P3__path_1,49,33.032,4.9,4.971999650725741,4.197600013970971,3.101614,1.100000071280461,0.25
AMR4,T11,3,transition,vg::SORT2__P3__path_1,50,33.132,5.0,4.8619996443105,4.202000013543287,3.101614,1.100000071280461,0.25
AMR4,T11,3,transition,vg::SORT2__P3__path_1,51,33.232,5.1,4.75221963719671,4.206180013814153,3.101614,1.100000071280461,0.25
AMR4,T11,3,transition,vg::SORT2__P3__path_1,52,33.332,5.2,4.64243963008292,4.210360014085019,3.101614,1.100000071280461,0.25
AMR4,T11,3,transition,vg::SORT2__P3__path_1,53,33.432,5.3,4.532659622969129,4.214540014355885,3.101614,1.100000071280461,0.25
AMR4,T11,3,transition,vg::SORT2__P3__path_1,54,33.532,5.4,4.42287961585534,4.218720014626751,3.101614,1.100000071280461,0.25
AMR4,T11,3,transition,vg::SORT2__P3__path_1,55,33.632,5.5,4.312999607957465,4.223000015681701,3.101614,1.100000071280461,0.25
AMR4,T11,3,transition,vg::SORT2__P3__path_1,56,33.732,5.6,4.202999600829418,4.227400015966823,3.101614,1.100000071280461,0.25
AMR4,T11,3,transition,vg::SORT2__P3__path_1,57,33.832,5.7,4.092999593701372,4.231800016251945,3.101614,1.100000071280461,0.25
AMR4,T11,3,transition,vg::SORT2__P3__path_1,58,33.932,5.8,3.982999586573326,4.236200016537067,3.101614,1.100000071280461,0.25
AMR4,T11,3,transition,vg::SORT2__P3__path_1,59,34.032,5.9,3.87299957944528,4.240600016822189,3.101614,1.100000071280461,0.25
AMR4,T11,3,transition,vg::SORT2__P3__path_1,60,34.132,6.0,3.816399800699831,4.300000252332832,2.8094263503691237,1.100000071280461,0.25
AMR4,T11,3,transition,vg::SORT2__P3__path_1,61,34.232,6.1,3.7651397973781613,4.3649002565383785,2.4880212895419413,1.100000071280461,0.25
AMR4,T11,3,transition,vg::SORT2__P3__path_1,62,34.332,6.2,3.713879794056492,4.429800260743925,2.1666162287147612,1.100000071280461,0.25
AMR4,T11,3,transition,vg::SORT2__P3__path_1,63,34.432,6.3,3.6626197907348224,4.494700264949473,1.8452111678875789,1.100000071280461,0.25
AMR4,T11,3,transition,vg::SORT2__P3__path_1,64,34.532,6.4,3.6271999680663534,4.575920455282559,1.640682,1.100000071280461,0.25
AMR4,T11,3,transition,vg::SORT2__P3__path_1,65,34.632,6.5,3.6194999675673905,4.685700462396349,1.640682,1.100000071280461,0.25
AMR4,T11,3,transition,vg::SORT2__P3__path_1,66,34.732,6.6,3.611799967068427,4.7954804695101405,1.640682,1.100000071280461,0.25
AMR4,T11,3,transition,vg::SORT2__P3__path_1,67,34.832,6.7,3.6040999665694637,4.90526047662393,1.640682,1.100000071280461,0.25
AMR4,T11,3,transition,vg::SORT2__P3__path_1,68,34.932,6.8,3.596399966070501,5.015040483737721,1.640682,1.100000071280461,0.25
AMR4,T11,3,transition,vg::SORT2__P3__path_1,69,35.032,6.9,3.5887499658447792,5.124583822891499,1.640682,1.100000071280461,0.25
AMR4,T11,3,transition,vg::SORT2__P3__path_1,70,35.132,7.0,3.5811110764608873,5.234074570727285,1.640682,1.100000071280461,0.25
AMR4,T11,3,transition,vg::SORT2__P3__path_1,71,35.146,7.015,3.58,5.25,1.640682,1.100000071280461,0.25
AMR4,T11,3,service_at_pickup,stationary::P3,0,35.146,0.0,3.55,5.25,-2.356194,0.0,0.25
AMR4,T11,3,service_at_pickup,stationary::P3,1,35.246,0.1,3.55,5.25,-2.356194,0.0,0.25
AMR4,T11,3,service_at_pickup,stationary::P3,2,35.346,0.2,3.55,5.25,-2.356194,0.0,0.25
AMR4,T11,3,service_at_pickup,stationary::P3,3,35.446,0.3,3.55,5.25,-2.356194,0.0,0.25
AMR4,T11,3,service_at_pickup,stationary::P3,4,35.546,0.4,3.55,5.25,-2.356194,0.0,0.25
AMR4,T11,3,service_at_pickup,stationary::P3,5,35.646,0.5,3.55,5.25,-2.356194,0.0,0.25
AMR4,T11,3,service_at_pickup,stationary::P3,6,35.746,0.6,3.55,5.25,-2.356194,0.0,0.25
AMR4,T11,3,service_at_pickup,stationary::P3,7,35.846,0.7,3.55,5.25,-2.356194,0.0,0.25
AMR4,T11,3,service_at_pickup,stationary::P3,8,35.946,0.8,3.55,5.25,-2.356194,0.0,0.25
AMR4,T11,3,service_at_pickup,stationary::P3,9,36.046,0.9,3.55,5.25,-2.356194,0.0,0.25
AMR4,T11,3,service_at_pickup,stationary::P3,10,36.146,1.0,3.55,5.25,-2.356194,0.0,0.25
AMR4,T11,3,service_at_pickup,stationary::P3,11,36.246,1.1,3.55,5.25,-2.356194,0.0,0.25
AMR4,T11,3,service_at_pickup,stationary::P3,12,36.346,1.2,3.55,5.25,-2.356194,0.0,0.25
AMR4,T11,3,service_at_pickup,stationary::P3,13,36.446,1.3,3.55,5.25,-2.356194,0.0,0.25
AMR4,T11,3,service_at_pickup,stationary::P3,14,36.546,1.4,3.55,5.25,-2.356194,0.0,0.25
AMR4,T11,3,service_at_pickup,stationary::P3,15,36.646,1.5,3.55,5.25,-2.356194,0.0,0.25
AMR4,T11,3,service_at_pickup,stationary::P3,16,36.746,1.6,3.55,5.25,-2.356194,0.0,0.25
AMR4,T11,3,service_at_pickup,stationary::P3,17,36.846,1.7,3.55,5.25,-2.356194,0.0,0.25
AMR4,T11,3,service_at_pickup,stationary::P3,18,36.946,1.8,3.55,5.25,-2.356194,0.0,0.25
AMR4,T11,3,service_at_pickup,stationary::P3,19,37.046,1.9,3.55,5.25,-2.356194,0.0,0.25
AMR4,T11,3,service_at_pickup,stationary::P3,20,37.146,2.0,3.55,5.25,-2.356194,0.0,0.25
AMR4,T11,3,loaded,vg::P3__OUT2__path_1,0,37.146,0.0,3.58,5.25,-1.50091,0.9900000052907225,0.25
AMR4,T11,3,loaded,vg::P3__OUT2__path_1,1,37.246,0.1,3.586930000037035,5.151197999471986,-1.50091,0.9900000052907225,0.25
AMR4,T11,3,loaded,vg::P3__OUT2__path_1,2,37.346,0.2,3.5938600000740704,5.052395998943972,-1.50091,0.9900000052907225,0.25
AMR4,T11,3,loaded,vg::P3__OUT2__path_1,3,37.446,0.3,3.6007900001111053,4.953593998415958,-1.50091,0.9900000052907225,0.25
AMR4,T11,3,loaded,vg::P3__OUT2__path_1,4,37.546,0.4,3.60772000014814,4.8547919978879435,-1.50091,0.9900000052907225,0.25
AMR4,T11,3,loaded,vg::P3__OUT2__path_1,5,37.646,0.5,3.6146500001851756,4.755989997359929,-1.50091,0.9900000052907225,0.25
AMR4,T11,3,loaded,vg::P3__OUT2__path_1,6,37.746,0.6,3.6215800002222105,4.657187996831915,-1.50091,0.9900000052907225,0.25
AMR4,T11,3,loaded,vg::P3__OUT2__path_1,7,37.846,0.7,3.6285100002592454,4.558385996303901,-1.50091,0.9900000052907225,0.25
AMR4,T11,3,loaded,vg::P3__OUT2__path_1,8,37.946,0.8,3.6354400002962803,4.459583995775887,-1.50091,0.9900000052907225,0.25
AMR4,T11,3,loaded,vg::P3__OUT2__path_1,9,38.046,0.9,3.6423700003333157,4.360781995247873,-1.50091,0.9900000052907225,0.25
AMR4,T11,3,loaded,vg::P3__OUT2__path_1,10,38.146,1.0,3.6493000003703506,4.261979994719859,-1.50091,0.9900000052907225,0.25
AMR4,T11,3,loaded,vg::P3__OUT2__path_1,11,38.246,1.1,3.738466005784876,4.248083999743929,-1.2408642649953623,0.9900000052907225,0.25
AMR4,T11,3,loaded,vg::P3__OUT2__path_1,12,38.346,1.2,3.836872006310774,4.24372799972065,-0.9515999254494859,0.9900000052907225,0.25
AMR4,T11,3,loaded,vg::P3__OUT2__path_1,13,38.446,1.3,3.935278006836672,4.23937199969737,-0.6623355859036102,0.9900000052907225,0.25
AMR4,T11,3,loaded,vg::P3__OUT2__path_1,14,38.546,1.4,4.03368400736257,4.235015999674092,-0.3730712463577337,0.9900000052907225,0.25
AMR4,T11,3,loaded,vg::P3__OUT2__path_1,15,38.646,1.5,4.1320900078884675,4.230659999650813,-0.0838069068118581,0.9900000052907225,0.25
AMR4,T11,3,loaded,vg::P3__OUT2__path_1,16,38.746,1.6,4.2310000084651564,4.226639999661394,-0.039979,0.9900000052907225,0.25
AMR4,T11,3,loaded,vg::P3__OUT2__path_1,17,38.846,1.7,4.3300000089942285,4.222679999640231,-0.039979,0.9900000052907225,0.25
AMR4,T11,3,loaded,vg::P3__OUT2__path_1,18,38.946,1.8,4.429000009523301,4.2187199996190685,-0.039979,0.9900000052907225,0.25
AMR4,T11,3,loaded,vg::P3__OUT2__path_1,19,39.046,1.9,4.528000010052374,4.214759999597905,-0.039979,0.9900000052907225,0.25
AMR4,T11,3,loaded,vg::P3__OUT2__path_1,20,39.146,2.0,4.627000010581446,4.210799999576742,-0.039979,0.9900000052907225,0.25
AMR4,T11,3,loaded,vg::P3__OUT2__path_1,21,39.246,2.1,4.725842011088297,4.206839999555579,-0.039979,0.9900000052907225,0.25
AMR4,T11,3,loaded,vg::P3__OUT2__path_1,22,39.346,2.2,4.824644011616311,4.202879999534416,-0.039979,0.9900000052907225,0.25
AMR4,T11,3,loaded,vg::P3__OUT2__path_1,23,39.446,2.3,4.923446012144325,4.198919999513254,-0.039979,0.9900000052907225,0.25
AMR4,T11,3,loaded,vg::P3__OUT2__path_1,24,39.546,2.4,5.022248012672339,4.194959999492091,-0.039979,0.9900000052907225,0.25
AMR4,T11,3,loaded,vg::P3__OUT2__path_1,25,39.646,2.5,5.121050013200353,4.190999999470928,-0.039979,0.9900000052907225,0.25
AMR4,T11,3,loaded,vg::P3__OUT2__path_1,26,39.746,2.6,5.220000013755879,4.187039999449765,-0.039979,0.9900000052907225,0.25
AMR4,T11,3,loaded,vg::P3__OUT2__path_1,27,39.846,2.7,5.319000014284951,4.183079999428602,-0.039979,0.9900000052907225,0.25
AMR4,T11,3,loaded,vg::P3__OUT2__path_1,28,39.946,2.8,5.418000014814023,4.1791199994074395,-0.039979,0.9900000052907225,0.25
AMR4,T11,3,loaded,vg::P3__OUT2__path_1,29,40.046,2.9,5.517000015343096,4.175159999386276,-0.039979,0.9900000052907225,0.25
AMR4,T11,3,loaded,vg::P3__OUT2__path_1,30,40.146,3.0,5.616000015872167,4.171199999365113,-0.039979,0.9900000052907225,0.25
AMR4,T11,3,loaded,vg::P3__OUT2__path_1,31,40.246,3.1,5.71500001640124,4.16723999934395,-0.039979,0.9900000052907225,0.25
AMR4,T11,3,loaded,vg::P3__OUT2__path_1,32,40.346,3.2,5.814000016930312,4.163279999322787,-0.039979,0.9900000052907225,0.25
AMR4,T11,3,loaded,vg::P3__OUT2__path_1,33,40.446,3.3,5.913000017459384,4.1593199993016245,-0.039979,0.9900000052907225,0.25
AMR4,T11,3,loaded,vg::P3__OUT2__path_1,34,40.546,3.4,6.012000017988457,4.155359999280462,-0.039979,0.9900000052907225,0.25
AMR4,T11,3,loaded,vg::P3__OUT2__path_1,35,40.646,3.5,6.111000018517529,4.151399999259299,-0.039979,0.9900000052907225,0.25
AMR4,T11,3,loaded,vg::P3__OUT2__path_1,36,40.746,3.6,6.209872019008508,4.148335999504789,-0.0381429674535911,0.9900000052907225,0.25
AMR4,T11,3,loaded,vg::P3__OUT2__path_1,37,40.846,3.7,6.3086740195365225,4.145761999491032,-0.03530285543841308,0.9900000052907225,0.25
AMR4,T11,3,loaded,vg::P3__OUT2__path_1,38,40.946,3.8,6.407476020064537,4.143187999477276,-0.032462743423235046,0.9900000052907225,0.25
AMR4,T11,3,loaded,vg::P3__OUT2__path_1,39,41.046,3.9,6.506278020592551,4.140613999463521,-0.029622631408057022,0.9900000052907225,0.25
AMR4,T11,3,loaded,vg::P3__OUT2__path_1,40,41.146,4.0,6.605080021120564,4.138039999449765,-0.026782519392879005,0.9900000052907225,0.25
AMR4,T11,3,loaded,vg::P3__OUT2__path_1,41,41.246,4.1,6.704000021691963,4.135465999436009,-0.025635,0.9900000052907225,0.25
AMR4,T11,3,loaded,vg::P3__OUT2__path_1,42,41.346,4.2,6.803000022221035,4.132891999422252,-0.025635,0.9900000052907225,0.25
AMR4,T11,3,loaded,vg::P3__OUT2__path_1,43,41.446,4.3,6.902000022750107,4.130317999408497,-0.025635,0.9900000052907225,0.25
AMR4,T11,3,loaded,vg::P3__OUT2__path_1,44,41.546,4.4,7.001000023279179,4.127743999394741,-0.025635,0.9900000052907225,0.25
AMR4,T11,3,loaded,vg::P3__OUT2__path_1,45,41.646,4.5,7.100000023808251,4.125169999380985,-0.025635,0.9900000052907225,0.25
AMR4,T11,3,loaded,vg::P3__OUT2__path_1,46,41.746,4.6,7.199000024337324,4.122703999415904,-0.025635,0.9900000052907225,0.25
AMR4,T11,3,loaded,vg::P3__OUT2__path_1,47,41.846,4.7,7.298000024866396,4.120327999403206,-0.025635,0.9900000052907225,0.25
AMR4,T11,3,loaded,vg::P3__OUT2__path_1,48,41.946,4.8,7.397000025395469,4.117951999390509,-0.025635,0.9900000052907225,0.25
AMR4,T11,3,loaded,vg::P3__OUT2__path_1,49,42.046,4.9,7.49600002592454,4.115575999377811,-0.025635,0.9900000052907225,0.25
AMR4,T11,3,loaded,vg::P3__OUT2__path_1,50,42.146,5.0,7.595000026453612,4.113199999365113,-0.025635,0.9900000052907225,0.25
AMR4,T11,3,loaded,vg::P3__OUT2__path_1,51,42.246,5.1,7.694000026982685,4.110725999298451,-0.025635,0.9900000052907225,0.25
AMR4,T11,3,loaded,vg::P3__OUT2__path_1,52,42.346,5.2,7.7930000275117575,4.108151999284694,-0.025635,0.9900000052907225,0.25
AMR4,T11,3,loaded,vg::P3__OUT2__path_1,53,42.446,5.3,7.89200002804083,4.105577999270938,-0.025635,0.9900000052907225,0.25
AMR4,T11,3,loaded,vg::P3__OUT2__path_1,54,42.546,5.4,7.991000028569902,4.103003999257183,-0.025635,0.9900000052907225,0.25
AMR4,T11,3,loaded,vg::P3__OUT2__path_1,55,42.646,5.5,8.090000029098974,4.100429999243427,-0.025635,0.9900000052907225,0.25
AMR4,T11,3,loaded,vg::P3__OUT2__path_1,56,42.746,5.6,8.189000029628046,4.097855999229671,-0.025635,0.9900000052907225,0.25
AMR4,T11,3,loaded,vg::P3__OUT2__path_1,57,42.846,5.7,8.288000030157118,4.095281999215915,-0.025635,0.9900000052907225,0.25
AMR4,T11,3,loaded,vg::P3__OUT2__path_1,58,42.946,5.8,8.387000030686192,4.092707999202159,-0.025635,0.9900000052907225,0.25
AMR4,T11,3,loaded,vg::P3__OUT2__path_1,59,43.046,5.9,8.486000031215264,4.090133999188404,-0.025635,0.9900000052907225,0.25
AMR4,T11,3,loaded,vg::P3__OUT2__path_1,60,43.146,6.0,8.585000031744334,4.087559999174648,-0.025635,0.9900000052907225,0.25
AMR4,T11,3,loaded,vg::P3__OUT2__path_1,61,43.246,6.1,8.684000032273408,4.0849859991608914,-0.025635,0.9900000052907225,0.25
AMR4,T11,3,loaded,vg::P3__OUT2__path_1,62,43.346,6.2,8.78300003280248,4.082411999147136,-0.025635,0.9900000052907225,0.25
AMR4,T11,3,loaded,vg::P3__OUT2__path_1,63,43.446,6.3,8.882000033331552,4.07983799913338,-0.025635,0.9900000052907225,0.25
AMR4,T11,3,loaded,vg::P3__OUT2__path_1,64,43.546,6.4,8.981000033860624,4.077263999119624,-0.025635,0.9900000052907225,0.25
AMR4,T11,3,loaded,vg::P3__OUT2__path_1,65,43.646,6.5,9.080000034389696,4.0746899991058685,-0.025635,0.9900000052907225,0.25
AMR4,T11,3,loaded,vg::P3__OUT2__path_1,66,43.746,6.6,9.178932034848932,4.072115999092112,-0.025635,0.9900000052907225,0.25
AMR4,T11,3,loaded,vg::P3__OUT2__path_1,67,43.846,6.7,9.277734035376945,4.069541999078356,-0.025635,0.9900000052907225,0.25
AMR4,T11,3,loaded,vg::P3__OUT2__path_1,68,43.946,6.8,9.37653603590496,4.0669679990646,-0.025635,0.9900000052907225,0.25
AMR4,T11,3,loaded,vg::P3__OUT2__path_1,69,44.046,6.9,9.475338036432975,4.064393999050845,-0.025635,0.9900000052907225,0.25
AMR4,T11,3,loaded,vg::P3__OUT2__path_1,70,44.146,7.0,9.574140036960987,4.0618199990370885,-0.025635,0.9900000052907225,0.25
AMR4,T11,3,loaded,vg::P3__OUT2__path_1,71,44.246,7.1,9.673000037564131,4.059303999098461,-0.025635,0.9900000052907225,0.25
AMR4,T11,3,loaded,vg::P3__OUT2__path_1,72,44.346,7.2,9.772000038093204,4.0569279990857625,-0.025635,0.9900000052907225,0.25
AMR4,T11,3,loaded,vg::P3__OUT2__path_1,73,44.446,7.3,9.871000038622276,4.054551999073065,-0.025635,0.9900000052907225,0.25
AMR4,T11,3,loaded,vg::P3__OUT2__path_1,74,44.546,7.4,9.970000039151348,4.052175999060368,-0.025635,0.9900000052907225,0.25
AMR4,T11,3,loaded,vg::P3__OUT2__path_1,75,44.646,7.5,10.06900003968042,4.04979999904767,-0.025635,0.9900000052907225,0.25
AMR4,T11,3,loaded,vg::P3__OUT2__path_1,76,44.746,7.6,10.168000040209492,4.0473759989545535,-0.025635,0.9900000052907225,0.25
AMR4,T11,3,loaded,vg::P3__OUT2__path_1,77,44.846,7.7,10.267000040738564,4.044801998940797,-0.025635,0.9900000052907225,0.25
AMR4,T11,3,loaded,vg::P3__OUT2__path_1,78,44.946,7.8,10.366000041267636,4.042227998927041,-0.025635,0.9900000052907225,0.25
AMR4,T11,3,loaded,vg::P3__OUT2__path_1,79,45.046,7.9,10.465000041796708,4.039653998913286,-0.025635,0.9900000052907225,0.25
AMR4,T11,3,loaded,vg::P3__OUT2__path_1,80,45.146,8.0,10.56400004232578,4.03707999889953,-0.025635,0.9900000052907225,0.25
AMR4,T11,3,loaded,vg::P3__OUT2__path_1,81,45.246,8.1,10.663000042854852,4.034505998885774,-0.025635,0.9900000052907225,0.25
AMR4,T11,3,loaded,vg::P3__OUT2__path_1,82,45.346,8.2,10.762000043383926,4.031931998872018,-0.025635,0.9900000052907225,0.25
AMR4,T11,3,loaded,vg::P3__OUT2__path_1,83,45.446,8.3,10.861000043912998,4.029357998858262,-0.025635,0.9900000052907225,0.25
AMR4,T11,3,loaded,vg::P3__OUT2__path_1,84,45.546,8.4,10.96000004444207,4.026783998844507,-0.025635,0.9900000052907225,0.25
AMR4,T11,3,loaded,vg::P3__OUT2__path_1,85,45.646,8.5,11.059000044971143,4.0242099988307505,-0.025635,0.9900000052907225,0.25
AMR4,T11,3,loaded,vg::P3__OUT2__path_1,86,45.746,8.6,11.158000045500215,4.021635998816994,-0.025635,0.9900000052907225,0.25
AMR4,T11,3,loaded,vg::P3__OUT2__path_1,87,45.846,8.7,11.257000046029287,4.019061998803239,-0.025635,0.9900000052907225,0.25
AMR4,T11,3,loaded,vg::P3__OUT2__path_1,88,45.946,8.8,11.356000046558359,4.016487998789483,-0.025635,0.9900000052907225,0.25
AMR4,T11,3,loaded,vg::P3__OUT2__path_1,89,46.046,8.9,11.455000047087431,4.0139139987757275,-0.025635,0.9900000052907225,0.25
AMR4,T11,3,loaded,vg::P3__OUT2__path_1,90,46.146,9.0,11.554000047616503,4.011339998761971,-0.025635,0.9900000052907225,0.25
AMR4,T11,3,loaded,vg::P3__OUT2__path_1,91,46.246,9.1,11.653000048145575,4.008772470692949,-0.025635,0.9900000052907225,0.25
AMR4,T11,3,loaded,vg::P3__OUT2__path_1,92,46.346,9.2,11.752000048674649,4.006269661690809,-0.025635,0.9900000052907225,0.25
AMR4,T11,3,loaded,vg::P3__OUT2__path_1,93,46.446,9.3,11.851000049203721,4.0037668526886705,-0.025635,0.9900000052907225,0.25
AMR4,T11,3,loaded,vg::P3__OUT2__path_1,94,46.546,9.4,11.950000049732793,4.001264043686531,-0.025635,0.9900000052907225,0.25
AMR4,T11,3,loaded,vg::P3__OUT2__path_1,95,46.597,9.451,12.0,4.0,-0.025635,0.9900000052907225,0.25
