path_uid,from_node,to_node,path_id,sample_index,offset_time,x,y,theta,speed,footprint_radius
IN1__IN2__path_1,IN1,IN2,path_1,0,0.0,0.0,1.0,1.570796,1.0,0.25
IN1__IN2__path_1,IN1,IN2,path_1,1,0.5,0.0,1.5,1.570796,1.0,0.25
IN1__IN2__path_1,IN1,IN2,path_1,2,1.0,0.0,2.0,1.570796,1.0,0.25
IN1__IN2__path_1,IN1,IN2,path_1,3,1.5,0.0,2.5,1.570796,1.0,0.25
IN1__IN2__path_1,IN1,IN2,path_1,4,2.0,0.0,3.0,1.570796,1.0,0.25
IN1__IN2__path_1,IN1,IN2,path_1,5,2.5,0.0,3.5,1.570796,1.0,0.25
IN1__IN2__path_1,IN1,IN2,path_1,6,3.0,0.0,4.0,1.570796,1.0,0.25
IN1__IN2__path_1,IN1,IN2,path_1,7,3.5,0.0,4.5,1.570796,1.0,0.25
IN1__IN2__path_1,IN1,IN2,path_1,8,4.0,0.0,5.0,1.570796,1.0,0.25
IN1__P1__path_1,IN1,P1,path_1,0,0.0,0.0,1.0,-0.016024,1.0,0.25
IN1__P1__path_1,IN1,P1,path_1,1,0.5,0.5,0.992,-0.016024,1.0,0.25
IN1__P1__path_1,IN1,P1,path_1,2,1.0,1.0,0.984,-0.016024,1.0,0.25
IN1__P1__path_1,IN1,P1,path_1,3,1.5,1.5,0.976,-0.016024,1.0,0.25
IN1__P1__path_1,IN1,P1,path_1,4,2.0,2.0,0.968,-0.016024,1.0,0.25
IN1__P1__path_1,IN1,P1,path_1,5,2.5,2.5,0.96,-0.016024,1.0,0.25
IN1__P1__path_1,IN1,P1,path_1,6,3.0,3.0,0.952,-0.016024,1.0,0.25
IN1__P1__path_1,IN1,P1,path_1,7,3.12,3.12,0.95,-0.016024,1.0,0.25
IN1__P2__path_1,IN1,P2,path_1,0,0.0,0.0,1.0,0.536312,1.0,0.25
IN1__P2__path_1,IN1,P2,path_1,1,0.5,0.43,1.255,0.536312,1.0,0.25
IN1__P2__path_1,IN1,P2,path_1,2,1.0,0.86,1.511,0.536312,1.0,0.25
IN1__P2__path_1,IN1,P2,path_1,3,1.5,1.289,1.766,0.536312,1.0,0.25
IN1__P2__path_1,IN1,P2,path_1,4,2.0,1.719,2.022,0.536312,1.0,0.25
IN1__P2__path_1,IN1,P2,path_1,5,2.5,2.149,2.277,0.536312,1.0,0.25
IN1__P2__path_1,IN1,P2,path_1,6,3.0,2.579,2.533,0.536312,1.0,0.25
IN1__P2__path_1,IN1,P2,path_1,7,3.5,3.009,2.788,0.536312,1.0,0.25
IN1__P2__path_1,IN1,P2,path_1,8,4.0,3.472,2.92,0.0,1.0,0.25
IN1__P2__path_1,IN1,P2,path_1,9,4.5,3.972,2.92,0.0,1.0,0.25
IN1__P2__path_1,IN1,P2,path_1,10,5.0,4.331,2.768,-1.500736,1.0,0.25
IN1__P2__path_1,IN1,P2,path_1,11,5.419,4.36,2.35,-1.500736,1.0,0.25
IN1__P3__path_1,IN1,P3,path_1,0,0.0,0.0,1.0,0.8518,1.0,0.25
IN1__P3__path_1,IN1,P3,path_1,1,0.5,0.329,1.376,0.8518,1.0,0.25
IN1__P3__path_1,IN1,P3,path_1,2,1.0,0.659,1.752,0.8518,1.0,0.25
IN1__P3__path_1,IN1,P3,path_1,3,1.5,0.988,2.129,0.8518,1.0,0.25
IN1__P3__path_1,IN1,P3,path_1,4,2.0,1.317,2.505,0.8518,1.0,0.25
IN1__P3__path_1,IN1,P3,path_1,5,2.5,1.647,2.881,0.8518,1.0,0.25
IN1__P3__path_1,IN1,P3,path_1,6,3.0,1.976,3.257,0.8518,1.0,0.25
IN1__P3__path_1,IN1,P3,path_1,7,3.5,2.305,3.634,0.8518,1.0,0.25
IN1__P3__path_1,IN1,P3,path_1,8,4.0,2.635,4.01,0.8518,1.0,0.25
IN1__P3__path_1,IN1,P3,path_1,9,4.5,2.964,4.386,0.8518,1.0,0.25
IN1__P3__path_1,IN1,P3,path_1,10,5.0,3.293,4.762,0.8518,1.0,0.25
IN1__P3__path_1,IN1,P3,path_1,11,5.5,3.622,5.139,0.8518,1.0,0.25
IN1__P3__path_1,IN1,P3,path_1,12,5.648,3.72,5.25,0.8518,1.0,0.25
IN1__P4__path_1,IN1,P4,path_1,0,0.0,0.0,1.0,-0.144497,1.0,0.25
IN1__P4__path_1,IN1,P4,path_1,1,0.5,0.495,0.928,-0.144497,1.0,0.25
IN1__P4__path_1,IN1,P4,path_1,2,1.0,0.99,0.856,-0.144497,1.0,0.25
IN1__P4__path_1,IN1,P4,path_1,3,1.5,1.484,0.784,-0.144497,1.0,0.25
IN1__P4__path_1,IN1,P4,path_1,4,2.0,1.979,0.712,-0.144497,1.0,0.25
IN1__P4__path_1,IN1,P4,path_1,5,2.5,2.474,0.64,-0.144497,1.0,0.25
IN1__P4__path_1,IN1,P4,path_1,6,3.0,2.969,0.568,-0.144497,1.0,0.25
IN1__P4__path_1,IN1,P4,path_1,7,3.5,3.466,0.53,0.0,1.0,0.25
IN1__P4__path_1,IN1,P4,path_1,8,4.0,3.966,0.53,0.0,1.0,0.25
IN1__P4__path_1,IN1,P4,path_1,9,4.5,4.417,0.639,0.843398,1.0,0.25
IN1__P4__path_1,IN1,P4,path_1,10,5.0,4.75,1.012,0.843398,1.0,0.25
IN1__P4__path_1,IN1,P4,path_1,11,5.452,5.05,1.35,0.843398,1.0,0.25
IN1__P5__path_1,IN1,P5,path_1,0,0.0,0.0,1.0,0.536312,1.0,0.25
IN1__P5__path_1,IN1,P5,path_1,1,0.5,0.43,1.255,0.536312,1.0,0.25
IN1__P5__path_1,IN1,P5,path_1,2,1.0,0.86,1.511,0.536312,1.0,0.25
IN1__P5__path_1,IN1,P5,path_1,3,1.5,1.289,1.766,0.536312,1.0,0.25
IN1__P5__path_1,IN1,P5,path_1,4,2.0,1.719,2.022,0.536312,1.0,0.25
IN1__P5__path_1,IN1,P5,path_1,5,2.5,2.149,2.277,0.536312,1.0,0.25
IN1__P5__path_1,IN1,P5,path_1,6,3.0,2.579,2.533,0.536312,1.0,0.25
IN1__P5__path_1,IN1,P5,path_1,7,3.5,3.009,2.788,0.536312,1.0,0.25
IN1__P5__path_1,IN1,P5,path_1,8,4.0,3.447,3.028,0.463648,1.0,0.25
IN1__P5__path_1,IN1,P5,path_1,9,4.5,3.894,3.252,0.463648,1.0,0.25
IN1__P5__path_1,IN1,P5,path_1,10,5.0,4.341,3.476,0.463648,1.0,0.25
IN1__P5__path_1,IN1,P5,path_1,11,5.5,4.788,3.699,0.463648,1.0,0.25
IN1__P5__path_1,IN1,P5,path_1,12,6.0,5.238,3.919,0.443103,1.0,0.25
IN1__P5__path_1,IN1,P5,path_1,13,6.423,5.62,4.1,0.443103,1.0,0.25
IN1__P6__path_1,IN1,P6,path_1,0,0.0,0.0,1.0,0.572666,1.0,0.25
IN1__P6__path_1,IN1,P6,path_1,1,0.5,0.42,1.271,0.572666,1.0,0.25
IN1__P6__path_1,IN1,P6,path_1,2,1.0,0.84,1.542,0.572666,1.0,0.25
IN1__P6__path_1,IN1,P6,path_1,3,1.5,1.261,1.813,0.572666,1.0,0.25
IN1__P6__path_1,IN1,P6,path_1,4,2.0,1.681,2.084,0.572666,1.0,0.25
IN1__P6__path_1,IN1,P6,path_1,5,2.5,2.101,2.355,0.572666,1.0,0.25
IN1__P6__path_1,IN1,P6,path_1,6,3.0,2.521,2.626,0.572666,1.0,0.25
IN1__P6__path_1,IN1,P6,path_1,7,3.5,2.942,2.897,0.572666,1.0,0.25
IN1__P6__path_1,IN1,P6,path_1,8,4.0,3.362,3.167,0.572666,1.0,0.25
IN1__P6__path_1,IN1,P6,path_1,9,4.5,3.782,3.438,0.572666,1.0,0.25
IN1__P6__path_1,IN1,P6,path_1,10,5.0,4.202,3.709,0.572666,1.0,0.25
IN1__P6__path_1,IN1,P6,path_1,11,5.5,4.623,3.98,0.572666,1.0,0.25
IN1__P6__path_1,IN1,P6,path_1,12,6.0,5.043,4.251,0.572666,1.0,0.25
IN1__P6__path_1,IN1,P6,path_1,13,6.5,5.436,4.555,0.823475,1.0,0.25
IN1__P6__path_1,IN1,P6,path_1,14,7.0,5.775,4.922,0.823475,1.0,0.25
IN1__P6__path_1,IN1,P6,path_1,15,7.5,6.115,5.288,0.823475,1.0,0.25
IN1__P6__path_1,IN1,P6,path_1,16,8.0,6.514,5.523,0.01818,1.0,0.25
IN1__P6__path_1,IN1,P6,path_1,17,8.5,7.014,5.532,0.01818,1.0,0.25
IN1__P6__path_1,IN1,P6,path_1,18,9.0,7.514,5.542,0.01818,1.0,0.25
IN1__P6__path_1,IN1,P6,path_1,19,9.466,7.98,5.55,0.01818,1.0,0.25
IN1__P7__path_1,IN1,P7,path_1,0,0.0,0.0,1.0,-0.144497,1.0,0.25
IN1__P7__path_1,IN1,P7,path_1,1,0.5,0.495,0.928,-0.144497,1.0,0.25
IN1__P7__path_1,IN1,P7,path_1,2,1.0,0.99,0.856,-0.144497,1.0,0.25
IN1__P7__path_1,IN1,P7,path_1,3,1.5,1.484,0.784,-0.144497,1.0,0.25
IN1__P7__path_1,IN1,P7,path_1,4,2.0,1.979,0.712,-0.144497,1.0,0.25
IN1__P7__path_1,IN1,P7,path_1,5,2.5,2.474,0.64,-0.144497,1.0,0.25
IN1__P7__path_1,IN1,P7,path_1,6,3.0,2.969,0.568,-0.144497,1.0,0.25
IN1__P7__path_1,IN1,P7,path_1,7,3.5,3.466,0.53,0.0,1.0,0.25
IN1__P7__path_1,IN1,P7,path_1,8,4.0,3.966,0.53,0.0,1.0,0.25
IN1__P7__path_1,IN1,P7,path_1,9,4.5,4.466,0.533,0.022219,1.0,0.25
IN1__P7__path_1,IN1,P7,path_1,10,5.0,4.966,0.544,0.022219,1.0,0.25
IN1__P7__path_1,IN1,P7,path_1,11,5.5,5.466,0.555,0.022219,1.0,0.25
IN1__P7__path_1,IN1,P7,path_1,12,6.0,5.966,0.567,0.022219,1.0,0.25
IN1__P7__path_1,IN1,P7,path_1,13,6.5,6.465,0.578,0.022219,1.0,0.25
IN1__P7__path_1,IN1,P7,path_1,14,7.0,6.921,0.762,0.478352,1.0,0.25
IN1__P7__path_1,IN1,P7,path_1,15,7.5,7.365,0.992,0.478352,1.0,0.25
IN1__P7__path_1,IN1,P7,path_1,16,7.517,7.38,1.0,0.478352,1.0,0.25
IN1__P8__path_1,IN1,P8,path_1,0,0.0,0.0,1.0,-0.144497,1.0,0.25
IN1__P8__path_1,IN1,P8,path_1,1,0.5,0.495,0.928,-0.144497,1.0,0.25
IN1__P8__path_1,IN1,P8,path_1,2,1.0,0.99,0.856,-0.144497,1.0,0.25
IN1__P8__path_1,IN1,P8,path_1,3,1.5,1.484,0.784,-0.144497,1.0,0.25
IN1__P8__path_1,IN1,P8,path_1,4,2.0,1.979,0.712,-0.144497,1.0,0.25
IN1__P8__path_1,IN1,P8,path_1,5,2.5,2.474,0.64,-0.144497,1.0,0.25
IN1__P8__path_1,IN1,P8,path_1,6,3.0,2.969,0.568,-0.144497,1.0,0.25
IN1__P8__path_1,IN1,P8,path_1,7,3.5,3.466,0.53,0.0,1.0,0.25
IN1__P8__path_1,IN1,P8,path_1,8,4.0,3.966,0.53,0.0,1.0,0.25
IN1__P8__path_1,IN1,P8,path_1,9,4.5,4.466,0.533,0.022219,1.0,0.25
IN1__P8__path_1,IN1,P8,path_1,10,5.0,4.966,0.544,0.022219,1.0,0.25
IN1__P8__path_1,IN1,P8,path_1,11,5.5,5.466,0.555,0.022219,1.0,0.25
IN1__P8__path_1,IN1,P8,path_1,12,6.0,5.966,0.567,0.022219,1.0,0.25
IN1__P8__path_1,IN1,P8,path_1,13,6.5,6.465,0.578,0.022219,1.0,0.25
IN1__P8__path_1,IN1,P8,path_1,14,7.0,6.964,0.609,0.073041,1.0,0.25
IN1__P8__path_1,IN1,P8,path_1,15,7.5,7.463,0.645,0.073041,1.0,0.25
IN1__P8__path_1,IN1,P8,path_1,16,8.0,7.962,0.682,0.073041,1.0,0.25
IN1__P8__path_1,IN1,P8,path_1,17,8.5,8.46,0.718,0.073041,1.0,0.25
IN1__P8__path_1,IN1,P8,path_1,18,9.0,8.641,1.069,1.509146,1.0,0.25
IN1__P8__path_1,IN1,P8,path_1,19,9.5,8.672,1.568,1.509146,1.0,0.25
IN1__P8__path_1,IN1,P8,path_1,20,10.0,8.703,2.067,1.509146,1.0,0.25
IN1__P8__path_1,IN1,P8,path_1,21,10.283,8.72,2.35,1.509146,1.0,0.25
IN1__P9__path_1,IN1,P9,path_1,0,0.0,0.0,1.0,0.572666,1.0,0.25
IN1__P9__path_1,IN1,P9,path_1,1,0.5,0.42,1.271,0.572666,1.0,0.25
IN1__P9__path_1,IN1,P9,path_1,2,1.0,0.84,1.542,0.572666,1.0,0.25
IN1__P9__path_1,IN1,P9,path_1,3,1.5,1.261,1.813,0.572666,1.0,0.25
IN1__P9__path_1,IN1,P9,path_1,4,2.0,1.681,2.084,0.572666,1.0,0.25
IN1__P9__path_1,IN1,P9,path_1,5,2.5,2.101,2.355,0.572666,1.0,0.25
IN1__P9__path_1,IN1,P9,path_1,6,3.0,2.521,2.626,0.572666,1.0,0.25
IN1__P9__path_1,IN1,P9,path_1,7,3.5,2.942,2.897,0.572666,1.0,0.25
IN1__P9__path_1,IN1,P9,path_1,8,4.0,3.362,3.167,0.572666,1.0,0.25
IN1__P9__path_1,IN1,P9,path_1,9,4.5,3.782,3.438,0.572666,1.0,0.25
IN1__P9__path_1,IN1,P9,path_1,10,5.0,4.202,3.709,0.572666,1.0,0.25
IN1__P9__path_1,IN1,P9,path_1,11,5.5,4.623,3.98,0.572666,1.0,0.25
IN1__P9__path_1,IN1,P9,path_1,12,6.0,5.043,4.251,0.572666,1.0,0.25
IN1__P9__path_1,IN1,P9,path_1,13,6.5,5.459,4.528,0.61377,1.0,0.25
IN1__P9__path_1,IN1,P9,path_1,14,7.0,5.868,4.816,0.61377,1.0,0.25
IN1__P9__path_1,IN1,P9,path_1,15,7.406,6.2,5.05,0.61377,1.0,0.25
IN1__SORT1__path_1,IN1,SORT1,path_1,0,0.0,0.0,1.0,-0.144497,1.0,0.25
IN1__SORT1__path_1,IN1,SORT1,path_1,1,0.5,0.495,0.928,-0.144497,1.0,0.25
IN1__SORT1__path_1,IN1,SORT1,path_1,2,1.0,0.99,0.856,-0.144497,1.0,0.25
IN1__SORT1__path_1,IN1,SORT1,path_1,3,1.5,1.484,0.784,-0.144497,1.0,0.25
IN1__SORT1__path_1,IN1,SORT1,path_1,4,2.0,1.979,0.712,-0.144497,1.0,0.25
IN1__SORT1__path_1,IN1,SORT1,path_1,5,2.5,2.474,0.64,-0.144497,1.0,0.25
IN1__SORT1__path_1,IN1,SORT1,path_1,6,3.0,2.969,0.568,-0.144497,1.0,0.25
IN1__SORT1__path_1,IN1,SORT1,path_1,7,3.5,3.466,0.53,0.0,1.0,0.25
IN1__SORT1__path_1,IN1,SORT1,path_1,8,4.0,3.966,0.53,0.0,1.0,0.25
IN1__SORT1__path_1,IN1,SORT1,path_1,9,4.5,4.466,0.533,0.022219,1.0,0.25
IN1__SORT1__path_1,IN1,SORT1,path_1,10,5.0,4.966,0.544,0.022219,1.0,0.25
IN1__SORT1__path_1,IN1,SORT1,path_1,11,5.5,5.466,0.555,0.022219,1.0,0.25
IN1__SORT1__path_1,IN1,SORT1,path_1,12,6.0,5.966,0.567,0.022219,1.0,0.25
IN1__SORT1__path_1,IN1,SORT1,path_1,13,6.5,6.465,0.578,0.022219,1.0,0.25
IN1__SORT1__path_1,IN1,SORT1,path_1,14,7.0,6.964,0.609,0.073041,1.0,0.25
IN1__SORT1__path_1,IN1,SORT1,path_1,15,7.5,7.463,0.645,0.073041,1.0,0.25
IN1__SORT1__path_1,IN1,SORT1,path_1,16,8.0,7.962,0.682,0.073041,1.0,0.25
IN1__SORT1__path_1,IN1,SORT1,path_1,17,8.5,8.46,0.718,0.073041,1.0,0.25
IN1__SORT1__path_1,IN1,SORT1,path_1,18,9.0,8.827,0.999,0.915101,1.0,0.25
IN1__SORT1__path_1,IN1,SORT1,path_1,19,9.5,9.132,1.396,0.915101,1.0,0.25
IN1__SORT1__path_1,IN1,SORT1,path_1,20,10.0,9.437,1.792,0.915101,1.0,0.25
IN1__SORT1__path_1,IN1,SORT1,path_1,21,10.464,9.72,2.16,0.915101,1.0,0.25
IN1__SORT2__path_1,IN1,SORT2,path_1,0,0.0,0.0,1.0,0.536312,1.0,0.25
IN1__SORT2__path_1,IN1,SORT2,path_1,1,0.5,0.43,1.255,0.536312,1.0,0.25
IN1__SORT2__path_1,IN1,SORT2,path_1,2,1.0,0.86,1.511,0.536312,1.0,0.25
IN1__SORT2__path_1,IN1,SORT2,path_1,3,1.5,1.289,1.766,0.536312,1.0,0.25
IN1__SORT2__path_1,IN1,SORT2,path_1,4,2.0,1.719,2.022,0.536312,1.0,0.25
IN1__SORT2__path_1,IN1,SORT2,path_1,5,2.5,2.149,2.277,0.536312,1.0,0.25
IN1__SORT2__path_1,IN1,SORT2,path_1,6,3.0,2.579,2.533,0.536312,1.0,0.25
IN1__SORT2__path_1,IN1,SORT2,path_1,7,3.5,3.009,2.788,0.536312,1.0,0.25
IN1__SORT2__path_1,IN1,SORT2,path_1,8,4.0,3.447,3.028,0.463648,1.0,0.25
IN1__SORT2__path_1,IN1,SORT2,path_1,9,4.5,3.894,3.252,0.463648,1.0,0.25
IN1__SORT2__path_1,IN1,SORT2,path_1,10,5.0,4.341,3.476,0.463648,1.0,0.25
IN1__SORT2__path_1,IN1,SORT2,path_1,11,5.5,4.788,3.699,0.463648,1.0,0.25
IN1__SORT2__path_1,IN1,SORT2,path_1,12,6.0,5.26,3.83,0.043125,1.0,0.25
IN1__SORT2__path_1,IN1,SORT2,path_1,13,6.5,5.759,3.851,0.043125,1.0,0.25
IN1__SORT2__path_1,IN1,SORT2,path_1,14,7.0,6.259,3.873,0.043125,1.0,0.25
IN1__SORT2__path_1,IN1,SORT2,path_1,15,7.5,6.758,3.895,0.043125,1.0,0.25
IN1__SORT2__path_1,IN1,SORT2,path_1,16,8.0,7.258,3.916,0.043125,1.0,0.25
IN1__SORT2__path_1,IN1,SORT2,path_1,17,8.5,7.757,3.938,0.043125,1.0,0.25
IN1__SORT2__path_1,IN1,SORT2,path_1,18,9.0,8.257,3.959,0.043125,1.0,0.25
IN1__SORT2__path_1,IN1,SORT2,path_1,19,9.5,8.757,3.981,0.043125,1.0,0.25
IN1__SORT2__path_1,IN1,SORT2,path_1,20,10.0,9.256,4.002,0.043125,1.0,0.25
IN1__SORT2__path_1,IN1,SORT2,path_1,21,10.5,9.756,4.024,0.043125,1.0,0.25
IN1__SORT2__path_1,IN1,SORT2,path_1,22,11.0,10.255,4.045,0.043125,1.0,0.25
IN1__SORT2__path_1,IN1,SORT2,path_1,23,11.105,10.36,4.05,0.043125,1.0,0.25
IN1__OUT1__path_1,IN1,OUT1,path_1,0,0.0,0.0,1.0,-0.144497,1.0,0.25
IN1__OUT1__path_1,IN1,OUT1,path_1,1,0.5,0.495,0.928,-0.144497,1.0,0.25
IN1__OUT1__path_1,IN1,OUT1,path_1,2,1.0,0.99,0.856,-0.144497,1.0,0.25
IN1__OUT1__path_1,IN1,OUT1,path_1,3,1.5,1.484,0.784,-0.144497,1.0,0.25
IN1__OUT1__path_1,IN1,OUT1,path_1,4,2.0,1.979,0.712,-0.144497,1.0,0.25
IN1__OUT1__path_1,IN1,OUT1,path_1,5,2.5,2.474,0.64,-0.144497,1.0,0.25
IN1__OUT1__path_1,IN1,OUT1,path_1,6,3.0,2.969,0.568,-0.144497,1.0,0.25
IN1__OUT1__path_1,IN1,OUT1,path_1,7,3.5,3.466,0.53,0.0,1.0,0.25
IN1__OUT1__path_1,IN1,OUT1,path_1,8,4.0,3.966,0.53,0.0,1.0,0.25
IN1__OUT1__path_1,IN1,OUT1,path_1,9,4.5,4.466,0.533,0.022219,1.0,0.25
IN1__OUT1__path_1,IN1,OUT1,path_1,10,5.0,4.966,0.544,0.022219,1.0,0.25
IN1__OUT1__path_1,IN1,OUT1,path_1,11,5.5,5.466,0.555,0.022219,1.0,0.25
IN1__OUT1__path_1,IN1,OUT1,path_1,12,6.0,5.966,0.567,0.022219,1.0,0.25
IN1__OUT1__path_1,IN1,OUT1,path_1,13,6.5,6.465,0.578,0.022219,1.0,0.25
IN1__OUT1__path_1,IN1,OUT1,path_1,14,7.0,6.964,0.609,0.073041,1.0,0.25
IN1__OUT1__path_1,IN1,OUT1,path_1,15,7.5,7.463,0.645,0.073041,1.0,0.25
IN1__OUT1__path_1,IN1,OUT1,path_1,16,8.0,7.962,0.682,0.073041,1.0,0.25
IN1__OUT1__path_1,IN1,OUT1,path_1,17,8.5,8.46,0.718,0.073041,1.0,0.25
IN1__OUT1__path_1,IN1,OUT1,path_1,18,9.0,8.938,0.85,0.359419,1.0,0.25
IN1__OUT1__path_1,IN1,OUT1,path_1,19,9.5,9.406,1.025,0.359419,1.0,0.25
IN1__OUT1__path_1,IN1,OUT1,path_1,20,10.0,9.874,1.201,0.359419,1.0,0.25
IN1__OUT1__path_1,IN1,OUT1,path_1,21,10.5,10.342,1.377,0.359419,1.0,0.25
IN1__OUT1__path_1,IN1,OUT1,path_1,22,11.0,10.81,1.553,0.359419,1.0,0.25
IN1__OUT1__path_1,IN1,OUT1,path_1,23,11.5,11.278,1.729,0.359419,1.0,0.25
IN1__OUT1__path_1,IN1,OUT1,path_1,24,12.0,11.747,1.905,0.359419,1.0,0.25
IN1__OUT1__path_1,IN1,OUT1,path_1,25,12.271,12.0,2.0,0.359419,1.0,0.25
IN1__OUT2__path_1,IN1,OUT2,path_1,0,0.0,0.0,1.0,0.536312,1.0,0.25
IN1__OUT2__path_1,IN1,OUT2,path_1,1,0.5,0.43,1.255,0.536312,1.0,0.25
IN1__OUT2__path_1,IN1,OUT2,path_1,2,1.0,0.86,1.511,0.536312,1.0,0.25
IN1__OUT2__path_1,IN1,OUT2,path_1,3,1.5,1.289,1.766,0.536312,1.0,0.25
IN1__OUT2__path_1,IN1,OUT2,path_1,4,2.0,1.719,2.022,0.536312,1.0,0.25
IN1__OUT2__path_1,IN1,OUT2,path_1,5,2.5,2.149,2.277,0.536312,1.0,0.25
IN1__OUT2__path_1,IN1,OUT2,path_1,6,3.0,2.579,2.533,0.536312,1.0,0.25
IN1__OUT2__path_1,IN1,OUT2,path_1,7,3.5,3.009,2.788,0.536312,1.0,0.25
IN1__OUT2__path_1,IN1,OUT2,path_1,8,4.0,3.447,3.028,0.463648,1.0,0.25
IN1__OUT2__path_1,IN1,OUT2,path_1,9,4.5,3.894,3.252,0.463648,1.0,0.25
IN1__OUT2__path_1,IN1,OUT2,path_1,10,5.0,4.341,3.476,0.463648,1.0,0.25
IN1__OUT2__path_1,IN1,OUT2,path_1,11,5.5,4.788,3.699,0.463648,1.0,0.25
IN1__OUT2__path_1,IN1,OUT2,path_1,12,6.0,5.26,3.826,0.025819,1.0,0.25
IN1__OUT2__path_1,IN1,OUT2,path_1,13,6.5,5.76,3.839,0.025819,1.0,0.25
IN1__OUT2__path_1,IN1,OUT2,path_1,14,7.0,6.26,3.852,0.025819,1.0,0.25
IN1__OUT2__path_1,IN1,OUT2,path_1,15,7.5,6.759,3.865,0.025819,1.0,0.25
IN1__OUT2__path_1,IN1,OUT2,path_1,16,8.0,7.259,3.878,0.025819,1.0,0.25
IN1__OUT2__path_1,IN1,OUT2,path_1,17,8.5,7.759,3.89,0.025819,1.0,0.25
IN1__OUT2__path_1,IN1,OUT2,path_1,18,9.0,8.259,3.903,0.025819,1.0,0.25
IN1__OUT2__path_1,IN1,OUT2,path_1,19,9.5,8.759,3.916,0.025819,1.0,0.25
IN1__OUT2__path_1,IN1,OUT2,path_1,20,10.0,9.259,3.929,0.025819,1.0,0.25
IN1__OUT2__path_1,IN1,OUT2,path_1,21,10.5,9.758,3.942,0.025819,1.0,0.25
IN1__OUT2__path_1,IN1,OUT2,path_1,22,11.0,10.258,3.955,0.025819,1.0,0.25
IN1__OUT2__path_1,IN1,OUT2,path_1,23,11.5,10.758,3.968,0.025819,1.0,0.25
IN1__OUT2__path_1,IN1,OUT2,path_1,24,12.0,11.258,3.981,0.025819,1.0,0.25
IN1__OUT2__path_1,IN1,OUT2,path_1,25,12.5,11.758,3.994,0.025819,1.0,0.25
IN1__OUT2__path_1,IN1,OUT2,path_1,26,12.742,12.0,4.0,0.025819,1.0,0.25
IN1__CHG1__path_1,IN1,CHG1,path_1,0,0.0,0.0,1.0,-0.785398,1.0,0.25
IN1__CHG1__path_1,IN1,CHG1,path_1,1,0.5,0.354,0.646,-0.785398,1.0,0.25
IN1__CHG1__path_1,IN1,CHG1,path_1,2,1.0,0.707,0.293,-0.785398,1.0,0.25
IN1__CHG1__path_1,IN1,CHG1,path_1,3,1.414,1.0,0.0,-0.785398,1.0,0.25
IN1__CHG2__path_1,IN1,CHG2,path_1,0,0.0,0.0,1.0,-0.144497,1.0,0.25
IN1__CHG2__path_1,IN1,CHG2,path_1,1,0.5,0.495,0.928,-0.144497,1.0,0.25
IN1__CHG2__path_1,IN1,CHG2,path_1,2,1.0,0.99,0.856,-0.144497,1.0,0.25
IN1__CHG2__path_1,IN1,CHG2,path_1,3,1.5,1.484,0.784,-0.144497,1.0,0.25
IN1__CHG2__path_1,IN1,CHG2,path_1,4,2.0,1.979,0.712,-0.144497,1.0,0.25
IN1__CHG2__path_1,IN1,CHG2,path_1,5,2.5,2.474,0.64,-0.144497,1.0,0.25
IN1__CHG2__path_1,IN1,CHG2,path_1,6,3.0,2.969,0.568,-0.144497,1.0,0.25
IN1__CHG2__path_1,IN1,CHG2,path_1,7,3.5,3.465,0.508,-0.091597,1.0,0.25
IN1__CHG2__path_1,IN1,CHG2,path_1,8,4.0,3.963,0.463,-0.091597,1.0,0.25
IN1__CHG2__path_1,IN1,CHG2,path_1,9,4.5,4.461,0.417,-0.091597,1.0,0.25
IN1__CHG2__path_1,IN1,CHG2,path_1,10,5.0,4.959,0.371,-0.091597,1.0,0.25
IN1__CHG2__path_1,IN1,CHG2,path_1,11,5.5,5.457,0.325,-0.091597,1.0,0.25
IN1__CHG2__path_1,IN1,CHG2,path_1,12,6.0,5.955,0.28,-0.091597,1.0,0.25
IN1__CHG2__path_1,IN1,CHG2,path_1,13,6.5,6.452,0.234,-0.091597,1.0,0.25
IN1__CHG2__path_1,IN1,CHG2,path_1,14,7.0,6.95,0.188,-0.091597,1.0,0.25
IN1__CHG2__path_1,IN1,CHG2,path_1,15,7.5,7.448,0.143,-0.091597,1.0,0.25
IN1__CHG2__path_1,IN1,CHG2,path_1,16,8.0,7.946,0.097,-0.091597,1.0,0.25
IN1__CHG2__path_1,IN1,CHG2,path_1,17,8.5,8.444,0.051,-0.091597,1.0,0.25
IN1__CHG2__path_1,IN1,CHG2,path_1,18,9.0,8.942,0.005,-0.091597,1.0,0.25
IN1__CHG2__path_1,IN1,CHG2,path_1,19,9.058,9.0,0.0,-0.091597,1.0,0.25
IN2__IN1__path_1,IN2,IN1,path_1,0,0.0,0.0,5.0,-1.570796,1.0,0.25
IN2__IN1__path_1,IN2,IN1,path_1,1,0.5,0.0,4.5,-1.570796,1.0,0.25
IN2__IN1__path_1,IN2,IN1,path_1,2,1.0,0.0,4.0,-1.570796,1.0,0.25
IN2__IN1__path_1,IN2,IN1,path_1,3,1.5,0.0,3.5,-1.570796,1.0,0.25
IN2__IN1__path_1,IN2,IN1,path_1,4,2.0,0.0,3.0,-1.570796,1.0,0.25
IN2__IN1__path_1,IN2,IN1,path_1,5,2.5,0.0,2.5,-1.570796,1.0,0.25
IN2__IN1__path_1,IN2,IN1,path_1,6,3.0,0.0,2.0,-1.570796,1.0,0.25
IN2__IN1__path_1,IN2,IN1,path_1,7,3.5,0.0,1.5,-1.570796,1.0,0.25
IN2__IN1__path_1,IN2,IN1,path_1,8,4.0,0.0,1.0,-1.570796,1.0,0.25
IN2__P1__path_1,IN2,P1,path_1,0,0.0,0.0,5.0,-0.914385,1.0,0.25
IN2__P1__path_1,IN2,P1,path_1,1,0.5,0.305,4.604,-0.914385,1.0,0.25
IN2__P1__path_1,IN2,P1,path_1,2,1.0,0.61,4.208,-0.914385,1.0,0.25
IN2__P1__path_1,IN2,P1,path_1,3,1.5,0.915,3.812,-0.914385,1.0,0.25
IN2__P1__path_1,IN2,P1,path_1,4,2.0,1.221,3.416,-0.914385,1.0,0.25
IN2__P1__path_1,IN2,P1,path_1,5,2.5,1.526,3.02,-0.914385,1.0,0.25
IN2__P1__path_1,IN2,P1,path_1,6,3.0,1.831,2.623,-0.914385,1.0,0.25
IN2__P1__path_1,IN2,P1,path_1,7,3.5,2.136,2.227,-0.914385,1.0,0.25
IN2__P1__path_1,IN2,P1,path_1,8,4.0,2.441,1.831,-0.914385,1.0,0.25
IN2__P1__path_1,IN2,P1,path_1,9,4.5,2.746,1.435,-0.914385,1.0,0.25
IN2__P1__path_1,IN2,P1,path_1,10,5.0,3.051,1.039,-0.914385,1.0,0.25
IN2__P1__path_1,IN2,P1,path_1,11,5.112,3.12,0.95,-0.914385,1.0,0.25
IN2__P2__path_1,IN2,P2,path_1,0,0.0,0.0,5.0,-0.448723,1.0,0.25
IN2__P2__path_1,IN2,P2,path_1,1,0.5,0.451,4.783,-0.448723,1.0,0.25
IN2__P2__path_1,IN2,P2,path_1,2,1.0,0.901,4.566,-0.448723,1.0,0.25
IN2__P2__path_1,IN2,P2,path_1,3,1.5,1.352,4.349,-0.448723,1.0,0.25
IN2__P2__path_1,IN2,P2,path_1,4,2.0,1.802,4.132,-0.448723,1.0,0.25
IN2__P2__path_1,IN2,P2,path_1,5,2.5,2.253,3.915,-0.448723,1.0,0.25
IN2__P2__path_1,IN2,P2,path_1,6,3.0,2.703,3.699,-0.448723,1.0,0.25
IN2__P2__path_1,IN2,P2,path_1,7,3.5,3.154,3.482,-0.448723,1.0,0.25
IN2__P2__path_1,IN2,P2,path_1,8,4.0,3.604,3.265,-0.448723,1.0,0.25
IN2__P2__path_1,IN2,P2,path_1,9,4.5,4.055,3.048,-0.448723,1.0,0.25
IN2__P2__path_1,IN2,P2,path_1,10,5.0,4.334,2.715,-1.500736,1.0,0.25
IN2__P2__path_1,IN2,P2,path_1,11,5.366,4.36,2.35,-1.500736,1.0,0.25
IN2__P3__path_1,IN2,P3,path_1,0,0.0,0.0,5.0,0.067103,1.0,0.25
IN2__P3__path_1,IN2,P3,path_1,1,0.5,0.499,5.034,0.067103,1.0,0.25
IN2__P3__path_1,IN2,P3,path_1,2,1.0,0.998,5.067,0.067103,1.0,0.25
IN2__P3__path_1,IN2,P3,path_1,3,1.5,1.497,5.101,0.067103,1.0,0.25
IN2__P3__path_1,IN2,P3,path_1,4,2.0,1.995,5.134,0.067103,1.0,0.25
IN2__P3__path_1,IN2,P3,path_1,5,2.5,2.494,5.168,0.067103,1.0,0.25
IN2__P3__path_1,IN2,P3,path_1,6,3.0,2.993,5.201,0.067103,1.0,0.25
IN2__P3__path_1,IN2,P3,path_1,7,3.5,3.492,5.235,0.067103,1.0,0.25
IN2__P3__path_1,IN2,P3,path_1,8,3.728,3.72,5.25,0.067103,1.0,0.25
IN2__P4__path_1,IN2,P4,path_1,0,0.0,0.0,5.0,-0.448723,1.0,0.25
IN2__P4__path_1,IN2,P4,path_1,1,0.5,0.451,4.783,-0.448723,1.0,0.25
IN2__P4__path_1,IN2,P4,path_1,2,1.0,0.901,4.566,-0.448723,1.0,0.25
IN2__P4__path_1,IN2,P4,path_1,3,1.5,1.352,4.349,-0.448723,1.0,0.25
IN2__P4__path_1,IN2,P4,path_1,4,2.0,1.802,4.132,-0.448723,1.0,0.25
IN2__P4__path_1,IN2,P4,path_1,5,2.5,2.253,3.915,-0.448723,1.0,0.25
IN2__P4__path_1,IN2,P4,path_1,6,3.0,2.703,3.699,-0.448723,1.0,0.25
IN2__P4__path_1,IN2,P4,path_1,7,3.5,3.154,3.482,-0.448723,1.0,0.25
IN2__P4__path_1,IN2,P4,path_1,8,4.0,3.604,3.265,-0.448723,1.0,0.25
IN2__P4__path_1,IN2,P4,path_1,9,4.5,4.055,3.048,-0.448723,1.0,0.25
IN2__P4__path_1,IN2,P4,path_1,10,5.0,4.407,2.734,-1.135565,1.0,0.25
IN2__P4__path_1,IN2,P4,path_1,11,5.5,4.617,2.28,-1.135565,1.0,0.25
IN2__P4__path_1,IN2,P4,path_1,12,6.0,4.828,1.827,-1.135565,1.0,0.25
IN2__P4__path_1,IN2,P4,path_1,13,6.5,5.039,1.374,-1.135565,1.0,0.25
IN2__P4__path_1,IN2,P4,path_1,14,6.526,5.05,1.35,-1.135565,1.0,0.25
IN2__P5__path_1,IN2,P5,path_1,0,0.0,0.0,5.0,-0.158794,1.0,0.25
IN2__P5__path_1,IN2,P5,path_1,1,0.5,0.494,4.921,-0.158794,1.0,0.25
IN2__P5__path_1,IN2,P5,path_1,2,1.0,0.987,4.842,-0.158794,1.0,0.25
IN2__P5__path_1,IN2,P5,path_1,3,1.5,1.481,4.763,-0.158794,1.0,0.25
IN2__P5__path_1,IN2,P5,path_1,4,2.0,1.975,4.684,-0.158794,1.0,0.25
IN2__P5__path_1,IN2,P5,path_1,5,2.5,2.469,4.605,-0.158794,1.0,0.25
IN2__P5__path_1,IN2,P5,path_1,6,3.0,2.962,4.526,-0.158794,1.0,0.25
IN2__P5__path_1,IN2,P5,path_1,7,3.5,3.456,4.447,-0.158794,1.0,0.25
IN2__P5__path_1,IN2,P5,path_1,8,4.0,3.95,4.367,-0.158794,1.0,0.25
IN2__P5__path_1,IN2,P5,path_1,9,4.5,4.443,4.288,-0.158794,1.0,0.25
IN2__P5__path_1,IN2,P5,path_1,10,5.0,4.937,4.209,-0.158794,1.0,0.25
IN2__P5__path_1,IN2,P5,path_1,11,5.5,5.431,4.13,-0.158794,1.0,0.25
IN2__P5__path_1,IN2,P5,path_1,12,5.692,5.62,4.1,-0.158794,1.0,0.25
IN2__P6__path_1,IN2,P6,path_1,0,0.0,0.0,5.0,0.235742,1.0,0.25
IN2__P6__path_1,IN2,P6,path_1,1,0.5,0.486,5.117,0.235742,1.0,0.25
IN2__P6__path_1,IN2,P6,path_1,2,1.0,0.972,5.234,0.235742,1.0,0.25
IN2__P6__path_1,IN2,P6,path_1,3,1.5,1.459,5.35,0.235742,1.0,0.25
IN2__P6__path_1,IN2,P6,path_1,4,2.0,1.945,5.467,0.235742,1.0,0.25
IN2__P6__path_1,IN2,P6,path_1,5,2.5,2.431,5.584,0.235742,1.0,0.25
IN2__P6__path_1,IN2,P6,path_1,6,3.0,2.917,5.701,0.235742,1.0,0.25
IN2__P6__path_1,IN2,P6,path_1,7,3.5,3.403,5.817,0.235742,1.0,0.25
IN2__P6__path_1,IN2,P6,path_1,8,4.0,3.891,5.92,0.0,1.0,0.25
IN2__P6__path_1,IN2,P6,path_1,9,4.5,4.391,5.92,0.0,1.0,0.25
IN2__P6__path_1,IN2,P6,path_1,10,5.0,4.891,5.92,0.0,1.0,0.25
IN2__P6__path_1,IN2,P6,path_1,11,5.5,5.39,5.91,-0.138211,1.0,0.25
IN2__P6__path_1,IN2,P6,path_1,12,6.0,5.886,5.841,-0.138211,1.0,0.25
IN2__P6__path_1,IN2,P6,path_1,13,6.5,6.381,5.772,-0.138211,1.0,0.25
IN2__P6__path_1,IN2,P6,path_1,14,7.0,6.876,5.704,-0.138211,1.0,0.25
IN2__P6__path_1,IN2,P6,path_1,15,7.5,7.371,5.635,-0.138211,1.0,0.25
IN2__P6__path_1,IN2,P6,path_1,16,8.0,7.867,5.566,-0.138211,1.0,0.25
IN2__P6__path_1,IN2,P6,path_1,17,8.115,7.98,5.55,-0.138211,1.0,0.25
IN2__P7__path_1,IN2,P7,path_1,0,0.0,0.0,5.0,-0.390407,1.0,0.25
IN2__P7__path_1,IN2,P7,path_1,1,0.5,0.462,4.81,-0.390407,1.0,0.25
IN2__P7__path_1,IN2,P7,path_1,2,1.0,0.925,4.619,-0.390407,1.0,0.25
IN2__P7__path_1,IN2,P7,path_1,3,1.5,1.387,4.429,-0.390407,1.0,0.25
IN2__P7__path_1,IN2,P7,path_1,4,2.0,1.85,4.239,-0.390407,1.0,0.25
IN2__P7__path_1,IN2,P7,path_1,5,2.5,2.312,4.049,-0.390407,1.0,0.25
IN2__P7__path_1,IN2,P7,path_1,6,3.0,2.774,3.858,-0.390407,1.0,0.25
IN2__P7__path_1,IN2,P7,path_1,7,3.5,3.237,3.668,-0.390407,1.0,0.25
IN2__P7__path_1,IN2,P7,path_1,8,4.0,3.699,3.478,-0.390407,1.0,0.25
IN2__P7__path_1,IN2,P7,path_1,9,4.5,4.161,3.287,-0.390407,1.0,0.25
IN2__P7__path_1,IN2,P7,path_1,10,5.0,4.624,3.097,-0.390407,1.0,0.25
IN2__P7__path_1,IN2,P7,path_1,11,5.5,5.089,2.916,-0.229642,1.0,0.25
IN2__P7__path_1,IN2,P7,path_1,12,6.0,5.576,2.802,-0.229642,1.0,0.25
IN2__P7__path_1,IN2,P7,path_1,13,6.5,6.063,2.689,-0.229642,1.0,0.25
IN2__P7__path_1,IN2,P7,path_1,14,7.0,6.55,2.575,-0.229642,1.0,0.25
IN2__P7__path_1,IN2,P7,path_1,15,7.5,6.79,2.144,-1.094491,1.0,0.25
IN2__P7__path_1,IN2,P7,path_1,16,8.0,7.019,1.7,-1.094491,1.0,0.25
IN2__P7__path_1,IN2,P7,path_1,17,8.5,7.248,1.255,-1.094491,1.0,0.25
IN2__P7__path_1,IN2,P7,path_1,18,8.787,7.38,1.0,-1.094491,1.0,0.25
IN2__P8__path_1,IN2,P8,path_1,0,0.0,0.0,5.0,-0.176888,1.0,0.25
IN2__P8__path_1,IN2,P8,path_1,1,0.5,0.492,4.912,-0.176888,1.0,0.25
IN2__P8__path_1,IN2,P8,path_1,2,1.0,0.984,4.824,-0.176888,1.0,0.25
IN2__P8__path_1,IN2,P8,path_1,3,1.5,1.477,4.736,-0.176888,1.0,0.25
IN2__P8__path_1,IN2,P8,path_1,4,2.0,1.969,4.648,-0.176888,1.0,0.25
IN2__P8__path_1,IN2,P8,path_1,5,2.5,2.461,4.56,-0.176888,1.0,0.25
IN2__P8__path_1,IN2,P8,path_1,6,3.0,2.953,4.472,-0.176888,1.0,0.25
IN2__P8__path_1,IN2,P8,path_1,7,3.5,3.445,4.384,-0.176888,1.0,0.25
IN2__P8__path_1,IN2,P8,path_1,8,4.0,3.938,4.296,-0.176888,1.0,0.25
IN2__P8__path_1,IN2,P8,path_1,9,4.5,4.43,4.208,-0.176888,1.0,0.25
IN2__P8__path_1,IN2,P8,path_1,10,5.0,4.922,4.12,-0.176888,1.0,0.25
IN2__P8__path_1,IN2,P8,path_1,11,5.5,5.414,4.032,-0.176888,1.0,0.25
IN2__P8__path_1,IN2,P8,path_1,12,6.0,5.906,3.944,-0.176888,1.0,0.25
IN2__P8__path_1,IN2,P8,path_1,13,6.5,6.399,3.856,-0.176888,1.0,0.25
IN2__P8__path_1,IN2,P8,path_1,14,7.0,6.891,3.768,-0.176888,1.0,0.25
IN2__P8__path_1,IN2,P8,path_1,15,7.5,7.383,3.68,-0.176888,1.0,0.25
IN2__P8__path_1,IN2,P8,path_1,16,8.0,7.851,3.533,-0.588003,1.0,0.25
IN2__P8__path_1,IN2,P8,path_1,17,8.5,8.267,3.255,-0.588003,1.0,0.25
IN2__P8__path_1,IN2,P8,path_1,18,9.0,8.631,2.945,-1.422636,1.0,0.25
IN2__P8__path_1,IN2,P8,path_1,19,9.5,8.705,2.45,-1.422636,1.0,0.25
IN2__P8__path_1,IN2,P8,path_1,20,9.601,8.72,2.35,-1.422636,1.0,0.25
IN2__P9__path_1,IN2,P9,path_1,0,0.0,0.0,5.0,-0.147741,1.0,0.25
IN2__P9__path_1,IN2,P9,path_1,1,0.5,0.495,4.926,-0.147741,1.0,0.25
IN2__P9__path_1,IN2,P9,path_1,2,1.0,0.989,4.853,-0.147741,1.0,0.25
IN2__P9__path_1,IN2,P9,path_1,3,1.5,1.484,4.779,-0.147741,1.0,0.25
IN2__P9__path_1,IN2,P9,path_1,4,2.0,1.978,4.706,-0.147741,1.0,0.25
IN2__P9__path_1,IN2,P9,path_1,5,2.5,2.473,4.632,-0.147741,1.0,0.25
IN2__P9__path_1,IN2,P9,path_1,6,3.0,2.967,4.558,-0.147741,1.0,0.25
IN2__P9__path_1,IN2,P9,path_1,7,3.5,3.462,4.485,-0.147741,1.0,0.25
IN2__P9__path_1,IN2,P9,path_1,8,4.0,3.958,4.43,0.0,1.0,0.25
IN2__P9__path_1,IN2,P9,path_1,9,4.5,4.458,4.43,0.0,1.0,0.25
IN2__P9__path_1,IN2,P9,path_1,10,5.0,4.958,4.43,0.0,1.0,0.25
IN2__P9__path_1,IN2,P9,path_1,11,5.5,5.433,4.509,0.61377,1.0,0.25
IN2__P9__path_1,IN2,P9,path_1,12,6.0,5.841,4.797,0.61377,1.0,0.25
IN2__P9__path_1,IN2,P9,path_1,13,6.439,6.2,5.05,0.61377,1.0,0.25
IN2__SORT1__path_1,IN2,SORT1,path_1,0,0.0,0.0,5.0,-0.176888,1.0,0.25
IN2__SORT1__path_1,IN2,SORT1,path_1,1,0.5,0.492,4.912,-0.176888,1.0,0.25
IN2__SORT1__path_1,IN2,SORT1,path_1,2,1.0,0.984,4.824,-0.176888,1.0,0.25
IN2__SORT1__path_1,IN2,SORT1,path_1,3,1.5,1.477,4.736,-0.176888,1.0,0.25
IN2__SORT1__path_1,IN2,SORT1,path_1,4,2.0,1.969,4.648,-0.176888,1.0,0.25
IN2__SORT1__path_1,IN2,SORT1,path_1,5,2.5,2.461,4.56,-0.176888,1.0,0.25
IN2__SORT1__path_1,IN2,SORT1,path_1,6,3.0,2.953,4.472,-0.176888,1.0,0.25
IN2__SORT1__path_1,IN2,SORT1,path_1,7,3.5,3.445,4.384,-0.176888,1.0,0.25
IN2__SORT1__path_1,IN2,SORT1,path_1,8,4.0,3.938,4.296,-0.176888,1.0,0.25
IN2__SORT1__path_1,IN2,SORT1,path_1,9,4.5,4.43,4.208,-0.176888,1.0,0.25
IN2__SORT1__path_1,IN2,SORT1,path_1,10,5.0,4.922,4.12,-0.176888,1.0,0.25
IN2__SORT1__path_1,IN2,SORT1,path_1,11,5.5,5.414,4.032,-0.176888,1.0,0.25
IN2__SORT1__path_1,IN2,SORT1,path_1,12,6.0,5.906,3.944,-0.176888,1.0,0.25
IN2__SORT1__path_1,IN2,SORT1,path_1,13,6.5,6.399,3.856,-0.176888,1.0,0.25
IN2__SORT1__path_1,IN2,SORT1,path_1,14,7.0,6.891,3.768,-0.176888,1.0,0.25
IN2__SORT1__path_1,IN2,SORT1,path_1,15,7.5,7.383,3.68,-0.176888,1.0,0.25
IN2__SORT1__path_1,IN2,SORT1,path_1,16,8.0,7.851,3.533,-0.588003,1.0,0.25
IN2__SORT1__path_1,IN2,SORT1,path_1,17,8.5,8.267,3.255,-0.588003,1.0,0.25
IN2__SORT1__path_1,IN2,SORT1,path_1,18,9.0,8.68,2.973,-0.663556,1.0,0.25
IN2__SORT1__path_1,IN2,SORT1,path_1,19,9.5,9.074,2.665,-0.663556,1.0,0.25
IN2__SORT1__path_1,IN2,SORT1,path_1,20,10.0,9.468,2.357,-0.663556,1.0,0.25
IN2__SORT1__path_1,IN2,SORT1,path_1,21,10.32,9.72,2.16,-0.663556,1.0,0.25
IN2__SORT2__path_1,IN2,SORT2,path_1,0,0.0,0.0,5.0,-0.147741,1.0,0.25
IN2__SORT2__path_1,IN2,SORT2,path_1,1,0.5,0.495,4.926,-0.147741,1.0,0.25
IN2__SORT2__path_1,IN2,SORT2,path_1,2,1.0,0.989,4.853,-0.147741,1.0,0.25
IN2__SORT2__path_1,IN2,SORT2,path_1,3,1.5,1.484,4.779,-0.147741,1.0,0.25
IN2__SORT2__path_1,IN2,SORT2,path_1,4,2.0,1.978,4.706,-0.147741,1.0,0.25
IN2__SORT2__path_1,IN2,SORT2,path_1,5,2.5,2.473,4.632,-0.147741,1.0,0.25
IN2__SORT2__path_1,IN2,SORT2,path_1,6,3.0,2.967,4.558,-0.147741,1.0,0.25
IN2__SORT2__path_1,IN2,SORT2,path_1,7,3.5,3.462,4.485,-0.147741,1.0,0.25
IN2__SORT2__path_1,IN2,SORT2,path_1,8,4.0,3.958,4.423,-0.058127,1.0,0.25
IN2__SORT2__path_1,IN2,SORT2,path_1,9,4.5,4.457,4.394,-0.058127,1.0,0.25
IN2__SORT2__path_1,IN2,SORT2,path_1,10,5.0,4.956,4.364,-0.058127,1.0,0.25
IN2__SORT2__path_1,IN2,SORT2,path_1,11,5.5,5.455,4.335,-0.058127,1.0,0.25
IN2__SORT2__path_1,IN2,SORT2,path_1,12,6.0,5.954,4.306,-0.058127,1.0,0.25
IN2__SORT2__path_1,IN2,SORT2,path_1,13,6.5,6.453,4.277,-0.058127,1.0,0.25
IN2__SORT2__path_1,IN2,SORT2,path_1,14,7.0,6.953,4.248,-0.058127,1.0,0.25
IN2__SORT2__path_1,IN2,SORT2,path_1,15,7.5,7.452,4.219,-0.058127,1.0,0.25
IN2__SORT2__path_1,IN2,SORT2,path_1,16,8.0,7.951,4.19,-0.058127,1.0,0.25
IN2__SORT2__path_1,IN2,SORT2,path_1,17,8.5,8.45,4.161,-0.058127,1.0,0.25
IN2__SORT2__path_1,IN2,SORT2,path_1,18,9.0,8.949,4.132,-0.058127,1.0,0.25
IN2__SORT2__path_1,IN2,SORT2,path_1,19,9.5,9.448,4.103,-0.058127,1.0,0.25
IN2__SORT2__path_1,IN2,SORT2,path_1,20,10.0,9.947,4.074,-0.058127,1.0,0.25
IN2__SORT2__path_1,IN2,SORT2,path_1,21,10.413,10.36,4.05,-0.058127,1.0,0.25
IN2__OUT1__path_1,IN2,OUT1,path_1,0,0.0,0.0,5.0,-0.176888,1.0,0.25
IN2__OUT1__path_1,IN2,OUT1,path_1,1,0.5,0.492,4.912,-0.176888,1.0,0.25
IN2__OUT1__path_1,IN2,OUT1,path_1,2,1.0,0.984,4.824,-0.176888,1.0,0.25
IN2__OUT1__path_1,IN2,OUT1,path_1,3,1.5,1.477,4.736,-0.176888,1.0,0.25
IN2__OUT1__path_1,IN2,OUT1,path_1,4,2.0,1.969,4.648,-0.176888,1.0,0.25
IN2__OUT1__path_1,IN2,OUT1,path_1,5,2.5,2.461,4.56,-0.176888,1.0,0.25
IN2__OUT1__path_1,IN2,OUT1,path_1,6,3.0,2.953,4.472,-0.176888,1.0,0.25
IN2__OUT1__path_1,IN2,OUT1,path_1,7,3.5,3.445,4.384,-0.176888,1.0,0.25
IN2__OUT1__path_1,IN2,OUT1,path_1,8,4.0,3.938,4.296,-0.176888,1.0,0.25
IN2__OUT1__path_1,IN2,OUT1,path_1,9,4.5,4.43,4.208,-0.176888,1.0,0.25
IN2__OUT1__path_1,IN2,OUT1,path_1,10,5.0,4.922,4.12,-0.176888,1.0,0.25
IN2__OUT1__path_1,IN2,OUT1,path_1,11,5.5,5.414,4.032,-0.176888,1.0,0.25
IN2__OUT1__path_1,IN2,OUT1,path_1,12,6.0,5.906,3.944,-0.176888,1.0,0.25
IN2__OUT1__path_1,IN2,OUT1,path_1,13,6.5,6.399,3.856,-0.176888,1.0,0.25
IN2__OUT1__path_1,IN2,OUT1,path_1,14,7.0,6.891,3.768,-0.176888,1.0,0.25
IN2__OUT1__path_1,IN2,OUT1,path_1,15,7.5,7.383,3.68,-0.176888,1.0,0.25
IN2__OUT1__path_1,IN2,OUT1,path_1,16,8.0,7.867,3.564,-0.36184,1.0,0.25
IN2__OUT1__path_1,IN2,OUT1,path_1,17,8.5,8.335,3.387,-0.36184,1.0,0.25
IN2__OUT1__path_1,IN2,OUT1,path_1,18,9.0,8.803,3.21,-0.36184,1.0,0.25
IN2__OUT1__path_1,IN2,OUT1,path_1,19,9.5,9.27,3.033,-0.36184,1.0,0.25
IN2__OUT1__path_1,IN2,OUT1,path_1,20,10.0,9.738,2.856,-0.36184,1.0,0.25
IN2__OUT1__path_1,IN2,OUT1,path_1,21,10.5,10.206,2.679,-0.36184,1.0,0.25
IN2__OUT1__path_1,IN2,OUT1,path_1,22,11.0,10.673,2.502,-0.36184,1.0,0.25
IN2__OUT1__path_1,IN2,OUT1,path_1,23,11.5,11.141,2.325,-0.36184,1.0,0.25
IN2__OUT1__path_1,IN2,OUT1,path_1,24,12.0,11.608,2.148,-0.36184,1.0,0.25
IN2__OUT1__path_1,IN2,OUT1,path_1,25,12.419,12.0,2.0,-0.36184,1.0,0.25
IN2__OUT2__path_1,IN2,OUT2,path_1,0,0.0,0.0,5.0,-0.147741,1.0,0.25
IN2__OUT2__path_1,IN2,OUT2,path_1,1,0.5,0.495,4.926,-0.147741,1.0,0.25
IN2__OUT2__path_1,IN2,OUT2,path_1,2,1.0,0.989,4.853,-0.147741,1.0,0.25
IN2__OUT2__path_1,IN2,OUT2,path_1,3,1.5,1.484,4.779,-0.147741,1.0,0.25
IN2__OUT2__path_1,IN2,OUT2,path_1,4,2.0,1.978,4.706,-0.147741,1.0,0.25
IN2__OUT2__path_1,IN2,OUT2,path_1,5,2.5,2.473,4.632,-0.147741,1.0,0.25
IN2__OUT2__path_1,IN2,OUT2,path_1,6,3.0,2.967,4.558,-0.147741,1.0,0.25
IN2__OUT2__path_1,IN2,OUT2,path_1,7,3.5,3.462,4.485,-0.147741,1.0,0.25
IN2__OUT2__path_1,IN2,OUT2,path_1,8,4.0,3.958,4.423,-0.052583,1.0,0.25
IN2__OUT2__path_1,IN2,OUT2,path_1,9,4.5,4.457,4.397,-0.052583,1.0,0.25
IN2__OUT2__path_1,IN2,OUT2,path_1,10,5.0,4.956,4.371,-0.052583,1.0,0.25
IN2__OUT2__path_1,IN2,OUT2,path_1,11,5.5,5.456,4.344,-0.052583,1.0,0.25
IN2__OUT2__path_1,IN2,OUT2,path_1,12,6.0,5.955,4.318,-0.052583,1.0,0.25
IN2__OUT2__path_1,IN2,OUT2,path_1,13,6.5,6.454,4.292,-0.052583,1.0,0.25
IN2__OUT2__path_1,IN2,OUT2,path_1,14,7.0,6.953,4.266,-0.052583,1.0,0.25
IN2__OUT2__path_1,IN2,OUT2,path_1,15,7.5,7.453,4.239,-0.052583,1.0,0.25
IN2__OUT2__path_1,IN2,OUT2,path_1,16,8.0,7.952,4.213,-0.052583,1.0,0.25
IN2__OUT2__path_1,IN2,OUT2,path_1,17,8.5,8.451,4.187,-0.052583,1.0,0.25
IN2__OUT2__path_1,IN2,OUT2,path_1,18,9.0,8.951,4.16,-0.052583,1.0,0.25
IN2__OUT2__path_1,IN2,OUT2,path_1,19,9.5,9.45,4.134,-0.052583,1.0,0.25
IN2__OUT2__path_1,IN2,OUT2,path_1,20,10.0,9.949,4.108,-0.052583,1.0,0.25
IN2__OUT2__path_1,IN2,OUT2,path_1,21,10.5,10.449,4.082,-0.052583,1.0,0.25
IN2__OUT2__path_1,IN2,OUT2,path_1,22,11.0,10.948,4.055,-0.052583,1.0,0.25
IN2__OUT2__path_1,IN2,OUT2,path_1,23,11.5,11.447,4.029,-0.052583,1.0,0.25
IN2__OUT2__path_1,IN2,OUT2,path_1,24,12.0,11.947,4.003,-0.052583,1.0,0.25
IN2__OUT2__path_1,IN2,OUT2,path_1,25,12.053,12.0,4.0,-0.052583,1.0,0.25
IN2__CHG1__path_1,IN2,CHG1,path_1,0,0.0,0.0,5.0,-1.373401,1.0,0.25
IN2__CHG1__path_1,IN2,CHG1,path_1,1,0.5,0.098,4.51,-1.373401,1.0,0.25
IN2__CHG1__path_1,IN2,CHG1,path_1,2,1.0,0.196,4.019,-1.373401,1.0,0.25
IN2__CHG1__path_1,IN2,CHG1,path_1,3,1.5,0.294,3.529,-1.373401,1.0,0.25
IN2__CHG1__path_1,IN2,CHG1,path_1,4,2.0,0.392,3.039,-1.373401,1.0,0.25
IN2__CHG1__path_1,IN2,CHG1,path_1,5,2.5,0.49,2.549,-1.373401,1.0,0.25
IN2__CHG1__path_1,IN2,CHG1,path_1,6,3.0,0.588,2.058,-1.373401,1.0,0.25
IN2__CHG1__path_1,IN2,CHG1,path_1,7,3.5,0.686,1.568,-1.373401,1.0,0.25
IN2__CHG1__path_1,IN2,CHG1,path_1,8,4.0,0.784,1.078,-1.373401,1.0,0.25
IN2__CHG1__path_1,IN2,CHG1,path_1,9,4.5,0.883,0.587,-1.373401,1.0,0.25
IN2__CHG1__path_1,IN2,CHG1,path_1,10,5.0,0.981,0.097,-1.373401,1.0,0.25
IN2__CHG1__path_1,IN2,CHG1,path_1,11,5.099,1.0,0.0,-1.373401,1.0,0.25
IN2__CHG2__path_1,IN2,CHG2,path_1,0,0.0,0.0,5.0,-0.390407,1.0,0.25
IN2__CHG2__path_1,IN2,CHG2,path_1,1,0.5,0.462,4.81,-0.390407,1.0,0.25
IN2__CHG2__path_1,IN2,CHG2,path_1,2,1.0,0.925,4.619,-0.390407,1.0,0.25
IN2__CHG2__path_1,IN2,CHG2,path_1,3,1.5,1.387,4.429,-0.390407,1.0,0.25
IN2__CHG2__path_1,IN2,CHG2,path_1,4,2.0,1.85,4.239,-0.390407,1.0,0.25
IN2__CHG2__path_1,IN2,CHG2,path_1,5,2.5,2.312,4.049,-0.390407,1.0,0.25
IN2__CHG2__path_1,IN2,CHG2,path_1,6,3.0,2.774,3.858,-0.390407,1.0,0.25
IN2__CHG2__path_1,IN2,CHG2,path_1,7,3.5,3.237,3.668,-0.390407,1.0,0.25
IN2__CHG2__path_1,IN2,CHG2,path_1,8,4.0,3.699,3.478,-0.390407,1.0,0.25
IN2__CHG2__path_1,IN2,CHG2,path_1,9,4.5,4.161,3.287,-0.390407,1.0,0.25
IN2__CHG2__path_1,IN2,CHG2,path_1,10,5.0,4.624,3.097,-0.390407,1.0,0.25
IN2__CHG2__path_1,IN2,CHG2,path_1,11,5.5,5.089,2.916,-0.229642,1.0,0.25
IN2__CHG2__path_1,IN2,CHG2,path_1,12,6.0,5.576,2.802,-0.229642,1.0,0.25
IN2__CHG2__path_1,IN2,CHG2,path_1,13,6.5,6.063,2.689,-0.229642,1.0,0.25
IN2__CHG2__path_1,IN2,CHG2,path_1,14,7.0,6.55,2.575,-0.229642,1.0,0.25
IN2__CHG2__path_1,IN2,CHG2,path_1,15,7.5,6.792,2.145,-1.089909,1.0,0.25
IN2__CHG2__path_1,IN2,CHG2,path_1,16,8.0,7.023,1.702,-1.089909,1.0,0.25
IN2__CHG2__path_1,IN2,CHG2,path_1,17,8.5,7.254,1.259,-1.089909,1.0,0.25
IN2__CHG2__path_1,IN2,CHG2,path_1,18,9.0,7.486,0.815,-1.089909,1.0,0.25
IN2__CHG2__path_1,IN2,CHG2,path_1,19,9.5,7.892,0.55,-0.460923,1.0,0.25
IN2__CHG2__path_1,IN2,CHG2,path_1,20,10.0,8.339,0.328,-0.460923,1.0,0.25
IN2__CHG2__path_1,IN2,CHG2,path_1,21,10.5,8.787,0.106,-0.460923,1.0,0.25
IN2__CHG2__path_1,IN2,CHG2,path_1,22,10.737,9.0,0.0,-0.460923,1.0,0.25
P1__IN1__path_1,P1,IN1,path_1,0,0.0,3.12,0.95,3.125568,1.0,0.25
P1__IN1__path_1,P1,IN1,path_1,1,0.5,2.62,0.958,3.125568,1.0,0.25
P1__IN1__path_1,P1,IN1,path_1,2,1.0,2.12,0.966,3.125568,1.0,0.25
P1__IN1__path_1,P1,IN1,path_1,3,1.5,1.62,0.974,3.125568,1.0,0.25
P1__IN1__path_1,P1,IN1,path_1,4,2.0,1.12,0.982,3.125568,1.0,0.25
P1__IN1__path_1,P1,IN1,path_1,5,2.5,0.62,0.99,3.125568,1.0,0.25
P1__IN1__path_1,P1,IN1,path_1,6,3.0,0.12,0.998,3.125568,1.0,0.25
P1__IN1__path_1,P1,IN1,path_1,7,3.12,0.0,1.0,3.125568,1.0,0.25
P1__IN2__path_1,P1,IN2,path_1,0,0.0,3.12,0.95,2.227208,1.0,0.25
P1__IN2__path_1,P1,IN2,path_1,1,0.5,2.815,1.346,2.227208,1.0,0.25
P1__IN2__path_1,P1,IN2,path_1,2,1.0,2.51,1.742,2.227208,1.0,0.25
P1__IN2__path_1,P1,IN2,path_1,3,1.5,2.205,2.138,2.227208,1.0,0.25
P1__IN2__path_1,P1,IN2,path_1,4,2.0,1.899,2.534,2.227208,1.0,0.25
P1__IN2__path_1,P1,IN2,path_1,5,2.5,1.594,2.93,2.227208,1.0,0.25
P1__IN2__path_1,P1,IN2,path_1,6,3.0,1.289,3.327,2.227208,1.0,0.25
P1__IN2__path_1,P1,IN2,path_1,7,3.5,0.984,3.723,2.227208,1.0,0.25
P1__IN2__path_1,P1,IN2,path_1,8,4.0,0.679,4.119,2.227208,1.0,0.25
P1__IN2__path_1,P1,IN2,path_1,9,4.5,0.374,4.515,2.227208,1.0,0.25
P1__IN2__path_1,P1,IN2,path_1,10,5.0,0.069,4.911,2.227208,1.0,0.25
P1__IN2__path_1,P1,IN2,path_1,11,5.112,0.0,5.0,2.227208,1.0,0.25
P1__P2__path_1,P1,P2,path_1,0,0.0,3.12,0.95,-1.314645,1.0,0.25
P1__P2__path_1,P1,P2,path_1,1,0.5,3.296,0.53,0.0,1.0,0.25
P1__P2__path_1,P1,P2,path_1,2,1.0,3.796,0.53,0.0,1.0,0.25
P1__P2__path_1,P1,P2,path_1,3,1.5,4.296,0.53,0.0,1.0,0.25
P1__P2__path_1,P1,P2,path_1,4,2.0,4.33,1.006,1.548822,1.0,0.25
P1__P2__path_1,P1,P2,path_1,5,2.5,4.341,1.506,1.548822,1.0,0.25
P1__P2__path_1,P1,P2,path_1,6,3.0,4.352,2.005,1.548822,1.0,0.25
P1__P2__path_1,P1,P2,path_1,7,3.345,4.36,2.35,1.548822,1.0,0.25
P1__P3__path_1,P1,P3,path_1,0,0.0,3.12,0.95,1.515017,1.0,0.25
P1__P3__path_1,P1,P3,path_1,1,0.5,3.148,1.449,1.515017,1.0,0.25
P1__P3__path_1,P1,P3,path_1,2,1.0,3.176,1.948,1.515017,1.0,0.25
P1__P3__path_1,P1,P3,path_1,3,1.5,3.204,2.448,1.515017,1.0,0.25
P1__P3__path_1,P1,P3,path_1,4,2.0,3.236,2.946,1.363516,1.0,0.25
P1__P3__path_1,P1,P3,path_1,5,2.5,3.338,3.436,1.363516,1.0,0.25
P1__P3__path_1,P1,P3,path_1,6,3.0,3.441,3.925,1.363516,1.0,0.25
P1__P3__path_1,P1,P3,path_1,7,3.5,3.544,4.414,1.363516,1.0,0.25
P1__P3__path_1,P1,P3,path_1,8,4.0,3.647,4.904,1.363516,1.0,0.25
P1__P3__path_1,P1,P3,path_1,9,4.354,3.72,5.25,1.363516,1.0,0.25
P1__P4__path_1,P1,P4,path_1,0,0.0,3.12,0.95,-1.314645,1.0,0.25
P1__P4__path_1,P1,P4,path_1,1,0.5,3.296,0.53,0.0,1.0,0.25
P1__P4__path_1,P1,P4,path_1,2,1.0,3.796,0.53,0.0,1.0,0.25
P1__P4__path_1,P1,P4,path_1,3,1.5,4.296,0.53,0.0,1.0,0.25
P1__P4__path_1,P1,P4,path_1,4,2.0,4.636,0.885,0.843398,1.0,0.25
P1__P4__path_1,P1,P4,path_1,5,2.5,4.969,1.259,0.843398,1.0,0.25
P1__P4__path_1,P1,P4,path_1,6,2.622,5.05,1.35,0.843398,1.0,0.25
P1__P5__path_1,P1,P5,path_1,0,0.0,3.12,0.95,1.515017,1.0,0.25
P1__P5__path_1,P1,P5,path_1,1,0.5,3.148,1.449,1.515017,1.0,0.25
P1__P5__path_1,P1,P5,path_1,2,1.0,3.176,1.948,1.515017,1.0,0.25
P1__P5__path_1,P1,P5,path_1,3,1.5,3.204,2.448,1.515017,1.0,0.25
P1__P5__path_1,P1,P5,path_1,4,2.0,3.254,2.932,0.463648,1.0,0.25
P1__P5__path_1,P1,P5,path_1,5,2.5,3.701,3.156,0.463648,1.0,0.25
P1__P5__path_1,P1,P5,path_1,6,3.0,4.149,3.379,0.463648,1.0,0.25
P1__P5__path_1,P1,P5,path_1,7,3.5,4.596,3.603,0.463648,1.0,0.25
P1__P5__path_1,P1,P5,path_1,8,4.0,5.043,3.826,0.443103,1.0,0.25
P1__P5__path_1,P1,P5,path_1,9,4.5,5.495,4.041,0.443103,1.0,0.25
P1__P5__path_1,P1,P5,path_1,10,4.639,5.62,4.1,0.443103,1.0,0.25
P1__P6__path_1,P1,P6,path_1,0,0.0,3.12,0.95,1.515017,1.0,0.25
P1__P6__path_1,P1,P6,path_1,1,0.5,3.148,1.449,1.515017,1.0,0.25
P1__P6__path_1,P1,P6,path_1,2,1.0,3.176,1.948,1.515017,1.0,0.25
P1__P6__path_1,P1,P6,path_1,3,1.5,3.204,2.448,1.515017,1.0,0.25
P1__P6__path_1,P1,P6,path_1,4,2.0,3.252,2.936,0.62566,1.0,0.25
P1__P6__path_1,P1,P6,path_1,5,2.5,3.657,3.229,0.62566,1.0,0.25
P1__P6__path_1,P1,P6,path_1,6,3.0,4.062,3.521,0.62566,1.0,0.25
P1__P6__path_1,P1,P6,path_1,7,3.5,4.468,3.814,0.62566,1.0,0.25
P1__P6__path_1,P1,P6,path_1,8,4.0,4.873,4.107,0.62566,1.0,0.25
P1__P6__path_1,P1,P6,path_1,9,4.5,5.278,4.4,0.62566,1.0,0.25
P1__P6__path_1,P1,P6,path_1,10,5.0,5.625,4.759,0.823475,1.0,0.25
P1__P6__path_1,P1,P6,path_1,11,5.5,5.965,5.126,0.823475,1.0,0.25
P1__P6__path_1,P1,P6,path_1,12,6.0,6.305,5.493,0.823475,1.0,0.25
P1__P6__path_1,P1,P6,path_1,13,6.5,6.792,5.528,0.01818,1.0,0.25
P1__P6__path_1,P1,P6,path_1,14,7.0,7.292,5.537,0.01818,1.0,0.25
P1__P6__path_1,P1,P6,path_1,15,7.5,7.792,5.547,0.01818,1.0,0.25
P1__P6__path_1,P1,P6,path_1,16,7.688,7.98,5.55,0.01818,1.0,0.25
P1__P7__path_1,P1,P7,path_1,0,0.0,3.12,0.95,-1.314645,1.0,0.25
P1__P7__path_1,P1,P7,path_1,1,0.5,3.296,0.53,0.0,1.0,0.25
P1__P7__path_1,P1,P7,path_1,2,1.0,3.796,0.53,0.0,1.0,0.25
P1__P7__path_1,P1,P7,path_1,3,1.5,4.296,0.53,0.0,1.0,0.25
P1__P7__path_1,P1,P7,path_1,4,2.0,4.796,0.541,0.022219,1.0,0.25
P1__P7__path_1,P1,P7,path_1,5,2.5,5.296,0.552,0.022219,1.0,0.25
P1__P7__path_1,P1,P7,path_1,6,3.0,5.795,0.563,0.022219,1.0,0.25
P1__P7__path_1,P1,P7,path_1,7,3.5,6.295,0.574,0.022219,1.0,0.25
P1__P7__path_1,P1,P7,path_1,8,4.0,6.77,0.684,0.478352,1.0,0.25
P1__P7__path_1,P1,P7,path_1,9,4.5,7.214,0.914,0.478352,1.0,0.25
P1__P7__path_1,P1,P7,path_1,10,4.687,7.38,1.0,0.478352,1.0,0.25
P1__P8__path_1,P1,P8,path_1,0,0.0,3.12,0.95,-1.314645,1.0,0.25
P1__P8__path_1,P1,P8,path_1,1,0.5,3.296,0.53,0.0,1.0,0.25
P1__P8__path_1,P1,P8,path_1,2,1.0,3.796,0.53,0.0,1.0,0.25
P1__P8__path_1,P1,P8,path_1,3,1.5,4.296,0.53,0.0,1.0,0.25
P1__P8__path_1,P1,P8,path_1,4,2.0,4.796,0.541,0.022219,1.0,0.25
P1__P8__path_1,P1,P8,path_1,5,2.5,5.296,0.552,0.022219,1.0,0.25
P1__P8__path_1,P1,P8,path_1,6,3.0,5.795,0.563,0.022219,1.0,0.25
P1__P8__path_1,P1,P8,path_1,7,3.5,6.295,0.574,0.022219,1.0,0.25
P1__P8__path_1,P1,P8,path_1,8,4.0,6.795,0.596,0.073041,1.0,0.25
P1__P8__path_1,P1,P8,path_1,9,4.5,7.293,0.633,0.073041,1.0,0.25
P1__P8__path_1,P1,P8,path_1,10,5.0,7.792,0.669,0.073041,1.0,0.25
P1__P8__path_1,P1,P8,path_1,11,5.5,8.291,0.706,0.073041,1.0,0.25
P1__P8__path_1,P1,P8,path_1,12,6.0,8.63,0.899,1.509146,1.0,0.25
P1__P8__path_1,P1,P8,path_1,13,6.5,8.661,1.399,1.509146,1.0,0.25
P1__P8__path_1,P1,P8,path_1,14,7.0,8.692,1.898,1.509146,1.0,0.25
P1__P8__path_1,P1,P8,path_1,15,7.453,8.72,2.35,1.509146,1.0,0.25
P1__P9__path_1,P1,P9,path_1,0,0.0,3.12,0.95,1.515017,1.0,0.25
P1__P9__path_1,P1,P9,path_1,1,0.5,3.148,1.449,1.515017,1.0,0.25
P1__P9__path_1,P1,P9,path_1,2,1.0,3.176,1.948,1.515017,1.0,0.25
P1__P9__path_1,P1,P9,path_1,3,1.5,3.204,2.448,1.515017,1.0,0.25
P1__P9__path_1,P1,P9,path_1,4,2.0,3.252,2.936,0.622158,1.0,0.25
P1__P9__path_1,P1,P9,path_1,5,2.5,3.658,3.227,0.622158,1.0,0.25
P1__P9__path_1,P1,P9,path_1,6,3.0,4.065,3.518,0.622158,1.0,0.25
P1__P9__path_1,P1,P9,path_1,7,3.5,4.471,3.81,0.622158,1.0,0.25
P1__P9__path_1,P1,P9,path_1,8,4.0,4.877,4.101,0.622158,1.0,0.25
P1__P9__path_1,P1,P9,path_1,9,4.5,5.283,4.393,0.622158,1.0,0.25
P1__P9__path_1,P1,P9,path_1,10,5.0,5.69,4.684,0.622158,1.0,0.25
P1__P9__path_1,P1,P9,path_1,11,5.5,6.096,4.975,0.622158,1.0,0.25
P1__P9__path_1,P1,P9,path_1,12,5.628,6.2,5.05,0.622158,1.0,0.25
P1__SORT1__path_1,P1,SORT1,path_1,0,0.0,3.12,0.95,-1.314645,1.0,0.25
P1__SORT1__path_1,P1,SORT1,path_1,1,0.5,3.296,0.53,0.0,1.0,0.25
P1__SORT1__path_1,P1,SORT1,path_1,2,1.0,3.796,0.53,0.0,1.0,0.25
P1__SORT1__path_1,P1,SORT1,path_1,3,1.5,4.296,0.53,0.0,1.0,0.25
P1__SORT1__path_1,P1,SORT1,path_1,4,2.0,4.796,0.541,0.022219,1.0,0.25
P1__SORT1__path_1,P1,SORT1,path_1,5,2.5,5.296,0.552,0.022219,1.0,0.25
P1__SORT1__path_1,P1,SORT1,path_1,6,3.0,5.795,0.563,0.022219,1.0,0.25
P1__SORT1__path_1,P1,SORT1,path_1,7,3.5,6.295,0.574,0.022219,1.0,0.25
P1__SORT1__path_1,P1,SORT1,path_1,8,4.0,6.795,0.596,0.073041,1.0,0.25
P1__SORT1__path_1,P1,SORT1,path_1,9,4.5,7.293,0.633,0.073041,1.0,0.25
P1__SORT1__path_1,P1,SORT1,path_1,10,5.0,7.792,0.669,0.073041,1.0,0.25
P1__SORT1__path_1,P1,SORT1,path_1,11,5.5,8.291,0.706,0.073041,1.0,0.25
P1__SORT1__path_1,P1,SORT1,path_1,12,6.0,8.724,0.865,0.915101,1.0,0.25
P1__SORT1__path_1,P1,SORT1,path_1,13,6.5,9.028,1.261,0.915101,1.0,0.25
P1__SORT1__path_1,P1,SORT1,path_1,14,7.0,9.333,1.657,0.915101,1.0,0.25
P1__SORT1__path_1,P1,SORT1,path_1,15,7.5,9.638,2.054,0.915101,1.0,0.25
P1__SORT1__path_1,P1,SORT1,path_1,16,7.634,9.72,2.16,0.915101,1.0,0.25
P1__SORT2__path_1,P1,SORT2,path_1,0,0.0,3.12,0.95,1.515017,1.0,0.25
P1__SORT2__path_1,P1,SORT2,path_1,1,0.5,3.148,1.449,1.515017,1.0,0.25
P1__SORT2__path_1,P1,SORT2,path_1,2,1.0,3.176,1.948,1.515017,1.0,0.25
P1__SORT2__path_1,P1,SORT2,path_1,3,1.5,3.204,2.448,1.515017,1.0,0.25
P1__SORT2__path_1,P1,SORT2,path_1,4,2.0,3.254,2.932,0.463648,1.0,0.25
P1__SORT2__path_1,P1,SORT2,path_1,5,2.5,3.701,3.156,0.463648,1.0,0.25
P1__SORT2__path_1,P1,SORT2,path_1,6,3.0,4.149,3.379,0.463648,1.0,0.25
P1__SORT2__path_1,P1,SORT2,path_1,7,3.5,4.596,3.603,0.463648,1.0,0.25
P1__SORT2__path_1,P1,SORT2,path_1,8,4.0,5.044,3.821,0.043125,1.0,0.25
P1__SORT2__path_1,P1,SORT2,path_1,9,4.5,5.544,3.842,0.043125,1.0,0.25
P1__SORT2__path_1,P1,SORT2,path_1,10,5.0,6.044,3.864,0.043125,1.0,0.25
P1__SORT2__path_1,P1,SORT2,path_1,11,5.5,6.543,3.885,0.043125,1.0,0.25
P1__SORT2__path_1,P1,SORT2,path_1,12,6.0,7.043,3.907,0.043125,1.0,0.25
P1__SORT2__path_1,P1,SORT2,path_1,13,6.5,7.542,3.928,0.043125,1.0,0.25
P1__SORT2__path_1,P1,SORT2,path_1,14,7.0,8.042,3.95,0.043125,1.0,0.25
P1__SORT2__path_1,P1,SORT2,path_1,15,7.5,8.541,3.972,0.043125,1.0,0.25
P1__SORT2__path_1,P1,SORT2,path_1,16,8.0,9.041,3.993,0.043125,1.0,0.25
P1__SORT2__path_1,P1,SORT2,path_1,17,8.5,9.54,4.015,0.043125,1.0,0.25
P1__SORT2__path_1,P1,SORT2,path_1,18,9.0,10.04,4.036,0.043125,1.0,0.25
P1__SORT2__path_1,P1,SORT2,path_1,19,9.32,10.36,4.05,0.043125,1.0,0.25
P1__OUT1__path_1,P1,OUT1,path_1,0,0.0,3.12,0.95,-1.314645,1.0,0.25
P1__OUT1__path_1,P1,OUT1,path_1,1,0.5,3.296,0.53,0.0,1.0,0.25
P1__OUT1__path_1,P1,OUT1,path_1,2,1.0,3.796,0.53,0.0,1.0,0.25
P1__OUT1__path_1,P1,OUT1,path_1,3,1.5,4.296,0.53,0.0,1.0,0.25
P1__OUT1__path_1,P1,OUT1,path_1,4,2.0,4.796,0.541,0.022219,1.0,0.25
P1__OUT1__path_1,P1,OUT1,path_1,5,2.5,5.296,0.552,0.022219,1.0,0.25
P1__OUT1__path_1,P1,OUT1,path_1,6,3.0,5.795,0.563,0.022219,1.0,0.25
P1__OUT1__path_1,P1,OUT1,path_1,7,3.5,6.295,0.574,0.022219,1.0,0.25
P1__OUT1__path_1,P1,OUT1,path_1,8,4.0,6.795,0.596,0.073041,1.0,0.25
P1__OUT1__path_1,P1,OUT1,path_1,9,4.5,7.293,0.633,0.073041,1.0,0.25
P1__OUT1__path_1,P1,OUT1,path_1,10,5.0,7.792,0.669,0.073041,1.0,0.25
P1__OUT1__path_1,P1,OUT1,path_1,11,5.5,8.291,0.706,0.073041,1.0,0.25
P1__OUT1__path_1,P1,OUT1,path_1,12,6.0,8.779,0.79,0.359419,1.0,0.25
P1__OUT1__path_1,P1,OUT1,path_1,13,6.5,9.247,0.966,0.359419,1.0,0.25
P1__OUT1__path_1,P1,OUT1,path_1,14,7.0,9.715,1.141,0.359419,1.0,0.25
P1__OUT1__path_1,P1,OUT1,path_1,15,7.5,10.183,1.317,0.359419,1.0,0.25
P1__OUT1__path_1,P1,OUT1,path_1,16,8.0,10.651,1.493,0.359419,1.0,0.25
P1__OUT1__path_1,P1,OUT1,path_1,17,8.5,11.119,1.669,0.359419,1.0,0.25
P1__OUT1__path_1,P1,OUT1,path_1,18,9.0,11.587,1.845,0.359419,1.0,0.25
P1__OUT1__path_1,P1,OUT1,path_1,19,9.441,12.0,2.0,0.359419,1.0,0.25
P1__OUT2__path_1,P1,OUT2,path_1,0,0.0,3.12,0.95,-1.314645,1.0,0.25
P1__OUT2__path_1,P1,OUT2,path_1,1,0.5,3.296,0.53,0.0,1.0,0.25
P1__OUT2__path_1,P1,OUT2,path_1,2,1.0,3.796,0.53,0.0,1.0,0.25
P1__OUT2__path_1,P1,OUT2,path_1,3,1.5,4.296,0.53,0.0,1.0,0.25
P1__OUT2__path_1,P1,OUT2,path_1,4,2.0,4.796,0.541,0.022219,1.0,0.25
P1__OUT2__path_1,P1,OUT2,path_1,5,2.5,5.296,0.552,0.022219,1.0,0.25
P1__OUT2__path_1,P1,OUT2,path_1,6,3.0,5.795,0.563,0.022219,1.0,0.25
P1__OUT2__path_1,P1,OUT2,path_1,7,3.5,6.295,0.574,0.022219,1.0,0.25
P1__OUT2__path_1,P1,OUT2,path_1,8,4.0,6.795,0.596,0.073041,1.0,0.25
P1__OUT2__path_1,P1,OUT2,path_1,9,4.5,7.293,0.633,0.073041,1.0,0.25
P1__OUT2__path_1,P1,OUT2,path_1,10,5.0,7.792,0.669,0.073041,1.0,0.25
P1__OUT2__path_1,P1,OUT2,path_1,11,5.5,8.291,0.706,0.073041,1.0,0.25
P1__OUT2__path_1,P1,OUT2,path_1,12,6.0,8.742,0.848,0.768858,1.0,0.25
P1__OUT2__path_1,P1,OUT2,path_1,13,6.5,9.101,1.196,0.768858,1.0,0.25
P1__OUT2__path_1,P1,OUT2,path_1,14,7.0,9.461,1.543,0.768858,1.0,0.25
P1__OUT2__path_1,P1,OUT2,path_1,15,7.5,9.82,1.891,0.768858,1.0,0.25
P1__OUT2__path_1,P1,OUT2,path_1,16,8.0,10.179,2.239,0.768858,1.0,0.25
P1__OUT2__path_1,P1,OUT2,path_1,17,8.5,10.539,2.586,0.768858,1.0,0.25
P1__OUT2__path_1,P1,OUT2,path_1,18,9.0,10.898,2.934,0.768858,1.0,0.25
P1__OUT2__path_1,P1,OUT2,path_1,19,9.5,11.258,3.282,0.768858,1.0,0.25
P1__OUT2__path_1,P1,OUT2,path_1,20,10.0,11.617,3.629,0.768858,1.0,0.25
P1__OUT2__path_1,P1,OUT2,path_1,21,10.5,11.976,3.977,0.768858,1.0,0.25
P1__OUT2__path_1,P1,OUT2,path_1,22,10.533,12.0,4.0,0.768858,1.0,0.25
P1__CHG1__path_1,P1,CHG1,path_1,0,0.0,3.12,0.95,-2.720309,1.0,0.25
P1__CHG1__path_1,P1,CHG1,path_1,1,0.5,2.664,0.746,-2.720309,1.0,0.25
P1__CHG1__path_1,P1,CHG1,path_1,2,1.0,2.207,0.541,-2.720309,1.0,0.25
P1__CHG1__path_1,P1,CHG1,path_1,3,1.5,1.751,0.337,-2.720309,1.0,0.25
P1__CHG1__path_1,P1,CHG1,path_1,4,2.0,1.295,0.132,-2.720309,1.0,0.25
P1__CHG1__path_1,P1,CHG1,path_1,5,2.323,1.0,0.0,-2.720309,1.0,0.25
P1__CHG2__path_1,P1,CHG2,path_1,0,0.0,3.12,0.95,-1.314645,1.0,0.25
P1__CHG2__path_1,P1,CHG2,path_1,1,0.5,3.296,0.524,-0.091597,1.0,0.25
P1__CHG2__path_1,P1,CHG2,path_1,2,1.0,3.793,0.478,-0.091597,1.0,0.25
P1__CHG2__path_1,P1,CHG2,path_1,3,1.5,4.291,0.433,-0.091597,1.0,0.25
P1__CHG2__path_1,P1,CHG2,path_1,4,2.0,4.789,0.387,-0.091597,1.0,0.25
P1__CHG2__path_1,P1,CHG2,path_1,5,2.5,5.287,0.341,-0.091597,1.0,0.25
P1__CHG2__path_1,P1,CHG2,path_1,6,3.0,5.785,0.295,-0.091597,1.0,0.25
P1__CHG2__path_1,P1,CHG2,path_1,7,3.5,6.283,0.25,-0.091597,1.0,0.25
P1__CHG2__path_1,P1,CHG2,path_1,8,4.0,6.781,0.204,-0.091597,1.0,0.25
P1__CHG2__path_1,P1,CHG2,path_1,9,4.5,7.279,0.158,-0.091597,1.0,0.25
P1__CHG2__path_1,P1,CHG2,path_1,10,5.0,7.777,0.112,-0.091597,1.0,0.25
P1__CHG2__path_1,P1,CHG2,path_1,11,5.5,8.275,0.067,-0.091597,1.0,0.25
P1__CHG2__path_1,P1,CHG2,path_1,12,6.0,8.773,0.021,-0.091597,1.0,0.25
P1__CHG2__path_1,P1,CHG2,path_1,13,6.228,9.0,0.0,-0.091597,1.0,0.25
P2__IN1__path_1,P2,IN1,path_1,0,0.0,4.36,2.35,1.640857,1.0,0.25
P2__IN1__path_1,P2,IN1,path_1,1,0.5,4.325,2.849,1.640857,1.0,0.25
P2__IN1__path_1,P2,IN1,path_1,2,1.0,3.891,2.92,3.141593,1.0,0.25
P2__IN1__path_1,P2,IN1,path_1,3,1.5,3.391,2.92,3.141593,1.0,0.25
P2__IN1__path_1,P2,IN1,path_1,4,2.0,2.939,2.747,-2.605281,1.0,0.25
P2__IN1__path_1,P2,IN1,path_1,5,2.5,2.509,2.492,-2.605281,1.0,0.25
P2__IN1__path_1,P2,IN1,path_1,6,3.0,2.079,2.236,-2.605281,1.0,0.25
P2__IN1__path_1,P2,IN1,path_1,7,3.5,1.65,1.981,-2.605281,1.0,0.25
P2__IN1__path_1,P2,IN1,path_1,8,4.0,1.22,1.725,-2.605281,1.0,0.25
P2__IN1__path_1,P2,IN1,path_1,9,4.5,0.79,1.47,-2.605281,1.0,0.25
P2__IN1__path_1,P2,IN1,path_1,10,5.0,0.36,1.214,-2.605281,1.0,0.25
P2__IN1__path_1,P2,IN1,path_1,11,5.419,0.0,1.0,-2.605281,1.0,0.25
P2__IN2__path_1,P2,IN2,path_1,0,0.0,4.36,2.35,1.640857,1.0,0.25
P2__IN2__path_1,P2,IN2,path_1,1,0.5,4.325,2.849,1.640857,1.0,0.25
P2__IN2__path_1,P2,IN2,path_1,2,1.0,3.934,3.106,2.692869,1.0,0.25
P2__IN2__path_1,P2,IN2,path_1,3,1.5,3.483,3.323,2.692869,1.0,0.25
P2__IN2__path_1,P2,IN2,path_1,4,2.0,3.033,3.54,2.692869,1.0,0.25
P2__IN2__path_1,P2,IN2,path_1,5,2.5,2.582,3.757,2.692869,1.0,0.25
P2__IN2__path_1,P2,IN2,path_1,6,3.0,2.132,3.974,2.692869,1.0,0.25
P2__IN2__path_1,P2,IN2,path_1,7,3.5,1.681,4.19,2.692869,1.0,0.25
P2__IN2__path_1,P2,IN2,path_1,8,4.0,1.231,4.407,2.692869,1.0,0.25
P2__IN2__path_1,P2,IN2,path_1,9,4.5,0.78,4.624,2.692869,1.0,0.25
P2__IN2__path_1,P2,IN2,path_1,10,5.0,0.33,4.841,2.692869,1.0,0.25
P2__IN2__path_1,P2,IN2,path_1,11,5.366,0.0,5.0,2.692869,1.0,0.25
P2__P1__path_1,P2,P1,path_1,0,0.0,4.36,2.35,-1.592771,1.0,0.25
P2__P1__path_1,P2,P1,path_1,1,0.5,4.349,1.85,-1.592771,1.0,0.25
P2__P1__path_1,P2,P1,path_1,2,1.0,4.338,1.35,-1.592771,1.0,0.25
P2__P1__path_1,P2,P1,path_1,3,1.5,4.327,0.85,-1.592771,1.0,0.25
P2__P1__path_1,P2,P1,path_1,4,2.0,4.14,0.53,3.141593,1.0,0.25
P2__P1__path_1,P2,P1,path_1,5,2.5,3.64,0.53,3.141593,1.0,0.25
P2__P1__path_1,P2,P1,path_1,6,3.0,3.207,0.617,1.826948,1.0,0.25
P2__P1__path_1,P2,P1,path_1,7,3.345,3.12,0.95,1.826948,1.0,0.25
P2__P3__path_1,P2,P3,path_1,0,0.0,4.36,2.35,1.640857,1.0,0.25
P2__P3__path_1,P2,P3,path_1,1,0.5,4.325,2.849,1.640857,1.0,0.25
P2__P3__path_1,P2,P3,path_1,2,1.0,4.188,3.328,1.884579,1.0,0.25
P2__P3__path_1,P2,P3,path_1,3,1.5,4.033,3.803,1.884579,1.0,0.25
P2__P3__path_1,P2,P3,path_1,4,2.0,3.879,4.279,1.884579,1.0,0.25
P2__P3__path_1,P2,P3,path_1,5,2.5,3.785,4.768,1.704147,1.0,0.25
P2__P3__path_1,P2,P3,path_1,6,2.986,3.72,5.25,1.704147,1.0,0.25
P2__P4__path_1,P2,P4,path_1,0,0.0,4.36,2.35,-0.966813,1.0,0.25
P2__P4__path_1,P2,P4,path_1,1,0.5,4.644,1.938,-0.966813,1.0,0.25
P2__P4__path_1,P2,P4,path_1,2,1.0,4.928,1.527,-0.966813,1.0,0.25
P2__P4__path_1,P2,P4,path_1,3,1.215,5.05,1.35,-0.966813,1.0,0.25
P2__P5__path_1,P2,P5,path_1,0,0.0,4.36,2.35,1.143144,1.0,0.25
P2__P5__path_1,P2,P5,path_1,1,0.5,4.567,2.805,1.143144,1.0,0.25
P2__P5__path_1,P2,P5,path_1,2,1.0,4.775,3.26,1.143144,1.0,0.25
P2__P5__path_1,P2,P5,path_1,3,1.5,4.982,3.715,1.143144,1.0,0.25
P2__P5__path_1,P2,P5,path_1,4,2.0,5.377,3.985,0.443103,1.0,0.25
P2__P5__path_1,P2,P5,path_1,5,2.269,5.62,4.1,0.443103,1.0,0.25
P2__P6__path_1,P2,P6,path_1,0,0.0,4.36,2.35,1.143144,1.0,0.25
P2__P6__path_1,P2,P6,path_1,1,0.5,4.567,2.805,1.143144,1.0,0.25
P2__P6__path_1,P2,P6,path_1,2,1.0,4.775,3.26,1.143144,1.0,0.25
P2__P6__path_1,P2,P6,path_1,3,1.5,4.982,3.715,1.143144,1.0,0.25
P2__P6__path_1,P2,P6,path_1,4,2.0,5.264,4.125,0.91795,1.0,0.25
P2__P6__path_1,P2,P6,path_1,5,2.5,5.567,4.523,0.91795,1.0,0.25
P2__P6__path_1,P2,P6,path_1,6,3.0,5.871,4.92,0.91795,1.0,0.25
P2__P6__path_1,P2,P6,path_1,7,3.5,6.175,5.317,0.91795,1.0,0.25
P2__P6__path_1,P2,P6,path_1,8,4.0,6.574,5.524,0.01818,1.0,0.25
P2__P6__path_1,P2,P6,path_1,9,4.5,7.074,5.534,0.01818,1.0,0.25
P2__P6__path_1,P2,P6,path_1,10,5.0,7.574,5.543,0.01818,1.0,0.25
P2__P6__path_1,P2,P6,path_1,11,5.406,7.98,5.55,0.01818,1.0,0.25
P2__P7__path_1,P2,P7,path_1,0,0.0,4.36,2.35,0.247681,1.0,0.25
P2__P7__path_1,P2,P7,path_1,1,0.5,4.845,2.473,0.247681,1.0,0.25
P2__P7__path_1,P2,P7,path_1,2,1.0,5.333,2.57,0.0,1.0,0.25
P2__P7__path_1,P2,P7,path_1,3,1.5,5.833,2.57,0.0,1.0,0.25
P2__P7__path_1,P2,P7,path_1,4,2.0,6.333,2.57,0.0,1.0,0.25
P2__P7__path_1,P2,P7,path_1,5,2.5,6.69,2.337,-1.094491,1.0,0.25
P2__P7__path_1,P2,P7,path_1,6,3.0,6.92,1.892,-1.094491,1.0,0.25
P2__P7__path_1,P2,P7,path_1,7,3.5,7.149,1.448,-1.094491,1.0,0.25
P2__P7__path_1,P2,P7,path_1,8,4.0,7.378,1.004,-1.094491,1.0,0.25
P2__P7__path_1,P2,P7,path_1,9,4.004,7.38,1.0,-1.094491,1.0,0.25
P2__P8__path_1,P2,P8,path_1,0,0.0,4.36,2.35,1.143144,1.0,0.25
P2__P8__path_1,P2,P8,path_1,1,0.5,4.567,2.805,1.143144,1.0,0.25
P2__P8__path_1,P2,P8,path_1,2,1.0,4.775,3.26,1.143144,1.0,0.25
P2__P8__path_1,P2,P8,path_1,3,1.5,4.982,3.715,1.143144,1.0,0.25
P2__P8__path_1,P2,P8,path_1,4,2.0,5.415,3.82,0.0,1.0,0.25
P2__P8__path_1,P2,P8,path_1,5,2.5,5.915,3.82,0.0,1.0,0.25
P2__P8__path_1,P2,P8,path_1,6,3.0,6.414,3.807,-0.141897,1.0,0.25
P2__P8__path_1,P2,P8,path_1,7,3.5,6.909,3.736,-0.141897,1.0,0.25
P2__P8__path_1,P2,P8,path_1,8,4.0,7.404,3.665,-0.141897,1.0,0.25
P2__P8__path_1,P2,P8,path_1,9,4.5,7.87,3.52,-0.588003,1.0,0.25
P2__P8__path_1,P2,P8,path_1,10,5.0,8.286,3.243,-0.588003,1.0,0.25
P2__P8__path_1,P2,P8,path_1,11,5.5,8.635,2.922,-1.422636,1.0,0.25
P2__P8__path_1,P2,P8,path_1,12,6.0,8.708,2.428,-1.422636,1.0,0.25
P2__P8__path_1,P2,P8,path_1,13,6.079,8.72,2.35,-1.422636,1.0,0.25
P2__P9__path_1,P2,P9,path_1,0,0.0,4.36,2.35,1.143144,1.0,0.25
P2__P9__path_1,P2,P9,path_1,1,0.5,4.567,2.805,1.143144,1.0,0.25
P2__P9__path_1,P2,P9,path_1,2,1.0,4.775,3.26,1.143144,1.0,0.25
P2__P9__path_1,P2,P9,path_1,3,1.5,4.982,3.715,1.143144,1.0,0.25
P2__P9__path_1,P2,P9,path_1,4,2.0,5.295,4.099,0.810393,1.0,0.25
P2__P9__path_1,P2,P9,path_1,5,2.5,5.64,4.461,0.810393,1.0,0.25
P2__P9__path_1,P2,P9,path_1,6,3.0,5.984,4.823,0.810393,1.0,0.25
P2__P9__path_1,P2,P9,path_1,7,3.313,6.2,5.05,0.810393,1.0,0.25
P2__SORT1__path_1,P2,SORT1,path_1,0,0.0,4.36,2.35,1.143144,1.0,0.25
P2__SORT1__path_1,P2,SORT1,path_1,1,0.5,4.567,2.805,1.143144,1.0,0.25
P2__SORT1__path_1,P2,SORT1,path_1,2,1.0,4.775,3.26,1.143144,1.0,0.25
P2__SORT1__path_1,P2,SORT1,path_1,3,1.5,4.982,3.715,1.143144,1.0,0.25
P2__SORT1__path_1,P2,SORT1,path_1,4,2.0,5.415,3.82,0.0,1.0,0.25
P2__SORT1__path_1,P2,SORT1,path_1,5,2.5,5.915,3.82,0.0,1.0,0.25
P2__SORT1__path_1,P2,SORT1,path_1,6,3.0,6.414,3.807,-0.141897,1.0,0.25
P2__SORT1__path_1,P2,SORT1,path_1,7,3.5,6.909,3.736,-0.141897,1.0,0.25
P2__SORT1__path_1,P2,SORT1,path_1,8,4.0,7.404,3.665,-0.141897,1.0,0.25
P2__SORT1__path_1,P2,SORT1,path_1,9,4.5,7.87,3.52,-0.588003,1.0,0.25
P2__SORT1__path_1,P2,SORT1,path_1,10,5.0,8.286,3.243,-0.588003,1.0,0.25
P2__SORT1__path_1,P2,SORT1,path_1,11,5.5,8.698,2.959,-0.663556,1.0,0.25
P2__SORT1__path_1,P2,SORT1,path_1,12,6.0,9.092,2.651,-0.663556,1.0,0.25
P2__SORT1__path_1,P2,SORT1,path_1,13,6.5,9.486,2.343,-0.663556,1.0,0.25
P2__SORT1__path_1,P2,SORT1,path_1,14,6.798,9.72,2.16,-0.663556,1.0,0.25
P2__SORT2__path_1,P2,SORT2,path_1,0,0.0,4.36,2.35,1.143144,1.0,0.25
P2__SORT2__path_1,P2,SORT2,path_1,1,0.5,4.567,2.805,1.143144,1.0,0.25
P2__SORT2__path_1,P2,SORT2,path_1,2,1.0,4.775,3.26,1.143144,1.0,0.25
P2__SORT2__path_1,P2,SORT2,path_1,3,1.5,4.982,3.715,1.143144,1.0,0.25
P2__SORT2__path_1,P2,SORT2,path_1,4,2.0,5.414,3.837,0.043125,1.0,0.25
P2__SORT2__path_1,P2,SORT2,path_1,5,2.5,5.914,3.858,0.043125,1.0,0.25
P2__SORT2__path_1,P2,SORT2,path_1,6,3.0,6.413,3.88,0.043125,1.0,0.25
P2__SORT2__path_1,P2,SORT2,path_1,7,3.5,6.913,3.901,0.043125,1.0,0.25
P2__SORT2__path_1,P2,SORT2,path_1,8,4.0,7.412,3.923,0.043125,1.0,0.25
P2__SORT2__path_1,P2,SORT2,path_1,9,4.5,7.912,3.944,0.043125,1.0,0.25
P2__SORT2__path_1,P2,SORT2,path_1,10,5.0,8.411,3.966,0.043125,1.0,0.25
P2__SORT2__path_1,P2,SORT2,path_1,11,5.5,8.911,3.987,0.043125,1.0,0.25
P2__SORT2__path_1,P2,SORT2,path_1,12,6.0,9.41,4.009,0.043125,1.0,0.25
P2__SORT2__path_1,P2,SORT2,path_1,13,6.5,9.91,4.031,0.043125,1.0,0.25
P2__SORT2__path_1,P2,SORT2,path_1,14,6.95,10.36,4.05,0.043125,1.0,0.25
P2__OUT1__path_1,P2,OUT1,path_1,0,0.0,4.36,2.35,1.143144,1.0,0.25
P2__OUT1__path_1,P2,OUT1,path_1,1,0.5,4.567,2.805,1.143144,1.0,0.25
P2__OUT1__path_1,P2,OUT1,path_1,2,1.0,4.775,3.26,1.143144,1.0,0.25
P2__OUT1__path_1,P2,OUT1,path_1,3,1.5,4.982,3.715,1.143144,1.0,0.25
P2__OUT1__path_1,P2,OUT1,path_1,4,2.0,5.415,3.82,0.0,1.0,0.25
P2__OUT1__path_1,P2,OUT1,path_1,5,2.5,5.915,3.82,0.0,1.0,0.25
P2__OUT1__path_1,P2,OUT1,path_1,6,3.0,6.414,3.807,-0.141897,1.0,0.25
P2__OUT1__path_1,P2,OUT1,path_1,7,3.5,6.909,3.736,-0.141897,1.0,0.25
P2__OUT1__path_1,P2,OUT1,path_1,8,4.0,7.404,3.665,-0.141897,1.0,0.25
P2__OUT1__path_1,P2,OUT1,path_1,9,4.5,7.889,3.556,-0.36184,1.0,0.25
P2__OUT1__path_1,P2,OUT1,path_1,10,5.0,8.356,3.379,-0.36184,1.0,0.25
P2__OUT1__path_1,P2,OUT1,path_1,11,5.5,8.824,3.202,-0.36184,1.0,0.25
P2__OUT1__path_1,P2,OUT1,path_1,12,6.0,9.291,3.025,-0.36184,1.0,0.25
P2__OUT1__path_1,P2,OUT1,path_1,13,6.5,9.759,2.848,-0.36184,1.0,0.25
P2__OUT1__path_1,P2,OUT1,path_1,14,7.0,10.227,2.671,-0.36184,1.0,0.25
P2__OUT1__path_1,P2,OUT1,path_1,15,7.5,10.694,2.494,-0.36184,1.0,0.25
P2__OUT1__path_1,P2,OUT1,path_1,16,8.0,11.162,2.317,-0.36184,1.0,0.25
P2__OUT1__path_1,P2,OUT1,path_1,17,8.5,11.63,2.14,-0.36184,1.0,0.25
P2__OUT1__path_1,P2,OUT1,path_1,18,8.896,12.0,2.0,-0.36184,1.0,0.25
P2__OUT2__path_1,P2,OUT2,path_1,0,0.0,4.36,2.35,1.143144,1.0,0.25
P2__OUT2__path_1,P2,OUT2,path_1,1,0.5,4.567,2.805,1.143144,1.0,0.25
P2__OUT2__path_1,P2,OUT2,path_1,2,1.0,4.775,3.26,1.143144,1.0,0.25
P2__OUT2__path_1,P2,OUT2,path_1,3,1.5,4.982,3.715,1.143144,1.0,0.25
P2__OUT2__path_1,P2,OUT2,path_1,4,2.0,5.414,3.83,0.025819,1.0,0.25
P2__OUT2__path_1,P2,OUT2,path_1,5,2.5,5.914,3.843,0.025819,1.0,0.25
P2__OUT2__path_1,P2,OUT2,path_1,6,3.0,6.414,3.856,0.025819,1.0,0.25
P2__OUT2__path_1,P2,OUT2,path_1,7,3.5,6.914,3.869,0.025819,1.0,0.25
P2__OUT2__path_1,P2,OUT2,path_1,8,4.0,7.414,3.882,0.025819,1.0,0.25
P2__OUT2__path_1,P2,OUT2,path_1,9,4.5,7.914,3.894,0.025819,1.0,0.25
P2__OUT2__path_1,P2,OUT2,path_1,10,5.0,8.413,3.907,0.025819,1.0,0.25
P2__OUT2__path_1,P2,OUT2,path_1,11,5.5,8.913,3.92,0.025819,1.0,0.25
P2__OUT2__path_1,P2,OUT2,path_1,12,6.0,9.413,3.933,0.025819,1.0,0.25
P2__OUT2__path_1,P2,OUT2,path_1,13,6.5,9.913,3.946,0.025819,1.0,0.25
P2__OUT2__path_1,P2,OUT2,path_1,14,7.0,10.413,3.959,0.025819,1.0,0.25
P2__OUT2__path_1,P2,OUT2,path_1,15,7.5,10.913,3.972,0.025819,1.0,0.25
P2__OUT2__path_1,P2,OUT2,path_1,16,8.0,11.412,3.985,0.025819,1.0,0.25
P2__OUT2__path_1,P2,OUT2,path_1,17,8.5,11.912,3.998,0.025819,1.0,0.25
P2__OUT2__path_1,P2,OUT2,path_1,18,8.588,12.0,4.0,0.025819,1.0,0.25
P2__CHG1__path_1,P2,CHG1,path_1,0,0.0,4.36,2.35,-1.592771,1.0,0.25
P2__CHG1__path_1,P2,CHG1,path_1,1,0.5,4.349,1.85,-1.592771,1.0,0.25
P2__CHG1__path_1,P2,CHG1,path_1,2,1.0,4.338,1.35,-1.592771,1.0,0.25
P2__CHG1__path_1,P2,CHG1,path_1,3,1.5,4.327,0.85,-1.592771,1.0,0.25
P2__CHG1__path_1,P2,CHG1,path_1,4,2.0,4.143,0.502,-2.98329,1.0,0.25
P2__CHG1__path_1,P2,CHG1,path_1,5,2.5,3.649,0.423,-2.98329,1.0,0.25
P2__CHG1__path_1,P2,CHG1,path_1,6,3.0,3.155,0.344,-2.98329,1.0,0.25
P2__CHG1__path_1,P2,CHG1,path_1,7,3.5,2.661,0.265,-2.98329,1.0,0.25
P2__CHG1__path_1,P2,CHG1,path_1,8,4.0,2.168,0.186,-2.98329,1.0,0.25
P2__CHG1__path_1,P2,CHG1,path_1,9,4.5,1.674,0.108,-2.98329,1.0,0.25
P2__CHG1__path_1,P2,CHG1,path_1,10,5.0,1.18,0.029,-2.98329,1.0,0.25
P2__CHG1__path_1,P2,CHG1,path_1,11,5.182,1.0,0.0,-2.98329,1.0,0.25
P2__CHG2__path_1,P2,CHG2,path_1,0,0.0,4.36,2.35,-1.113951,1.0,0.25
P2__CHG2__path_1,P2,CHG2,path_1,1,0.5,4.581,1.901,-1.113951,1.0,0.25
P2__CHG2__path_1,P2,CHG2,path_1,2,1.0,4.801,1.453,-1.113951,1.0,0.25
P2__CHG2__path_1,P2,CHG2,path_1,3,1.5,5.022,1.004,-1.113951,1.0,0.25
P2__CHG2__path_1,P2,CHG2,path_1,4,2.0,5.257,0.576,-0.152649,1.0,0.25
P2__CHG2__path_1,P2,CHG2,path_1,5,2.5,5.752,0.5,-0.152649,1.0,0.25
P2__CHG2__path_1,P2,CHG2,path_1,6,3.0,6.246,0.424,-0.152649,1.0,0.25
P2__CHG2__path_1,P2,CHG2,path_1,7,3.5,6.74,0.348,-0.152649,1.0,0.25
P2__CHG2__path_1,P2,CHG2,path_1,8,4.0,7.234,0.272,-0.152649,1.0,0.25
P2__CHG2__path_1,P2,CHG2,path_1,9,4.5,7.728,0.196,-0.152649,1.0,0.25
P2__CHG2__path_1,P2,CHG2,path_1,10,5.0,8.223,0.12,-0.152649,1.0,0.25
P2__CHG2__path_1,P2,CHG2,path_1,11,5.5,8.717,0.044,-0.152649,1.0,0.25
P2__CHG2__path_1,P2,CHG2,path_1,12,5.787,9.0,0.0,-0.152649,1.0,0.25
P3__IN1__path_1,P3,IN1,path_1,0,0.0,3.72,5.25,-2.289793,1.0,0.25
P3__IN1__path_1,P3,IN1,path_1,1,0.5,3.391,4.874,-2.289793,1.0,0.25
P3__IN1__path_1,P3,IN1,path_1,2,1.0,3.061,4.498,-2.289793,1.0,0.25
P3__IN1__path_1,P3,IN1,path_1,3,1.5,2.732,4.121,-2.289793,1.0,0.25
P3__IN1__path_1,P3,IN1,path_1,4,2.0,2.403,3.745,-2.289793,1.0,0.25
P3__IN1__path_1,P3,IN1,path_1,5,2.5,2.073,3.369,-2.289793,1.0,0.25
P3__IN1__path_1,P3,IN1,path_1,6,3.0,1.744,2.993,-2.289793,1.0,0.25
P3__IN1__path_1,P3,IN1,path_1,7,3.5,1.415,2.616,-2.289793,1.0,0.25
P3__IN1__path_1,P3,IN1,path_1,8,4.0,1.085,2.24,-2.289793,1.0,0.25
P3__IN1__path_1,P3,IN1,path_1,9,4.5,0.756,1.864,-2.289793,1.0,0.25
P3__IN1__path_1,P3,IN1,path_1,10,5.0,0.427,1.488,-2.289793,1.0,0.25
P3__IN1__path_1,P3,IN1,path_1,11,5.5,0.098,1.111,-2.289793,1.0,0.25
P3__IN1__path_1,P3,IN1,path_1,12,5.648,0.0,1.0,-2.289793,1.0,0.25
P3__IN2__path_1,P3,IN2,path_1,0,0.0,3.72,5.25,-3.074489,1.0,0.25
P3__IN2__path_1,P3,IN2,path_1,1,0.5,3.221,5.216,-3.074489,1.0,0.25
P3__IN2__path_1,P3,IN2,path_1,2,1.0,2.722,5.183,-3.074489,1.0,0.25
P3__IN2__path_1,P3,IN2,path_1,3,1.5,2.223,5.149,-3.074489,1.0,0.25
P3__IN2__path_1,P3,IN2,path_1,4,2.0,1.725,5.116,-3.074489,1.0,0.25
P3__IN2__path_1,P3,IN2,path_1,5,2.5,1.226,5.082,-3.074489,1.0,0.25
P3__IN2__path_1,P3,IN2,path_1,6,3.0,0.727,5.049,-3.074489,1.0,0.25
P3__IN2__path_1,P3,IN2,path_1,7,3.5,0.228,5.015,-3.074489,1.0,0.25
P3__IN2__path_1,P3,IN2,path_1,8,3.728,0.0,5.0,-3.074489,1.0,0.25
P3__P1__path_1,P3,P1,path_1,0,0.0,3.72,5.25,-1.778076,1.0,0.25
P3__P1__path_1,P3,P1,path_1,1,0.5,3.617,4.761,-1.778076,1.0,0.25
P3__P1__path_1,P3,P1,path_1,2,1.0,3.514,4.271,-1.778076,1.0,0.25
P3__P1__path_1,P3,P1,path_1,3,1.5,3.411,3.782,-1.778076,1.0,0.25
P3__P1__path_1,P3,P1,path_1,4,2.0,3.308,3.293,-1.778076,1.0,0.25
P3__P1__path_1,P3,P1,path_1,5,2.5,3.223,2.801,-1.626576,1.0,0.25
P3__P1__path_1,P3,P1,path_1,6,3.0,3.195,2.302,-1.626576,1.0,0.25
P3__P1__path_1,P3,P1,path_1,7,3.5,3.168,1.803,-1.626576,1.0,0.25
P3__P1__path_1,P3,P1,path_1,8,4.0,3.14,1.303,-1.626576,1.0,0.25
P3__P1__path_1,P3,P1,path_1,9,4.354,3.12,0.95,-1.626576,1.0,0.25
P3__P2__path_1,P3,P2,path_1,0,0.0,3.72,5.25,-1.437446,1.0,0.25
P3__P2__path_1,P3,P2,path_1,1,0.5,3.786,4.754,-1.437446,1.0,0.25
P3__P2__path_1,P3,P2,path_1,2,1.0,3.883,4.266,-1.257014,1.0,0.25
P3__P2__path_1,P3,P2,path_1,3,1.5,4.038,3.79,-1.257014,1.0,0.25
P3__P2__path_1,P3,P2,path_1,4,2.0,4.192,3.315,-1.257014,1.0,0.25
P3__P2__path_1,P3,P2,path_1,5,2.5,4.326,2.835,-1.500736,1.0,0.25
P3__P2__path_1,P3,P2,path_1,6,2.986,4.36,2.35,-1.500736,1.0,0.25
P3__P4__path_1,P3,P4,path_1,0,0.0,3.72,5.25,-1.437446,1.0,0.25
P3__P4__path_1,P3,P4,path_1,1,0.5,3.786,4.754,-1.437446,1.0,0.25
P3__P4__path_1,P3,P4,path_1,2,1.0,3.894,4.269,-1.193653,1.0,0.25
P3__P4__path_1,P3,P4,path_1,3,1.5,4.078,3.805,-1.193653,1.0,0.25
P3__P4__path_1,P3,P4,path_1,4,2.0,4.262,3.34,-1.193653,1.0,0.25
P3__P4__path_1,P3,P4,path_1,5,2.5,4.446,2.875,-1.193653,1.0,0.25
P3__P4__path_1,P3,P4,path_1,6,3.0,4.63,2.41,-1.193653,1.0,0.25
P3__P4__path_1,P3,P4,path_1,7,3.5,4.814,1.945,-1.193653,1.0,0.25
P3__P4__path_1,P3,P4,path_1,8,4.0,4.998,1.48,-1.193653,1.0,0.25
P3__P4__path_1,P3,P4,path_1,9,4.14,5.05,1.35,-1.193653,1.0,0.25
P3__P5__path_1,P3,P5,path_1,0,0.0,3.72,5.25,-1.437446,1.0,0.25
P3__P5__path_1,P3,P5,path_1,1,0.5,3.786,4.754,-1.437446,1.0,0.25
P3__P5__path_1,P3,P5,path_1,2,1.0,4.0,4.399,-0.18231,1.0,0.25
P3__P5__path_1,P3,P5,path_1,3,1.5,4.492,4.308,-0.18231,1.0,0.25
P3__P5__path_1,P3,P5,path_1,4,2.0,4.983,4.217,-0.18231,1.0,0.25
P3__P5__path_1,P3,P5,path_1,5,2.5,5.475,4.127,-0.18231,1.0,0.25
P3__P5__path_1,P3,P5,path_1,6,2.648,5.62,4.1,-0.18231,1.0,0.25
P3__P6__path_1,P3,P6,path_1,0,0.0,3.72,5.25,1.408069,1.0,0.25
P3__P6__path_1,P3,P6,path_1,1,0.5,3.801,5.743,1.408069,1.0,0.25
P3__P6__path_1,P3,P6,path_1,2,1.0,4.151,5.92,0.0,1.0,0.25
P3__P6__path_1,P3,P6,path_1,3,1.5,4.651,5.92,0.0,1.0,0.25
P3__P6__path_1,P3,P6,path_1,4,2.0,5.151,5.92,0.0,1.0,0.25
P3__P6__path_1,P3,P6,path_1,5,2.5,5.648,5.874,-0.138211,1.0,0.25
P3__P6__path_1,P3,P6,path_1,6,3.0,6.143,5.806,-0.138211,1.0,0.25
P3__P6__path_1,P3,P6,path_1,7,3.5,6.638,5.737,-0.138211,1.0,0.25
P3__P6__path_1,P3,P6,path_1,8,4.0,7.134,5.668,-0.138211,1.0,0.25
P3__P6__path_1,P3,P6,path_1,9,4.5,7.629,5.599,-0.138211,1.0,0.25
P3__P6__path_1,P3,P6,path_1,10,4.855,7.98,5.55,-0.138211,1.0,0.25
P3__P7__path_1,P3,P7,path_1,0,0.0,3.72,5.25,-1.437446,1.0,0.25
P3__P7__path_1,P3,P7,path_1,1,0.5,3.786,4.754,-1.437446,1.0,0.25
P3__P7__path_1,P3,P7,path_1,2,1.0,3.938,4.295,-0.896055,1.0,0.25
P3__P7__path_1,P3,P7,path_1,3,1.5,4.25,3.905,-0.896055,1.0,0.25
P3__P7__path_1,P3,P7,path_1,4,2.0,4.563,3.514,-0.896055,1.0,0.25
P3__P7__path_1,P3,P7,path_1,5,2.5,4.875,3.124,-0.896055,1.0,0.25
P3__P7__path_1,P3,P7,path_1,6,3.0,5.275,2.873,-0.229642,1.0,0.25
P3__P7__path_1,P3,P7,path_1,7,3.5,5.762,2.759,-0.229642,1.0,0.25
P3__P7__path_1,P3,P7,path_1,8,4.0,6.249,2.645,-0.229642,1.0,0.25
P3__P7__path_1,P3,P7,path_1,9,4.5,6.648,2.419,-1.094491,1.0,0.25
P3__P7__path_1,P3,P7,path_1,10,5.0,6.877,1.974,-1.094491,1.0,0.25
P3__P7__path_1,P3,P7,path_1,11,5.5,7.107,1.53,-1.094491,1.0,0.25
P3__P7__path_1,P3,P7,path_1,12,6.0,7.336,1.086,-1.094491,1.0,0.25
P3__P7__path_1,P3,P7,path_1,13,6.096,7.38,1.0,-1.094491,1.0,0.25
P3__P8__path_1,P3,P8,path_1,0,0.0,3.72,5.25,-1.437446,1.0,0.25
P3__P8__path_1,P3,P8,path_1,1,0.5,3.786,4.754,-1.437446,1.0,0.25
P3__P8__path_1,P3,P8,path_1,2,1.0,3.999,4.395,-0.205293,1.0,0.25
P3__P8__path_1,P3,P8,path_1,3,1.5,4.489,4.293,-0.205293,1.0,0.25
P3__P8__path_1,P3,P8,path_1,4,2.0,4.978,4.191,-0.205293,1.0,0.25
P3__P8__path_1,P3,P8,path_1,5,2.5,5.468,4.089,-0.205293,1.0,0.25
P3__P8__path_1,P3,P8,path_1,6,3.0,5.957,3.987,-0.205293,1.0,0.25
P3__P8__path_1,P3,P8,path_1,7,3.5,6.447,3.885,-0.205293,1.0,0.25
P3__P8__path_1,P3,P8,path_1,8,4.0,6.936,3.783,-0.205293,1.0,0.25
P3__P8__path_1,P3,P8,path_1,9,4.5,7.426,3.681,-0.205293,1.0,0.25
P3__P8__path_1,P3,P8,path_1,10,5.0,7.886,3.509,-0.588003,1.0,0.25
P3__P8__path_1,P3,P8,path_1,11,5.5,8.302,3.232,-0.588003,1.0,0.25
P3__P8__path_1,P3,P8,path_1,12,6.0,8.637,2.904,-1.422636,1.0,0.25
P3__P8__path_1,P3,P8,path_1,13,6.5,8.711,2.409,-1.422636,1.0,0.25
P3__P8__path_1,P3,P8,path_1,14,6.56,8.72,2.35,-1.422636,1.0,0.25
P3__P9__path_1,P3,P9,path_1,0,0.0,3.72,5.25,-1.437446,1.0,0.25
P3__P9__path_1,P3,P9,path_1,1,0.5,3.786,4.754,-1.437446,1.0,0.25
P3__P9__path_1,P3,P9,path_1,2,1.0,4.003,4.43,0.0,1.0,0.25
P3__P9__path_1,P3,P9,path_1,3,1.5,4.503,4.43,0.0,1.0,0.25
P3__P9__path_1,P3,P9,path_1,4,2.0,5.003,4.43,0.0,1.0,0.25
P3__P9__path_1,P3,P9,path_1,5,2.5,5.469,4.535,0.61377,1.0,0.25
P3__P9__path_1,P3,P9,path_1,6,3.0,5.878,4.823,0.61377,1.0,0.25
P3__P9__path_1,P3,P9,path_1,7,3.394,6.2,5.05,0.61377,1.0,0.25
P3__SORT1__path_1,P3,SORT1,path_1,0,0.0,3.72,5.25,-1.437446,1.0,0.25
P3__SORT1__path_1,P3,SORT1,path_1,1,0.5,3.786,4.754,-1.437446,1.0,0.25
P3__SORT1__path_1,P3,SORT1,path_1,2,1.0,3.999,4.395,-0.205293,1.0,0.25
P3__SORT1__path_1,P3,SORT1,path_1,3,1.5,4.489,4.293,-0.205293,1.0,0.25
P3__SORT1__path_1,P3,SORT1,path_1,4,2.0,4.978,4.191,-0.205293,1.0,0.25
P3__SORT1__path_1,P3,SORT1,path_1,5,2.5,5.468,4.089,-0.205293,1.0,0.25
P3__SORT1__path_1,P3,SORT1,path_1,6,3.0,5.957,3.987,-0.205293,1.0,0.25
P3__SORT1__path_1,P3,SORT1,path_1,7,3.5,6.447,3.885,-0.205293,1.0,0.25
P3__SORT1__path_1,P3,SORT1,path_1,8,4.0,6.936,3.783,-0.205293,1.0,0.25
P3__SORT1__path_1,P3,SORT1,path_1,9,4.5,7.426,3.681,-0.205293,1.0,0.25
P3__SORT1__path_1,P3,SORT1,path_1,10,5.0,7.886,3.509,-0.588003,1.0,0.25
P3__SORT1__path_1,P3,SORT1,path_1,11,5.5,8.302,3.232,-0.588003,1.0,0.25
P3__SORT1__path_1,P3,SORT1,path_1,12,6.0,8.713,2.948,-0.663556,1.0,0.25
P3__SORT1__path_1,P3,SORT1,path_1,13,6.5,9.107,2.64,-0.663556,1.0,0.25
P3__SORT1__path_1,P3,SORT1,path_1,14,7.0,9.5,2.332,-0.663556,1.0,0.25
P3__SORT1__path_1,P3,SORT1,path_1,15,7.279,9.72,2.16,-0.663556,1.0,0.25
P3__SORT2__path_1,P3,SORT2,path_1,0,0.0,3.72,5.25,-1.437446,1.0,0.25
P3__SORT2__path_1,P3,SORT2,path_1,1,0.5,3.786,4.754,-1.437446,1.0,0.25
P3__SORT2__path_1,P3,SORT2,path_1,2,1.0,4.002,4.42,-0.058127,1.0,0.25
P3__SORT2__path_1,P3,SORT2,path_1,3,1.5,4.502,4.391,-0.058127,1.0,0.25
P3__SORT2__path_1,P3,SORT2,path_1,4,2.0,5.001,4.362,-0.058127,1.0,0.25
P3__SORT2__path_1,P3,SORT2,path_1,5,2.5,5.5,4.333,-0.058127,1.0,0.25
P3__SORT2__path_1,P3,SORT2,path_1,6,3.0,5.999,4.304,-0.058127,1.0,0.25
P3__SORT2__path_1,P3,SORT2,path_1,7,3.5,6.498,4.275,-0.058127,1.0,0.25
P3__SORT2__path_1,P3,SORT2,path_1,8,4.0,6.997,4.246,-0.058127,1.0,0.25
P3__SORT2__path_1,P3,SORT2,path_1,9,4.5,7.496,4.217,-0.058127,1.0,0.25
P3__SORT2__path_1,P3,SORT2,path_1,10,5.0,7.996,4.188,-0.058127,1.0,0.25
P3__SORT2__path_1,P3,SORT2,path_1,11,5.5,8.495,4.159,-0.058127,1.0,0.25
P3__SORT2__path_1,P3,SORT2,path_1,12,6.0,8.994,4.129,-0.058127,1.0,0.25
P3__SORT2__path_1,P3,SORT2,path_1,13,6.5,9.493,4.1,-0.058127,1.0,0.25
P3__SORT2__path_1,P3,SORT2,path_1,14,7.0,9.992,4.071,-0.058127,1.0,0.25
P3__SORT2__path_1,P3,SORT2,path_1,15,7.368,10.36,4.05,-0.058127,1.0,0.25
P3__OUT1__path_1,P3,OUT1,path_1,0,0.0,3.72,5.25,-1.437446,1.0,0.25
P3__OUT1__path_1,P3,OUT1,path_1,1,0.5,3.786,4.754,-1.437446,1.0,0.25
P3__OUT1__path_1,P3,OUT1,path_1,2,1.0,3.999,4.395,-0.205293,1.0,0.25
P3__OUT1__path_1,P3,OUT1,path_1,3,1.5,4.489,4.293,-0.205293,1.0,0.25
P3__OUT1__path_1,P3,OUT1,path_1,4,2.0,4.978,4.191,-0.205293,1.0,0.25
P3__OUT1__path_1,P3,OUT1,path_1,5,2.5,5.468,4.089,-0.205293,1.0,0.25
P3__OUT1__path_1,P3,OUT1,path_1,6,3.0,5.957,3.987,-0.205293,1.0,0.25
P3__OUT1__path_1,P3,OUT1,path_1,7,3.5,6.447,3.885,-0.205293,1.0,0.25
P3__OUT1__path_1,P3,OUT1,path_1,8,4.0,6.936,3.783,-0.205293,1.0,0.25
P3__OUT1__path_1,P3,OUT1,path_1,9,4.5,7.426,3.681,-0.205293,1.0,0.25
P3__OUT1__path_1,P3,OUT1,path_1,10,5.0,7.906,3.549,-0.36184,1.0,0.25
P3__OUT1__path_1,P3,OUT1,path_1,11,5.5,8.374,3.372,-0.36184,1.0,0.25
P3__OUT1__path_1,P3,OUT1,path_1,12,6.0,8.842,3.195,-0.36184,1.0,0.25
P3__OUT1__path_1,P3,OUT1,path_1,13,6.5,9.309,3.018,-0.36184,1.0,0.25
P3__OUT1__path_1,P3,OUT1,path_1,14,7.0,9.777,2.841,-0.36184,1.0,0.25
P3__OUT1__path_1,P3,OUT1,path_1,15,7.5,10.244,2.664,-0.36184,1.0,0.25
P3__OUT1__path_1,P3,OUT1,path_1,16,8.0,10.712,2.487,-0.36184,1.0,0.25
P3__OUT1__path_1,P3,OUT1,path_1,17,8.5,11.18,2.31,-0.36184,1.0,0.25
P3__OUT1__path_1,P3,OUT1,path_1,18,9.0,11.647,2.133,-0.36184,1.0,0.25
P3__OUT1__path_1,P3,OUT1,path_1,19,9.377,12.0,2.0,-0.36184,1.0,0.25
P3__OUT2__path_1,P3,OUT2,path_1,0,0.0,3.72,5.25,-1.437446,1.0,0.25
P3__OUT2__path_1,P3,OUT2,path_1,1,0.5,3.786,4.754,-1.437446,1.0,0.25
P3__OUT2__path_1,P3,OUT2,path_1,2,1.0,4.002,4.421,-0.052583,1.0,0.25
P3__OUT2__path_1,P3,OUT2,path_1,3,1.5,4.502,4.395,-0.052583,1.0,0.25
P3__OUT2__path_1,P3,OUT2,path_1,4,2.0,5.001,4.368,-0.052583,1.0,0.25
P3__OUT2__path_1,P3,OUT2,path_1,5,2.5,5.5,4.342,-0.052583,1.0,0.25
P3__OUT2__path_1,P3,OUT2,path_1,6,3.0,6.0,4.316,-0.052583,1.0,0.25
P3__OUT2__path_1,P3,OUT2,path_1,7,3.5,6.499,4.29,-0.052583,1.0,0.25
P3__OUT2__path_1,P3,OUT2,path_1,8,4.0,6.998,4.263,-0.052583,1.0,0.25
P3__OUT2__path_1,P3,OUT2,path_1,9,4.5,7.498,4.237,-0.052583,1.0,0.25
P3__OUT2__path_1,P3,OUT2,path_1,10,5.0,7.997,4.211,-0.052583,1.0,0.25
P3__OUT2__path_1,P3,OUT2,path_1,11,5.5,8.496,4.184,-0.052583,1.0,0.25
P3__OUT2__path_1,P3,OUT2,path_1,12,6.0,8.996,4.158,-0.052583,1.0,0.25
P3__OUT2__path_1,P3,OUT2,path_1,13,6.5,9.495,4.132,-0.052583,1.0,0.25
P3__OUT2__path_1,P3,OUT2,path_1,14,7.0,9.994,4.106,-0.052583,1.0,0.25
P3__OUT2__path_1,P3,OUT2,path_1,15,7.5,10.493,4.079,-0.052583,1.0,0.25
P3__OUT2__path_1,P3,OUT2,path_1,16,8.0,10.993,4.053,-0.052583,1.0,0.25
P3__OUT2__path_1,P3,OUT2,path_1,17,8.5,11.492,4.027,-0.052583,1.0,0.25
P3__OUT2__path_1,P3,OUT2,path_1,18,9.0,11.991,4.0,-0.052583,1.0,0.25
P3__OUT2__path_1,P3,OUT2,path_1,19,9.009,12.0,4.0,-0.052583,1.0,0.25
P3__CHG1__path_1,P3,CHG1,path_1,0,0.0,3.72,5.25,-2.048815,1.0,0.25
P3__CHG1__path_1,P3,CHG1,path_1,1,0.5,3.49,4.806,-2.048815,1.0,0.25
P3__CHG1__path_1,P3,CHG1,path_1,2,1.0,3.26,4.362,-2.048815,1.0,0.25
P3__CHG1__path_1,P3,CHG1,path_1,3,1.5,3.03,3.918,-2.048815,1.0,0.25
P3__CHG1__path_1,P3,CHG1,path_1,4,2.0,2.8,3.474,-2.048815,1.0,0.25
P3__CHG1__path_1,P3,CHG1,path_1,5,2.5,2.57,3.03,-2.048815,1.0,0.25
P3__CHG1__path_1,P3,CHG1,path_1,6,3.0,2.34,2.586,-2.048815,1.0,0.25
P3__CHG1__path_1,P3,CHG1,path_1,7,3.5,2.11,2.142,-2.048815,1.0,0.25
P3__CHG1__path_1,P3,CHG1,path_1,8,4.0,1.88,1.698,-2.048815,1.0,0.25
P3__CHG1__path_1,P3,CHG1,path_1,9,4.5,1.65,1.254,-2.048815,1.0,0.25
P3__CHG1__path_1,P3,CHG1,path_1,10,5.0,1.42,0.81,-2.048815,1.0,0.25
P3__CHG1__path_1,P3,CHG1,path_1,11,5.5,1.19,0.367,-2.048815,1.0,0.25
P3__CHG1__path_1,P3,CHG1,path_1,12,5.913,1.0,0.0,-2.048815,1.0,0.25
P3__CHG2__path_1,P3,CHG2,path_1,0,0.0,3.72,5.25,-1.437446,1.0,0.25
P3__CHG2__path_1,P3,CHG2,path_1,1,0.5,3.786,4.754,-1.437446,1.0,0.25
P3__CHG2__path_1,P3,CHG2,path_1,2,1.0,3.889,4.268,-1.222025,1.0,0.25
P3__CHG2__path_1,P3,CHG2,path_1,3,1.5,4.06,3.798,-1.222025,1.0,0.25
P3__CHG2__path_1,P3,CHG2,path_1,4,2.0,4.231,3.328,-1.222025,1.0,0.25
P3__CHG2__path_1,P3,CHG2,path_1,5,2.5,4.402,2.858,-1.222025,1.0,0.25
P3__CHG2__path_1,P3,CHG2,path_1,6,3.0,4.572,2.388,-1.222025,1.0,0.25
P3__CHG2__path_1,P3,CHG2,path_1,7,3.5,4.743,1.918,-1.222025,1.0,0.25
P3__CHG2__path_1,P3,CHG2,path_1,8,4.0,4.914,1.448,-1.222025,1.0,0.25
P3__CHG2__path_1,P3,CHG2,path_1,9,4.5,5.085,0.978,-1.222025,1.0,0.25
P3__CHG2__path_1,P3,CHG2,path_1,10,5.0,5.305,0.568,-0.152649,1.0,0.25
P3__CHG2__path_1,P3,CHG2,path_1,11,5.5,5.799,0.492,-0.152649,1.0,0.25
P3__CHG2__path_1,P3,CHG2,path_1,12,6.0,6.293,0.416,-0.152649,1.0,0.25
P3__CHG2__path_1,P3,CHG2,path_1,13,6.5,6.788,0.34,-0.152649,1.0,0.25
P3__CHG2__path_1,P3,CHG2,path_1,14,7.0,7.282,0.264,-0.152649,1.0,0.25
P3__CHG2__path_1,P3,CHG2,path_1,15,7.5,7.776,0.188,-0.152649,1.0,0.25
P3__CHG2__path_1,P3,CHG2,path_1,16,8.0,8.27,0.112,-0.152649,1.0,0.25
P3__CHG2__path_1,P3,CHG2,path_1,17,8.5,8.764,0.036,-0.152649,1.0,0.25
P3__CHG2__path_1,P3,CHG2,path_1,18,8.738,9.0,0.0,-0.152649,1.0,0.25
P4__IN1__path_1,P4,IN1,path_1,0,0.0,5.05,1.35,-2.298195,1.0,0.25
P4__IN1__path_1,P4,IN1,path_1,1,0.5,4.718,0.977,-2.298195,1.0,0.25
P4__IN1__path_1,P4,IN1,path_1,2,1.0,4.385,0.603,-2.298195,1.0,0.25
P4__IN1__path_1,P4,IN1,path_1,3,1.5,3.918,0.53,3.141593,1.0,0.25
P4__IN1__path_1,P4,IN1,path_1,4,2.0,3.418,0.53,3.141593,1.0,0.25
P4__IN1__path_1,P4,IN1,path_1,5,2.5,2.921,0.575,2.997096,1.0,0.25
P4__IN1__path_1,P4,IN1,path_1,6,3.0,2.426,0.647,2.997096,1.0,0.25
P4__IN1__path_1,P4,IN1,path_1,7,3.5,1.932,0.719,2.997096,1.0,0.25
P4__IN1__path_1,P4,IN1,path_1,8,4.0,1.437,0.791,2.997096,1.0,0.25
P4__IN1__path_1,P4,IN1,path_1,9,4.5,0.942,0.863,2.997096,1.0,0.25
P4__IN1__path_1,P4,IN1,path_1,10,5.0,0.447,0.935,2.997096,1.0,0.25
P4__IN1__path_1,P4,IN1,path_1,11,5.452,0.0,1.0,2.997096,1.0,0.25
P4__IN2__path_1,P4,IN2,path_1,0,0.0,5.05,1.35,2.006028,1.0,0.25
P4__IN2__path_1,P4,IN2,path_1,1,0.5,4.839,1.803,2.006028,1.0,0.25
P4__IN2__path_1,P4,IN2,path_1,2,1.0,4.628,2.257,2.006028,1.0,0.25
P4__IN2__path_1,P4,IN2,path_1,3,1.5,4.418,2.71,2.006028,1.0,0.25
P4__IN2__path_1,P4,IN2,path_1,4,2.0,4.078,3.037,2.692869,1.0,0.25
P4__IN2__path_1,P4,IN2,path_1,5,2.5,3.628,3.253,2.692869,1.0,0.25
P4__IN2__path_1,P4,IN2,path_1,6,3.0,3.177,3.47,2.692869,1.0,0.25
P4__IN2__path_1,P4,IN2,path_1,7,3.5,2.727,3.687,2.692869,1.0,0.25
P4__IN2__path_1,P4,IN2,path_1,8,4.0,2.276,3.904,2.692869,1.0,0.25
P4__IN2__path_1,P4,IN2,path_1,9,4.5,1.826,4.121,2.692869,1.0,0.25
P4__IN2__path_1,P4,IN2,path_1,10,5.0,1.375,4.338,2.692869,1.0,0.25
P4__IN2__path_1,P4,IN2,path_1,11,5.5,0.924,4.555,2.692869,1.0,0.25
P4__IN2__path_1,P4,IN2,path_1,12,6.0,0.474,4.772,2.692869,1.0,0.25
P4__IN2__path_1,P4,IN2,path_1,13,6.5,0.023,4.989,2.692869,1.0,0.25
P4__IN2__path_1,P4,IN2,path_1,14,6.526,0.0,5.0,2.692869,1.0,0.25
P4__P1__path_1,P4,P1,path_1,0,0.0,5.05,1.35,-2.298195,1.0,0.25
P4__P1__path_1,P4,P1,path_1,1,0.5,4.718,0.977,-2.298195,1.0,0.25
P4__P1__path_1,P4,P1,path_1,2,1.0,4.385,0.603,-2.298195,1.0,0.25
P4__P1__path_1,P4,P1,path_1,3,1.5,3.918,0.53,3.141593,1.0,0.25
P4__P1__path_1,P4,P1,path_1,4,2.0,3.418,0.53,3.141593,1.0,0.25
P4__P1__path_1,P4,P1,path_1,5,2.5,3.151,0.832,1.826948,1.0,0.25
P4__P1__path_1,P4,P1,path_1,6,2.622,3.12,0.95,1.826948,1.0,0.25
P4__P2__path_1,P4,P2,path_1,0,0.0,5.05,1.35,2.174779,1.0,0.25
P4__P2__path_1,P4,P2,path_1,1,0.5,4.766,1.762,2.174779,1.0,0.25
P4__P2__path_1,P4,P2,path_1,2,1.0,4.482,2.173,2.174779,1.0,0.25
P4__P2__path_1,P4,P2,path_1,3,1.215,4.36,2.35,2.174779,1.0,0.25
P4__P3__path_1,P4,P3,path_1,0,0.0,5.05,1.35,1.947939,1.0,0.25
P4__P3__path_1,P4,P3,path_1,1,0.5,4.866,1.815,1.947939,1.0,0.25
P4__P3__path_1,P4,P3,path_1,2,1.0,4.682,2.28,1.947939,1.0,0.25
P4__P3__path_1,P4,P3,path_1,3,1.5,4.498,2.745,1.947939,1.0,0.25
P4__P3__path_1,P4,P3,path_1,4,2.0,4.313,3.209,1.947939,1.0,0.25
P4__P3__path_1,P4,P3,path_1,5,2.5,4.129,3.674,1.947939,1.0,0.25
P4__P3__path_1,P4,P3,path_1,6,3.0,3.945,4.139,1.947939,1.0,0.25
P4__P3__path_1,P4,P3,path_1,7,3.5,3.805,4.616,1.704147,1.0,0.25
P4__P3__path_1,P4,P3,path_1,8,4.0,3.739,5.111,1.704147,1.0,0.25
P4__P3__path_1,P4,P3,path_1,9,4.14,3.72,5.25,1.704147,1.0,0.25
P4__P5__path_1,P4,P5,path_1,0,0.0,5.05,1.35,1.583454,1.0,0.25
P4__P5__path_1,P4,P5,path_1,1,0.5,5.044,1.85,1.583454,1.0,0.25
P4__P5__path_1,P4,P5,path_1,2,1.0,5.037,2.35,1.583454,1.0,0.25
P4__P5__path_1,P4,P5,path_1,3,1.5,5.031,2.85,1.583454,1.0,0.25
P4__P5__path_1,P4,P5,path_1,4,2.0,5.03,3.35,1.570796,1.0,0.25
P4__P5__path_1,P4,P5,path_1,5,2.5,5.057,3.833,0.443103,1.0,0.25
P4__P5__path_1,P4,P5,path_1,6,3.0,5.509,4.047,0.443103,1.0,0.25
P4__P5__path_1,P4,P5,path_1,7,3.123,5.62,4.1,0.443103,1.0,0.25
P4__P6__path_1,P4,P6,path_1,0,0.0,5.05,1.35,1.583454,1.0,0.25
P4__P6__path_1,P4,P6,path_1,1,0.5,5.044,1.85,1.583454,1.0,0.25
P4__P6__path_1,P4,P6,path_1,2,1.0,5.037,2.35,1.583454,1.0,0.25
P4__P6__path_1,P4,P6,path_1,3,1.5,5.031,2.85,1.583454,1.0,0.25
P4__P6__path_1,P4,P6,path_1,4,2.0,5.03,3.35,1.570796,1.0,0.25
P4__P6__path_1,P4,P6,path_1,5,2.5,5.048,3.844,0.91795,1.0,0.25
P4__P6__path_1,P4,P6,path_1,6,3.0,5.352,4.241,0.91795,1.0,0.25
P4__P6__path_1,P4,P6,path_1,7,3.5,5.656,4.638,0.91795,1.0,0.25
P4__P6__path_1,P4,P6,path_1,8,4.0,5.959,5.035,0.91795,1.0,0.25
P4__P6__path_1,P4,P6,path_1,9,4.5,6.263,5.432,0.91795,1.0,0.25
P4__P6__path_1,P4,P6,path_1,10,5.0,6.72,5.527,0.01818,1.0,0.25
P4__P6__path_1,P4,P6,path_1,11,5.5,7.22,5.536,0.01818,1.0,0.25
P4__P6__path_1,P4,P6,path_1,12,6.0,7.72,5.545,0.01818,1.0,0.25
P4__P6__path_1,P4,P6,path_1,13,6.26,7.98,5.55,0.01818,1.0,0.25
P4__P7__path_1,P4,P7,path_1,0,0.0,5.05,1.35,-1.341154,1.0,0.25
P4__P7__path_1,P4,P7,path_1,1,0.5,5.164,0.863,-1.341154,1.0,0.25
P4__P7__path_1,P4,P7,path_1,2,1.0,5.439,0.58,0.0,1.0,0.25
P4__P7__path_1,P4,P7,path_1,3,1.5,5.939,0.58,0.0,1.0,0.25
P4__P7__path_1,P4,P7,path_1,4,2.0,6.439,0.58,0.0,1.0,0.25
P4__P7__path_1,P4,P7,path_1,5,2.5,6.898,0.75,0.478352,1.0,0.25
P4__P7__path_1,P4,P7,path_1,6,3.0,7.342,0.98,0.478352,1.0,0.25
P4__P7__path_1,P4,P7,path_1,7,3.043,7.38,1.0,0.478352,1.0,0.25
P4__P8__path_1,P4,P8,path_1,0,0.0,5.05,1.35,-1.341154,1.0,0.25
P4__P8__path_1,P4,P8,path_1,1,0.5,5.164,0.863,-1.341154,1.0,0.25
P4__P8__path_1,P4,P8,path_1,2,1.0,5.439,0.58,0.0,1.0,0.25
P4__P8__path_1,P4,P8,path_1,3,1.5,5.939,0.58,0.0,1.0,0.25
P4__P8__path_1,P4,P8,path_1,4,2.0,6.439,0.58,0.0,1.0,0.25
P4__P8__path_1,P4,P8,path_1,5,2.5,6.938,0.607,0.073041,1.0,0.25
P4__P8__path_1,P4,P8,path_1,6,3.0,7.437,0.643,0.073041,1.0,0.25
P4__P8__path_1,P4,P8,path_1,7,3.5,7.936,0.68,0.073041,1.0,0.25
P4__P8__path_1,P4,P8,path_1,8,4.0,8.434,0.716,0.073041,1.0,0.25
P4__P8__path_1,P4,P8,path_1,9,4.5,8.639,1.043,1.509146,1.0,0.25
P4__P8__path_1,P4,P8,path_1,10,5.0,8.67,1.542,1.509146,1.0,0.25
P4__P8__path_1,P4,P8,path_1,11,5.5,8.701,2.041,1.509146,1.0,0.25
P4__P8__path_1,P4,P8,path_1,12,5.809,8.72,2.35,1.509146,1.0,0.25
P4__P9__path_1,P4,P9,path_1,0,0.0,5.05,1.35,1.583454,1.0,0.25
P4__P9__path_1,P4,P9,path_1,1,0.5,5.044,1.85,1.583454,1.0,0.25
P4__P9__path_1,P4,P9,path_1,2,1.0,5.037,2.35,1.583454,1.0,0.25
P4__P9__path_1,P4,P9,path_1,3,1.5,5.031,2.85,1.583454,1.0,0.25
P4__P9__path_1,P4,P9,path_1,4,2.0,5.03,3.35,1.570796,1.0,0.25
P4__P9__path_1,P4,P9,path_1,5,2.5,5.051,3.842,0.810393,1.0,0.25
P4__P9__path_1,P4,P9,path_1,6,3.0,5.395,4.204,0.810393,1.0,0.25
P4__P9__path_1,P4,P9,path_1,7,3.5,5.74,4.566,0.810393,1.0,0.25
P4__P9__path_1,P4,P9,path_1,8,4.0,6.084,4.928,0.810393,1.0,0.25
P4__P9__path_1,P4,P9,path_1,9,4.168,6.2,5.05,0.810393,1.0,0.25
P4__SORT1__path_1,P4,SORT1,path_1,0,0.0,5.05,1.35,-1.341154,1.0,0.25
P4__SORT1__path_1,P4,SORT1,path_1,1,0.5,5.164,0.863,-1.341154,1.0,0.25
P4__SORT1__path_1,P4,SORT1,path_1,2,1.0,5.439,0.58,0.0,1.0,0.25
P4__SORT1__path_1,P4,SORT1,path_1,3,1.5,5.939,0.58,0.0,1.0,0.25
P4__SORT1__path_1,P4,SORT1,path_1,4,2.0,6.439,0.58,0.0,1.0,0.25
P4__SORT1__path_1,P4,SORT1,path_1,5,2.5,6.938,0.607,0.073041,1.0,0.25
P4__SORT1__path_1,P4,SORT1,path_1,6,3.0,7.437,0.643,0.073041,1.0,0.25
P4__SORT1__path_1,P4,SORT1,path_1,7,3.5,7.936,0.68,0.073041,1.0,0.25
P4__SORT1__path_1,P4,SORT1,path_1,8,4.0,8.434,0.716,0.073041,1.0,0.25
P4__SORT1__path_1,P4,SORT1,path_1,9,4.5,8.811,0.979,0.915101,1.0,0.25
P4__SORT1__path_1,P4,SORT1,path_1,10,5.0,9.116,1.375,0.915101,1.0,0.25
P4__SORT1__path_1,P4,SORT1,path_1,11,5.5,9.421,1.771,0.915101,1.0,0.25
P4__SORT1__path_1,P4,SORT1,path_1,12,5.99,9.72,2.16,0.915101,1.0,0.25
P4__SORT2__path_1,P4,SORT2,path_1,0,0.0,5.05,1.35,1.583454,1.0,0.25
P4__SORT2__path_1,P4,SORT2,path_1,1,0.5,5.044,1.85,1.583454,1.0,0.25
P4__SORT2__path_1,P4,SORT2,path_1,2,1.0,5.037,2.35,1.583454,1.0,0.25
P4__SORT2__path_1,P4,SORT2,path_1,3,1.5,5.031,2.85,1.583454,1.0,0.25
P4__SORT2__path_1,P4,SORT2,path_1,4,2.0,5.03,3.35,1.570796,1.0,0.25
P4__SORT2__path_1,P4,SORT2,path_1,5,2.5,5.06,3.821,0.043125,1.0,0.25
P4__SORT2__path_1,P4,SORT2,path_1,6,3.0,5.559,3.843,0.043125,1.0,0.25
P4__SORT2__path_1,P4,SORT2,path_1,7,3.5,6.059,3.864,0.043125,1.0,0.25
P4__SORT2__path_1,P4,SORT2,path_1,8,4.0,6.558,3.886,0.043125,1.0,0.25
P4__SORT2__path_1,P4,SORT2,path_1,9,4.5,7.058,3.908,0.043125,1.0,0.25
P4__SORT2__path_1,P4,SORT2,path_1,10,5.0,7.558,3.929,0.043125,1.0,0.25
P4__SORT2__path_1,P4,SORT2,path_1,11,5.5,8.057,3.951,0.043125,1.0,0.25
P4__SORT2__path_1,P4,SORT2,path_1,12,6.0,8.557,3.972,0.043125,1.0,0.25
P4__SORT2__path_1,P4,SORT2,path_1,13,6.5,9.056,3.994,0.043125,1.0,0.25
P4__SORT2__path_1,P4,SORT2,path_1,14,7.0,9.556,4.015,0.043125,1.0,0.25
P4__SORT2__path_1,P4,SORT2,path_1,15,7.5,10.055,4.037,0.043125,1.0,0.25
P4__SORT2__path_1,P4,SORT2,path_1,16,7.805,10.36,4.05,0.043125,1.0,0.25
P4__OUT1__path_1,P4,OUT1,path_1,0,0.0,5.05,1.35,-1.341154,1.0,0.25
P4__OUT1__path_1,P4,OUT1,path_1,1,0.5,5.164,0.863,-1.341154,1.0,0.25
P4__OUT1__path_1,P4,OUT1,path_1,2,1.0,5.439,0.58,0.0,1.0,0.25
P4__OUT1__path_1,P4,OUT1,path_1,3,1.5,5.939,0.58,0.0,1.0,0.25
P4__OUT1__path_1,P4,OUT1,path_1,4,2.0,6.439,0.58,0.0,1.0,0.25
P4__OUT1__path_1,P4,OUT1,path_1,5,2.5,6.938,0.607,0.073041,1.0,0.25
P4__OUT1__path_1,P4,OUT1,path_1,6,3.0,7.437,0.643,0.073041,1.0,0.25
P4__OUT1__path_1,P4,OUT1,path_1,7,3.5,7.936,0.68,0.073041,1.0,0.25
P4__OUT1__path_1,P4,OUT1,path_1,8,4.0,8.434,0.716,0.073041,1.0,0.25
P4__OUT1__path_1,P4,OUT1,path_1,9,4.5,8.914,0.84,0.359419,1.0,0.25
P4__OUT1__path_1,P4,OUT1,path_1,10,5.0,9.382,1.016,0.359419,1.0,0.25
P4__OUT1__path_1,P4,OUT1,path_1,11,5.5,9.85,1.192,0.359419,1.0,0.25
P4__OUT1__path_1,P4,OUT1,path_1,12,6.0,10.318,1.368,0.359419,1.0,0.25
P4__OUT1__path_1,P4,OUT1,path_1,13,6.5,10.786,1.544,0.359419,1.0,0.25
P4__OUT1__path_1,P4,OUT1,path_1,14,7.0,11.254,1.72,0.359419,1.0,0.25
P4__OUT1__path_1,P4,OUT1,path_1,15,7.5,11.722,1.896,0.359419,1.0,0.25
P4__OUT1__path_1,P4,OUT1,path_1,16,7.797,12.0,2.0,0.359419,1.0,0.25
P4__OUT2__path_1,P4,OUT2,path_1,0,0.0,5.05,1.35,-1.341154,1.0,0.25
P4__OUT2__path_1,P4,OUT2,path_1,1,0.5,5.164,0.863,-1.341154,1.0,0.25
P4__OUT2__path_1,P4,OUT2,path_1,2,1.0,5.439,0.58,0.0,1.0,0.25
P4__OUT2__path_1,P4,OUT2,path_1,3,1.5,5.939,0.58,0.0,1.0,0.25
P4__OUT2__path_1,P4,OUT2,path_1,4,2.0,6.439,0.58,0.0,1.0,0.25
P4__OUT2__path_1,P4,OUT2,path_1,5,2.5,6.938,0.607,0.073041,1.0,0.25
P4__OUT2__path_1,P4,OUT2,path_1,6,3.0,7.437,0.643,0.073041,1.0,0.25
P4__OUT2__path_1,P4,OUT2,path_1,7,3.5,7.936,0.68,0.073041,1.0,0.25
P4__OUT2__path_1,P4,OUT2,path_1,8,4.0,8.434,0.716,0.073041,1.0,0.25
P4__OUT2__path_1,P4,OUT2,path_1,9,4.5,8.846,0.948,0.768858,1.0,0.25
P4__OUT2__path_1,P4,OUT2,path_1,10,5.0,9.205,1.296,0.768858,1.0,0.25
P4__OUT2__path_1,P4,OUT2,path_1,11,5.5,9.564,1.643,0.768858,1.0,0.25
P4__OUT2__path_1,P4,OUT2,path_1,12,6.0,9.924,1.991,0.768858,1.0,0.25
P4__OUT2__path_1,P4,OUT2,path_1,13,6.5,10.283,2.339,0.768858,1.0,0.25
P4__OUT2__path_1,P4,OUT2,path_1,14,7.0,10.642,2.686,0.768858,1.0,0.25
P4__OUT2__path_1,P4,OUT2,path_1,15,7.5,11.002,3.034,0.768858,1.0,0.25
P4__OUT2__path_1,P4,OUT2,path_1,16,8.0,11.361,3.382,0.768858,1.0,0.25
P4__OUT2__path_1,P4,OUT2,path_1,17,8.5,11.72,3.729,0.768858,1.0,0.25
P4__OUT2__path_1,P4,OUT2,path_1,18,8.889,12.0,4.0,0.768858,1.0,0.25
P4__CHG1__path_1,P4,CHG1,path_1,0,0.0,5.05,1.35,-2.298195,1.0,0.25
P4__CHG1__path_1,P4,CHG1,path_1,1,0.5,4.718,0.977,-2.298195,1.0,0.25
P4__CHG1__path_1,P4,CHG1,path_1,2,1.0,4.385,0.603,-2.298195,1.0,0.25
P4__CHG1__path_1,P4,CHG1,path_1,3,1.5,3.923,0.467,-2.98329,1.0,0.25
P4__CHG1__path_1,P4,CHG1,path_1,4,2.0,3.429,0.388,-2.98329,1.0,0.25
P4__CHG1__path_1,P4,CHG1,path_1,5,2.5,2.935,0.309,-2.98329,1.0,0.25
P4__CHG1__path_1,P4,CHG1,path_1,6,3.0,2.442,0.23,-2.98329,1.0,0.25
P4__CHG1__path_1,P4,CHG1,path_1,7,3.5,1.948,0.151,-2.98329,1.0,0.25
P4__CHG1__path_1,P4,CHG1,path_1,8,4.0,1.454,0.072,-2.98329,1.0,0.25
P4__CHG1__path_1,P4,CHG1,path_1,9,4.46,1.0,0.0,-2.98329,1.0,0.25
P4__CHG2__path_1,P4,CHG2,path_1,0,0.0,5.05,1.35,-1.341154,1.0,0.25
P4__CHG2__path_1,P4,CHG2,path_1,1,0.5,5.164,0.863,-1.341154,1.0,0.25
P4__CHG2__path_1,P4,CHG2,path_1,2,1.0,5.437,0.548,-0.152649,1.0,0.25
P4__CHG2__path_1,P4,CHG2,path_1,3,1.5,5.931,0.472,-0.152649,1.0,0.25
P4__CHG2__path_1,P4,CHG2,path_1,4,2.0,6.425,0.396,-0.152649,1.0,0.25
P4__CHG2__path_1,P4,CHG2,path_1,5,2.5,6.919,0.32,-0.152649,1.0,0.25
P4__CHG2__path_1,P4,CHG2,path_1,6,3.0,7.414,0.244,-0.152649,1.0,0.25
P4__CHG2__path_1,P4,CHG2,path_1,7,3.5,7.908,0.168,-0.152649,1.0,0.25
P4__CHG2__path_1,P4,CHG2,path_1,8,4.0,8.402,0.092,-0.152649,1.0,0.25
P4__CHG2__path_1,P4,CHG2,path_1,9,4.5,8.896,0.016,-0.152649,1.0,0.25
P4__CHG2__path_1,P4,CHG2,path_1,10,4.605,9.0,0.0,-0.152649,1.0,0.25
P5__IN1__path_1,P5,IN1,path_1,0,0.0,5.62,4.1,-2.69849,1.0,0.25
P5__IN1__path_1,P5,IN1,path_1,1,0.5,5.168,3.886,-2.69849,1.0,0.25
P5__IN1__path_1,P5,IN1,path_1,2,1.0,4.72,3.665,-2.677945,1.0,0.25
P5__IN1__path_1,P5,IN1,path_1,3,1.5,4.272,3.441,-2.677945,1.0,0.25
P5__IN1__path_1,P5,IN1,path_1,4,2.0,3.825,3.218,-2.677945,1.0,0.25
P5__IN1__path_1,P5,IN1,path_1,5,2.5,3.378,2.994,-2.677945,1.0,0.25
P5__IN1__path_1,P5,IN1,path_1,6,3.0,2.942,2.749,-2.605281,1.0,0.25
P5__IN1__path_1,P5,IN1,path_1,7,3.5,2.513,2.494,-2.605281,1.0,0.25
P5__IN1__path_1,P5,IN1,path_1,8,4.0,2.083,2.238,-2.605281,1.0,0.25
P5__IN1__path_1,P5,IN1,path_1,9,4.5,1.653,1.983,-2.605281,1.0,0.25
P5__IN1__path_1,P5,IN1,path_1,10,5.0,1.223,1.727,-2.605281,1.0,0.25
P5__IN1__path_1,P5,IN1,path_1,11,5.5,0.793,1.472,-2.605281,1.0,0.25
P5__IN1__path_1,P5,IN1,path_1,12,6.0,0.364,1.216,-2.605281,1.0,0.25
P5__IN1__path_1,P5,IN1,path_1,13,6.423,0.0,1.0,-2.605281,1.0,0.25
P5__IN2__path_1,P5,IN2,path_1,0,0.0,5.62,4.1,2.982799,1.0,0.25
P5__IN2__path_1,P5,IN2,path_1,1,0.5,5.126,4.179,2.982799,1.0,0.25
P5__IN2__path_1,P5,IN2,path_1,2,1.0,4.633,4.258,2.982799,1.0,0.25
P5__IN2__path_1,P5,IN2,path_1,3,1.5,4.139,4.337,2.982799,1.0,0.25
P5__IN2__path_1,P5,IN2,path_1,4,2.0,3.645,4.416,2.982799,1.0,0.25
P5__IN2__path_1,P5,IN2,path_1,5,2.5,3.151,4.495,2.982799,1.0,0.25
P5__IN2__path_1,P5,IN2,path_1,6,3.0,2.658,4.574,2.982799,1.0,0.25
P5__IN2__path_1,P5,IN2,path_1,7,3.5,2.164,4.653,2.982799,1.0,0.25
P5__IN2__path_1,P5,IN2,path_1,8,4.0,1.67,4.733,2.982799,1.0,0.25
P5__IN2__path_1,P5,IN2,path_1,9,4.5,1.177,4.812,2.982799,1.0,0.25
P5__IN2__path_1,P5,IN2,path_1,10,5.0,0.683,4.891,2.982799,1.0,0.25
P5__IN2__path_1,P5,IN2,path_1,11,5.5,0.189,4.97,2.982799,1.0,0.25
P5__IN2__path_1,P5,IN2,path_1,12,5.692,0.0,5.0,2.982799,1.0,0.25
P5__P1__path_1,P5,P1,path_1,0,0.0,5.62,4.1,-2.69849,1.0,0.25
P5__P1__path_1,P5,P1,path_1,1,0.5,5.168,3.886,-2.69849,1.0,0.25
P5__P1__path_1,P5,P1,path_1,2,1.0,4.72,3.665,-2.677945,1.0,0.25
P5__P1__path_1,P5,P1,path_1,3,1.5,4.272,3.441,-2.677945,1.0,0.25
P5__P1__path_1,P5,P1,path_1,4,2.0,3.825,3.218,-2.677945,1.0,0.25
P5__P1__path_1,P5,P1,path_1,5,2.5,3.378,2.994,-2.677945,1.0,0.25
P5__P1__path_1,P5,P1,path_1,6,3.0,3.211,2.586,-1.626576,1.0,0.25
P5__P1__path_1,P5,P1,path_1,7,3.5,3.183,2.087,-1.626576,1.0,0.25
P5__P1__path_1,P5,P1,path_1,8,4.0,3.156,1.588,-1.626576,1.0,0.25
P5__P1__path_1,P5,P1,path_1,9,4.5,3.128,1.088,-1.626576,1.0,0.25
P5__P1__path_1,P5,P1,path_1,10,4.639,3.12,0.95,-1.626576,1.0,0.25
P5__P2__path_1,P5,P2,path_1,0,0.0,5.62,4.1,-2.69849,1.0,0.25
P5__P2__path_1,P5,P2,path_1,1,0.5,5.168,3.886,-2.69849,1.0,0.25
P5__P2__path_1,P5,P2,path_1,2,1.0,4.886,3.504,-1.998448,1.0,0.25
P5__P2__path_1,P5,P2,path_1,3,1.5,4.679,3.049,-1.998448,1.0,0.25
P5__P2__path_1,P5,P2,path_1,4,2.0,4.471,2.594,-1.998448,1.0,0.25
P5__P2__path_1,P5,P2,path_1,5,2.269,4.36,2.35,-1.998448,1.0,0.25
P5__P3__path_1,P5,P3,path_1,0,0.0,5.62,4.1,2.959282,1.0,0.25
P5__P3__path_1,P5,P3,path_1,1,0.5,5.128,4.191,2.959282,1.0,0.25
P5__P3__path_1,P5,P3,path_1,2,1.0,4.637,4.281,2.959282,1.0,0.25
P5__P3__path_1,P5,P3,path_1,3,1.5,4.145,4.372,2.959282,1.0,0.25
P5__P3__path_1,P5,P3,path_1,4,2.0,3.806,4.608,1.704147,1.0,0.25
P5__P3__path_1,P5,P3,path_1,5,2.5,3.74,5.104,1.704147,1.0,0.25
P5__P3__path_1,P5,P3,path_1,6,2.648,3.72,5.25,1.704147,1.0,0.25
P5__P4__path_1,P5,P4,path_1,0,0.0,5.62,4.1,-2.69849,1.0,0.25
P5__P4__path_1,P5,P4,path_1,1,0.5,5.168,3.886,-2.69849,1.0,0.25
P5__P4__path_1,P5,P4,path_1,2,1.0,5.03,3.473,-1.570796,1.0,0.25
P5__P4__path_1,P5,P4,path_1,3,1.5,5.03,2.973,-1.570796,1.0,0.25
P5__P4__path_1,P5,P4,path_1,4,2.0,5.036,2.473,-1.558139,1.0,0.25
P5__P4__path_1,P5,P4,path_1,5,2.5,5.042,1.973,-1.558139,1.0,0.25
P5__P4__path_1,P5,P4,path_1,6,3.0,5.048,1.473,-1.558139,1.0,0.25
P5__P4__path_1,P5,P4,path_1,7,3.123,5.05,1.35,-1.558139,1.0,0.25
P5__P6__path_1,P5,P6,path_1,0,0.0,5.62,4.1,1.107149,1.0,0.25
P5__P6__path_1,P5,P6,path_1,1,0.5,5.844,4.547,1.107149,1.0,0.25
P5__P6__path_1,P5,P6,path_1,2,1.0,6.067,4.994,1.107149,1.0,0.25
P5__P6__path_1,P5,P6,path_1,3,1.5,6.291,5.442,1.107149,1.0,0.25
P5__P6__path_1,P5,P6,path_1,4,2.0,6.742,5.527,0.01818,1.0,0.25
P5__P6__path_1,P5,P6,path_1,5,2.5,7.242,5.537,0.01818,1.0,0.25
P5__P6__path_1,P5,P6,path_1,6,3.0,7.742,5.546,0.01818,1.0,0.25
P5__P6__path_1,P5,P6,path_1,7,3.238,7.98,5.55,0.01818,1.0,0.25
P5__P7__path_1,P5,P7,path_1,0,0.0,5.62,4.1,-0.380506,1.0,0.25
P5__P7__path_1,P5,P7,path_1,1,0.5,6.084,3.914,-0.380506,1.0,0.25
P5__P7__path_1,P5,P7,path_1,2,1.0,6.347,3.575,-1.460139,1.0,0.25
P5__P7__path_1,P5,P7,path_1,3,1.5,6.402,3.078,-1.460139,1.0,0.25
P5__P7__path_1,P5,P7,path_1,4,2.0,6.549,2.61,-1.076855,1.0,0.25
P5__P7__path_1,P5,P7,path_1,5,2.5,6.778,2.166,-1.094491,1.0,0.25
P5__P7__path_1,P5,P7,path_1,6,3.0,7.008,1.722,-1.094491,1.0,0.25
P5__P7__path_1,P5,P7,path_1,7,3.5,7.237,1.277,-1.094491,1.0,0.25
P5__P7__path_1,P5,P7,path_1,8,3.812,7.38,1.0,-1.094491,1.0,0.25
P5__P8__path_1,P5,P8,path_1,0,0.0,5.62,4.1,-0.224711,1.0,0.25
P5__P8__path_1,P5,P8,path_1,1,0.5,6.107,3.989,-0.224711,1.0,0.25
P5__P8__path_1,P5,P8,path_1,2,1.0,6.595,3.877,-0.224711,1.0,0.25
P5__P8__path_1,P5,P8,path_1,3,1.5,7.082,3.766,-0.224711,1.0,0.25
P5__P8__path_1,P5,P8,path_1,4,2.0,7.57,3.654,-0.224711,1.0,0.25
P5__P8__path_1,P5,P8,path_1,5,2.5,8.008,3.428,-0.588003,1.0,0.25
P5__P8__path_1,P5,P8,path_1,6,3.0,8.424,3.151,-0.588003,1.0,0.25
P5__P8__path_1,P5,P8,path_1,7,3.5,8.659,2.759,-1.422636,1.0,0.25
P5__P8__path_1,P5,P8,path_1,8,3.913,8.72,2.35,-1.422636,1.0,0.25
P5__P9__path_1,P5,P9,path_1,0,0.0,5.62,4.1,1.022673,1.0,0.25
P5__P9__path_1,P5,P9,path_1,1,0.5,5.881,4.527,1.022673,1.0,0.25
P5__P9__path_1,P5,P9,path_1,2,1.0,6.141,4.954,1.022673,1.0,0.25
P5__P9__path_1,P5,P9,path_1,3,1.113,6.2,5.05,1.022673,1.0,0.25
P5__SORT1__path_1,P5,SORT1,path_1,0,0.0,5.62,4.1,-0.224711,1.0,0.25
P5__SORT1__path_1,P5,SORT1,path_1,1,0.5,6.107,3.989,-0.224711,1.0,0.25
P5__SORT1__path_1,P5,SORT1,path_1,2,1.0,6.595,3.877,-0.224711,1.0,0.25
P5__SORT1__path_1,P5,SORT1,path_1,3,1.5,7.082,3.766,-0.224711,1.0,0.25
P5__SORT1__path_1,P5,SORT1,path_1,4,2.0,7.57,3.654,-0.224711,1.0,0.25
P5__SORT1__path_1,P5,SORT1,path_1,5,2.5,8.008,3.428,-0.588003,1.0,0.25
P5__SORT1__path_1,P5,SORT1,path_1,6,3.0,8.424,3.151,-0.588003,1.0,0.25
P5__SORT1__path_1,P5,SORT1,path_1,7,3.5,8.828,2.857,-0.663556,1.0,0.25
P5__SORT1__path_1,P5,SORT1,path_1,8,4.0,9.222,2.549,-0.663556,1.0,0.25
P5__SORT1__path_1,P5,SORT1,path_1,9,4.5,9.616,2.241,-0.663556,1.0,0.25
P5__SORT1__path_1,P5,SORT1,path_1,10,4.632,9.72,2.16,-0.663556,1.0,0.25
P5__SORT2__path_1,P5,SORT2,path_1,0,0.0,5.62,4.1,-0.010548,1.0,0.25
P5__SORT2__path_1,P5,SORT2,path_1,1,0.5,6.12,4.095,-0.010548,1.0,0.25
P5__SORT2__path_1,P5,SORT2,path_1,2,1.0,6.62,4.089,-0.010548,1.0,0.25
P5__SORT2__path_1,P5,SORT2,path_1,3,1.5,7.12,4.084,-0.010548,1.0,0.25
P5__SORT2__path_1,P5,SORT2,path_1,4,2.0,7.62,4.079,-0.010548,1.0,0.25
P5__SORT2__path_1,P5,SORT2,path_1,5,2.5,8.12,4.074,-0.010548,1.0,0.25
P5__SORT2__path_1,P5,SORT2,path_1,6,3.0,8.62,4.068,-0.010548,1.0,0.25
P5__SORT2__path_1,P5,SORT2,path_1,7,3.5,9.12,4.063,-0.010548,1.0,0.25
P5__SORT2__path_1,P5,SORT2,path_1,8,4.0,9.62,4.058,-0.010548,1.0,0.25
P5__SORT2__path_1,P5,SORT2,path_1,9,4.5,10.12,4.053,-0.010548,1.0,0.25
P5__SORT2__path_1,P5,SORT2,path_1,10,4.74,10.36,4.05,-0.010548,1.0,0.25
P5__OUT1__path_1,P5,OUT1,path_1,0,0.0,5.62,4.1,-0.224711,1.0,0.25
P5__OUT1__path_1,P5,OUT1,path_1,1,0.5,6.107,3.989,-0.224711,1.0,0.25
P5__OUT1__path_1,P5,OUT1,path_1,2,1.0,6.595,3.877,-0.224711,1.0,0.25
P5__OUT1__path_1,P5,OUT1,path_1,3,1.5,7.082,3.766,-0.224711,1.0,0.25
P5__OUT1__path_1,P5,OUT1,path_1,4,2.0,7.57,3.654,-0.224711,1.0,0.25
P5__OUT1__path_1,P5,OUT1,path_1,5,2.5,8.043,3.498,-0.36184,1.0,0.25
P5__OUT1__path_1,P5,OUT1,path_1,6,3.0,8.511,3.321,-0.36184,1.0,0.25
P5__OUT1__path_1,P5,OUT1,path_1,7,3.5,8.979,3.144,-0.36184,1.0,0.25
P5__OUT1__path_1,P5,OUT1,path_1,8,4.0,9.446,2.967,-0.36184,1.0,0.25
P5__OUT1__path_1,P5,OUT1,path_1,9,4.5,9.914,2.79,-0.36184,1.0,0.25
P5__OUT1__path_1,P5,OUT1,path_1,10,5.0,10.382,2.613,-0.36184,1.0,0.25
P5__OUT1__path_1,P5,OUT1,path_1,11,5.5,10.849,2.436,-0.36184,1.0,0.25
P5__OUT1__path_1,P5,OUT1,path_1,12,6.0,11.317,2.259,-0.36184,1.0,0.25
P5__OUT1__path_1,P5,OUT1,path_1,13,6.5,11.784,2.082,-0.36184,1.0,0.25
P5__OUT1__path_1,P5,OUT1,path_1,14,6.73,12.0,2.0,-0.36184,1.0,0.25
P5__OUT2__path_1,P5,OUT2,path_1,0,0.0,5.62,4.1,-0.015673,1.0,0.25
P5__OUT2__path_1,P5,OUT2,path_1,1,0.5,6.12,4.092,-0.015673,1.0,0.25
P5__OUT2__path_1,P5,OUT2,path_1,2,1.0,6.62,4.084,-0.015673,1.0,0.25
P5__OUT2__path_1,P5,OUT2,path_1,3,1.5,7.12,4.076,-0.015673,1.0,0.25
P5__OUT2__path_1,P5,OUT2,path_1,4,2.0,7.62,4.069,-0.015673,1.0,0.25
P5__OUT2__path_1,P5,OUT2,path_1,5,2.5,8.12,4.061,-0.015673,1.0,0.25
P5__OUT2__path_1,P5,OUT2,path_1,6,3.0,8.62,4.053,-0.015673,1.0,0.25
P5__OUT2__path_1,P5,OUT2,path_1,7,3.5,9.12,4.045,-0.015673,1.0,0.25
P5__OUT2__path_1,P5,OUT2,path_1,8,4.0,9.62,4.037,-0.015673,1.0,0.25
P5__OUT2__path_1,P5,OUT2,path_1,9,4.5,10.119,4.029,-0.015673,1.0,0.25
P5__OUT2__path_1,P5,OUT2,path_1,10,5.0,10.619,4.022,-0.015673,1.0,0.25
P5__OUT2__path_1,P5,OUT2,path_1,11,5.5,11.119,4.014,-0.015673,1.0,0.25
P5__OUT2__path_1,P5,OUT2,path_1,12,6.0,11.619,4.006,-0.015673,1.0,0.25
P5__OUT2__path_1,P5,OUT2,path_1,13,6.381,12.0,4.0,-0.015673,1.0,0.25
P5__CHG1__path_1,P5,CHG1,path_1,0,0.0,5.62,4.1,-2.69849,1.0,0.25
P5__CHG1__path_1,P5,CHG1,path_1,1,0.5,5.168,3.886,-2.69849,1.0,0.25
P5__CHG1__path_1,P5,CHG1,path_1,2,1.0,4.72,3.665,-2.677945,1.0,0.25
P5__CHG1__path_1,P5,CHG1,path_1,3,1.5,4.272,3.441,-2.677945,1.0,0.25
P5__CHG1__path_1,P5,CHG1,path_1,4,2.0,3.825,3.218,-2.677945,1.0,0.25
P5__CHG1__path_1,P5,CHG1,path_1,5,2.5,3.378,2.994,-2.677945,1.0,0.25
P5__CHG1__path_1,P5,CHG1,path_1,6,3.0,3.027,2.654,-2.223007,1.0,0.25
P5__CHG1__path_1,P5,CHG1,path_1,7,3.5,2.724,2.257,-2.223007,1.0,0.25
P5__CHG1__path_1,P5,CHG1,path_1,8,4.0,2.42,1.859,-2.223007,1.0,0.25
P5__CHG1__path_1,P5,CHG1,path_1,9,4.5,2.117,1.462,-2.223007,1.0,0.25
P5__CHG1__path_1,P5,CHG1,path_1,10,5.0,1.813,1.065,-2.223007,1.0,0.25
P5__CHG1__path_1,P5,CHG1,path_1,11,5.5,1.51,0.667,-2.223007,1.0,0.25
P5__CHG1__path_1,P5,CHG1,path_1,12,6.0,1.206,0.27,-2.223007,1.0,0.25
P5__CHG1__path_1,P5,CHG1,path_1,13,6.34,1.0,0.0,-2.223007,1.0,0.25
P5__CHG2__path_1,P5,CHG2,path_1,0,0.0,5.62,4.1,-0.380506,1.0,0.25
P5__CHG2__path_1,P5,CHG2,path_1,1,0.5,6.084,3.914,-0.380506,1.0,0.25
P5__CHG2__path_1,P5,CHG2,path_1,2,1.0,6.347,3.575,-1.460139,1.0,0.25
P5__CHG2__path_1,P5,CHG2,path_1,3,1.5,6.402,3.078,-1.460139,1.0,0.25
P5__CHG2__path_1,P5,CHG2,path_1,4,2.0,6.549,2.61,-1.076855,1.0,0.25
P5__CHG2__path_1,P5,CHG2,path_1,5,2.5,6.78,2.167,-1.089909,1.0,0.25
P5__CHG2__path_1,P5,CHG2,path_1,6,3.0,7.012,1.724,-1.089909,1.0,0.25
P5__CHG2__path_1,P5,CHG2,path_1,7,3.5,7.243,1.28,-1.089909,1.0,0.25
P5__CHG2__path_1,P5,CHG2,path_1,8,4.0,7.474,0.837,-1.089909,1.0,0.25
P5__CHG2__path_1,P5,CHG2,path_1,9,4.5,7.87,0.561,-0.460923,1.0,0.25
P5__CHG2__path_1,P5,CHG2,path_1,10,5.0,8.318,0.339,-0.460923,1.0,0.25
P5__CHG2__path_1,P5,CHG2,path_1,11,5.5,8.765,0.117,-0.460923,1.0,0.25
P5__CHG2__path_1,P5,CHG2,path_1,12,5.762,9.0,0.0,-0.460923,1.0,0.25
P6__IN1__path_1,P6,IN1,path_1,0,0.0,7.98,5.55,-3.123413,1.0,0.25
P6__IN1__path_1,P6,IN1,path_1,1,0.5,7.48,5.541,-3.123413,1.0,0.25
P6__IN1__path_1,P6,IN1,path_1,2,1.0,6.98,5.532,-3.123413,1.0,0.25
P6__IN1__path_1,P6,IN1,path_1,3,1.5,6.48,5.523,-3.123413,1.0,0.25
P6__IN1__path_1,P6,IN1,path_1,4,2.0,6.092,5.263,-2.318118,1.0,0.25
P6__IN1__path_1,P6,IN1,path_1,5,2.5,5.752,4.897,-2.318118,1.0,0.25
P6__IN1__path_1,P6,IN1,path_1,6,3.0,5.413,4.53,-2.318118,1.0,0.25
P6__IN1__path_1,P6,IN1,path_1,7,3.5,5.014,4.233,-2.568926,1.0,0.25
P6__IN1__path_1,P6,IN1,path_1,8,4.0,4.594,3.962,-2.568926,1.0,0.25
P6__IN1__path_1,P6,IN1,path_1,9,4.5,4.174,3.691,-2.568926,1.0,0.25
P6__IN1__path_1,P6,IN1,path_1,10,5.0,3.754,3.42,-2.568926,1.0,0.25
P6__IN1__path_1,P6,IN1,path_1,11,5.5,3.333,3.149,-2.568926,1.0,0.25
P6__IN1__path_1,P6,IN1,path_1,12,6.0,2.913,2.878,-2.568926,1.0,0.25
P6__IN1__path_1,P6,IN1,path_1,13,6.5,2.493,2.607,-2.568926,1.0,0.25
P6__IN1__path_1,P6,IN1,path_1,14,7.0,2.073,2.336,-2.568926,1.0,0.25
P6__IN1__path_1,P6,IN1,path_1,15,7.5,1.652,2.065,-2.568926,1.0,0.25
P6__IN1__path_1,P6,IN1,path_1,16,8.0,1.232,1.794,-2.568926,1.0,0.25
P6__IN1__path_1,P6,IN1,path_1,17,8.5,0.812,1.524,-2.568926,1.0,0.25
P6__IN1__path_1,P6,IN1,path_1,18,9.0,0.392,1.253,-2.568926,1.0,0.25
P6__IN1__path_1,P6,IN1,path_1,19,9.466,0.0,1.0,-2.568926,1.0,0.25
P6__IN2__path_1,P6,IN2,path_1,0,0.0,7.98,5.55,3.003382,1.0,0.25
P6__IN2__path_1,P6,IN2,path_1,1,0.5,7.485,5.619,3.003382,1.0,0.25
P6__IN2__path_1,P6,IN2,path_1,2,1.0,6.99,5.688,3.003382,1.0,0.25
P6__IN2__path_1,P6,IN2,path_1,3,1.5,6.494,5.757,3.003382,1.0,0.25
P6__IN2__path_1,P6,IN2,path_1,4,2.0,5.999,5.826,3.003382,1.0,0.25
P6__IN2__path_1,P6,IN2,path_1,5,2.5,5.504,5.894,3.003382,1.0,0.25
P6__IN2__path_1,P6,IN2,path_1,6,3.0,5.006,5.92,3.141593,1.0,0.25
P6__IN2__path_1,P6,IN2,path_1,7,3.5,4.506,5.92,3.141593,1.0,0.25
P6__IN2__path_1,P6,IN2,path_1,8,4.0,4.006,5.92,3.141593,1.0,0.25
P6__IN2__path_1,P6,IN2,path_1,9,4.5,3.515,5.844,-2.90585,1.0,0.25
P6__IN2__path_1,P6,IN2,path_1,10,5.0,3.028,5.727,-2.90585,1.0,0.25
P6__IN2__path_1,P6,IN2,path_1,11,5.5,2.542,5.611,-2.90585,1.0,0.25
P6__IN2__path_1,P6,IN2,path_1,12,6.0,2.056,5.494,-2.90585,1.0,0.25
P6__IN2__path_1,P6,IN2,path_1,13,6.5,1.57,5.377,-2.90585,1.0,0.25
P6__IN2__path_1,P6,IN2,path_1,14,7.0,1.084,5.26,-2.90585,1.0,0.25
P6__IN2__path_1,P6,IN2,path_1,15,7.5,0.598,5.144,-2.90585,1.0,0.25
P6__IN2__path_1,P6,IN2,path_1,16,8.0,0.111,5.027,-2.90585,1.0,0.25
P6__IN2__path_1,P6,IN2,path_1,17,8.115,0.0,5.0,-2.90585,1.0,0.25
P6__P1__path_1,P6,P1,path_1,0,0.0,7.98,5.55,-3.123413,1.0,0.25
P6__P1__path_1,P6,P1,path_1,1,0.5,7.48,5.541,-3.123413,1.0,0.25
P6__P1__path_1,P6,P1,path_1,2,1.0,6.98,5.532,-3.123413,1.0,0.25
P6__P1__path_1,P6,P1,path_1,3,1.5,6.48,5.523,-3.123413,1.0,0.25
P6__P1__path_1,P6,P1,path_1,4,2.0,6.092,5.263,-2.318118,1.0,0.25
P6__P1__path_1,P6,P1,path_1,5,2.5,5.752,4.897,-2.318118,1.0,0.25
P6__P1__path_1,P6,P1,path_1,6,3.0,5.413,4.53,-2.318118,1.0,0.25
P6__P1__path_1,P6,P1,path_1,7,3.5,5.025,4.217,-2.515933,1.0,0.25
P6__P1__path_1,P6,P1,path_1,8,4.0,4.62,3.924,-2.515933,1.0,0.25
P6__P1__path_1,P6,P1,path_1,9,4.5,4.215,3.631,-2.515933,1.0,0.25
P6__P1__path_1,P6,P1,path_1,10,5.0,3.809,3.339,-2.515933,1.0,0.25
P6__P1__path_1,P6,P1,path_1,11,5.5,3.404,3.046,-2.515933,1.0,0.25
P6__P1__path_1,P6,P1,path_1,12,6.0,3.214,2.635,-1.626576,1.0,0.25
P6__P1__path_1,P6,P1,path_1,13,6.5,3.186,2.136,-1.626576,1.0,0.25
P6__P1__path_1,P6,P1,path_1,14,7.0,3.158,1.637,-1.626576,1.0,0.25
P6__P1__path_1,P6,P1,path_1,15,7.5,3.13,1.137,-1.626576,1.0,0.25
P6__P1__path_1,P6,P1,path_1,16,7.688,3.12,0.95,-1.626576,1.0,0.25
P6__P2__path_1,P6,P2,path_1,0,0.0,7.98,5.55,-3.123413,1.0,0.25
P6__P2__path_1,P6,P2,path_1,1,0.5,7.48,5.541,-3.123413,1.0,0.25
P6__P2__path_1,P6,P2,path_1,2,1.0,6.98,5.532,-3.123413,1.0,0.25
P6__P2__path_1,P6,P2,path_1,3,1.5,6.48,5.523,-3.123413,1.0,0.25
P6__P2__path_1,P6,P2,path_1,4,2.0,6.118,5.242,-2.223643,1.0,0.25
P6__P2__path_1,P6,P2,path_1,5,2.5,5.814,4.845,-2.223643,1.0,0.25
P6__P2__path_1,P6,P2,path_1,6,3.0,5.51,4.448,-2.223643,1.0,0.25
P6__P2__path_1,P6,P2,path_1,7,3.5,5.206,4.051,-2.223643,1.0,0.25
P6__P2__path_1,P6,P2,path_1,8,4.0,4.943,3.629,-1.998448,1.0,0.25
P6__P2__path_1,P6,P2,path_1,9,4.5,4.736,3.174,-1.998448,1.0,0.25
P6__P2__path_1,P6,P2,path_1,10,5.0,4.528,2.719,-1.998448,1.0,0.25
P6__P2__path_1,P6,P2,path_1,11,5.406,4.36,2.35,-1.998448,1.0,0.25
P6__P3__path_1,P6,P3,path_1,0,0.0,7.98,5.55,3.003382,1.0,0.25
P6__P3__path_1,P6,P3,path_1,1,0.5,7.485,5.619,3.003382,1.0,0.25
P6__P3__path_1,P6,P3,path_1,2,1.0,6.99,5.688,3.003382,1.0,0.25
P6__P3__path_1,P6,P3,path_1,3,1.5,6.494,5.757,3.003382,1.0,0.25
P6__P3__path_1,P6,P3,path_1,4,2.0,5.999,5.826,3.003382,1.0,0.25
P6__P3__path_1,P6,P3,path_1,5,2.5,5.504,5.894,3.003382,1.0,0.25
P6__P3__path_1,P6,P3,path_1,6,3.0,5.006,5.92,3.141593,1.0,0.25
P6__P3__path_1,P6,P3,path_1,7,3.5,4.506,5.92,3.141593,1.0,0.25
P6__P3__path_1,P6,P3,path_1,8,4.0,4.006,5.92,3.141593,1.0,0.25
P6__P3__path_1,P6,P3,path_1,9,4.5,3.777,5.6,-1.733524,1.0,0.25
P6__P3__path_1,P6,P3,path_1,10,4.855,3.72,5.25,-1.733524,1.0,0.25
P6__P4__path_1,P6,P4,path_1,0,0.0,7.98,5.55,-3.123413,1.0,0.25
P6__P4__path_1,P6,P4,path_1,1,0.5,7.48,5.541,-3.123413,1.0,0.25
P6__P4__path_1,P6,P4,path_1,2,1.0,6.98,5.532,-3.123413,1.0,0.25
P6__P4__path_1,P6,P4,path_1,3,1.5,6.48,5.523,-3.123413,1.0,0.25
P6__P4__path_1,P6,P4,path_1,4,2.0,6.118,5.242,-2.223643,1.0,0.25
P6__P4__path_1,P6,P4,path_1,5,2.5,5.814,4.845,-2.223643,1.0,0.25
P6__P4__path_1,P6,P4,path_1,6,3.0,5.51,4.448,-2.223643,1.0,0.25
P6__P4__path_1,P6,P4,path_1,7,3.5,5.206,4.051,-2.223643,1.0,0.25
P6__P4__path_1,P6,P4,path_1,8,4.0,5.03,3.61,-1.570796,1.0,0.25
P6__P4__path_1,P6,P4,path_1,9,4.5,5.03,3.11,-1.570796,1.0,0.25
P6__P4__path_1,P6,P4,path_1,10,5.0,5.034,2.61,-1.558139,1.0,0.25
P6__P4__path_1,P6,P4,path_1,11,5.5,5.04,2.11,-1.558139,1.0,0.25
P6__P4__path_1,P6,P4,path_1,12,6.0,5.047,1.61,-1.558139,1.0,0.25
P6__P4__path_1,P6,P4,path_1,13,6.26,5.05,1.35,-1.558139,1.0,0.25
P6__P5__path_1,P6,P5,path_1,0,0.0,7.98,5.55,-3.123413,1.0,0.25
P6__P5__path_1,P6,P5,path_1,1,0.5,7.48,5.541,-3.123413,1.0,0.25
P6__P5__path_1,P6,P5,path_1,2,1.0,6.98,5.532,-3.123413,1.0,0.25
P6__P5__path_1,P6,P5,path_1,3,1.5,6.48,5.523,-3.123413,1.0,0.25
P6__P5__path_1,P6,P5,path_1,4,2.0,6.174,5.207,-2.034444,1.0,0.25
P6__P5__path_1,P6,P5,path_1,5,2.5,5.95,4.76,-2.034444,1.0,0.25
P6__P5__path_1,P6,P5,path_1,6,3.0,5.726,4.313,-2.034444,1.0,0.25
P6__P5__path_1,P6,P5,path_1,7,3.238,5.62,4.1,-2.034444,1.0,0.25
P6__P7__path_1,P6,P7,path_1,0,0.0,7.98,5.55,-3.123413,1.0,0.25
P6__P7__path_1,P6,P7,path_1,1,0.5,7.48,5.541,-3.123413,1.0,0.25
P6__P7__path_1,P6,P7,path_1,2,1.0,6.98,5.532,-3.123413,1.0,0.25
P6__P7__path_1,P6,P7,path_1,3,1.5,6.48,5.523,-3.123413,1.0,0.25
P6__P7__path_1,P6,P7,path_1,4,2.0,6.33,5.17,-1.570796,1.0,0.25
P6__P7__path_1,P6,P7,path_1,5,2.5,6.33,4.67,-1.570796,1.0,0.25
P6__P7__path_1,P6,P7,path_1,6,3.0,6.341,4.171,-1.504228,1.0,0.25
P6__P7__path_1,P6,P7,path_1,7,3.5,6.374,3.672,-1.504228,1.0,0.25
P6__P7__path_1,P6,P7,path_1,8,4.0,6.407,3.173,-1.504228,1.0,0.25
P6__P7__path_1,P6,P7,path_1,9,4.5,6.504,2.692,-1.076855,1.0,0.25
P6__P7__path_1,P6,P7,path_1,10,5.0,6.736,2.249,-1.094491,1.0,0.25
P6__P7__path_1,P6,P7,path_1,11,5.5,6.965,1.805,-1.094491,1.0,0.25
P6__P7__path_1,P6,P7,path_1,12,6.0,7.194,1.36,-1.094491,1.0,0.25
P6__P7__path_1,P6,P7,path_1,13,6.406,7.38,1.0,-1.094491,1.0,0.25
P6__P8__path_1,P6,P8,path_1,0,0.0,7.98,5.55,-0.643501,1.0,0.25
P6__P8__path_1,P6,P8,path_1,1,0.5,8.125,5.082,-1.335251,1.0,0.25
P6__P8__path_1,P6,P8,path_1,2,1.0,8.242,4.596,-1.335251,1.0,0.25
P6__P8__path_1,P6,P8,path_1,3,1.5,8.358,4.11,-1.335251,1.0,0.25
P6__P8__path_1,P6,P8,path_1,4,2.0,8.475,3.624,-1.335251,1.0,0.25
P6__P8__path_1,P6,P8,path_1,5,2.5,8.592,3.138,-1.335251,1.0,0.25
P6__P8__path_1,P6,P8,path_1,6,3.0,8.676,2.645,-1.422636,1.0,0.25
P6__P8__path_1,P6,P8,path_1,7,3.298,8.72,2.35,-1.422636,1.0,0.25
P6__P9__path_1,P6,P9,path_1,0,0.0,7.98,5.55,-3.123413,1.0,0.25
P6__P9__path_1,P6,P9,path_1,1,0.5,7.48,5.541,-3.123413,1.0,0.25
P6__P9__path_1,P6,P9,path_1,2,1.0,6.98,5.532,-3.123413,1.0,0.25
P6__P9__path_1,P6,P9,path_1,3,1.5,6.48,5.523,-3.123413,1.0,0.25
P6__P9__path_1,P6,P9,path_1,4,2.0,6.237,5.183,-1.840645,1.0,0.25
P6__P9__path_1,P6,P9,path_1,5,2.138,6.2,5.05,-1.840645,1.0,0.25
P6__SORT1__path_1,P6,SORT1,path_1,0,0.0,7.98,5.55,-0.643501,1.0,0.25
P6__SORT1__path_1,P6,SORT1,path_1,1,0.5,8.223,5.118,-1.102398,1.0,0.25
P6__SORT1__path_1,P6,SORT1,path_1,2,1.0,8.449,4.672,-1.102398,1.0,0.25
P6__SORT1__path_1,P6,SORT1,path_1,3,1.5,8.675,4.226,-1.102398,1.0,0.25
P6__SORT1__path_1,P6,SORT1,path_1,4,2.0,8.9,3.78,-1.102398,1.0,0.25
P6__SORT1__path_1,P6,SORT1,path_1,5,2.5,9.126,3.334,-1.102398,1.0,0.25
P6__SORT1__path_1,P6,SORT1,path_1,6,3.0,9.352,2.888,-1.102398,1.0,0.25
P6__SORT1__path_1,P6,SORT1,path_1,7,3.5,9.578,2.442,-1.102398,1.0,0.25
P6__SORT1__path_1,P6,SORT1,path_1,8,3.816,9.72,2.16,-1.102398,1.0,0.25
P6__SORT2__path_1,P6,SORT2,path_1,0,0.0,7.98,5.55,-0.562367,1.0,0.25
P6__SORT2__path_1,P6,SORT2,path_1,1,0.5,8.403,5.283,-0.562367,1.0,0.25
P6__SORT2__path_1,P6,SORT2,path_1,2,1.0,8.826,5.017,-0.562367,1.0,0.25
P6__SORT2__path_1,P6,SORT2,path_1,3,1.5,9.249,4.75,-0.562367,1.0,0.25
P6__SORT2__path_1,P6,SORT2,path_1,4,2.0,9.672,4.484,-0.562367,1.0,0.25
P6__SORT2__path_1,P6,SORT2,path_1,5,2.5,10.095,4.217,-0.562367,1.0,0.25
P6__SORT2__path_1,P6,SORT2,path_1,6,2.813,10.36,4.05,-0.562367,1.0,0.25
P6__OUT1__path_1,P6,OUT1,path_1,0,0.0,7.98,5.55,-0.643501,1.0,0.25
P6__OUT1__path_1,P6,OUT1,path_1,1,0.5,8.357,5.222,-0.724142,1.0,0.25
P6__OUT1__path_1,P6,OUT1,path_1,2,1.0,8.732,4.891,-0.724142,1.0,0.25
P6__OUT1__path_1,P6,OUT1,path_1,3,1.5,9.106,4.559,-0.724142,1.0,0.25
P6__OUT1__path_1,P6,OUT1,path_1,4,2.0,9.481,4.228,-0.724142,1.0,0.25
P6__OUT1__path_1,P6,OUT1,path_1,5,2.5,9.855,3.897,-0.724142,1.0,0.25
P6__OUT1__path_1,P6,OUT1,path_1,6,3.0,10.23,3.566,-0.724142,1.0,0.25
P6__OUT1__path_1,P6,OUT1,path_1,7,3.5,10.604,3.234,-0.724142,1.0,0.25
P6__OUT1__path_1,P6,OUT1,path_1,8,4.0,10.979,2.903,-0.724142,1.0,0.25
P6__OUT1__path_1,P6,OUT1,path_1,9,4.5,11.353,2.572,-0.724142,1.0,0.25
P6__OUT1__path_1,P6,OUT1,path_1,10,5.0,11.728,2.241,-0.724142,1.0,0.25
P6__OUT1__path_1,P6,OUT1,path_1,11,5.363,12.0,2.0,-0.724142,1.0,0.25
P6__OUT2__path_1,P6,OUT2,path_1,0,0.0,7.98,5.55,-0.368007,1.0,0.25
P6__OUT2__path_1,P6,OUT2,path_1,1,0.5,8.447,5.37,-0.368007,1.0,0.25
P6__OUT2__path_1,P6,OUT2,path_1,2,1.0,8.913,5.19,-0.368007,1.0,0.25
P6__OUT2__path_1,P6,OUT2,path_1,3,1.5,9.38,5.01,-0.368007,1.0,0.25
P6__OUT2__path_1,P6,OUT2,path_1,4,2.0,9.846,4.83,-0.368007,1.0,0.25
P6__OUT2__path_1,P6,OUT2,path_1,5,2.5,10.313,4.651,-0.368007,1.0,0.25
P6__OUT2__path_1,P6,OUT2,path_1,6,3.0,10.779,4.471,-0.368007,1.0,0.25
P6__OUT2__path_1,P6,OUT2,path_1,7,3.5,11.246,4.291,-0.368007,1.0,0.25
P6__OUT2__path_1,P6,OUT2,path_1,8,4.0,11.712,4.111,-0.368007,1.0,0.25
P6__OUT2__path_1,P6,OUT2,path_1,9,4.308,12.0,4.0,-0.368007,1.0,0.25
P6__CHG1__path_1,P6,CHG1,path_1,0,0.0,7.98,5.55,-3.123413,1.0,0.25
P6__CHG1__path_1,P6,CHG1,path_1,1,0.5,7.48,5.541,-3.123413,1.0,0.25
P6__CHG1__path_1,P6,CHG1,path_1,2,1.0,6.98,5.532,-3.123413,1.0,0.25
P6__CHG1__path_1,P6,CHG1,path_1,3,1.5,6.48,5.523,-3.123413,1.0,0.25
P6__CHG1__path_1,P6,CHG1,path_1,4,2.0,6.092,5.263,-2.318118,1.0,0.25
P6__CHG1__path_1,P6,CHG1,path_1,5,2.5,5.752,4.897,-2.318118,1.0,0.25
P6__CHG1__path_1,P6,CHG1,path_1,6,3.0,5.413,4.53,-2.318118,1.0,0.25
P6__CHG1__path_1,P6,CHG1,path_1,7,3.5,5.025,4.217,-2.515933,1.0,0.25
P6__CHG1__path_1,P6,CHG1,path_1,8,4.0,4.62,3.924,-2.515933,1.0,0.25
P6__CHG1__path_1,P6,CHG1,path_1,9,4.5,4.215,3.631,-2.515933,1.0,0.25
P6__CHG1__path_1,P6,CHG1,path_1,10,5.0,3.809,3.339,-2.515933,1.0,0.25
P6__CHG1__path_1,P6,CHG1,path_1,11,5.5,3.404,3.046,-2.515933,1.0,0.25
P6__CHG1__path_1,P6,CHG1,path_1,12,6.0,3.057,2.693,-2.223007,1.0,0.25
P6__CHG1__path_1,P6,CHG1,path_1,13,6.5,2.753,2.296,-2.223007,1.0,0.25
P6__CHG1__path_1,P6,CHG1,path_1,14,7.0,2.45,1.899,-2.223007,1.0,0.25
P6__CHG1__path_1,P6,CHG1,path_1,15,7.5,2.146,1.501,-2.223007,1.0,0.25
P6__CHG1__path_1,P6,CHG1,path_1,16,8.0,1.843,1.104,-2.223007,1.0,0.25
P6__CHG1__path_1,P6,CHG1,path_1,17,8.5,1.539,0.706,-2.223007,1.0,0.25
P6__CHG1__path_1,P6,CHG1,path_1,18,9.0,1.236,0.309,-2.223007,1.0,0.25
P6__CHG1__path_1,P6,CHG1,path_1,19,9.389,1.0,0.0,-2.223007,1.0,0.25
P6__CHG2__path_1,P6,CHG2,path_1,0,0.0,7.98,5.55,-0.643501,1.0,0.25
P6__CHG2__path_1,P6,CHG2,path_1,1,0.5,8.125,5.082,-1.335251,1.0,0.25
P6__CHG2__path_1,P6,CHG2,path_1,2,1.0,8.242,4.596,-1.335251,1.0,0.25
P6__CHG2__path_1,P6,CHG2,path_1,3,1.5,8.358,4.11,-1.335251,1.0,0.25
P6__CHG2__path_1,P6,CHG2,path_1,4,2.0,8.475,3.624,-1.335251,1.0,0.25
P6__CHG2__path_1,P6,CHG2,path_1,5,2.5,8.592,3.138,-1.335251,1.0,0.25
P6__CHG2__path_1,P6,CHG2,path_1,6,3.0,8.667,2.644,-1.445626,1.0,0.25
P6__CHG2__path_1,P6,CHG2,path_1,7,3.5,8.73,2.148,-1.445626,1.0,0.25
P6__CHG2__path_1,P6,CHG2,path_1,8,4.0,8.792,1.652,-1.445626,1.0,0.25
P6__CHG2__path_1,P6,CHG2,path_1,9,4.5,8.855,1.156,-1.445626,1.0,0.25
P6__CHG2__path_1,P6,CHG2,path_1,10,5.0,8.917,0.66,-1.445626,1.0,0.25
P6__CHG2__path_1,P6,CHG2,path_1,11,5.5,8.979,0.164,-1.445626,1.0,0.25
P6__CHG2__path_1,P6,CHG2,path_1,12,5.665,9.0,0.0,-1.445626,1.0,0.25
P7__IN1__path_1,P7,IN1,path_1,0,0.0,7.38,1.0,-2.66324,1.0,0.25
P7__IN1__path_1,P7,IN1,path_1,1,0.5,6.936,0.77,-2.66324,1.0,0.25
P7__IN1__path_1,P7,IN1,path_1,2,1.0,6.482,0.578,-3.119374,1.0,0.25
P7__IN1__path_1,P7,IN1,path_1,3,1.5,5.983,0.567,-3.119374,1.0,0.25
P7__IN1__path_1,P7,IN1,path_1,4,2.0,5.483,0.556,-3.119374,1.0,0.25
P7__IN1__path_1,P7,IN1,path_1,5,2.5,4.983,0.545,-3.119374,1.0,0.25
P7__IN1__path_1,P7,IN1,path_1,6,3.0,4.483,0.534,-3.119374,1.0,0.25
P7__IN1__path_1,P7,IN1,path_1,7,3.5,3.983,0.53,3.141593,1.0,0.25
P7__IN1__path_1,P7,IN1,path_1,8,4.0,3.483,0.53,3.141593,1.0,0.25
P7__IN1__path_1,P7,IN1,path_1,9,4.5,2.986,0.566,2.997096,1.0,0.25
P7__IN1__path_1,P7,IN1,path_1,10,5.0,2.491,0.638,2.997096,1.0,0.25
P7__IN1__path_1,P7,IN1,path_1,11,5.5,1.996,0.71,2.997096,1.0,0.25
P7__IN1__path_1,P7,IN1,path_1,12,6.0,1.501,0.782,2.997096,1.0,0.25
P7__IN1__path_1,P7,IN1,path_1,13,6.5,1.006,0.854,2.997096,1.0,0.25
P7__IN1__path_1,P7,IN1,path_1,14,7.0,0.512,0.926,2.997096,1.0,0.25
P7__IN1__path_1,P7,IN1,path_1,15,7.5,0.017,0.998,2.997096,1.0,0.25
P7__IN1__path_1,P7,IN1,path_1,16,7.517,0.0,1.0,2.997096,1.0,0.25
P7__IN2__path_1,P7,IN2,path_1,0,0.0,7.38,1.0,2.047101,1.0,0.25
P7__IN2__path_1,P7,IN2,path_1,1,0.5,7.151,1.444,2.047101,1.0,0.25
P7__IN2__path_1,P7,IN2,path_1,2,1.0,6.922,1.889,2.047101,1.0,0.25
P7__IN2__path_1,P7,IN2,path_1,3,1.5,6.692,2.333,2.047101,1.0,0.25
P7__IN2__path_1,P7,IN2,path_1,4,2.0,6.343,2.623,2.91195,1.0,0.25
P7__IN2__path_1,P7,IN2,path_1,5,2.5,5.856,2.737,2.91195,1.0,0.25
P7__IN2__path_1,P7,IN2,path_1,6,3.0,5.369,2.851,2.91195,1.0,0.25
P7__IN2__path_1,P7,IN2,path_1,7,3.5,4.89,2.988,2.751186,1.0,0.25
P7__IN2__path_1,P7,IN2,path_1,8,4.0,4.427,3.178,2.751186,1.0,0.25
P7__IN2__path_1,P7,IN2,path_1,9,4.5,3.965,3.368,2.751186,1.0,0.25
P7__IN2__path_1,P7,IN2,path_1,10,5.0,3.502,3.559,2.751186,1.0,0.25
P7__IN2__path_1,P7,IN2,path_1,11,5.5,3.04,3.749,2.751186,1.0,0.25
P7__IN2__path_1,P7,IN2,path_1,12,6.0,2.578,3.939,2.751186,1.0,0.25
P7__IN2__path_1,P7,IN2,path_1,13,6.5,2.115,4.129,2.751186,1.0,0.25
P7__IN2__path_1,P7,IN2,path_1,14,7.0,1.653,4.32,2.751186,1.0,0.25
P7__IN2__path_1,P7,IN2,path_1,15,7.5,1.191,4.51,2.751186,1.0,0.25
P7__IN2__path_1,P7,IN2,path_1,16,8.0,0.728,4.7,2.751186,1.0,0.25
P7__IN2__path_1,P7,IN2,path_1,17,8.5,0.266,4.891,2.751186,1.0,0.25
P7__IN2__path_1,P7,IN2,path_1,18,8.787,0.0,5.0,2.751186,1.0,0.25
P7__P1__path_1,P7,P1,path_1,0,0.0,7.38,1.0,-2.66324,1.0,0.25
P7__P1__path_1,P7,P1,path_1,1,0.5,6.936,0.77,-2.66324,1.0,0.25
P7__P1__path_1,P7,P1,path_1,2,1.0,6.482,0.578,-3.119374,1.0,0.25
P7__P1__path_1,P7,P1,path_1,3,1.5,5.983,0.567,-3.119374,1.0,0.25
P7__P1__path_1,P7,P1,path_1,4,2.0,5.483,0.556,-3.119374,1.0,0.25
P7__P1__path_1,P7,P1,path_1,5,2.5,4.983,0.545,-3.119374,1.0,0.25
P7__P1__path_1,P7,P1,path_1,6,3.0,4.483,0.534,-3.119374,1.0,0.25
P7__P1__path_1,P7,P1,path_1,7,3.5,3.983,0.53,3.141593,1.0,0.25
P7__P1__path_1,P7,P1,path_1,8,4.0,3.483,0.53,3.141593,1.0,0.25
P7__P1__path_1,P7,P1,path_1,9,4.5,3.167,0.769,1.826948,1.0,0.25
P7__P1__path_1,P7,P1,path_1,10,4.687,3.12,0.95,1.826948,1.0,0.25
P7__P2__path_1,P7,P2,path_1,0,0.0,7.38,1.0,2.047101,1.0,0.25
P7__P2__path_1,P7,P2,path_1,1,0.5,7.151,1.444,2.047101,1.0,0.25
P7__P2__path_1,P7,P2,path_1,2,1.0,6.922,1.889,2.047101,1.0,0.25
P7__P2__path_1,P7,P2,path_1,3,1.5,6.692,2.333,2.047101,1.0,0.25
P7__P2__path_1,P7,P2,path_1,4,2.0,6.337,2.57,3.141593,1.0,0.25
P7__P2__path_1,P7,P2,path_1,5,2.5,5.837,2.57,3.141593,1.0,0.25
P7__P2__path_1,P7,P2,path_1,6,3.0,5.337,2.57,3.141593,1.0,0.25
P7__P2__path_1,P7,P2,path_1,7,3.5,4.849,2.474,-2.893911,1.0,0.25
P7__P2__path_1,P7,P2,path_1,8,4.0,4.364,2.351,-2.893911,1.0,0.25
P7__P2__path_1,P7,P2,path_1,9,4.004,4.36,2.35,-2.893911,1.0,0.25
P7__P3__path_1,P7,P3,path_1,0,0.0,7.38,1.0,2.047101,1.0,0.25
P7__P3__path_1,P7,P3,path_1,1,0.5,7.151,1.444,2.047101,1.0,0.25
P7__P3__path_1,P7,P3,path_1,2,1.0,6.922,1.889,2.047101,1.0,0.25
P7__P3__path_1,P7,P3,path_1,3,1.5,6.692,2.333,2.047101,1.0,0.25
P7__P3__path_1,P7,P3,path_1,4,2.0,6.343,2.623,2.91195,1.0,0.25
P7__P3__path_1,P7,P3,path_1,5,2.5,5.856,2.737,2.91195,1.0,0.25
P7__P3__path_1,P7,P3,path_1,6,3.0,5.369,2.851,2.91195,1.0,0.25
P7__P3__path_1,P7,P3,path_1,7,3.5,4.935,3.049,2.245537,1.0,0.25
P7__P3__path_1,P7,P3,path_1,8,4.0,4.623,3.439,2.245537,1.0,0.25
P7__P3__path_1,P7,P3,path_1,9,4.5,4.31,3.829,2.245537,1.0,0.25
P7__P3__path_1,P7,P3,path_1,10,5.0,3.998,4.22,2.245537,1.0,0.25
P7__P3__path_1,P7,P3,path_1,11,5.5,3.799,4.659,1.704147,1.0,0.25
P7__P3__path_1,P7,P3,path_1,12,6.0,3.733,5.154,1.704147,1.0,0.25
P7__P3__path_1,P7,P3,path_1,13,6.096,3.72,5.25,1.704147,1.0,0.25
P7__P4__path_1,P7,P4,path_1,0,0.0,7.38,1.0,-2.66324,1.0,0.25
P7__P4__path_1,P7,P4,path_1,1,0.5,6.936,0.77,-2.66324,1.0,0.25
P7__P4__path_1,P7,P4,path_1,2,1.0,6.482,0.58,3.141593,1.0,0.25
P7__P4__path_1,P7,P4,path_1,3,1.5,5.982,0.58,3.141593,1.0,0.25
P7__P4__path_1,P7,P4,path_1,4,2.0,5.482,0.58,3.141593,1.0,0.25
P7__P4__path_1,P7,P4,path_1,5,2.5,5.174,0.821,1.800439,1.0,0.25
P7__P4__path_1,P7,P4,path_1,6,3.0,5.06,1.308,1.800439,1.0,0.25
P7__P4__path_1,P7,P4,path_1,7,3.043,5.05,1.35,1.800439,1.0,0.25
P7__P5__path_1,P7,P5,path_1,0,0.0,7.38,1.0,2.047101,1.0,0.25
P7__P5__path_1,P7,P5,path_1,1,0.5,7.151,1.444,2.047101,1.0,0.25
P7__P5__path_1,P7,P5,path_1,2,1.0,6.922,1.889,2.047101,1.0,0.25
P7__P5__path_1,P7,P5,path_1,3,1.5,6.692,2.333,2.047101,1.0,0.25
P7__P5__path_1,P7,P5,path_1,4,2.0,6.459,2.775,2.064738,1.0,0.25
P7__P5__path_1,P7,P5,path_1,5,2.5,6.382,3.265,1.681454,1.0,0.25
P7__P5__path_1,P7,P5,path_1,6,3.0,6.326,3.762,1.681454,1.0,0.25
P7__P5__path_1,P7,P5,path_1,7,3.5,5.91,3.984,2.761086,1.0,0.25
P7__P5__path_1,P7,P5,path_1,8,3.812,5.62,4.1,2.761086,1.0,0.25
P7__P6__path_1,P7,P6,path_1,0,0.0,7.38,1.0,2.047101,1.0,0.25
P7__P6__path_1,P7,P6,path_1,1,0.5,7.151,1.444,2.047101,1.0,0.25
P7__P6__path_1,P7,P6,path_1,2,1.0,6.922,1.889,2.047101,1.0,0.25
P7__P6__path_1,P7,P6,path_1,3,1.5,6.692,2.333,2.047101,1.0,0.25
P7__P6__path_1,P7,P6,path_1,4,2.0,6.459,2.775,2.064738,1.0,0.25
P7__P6__path_1,P7,P6,path_1,5,2.5,6.401,3.267,1.637364,1.0,0.25
P7__P6__path_1,P7,P6,path_1,6,3.0,6.368,3.766,1.637364,1.0,0.25
P7__P6__path_1,P7,P6,path_1,7,3.5,6.334,4.265,1.637364,1.0,0.25
P7__P6__path_1,P7,P6,path_1,8,4.0,6.33,4.765,1.570796,1.0,0.25
P7__P6__path_1,P7,P6,path_1,9,4.5,6.33,5.265,1.570796,1.0,0.25
P7__P6__path_1,P7,P6,path_1,10,5.0,6.575,5.524,0.01818,1.0,0.25
P7__P6__path_1,P7,P6,path_1,11,5.5,7.075,5.534,0.01818,1.0,0.25
P7__P6__path_1,P7,P6,path_1,12,6.0,7.575,5.543,0.01818,1.0,0.25
P7__P6__path_1,P7,P6,path_1,13,6.406,7.98,5.55,0.01818,1.0,0.25
P7__P8__path_1,P7,P8,path_1,0,0.0,7.38,1.0,-1.063698,1.0,0.25
P7__P8__path_1,P7,P8,path_1,1,0.5,7.721,0.73,0.0,1.0,0.25
P7__P8__path_1,P7,P8,path_1,2,1.0,8.221,0.73,0.0,1.0,0.25
P7__P8__path_1,P7,P8,path_1,3,1.5,8.626,0.831,1.509146,1.0,0.25
P7__P8__path_1,P7,P8,path_1,4,2.0,8.657,1.33,1.509146,1.0,0.25
P7__P8__path_1,P7,P8,path_1,5,2.5,8.688,1.829,1.509146,1.0,0.25
P7__P8__path_1,P7,P8,path_1,6,3.0,8.719,2.328,1.509146,1.0,0.25
P7__P8__path_1,P7,P8,path_1,7,3.022,8.72,2.35,1.509146,1.0,0.25
P7__P9__path_1,P7,P9,path_1,0,0.0,7.38,1.0,2.047101,1.0,0.25
P7__P9__path_1,P7,P9,path_1,1,0.5,7.151,1.444,2.047101,1.0,0.25
P7__P9__path_1,P7,P9,path_1,2,1.0,6.922,1.889,2.047101,1.0,0.25
P7__P9__path_1,P7,P9,path_1,3,1.5,6.692,2.333,2.047101,1.0,0.25
P7__P9__path_1,P7,P9,path_1,4,2.0,6.459,2.775,2.064738,1.0,0.25
P7__P9__path_1,P7,P9,path_1,5,2.5,6.385,3.266,1.674032,1.0,0.25
P7__P9__path_1,P7,P9,path_1,6,3.0,6.333,3.763,1.674032,1.0,0.25
P7__P9__path_1,P7,P9,path_1,7,3.5,6.282,4.26,1.674032,1.0,0.25
P7__P9__path_1,P7,P9,path_1,8,4.0,6.23,4.758,1.674032,1.0,0.25
P7__P9__path_1,P7,P9,path_1,9,4.294,6.2,5.05,1.674032,1.0,0.25
P7__SORT1__path_1,P7,SORT1,path_1,0,0.0,7.38,1.0,-1.063698,1.0,0.25
P7__SORT1__path_1,P7,SORT1,path_1,1,0.5,7.721,0.73,0.0,1.0,0.25
P7__SORT1__path_1,P7,SORT1,path_1,2,1.0,8.221,0.73,0.0,1.0,0.25
P7__SORT1__path_1,P7,SORT1,path_1,3,1.5,8.682,0.81,0.915101,1.0,0.25
P7__SORT1__path_1,P7,SORT1,path_1,4,2.0,8.987,1.206,0.915101,1.0,0.25
P7__SORT1__path_1,P7,SORT1,path_1,5,2.5,9.291,1.603,0.915101,1.0,0.25
P7__SORT1__path_1,P7,SORT1,path_1,6,3.0,9.596,1.999,0.915101,1.0,0.25
P7__SORT1__path_1,P7,SORT1,path_1,7,3.203,9.72,2.16,0.915101,1.0,0.25
P7__SORT2__path_1,P7,SORT2,path_1,0,0.0,7.38,1.0,-1.063698,1.0,0.25
P7__SORT2__path_1,P7,SORT2,path_1,1,0.5,7.721,0.73,0.0,1.0,0.25
P7__SORT2__path_1,P7,SORT2,path_1,2,1.0,8.221,0.73,0.0,1.0,0.25
P7__SORT2__path_1,P7,SORT2,path_1,3,1.5,8.667,0.82,1.088058,1.0,0.25
P7__SORT2__path_1,P7,SORT2,path_1,4,2.0,8.899,1.262,1.088058,1.0,0.25
P7__SORT2__path_1,P7,SORT2,path_1,5,2.5,9.131,1.705,1.088058,1.0,0.25
P7__SORT2__path_1,P7,SORT2,path_1,6,3.0,9.363,2.148,1.088058,1.0,0.25
P7__SORT2__path_1,P7,SORT2,path_1,7,3.5,9.595,2.591,1.088058,1.0,0.25
P7__SORT2__path_1,P7,SORT2,path_1,8,4.0,9.827,3.034,1.088058,1.0,0.25
P7__SORT2__path_1,P7,SORT2,path_1,9,4.5,10.06,3.477,1.088058,1.0,0.25
P7__SORT2__path_1,P7,SORT2,path_1,10,5.0,10.292,3.92,1.088058,1.0,0.25
P7__SORT2__path_1,P7,SORT2,path_1,11,5.147,10.36,4.05,1.088058,1.0,0.25
P7__OUT1__path_1,P7,OUT1,path_1,0,0.0,7.38,1.0,-1.063698,1.0,0.25
P7__OUT1__path_1,P7,OUT1,path_1,1,0.5,7.721,0.73,0.0,1.0,0.25
P7__OUT1__path_1,P7,OUT1,path_1,2,1.0,8.221,0.73,0.0,1.0,0.25
P7__OUT1__path_1,P7,OUT1,path_1,3,1.5,8.715,0.766,0.359419,1.0,0.25
P7__OUT1__path_1,P7,OUT1,path_1,4,2.0,9.183,0.941,0.359419,1.0,0.25
P7__OUT1__path_1,P7,OUT1,path_1,5,2.5,9.651,1.117,0.359419,1.0,0.25
P7__OUT1__path_1,P7,OUT1,path_1,6,3.0,10.119,1.293,0.359419,1.0,0.25
P7__OUT1__path_1,P7,OUT1,path_1,7,3.5,10.587,1.469,0.359419,1.0,0.25
P7__OUT1__path_1,P7,OUT1,path_1,8,4.0,11.055,1.645,0.359419,1.0,0.25
P7__OUT1__path_1,P7,OUT1,path_1,9,4.5,11.523,1.821,0.359419,1.0,0.25
P7__OUT1__path_1,P7,OUT1,path_1,10,5.0,11.991,1.997,0.359419,1.0,0.25
P7__OUT1__path_1,P7,OUT1,path_1,11,5.01,12.0,2.0,0.359419,1.0,0.25
P7__OUT2__path_1,P7,OUT2,path_1,0,0.0,7.38,1.0,-1.063698,1.0,0.25
P7__OUT2__path_1,P7,OUT2,path_1,1,0.5,7.721,0.73,0.0,1.0,0.25
P7__OUT2__path_1,P7,OUT2,path_1,2,1.0,8.221,0.73,0.0,1.0,0.25
P7__OUT2__path_1,P7,OUT2,path_1,3,1.5,8.693,0.8,0.768858,1.0,0.25
P7__OUT2__path_1,P7,OUT2,path_1,4,2.0,9.052,1.148,0.768858,1.0,0.25
P7__OUT2__path_1,P7,OUT2,path_1,5,2.5,9.411,1.496,0.768858,1.0,0.25
P7__OUT2__path_1,P7,OUT2,path_1,6,3.0,9.771,1.843,0.768858,1.0,0.25
P7__OUT2__path_1,P7,OUT2,path_1,7,3.5,10.13,2.191,0.768858,1.0,0.25
P7__OUT2__path_1,P7,OUT2,path_1,8,4.0,10.489,2.539,0.768858,1.0,0.25
P7__OUT2__path_1,P7,OUT2,path_1,9,4.5,10.849,2.886,0.768858,1.0,0.25
P7__OUT2__path_1,P7,OUT2,path_1,10,5.0,11.208,3.234,0.768858,1.0,0.25
P7__OUT2__path_1,P7,OUT2,path_1,11,5.5,11.568,3.582,0.768858,1.0,0.25
P7__OUT2__path_1,P7,OUT2,path_1,12,6.0,11.927,3.929,0.768858,1.0,0.25
P7__OUT2__path_1,P7,OUT2,path_1,13,6.102,12.0,4.0,0.768858,1.0,0.25
P7__CHG1__path_1,P7,CHG1,path_1,0,0.0,7.38,1.0,-2.66324,1.0,0.25
P7__CHG1__path_1,P7,CHG1,path_1,1,0.5,6.936,0.77,-2.66324,1.0,0.25
P7__CHG1__path_1,P7,CHG1,path_1,2,1.0,6.483,0.571,-3.037837,1.0,0.25
P7__CHG1__path_1,P7,CHG1,path_1,3,1.5,5.986,0.519,-3.037837,1.0,0.25
P7__CHG1__path_1,P7,CHG1,path_1,4,2.0,5.488,0.467,-3.037837,1.0,0.25
P7__CHG1__path_1,P7,CHG1,path_1,5,2.5,4.991,0.416,-3.037837,1.0,0.25
P7__CHG1__path_1,P7,CHG1,path_1,6,3.0,4.494,0.364,-3.037837,1.0,0.25
P7__CHG1__path_1,P7,CHG1,path_1,7,3.5,3.996,0.312,-3.037837,1.0,0.25
P7__CHG1__path_1,P7,CHG1,path_1,8,4.0,3.499,0.26,-3.037837,1.0,0.25
P7__CHG1__path_1,P7,CHG1,path_1,9,4.5,3.002,0.208,-3.037837,1.0,0.25
P7__CHG1__path_1,P7,CHG1,path_1,10,5.0,2.504,0.157,-3.037837,1.0,0.25
P7__CHG1__path_1,P7,CHG1,path_1,11,5.5,2.007,0.105,-3.037837,1.0,0.25
P7__CHG1__path_1,P7,CHG1,path_1,12,6.0,1.51,0.053,-3.037837,1.0,0.25
P7__CHG1__path_1,P7,CHG1,path_1,13,6.5,1.012,0.001,-3.037837,1.0,0.25
P7__CHG1__path_1,P7,CHG1,path_1,14,6.513,1.0,0.0,-3.037837,1.0,0.25
P7__CHG2__path_1,P7,CHG2,path_1,0,0.0,7.38,1.0,-1.063698,1.0,0.25
P7__CHG2__path_1,P7,CHG2,path_1,1,0.5,7.701,0.645,-0.460923,1.0,0.25
P7__CHG2__path_1,P7,CHG2,path_1,2,1.0,8.149,0.423,-0.460923,1.0,0.25
P7__CHG2__path_1,P7,CHG2,path_1,3,1.5,8.597,0.2,-0.460923,1.0,0.25
P7__CHG2__path_1,P7,CHG2,path_1,4,1.95,9.0,0.0,-0.460923,1.0,0.25
P8__IN1__path_1,P8,IN1,path_1,0,0.0,8.72,2.35,-1.632446,1.0,0.25
P8__IN1__path_1,P8,IN1,path_1,1,0.5,8.689,1.851,-1.632446,1.0,0.25
P8__IN1__path_1,P8,IN1,path_1,2,1.0,8.658,1.352,-1.632446,1.0,0.25
P8__IN1__path_1,P8,IN1,path_1,3,1.5,8.628,0.853,-1.632446,1.0,0.25
P8__IN1__path_1,P8,IN1,path_1,4,2.0,8.244,0.702,-3.068552,1.0,0.25
P8__IN1__path_1,P8,IN1,path_1,5,2.5,7.745,0.666,-3.068552,1.0,0.25
P8__IN1__path_1,P8,IN1,path_1,6,3.0,7.247,0.63,-3.068552,1.0,0.25
P8__IN1__path_1,P8,IN1,path_1,7,3.5,6.748,0.593,-3.068552,1.0,0.25
P8__IN1__path_1,P8,IN1,path_1,8,4.0,6.249,0.573,-3.119374,1.0,0.25
P8__IN1__path_1,P8,IN1,path_1,9,4.5,5.749,0.562,-3.119374,1.0,0.25
P8__IN1__path_1,P8,IN1,path_1,10,5.0,5.249,0.551,-3.119374,1.0,0.25
P8__IN1__path_1,P8,IN1,path_1,11,5.5,4.749,0.54,-3.119374,1.0,0.25
P8__IN1__path_1,P8,IN1,path_1,12,6.0,4.249,0.53,3.141593,1.0,0.25
P8__IN1__path_1,P8,IN1,path_1,13,6.5,3.749,0.53,3.141593,1.0,0.25
P8__IN1__path_1,P8,IN1,path_1,14,7.0,3.249,0.53,3.141593,1.0,0.25
P8__IN1__path_1,P8,IN1,path_1,15,7.5,2.754,0.599,2.997096,1.0,0.25
P8__IN1__path_1,P8,IN1,path_1,16,8.0,2.259,0.671,2.997096,1.0,0.25
P8__IN1__path_1,P8,IN1,path_1,17,8.5,1.765,0.743,2.997096,1.0,0.25
P8__IN1__path_1,P8,IN1,path_1,18,9.0,1.27,0.815,2.997096,1.0,0.25
P8__IN1__path_1,P8,IN1,path_1,19,9.5,0.775,0.887,2.997096,1.0,0.25
P8__IN1__path_1,P8,IN1,path_1,20,10.0,0.28,0.959,2.997096,1.0,0.25
P8__IN1__path_1,P8,IN1,path_1,21,10.283,0.0,1.0,2.997096,1.0,0.25
P8__IN2__path_1,P8,IN2,path_1,0,0.0,8.72,2.35,1.718956,1.0,0.25
P8__IN2__path_1,P8,IN2,path_1,1,0.5,8.646,2.845,1.718956,1.0,0.25
P8__IN2__path_1,P8,IN2,path_1,2,1.0,8.352,3.199,2.55359,1.0,0.25
P8__IN2__path_1,P8,IN2,path_1,3,1.5,7.936,3.476,2.55359,1.0,0.25
P8__IN2__path_1,P8,IN2,path_1,4,2.0,7.483,3.662,2.964704,1.0,0.25
P8__IN2__path_1,P8,IN2,path_1,5,2.5,6.991,3.75,2.964704,1.0,0.25
P8__IN2__path_1,P8,IN2,path_1,6,3.0,6.498,3.838,2.964704,1.0,0.25
P8__IN2__path_1,P8,IN2,path_1,7,3.5,6.006,3.926,2.964704,1.0,0.25
P8__IN2__path_1,P8,IN2,path_1,8,4.0,5.514,4.014,2.964704,1.0,0.25
P8__IN2__path_1,P8,IN2,path_1,9,4.5,5.022,4.102,2.964704,1.0,0.25
P8__IN2__path_1,P8,IN2,path_1,10,5.0,4.53,4.19,2.964704,1.0,0.25
P8__IN2__path_1,P8,IN2,path_1,11,5.5,4.037,4.278,2.964704,1.0,0.25
P8__IN2__path_1,P8,IN2,path_1,12,6.0,3.545,4.366,2.964704,1.0,0.25
P8__IN2__path_1,P8,IN2,path_1,13,6.5,3.053,4.454,2.964704,1.0,0.25
P8__IN2__path_1,P8,IN2,path_1,14,7.0,2.561,4.542,2.964704,1.0,0.25
P8__IN2__path_1,P8,IN2,path_1,15,7.5,2.069,4.63,2.964704,1.0,0.25
P8__IN2__path_1,P8,IN2,path_1,16,8.0,1.576,4.718,2.964704,1.0,0.25
P8__IN2__path_1,P8,IN2,path_1,17,8.5,1.084,4.806,2.964704,1.0,0.25
P8__IN2__path_1,P8,IN2,path_1,18,9.0,0.592,4.894,2.964704,1.0,0.25
P8__IN2__path_1,P8,IN2,path_1,19,9.5,0.1,4.982,2.964704,1.0,0.25
P8__IN2__path_1,P8,IN2,path_1,20,9.601,0.0,5.0,2.964704,1.0,0.25
P8__P1__path_1,P8,P1,path_1,0,0.0,8.72,2.35,-1.632446,1.0,0.25
P8__P1__path_1,P8,P1,path_1,1,0.5,8.689,1.851,-1.632446,1.0,0.25
P8__P1__path_1,P8,P1,path_1,2,1.0,8.658,1.352,-1.632446,1.0,0.25
P8__P1__path_1,P8,P1,path_1,3,1.5,8.628,0.853,-1.632446,1.0,0.25
P8__P1__path_1,P8,P1,path_1,4,2.0,8.244,0.702,-3.068552,1.0,0.25
P8__P1__path_1,P8,P1,path_1,5,2.5,7.745,0.666,-3.068552,1.0,0.25
P8__P1__path_1,P8,P1,path_1,6,3.0,7.247,0.63,-3.068552,1.0,0.25
P8__P1__path_1,P8,P1,path_1,7,3.5,6.748,0.593,-3.068552,1.0,0.25
P8__P1__path_1,P8,P1,path_1,8,4.0,6.249,0.573,-3.119374,1.0,0.25
P8__P1__path_1,P8,P1,path_1,9,4.5,5.749,0.562,-3.119374,1.0,0.25
P8__P1__path_1,P8,P1,path_1,10,5.0,5.249,0.551,-3.119374,1.0,0.25
P8__P1__path_1,P8,P1,path_1,11,5.5,4.749,0.54,-3.119374,1.0,0.25
P8__P1__path_1,P8,P1,path_1,12,6.0,4.249,0.53,3.141593,1.0,0.25
P8__P1__path_1,P8,P1,path_1,13,6.5,3.749,0.53,3.141593,1.0,0.25
P8__P1__path_1,P8,P1,path_1,14,7.0,3.249,0.53,3.141593,1.0,0.25
P8__P1__path_1,P8,P1,path_1,15,7.453,3.12,0.95,3.141593,1.0,0.25
P8__P2__path_1,P8,P2,path_1,0,0.0,8.72,2.35,1.718956,1.0,0.25
P8__P2__path_1,P8,P2,path_1,1,0.5,8.646,2.845,1.718956,1.0,0.25
P8__P2__path_1,P8,P2,path_1,2,1.0,8.352,3.199,2.55359,1.0,0.25
P8__P2__path_1,P8,P2,path_1,3,1.5,7.936,3.476,2.55359,1.0,0.25
P8__P2__path_1,P8,P2,path_1,4,2.0,7.482,3.654,2.999696,1.0,0.25
P8__P2__path_1,P8,P2,path_1,5,2.5,6.987,3.725,2.999696,1.0,0.25
P8__P2__path_1,P8,P2,path_1,6,3.0,6.492,3.795,2.999696,1.0,0.25
P8__P2__path_1,P8,P2,path_1,7,3.5,5.993,3.82,3.141593,1.0,0.25
P8__P2__path_1,P8,P2,path_1,8,4.0,5.493,3.82,3.141593,1.0,0.25
P8__P2__path_1,P8,P2,path_1,9,4.5,5.015,3.787,-1.998448,1.0,0.25
P8__P2__path_1,P8,P2,path_1,10,5.0,4.807,3.332,-1.998448,1.0,0.25
P8__P2__path_1,P8,P2,path_1,11,5.5,4.6,2.877,-1.998448,1.0,0.25
P8__P2__path_1,P8,P2,path_1,12,6.0,4.393,2.422,-1.998448,1.0,0.25
P8__P2__path_1,P8,P2,path_1,13,6.079,4.36,2.35,-1.998448,1.0,0.25
P8__P3__path_1,P8,P3,path_1,0,0.0,8.72,2.35,1.718956,1.0,0.25
P8__P3__path_1,P8,P3,path_1,1,0.5,8.646,2.845,1.718956,1.0,0.25
P8__P3__path_1,P8,P3,path_1,2,1.0,8.352,3.199,2.55359,1.0,0.25
P8__P3__path_1,P8,P3,path_1,3,1.5,7.936,3.476,2.55359,1.0,0.25
P8__P3__path_1,P8,P3,path_1,4,2.0,7.484,3.669,2.9363,1.0,0.25
P8__P3__path_1,P8,P3,path_1,5,2.5,6.995,3.771,2.9363,1.0,0.25
P8__P3__path_1,P8,P3,path_1,6,3.0,6.505,3.873,2.9363,1.0,0.25
P8__P3__path_1,P8,P3,path_1,7,3.5,6.016,3.975,2.9363,1.0,0.25
P8__P3__path_1,P8,P3,path_1,8,4.0,5.526,4.077,2.9363,1.0,0.25
P8__P3__path_1,P8,P3,path_1,9,4.5,5.037,4.179,2.9363,1.0,0.25
P8__P3__path_1,P8,P3,path_1,10,5.0,4.547,4.281,2.9363,1.0,0.25
P8__P3__path_1,P8,P3,path_1,11,5.5,4.058,4.383,2.9363,1.0,0.25
P8__P3__path_1,P8,P3,path_1,12,6.0,3.794,4.695,1.704147,1.0,0.25
P8__P3__path_1,P8,P3,path_1,13,6.5,3.728,5.191,1.704147,1.0,0.25
P8__P3__path_1,P8,P3,path_1,14,6.56,3.72,5.25,1.704147,1.0,0.25
P8__P4__path_1,P8,P4,path_1,0,0.0,8.72,2.35,-1.632446,1.0,0.25
P8__P4__path_1,P8,P4,path_1,1,0.5,8.689,1.851,-1.632446,1.0,0.25
P8__P4__path_1,P8,P4,path_1,2,1.0,8.658,1.352,-1.632446,1.0,0.25
P8__P4__path_1,P8,P4,path_1,3,1.5,8.628,0.853,-1.632446,1.0,0.25
P8__P4__path_1,P8,P4,path_1,4,2.0,8.244,0.702,-3.068552,1.0,0.25
P8__P4__path_1,P8,P4,path_1,5,2.5,7.745,0.666,-3.068552,1.0,0.25
P8__P4__path_1,P8,P4,path_1,6,3.0,7.247,0.63,-3.068552,1.0,0.25
P8__P4__path_1,P8,P4,path_1,7,3.5,6.748,0.593,-3.068552,1.0,0.25
P8__P4__path_1,P8,P4,path_1,8,4.0,6.249,0.58,3.141593,1.0,0.25
P8__P4__path_1,P8,P4,path_1,9,4.5,5.749,0.58,3.141593,1.0,0.25
P8__P4__path_1,P8,P4,path_1,10,5.0,5.249,0.58,3.141593,1.0,0.25
P8__P4__path_1,P8,P4,path_1,11,5.5,5.12,1.049,1.800439,1.0,0.25
P8__P4__path_1,P8,P4,path_1,12,5.809,5.05,1.35,1.800439,1.0,0.25
P8__P5__path_1,P8,P5,path_1,0,0.0,8.72,2.35,1.718956,1.0,0.25
P8__P5__path_1,P8,P5,path_1,1,0.5,8.646,2.845,1.718956,1.0,0.25
P8__P5__path_1,P8,P5,path_1,2,1.0,8.352,3.199,2.55359,1.0,0.25
P8__P5__path_1,P8,P5,path_1,3,1.5,7.936,3.476,2.55359,1.0,0.25
P8__P5__path_1,P8,P5,path_1,4,2.0,7.485,3.674,2.916881,1.0,0.25
P8__P5__path_1,P8,P5,path_1,5,2.5,6.998,3.785,2.916881,1.0,0.25
P8__P5__path_1,P8,P5,path_1,6,3.0,6.51,3.897,2.916881,1.0,0.25
P8__P5__path_1,P8,P5,path_1,7,3.5,6.023,4.008,2.916881,1.0,0.25
P8__P5__path_1,P8,P5,path_1,8,3.913,5.62,4.1,2.916881,1.0,0.25
P8__P6__path_1,P8,P6,path_1,0,0.0,8.72,2.35,1.718956,1.0,0.25
P8__P6__path_1,P8,P6,path_1,1,0.5,8.646,2.845,1.718956,1.0,0.25
P8__P6__path_1,P8,P6,path_1,2,1.0,8.545,3.334,1.806341,1.0,0.25
P8__P6__path_1,P8,P6,path_1,3,1.5,8.428,3.82,1.806341,1.0,0.25
P8__P6__path_1,P8,P6,path_1,4,2.0,8.311,4.306,1.806341,1.0,0.25
P8__P6__path_1,P8,P6,path_1,5,2.5,8.195,4.792,1.806341,1.0,0.25
P8__P6__path_1,P8,P6,path_1,6,3.0,8.078,5.278,1.806341,1.0,0.25
P8__P6__path_1,P8,P6,path_1,7,3.298,7.98,5.55,1.806341,1.0,0.25
P8__P7__path_1,P8,P7,path_1,0,0.0,8.72,2.35,-1.632446,1.0,0.25
P8__P7__path_1,P8,P7,path_1,1,0.5,8.689,1.851,-1.632446,1.0,0.25
P8__P7__path_1,P8,P7,path_1,2,1.0,8.658,1.352,-1.632446,1.0,0.25
P8__P7__path_1,P8,P7,path_1,3,1.5,8.628,0.853,-1.632446,1.0,0.25
P8__P7__path_1,P8,P7,path_1,4,2.0,8.243,0.73,3.141593,1.0,0.25
P8__P7__path_1,P8,P7,path_1,5,2.5,7.743,0.73,3.141593,1.0,0.25
P8__P7__path_1,P8,P7,path_1,6,3.0,7.391,0.981,2.077895,1.0,0.25
P8__P7__path_1,P8,P7,path_1,7,3.022,7.38,1.0,2.077895,1.0,0.25
P8__P9__path_1,P8,P9,path_1,0,0.0,8.72,2.35,1.718956,1.0,0.25
P8__P9__path_1,P8,P9,path_1,1,0.5,8.646,2.845,1.718956,1.0,0.25
P8__P9__path_1,P8,P9,path_1,2,1.0,8.352,3.199,2.55359,1.0,0.25
P8__P9__path_1,P8,P9,path_1,3,1.5,7.936,3.476,2.55359,1.0,0.25
P8__P9__path_1,P8,P9,path_1,4,2.0,7.505,3.73,2.669349,1.0,0.25
P8__P9__path_1,P8,P9,path_1,5,2.5,7.06,3.957,2.669349,1.0,0.25
P8__P9__path_1,P8,P9,path_1,6,3.0,6.615,4.184,2.669349,1.0,0.25
P8__P9__path_1,P8,P9,path_1,7,3.5,6.298,4.507,1.749427,1.0,0.25
P8__P9__path_1,P8,P9,path_1,8,4.0,6.209,4.999,1.749427,1.0,0.25
P8__P9__path_1,P8,P9,path_1,9,4.052,6.2,5.05,1.749427,1.0,0.25
P8__SORT1__path_1,P8,SORT1,path_1,0,0.0,8.72,2.35,-0.187762,1.0,0.25
P8__SORT1__path_1,P8,SORT1,path_1,1,0.5,9.211,2.257,-0.187762,1.0,0.25
P8__SORT1__path_1,P8,SORT1,path_1,2,1.0,9.702,2.163,-0.187762,1.0,0.25
P8__SORT1__path_1,P8,SORT1,path_1,3,1.018,9.72,2.16,-0.187762,1.0,0.25
P8__SORT2__path_1,P8,SORT2,path_1,0,0.0,8.72,2.35,0.80336,1.0,0.25
P8__SORT2__path_1,P8,SORT2,path_1,1,0.5,9.067,2.71,0.80336,1.0,0.25
P8__SORT2__path_1,P8,SORT2,path_1,2,1.0,9.414,3.07,0.80336,1.0,0.25
P8__SORT2__path_1,P8,SORT2,path_1,3,1.5,9.761,3.43,0.80336,1.0,0.25
P8__SORT2__path_1,P8,SORT2,path_1,4,2.0,10.109,3.789,0.80336,1.0,0.25
P8__SORT2__path_1,P8,SORT2,path_1,5,2.362,10.36,4.05,0.80336,1.0,0.25
P8__OUT1__path_1,P8,OUT1,path_1,0,0.0,8.72,2.35,-0.106305,1.0,0.25
P8__OUT1__path_1,P8,OUT1,path_1,1,0.5,9.217,2.297,-0.106305,1.0,0.25
P8__OUT1__path_1,P8,OUT1,path_1,2,1.0,9.714,2.244,-0.106305,1.0,0.25
P8__OUT1__path_1,P8,OUT1,path_1,3,1.5,10.212,2.191,-0.106305,1.0,0.25
P8__OUT1__path_1,P8,OUT1,path_1,4,2.0,10.709,2.138,-0.106305,1.0,0.25
P8__OUT1__path_1,P8,OUT1,path_1,5,2.5,11.206,2.085,-0.106305,1.0,0.25
P8__OUT1__path_1,P8,OUT1,path_1,6,3.0,11.703,2.032,-0.106305,1.0,0.25
P8__OUT1__path_1,P8,OUT1,path_1,7,3.299,12.0,2.0,-0.106305,1.0,0.25
P8__OUT2__path_1,P8,OUT2,path_1,0,0.0,8.72,2.35,0.466084,1.0,0.25
P8__OUT2__path_1,P8,OUT2,path_1,1,0.5,9.167,2.575,0.466084,1.0,0.25
P8__OUT2__path_1,P8,OUT2,path_1,2,1.0,9.613,2.799,0.466084,1.0,0.25
P8__OUT2__path_1,P8,OUT2,path_1,3,1.5,10.06,3.024,0.466084,1.0,0.25
P8__OUT2__path_1,P8,OUT2,path_1,4,2.0,10.507,3.249,0.466084,1.0,0.25
P8__OUT2__path_1,P8,OUT2,path_1,5,2.5,10.953,3.473,0.466084,1.0,0.25
P8__OUT2__path_1,P8,OUT2,path_1,6,3.0,11.4,3.698,0.466084,1.0,0.25
P8__OUT2__path_1,P8,OUT2,path_1,7,3.5,11.847,3.923,0.466084,1.0,0.25
P8__OUT2__path_1,P8,OUT2,path_1,8,3.672,12.0,4.0,0.466084,1.0,0.25
P8__CHG1__path_1,P8,CHG1,path_1,0,0.0,8.72,2.35,-1.632446,1.0,0.25
P8__CHG1__path_1,P8,CHG1,path_1,1,0.5,8.689,1.851,-1.632446,1.0,0.25
P8__CHG1__path_1,P8,CHG1,path_1,2,1.0,8.658,1.352,-1.632446,1.0,0.25
P8__CHG1__path_1,P8,CHG1,path_1,3,1.5,8.628,0.853,-1.632446,1.0,0.25
P8__CHG1__path_1,P8,CHG1,path_1,4,2.0,8.245,0.694,-3.046084,1.0,0.25
P8__CHG1__path_1,P8,CHG1,path_1,5,2.5,7.747,0.646,-3.046084,1.0,0.25
P8__CHG1__path_1,P8,CHG1,path_1,6,3.0,7.249,0.599,-3.046084,1.0,0.25
P8__CHG1__path_1,P8,CHG1,path_1,7,3.5,6.752,0.551,-3.046084,1.0,0.25
P8__CHG1__path_1,P8,CHG1,path_1,8,4.0,6.254,0.503,-3.046084,1.0,0.25
P8__CHG1__path_1,P8,CHG1,path_1,9,4.5,5.756,0.456,-3.046084,1.0,0.25
P8__CHG1__path_1,P8,CHG1,path_1,10,5.0,5.258,0.408,-3.046084,1.0,0.25
P8__CHG1__path_1,P8,CHG1,path_1,11,5.5,4.761,0.36,-3.046084,1.0,0.25
P8__CHG1__path_1,P8,CHG1,path_1,12,6.0,4.263,0.313,-3.046084,1.0,0.25
P8__CHG1__path_1,P8,CHG1,path_1,13,6.5,3.765,0.265,-3.046084,1.0,0.25
P8__CHG1__path_1,P8,CHG1,path_1,14,7.0,3.268,0.217,-3.046084,1.0,0.25
P8__CHG1__path_1,P8,CHG1,path_1,15,7.5,2.77,0.17,-3.046084,1.0,0.25
P8__CHG1__path_1,P8,CHG1,path_1,16,8.0,2.272,0.122,-3.046084,1.0,0.25
P8__CHG1__path_1,P8,CHG1,path_1,17,8.5,1.774,0.074,-3.046084,1.0,0.25
P8__CHG1__path_1,P8,CHG1,path_1,18,9.0,1.277,0.027,-3.046084,1.0,0.25
P8__CHG1__path_1,P8,CHG1,path_1,19,9.278,1.0,0.0,-3.046084,1.0,0.25
P8__CHG2__path_1,P8,CHG2,path_1,0,0.0,8.72,2.35,-1.452206,1.0,0.25
P8__CHG2__path_1,P8,CHG2,path_1,1,0.5,8.779,1.854,-1.452206,1.0,0.25
P8__CHG2__path_1,P8,CHG2,path_1,2,1.0,8.838,1.357,-1.452206,1.0,0.25
P8__CHG2__path_1,P8,CHG2,path_1,3,1.5,8.897,0.861,-1.452206,1.0,0.25
P8__CHG2__path_1,P8,CHG2,path_1,4,2.0,8.957,0.364,-1.452206,1.0,0.25
P8__CHG2__path_1,P8,CHG2,path_1,5,2.367,9.0,0.0,-1.452206,1.0,0.25
P9__IN1__path_1,P9,IN1,path_1,0,0.0,6.2,5.05,-2.527823,1.0,0.25
P9__IN1__path_1,P9,IN1,path_1,1,0.5,5.791,4.762,-2.527823,1.0,0.25
P9__IN1__path_1,P9,IN1,path_1,2,1.0,5.383,4.474,-2.527823,1.0,0.25
P9__IN1__path_1,P9,IN1,path_1,3,1.5,4.964,4.201,-2.568926,1.0,0.25
P9__IN1__path_1,P9,IN1,path_1,4,2.0,4.544,3.93,-2.568926,1.0,0.25
P9__IN1__path_1,P9,IN1,path_1,5,2.5,4.124,3.659,-2.568926,1.0,0.25
P9__IN1__path_1,P9,IN1,path_1,6,3.0,3.703,3.388,-2.568926,1.0,0.25
P9__IN1__path_1,P9,IN1,path_1,7,3.5,3.283,3.117,-2.568926,1.0,0.25
P9__IN1__path_1,P9,IN1,path_1,8,4.0,2.863,2.846,-2.568926,1.0,0.25
P9__IN1__path_1,P9,IN1,path_1,9,4.5,2.443,2.575,-2.568926,1.0,0.25
P9__IN1__path_1,P9,IN1,path_1,10,5.0,2.022,2.304,-2.568926,1.0,0.25
P9__IN1__path_1,P9,IN1,path_1,11,5.5,1.602,2.033,-2.568926,1.0,0.25
P9__IN1__path_1,P9,IN1,path_1,12,6.0,1.182,1.762,-2.568926,1.0,0.25
P9__IN1__path_1,P9,IN1,path_1,13,6.5,0.762,1.491,-2.568926,1.0,0.25
P9__IN1__path_1,P9,IN1,path_1,14,7.0,0.342,1.22,-2.568926,1.0,0.25
P9__IN1__path_1,P9,IN1,path_1,15,7.406,0.0,1.0,-2.568926,1.0,0.25
P9__IN2__path_1,P9,IN2,path_1,0,0.0,6.2,5.05,-2.527823,1.0,0.25
P9__IN2__path_1,P9,IN2,path_1,1,0.5,5.791,4.762,-2.527823,1.0,0.25
P9__IN2__path_1,P9,IN2,path_1,2,1.0,5.383,4.474,-2.527823,1.0,0.25
P9__IN2__path_1,P9,IN2,path_1,3,1.5,4.896,4.43,3.141593,1.0,0.25
P9__IN2__path_1,P9,IN2,path_1,4,2.0,4.396,4.43,3.141593,1.0,0.25
P9__IN2__path_1,P9,IN2,path_1,5,2.5,3.896,4.43,3.141593,1.0,0.25
P9__IN2__path_1,P9,IN2,path_1,6,3.0,3.401,4.494,2.993852,1.0,0.25
P9__IN2__path_1,P9,IN2,path_1,7,3.5,2.907,4.567,2.993852,1.0,0.25
P9__IN2__path_1,P9,IN2,path_1,8,4.0,2.412,4.641,2.993852,1.0,0.25
P9__IN2__path_1,P9,IN2,path_1,9,4.5,1.918,4.715,2.993852,1.0,0.25
P9__IN2__path_1,P9,IN2,path_1,10,5.0,1.423,4.788,2.993852,1.0,0.25
P9__IN2__path_1,P9,IN2,path_1,11,5.5,0.928,4.862,2.993852,1.0,0.25
P9__IN2__path_1,P9,IN2,path_1,12,6.0,0.434,4.935,2.993852,1.0,0.25
P9__IN2__path_1,P9,IN2,path_1,13,6.439,0.0,5.0,2.993852,1.0,0.25
P9__P1__path_1,P9,P1,path_1,0,0.0,6.2,5.05,-2.519435,1.0,0.25
P9__P1__path_1,P9,P1,path_1,1,0.5,5.794,4.759,-2.519435,1.0,0.25
P9__P1__path_1,P9,P1,path_1,2,1.0,5.387,4.467,-2.519435,1.0,0.25
P9__P1__path_1,P9,P1,path_1,3,1.5,4.981,4.176,-2.519435,1.0,0.25
P9__P1__path_1,P9,P1,path_1,4,2.0,4.575,3.884,-2.519435,1.0,0.25
P9__P1__path_1,P9,P1,path_1,5,2.5,4.168,3.593,-2.519435,1.0,0.25
P9__P1__path_1,P9,P1,path_1,6,3.0,3.762,3.302,-2.519435,1.0,0.25
P9__P1__path_1,P9,P1,path_1,7,3.5,3.356,3.01,-2.519435,1.0,0.25
P9__P1__path_1,P9,P1,path_1,8,4.0,3.211,2.575,-1.626576,1.0,0.25
P9__P1__path_1,P9,P1,path_1,9,4.5,3.183,2.076,-1.626576,1.0,0.25
P9__P1__path_1,P9,P1,path_1,10,5.0,3.155,1.577,-1.626576,1.0,0.25
P9__P1__path_1,P9,P1,path_1,11,5.5,3.127,1.078,-1.626576,1.0,0.25
P9__P1__path_1,P9,P1,path_1,12,5.628,3.12,0.95,-1.626576,1.0,0.25
P9__P2__path_1,P9,P2,path_1,0,0.0,6.2,5.05,-2.3312,1.0,0.25
P9__P2__path_1,P9,P2,path_1,1,0.5,5.855,4.688,-2.3312,1.0,0.25
P9__P2__path_1,P9,P2,path_1,2,1.0,5.511,4.325,-2.3312,1.0,0.25
P9__P2__path_1,P9,P2,path_1,3,1.5,5.166,3.963,-2.3312,1.0,0.25
P9__P2__path_1,P9,P2,path_1,4,2.0,4.905,3.545,-1.998448,1.0,0.25
P9__P2__path_1,P9,P2,path_1,5,2.5,4.697,3.09,-1.998448,1.0,0.25
P9__P2__path_1,P9,P2,path_1,6,3.0,4.49,2.635,-1.998448,1.0,0.25
P9__P2__path_1,P9,P2,path_1,7,3.313,4.36,2.35,-1.998448,1.0,0.25
P9__P3__path_1,P9,P3,path_1,0,0.0,6.2,5.05,-2.527823,1.0,0.25
P9__P3__path_1,P9,P3,path_1,1,0.5,5.791,4.762,-2.527823,1.0,0.25
P9__P3__path_1,P9,P3,path_1,2,1.0,5.383,4.474,-2.527823,1.0,0.25
P9__P3__path_1,P9,P3,path_1,3,1.5,4.896,4.43,3.141593,1.0,0.25
P9__P3__path_1,P9,P3,path_1,4,2.0,4.396,4.43,3.141593,1.0,0.25
P9__P3__path_1,P9,P3,path_1,5,2.5,3.896,4.43,3.141593,1.0,0.25
P9__P3__path_1,P9,P3,path_1,6,3.0,3.772,4.86,1.704147,1.0,0.25
P9__P3__path_1,P9,P3,path_1,7,3.394,3.72,5.25,1.704147,1.0,0.25
P9__P4__path_1,P9,P4,path_1,0,0.0,6.2,5.05,-2.3312,1.0,0.25
P9__P4__path_1,P9,P4,path_1,1,0.5,5.855,4.688,-2.3312,1.0,0.25
P9__P4__path_1,P9,P4,path_1,2,1.0,5.511,4.325,-2.3312,1.0,0.25
P9__P4__path_1,P9,P4,path_1,3,1.5,5.166,3.963,-2.3312,1.0,0.25
P9__P4__path_1,P9,P4,path_1,4,2.0,5.03,3.518,-1.570796,1.0,0.25
P9__P4__path_1,P9,P4,path_1,5,2.5,5.03,3.018,-1.570796,1.0,0.25
P9__P4__path_1,P9,P4,path_1,6,3.0,5.035,2.518,-1.558139,1.0,0.25
P9__P4__path_1,P9,P4,path_1,7,3.5,5.042,2.018,-1.558139,1.0,0.25
P9__P4__path_1,P9,P4,path_1,8,4.0,5.048,1.518,-1.558139,1.0,0.25
P9__P4__path_1,P9,P4,path_1,9,4.168,5.05,1.35,-1.558139,1.0,0.25
P9__P5__path_1,P9,P5,path_1,0,0.0,6.2,5.05,-2.11892,1.0,0.25
P9__P5__path_1,P9,P5,path_1,1,0.5,5.939,4.623,-2.11892,1.0,0.25
P9__P5__path_1,P9,P5,path_1,2,1.0,5.679,4.196,-2.11892,1.0,0.25
P9__P5__path_1,P9,P5,path_1,3,1.113,5.62,4.1,-2.11892,1.0,0.25
P9__P6__path_1,P9,P6,path_1,0,0.0,6.2,5.05,1.300947,1.0,0.25
P9__P6__path_1,P9,P6,path_1,1,0.5,6.342,5.52,0.01818,1.0,0.25
P9__P6__path_1,P9,P6,path_1,2,1.0,6.842,5.529,0.01818,1.0,0.25
P9__P6__path_1,P9,P6,path_1,3,1.5,7.342,5.538,0.01818,1.0,0.25
P9__P6__path_1,P9,P6,path_1,4,2.0,7.842,5.547,0.01818,1.0,0.25
P9__P6__path_1,P9,P6,path_1,5,2.138,7.98,5.55,0.01818,1.0,0.25
P9__P7__path_1,P9,P7,path_1,0,0.0,6.2,5.05,-1.467561,1.0,0.25
P9__P7__path_1,P9,P7,path_1,1,0.5,6.252,4.553,-1.467561,1.0,0.25
P9__P7__path_1,P9,P7,path_1,2,1.0,6.303,4.055,-1.467561,1.0,0.25
P9__P7__path_1,P9,P7,path_1,3,1.5,6.355,3.558,-1.467561,1.0,0.25
P9__P7__path_1,P9,P7,path_1,4,2.0,6.406,3.061,-1.467561,1.0,0.25
P9__P7__path_1,P9,P7,path_1,5,2.5,6.557,2.594,-1.076855,1.0,0.25
P9__P7__path_1,P9,P7,path_1,6,3.0,6.787,2.15,-1.094491,1.0,0.25
P9__P7__path_1,P9,P7,path_1,7,3.5,7.016,1.705,-1.094491,1.0,0.25
P9__P7__path_1,P9,P7,path_1,8,4.0,7.245,1.261,-1.094491,1.0,0.25
P9__P7__path_1,P9,P7,path_1,9,4.294,7.38,1.0,-1.094491,1.0,0.25
P9__P8__path_1,P9,P8,path_1,0,0.0,6.2,5.05,-1.392165,1.0,0.25
P9__P8__path_1,P9,P8,path_1,1,0.5,6.289,4.558,-1.392165,1.0,0.25
P9__P8__path_1,P9,P8,path_1,2,1.0,6.569,4.208,-0.472243,1.0,0.25
P9__P8__path_1,P9,P8,path_1,3,1.5,7.014,3.98,-0.472243,1.0,0.25
P9__P8__path_1,P9,P8,path_1,4,2.0,7.46,3.753,-0.472243,1.0,0.25
P9__P8__path_1,P9,P8,path_1,5,2.5,7.893,3.505,-0.588003,1.0,0.25
P9__P8__path_1,P9,P8,path_1,6,3.0,8.309,3.228,-0.588003,1.0,0.25
P9__P8__path_1,P9,P8,path_1,7,3.5,8.639,2.896,-1.422636,1.0,0.25
P9__P8__path_1,P9,P8,path_1,8,4.0,8.712,2.401,-1.422636,1.0,0.25
P9__P8__path_1,P9,P8,path_1,9,4.052,8.72,2.35,-1.422636,1.0,0.25
P9__SORT1__path_1,P9,SORT1,path_1,0,0.0,6.2,5.05,-1.392165,1.0,0.25
P9__SORT1__path_1,P9,SORT1,path_1,1,0.5,6.289,4.558,-1.392165,1.0,0.25
P9__SORT1__path_1,P9,SORT1,path_1,2,1.0,6.569,4.208,-0.472243,1.0,0.25
P9__SORT1__path_1,P9,SORT1,path_1,3,1.5,7.014,3.98,-0.472243,1.0,0.25
P9__SORT1__path_1,P9,SORT1,path_1,4,2.0,7.46,3.753,-0.472243,1.0,0.25
P9__SORT1__path_1,P9,SORT1,path_1,5,2.5,7.893,3.505,-0.588003,1.0,0.25
P9__SORT1__path_1,P9,SORT1,path_1,6,3.0,8.309,3.228,-0.588003,1.0,0.25
P9__SORT1__path_1,P9,SORT1,path_1,7,3.5,8.719,2.942,-0.663556,1.0,0.25
P9__SORT1__path_1,P9,SORT1,path_1,8,4.0,9.113,2.635,-0.663556,1.0,0.25
P9__SORT1__path_1,P9,SORT1,path_1,9,4.5,9.507,2.327,-0.663556,1.0,0.25
P9__SORT1__path_1,P9,SORT1,path_1,10,4.77,9.72,2.16,-0.663556,1.0,0.25
P9__SORT2__path_1,P9,SORT2,path_1,0,0.0,6.2,5.05,-1.392165,1.0,0.25
P9__SORT2__path_1,P9,SORT2,path_1,1,0.5,6.289,4.558,-1.392165,1.0,0.25
P9__SORT2__path_1,P9,SORT2,path_1,2,1.0,6.598,4.311,-0.069367,1.0,0.25
P9__SORT2__path_1,P9,SORT2,path_1,3,1.5,7.097,4.277,-0.069367,1.0,0.25
P9__SORT2__path_1,P9,SORT2,path_1,4,2.0,7.595,4.242,-0.069367,1.0,0.25
P9__SORT2__path_1,P9,SORT2,path_1,5,2.5,8.094,4.207,-0.069367,1.0,0.25
P9__SORT2__path_1,P9,SORT2,path_1,6,3.0,8.593,4.173,-0.069367,1.0,0.25
P9__SORT2__path_1,P9,SORT2,path_1,7,3.5,9.092,4.138,-0.069367,1.0,0.25
P9__SORT2__path_1,P9,SORT2,path_1,8,4.0,9.59,4.103,-0.069367,1.0,0.25
P9__SORT2__path_1,P9,SORT2,path_1,9,4.5,10.089,4.069,-0.069367,1.0,0.25
P9__SORT2__path_1,P9,SORT2,path_1,10,4.771,10.36,4.05,-0.069367,1.0,0.25
P9__OUT1__path_1,P9,OUT1,path_1,0,0.0,6.2,5.05,-1.392165,1.0,0.25
P9__OUT1__path_1,P9,OUT1,path_1,1,0.5,6.289,4.558,-1.392165,1.0,0.25
P9__OUT1__path_1,P9,OUT1,path_1,2,1.0,6.578,4.228,-0.389897,1.0,0.25
P9__OUT1__path_1,P9,OUT1,path_1,3,1.5,7.041,4.038,-0.389897,1.0,0.25
P9__OUT1__path_1,P9,OUT1,path_1,4,2.0,7.503,3.848,-0.389897,1.0,0.25
P9__OUT1__path_1,P9,OUT1,path_1,5,2.5,7.966,3.658,-0.389897,1.0,0.25
P9__OUT1__path_1,P9,OUT1,path_1,6,3.0,8.428,3.468,-0.389897,1.0,0.25
P9__OUT1__path_1,P9,OUT1,path_1,7,3.5,8.891,3.278,-0.389897,1.0,0.25
P9__OUT1__path_1,P9,OUT1,path_1,8,4.0,9.353,3.088,-0.389897,1.0,0.25
P9__OUT1__path_1,P9,OUT1,path_1,9,4.5,9.816,2.898,-0.389897,1.0,0.25
P9__OUT1__path_1,P9,OUT1,path_1,10,5.0,10.278,2.708,-0.389897,1.0,0.25
P9__OUT1__path_1,P9,OUT1,path_1,11,5.5,10.74,2.518,-0.389897,1.0,0.25
P9__OUT1__path_1,P9,OUT1,path_1,12,6.0,11.203,2.328,-0.389897,1.0,0.25
P9__OUT1__path_1,P9,OUT1,path_1,13,6.5,11.665,2.137,-0.389897,1.0,0.25
P9__OUT1__path_1,P9,OUT1,path_1,14,6.862,12.0,2.0,-0.389897,1.0,0.25
P9__OUT2__path_1,P9,OUT2,path_1,0,0.0,6.2,5.05,-1.392165,1.0,0.25
P9__OUT2__path_1,P9,OUT2,path_1,1,0.5,6.289,4.558,-1.392165,1.0,0.25
P9__OUT2__path_1,P9,OUT2,path_1,2,1.0,6.598,4.314,-0.058135,1.0,0.25
P9__OUT2__path_1,P9,OUT2,path_1,3,1.5,7.097,4.285,-0.058135,1.0,0.25
P9__OUT2__path_1,P9,OUT2,path_1,4,2.0,7.596,4.256,-0.058135,1.0,0.25
P9__OUT2__path_1,P9,OUT2,path_1,5,2.5,8.095,4.227,-0.058135,1.0,0.25
P9__OUT2__path_1,P9,OUT2,path_1,6,3.0,8.595,4.198,-0.058135,1.0,0.25
P9__OUT2__path_1,P9,OUT2,path_1,7,3.5,9.094,4.169,-0.058135,1.0,0.25
P9__OUT2__path_1,P9,OUT2,path_1,8,4.0,9.593,4.14,-0.058135,1.0,0.25
P9__OUT2__path_1,P9,OUT2,path_1,9,4.5,10.092,4.111,-0.058135,1.0,0.25
P9__OUT2__path_1,P9,OUT2,path_1,10,5.0,10.591,4.082,-0.058135,1.0,0.25
P9__OUT2__path_1,P9,OUT2,path_1,11,5.5,11.09,4.053,-0.058135,1.0,0.25
P9__OUT2__path_1,P9,OUT2,path_1,12,6.0,11.589,4.024,-0.058135,1.0,0.25
P9__OUT2__path_1,P9,OUT2,path_1,13,6.411,12.0,4.0,-0.058135,1.0,0.25
P9__CHG1__path_1,P9,CHG1,path_1,0,0.0,6.2,5.05,-2.519435,1.0,0.25
P9__CHG1__path_1,P9,CHG1,path_1,1,0.5,5.794,4.759,-2.519435,1.0,0.25
P9__CHG1__path_1,P9,CHG1,path_1,2,1.0,5.387,4.467,-2.519435,1.0,0.25
P9__CHG1__path_1,P9,CHG1,path_1,3,1.5,4.981,4.176,-2.519435,1.0,0.25
P9__CHG1__path_1,P9,CHG1,path_1,4,2.0,4.575,3.884,-2.519435,1.0,0.25
P9__CHG1__path_1,P9,CHG1,path_1,5,2.5,4.168,3.593,-2.519435,1.0,0.25
P9__CHG1__path_1,P9,CHG1,path_1,6,3.0,3.762,3.302,-2.519435,1.0,0.25
P9__CHG1__path_1,P9,CHG1,path_1,7,3.5,3.356,3.01,-2.519435,1.0,0.25
P9__CHG1__path_1,P9,CHG1,path_1,8,4.0,3.021,2.646,-2.223007,1.0,0.25
P9__CHG1__path_1,P9,CHG1,path_1,9,4.5,2.717,2.248,-2.223007,1.0,0.25
P9__CHG1__path_1,P9,CHG1,path_1,10,5.0,2.414,1.851,-2.223007,1.0,0.25
P9__CHG1__path_1,P9,CHG1,path_1,11,5.5,2.11,1.454,-2.223007,1.0,0.25
P9__CHG1__path_1,P9,CHG1,path_1,12,6.0,1.807,1.056,-2.223007,1.0,0.25
P9__CHG1__path_1,P9,CHG1,path_1,13,6.5,1.503,0.659,-2.223007,1.0,0.25
P9__CHG1__path_1,P9,CHG1,path_1,14,7.0,1.2,0.261,-2.223007,1.0,0.25
P9__CHG1__path_1,P9,CHG1,path_1,15,7.329,1.0,0.0,-2.223007,1.0,0.25
P9__CHG2__path_1,P9,CHG2,path_1,0,0.0,6.2,5.05,-1.467561,1.0,0.25
P9__CHG2__path_1,P9,CHG2,path_1,1,0.5,6.252,4.553,-1.467561,1.0,0.25
P9__CHG2__path_1,P9,CHG2,path_1,2,1.0,6.303,4.055,-1.467561,1.0,0.25
P9__CHG2__path_1,P9,CHG2,path_1,3,1.5,6.355,3.558,-1.467561,1.0,0.25
P9__CHG2__path_1,P9,CHG2,path_1,4,2.0,6.406,3.061,-1.467561,1.0,0.25
P9__CHG2__path_1,P9,CHG2,path_1,5,2.5,6.557,2.594,-1.076855,1.0,0.25
P9__CHG2__path_1,P9,CHG2,path_1,6,3.0,6.789,2.151,-1.089909,1.0,0.25
P9__CHG2__path_1,P9,CHG2,path_1,7,3.5,7.02,1.708,-1.089909,1.0,0.25
P9__CHG2__path_1,P9,CHG2,path_1,8,4.0,7.251,1.264,-1.089909,1.0,0.25
P9__CHG2__path_1,P9,CHG2,path_1,9,4.5,7.483,0.821,-1.089909,1.0,0.25
P9__CHG2__path_1,P9,CHG2,path_1,10,5.0,7.886,0.553,-0.460923,1.0,0.25
P9__CHG2__path_1,P9,CHG2,path_1,11,5.5,8.334,0.331,-0.460923,1.0,0.25
P9__CHG2__path_1,P9,CHG2,path_1,12,6.0,8.782,0.108,-0.460923,1.0,0.25
P9__CHG2__path_1,P9,CHG2,path_1,13,6.244,9.0,0.0,-0.460923,1.0,0.25
SORT1__IN1__path_1,SORT1,IN1,path_1,0,0.0,9.72,2.16,-2.226492,1.0,0.25
SORT1__IN1__path_1,SORT1,IN1,path_1,1,0.5,9.415,1.764,-2.226492,1.0,0.25
SORT1__IN1__path_1,SORT1,IN1,path_1,2,1.0,9.11,1.367,-2.226492,1.0,0.25
SORT1__IN1__path_1,SORT1,IN1,path_1,3,1.5,8.805,0.971,-2.226492,1.0,0.25
SORT1__IN1__path_1,SORT1,IN1,path_1,4,2.0,8.425,0.716,-3.068552,1.0,0.25
SORT1__IN1__path_1,SORT1,IN1,path_1,5,2.5,7.926,0.679,-3.068552,1.0,0.25
SORT1__IN1__path_1,SORT1,IN1,path_1,6,3.0,7.427,0.643,-3.068552,1.0,0.25
SORT1__IN1__path_1,SORT1,IN1,path_1,7,3.5,6.929,0.606,-3.068552,1.0,0.25
SORT1__IN1__path_1,SORT1,IN1,path_1,8,4.0,6.43,0.577,-3.119374,1.0,0.25
SORT1__IN1__path_1,SORT1,IN1,path_1,9,4.5,5.93,0.566,-3.119374,1.0,0.25
SORT1__IN1__path_1,SORT1,IN1,path_1,10,5.0,5.43,0.555,-3.119374,1.0,0.25
SORT1__IN1__path_1,SORT1,IN1,path_1,11,5.5,4.93,0.544,-3.119374,1.0,0.25
SORT1__IN1__path_1,SORT1,IN1,path_1,12,6.0,4.43,0.532,-3.119374,1.0,0.25
SORT1__IN1__path_1,SORT1,IN1,path_1,13,6.5,3.93,0.53,3.141593,1.0,0.25
SORT1__IN1__path_1,SORT1,IN1,path_1,14,7.0,3.43,0.53,3.141593,1.0,0.25
SORT1__IN1__path_1,SORT1,IN1,path_1,15,7.5,2.933,0.573,2.997096,1.0,0.25
SORT1__IN1__path_1,SORT1,IN1,path_1,16,8.0,2.439,0.645,2.997096,1.0,0.25
SORT1__IN1__path_1,SORT1,IN1,path_1,17,8.5,1.944,0.717,2.997096,1.0,0.25
SORT1__IN1__path_1,SORT1,IN1,path_1,18,9.0,1.449,0.789,2.997096,1.0,0.25
SORT1__IN1__path_1,SORT1,IN1,path_1,19,9.5,0.954,0.861,2.997096,1.0,0.25
SORT1__IN1__path_1,SORT1,IN1,path_1,20,10.0,0.459,0.933,2.997096,1.0,0.25
SORT1__IN1__path_1,SORT1,IN1,path_1,21,10.464,0.0,1.0,2.997096,1.0,0.25
SORT1__IN2__path_1,SORT1,IN2,path_1,0,0.0,9.72,2.16,2.478037,1.0,0.25
SORT1__IN2__path_1,SORT1,IN2,path_1,1,0.5,9.326,2.468,2.478037,1.0,0.25
SORT1__IN2__path_1,SORT1,IN2,path_1,2,1.0,8.932,2.776,2.478037,1.0,0.25
SORT1__IN2__path_1,SORT1,IN2,path_1,3,1.5,8.534,3.078,2.55359,1.0,0.25
SORT1__IN2__path_1,SORT1,IN2,path_1,4,2.0,8.118,3.355,2.55359,1.0,0.25
SORT1__IN2__path_1,SORT1,IN2,path_1,5,2.5,7.698,3.624,2.964704,1.0,0.25
SORT1__IN2__path_1,SORT1,IN2,path_1,6,3.0,7.206,3.712,2.964704,1.0,0.25
SORT1__IN2__path_1,SORT1,IN2,path_1,7,3.5,6.714,3.8,2.964704,1.0,0.25
SORT1__IN2__path_1,SORT1,IN2,path_1,8,4.0,6.222,3.888,2.964704,1.0,0.25
SORT1__IN2__path_1,SORT1,IN2,path_1,9,4.5,5.729,3.976,2.964704,1.0,0.25
SORT1__IN2__path_1,SORT1,IN2,path_1,10,5.0,5.237,4.064,2.964704,1.0,0.25
SORT1__IN2__path_1,SORT1,IN2,path_1,11,5.5,4.745,4.152,2.964704,1.0,0.25
SORT1__IN2__path_1,SORT1,IN2,path_1,12,6.0,4.253,4.24,2.964704,1.0,0.25
SORT1__IN2__path_1,SORT1,IN2,path_1,13,6.5,3.761,4.328,2.964704,1.0,0.25
SORT1__IN2__path_1,SORT1,IN2,path_1,14,7.0,3.269,4.416,2.964704,1.0,0.25
SORT1__IN2__path_1,SORT1,IN2,path_1,15,7.5,2.776,4.504,2.964704,1.0,0.25
SORT1__IN2__path_1,SORT1,IN2,path_1,16,8.0,2.284,4.592,2.964704,1.0,0.25
SORT1__IN2__path_1,SORT1,IN2,path_1,17,8.5,1.792,4.68,2.964704,1.0,0.25
SORT1__IN2__path_1,SORT1,IN2,path_1,18,9.0,1.3,4.768,2.964704,1.0,0.25
SORT1__IN2__path_1,SORT1,IN2,path_1,19,9.5,0.808,4.856,2.964704,1.0,0.25
SORT1__IN2__path_1,SORT1,IN2,path_1,20,10.0,0.315,4.944,2.964704,1.0,0.25
SORT1__IN2__path_1,SORT1,IN2,path_1,21,10.32,0.0,5.0,2.964704,1.0,0.25
SORT1__P1__path_1,SORT1,P1,path_1,0,0.0,9.72,2.16,-2.226492,1.0,0.25
SORT1__P1__path_1,SORT1,P1,path_1,1,0.5,9.415,1.764,-2.226492,1.0,0.25
SORT1__P1__path_1,SORT1,P1,path_1,2,1.0,9.11,1.367,-2.226492,1.0,0.25
SORT1__P1__path_1,SORT1,P1,path_1,3,1.5,8.805,0.971,-2.226492,1.0,0.25
SORT1__P1__path_1,SORT1,P1,path_1,4,2.0,8.425,0.716,-3.068552,1.0,0.25
SORT1__P1__path_1,SORT1,P1,path_1,5,2.5,7.926,0.679,-3.068552,1.0,0.25
SORT1__P1__path_1,SORT1,P1,path_1,6,3.0,7.427,0.643,-3.068552,1.0,0.25
SORT1__P1__path_1,SORT1,P1,path_1,7,3.5,6.929,0.606,-3.068552,1.0,0.25
SORT1__P1__path_1,SORT1,P1,path_1,8,4.0,6.43,0.577,-3.119374,1.0,0.25
SORT1__P1__path_1,SORT1,P1,path_1,9,4.5,5.93,0.566,-3.119374,1.0,0.25
SORT1__P1__path_1,SORT1,P1,path_1,10,5.0,5.43,0.555,-3.119374,1.0,0.25
SORT1__P1__path_1,SORT1,P1,path_1,11,5.5,4.93,0.544,-3.119374,1.0,0.25
SORT1__P1__path_1,SORT1,P1,path_1,12,6.0,4.43,0.532,-3.119374,1.0,0.25
SORT1__P1__path_1,SORT1,P1,path_1,13,6.5,3.93,0.53,3.141593,1.0,0.25
SORT1__P1__path_1,SORT1,P1,path_1,14,7.0,3.43,0.53,3.141593,1.0,0.25
SORT1__P1__path_1,SORT1,P1,path_1,15,7.5,3.154,0.82,1.826948,1.0,0.25
SORT1__P1__path_1,SORT1,P1,path_1,16,7.634,3.12,0.95,1.826948,1.0,0.25
SORT1__P2__path_1,SORT1,P2,path_1,0,0.0,9.72,2.16,2.478037,1.0,0.25
SORT1__P2__path_1,SORT1,P2,path_1,1,0.5,9.326,2.468,2.478037,1.0,0.25
SORT1__P2__path_1,SORT1,P2,path_1,2,1.0,8.932,2.776,2.478037,1.0,0.25
SORT1__P2__path_1,SORT1,P2,path_1,3,1.5,8.534,3.078,2.55359,1.0,0.25
SORT1__P2__path_1,SORT1,P2,path_1,4,2.0,8.118,3.355,2.55359,1.0,0.25
SORT1__P2__path_1,SORT1,P2,path_1,5,2.5,7.698,3.623,2.999696,1.0,0.25
SORT1__P2__path_1,SORT1,P2,path_1,6,3.0,7.203,3.694,2.999696,1.0,0.25
SORT1__P2__path_1,SORT1,P2,path_1,7,3.5,6.708,3.765,2.999696,1.0,0.25
SORT1__P2__path_1,SORT1,P2,path_1,8,4.0,6.212,3.82,3.141593,1.0,0.25
SORT1__P2__path_1,SORT1,P2,path_1,9,4.5,5.712,3.82,3.141593,1.0,0.25
SORT1__P2__path_1,SORT1,P2,path_1,10,5.0,5.212,3.82,3.141593,1.0,0.25
SORT1__P2__path_1,SORT1,P2,path_1,11,5.5,4.898,3.531,-1.998448,1.0,0.25
SORT1__P2__path_1,SORT1,P2,path_1,12,6.0,4.691,3.076,-1.998448,1.0,0.25
SORT1__P2__path_1,SORT1,P2,path_1,13,6.5,4.483,2.621,-1.998448,1.0,0.25
SORT1__P2__path_1,SORT1,P2,path_1,14,6.798,4.36,2.35,-1.998448,1.0,0.25
SORT1__P3__path_1,SORT1,P3,path_1,0,0.0,9.72,2.16,2.478037,1.0,0.25
SORT1__P3__path_1,SORT1,P3,path_1,1,0.5,9.326,2.468,2.478037,1.0,0.25
SORT1__P3__path_1,SORT1,P3,path_1,2,1.0,8.932,2.776,2.478037,1.0,0.25
SORT1__P3__path_1,SORT1,P3,path_1,3,1.5,8.534,3.078,2.55359,1.0,0.25
SORT1__P3__path_1,SORT1,P3,path_1,4,2.0,8.118,3.355,2.55359,1.0,0.25
SORT1__P3__path_1,SORT1,P3,path_1,5,2.5,7.698,3.624,2.9363,1.0,0.25
SORT1__P3__path_1,SORT1,P3,path_1,6,3.0,7.209,3.726,2.9363,1.0,0.25
SORT1__P3__path_1,SORT1,P3,path_1,7,3.5,6.719,3.828,2.9363,1.0,0.25
SORT1__P3__path_1,SORT1,P3,path_1,8,4.0,6.23,3.93,2.9363,1.0,0.25
SORT1__P3__path_1,SORT1,P3,path_1,9,4.5,5.74,4.032,2.9363,1.0,0.25
SORT1__P3__path_1,SORT1,P3,path_1,10,5.0,5.251,4.134,2.9363,1.0,0.25
SORT1__P3__path_1,SORT1,P3,path_1,11,5.5,4.761,4.236,2.9363,1.0,0.25
SORT1__P3__path_1,SORT1,P3,path_1,12,6.0,4.272,4.338,2.9363,1.0,0.25
SORT1__P3__path_1,SORT1,P3,path_1,13,6.5,3.824,4.478,1.704147,1.0,0.25
SORT1__P3__path_1,SORT1,P3,path_1,14,7.0,3.757,4.974,1.704147,1.0,0.25
SORT1__P3__path_1,SORT1,P3,path_1,15,7.279,3.72,5.25,1.704147,1.0,0.25
SORT1__P4__path_1,SORT1,P4,path_1,0,0.0,9.72,2.16,-2.226492,1.0,0.25
SORT1__P4__path_1,SORT1,P4,path_1,1,0.5,9.415,1.764,-2.226492,1.0,0.25
SORT1__P4__path_1,SORT1,P4,path_1,2,1.0,9.11,1.367,-2.226492,1.0,0.25
SORT1__P4__path_1,SORT1,P4,path_1,3,1.5,8.805,0.971,-2.226492,1.0,0.25
SORT1__P4__path_1,SORT1,P4,path_1,4,2.0,8.425,0.716,-3.068552,1.0,0.25
SORT1__P4__path_1,SORT1,P4,path_1,5,2.5,7.926,0.679,-3.068552,1.0,0.25
SORT1__P4__path_1,SORT1,P4,path_1,6,3.0,7.427,0.643,-3.068552,1.0,0.25
SORT1__P4__path_1,SORT1,P4,path_1,7,3.5,6.929,0.606,-3.068552,1.0,0.25
SORT1__P4__path_1,SORT1,P4,path_1,8,4.0,6.43,0.58,3.141593,1.0,0.25
SORT1__P4__path_1,SORT1,P4,path_1,9,4.5,5.93,0.58,3.141593,1.0,0.25
SORT1__P4__path_1,SORT1,P4,path_1,10,5.0,5.43,0.58,3.141593,1.0,0.25
SORT1__P4__path_1,SORT1,P4,path_1,11,5.5,5.162,0.872,1.800439,1.0,0.25
SORT1__P4__path_1,SORT1,P4,path_1,12,5.99,5.05,1.35,1.800439,1.0,0.25
SORT1__P5__path_1,SORT1,P5,path_1,0,0.0,9.72,2.16,2.478037,1.0,0.25
SORT1__P5__path_1,SORT1,P5,path_1,1,0.5,9.326,2.468,2.478037,1.0,0.25
SORT1__P5__path_1,SORT1,P5,path_1,2,1.0,8.932,2.776,2.478037,1.0,0.25
SORT1__P5__path_1,SORT1,P5,path_1,3,1.5,8.534,3.078,2.55359,1.0,0.25
SORT1__P5__path_1,SORT1,P5,path_1,4,2.0,8.118,3.355,2.55359,1.0,0.25
SORT1__P5__path_1,SORT1,P5,path_1,5,2.5,7.699,3.625,2.916881,1.0,0.25
SORT1__P5__path_1,SORT1,P5,path_1,6,3.0,7.211,3.736,2.916881,1.0,0.25
SORT1__P5__path_1,SORT1,P5,path_1,7,3.5,6.724,3.848,2.916881,1.0,0.25
SORT1__P5__path_1,SORT1,P5,path_1,8,4.0,6.236,3.959,2.916881,1.0,0.25
SORT1__P5__path_1,SORT1,P5,path_1,9,4.5,5.749,4.071,2.916881,1.0,0.25
SORT1__P5__path_1,SORT1,P5,path_1,10,4.632,5.62,4.1,2.916881,1.0,0.25
SORT1__P6__path_1,SORT1,P6,path_1,0,0.0,9.72,2.16,2.039194,1.0,0.25
SORT1__P6__path_1,SORT1,P6,path_1,1,0.5,9.494,2.606,2.039194,1.0,0.25
SORT1__P6__path_1,SORT1,P6,path_1,2,1.0,9.269,3.052,2.039194,1.0,0.25
SORT1__P6__path_1,SORT1,P6,path_1,3,1.5,9.043,3.498,2.039194,1.0,0.25
SORT1__P6__path_1,SORT1,P6,path_1,4,2.0,8.817,3.945,2.039194,1.0,0.25
SORT1__P6__path_1,SORT1,P6,path_1,5,2.5,8.591,4.391,2.039194,1.0,0.25
SORT1__P6__path_1,SORT1,P6,path_1,6,3.0,8.366,4.837,2.039194,1.0,0.25
SORT1__P6__path_1,SORT1,P6,path_1,7,3.5,8.14,5.283,2.039194,1.0,0.25
SORT1__P6__path_1,SORT1,P6,path_1,8,3.816,7.98,5.55,2.039194,1.0,0.25
SORT1__P7__path_1,SORT1,P7,path_1,0,0.0,9.72,2.16,-2.226492,1.0,0.25
SORT1__P7__path_1,SORT1,P7,path_1,1,0.5,9.415,1.764,-2.226492,1.0,0.25
SORT1__P7__path_1,SORT1,P7,path_1,2,1.0,9.11,1.367,-2.226492,1.0,0.25
SORT1__P7__path_1,SORT1,P7,path_1,3,1.5,8.805,0.971,-2.226492,1.0,0.25
SORT1__P7__path_1,SORT1,P7,path_1,4,2.0,8.424,0.73,3.141593,1.0,0.25
SORT1__P7__path_1,SORT1,P7,path_1,5,2.5,7.924,0.73,3.141593,1.0,0.25
SORT1__P7__path_1,SORT1,P7,path_1,6,3.0,7.479,0.823,2.077895,1.0,0.25
SORT1__P7__path_1,SORT1,P7,path_1,7,3.203,7.38,1.0,2.077895,1.0,0.25
SORT1__P8__path_1,SORT1,P8,path_1,0,0.0,9.72,2.16,2.953831,1.0,0.25
SORT1__P8__path_1,SORT1,P8,path_1,1,0.5,9.229,2.253,2.953831,1.0,0.25
SORT1__P8__path_1,SORT1,P8,path_1,2,1.0,8.738,2.347,2.953831,1.0,0.25
SORT1__P8__path_1,SORT1,P8,path_1,3,1.018,8.72,2.35,2.953831,1.0,0.25
SORT1__P9__path_1,SORT1,P9,path_1,0,0.0,9.72,2.16,2.478037,1.0,0.25
SORT1__P9__path_1,SORT1,P9,path_1,1,0.5,9.326,2.468,2.478037,1.0,0.25
SORT1__P9__path_1,SORT1,P9,path_1,2,1.0,8.932,2.776,2.478037,1.0,0.25
SORT1__P9__path_1,SORT1,P9,path_1,3,1.5,8.534,3.078,2.55359,1.0,0.25
SORT1__P9__path_1,SORT1,P9,path_1,4,2.0,8.118,3.355,2.55359,1.0,0.25
SORT1__P9__path_1,SORT1,P9,path_1,5,2.5,7.7,3.63,2.669349,1.0,0.25
SORT1__P9__path_1,SORT1,P9,path_1,6,3.0,7.255,3.857,2.669349,1.0,0.25
SORT1__P9__path_1,SORT1,P9,path_1,7,3.5,6.81,4.085,2.669349,1.0,0.25
SORT1__P9__path_1,SORT1,P9,path_1,8,4.0,6.365,4.312,2.669349,1.0,0.25
SORT1__P9__path_1,SORT1,P9,path_1,9,4.5,6.248,4.784,1.749427,1.0,0.25
SORT1__P9__path_1,SORT1,P9,path_1,10,4.77,6.2,5.05,1.749427,1.0,0.25
SORT1__SORT2__path_1,SORT1,SORT2,path_1,0,0.0,9.72,2.16,1.244291,1.0,0.25
SORT1__SORT2__path_1,SORT1,SORT2,path_1,1,0.5,9.88,2.634,1.244291,1.0,0.25
SORT1__SORT2__path_1,SORT1,SORT2,path_1,2,1.0,10.041,3.107,1.244291,1.0,0.25
SORT1__SORT2__path_1,SORT1,SORT2,path_1,3,1.5,10.201,3.581,1.244291,1.0,0.25
SORT1__SORT2__path_1,SORT1,SORT2,path_1,4,1.995,10.36,4.05,1.244291,1.0,0.25
SORT1__OUT1__path_1,SORT1,OUT1,path_1,0,0.0,9.72,2.16,-0.070061,1.0,0.25
SORT1__OUT1__path_1,SORT1,OUT1,path_1,1,0.5,10.219,2.125,-0.070061,1.0,0.25
SORT1__OUT1__path_1,SORT1,OUT1,path_1,2,1.0,10.718,2.09,-0.070061,1.0,0.25
SORT1__OUT1__path_1,SORT1,OUT1,path_1,3,1.5,11.216,2.055,-0.070061,1.0,0.25
SORT1__OUT1__path_1,SORT1,OUT1,path_1,4,2.0,11.715,2.02,-0.070061,1.0,0.25
SORT1__OUT1__path_1,SORT1,OUT1,path_1,5,2.286,12.0,2.0,-0.070061,1.0,0.25
SORT1__OUT2__path_1,SORT1,OUT2,path_1,0,0.0,9.72,2.16,0.679005,1.0,0.25
SORT1__OUT2__path_1,SORT1,OUT2,path_1,1,0.5,10.109,2.474,0.679005,1.0,0.25
SORT1__OUT2__path_1,SORT1,OUT2,path_1,2,1.0,10.498,2.788,0.679005,1.0,0.25
SORT1__OUT2__path_1,SORT1,OUT2,path_1,3,1.5,10.887,3.102,0.679005,1.0,0.25
SORT1__OUT2__path_1,SORT1,OUT2,path_1,4,2.0,11.276,3.416,0.679005,1.0,0.25
SORT1__OUT2__path_1,SORT1,OUT2,path_1,5,2.5,11.665,3.73,0.679005,1.0,0.25
SORT1__OUT2__path_1,SORT1,OUT2,path_1,6,2.93,12.0,4.0,0.679005,1.0,0.25
SORT1__CHG1__path_1,SORT1,CHG1,path_1,0,0.0,9.72,2.16,-2.226492,1.0,0.25
SORT1__CHG1__path_1,SORT1,CHG1,path_1,1,0.5,9.415,1.764,-2.226492,1.0,0.25
SORT1__CHG1__path_1,SORT1,CHG1,path_1,2,1.0,9.11,1.367,-2.226492,1.0,0.25
SORT1__CHG1__path_1,SORT1,CHG1,path_1,3,1.5,8.805,0.971,-2.226492,1.0,0.25
SORT1__CHG1__path_1,SORT1,CHG1,path_1,4,2.0,8.425,0.711,-3.046084,1.0,0.25
SORT1__CHG1__path_1,SORT1,CHG1,path_1,5,2.5,7.927,0.664,-3.046084,1.0,0.25
SORT1__CHG1__path_1,SORT1,CHG1,path_1,6,3.0,7.43,0.616,-3.046084,1.0,0.25
SORT1__CHG1__path_1,SORT1,CHG1,path_1,7,3.5,6.932,0.568,-3.046084,1.0,0.25
SORT1__CHG1__path_1,SORT1,CHG1,path_1,8,4.0,6.434,0.521,-3.046084,1.0,0.25
SORT1__CHG1__path_1,SORT1,CHG1,path_1,9,4.5,5.936,0.473,-3.046084,1.0,0.25
SORT1__CHG1__path_1,SORT1,CHG1,path_1,10,5.0,5.439,0.425,-3.046084,1.0,0.25
SORT1__CHG1__path_1,SORT1,CHG1,path_1,11,5.5,4.941,0.378,-3.046084,1.0,0.25
SORT1__CHG1__path_1,SORT1,CHG1,path_1,12,6.0,4.443,0.33,-3.046084,1.0,0.25
SORT1__CHG1__path_1,SORT1,CHG1,path_1,13,6.5,3.946,0.282,-3.046084,1.0,0.25
SORT1__CHG1__path_1,SORT1,CHG1,path_1,14,7.0,3.448,0.235,-3.046084,1.0,0.25
SORT1__CHG1__path_1,SORT1,CHG1,path_1,15,7.5,2.95,0.187,-3.046084,1.0,0.25
SORT1__CHG1__path_1,SORT1,CHG1,path_1,16,8.0,2.452,0.139,-3.046084,1.0,0.25
SORT1__CHG1__path_1,SORT1,CHG1,path_1,17,8.5,1.955,0.091,-3.046084,1.0,0.25
SORT1__CHG1__path_1,SORT1,CHG1,path_1,18,9.0,1.457,0.044,-3.046084,1.0,0.25
SORT1__CHG1__path_1,SORT1,CHG1,path_1,19,9.459,1.0,0.0,-3.046084,1.0,0.25
SORT1__CHG2__path_1,SORT1,CHG2,path_1,0,0.0,9.72,2.16,-1.892547,1.0,0.25
SORT1__CHG2__path_1,SORT1,CHG2,path_1,1,0.5,9.562,1.686,-1.892547,1.0,0.25
SORT1__CHG2__path_1,SORT1,CHG2,path_1,2,1.0,9.404,1.211,-1.892547,1.0,0.25
SORT1__CHG2__path_1,SORT1,CHG2,path_1,3,1.5,9.246,0.737,-1.892547,1.0,0.25
SORT1__CHG2__path_1,SORT1,CHG2,path_1,4,2.0,9.088,0.263,-1.892547,1.0,0.25
SORT1__CHG2__path_1,SORT1,CHG2,path_1,5,2.277,9.0,0.0,-1.892547,1.0,0.25
SORT2__IN1__path_1,SORT2,IN1,path_1,0,0.0,10.36,4.05,-3.098467,1.0,0.25
SORT2__IN1__path_1,SORT2,IN1,path_1,1,0.5,9.86,4.028,-3.098467,1.0,0.25
SORT2__IN1__path_1,SORT2,IN1,path_1,2,1.0,9.361,4.007,-3.098467,1.0,0.25
SORT2__IN1__path_1,SORT2,IN1,path_1,3,1.5,8.861,3.985,-3.098467,1.0,0.25
SORT2__IN1__path_1,SORT2,IN1,path_1,4,2.0,8.362,3.964,-3.098467,1.0,0.25
SORT2__IN1__path_1,SORT2,IN1,path_1,5,2.5,7.862,3.942,-3.098467,1.0,0.25
SORT2__IN1__path_1,SORT2,IN1,path_1,6,3.0,7.363,3.921,-3.098467,1.0,0.25
SORT2__IN1__path_1,SORT2,IN1,path_1,7,3.5,6.863,3.899,-3.098467,1.0,0.25
SORT2__IN1__path_1,SORT2,IN1,path_1,8,4.0,6.364,3.878,-3.098467,1.0,0.25
SORT2__IN1__path_1,SORT2,IN1,path_1,9,4.5,5.864,3.856,-3.098467,1.0,0.25
SORT2__IN1__path_1,SORT2,IN1,path_1,10,5.0,5.365,3.834,-3.098467,1.0,0.25
SORT2__IN1__path_1,SORT2,IN1,path_1,11,5.5,4.882,3.746,-2.677945,1.0,0.25
SORT2__IN1__path_1,SORT2,IN1,path_1,12,6.0,4.435,3.523,-2.677945,1.0,0.25
SORT2__IN1__path_1,SORT2,IN1,path_1,13,6.5,3.988,3.299,-2.677945,1.0,0.25
SORT2__IN1__path_1,SORT2,IN1,path_1,14,7.0,3.541,3.075,-2.677945,1.0,0.25
SORT2__IN1__path_1,SORT2,IN1,path_1,15,7.5,3.099,2.842,-2.605281,1.0,0.25
SORT2__IN1__path_1,SORT2,IN1,path_1,16,8.0,2.669,2.587,-2.605281,1.0,0.25
SORT2__IN1__path_1,SORT2,IN1,path_1,17,8.5,2.239,2.331,-2.605281,1.0,0.25
SORT2__IN1__path_1,SORT2,IN1,path_1,18,9.0,1.809,2.076,-2.605281,1.0,0.25
SORT2__IN1__path_1,SORT2,IN1,path_1,19,9.5,1.38,1.82,-2.605281,1.0,0.25
SORT2__IN1__path_1,SORT2,IN1,path_1,20,10.0,0.95,1.565,-2.605281,1.0,0.25
SORT2__IN1__path_1,SORT2,IN1,path_1,21,10.5,0.52,1.309,-2.605281,1.0,0.25
SORT2__IN1__path_1,SORT2,IN1,path_1,22,11.0,0.09,1.054,-2.605281,1.0,0.25
SORT2__IN1__path_1,SORT2,IN1,path_1,23,11.105,0.0,1.0,-2.605281,1.0,0.25
SORT2__IN2__path_1,SORT2,IN2,path_1,0,0.0,10.36,4.05,3.083465,1.0,0.25
SORT2__IN2__path_1,SORT2,IN2,path_1,1,0.5,9.861,4.079,3.083465,1.0,0.25
SORT2__IN2__path_1,SORT2,IN2,path_1,2,1.0,9.362,4.108,3.083465,1.0,0.25
SORT2__IN2__path_1,SORT2,IN2,path_1,3,1.5,8.863,4.137,3.083465,1.0,0.25
SORT2__IN2__path_1,SORT2,IN2,path_1,4,2.0,8.363,4.166,3.083465,1.0,0.25
SORT2__IN2__path_1,SORT2,IN2,path_1,5,2.5,7.864,4.195,3.083465,1.0,0.25
SORT2__IN2__path_1,SORT2,IN2,path_1,6,3.0,7.365,4.224,3.083465,1.0,0.25
SORT2__IN2__path_1,SORT2,IN2,path_1,7,3.5,6.866,4.253,3.083465,1.0,0.25
SORT2__IN2__path_1,SORT2,IN2,path_1,8,4.0,6.367,4.282,3.083465,1.0,0.25
SORT2__IN2__path_1,SORT2,IN2,path_1,9,4.5,5.868,4.311,3.083465,1.0,0.25
SORT2__IN2__path_1,SORT2,IN2,path_1,10,5.0,5.368,4.34,3.083465,1.0,0.25
SORT2__IN2__path_1,SORT2,IN2,path_1,11,5.5,4.869,4.37,3.083465,1.0,0.25
SORT2__IN2__path_1,SORT2,IN2,path_1,12,6.0,4.37,4.399,3.083465,1.0,0.25
SORT2__IN2__path_1,SORT2,IN2,path_1,13,6.5,3.871,4.428,3.083465,1.0,0.25
SORT2__IN2__path_1,SORT2,IN2,path_1,14,7.0,3.376,4.498,2.993852,1.0,0.25
SORT2__IN2__path_1,SORT2,IN2,path_1,15,7.5,2.881,4.571,2.993852,1.0,0.25
SORT2__IN2__path_1,SORT2,IN2,path_1,16,8.0,2.387,4.645,2.993852,1.0,0.25
SORT2__IN2__path_1,SORT2,IN2,path_1,17,8.5,1.892,4.718,2.993852,1.0,0.25
SORT2__IN2__path_1,SORT2,IN2,path_1,18,9.0,1.398,4.792,2.993852,1.0,0.25
SORT2__IN2__path_1,SORT2,IN2,path_1,19,9.5,0.903,4.866,2.993852,1.0,0.25
SORT2__IN2__path_1,SORT2,IN2,path_1,20,10.0,0.409,4.939,2.993852,1.0,0.25
SORT2__IN2__path_1,SORT2,IN2,path_1,21,10.413,0.0,5.0,2.993852,1.0,0.25
SORT2__P1__path_1,SORT2,P1,path_1,0,0.0,10.36,4.05,-3.098467,1.0,0.25
SORT2__P1__path_1,SORT2,P1,path_1,1,0.5,9.86,4.028,-3.098467,1.0,0.25
SORT2__P1__path_1,SORT2,P1,path_1,2,1.0,9.361,4.007,-3.098467,1.0,0.25
SORT2__P1__path_1,SORT2,P1,path_1,3,1.5,8.861,3.985,-3.098467,1.0,0.25
SORT2__P1__path_1,SORT2,P1,path_1,4,2.0,8.362,3.964,-3.098467,1.0,0.25
SORT2__P1__path_1,SORT2,P1,path_1,5,2.5,7.862,3.942,-3.098467,1.0,0.25
SORT2__P1__path_1,SORT2,P1,path_1,6,3.0,7.363,3.921,-3.098467,1.0,0.25
SORT2__P1__path_1,SORT2,P1,path_1,7,3.5,6.863,3.899,-3.098467,1.0,0.25
SORT2__P1__path_1,SORT2,P1,path_1,8,4.0,6.364,3.878,-3.098467,1.0,0.25
SORT2__P1__path_1,SORT2,P1,path_1,9,4.5,5.864,3.856,-3.098467,1.0,0.25
SORT2__P1__path_1,SORT2,P1,path_1,10,5.0,5.365,3.834,-3.098467,1.0,0.25
SORT2__P1__path_1,SORT2,P1,path_1,11,5.5,4.882,3.746,-2.677945,1.0,0.25
SORT2__P1__path_1,SORT2,P1,path_1,12,6.0,4.435,3.523,-2.677945,1.0,0.25
SORT2__P1__path_1,SORT2,P1,path_1,13,6.5,3.988,3.299,-2.677945,1.0,0.25
SORT2__P1__path_1,SORT2,P1,path_1,14,7.0,3.541,3.075,-2.677945,1.0,0.25
SORT2__P1__path_1,SORT2,P1,path_1,15,7.5,3.221,2.768,-1.626576,1.0,0.25
SORT2__P1__path_1,SORT2,P1,path_1,16,8.0,3.194,2.268,-1.626576,1.0,0.25
SORT2__P1__path_1,SORT2,P1,path_1,17,8.5,3.166,1.769,-1.626576,1.0,0.25
SORT2__P1__path_1,SORT2,P1,path_1,18,9.0,3.138,1.27,-1.626576,1.0,0.25
SORT2__P1__path_1,SORT2,P1,path_1,19,9.32,3.12,0.95,-1.626576,1.0,0.25
SORT2__P2__path_1,SORT2,P2,path_1,0,0.0,10.36,4.05,-3.098467,1.0,0.25
SORT2__P2__path_1,SORT2,P2,path_1,1,0.5,9.86,4.028,-3.098467,1.0,0.25
SORT2__P2__path_1,SORT2,P2,path_1,2,1.0,9.361,4.007,-3.098467,1.0,0.25
SORT2__P2__path_1,SORT2,P2,path_1,3,1.5,8.861,3.985,-3.098467,1.0,0.25
SORT2__P2__path_1,SORT2,P2,path_1,4,2.0,8.362,3.964,-3.098467,1.0,0.25
SORT2__P2__path_1,SORT2,P2,path_1,5,2.5,7.862,3.942,-3.098467,1.0,0.25
SORT2__P2__path_1,SORT2,P2,path_1,6,3.0,7.363,3.921,-3.098467,1.0,0.25
SORT2__P2__path_1,SORT2,P2,path_1,7,3.5,6.863,3.899,-3.098467,1.0,0.25
SORT2__P2__path_1,SORT2,P2,path_1,8,4.0,6.364,3.878,-3.098467,1.0,0.25
SORT2__P2__path_1,SORT2,P2,path_1,9,4.5,5.864,3.856,-3.098467,1.0,0.25
SORT2__P2__path_1,SORT2,P2,path_1,10,5.0,5.365,3.834,-3.098467,1.0,0.25
SORT2__P2__path_1,SORT2,P2,path_1,11,5.5,4.962,3.67,-1.998448,1.0,0.25
SORT2__P2__path_1,SORT2,P2,path_1,12,6.0,4.754,3.215,-1.998448,1.0,0.25
SORT2__P2__path_1,SORT2,P2,path_1,13,6.5,4.547,2.76,-1.998448,1.0,0.25
SORT2__P2__path_1,SORT2,P2,path_1,14,6.95,4.36,2.35,-1.998448,1.0,0.25
SORT2__P3__path_1,SORT2,P3,path_1,0,0.0,10.36,4.05,3.083465,1.0,0.25
SORT2__P3__path_1,SORT2,P3,path_1,1,0.5,9.861,4.079,3.083465,1.0,0.25
SORT2__P3__path_1,SORT2,P3,path_1,2,1.0,9.362,4.108,3.083465,1.0,0.25
SORT2__P3__path_1,SORT2,P3,path_1,3,1.5,8.863,4.137,3.083465,1.0,0.25
SORT2__P3__path_1,SORT2,P3,path_1,4,2.0,8.363,4.166,3.083465,1.0,0.25
SORT2__P3__path_1,SORT2,P3,path_1,5,2.5,7.864,4.195,3.083465,1.0,0.25
SORT2__P3__path_1,SORT2,P3,path_1,6,3.0,7.365,4.224,3.083465,1.0,0.25
SORT2__P3__path_1,SORT2,P3,path_1,7,3.5,6.866,4.253,3.083465,1.0,0.25
SORT2__P3__path_1,SORT2,P3,path_1,8,4.0,6.367,4.282,3.083465,1.0,0.25
SORT2__P3__path_1,SORT2,P3,path_1,9,4.5,5.868,4.311,3.083465,1.0,0.25
SORT2__P3__path_1,SORT2,P3,path_1,10,5.0,5.368,4.34,3.083465,1.0,0.25
SORT2__P3__path_1,SORT2,P3,path_1,11,5.5,4.869,4.37,3.083465,1.0,0.25
SORT2__P3__path_1,SORT2,P3,path_1,12,6.0,4.37,4.399,3.083465,1.0,0.25
SORT2__P3__path_1,SORT2,P3,path_1,13,6.5,3.871,4.428,3.083465,1.0,0.25
SORT2__P3__path_1,SORT2,P3,path_1,14,7.0,3.769,4.885,1.704147,1.0,0.25
SORT2__P3__path_1,SORT2,P3,path_1,15,7.368,3.72,5.25,1.704147,1.0,0.25
SORT2__P4__path_1,SORT2,P4,path_1,0,0.0,10.36,4.05,-3.098467,1.0,0.25
SORT2__P4__path_1,SORT2,P4,path_1,1,0.5,9.86,4.028,-3.098467,1.0,0.25
SORT2__P4__path_1,SORT2,P4,path_1,2,1.0,9.361,4.007,-3.098467,1.0,0.25
SORT2__P4__path_1,SORT2,P4,path_1,3,1.5,8.861,3.985,-3.098467,1.0,0.25
SORT2__P4__path_1,SORT2,P4,path_1,4,2.0,8.362,3.964,-3.098467,1.0,0.25
SORT2__P4__path_1,SORT2,P4,path_1,5,2.5,7.862,3.942,-3.098467,1.0,0.25
SORT2__P4__path_1,SORT2,P4,path_1,6,3.0,7.363,3.921,-3.098467,1.0,0.25
SORT2__P4__path_1,SORT2,P4,path_1,7,3.5,6.863,3.899,-3.098467,1.0,0.25
SORT2__P4__path_1,SORT2,P4,path_1,8,4.0,6.364,3.878,-3.098467,1.0,0.25
SORT2__P4__path_1,SORT2,P4,path_1,9,4.5,5.864,3.856,-3.098467,1.0,0.25
SORT2__P4__path_1,SORT2,P4,path_1,10,5.0,5.365,3.834,-3.098467,1.0,0.25
SORT2__P4__path_1,SORT2,P4,path_1,11,5.5,5.03,3.655,-1.570796,1.0,0.25
SORT2__P4__path_1,SORT2,P4,path_1,12,6.0,5.03,3.155,-1.570796,1.0,0.25
SORT2__P4__path_1,SORT2,P4,path_1,13,6.5,5.033,2.655,-1.558139,1.0,0.25
SORT2__P4__path_1,SORT2,P4,path_1,14,7.0,5.04,2.155,-1.558139,1.0,0.25
SORT2__P4__path_1,SORT2,P4,path_1,15,7.5,5.046,1.655,-1.558139,1.0,0.25
SORT2__P4__path_1,SORT2,P4,path_1,16,7.805,5.05,1.35,-1.558139,1.0,0.25
SORT2__P5__path_1,SORT2,P5,path_1,0,0.0,10.36,4.05,3.131045,1.0,0.25
SORT2__P5__path_1,SORT2,P5,path_1,1,0.5,9.86,4.055,3.131045,1.0,0.25
SORT2__P5__path_1,SORT2,P5,path_1,2,1.0,9.36,4.061,3.131045,1.0,0.25
SORT2__P5__path_1,SORT2,P5,path_1,3,1.5,8.86,4.066,3.131045,1.0,0.25
SORT2__P5__path_1,SORT2,P5,path_1,4,2.0,8.36,4.071,3.131045,1.0,0.25
SORT2__P5__path_1,SORT2,P5,path_1,5,2.5,7.86,4.076,3.131045,1.0,0.25
SORT2__P5__path_1,SORT2,P5,path_1,6,3.0,7.36,4.082,3.131045,1.0,0.25
SORT2__P5__path_1,SORT2,P5,path_1,7,3.5,6.86,4.087,3.131045,1.0,0.25
SORT2__P5__path_1,SORT2,P5,path_1,8,4.0,6.36,4.092,3.131045,1.0,0.25
SORT2__P5__path_1,SORT2,P5,path_1,9,4.5,5.86,4.097,3.131045,1.0,0.25
SORT2__P5__path_1,SORT2,P5,path_1,10,4.74,5.62,4.1,3.131045,1.0,0.25
SORT2__P6__path_1,SORT2,P6,path_1,0,0.0,10.36,4.05,2.579225,1.0,0.25
SORT2__P6__path_1,SORT2,P6,path_1,1,0.5,9.937,4.317,2.579225,1.0,0.25
SORT2__P6__path_1,SORT2,P6,path_1,2,1.0,9.514,4.583,2.579225,1.0,0.25
SORT2__P6__path_1,SORT2,P6,path_1,3,1.5,9.091,4.85,2.579225,1.0,0.25
SORT2__P6__path_1,SORT2,P6,path_1,4,2.0,8.668,5.116,2.579225,1.0,0.25
SORT2__P6__path_1,SORT2,P6,path_1,5,2.5,8.245,5.383,2.579225,1.0,0.25
SORT2__P6__path_1,SORT2,P6,path_1,6,2.813,7.98,5.55,2.579225,1.0,0.25
SORT2__P7__path_1,SORT2,P7,path_1,0,0.0,10.36,4.05,-2.053535,1.0,0.25
SORT2__P7__path_1,SORT2,P7,path_1,1,0.5,10.128,3.607,-2.053535,1.0,0.25
SORT2__P7__path_1,SORT2,P7,path_1,2,1.0,9.896,3.164,-2.053535,1.0,0.25
SORT2__P7__path_1,SORT2,P7,path_1,3,1.5,9.664,2.721,-2.053535,1.0,0.25
SORT2__P7__path_1,SORT2,P7,path_1,4,2.0,9.432,2.279,-2.053535,1.0,0.25
SORT2__P7__path_1,SORT2,P7,path_1,5,2.5,9.199,1.836,-2.053535,1.0,0.25
SORT2__P7__path_1,SORT2,P7,path_1,6,3.0,8.967,1.393,-2.053535,1.0,0.25
SORT2__P7__path_1,SORT2,P7,path_1,7,3.5,8.735,0.95,-2.053535,1.0,0.25
SORT2__P7__path_1,SORT2,P7,path_1,8,4.0,8.368,0.73,3.141593,1.0,0.25
SORT2__P7__path_1,SORT2,P7,path_1,9,4.5,7.868,0.73,3.141593,1.0,0.25
SORT2__P7__path_1,SORT2,P7,path_1,10,5.0,7.451,0.871,2.077895,1.0,0.25
SORT2__P7__path_1,SORT2,P7,path_1,11,5.147,7.38,1.0,2.077895,1.0,0.25
SORT2__P8__path_1,SORT2,P8,path_1,0,0.0,10.36,4.05,-2.338232,1.0,0.25
SORT2__P8__path_1,SORT2,P8,path_1,1,0.5,10.013,3.69,-2.338232,1.0,0.25
SORT2__P8__path_1,SORT2,P8,path_1,2,1.0,9.666,3.33,-2.338232,1.0,0.25
SORT2__P8__path_1,SORT2,P8,path_1,3,1.5,9.319,2.97,-2.338232,1.0,0.25
SORT2__P8__path_1,SORT2,P8,path_1,4,2.0,8.971,2.611,-2.338232,1.0,0.25
SORT2__P8__path_1,SORT2,P8,path_1,5,2.362,8.72,2.35,-2.338232,1.0,0.25
SORT2__P9__path_1,SORT2,P9,path_1,0,0.0,10.36,4.05,3.072225,1.0,0.25
SORT2__P9__path_1,SORT2,P9,path_1,1,0.5,9.861,4.085,3.072225,1.0,0.25
SORT2__P9__path_1,SORT2,P9,path_1,2,1.0,9.362,4.119,3.072225,1.0,0.25
SORT2__P9__path_1,SORT2,P9,path_1,3,1.5,8.864,4.154,3.072225,1.0,0.25
SORT2__P9__path_1,SORT2,P9,path_1,4,2.0,8.365,4.189,3.072225,1.0,0.25
SORT2__P9__path_1,SORT2,P9,path_1,5,2.5,7.866,4.223,3.072225,1.0,0.25
SORT2__P9__path_1,SORT2,P9,path_1,6,3.0,7.367,4.258,3.072225,1.0,0.25
SORT2__P9__path_1,SORT2,P9,path_1,7,3.5,6.868,4.293,3.072225,1.0,0.25
SORT2__P9__path_1,SORT2,P9,path_1,8,4.0,6.37,4.327,3.072225,1.0,0.25
SORT2__P9__path_1,SORT2,P9,path_1,9,4.5,6.248,4.783,1.749427,1.0,0.25
SORT2__P9__path_1,SORT2,P9,path_1,10,4.771,6.2,5.05,1.749427,1.0,0.25
SORT2__SORT1__path_1,SORT2,SORT1,path_1,0,0.0,10.36,4.05,-1.897301,1.0,0.25
SORT2__SORT1__path_1,SORT2,SORT1,path_1,1,0.5,10.2,3.576,-1.897301,1.0,0.25
SORT2__SORT1__path_1,SORT2,SORT1,path_1,2,1.0,10.039,3.103,-1.897301,1.0,0.25
SORT2__SORT1__path_1,SORT2,SORT1,path_1,3,1.5,9.879,2.629,-1.897301,1.0,0.25
SORT2__SORT1__path_1,SORT2,SORT1,path_1,4,1.995,9.72,2.16,-1.897301,1.0,0.25
SORT2__OUT1__path_1,SORT2,OUT1,path_1,0,0.0,10.36,4.05,-0.896055,1.0,0.25
SORT2__OUT1__path_1,SORT2,OUT1,path_1,1,0.5,10.672,3.66,-0.896055,1.0,0.25
SORT2__OUT1__path_1,SORT2,OUT1,path_1,2,1.0,10.985,3.269,-0.896055,1.0,0.25
SORT2__OUT1__path_1,SORT2,OUT1,path_1,3,1.5,11.297,2.879,-0.896055,1.0,0.25
SORT2__OUT1__path_1,SORT2,OUT1,path_1,4,2.0,11.609,2.488,-0.896055,1.0,0.25
SORT2__OUT1__path_1,SORT2,OUT1,path_1,5,2.5,11.922,2.098,-0.896055,1.0,0.25
SORT2__OUT1__path_1,SORT2,OUT1,path_1,6,2.625,12.0,2.0,-0.896055,1.0,0.25
SORT2__OUT2__path_1,SORT2,OUT2,path_1,0,0.0,10.36,4.05,-0.030478,1.0,0.25
SORT2__OUT2__path_1,SORT2,OUT2,path_1,1,0.5,10.86,4.035,-0.030478,1.0,0.25
SORT2__OUT2__path_1,SORT2,OUT2,path_1,2,1.0,11.36,4.02,-0.030478,1.0,0.25
SORT2__OUT2__path_1,SORT2,OUT2,path_1,3,1.5,11.859,4.004,-0.030478,1.0,0.25
SORT2__OUT2__path_1,SORT2,OUT2,path_1,4,1.641,12.0,4.0,-0.030478,1.0,0.25
SORT2__CHG1__path_1,SORT2,CHG1,path_1,0,0.0,10.36,4.05,-3.098467,1.0,0.25
SORT2__CHG1__path_1,SORT2,CHG1,path_1,1,0.5,9.86,4.028,-3.098467,1.0,0.25
SORT2__CHG1__path_1,SORT2,CHG1,path_1,2,1.0,9.361,4.007,-3.098467,1.0,0.25
SORT2__CHG1__path_1,SORT2,CHG1,path_1,3,1.5,8.861,3.985,-3.098467,1.0,0.25
SORT2__CHG1__path_1,SORT2,CHG1,path_1,4,2.0,8.362,3.964,-3.098467,1.0,0.25
SORT2__CHG1__path_1,SORT2,CHG1,path_1,5,2.5,7.862,3.942,-3.098467,1.0,0.25
SORT2__CHG1__path_1,SORT2,CHG1,path_1,6,3.0,7.363,3.921,-3.098467,1.0,0.25
SORT2__CHG1__path_1,SORT2,CHG1,path_1,7,3.5,6.863,3.899,-3.098467,1.0,0.25
SORT2__CHG1__path_1,SORT2,CHG1,path_1,8,4.0,6.364,3.878,-3.098467,1.0,0.25
SORT2__CHG1__path_1,SORT2,CHG1,path_1,9,4.5,5.864,3.856,-3.098467,1.0,0.25
SORT2__CHG1__path_1,SORT2,CHG1,path_1,10,5.0,5.365,3.834,-3.098467,1.0,0.25
SORT2__CHG1__path_1,SORT2,CHG1,path_1,11,5.5,4.882,3.746,-2.677945,1.0,0.25
SORT2__CHG1__path_1,SORT2,CHG1,path_1,12,6.0,4.435,3.523,-2.677945,1.0,0.25
SORT2__CHG1__path_1,SORT2,CHG1,path_1,13,6.5,3.988,3.299,-2.677945,1.0,0.25
SORT2__CHG1__path_1,SORT2,CHG1,path_1,14,7.0,3.541,3.075,-2.677945,1.0,0.25
SORT2__CHG1__path_1,SORT2,CHG1,path_1,15,7.5,3.137,2.799,-2.223007,1.0,0.25
SORT2__CHG1__path_1,SORT2,CHG1,path_1,16,8.0,2.834,2.401,-2.223007,1.0,0.25
SORT2__CHG1__path_1,SORT2,CHG1,path_1,17,8.5,2.53,2.004,-2.223007,1.0,0.25
SORT2__CHG1__path_1,SORT2,CHG1,path_1,18,9.0,2.227,1.607,-2.223007,1.0,0.25
SORT2__CHG1__path_1,SORT2,CHG1,path_1,19,9.5,1.924,1.209,-2.223007,1.0,0.25
SORT2__CHG1__path_1,SORT2,CHG1,path_1,20,10.0,1.62,0.812,-2.223007,1.0,0.25
SORT2__CHG1__path_1,SORT2,CHG1,path_1,21,10.5,1.317,0.415,-2.223007,1.0,0.25
SORT2__CHG1__path_1,SORT2,CHG1,path_1,22,11.0,1.013,0.017,-2.223007,1.0,0.25
SORT2__CHG1__path_1,SORT2,CHG1,path_1,23,11.022,1.0,0.0,-2.223007,1.0,0.25
SORT2__CHG2__path_1,SORT2,CHG2,path_1,0,0.0,10.36,4.05,-1.894767,1.0,0.25
SORT2__CHG2__path_1,SORT2,CHG2,path_1,1,0.5,10.201,3.576,-1.894767,1.0,0.25
SORT2__CHG2__path_1,SORT2,CHG2,path_1,2,1.0,10.042,3.102,-1.894767,1.0,0.25
SORT2__CHG2__path_1,SORT2,CHG2,path_1,3,1.5,9.882,2.628,-1.894767,1.0,0.25
SORT2__CHG2__path_1,SORT2,CHG2,path_1,4,2.0,9.723,2.154,-1.894767,1.0,0.25
SORT2__CHG2__path_1,SORT2,CHG2,path_1,5,2.5,9.564,1.68,-1.894767,1.0,0.25
SORT2__CHG2__path_1,SORT2,CHG2,path_1,6,3.0,9.405,1.206,-1.894767,1.0,0.25
SORT2__CHG2__path_1,SORT2,CHG2,path_1,7,3.5,9.246,0.732,-1.894767,1.0,0.25
SORT2__CHG2__path_1,SORT2,CHG2,path_1,8,4.0,9.087,0.258,-1.894767,1.0,0.25
SORT2__CHG2__path_1,SORT2,CHG2,path_1,9,4.272,9.0,0.0,-1.894767,1.0,0.25
OUT1__IN1__path_1,OUT1,IN1,path_1,0,0.0,12.0,2.0,-2.782174,1.0,0.25
OUT1__IN1__path_1,OUT1,IN1,path_1,1,0.5,11.532,1.824,-2.782174,1.0,0.25
OUT1__IN1__path_1,OUT1,IN1,path_1,2,1.0,11.064,1.648,-2.782174,1.0,0.25
OUT1__IN1__path_1,OUT1,IN1,path_1,3,1.5,10.596,1.472,-2.782174,1.0,0.25
OUT1__IN1__path_1,OUT1,IN1,path_1,4,2.0,10.128,1.297,-2.782174,1.0,0.25
OUT1__IN1__path_1,OUT1,IN1,path_1,5,2.5,9.66,1.121,-2.782174,1.0,0.25
OUT1__IN1__path_1,OUT1,IN1,path_1,6,3.0,9.192,0.945,-2.782174,1.0,0.25
OUT1__IN1__path_1,OUT1,IN1,path_1,7,3.5,8.724,0.769,-2.782174,1.0,0.25
OUT1__IN1__path_1,OUT1,IN1,path_1,8,4.0,8.232,0.702,-3.068552,1.0,0.25
OUT1__IN1__path_1,OUT1,IN1,path_1,9,4.5,7.733,0.665,-3.068552,1.0,0.25
OUT1__IN1__path_1,OUT1,IN1,path_1,10,5.0,7.234,0.629,-3.068552,1.0,0.25
OUT1__IN1__path_1,OUT1,IN1,path_1,11,5.5,6.736,0.592,-3.068552,1.0,0.25
OUT1__IN1__path_1,OUT1,IN1,path_1,12,6.0,6.236,0.573,-3.119374,1.0,0.25
OUT1__IN1__path_1,OUT1,IN1,path_1,13,6.5,5.736,0.561,-3.119374,1.0,0.25
OUT1__IN1__path_1,OUT1,IN1,path_1,14,7.0,5.237,0.55,-3.119374,1.0,0.25
OUT1__IN1__path_1,OUT1,IN1,path_1,15,7.5,4.737,0.539,-3.119374,1.0,0.25
OUT1__IN1__path_1,OUT1,IN1,path_1,16,8.0,4.237,0.53,3.141593,1.0,0.25
OUT1__IN1__path_1,OUT1,IN1,path_1,17,8.5,3.737,0.53,3.141593,1.0,0.25
OUT1__IN1__path_1,OUT1,IN1,path_1,18,9.0,3.237,0.53,3.141593,1.0,0.25
OUT1__IN1__path_1,OUT1,IN1,path_1,19,9.5,2.742,0.601,2.997096,1.0,0.25
OUT1__IN1__path_1,OUT1,IN1,path_1,20,10.0,2.247,0.673,2.997096,1.0,0.25
OUT1__IN1__path_1,OUT1,IN1,path_1,21,10.5,1.752,0.745,2.997096,1.0,0.25
OUT1__IN1__path_1,OUT1,IN1,path_1,22,11.0,1.258,0.817,2.997096,1.0,0.25
OUT1__IN1__path_1,OUT1,IN1,path_1,23,11.5,0.763,0.889,2.997096,1.0,0.25
OUT1__IN1__path_1,OUT1,IN1,path_1,24,12.0,0.268,0.961,2.997096,1.0,0.25
OUT1__IN1__path_1,OUT1,IN1,path_1,25,12.271,0.0,1.0,2.997096,1.0,0.25
OUT1__IN2__path_1,OUT1,IN2,path_1,0,0.0,12.0,2.0,2.779753,1.0,0.25
OUT1__IN2__path_1,OUT1,IN2,path_1,1,0.5,11.532,2.177,2.779753,1.0,0.25
OUT1__IN2__path_1,OUT1,IN2,path_1,2,1.0,11.065,2.354,2.779753,1.0,0.25
OUT1__IN2__path_1,OUT1,IN2,path_1,3,1.5,10.597,2.531,2.779753,1.0,0.25
OUT1__IN2__path_1,OUT1,IN2,path_1,4,2.0,10.13,2.708,2.779753,1.0,0.25
OUT1__IN2__path_1,OUT1,IN2,path_1,5,2.5,9.662,2.885,2.779753,1.0,0.25
OUT1__IN2__path_1,OUT1,IN2,path_1,6,3.0,9.194,3.062,2.779753,1.0,0.25
OUT1__IN2__path_1,OUT1,IN2,path_1,7,3.5,8.727,3.239,2.779753,1.0,0.25
OUT1__IN2__path_1,OUT1,IN2,path_1,8,4.0,8.259,3.416,2.779753,1.0,0.25
OUT1__IN2__path_1,OUT1,IN2,path_1,9,4.5,7.791,3.593,2.779753,1.0,0.25
OUT1__IN2__path_1,OUT1,IN2,path_1,10,5.0,7.303,3.695,2.964704,1.0,0.25
OUT1__IN2__path_1,OUT1,IN2,path_1,11,5.5,6.811,3.783,2.964704,1.0,0.25
OUT1__IN2__path_1,OUT1,IN2,path_1,12,6.0,6.319,3.871,2.964704,1.0,0.25
OUT1__IN2__path_1,OUT1,IN2,path_1,13,6.5,5.826,3.959,2.964704,1.0,0.25
OUT1__IN2__path_1,OUT1,IN2,path_1,14,7.0,5.334,4.046,2.964704,1.0,0.25
OUT1__IN2__path_1,OUT1,IN2,path_1,15,7.5,4.842,4.134,2.964704,1.0,0.25
OUT1__IN2__path_1,OUT1,IN2,path_1,16,8.0,4.35,4.222,2.964704,1.0,0.25
OUT1__IN2__path_1,OUT1,IN2,path_1,17,8.5,3.858,4.31,2.964704,1.0,0.25
OUT1__IN2__path_1,OUT1,IN2,path_1,18,9.0,3.365,4.398,2.964704,1.0,0.25
OUT1__IN2__path_1,OUT1,IN2,path_1,19,9.5,2.873,4.486,2.964704,1.0,0.25
OUT1__IN2__path_1,OUT1,IN2,path_1,20,10.0,2.381,4.574,2.964704,1.0,0.25
OUT1__IN2__path_1,OUT1,IN2,path_1,21,10.5,1.889,4.662,2.964704,1.0,0.25
OUT1__IN2__path_1,OUT1,IN2,path_1,22,11.0,1.397,4.75,2.964704,1.0,0.25
OUT1__IN2__path_1,OUT1,IN2,path_1,23,11.5,0.904,4.838,2.964704,1.0,0.25
OUT1__IN2__path_1,OUT1,IN2,path_1,24,12.0,0.412,4.926,2.964704,1.0,0.25
OUT1__IN2__path_1,OUT1,IN2,path_1,25,12.419,0.0,5.0,2.964704,1.0,0.25
OUT1__P1__path_1,OUT1,P1,path_1,0,0.0,12.0,2.0,-2.782174,1.0,0.25
OUT1__P1__path_1,OUT1,P1,path_1,1,0.5,11.532,1.824,-2.782174,1.0,0.25
OUT1__P1__path_1,OUT1,P1,path_1,2,1.0,11.064,1.648,-2.782174,1.0,0.25
OUT1__P1__path_1,OUT1,P1,path_1,3,1.5,10.596,1.472,-2.782174,1.0,0.25
OUT1__P1__path_1,OUT1,P1,path_1,4,2.0,10.128,1.297,-2.782174,1.0,0.25
OUT1__P1__path_1,OUT1,P1,path_1,5,2.5,9.66,1.121,-2.782174,1.0,0.25
OUT1__P1__path_1,OUT1,P1,path_1,6,3.0,9.192,0.945,-2.782174,1.0,0.25
OUT1__P1__path_1,OUT1,P1,path_1,7,3.5,8.724,0.769,-2.782174,1.0,0.25
OUT1__P1__path_1,OUT1,P1,path_1,8,4.0,8.232,0.702,-3.068552,1.0,0.25
OUT1__P1__path_1,OUT1,P1,path_1,9,4.5,7.733,0.665,-3.068552,1.0,0.25
OUT1__P1__path_1,OUT1,P1,path_1,10,5.0,7.234,0.629,-3.068552,1.0,0.25
OUT1__P1__path_1,OUT1,P1,path_1,11,5.5,6.736,0.592,-3.068552,1.0,0.25
OUT1__P1__path_1,OUT1,P1,path_1,12,6.0,6.236,0.573,-3.119374,1.0,0.25
OUT1__P1__path_1,OUT1,P1,path_1,13,6.5,5.736,0.561,-3.119374,1.0,0.25
OUT1__P1__path_1,OUT1,P1,path_1,14,7.0,5.237,0.55,-3.119374,1.0,0.25
OUT1__P1__path_1,OUT1,P1,path_1,15,7.5,4.737,0.539,-3.119374,1.0,0.25
OUT1__P1__path_1,OUT1,P1,path_1,16,8.0,4.237,0.53,3.141593,1.0,0.25
OUT1__P1__path_1,OUT1,P1,path_1,17,8.5,3.737,0.53,3.141593,1.0,0.25
OUT1__P1__path_1,OUT1,P1,path_1,18,9.0,3.237,0.53,3.141593,1.0,0.25
OUT1__P1__path_1,OUT1,P1,path_1,19,9.441,3.12,0.95,3.141593,1.0,0.25
OUT1__P2__path_1,OUT1,P2,path_1,0,0.0,12.0,2.0,2.779753,1.0,0.25
OUT1__P2__path_1,OUT1,P2,path_1,1,0.5,11.532,2.177,2.779753,1.0,0.25
OUT1__P2__path_1,OUT1,P2,path_1,2,1.0,11.065,2.354,2.779753,1.0,0.25
OUT1__P2__path_1,OUT1,P2,path_1,3,1.5,10.597,2.531,2.779753,1.0,0.25
OUT1__P2__path_1,OUT1,P2,path_1,4,2.0,10.13,2.708,2.779753,1.0,0.25
OUT1__P2__path_1,OUT1,P2,path_1,5,2.5,9.662,2.885,2.779753,1.0,0.25
OUT1__P2__path_1,OUT1,P2,path_1,6,3.0,9.194,3.062,2.779753,1.0,0.25
OUT1__P2__path_1,OUT1,P2,path_1,7,3.5,8.727,3.239,2.779753,1.0,0.25
OUT1__P2__path_1,OUT1,P2,path_1,8,4.0,8.259,3.416,2.779753,1.0,0.25
OUT1__P2__path_1,OUT1,P2,path_1,9,4.5,7.791,3.593,2.779753,1.0,0.25
OUT1__P2__path_1,OUT1,P2,path_1,10,5.0,7.301,3.68,2.999696,1.0,0.25
OUT1__P2__path_1,OUT1,P2,path_1,11,5.5,6.806,3.751,2.999696,1.0,0.25
OUT1__P2__path_1,OUT1,P2,path_1,12,6.0,6.311,3.82,3.141593,1.0,0.25
OUT1__P2__path_1,OUT1,P2,path_1,13,6.5,5.811,3.82,3.141593,1.0,0.25
OUT1__P2__path_1,OUT1,P2,path_1,14,7.0,5.311,3.82,3.141593,1.0,0.25
OUT1__P2__path_1,OUT1,P2,path_1,15,7.5,4.939,3.62,-1.998448,1.0,0.25
OUT1__P2__path_1,OUT1,P2,path_1,16,8.0,4.732,3.165,-1.998448,1.0,0.25
OUT1__P2__path_1,OUT1,P2,path_1,17,8.5,4.524,2.71,-1.998448,1.0,0.25
OUT1__P2__path_1,OUT1,P2,path_1,18,8.896,4.36,2.35,-1.998448,1.0,0.25
OUT1__P3__path_1,OUT1,P3,path_1,0,0.0,12.0,2.0,2.779753,1.0,0.25
OUT1__P3__path_1,OUT1,P3,path_1,1,0.5,11.532,2.177,2.779753,1.0,0.25
OUT1__P3__path_1,OUT1,P3,path_1,2,1.0,11.065,2.354,2.779753,1.0,0.25
OUT1__P3__path_1,OUT1,P3,path_1,3,1.5,10.597,2.531,2.779753,1.0,0.25
OUT1__P3__path_1,OUT1,P3,path_1,4,2.0,10.13,2.708,2.779753,1.0,0.25
OUT1__P3__path_1,OUT1,P3,path_1,5,2.5,9.662,2.885,2.779753,1.0,0.25
OUT1__P3__path_1,OUT1,P3,path_1,6,3.0,9.194,3.062,2.779753,1.0,0.25
OUT1__P3__path_1,OUT1,P3,path_1,7,3.5,8.727,3.239,2.779753,1.0,0.25
OUT1__P3__path_1,OUT1,P3,path_1,8,4.0,8.259,3.416,2.779753,1.0,0.25
OUT1__P3__path_1,OUT1,P3,path_1,9,4.5,7.791,3.593,2.779753,1.0,0.25
OUT1__P3__path_1,OUT1,P3,path_1,10,5.0,7.305,3.706,2.9363,1.0,0.25
OUT1__P3__path_1,OUT1,P3,path_1,11,5.5,6.816,3.808,2.9363,1.0,0.25
OUT1__P3__path_1,OUT1,P3,path_1,12,6.0,6.326,3.91,2.9363,1.0,0.25
OUT1__P3__path_1,OUT1,P3,path_1,13,6.5,5.837,4.012,2.9363,1.0,0.25
OUT1__P3__path_1,OUT1,P3,path_1,14,7.0,5.347,4.114,2.9363,1.0,0.25
OUT1__P3__path_1,OUT1,P3,path_1,15,7.5,4.858,4.216,2.9363,1.0,0.25
OUT1__P3__path_1,OUT1,P3,path_1,16,8.0,4.368,4.318,2.9363,1.0,0.25
OUT1__P3__path_1,OUT1,P3,path_1,17,8.5,3.879,4.42,2.9363,1.0,0.25
OUT1__P3__path_1,OUT1,P3,path_1,18,9.0,3.77,4.876,1.704147,1.0,0.25
OUT1__P3__path_1,OUT1,P3,path_1,19,9.377,3.72,5.25,1.704147,1.0,0.25
OUT1__P4__path_1,OUT1,P4,path_1,0,0.0,12.0,2.0,-2.782174,1.0,0.25
OUT1__P4__path_1,OUT1,P4,path_1,1,0.5,11.532,1.824,-2.782174,1.0,0.25
OUT1__P4__path_1,OUT1,P4,path_1,2,1.0,11.064,1.648,-2.782174,1.0,0.25
OUT1__P4__path_1,OUT1,P4,path_1,3,1.5,10.596,1.472,-2.782174,1.0,0.25
OUT1__P4__path_1,OUT1,P4,path_1,4,2.0,10.128,1.297,-2.782174,1.0,0.25
OUT1__P4__path_1,OUT1,P4,path_1,5,2.5,9.66,1.121,-2.782174,1.0,0.25
OUT1__P4__path_1,OUT1,P4,path_1,6,3.0,9.192,0.945,-2.782174,1.0,0.25
OUT1__P4__path_1,OUT1,P4,path_1,7,3.5,8.724,0.769,-2.782174,1.0,0.25
OUT1__P4__path_1,OUT1,P4,path_1,8,4.0,8.232,0.702,-3.068552,1.0,0.25
OUT1__P4__path_1,OUT1,P4,path_1,9,4.5,7.733,0.665,-3.068552,1.0,0.25
OUT1__P4__path_1,OUT1,P4,path_1,10,5.0,7.234,0.629,-3.068552,1.0,0.25
OUT1__P4__path_1,OUT1,P4,path_1,11,5.5,6.736,0.592,-3.068552,1.0,0.25
OUT1__P4__path_1,OUT1,P4,path_1,12,6.0,6.236,0.58,3.141593,1.0,0.25
OUT1__P4__path_1,OUT1,P4,path_1,13,6.5,5.736,0.58,3.141593,1.0,0.25
OUT1__P4__path_1,OUT1,P4,path_1,14,7.0,5.236,0.58,3.141593,1.0,0.25
OUT1__P4__path_1,OUT1,P4,path_1,15,7.5,5.118,1.061,1.800439,1.0,0.25
OUT1__P4__path_1,OUT1,P4,path_1,16,7.797,5.05,1.35,1.800439,1.0,0.25
OUT1__P5__path_1,OUT1,P5,path_1,0,0.0,12.0,2.0,2.779753,1.0,0.25
OUT1__P5__path_1,OUT1,P5,path_1,1,0.5,11.532,2.177,2.779753,1.0,0.25
OUT1__P5__path_1,OUT1,P5,path_1,2,1.0,11.065,2.354,2.779753,1.0,0.25
OUT1__P5__path_1,OUT1,P5,path_1,3,1.5,10.597,2.531,2.779753,1.0,0.25
OUT1__P5__path_1,OUT1,P5,path_1,4,2.0,10.13,2.708,2.779753,1.0,0.25
OUT1__P5__path_1,OUT1,P5,path_1,5,2.5,9.662,2.885,2.779753,1.0,0.25
OUT1__P5__path_1,OUT1,P5,path_1,6,3.0,9.194,3.062,2.779753,1.0,0.25
OUT1__P5__path_1,OUT1,P5,path_1,7,3.5,8.727,3.239,2.779753,1.0,0.25
OUT1__P5__path_1,OUT1,P5,path_1,8,4.0,8.259,3.416,2.779753,1.0,0.25
OUT1__P5__path_1,OUT1,P5,path_1,9,4.5,7.791,3.593,2.779753,1.0,0.25
OUT1__P5__path_1,OUT1,P5,path_1,10,5.0,7.307,3.714,2.916881,1.0,0.25
OUT1__P5__path_1,OUT1,P5,path_1,11,5.5,6.82,3.826,2.916881,1.0,0.25
OUT1__P5__path_1,OUT1,P5,path_1,12,6.0,6.332,3.937,2.916881,1.0,0.25
OUT1__P5__path_1,OUT1,P5,path_1,13,6.5,5.845,4.049,2.916881,1.0,0.25
OUT1__P5__path_1,OUT1,P5,path_1,14,6.73,5.62,4.1,2.916881,1.0,0.25
OUT1__P6__path_1,OUT1,P6,path_1,0,0.0,12.0,2.0,2.417451,1.0,0.25
OUT1__P6__path_1,OUT1,P6,path_1,1,0.5,11.625,2.331,2.417451,1.0,0.25
OUT1__P6__path_1,OUT1,P6,path_1,2,1.0,11.251,2.662,2.417451,1.0,0.25
OUT1__P6__path_1,OUT1,P6,path_1,3,1.5,10.876,2.994,2.417451,1.0,0.25
OUT1__P6__path_1,OUT1,P6,path_1,4,2.0,10.502,3.325,2.417451,1.0,0.25
OUT1__P6__path_1,OUT1,P6,path_1,5,2.5,10.127,3.656,2.417451,1.0,0.25
OUT1__P6__path_1,OUT1,P6,path_1,6,3.0,9.753,3.987,2.417451,1.0,0.25
OUT1__P6__path_1,OUT1,P6,path_1,7,3.5,9.378,4.319,2.417451,1.0,0.25
OUT1__P6__path_1,OUT1,P6,path_1,8,4.0,9.004,4.65,2.417451,1.0,0.25
OUT1__P6__path_1,OUT1,P6,path_1,9,4.5,8.629,4.981,2.417451,1.0,0.25
OUT1__P6__path_1,OUT1,P6,path_1,10,5.0,8.255,5.312,2.417451,1.0,0.25
OUT1__P6__path_1,OUT1,P6,path_1,11,5.363,7.98,5.55,2.417451,1.0,0.25
OUT1__P7__path_1,OUT1,P7,path_1,0,0.0,12.0,2.0,-2.782174,1.0,0.25
OUT1__P7__path_1,OUT1,P7,path_1,1,0.5,11.532,1.824,-2.782174,1.0,0.25
OUT1__P7__path_1,OUT1,P7,path_1,2,1.0,11.064,1.648,-2.782174,1.0,0.25
OUT1__P7__path_1,OUT1,P7,path_1,3,1.5,10.596,1.472,-2.782174,1.0,0.25
OUT1__P7__path_1,OUT1,P7,path_1,4,2.0,10.128,1.297,-2.782174,1.0,0.25
OUT1__P7__path_1,OUT1,P7,path_1,5,2.5,9.66,1.121,-2.782174,1.0,0.25
OUT1__P7__path_1,OUT1,P7,path_1,6,3.0,9.192,0.945,-2.782174,1.0,0.25
OUT1__P7__path_1,OUT1,P7,path_1,7,3.5,8.724,0.769,-2.782174,1.0,0.25
OUT1__P7__path_1,OUT1,P7,path_1,8,4.0,8.231,0.73,3.141593,1.0,0.25
OUT1__P7__path_1,OUT1,P7,path_1,9,4.5,7.731,0.73,3.141593,1.0,0.25
OUT1__P7__path_1,OUT1,P7,path_1,10,5.0,7.385,0.992,2.077895,1.0,0.25
OUT1__P7__path_1,OUT1,P7,path_1,11,5.01,7.38,1.0,2.077895,1.0,0.25
OUT1__P8__path_1,OUT1,P8,path_1,0,0.0,12.0,2.0,3.035288,1.0,0.25
OUT1__P8__path_1,OUT1,P8,path_1,1,0.5,11.503,2.053,3.035288,1.0,0.25
OUT1__P8__path_1,OUT1,P8,path_1,2,1.0,11.006,2.106,3.035288,1.0,0.25
OUT1__P8__path_1,OUT1,P8,path_1,3,1.5,10.508,2.159,3.035288,1.0,0.25
OUT1__P8__path_1,OUT1,P8,path_1,4,2.0,10.011,2.212,3.035288,1.0,0.25
OUT1__P8__path_1,OUT1,P8,path_1,5,2.5,9.514,2.265,3.035288,1.0,0.25
OUT1__P8__path_1,OUT1,P8,path_1,6,3.0,9.017,2.318,3.035288,1.0,0.25
OUT1__P8__path_1,OUT1,P8,path_1,7,3.299,8.72,2.35,3.035288,1.0,0.25
OUT1__P9__path_1,OUT1,P9,path_1,0,0.0,12.0,2.0,2.751695,1.0,0.25
OUT1__P9__path_1,OUT1,P9,path_1,1,0.5,11.538,2.19,2.751695,1.0,0.25
OUT1__P9__path_1,OUT1,P9,path_1,2,1.0,11.075,2.38,2.751695,1.0,0.25
OUT1__P9__path_1,OUT1,P9,path_1,3,1.5,10.613,2.57,2.751695,1.0,0.25
OUT1__P9__path_1,OUT1,P9,path_1,4,2.0,10.15,2.76,2.751695,1.0,0.25
OUT1__P9__path_1,OUT1,P9,path_1,5,2.5,9.688,2.95,2.751695,1.0,0.25
OUT1__P9__path_1,OUT1,P9,path_1,6,3.0,9.225,3.14,2.751695,1.0,0.25
OUT1__P9__path_1,OUT1,P9,path_1,7,3.5,8.763,3.33,2.751695,1.0,0.25
OUT1__P9__path_1,OUT1,P9,path_1,8,4.0,8.3,3.52,2.751695,1.0,0.25
OUT1__P9__path_1,OUT1,P9,path_1,9,4.5,7.838,3.71,2.751695,1.0,0.25
OUT1__P9__path_1,OUT1,P9,path_1,10,5.0,7.375,3.9,2.751695,1.0,0.25
OUT1__P9__path_1,OUT1,P9,path_1,11,5.5,6.913,4.091,2.751695,1.0,0.25
OUT1__P9__path_1,OUT1,P9,path_1,12,6.0,6.45,4.281,2.751695,1.0,0.25
OUT1__P9__path_1,OUT1,P9,path_1,13,6.5,6.264,4.694,1.749427,1.0,0.25
OUT1__P9__path_1,OUT1,P9,path_1,14,6.862,6.2,5.05,1.749427,1.0,0.25
OUT1__SORT1__path_1,OUT1,SORT1,path_1,0,0.0,12.0,2.0,3.071532,1.0,0.25
OUT1__SORT1__path_1,OUT1,SORT1,path_1,1,0.5,11.501,2.035,3.071532,1.0,0.25
OUT1__SORT1__path_1,OUT1,SORT1,path_1,2,1.0,11.002,2.07,3.071532,1.0,0.25
OUT1__SORT1__path_1,OUT1,SORT1,path_1,3,1.5,10.504,2.105,3.071532,1.0,0.25
OUT1__SORT1__path_1,OUT1,SORT1,path_1,4,2.0,10.005,2.14,3.071532,1.0,0.25
OUT1__SORT1__path_1,OUT1,SORT1,path_1,5,2.286,9.72,2.16,3.071532,1.0,0.25
OUT1__SORT2__path_1,OUT1,SORT2,path_1,0,0.0,12.0,2.0,2.245537,1.0,0.25
OUT1__SORT2__path_1,OUT1,SORT2,path_1,1,0.5,11.688,2.39,2.245537,1.0,0.25
OUT1__SORT2__path_1,OUT1,SORT2,path_1,2,1.0,11.375,2.781,2.245537,1.0,0.25
OUT1__SORT2__path_1,OUT1,SORT2,path_1,3,1.5,11.063,3.171,2.245537,1.0,0.25
OUT1__SORT2__path_1,OUT1,SORT2,path_1,4,2.0,10.751,3.562,2.245537,1.0,0.25
OUT1__SORT2__path_1,OUT1,SORT2,path_1,5,2.5,10.438,3.952,2.245537,1.0,0.25
OUT1__SORT2__path_1,OUT1,SORT2,path_1,6,2.625,10.36,4.05,2.245537,1.0,0.25
OUT1__OUT2__path_1,OUT1,OUT2,path_1,0,0.0,12.0,2.0,1.570796,1.0,0.25
OUT1__OUT2__path_1,OUT1,OUT2,path_1,1,0.5,12.0,2.5,1.570796,1.0,0.25
OUT1__OUT2__path_1,OUT1,OUT2,path_1,2,1.0,12.0,3.0,1.570796,1.0,0.25
OUT1__OUT2__path_1,OUT1,OUT2,path_1,3,1.5,12.0,3.5,1.570796,1.0,0.25
OUT1__OUT2__path_1,OUT1,OUT2,path_1,4,2.0,12.0,4.0,1.570796,1.0,0.25
OUT1__CHG1__path_1,OUT1,CHG1,path_1,0,0.0,12.0,2.0,-2.782174,1.0,0.25
OUT1__CHG1__path_1,OUT1,CHG1,path_1,1,0.5,11.532,1.824,-2.782174,1.0,0.25
OUT1__CHG1__path_1,OUT1,CHG1,path_1,2,1.0,11.064,1.648,-2.782174,1.0,0.25
OUT1__CHG1__path_1,OUT1,CHG1,path_1,3,1.5,10.596,1.472,-2.782174,1.0,0.25
OUT1__CHG1__path_1,OUT1,CHG1,path_1,4,2.0,10.128,1.297,-2.782174,1.0,0.25
OUT1__CHG1__path_1,OUT1,CHG1,path_1,5,2.5,9.66,1.121,-2.782174,1.0,0.25
OUT1__CHG1__path_1,OUT1,CHG1,path_1,6,3.0,9.192,0.945,-2.782174,1.0,0.25
OUT1__CHG1__path_1,OUT1,CHG1,path_1,7,3.5,8.724,0.769,-2.782174,1.0,0.25
OUT1__CHG1__path_1,OUT1,CHG1,path_1,8,4.0,8.232,0.693,-3.046084,1.0,0.25
OUT1__CHG1__path_1,OUT1,CHG1,path_1,9,4.5,7.735,0.645,-3.046084,1.0,0.25
OUT1__CHG1__path_1,OUT1,CHG1,path_1,10,5.0,7.237,0.598,-3.046084,1.0,0.25
OUT1__CHG1__path_1,OUT1,CHG1,path_1,11,5.5,6.739,0.55,-3.046084,1.0,0.25
OUT1__CHG1__path_1,OUT1,CHG1,path_1,12,6.0,6.242,0.502,-3.046084,1.0,0.25
OUT1__CHG1__path_1,OUT1,CHG1,path_1,13,6.5,5.744,0.454,-3.046084,1.0,0.25
OUT1__CHG1__path_1,OUT1,CHG1,path_1,14,7.0,5.246,0.407,-3.046084,1.0,0.25
OUT1__CHG1__path_1,OUT1,CHG1,path_1,15,7.5,4.748,0.359,-3.046084,1.0,0.25
OUT1__CHG1__path_1,OUT1,CHG1,path_1,16,8.0,4.251,0.311,-3.046084,1.0,0.25
OUT1__CHG1__path_1,OUT1,CHG1,path_1,17,8.5,3.753,0.264,-3.046084,1.0,0.25
OUT1__CHG1__path_1,OUT1,CHG1,path_1,18,9.0,3.255,0.216,-3.046084,1.0,0.25
OUT1__CHG1__path_1,OUT1,CHG1,path_1,19,9.5,2.758,0.168,-3.046084,1.0,0.25
OUT1__CHG1__path_1,OUT1,CHG1,path_1,20,10.0,2.26,0.121,-3.046084,1.0,0.25
OUT1__CHG1__path_1,OUT1,CHG1,path_1,21,10.5,1.762,0.073,-3.046084,1.0,0.25
OUT1__CHG1__path_1,OUT1,CHG1,path_1,22,11.0,1.264,0.025,-3.046084,1.0,0.25
OUT1__CHG1__path_1,OUT1,CHG1,path_1,23,11.266,1.0,0.0,-3.046084,1.0,0.25
OUT1__CHG2__path_1,OUT1,CHG2,path_1,0,0.0,12.0,2.0,-2.55359,1.0,0.25
OUT1__CHG2__path_1,OUT1,CHG2,path_1,1,0.5,11.584,1.723,-2.55359,1.0,0.25
OUT1__CHG2__path_1,OUT1,CHG2,path_1,2,1.0,11.168,1.445,-2.55359,1.0,0.25
OUT1__CHG2__path_1,OUT1,CHG2,path_1,3,1.5,10.752,1.168,-2.55359,1.0,0.25
OUT1__CHG2__path_1,OUT1,CHG2,path_1,4,2.0,10.336,0.891,-2.55359,1.0,0.25
OUT1__CHG2__path_1,OUT1,CHG2,path_1,5,2.5,9.92,0.613,-2.55359,1.0,0.25
OUT1__CHG2__path_1,OUT1,CHG2,path_1,6,3.0,9.504,0.336,-2.55359,1.0,0.25
OUT1__CHG2__path_1,OUT1,CHG2,path_1,7,3.5,9.088,0.059,-2.55359,1.0,0.25
OUT1__CHG2__path_1,OUT1,CHG2,path_1,8,3.606,9.0,0.0,-2.55359,1.0,0.25
OUT2__IN1__path_1,OUT2,IN1,path_1,0,0.0,12.0,4.0,-3.115773,1.0,0.25
OUT2__IN1__path_1,OUT2,IN1,path_1,1,0.5,11.5,3.987,-3.115773,1.0,0.25
OUT2__IN1__path_1,OUT2,IN1,path_1,2,1.0,11.0,3.974,-3.115773,1.0,0.25
OUT2__IN1__path_1,OUT2,IN1,path_1,3,1.5,10.5,3.961,-3.115773,1.0,0.25
OUT2__IN1__path_1,OUT2,IN1,path_1,4,2.0,10.001,3.948,-3.115773,1.0,0.25
OUT2__IN1__path_1,OUT2,IN1,path_1,5,2.5,9.501,3.935,-3.115773,1.0,0.25
OUT2__IN1__path_1,OUT2,IN1,path_1,6,3.0,9.001,3.923,-3.115773,1.0,0.25
OUT2__IN1__path_1,OUT2,IN1,path_1,7,3.5,8.501,3.91,-3.115773,1.0,0.25
OUT2__IN1__path_1,OUT2,IN1,path_1,8,4.0,8.001,3.897,-3.115773,1.0,0.25
OUT2__IN1__path_1,OUT2,IN1,path_1,9,4.5,7.501,3.884,-3.115773,1.0,0.25
OUT2__IN1__path_1,OUT2,IN1,path_1,10,5.0,7.002,3.871,-3.115773,1.0,0.25
OUT2__IN1__path_1,OUT2,IN1,path_1,11,5.5,6.502,3.858,-3.115773,1.0,0.25
OUT2__IN1__path_1,OUT2,IN1,path_1,12,6.0,6.002,3.845,-3.115773,1.0,0.25
OUT2__IN1__path_1,OUT2,IN1,path_1,13,6.5,5.502,3.832,-3.115773,1.0,0.25
OUT2__IN1__path_1,OUT2,IN1,path_1,14,7.0,5.005,3.808,-2.677945,1.0,0.25
OUT2__IN1__path_1,OUT2,IN1,path_1,15,7.5,4.558,3.584,-2.677945,1.0,0.25
OUT2__IN1__path_1,OUT2,IN1,path_1,16,8.0,4.111,3.36,-2.677945,1.0,0.25
OUT2__IN1__path_1,OUT2,IN1,path_1,17,8.5,3.664,3.137,-2.677945,1.0,0.25
OUT2__IN1__path_1,OUT2,IN1,path_1,18,9.0,3.217,2.912,-2.605281,1.0,0.25
OUT2__IN1__path_1,OUT2,IN1,path_1,19,9.5,2.787,2.657,-2.605281,1.0,0.25
OUT2__IN1__path_1,OUT2,IN1,path_1,20,10.0,2.357,2.401,-2.605281,1.0,0.25
OUT2__IN1__path_1,OUT2,IN1,path_1,21,10.5,1.928,2.146,-2.605281,1.0,0.25
OUT2__IN1__path_1,OUT2,IN1,path_1,22,11.0,1.498,1.89,-2.605281,1.0,0.25
OUT2__IN1__path_1,OUT2,IN1,path_1,23,11.5,1.068,1.635,-2.605281,1.0,0.25
OUT2__IN1__path_1,OUT2,IN1,path_1,24,12.0,0.638,1.379,-2.605281,1.0,0.25
OUT2__IN1__path_1,OUT2,IN1,path_1,25,12.5,0.208,1.124,-2.605281,1.0,0.25
OUT2__IN1__path_1,OUT2,IN1,path_1,26,12.742,0.0,1.0,-2.605281,1.0,0.25
OUT2__IN2__path_1,OUT2,IN2,path_1,0,0.0,12.0,4.0,3.08901,1.0,0.25
OUT2__IN2__path_1,OUT2,IN2,path_1,1,0.5,11.501,4.026,3.08901,1.0,0.25
OUT2__IN2__path_1,OUT2,IN2,path_1,2,1.0,11.001,4.053,3.08901,1.0,0.25
OUT2__IN2__path_1,OUT2,IN2,path_1,3,1.5,10.502,4.079,3.08901,1.0,0.25
OUT2__IN2__path_1,OUT2,IN2,path_1,4,2.0,10.003,4.105,3.08901,1.0,0.25
OUT2__IN2__path_1,OUT2,IN2,path_1,5,2.5,9.503,4.131,3.08901,1.0,0.25
OUT2__IN2__path_1,OUT2,IN2,path_1,6,3.0,9.004,4.158,3.08901,1.0,0.25
OUT2__IN2__path_1,OUT2,IN2,path_1,7,3.5,8.505,4.184,3.08901,1.0,0.25
OUT2__IN2__path_1,OUT2,IN2,path_1,8,4.0,8.006,4.21,3.08901,1.0,0.25
OUT2__IN2__path_1,OUT2,IN2,path_1,9,4.5,7.506,4.237,3.08901,1.0,0.25
OUT2__IN2__path_1,OUT2,IN2,path_1,10,5.0,7.007,4.263,3.08901,1.0,0.25
OUT2__IN2__path_1,OUT2,IN2,path_1,11,5.5,6.508,4.289,3.08901,1.0,0.25
OUT2__IN2__path_1,OUT2,IN2,path_1,12,6.0,6.008,4.315,3.08901,1.0,0.25
OUT2__IN2__path_1,OUT2,IN2,path_1,13,6.5,5.509,4.342,3.08901,1.0,0.25
OUT2__IN2__path_1,OUT2,IN2,path_1,14,7.0,5.01,4.368,3.08901,1.0,0.25
OUT2__IN2__path_1,OUT2,IN2,path_1,15,7.5,4.51,4.394,3.08901,1.0,0.25
OUT2__IN2__path_1,OUT2,IN2,path_1,16,8.0,4.011,4.42,3.08901,1.0,0.25
OUT2__IN2__path_1,OUT2,IN2,path_1,17,8.5,3.515,4.477,2.993852,1.0,0.25
OUT2__IN2__path_1,OUT2,IN2,path_1,18,9.0,3.02,4.551,2.993852,1.0,0.25
OUT2__IN2__path_1,OUT2,IN2,path_1,19,9.5,2.526,4.624,2.993852,1.0,0.25
OUT2__IN2__path_1,OUT2,IN2,path_1,20,10.0,2.031,4.698,2.993852,1.0,0.25
OUT2__IN2__path_1,OUT2,IN2,path_1,21,10.5,1.537,4.771,2.993852,1.0,0.25
OUT2__IN2__path_1,OUT2,IN2,path_1,22,11.0,1.042,4.845,2.993852,1.0,0.25
OUT2__IN2__path_1,OUT2,IN2,path_1,23,11.5,0.547,4.919,2.993852,1.0,0.25
OUT2__IN2__path_1,OUT2,IN2,path_1,24,12.0,0.053,4.992,2.993852,1.0,0.25
OUT2__IN2__path_1,OUT2,IN2,path_1,25,12.053,0.0,5.0,2.993852,1.0,0.25
OUT2__P1__path_1,OUT2,P1,path_1,0,0.0,12.0,4.0,-2.372734,1.0,0.25
OUT2__P1__path_1,OUT2,P1,path_1,1,0.5,11.641,3.652,-2.372734,1.0,0.25
OUT2__P1__path_1,OUT2,P1,path_1,2,1.0,11.281,3.305,-2.372734,1.0,0.25
OUT2__P1__path_1,OUT2,P1,path_1,3,1.5,10.922,2.957,-2.372734,1.0,0.25
OUT2__P1__path_1,OUT2,P1,path_1,4,2.0,10.563,2.609,-2.372734,1.0,0.25
OUT2__P1__path_1,OUT2,P1,path_1,5,2.5,10.203,2.262,-2.372734,1.0,0.25
OUT2__P1__path_1,OUT2,P1,path_1,6,3.0,9.844,1.914,-2.372734,1.0,0.25
OUT2__P1__path_1,OUT2,P1,path_1,7,3.5,9.485,1.566,-2.372734,1.0,0.25
OUT2__P1__path_1,OUT2,P1,path_1,8,4.0,9.125,1.219,-2.372734,1.0,0.25
OUT2__P1__path_1,OUT2,P1,path_1,9,4.5,8.766,0.871,-2.372734,1.0,0.25
OUT2__P1__path_1,OUT2,P1,path_1,10,5.0,8.324,0.708,-3.068552,1.0,0.25
OUT2__P1__path_1,OUT2,P1,path_1,11,5.5,7.825,0.672,-3.068552,1.0,0.25
OUT2__P1__path_1,OUT2,P1,path_1,12,6.0,7.326,0.635,-3.068552,1.0,0.25
OUT2__P1__path_1,OUT2,P1,path_1,13,6.5,6.828,0.599,-3.068552,1.0,0.25
OUT2__P1__path_1,OUT2,P1,path_1,14,7.0,6.328,0.575,-3.119374,1.0,0.25
OUT2__P1__path_1,OUT2,P1,path_1,15,7.5,5.829,0.564,-3.119374,1.0,0.25
OUT2__P1__path_1,OUT2,P1,path_1,16,8.0,5.329,0.552,-3.119374,1.0,0.25
OUT2__P1__path_1,OUT2,P1,path_1,17,8.5,4.829,0.541,-3.119374,1.0,0.25
OUT2__P1__path_1,OUT2,P1,path_1,18,9.0,4.329,0.53,-3.119374,1.0,0.25
OUT2__P1__path_1,OUT2,P1,path_1,19,9.5,3.829,0.53,3.141593,1.0,0.25
OUT2__P1__path_1,OUT2,P1,path_1,20,10.0,3.329,0.53,3.141593,1.0,0.25
OUT2__P1__path_1,OUT2,P1,path_1,21,10.5,3.128,0.918,1.826948,1.0,0.25
OUT2__P1__path_1,OUT2,P1,path_1,22,10.533,3.12,0.95,1.826948,1.0,0.25
OUT2__P2__path_1,OUT2,P2,path_1,0,0.0,12.0,4.0,-3.115773,1.0,0.25
OUT2__P2__path_1,OUT2,P2,path_1,1,0.5,11.5,3.987,-3.115773,1.0,0.25
OUT2__P2__path_1,OUT2,P2,path_1,2,1.0,11.0,3.974,-3.115773,1.0,0.25
OUT2__P2__path_1,OUT2,P2,path_1,3,1.5,10.5,3.961,-3.115773,1.0,0.25
OUT2__P2__path_1,OUT2,P2,path_1,4,2.0,10.001,3.948,-3.115773,1.0,0.25
OUT2__P2__path_1,OUT2,P2,path_1,5,2.5,9.501,3.935,-3.115773,1.0,0.25
OUT2__P2__path_1,OUT2,P2,path_1,6,3.0,9.001,3.923,-3.115773,1.0,0.25
OUT2__P2__path_1,OUT2,P2,path_1,7,3.5,8.501,3.91,-3.115773,1.0,0.25
OUT2__P2__path_1,OUT2,P2,path_1,8,4.0,8.001,3.897,-3.115773,1.0,0.25
OUT2__P2__path_1,OUT2,P2,path_1,9,4.5,7.501,3.884,-3.115773,1.0,0.25
OUT2__P2__path_1,OUT2,P2,path_1,10,5.0,7.002,3.871,-3.115773,1.0,0.25
OUT2__P2__path_1,OUT2,P2,path_1,11,5.5,6.502,3.858,-3.115773,1.0,0.25
OUT2__P2__path_1,OUT2,P2,path_1,12,6.0,6.002,3.845,-3.115773,1.0,0.25
OUT2__P2__path_1,OUT2,P2,path_1,13,6.5,5.502,3.832,-3.115773,1.0,0.25
OUT2__P2__path_1,OUT2,P2,path_1,14,7.0,5.019,3.795,-1.998448,1.0,0.25
OUT2__P2__path_1,OUT2,P2,path_1,15,7.5,4.811,3.34,-1.998448,1.0,0.25
OUT2__P2__path_1,OUT2,P2,path_1,16,8.0,4.604,2.885,-1.998448,1.0,0.25
OUT2__P2__path_1,OUT2,P2,path_1,17,8.5,4.396,2.43,-1.998448,1.0,0.25
OUT2__P2__path_1,OUT2,P2,path_1,18,8.588,4.36,2.35,-1.998448,1.0,0.25
OUT2__P3__path_1,OUT2,P3,path_1,0,0.0,12.0,4.0,3.08901,1.0,0.25
OUT2__P3__path_1,OUT2,P3,path_1,1,0.5,11.501,4.026,3.08901,1.0,0.25
OUT2__P3__path_1,OUT2,P3,path_1,2,1.0,11.001,4.053,3.08901,1.0,0.25
OUT2__P3__path_1,OUT2,P3,path_1,3,1.5,10.502,4.079,3.08901,1.0,0.25
OUT2__P3__path_1,OUT2,P3,path_1,4,2.0,10.003,4.105,3.08901,1.0,0.25
OUT2__P3__path_1,OUT2,P3,path_1,5,2.5,9.503,4.131,3.08901,1.0,0.25
OUT2__P3__path_1,OUT2,P3,path_1,6,3.0,9.004,4.158,3.08901,1.0,0.25
OUT2__P3__path_1,OUT2,P3,path_1,7,3.5,8.505,4.184,3.08901,1.0,0.25
OUT2__P3__path_1,OUT2,P3,path_1,8,4.0,8.006,4.21,3.08901,1.0,0.25
OUT2__P3__path_1,OUT2,P3,path_1,9,4.5,7.506,4.237,3.08901,1.0,0.25
OUT2__P3__path_1,OUT2,P3,path_1,10,5.0,7.007,4.263,3.08901,1.0,0.25
OUT2__P3__path_1,OUT2,P3,path_1,11,5.5,6.508,4.289,3.08901,1.0,0.25
OUT2__P3__path_1,OUT2,P3,path_1,12,6.0,6.008,4.315,3.08901,1.0,0.25
OUT2__P3__path_1,OUT2,P3,path_1,13,6.5,5.509,4.342,3.08901,1.0,0.25
OUT2__P3__path_1,OUT2,P3,path_1,14,7.0,5.01,4.368,3.08901,1.0,0.25
OUT2__P3__path_1,OUT2,P3,path_1,15,7.5,4.51,4.394,3.08901,1.0,0.25
OUT2__P3__path_1,OUT2,P3,path_1,16,8.0,4.011,4.42,3.08901,1.0,0.25
OUT2__P3__path_1,OUT2,P3,path_1,17,8.5,3.788,4.746,1.704147,1.0,0.25
OUT2__P3__path_1,OUT2,P3,path_1,18,9.0,3.721,5.241,1.704147,1.0,0.25
OUT2__P3__path_1,OUT2,P3,path_1,19,9.009,3.72,5.25,1.704147,1.0,0.25
OUT2__P4__path_1,OUT2,P4,path_1,0,0.0,12.0,4.0,-2.372734,1.0,0.25
OUT2__P4__path_1,OUT2,P4,path_1,1,0.5,11.641,3.652,-2.372734,1.0,0.25
OUT2__P4__path_1,OUT2,P4,path_1,2,1.0,11.281,3.305,-2.372734,1.0,0.25
OUT2__P4__path_1,OUT2,P4,path_1,3,1.5,10.922,2.957,-2.372734,1.0,0.25
OUT2__P4__path_1,OUT2,P4,path_1,4,2.0,10.563,2.609,-2.372734,1.0,0.25
OUT2__P4__path_1,OUT2,P4,path_1,5,2.5,10.203,2.262,-2.372734,1.0,0.25
OUT2__P4__path_1,OUT2,P4,path_1,6,3.0,9.844,1.914,-2.372734,1.0,0.25
OUT2__P4__path_1,OUT2,P4,path_1,7,3.5,9.485,1.566,-2.372734,1.0,0.25
OUT2__P4__path_1,OUT2,P4,path_1,8,4.0,9.125,1.219,-2.372734,1.0,0.25
OUT2__P4__path_1,OUT2,P4,path_1,9,4.5,8.766,0.871,-2.372734,1.0,0.25
OUT2__P4__path_1,OUT2,P4,path_1,10,5.0,8.324,0.708,-3.068552,1.0,0.25
OUT2__P4__path_1,OUT2,P4,path_1,11,5.5,7.825,0.672,-3.068552,1.0,0.25
OUT2__P4__path_1,OUT2,P4,path_1,12,6.0,7.326,0.635,-3.068552,1.0,0.25
OUT2__P4__path_1,OUT2,P4,path_1,13,6.5,6.828,0.599,-3.068552,1.0,0.25
OUT2__P4__path_1,OUT2,P4,path_1,14,7.0,6.328,0.58,3.141593,1.0,0.25
OUT2__P4__path_1,OUT2,P4,path_1,15,7.5,5.828,0.58,3.141593,1.0,0.25
OUT2__P4__path_1,OUT2,P4,path_1,16,8.0,5.328,0.58,3.141593,1.0,0.25
OUT2__P4__path_1,OUT2,P4,path_1,17,8.5,5.139,0.971,1.800439,1.0,0.25
OUT2__P4__path_1,OUT2,P4,path_1,18,8.889,5.05,1.35,1.800439,1.0,0.25
OUT2__P5__path_1,OUT2,P5,path_1,0,0.0,12.0,4.0,3.12592,1.0,0.25
OUT2__P5__path_1,OUT2,P5,path_1,1,0.5,11.5,4.008,3.12592,1.0,0.25
OUT2__P5__path_1,OUT2,P5,path_1,2,1.0,11.0,4.016,3.12592,1.0,0.25
OUT2__P5__path_1,OUT2,P5,path_1,3,1.5,10.5,4.024,3.12592,1.0,0.25
OUT2__P5__path_1,OUT2,P5,path_1,4,2.0,10.0,4.031,3.12592,1.0,0.25
OUT2__P5__path_1,OUT2,P5,path_1,5,2.5,9.5,4.039,3.12592,1.0,0.25
OUT2__P5__path_1,OUT2,P5,path_1,6,3.0,9.0,4.047,3.12592,1.0,0.25
OUT2__P5__path_1,OUT2,P5,path_1,7,3.5,8.5,4.055,3.12592,1.0,0.25
OUT2__P5__path_1,OUT2,P5,path_1,8,4.0,8.0,4.063,3.12592,1.0,0.25
OUT2__P5__path_1,OUT2,P5,path_1,9,4.5,7.501,4.071,3.12592,1.0,0.25
OUT2__P5__path_1,OUT2,P5,path_1,10,5.0,7.001,4.078,3.12592,1.0,0.25
OUT2__P5__path_1,OUT2,P5,path_1,11,5.5,6.501,4.086,3.12592,1.0,0.25
OUT2__P5__path_1,OUT2,P5,path_1,12,6.0,6.001,4.094,3.12592,1.0,0.25
OUT2__P5__path_1,OUT2,P5,path_1,13,6.381,5.62,4.1,3.12592,1.0,0.25
OUT2__P6__path_1,OUT2,P6,path_1,0,0.0,12.0,4.0,2.773586,1.0,0.25
OUT2__P6__path_1,OUT2,P6,path_1,1,0.5,11.533,4.18,2.773586,1.0,0.25
OUT2__P6__path_1,OUT2,P6,path_1,2,1.0,11.067,4.36,2.773586,1.0,0.25
OUT2__P6__path_1,OUT2,P6,path_1,3,1.5,10.6,4.54,2.773586,1.0,0.25
OUT2__P6__path_1,OUT2,P6,path_1,4,2.0,10.134,4.72,2.773586,1.0,0.25
OUT2__P6__path_1,OUT2,P6,path_1,5,2.5,9.667,4.899,2.773586,1.0,0.25
OUT2__P6__path_1,OUT2,P6,path_1,6,3.0,9.201,5.079,2.773586,1.0,0.25
OUT2__P6__path_1,OUT2,P6,path_1,7,3.5,8.734,5.259,2.773586,1.0,0.25
OUT2__P6__path_1,OUT2,P6,path_1,8,4.0,8.268,5.439,2.773586,1.0,0.25
OUT2__P6__path_1,OUT2,P6,path_1,9,4.308,7.98,5.55,2.773586,1.0,0.25
OUT2__P7__path_1,OUT2,P7,path_1,0,0.0,12.0,4.0,-2.372734,1.0,0.25
OUT2__P7__path_1,OUT2,P7,path_1,1,0.5,11.641,3.652,-2.372734,1.0,0.25
OUT2__P7__path_1,OUT2,P7,path_1,2,1.0,11.281,3.305,-2.372734,1.0,0.25
OUT2__P7__path_1,OUT2,P7,path_1,3,1.5,10.922,2.957,-2.372734,1.0,0.25
OUT2__P7__path_1,OUT2,P7,path_1,4,2.0,10.563,2.609,-2.372734,1.0,0.25
OUT2__P7__path_1,OUT2,P7,path_1,5,2.5,10.203,2.262,-2.372734,1.0,0.25
OUT2__P7__path_1,OUT2,P7,path_1,6,3.0,9.844,1.914,-2.372734,1.0,0.25
OUT2__P7__path_1,OUT2,P7,path_1,7,3.5,9.485,1.566,-2.372734,1.0,0.25
OUT2__P7__path_1,OUT2,P7,path_1,8,4.0,9.125,1.219,-2.372734,1.0,0.25
OUT2__P7__path_1,OUT2,P7,path_1,9,4.5,8.766,0.871,-2.372734,1.0,0.25
OUT2__P7__path_1,OUT2,P7,path_1,10,5.0,8.323,0.73,3.141593,1.0,0.25
OUT2__P7__path_1,OUT2,P7,path_1,11,5.5,7.823,0.73,3.141593,1.0,0.25
OUT2__P7__path_1,OUT2,P7,path_1,12,6.0,7.429,0.911,2.077895,1.0,0.25
OUT2__P7__path_1,OUT2,P7,path_1,13,6.102,7.38,1.0,2.077895,1.0,0.25
OUT2__P8__path_1,OUT2,P8,path_1,0,0.0,12.0,4.0,-2.675509,1.0,0.25
OUT2__P8__path_1,OUT2,P8,path_1,1,0.5,11.553,3.775,-2.675509,1.0,0.25
OUT2__P8__path_1,OUT2,P8,path_1,2,1.0,11.107,3.551,-2.675509,1.0,0.25
OUT2__P8__path_1,OUT2,P8,path_1,3,1.5,10.66,3.326,-2.675509,1.0,0.25
OUT2__P8__path_1,OUT2,P8,path_1,4,2.0,10.213,3.101,-2.675509,1.0,0.25
OUT2__P8__path_1,OUT2,P8,path_1,5,2.5,9.767,2.877,-2.675509,1.0,0.25
OUT2__P8__path_1,OUT2,P8,path_1,6,3.0,9.32,2.652,-2.675509,1.0,0.25
OUT2__P8__path_1,OUT2,P8,path_1,7,3.5,8.873,2.427,-2.675509,1.0,0.25
OUT2__P8__path_1,OUT2,P8,path_1,8,3.672,8.72,2.35,-2.675509,1.0,0.25
OUT2__P9__path_1,OUT2,P9,path_1,0,0.0,12.0,4.0,3.083457,1.0,0.25
OUT2__P9__path_1,OUT2,P9,path_1,1,0.5,11.501,4.029,3.083457,1.0,0.25
OUT2__P9__path_1,OUT2,P9,path_1,2,1.0,11.002,4.058,3.083457,1.0,0.25
OUT2__P9__path_1,OUT2,P9,path_1,3,1.5,10.503,4.087,3.083457,1.0,0.25
OUT2__P9__path_1,OUT2,P9,path_1,4,2.0,10.003,4.116,3.083457,1.0,0.25
OUT2__P9__path_1,OUT2,P9,path_1,5,2.5,9.504,4.145,3.083457,1.0,0.25
OUT2__P9__path_1,OUT2,P9,path_1,6,3.0,9.005,4.174,3.083457,1.0,0.25
OUT2__P9__path_1,OUT2,P9,path_1,7,3.5,8.506,4.203,3.083457,1.0,0.25
OUT2__P9__path_1,OUT2,P9,path_1,8,4.0,8.007,4.232,3.083457,1.0,0.25
OUT2__P9__path_1,OUT2,P9,path_1,9,4.5,7.508,4.261,3.083457,1.0,0.25
OUT2__P9__path_1,OUT2,P9,path_1,10,5.0,7.008,4.291,3.083457,1.0,0.25
OUT2__P9__path_1,OUT2,P9,path_1,11,5.5,6.509,4.32,3.083457,1.0,0.25
OUT2__P9__path_1,OUT2,P9,path_1,12,6.0,6.273,4.645,1.749427,1.0,0.25
OUT2__P9__path_1,OUT2,P9,path_1,13,6.411,6.2,5.05,1.749427,1.0,0.25
OUT2__SORT1__path_1,OUT2,SORT1,path_1,0,0.0,12.0,4.0,-2.462587,1.0,0.25
OUT2__SORT1__path_1,OUT2,SORT1,path_1,1,0.5,11.611,3.686,-2.462587,1.0,0.25
OUT2__SORT1__path_1,OUT2,SORT1,path_1,2,1.0,11.222,3.372,-2.462587,1.0,0.25
OUT2__SORT1__path_1,OUT2,SORT1,path_1,3,1.5,10.833,3.058,-2.462587,1.0,0.25
OUT2__SORT1__path_1,OUT2,SORT1,path_1,4,2.0,10.444,2.744,-2.462587,1.0,0.25
OUT2__SORT1__path_1,OUT2,SORT1,path_1,5,2.5,10.055,2.43,-2.462587,1.0,0.25
OUT2__SORT1__path_1,OUT2,SORT1,path_1,6,2.93,9.72,2.16,-2.462587,1.0,0.25
OUT2__SORT2__path_1,OUT2,SORT2,path_1,0,0.0,12.0,4.0,3.111114,1.0,0.25
OUT2__SORT2__path_1,OUT2,SORT2,path_1,1,0.5,11.5,4.015,3.111114,1.0,0.25
OUT2__SORT2__path_1,OUT2,SORT2,path_1,2,1.0,11.0,4.03,3.111114,1.0,0.25
OUT2__SORT2__path_1,OUT2,SORT2,path_1,3,1.5,10.501,4.046,3.111114,1.0,0.25
OUT2__SORT2__path_1,OUT2,SORT2,path_1,4,1.641,10.36,4.05,3.111114,1.0,0.25
OUT2__OUT1__path_1,OUT2,OUT1,path_1,0,0.0,12.0,4.0,-1.570796,1.0,0.25
OUT2__OUT1__path_1,OUT2,OUT1,path_1,1,0.5,12.0,3.5,-1.570796,1.0,0.25
OUT2__OUT1__path_1,OUT2,OUT1,path_1,2,1.0,12.0,3.0,-1.570796,1.0,0.25
OUT2__OUT1__path_1,OUT2,OUT1,path_1,3,1.5,12.0,2.5,-1.570796,1.0,0.25
OUT2__OUT1__path_1,OUT2,OUT1,path_1,4,2.0,12.0,2.0,-1.570796,1.0,0.25
OUT2__CHG1__path_1,OUT2,CHG1,path_1,0,0.0,12.0,4.0,-2.372734,1.0,0.25
OUT2__CHG1__path_1,OUT2,CHG1,path_1,1,0.5,11.641,3.652,-2.372734,1.0,0.25
OUT2__CHG1__path_1,OUT2,CHG1,path_1,2,1.0,11.281,3.305,-2.372734,1.0,0.25
OUT2__CHG1__path_1,OUT2,CHG1,path_1,3,1.5,10.922,2.957,-2.372734,1.0,0.25
OUT2__CHG1__path_1,OUT2,CHG1,path_1,4,2.0,10.563,2.609,-2.372734,1.0,0.25
OUT2__CHG1__path_1,OUT2,CHG1,path_1,5,2.5,10.203,2.262,-2.372734,1.0,0.25
OUT2__CHG1__path_1,OUT2,CHG1,path_1,6,3.0,9.844,1.914,-2.372734,1.0,0.25
OUT2__CHG1__path_1,OUT2,CHG1,path_1,7,3.5,9.485,1.566,-2.372734,1.0,0.25
OUT2__CHG1__path_1,OUT2,CHG1,path_1,8,4.0,9.125,1.219,-2.372734,1.0,0.25
OUT2__CHG1__path_1,OUT2,CHG1,path_1,9,4.5,8.766,0.871,-2.372734,1.0,0.25
OUT2__CHG1__path_1,OUT2,CHG1,path_1,10,5.0,8.324,0.702,-3.046084,1.0,0.25
OUT2__CHG1__path_1,OUT2,CHG1,path_1,11,5.5,7.827,0.654,-3.046084,1.0,0.25
OUT2__CHG1__path_1,OUT2,CHG1,path_1,12,6.0,7.329,0.606,-3.046084,1.0,0.25
OUT2__CHG1__path_1,OUT2,CHG1,path_1,13,6.5,6.831,0.559,-3.046084,1.0,0.25
OUT2__CHG1__path_1,OUT2,CHG1,path_1,14,7.0,6.333,0.511,-3.046084,1.0,0.25
OUT2__CHG1__path_1,OUT2,CHG1,path_1,15,7.5,5.836,0.463,-3.046084,1.0,0.25
OUT2__CHG1__path_1,OUT2,CHG1,path_1,16,8.0,5.338,0.416,-3.046084,1.0,0.25
OUT2__CHG1__path_1,OUT2,CHG1,path_1,17,8.5,4.84,0.368,-3.046084,1.0,0.25
OUT2__CHG1__path_1,OUT2,CHG1,path_1,18,9.0,4.342,0.32,-3.046084,1.0,0.25
OUT2__CHG1__path_1,OUT2,CHG1,path_1,19,9.5,3.845,0.273,-3.046084,1.0,0.25
OUT2__CHG1__path_1,OUT2,CHG1,path_1,20,10.0,3.347,0.225,-3.046084,1.0,0.25
OUT2__CHG1__path_1,OUT2,CHG1,path_1,21,10.5,2.849,0.177,-3.046084,1.0,0.25
OUT2__CHG1__path_1,OUT2,CHG1,path_1,22,11.0,2.352,0.129,-3.046084,1.0,0.25
OUT2__CHG1__path_1,OUT2,CHG1,path_1,23,11.5,1.854,0.082,-3.046084,1.0,0.25
OUT2__CHG1__path_1,OUT2,CHG1,path_1,24,12.0,1.356,0.034,-3.046084,1.0,0.25
OUT2__CHG1__path_1,OUT2,CHG1,path_1,25,12.358,1.0,0.0,-3.046084,1.0,0.25
OUT2__CHG2__path_1,OUT2,CHG2,path_1,0,0.0,12.0,4.0,-2.214297,1.0,0.25
OUT2__CHG2__path_1,OUT2,CHG2,path_1,1,0.5,11.7,3.6,-2.214297,1.0,0.25
OUT2__CHG2__path_1,OUT2,CHG2,path_1,2,1.0,11.4,3.2,-2.214297,1.0,0.25
OUT2__CHG2__path_1,OUT2,CHG2,path_1,3,1.5,11.1,2.8,-2.214297,1.0,0.25
OUT2__CHG2__path_1,OUT2,CHG2,path_1,4,2.0,10.8,2.4,-2.214297,1.0,0.25
OUT2__CHG2__path_1,OUT2,CHG2,path_1,5,2.5,10.5,2.0,-2.214297,1.0,0.25
OUT2__CHG2__path_1,OUT2,CHG2,path_1,6,3.0,10.2,1.6,-2.214297,1.0,0.25
OUT2__CHG2__path_1,OUT2,CHG2,path_1,7,3.5,9.9,1.2,-2.214297,1.0,0.25
OUT2__CHG2__path_1,OUT2,CHG2,path_1,8,4.0,9.6,0.8,-2.214297,1.0,0.25
OUT2__CHG2__path_1,OUT2,CHG2,path_1,9,4.5,9.3,0.4,-2.214297,1.0,0.25
OUT2__CHG2__path_1,OUT2,CHG2,path_1,10,5.0,9.0,0.0,-2.214297,1.0,0.25
CHG1__IN1__path_1,CHG1,IN1,path_1,0,0.0,1.0,0.0,2.356194,1.0,0.25
CHG1__IN1__path_1,CHG1,IN1,path_1,1,0.5,0.646,0.354,2.356194,1.0,0.25
CHG1__IN1__path_1,CHG1,IN1,path_1,2,1.0,0.293,0.707,2.356194,1.0,0.25
CHG1__IN1__path_1,CHG1,IN1,path_1,3,1.414,0.0,1.0,2.356194,1.0,0.25
CHG1__IN2__path_1,CHG1,IN2,path_1,0,0.0,1.0,0.0,1.768192,1.0,0.25
CHG1__IN2__path_1,CHG1,IN2,path_1,1,0.5,0.902,0.49,1.768192,1.0,0.25
CHG1__IN2__path_1,CHG1,IN2,path_1,2,1.0,0.804,0.981,1.768192,1.0,0.25
CHG1__IN2__path_1,CHG1,IN2,path_1,3,1.5,0.706,1.471,1.768192,1.0,0.25
CHG1__IN2__path_1,CHG1,IN2,path_1,4,2.0,0.608,1.961,1.768192,1.0,0.25
CHG1__IN2__path_1,CHG1,IN2,path_1,5,2.5,0.51,2.451,1.768192,1.0,0.25
CHG1__IN2__path_1,CHG1,IN2,path_1,6,3.0,0.412,2.942,1.768192,1.0,0.25
CHG1__IN2__path_1,CHG1,IN2,path_1,7,3.5,0.314,3.432,1.768192,1.0,0.25
CHG1__IN2__path_1,CHG1,IN2,path_1,8,4.0,0.216,3.922,1.768192,1.0,0.25
CHG1__IN2__path_1,CHG1,IN2,path_1,9,4.5,0.117,4.413,1.768192,1.0,0.25
CHG1__IN2__path_1,CHG1,IN2,path_1,10,5.0,0.019,4.903,1.768192,1.0,0.25
CHG1__IN2__path_1,CHG1,IN2,path_1,11,5.099,0.0,5.0,1.768192,1.0,0.25
CHG1__P1__path_1,CHG1,P1,path_1,0,0.0,1.0,0.0,0.421284,1.0,0.25
CHG1__P1__path_1,CHG1,P1,path_1,1,0.5,1.456,0.204,0.421284,1.0,0.25
CHG1__P1__path_1,CHG1,P1,path_1,2,1.0,1.913,0.409,0.421284,1.0,0.25
CHG1__P1__path_1,CHG1,P1,path_1,3,1.5,2.369,0.613,0.421284,1.0,0.25
CHG1__P1__path_1,CHG1,P1,path_1,4,2.0,2.825,0.818,0.421284,1.0,0.25
CHG1__P1__path_1,CHG1,P1,path_1,5,2.323,3.12,0.95,0.421284,1.0,0.25
CHG1__P2__path_1,CHG1,P2,path_1,0,0.0,1.0,0.0,0.158303,1.0,0.25
CHG1__P2__path_1,CHG1,P2,path_1,1,0.5,1.494,0.079,0.158303,1.0,0.25
CHG1__P2__path_1,CHG1,P2,path_1,2,1.0,1.987,0.158,0.158303,1.0,0.25
CHG1__P2__path_1,CHG1,P2,path_1,3,1.5,2.481,0.236,0.158303,1.0,0.25
CHG1__P2__path_1,CHG1,P2,path_1,4,2.0,2.975,0.315,0.158303,1.0,0.25
CHG1__P2__path_1,CHG1,P2,path_1,5,2.5,3.469,0.394,0.158303,1.0,0.25
CHG1__P2__path_1,CHG1,P2,path_1,6,3.0,3.962,0.473,0.158303,1.0,0.25
CHG1__P2__path_1,CHG1,P2,path_1,7,3.5,4.323,0.668,1.548822,1.0,0.25
CHG1__P2__path_1,CHG1,P2,path_1,8,4.0,4.334,1.168,1.548822,1.0,0.25
CHG1__P2__path_1,CHG1,P2,path_1,9,4.5,4.345,1.668,1.548822,1.0,0.25
CHG1__P2__path_1,CHG1,P2,path_1,10,5.0,4.356,2.168,1.548822,1.0,0.25
CHG1__P2__path_1,CHG1,P2,path_1,11,5.182,4.36,2.35,1.548822,1.0,0.25
CHG1__P3__path_1,CHG1,P3,path_1,0,0.0,1.0,0.0,1.092778,1.0,0.25
CHG1__P3__path_1,CHG1,P3,path_1,1,0.5,1.23,0.444,1.092778,1.0,0.25
CHG1__P3__path_1,CHG1,P3,path_1,2,1.0,1.46,0.888,1.092778,1.0,0.25
CHG1__P3__path_1,CHG1,P3,path_1,3,1.5,1.69,1.332,1.092778,1.0,0.25
CHG1__P3__path_1,CHG1,P3,path_1,4,2.0,1.92,1.776,1.092778,1.0,0.25
CHG1__P3__path_1,CHG1,P3,path_1,5,2.5,2.15,2.22,1.092778,1.0,0.25
CHG1__P3__path_1,CHG1,P3,path_1,6,3.0,2.38,2.664,1.092778,1.0,0.25
CHG1__P3__path_1,CHG1,P3,path_1,7,3.5,2.61,3.108,1.092778,1.0,0.25
CHG1__P3__path_1,CHG1,P3,path_1,8,4.0,2.84,3.552,1.092778,1.0,0.25
CHG1__P3__path_1,CHG1,P3,path_1,9,4.5,3.07,3.996,1.092778,1.0,0.25
CHG1__P3__path_1,CHG1,P3,path_1,10,5.0,3.3,4.44,1.092778,1.0,0.25
CHG1__P3__path_1,CHG1,P3,path_1,11,5.5,3.53,4.883,1.092778,1.0,0.25
CHG1__P3__path_1,CHG1,P3,path_1,12,5.913,3.72,5.25,1.092778,1.0,0.25
CHG1__P4__path_1,CHG1,P4,path_1,0,0.0,1.0,0.0,0.158303,1.0,0.25
CHG1__P4__path_1,CHG1,P4,path_1,1,0.5,1.494,0.079,0.158303,1.0,0.25
CHG1__P4__path_1,CHG1,P4,path_1,2,1.0,1.987,0.158,0.158303,1.0,0.25
CHG1__P4__path_1,CHG1,P4,path_1,3,1.5,2.481,0.236,0.158303,1.0,0.25
CHG1__P4__path_1,CHG1,P4,path_1,4,2.0,2.975,0.315,0.158303,1.0,0.25
CHG1__P4__path_1,CHG1,P4,path_1,5,2.5,3.469,0.394,0.158303,1.0,0.25
CHG1__P4__path_1,CHG1,P4,path_1,6,3.0,3.962,0.473,0.158303,1.0,0.25
CHG1__P4__path_1,CHG1,P4,path_1,7,3.5,4.412,0.633,0.843398,1.0,0.25
CHG1__P4__path_1,CHG1,P4,path_1,8,4.0,4.744,1.006,0.843398,1.0,0.25
CHG1__P4__path_1,CHG1,P4,path_1,9,4.46,5.05,1.35,0.843398,1.0,0.25
CHG1__P5__path_1,CHG1,P5,path_1,0,0.0,1.0,0.0,0.918586,1.0,0.25
CHG1__P5__path_1,CHG1,P5,path_1,1,0.5,1.303,0.397,0.918586,1.0,0.25
CHG1__P5__path_1,CHG1,P5,path_1,2,1.0,1.607,0.795,0.918586,1.0,0.25
CHG1__P5__path_1,CHG1,P5,path_1,3,1.5,1.91,1.192,0.918586,1.0,0.25
CHG1__P5__path_1,CHG1,P5,path_1,4,2.0,2.214,1.589,0.918586,1.0,0.25
CHG1__P5__path_1,CHG1,P5,path_1,5,2.5,2.517,1.987,0.918586,1.0,0.25
CHG1__P5__path_1,CHG1,P5,path_1,6,3.0,2.821,2.384,0.918586,1.0,0.25
CHG1__P5__path_1,CHG1,P5,path_1,7,3.5,3.124,2.782,0.918586,1.0,0.25
CHG1__P5__path_1,CHG1,P5,path_1,8,4.0,3.521,3.066,0.463648,1.0,0.25
CHG1__P5__path_1,CHG1,P5,path_1,9,4.5,3.969,3.289,0.463648,1.0,0.25
CHG1__P5__path_1,CHG1,P5,path_1,10,5.0,4.416,3.513,0.463648,1.0,0.25
CHG1__P5__path_1,CHG1,P5,path_1,11,5.5,4.863,3.737,0.463648,1.0,0.25
CHG1__P5__path_1,CHG1,P5,path_1,12,6.0,5.313,3.954,0.443103,1.0,0.25
CHG1__P5__path_1,CHG1,P5,path_1,13,6.34,5.62,4.1,0.443103,1.0,0.25
CHG1__P6__path_1,CHG1,P6,path_1,0,0.0,1.0,0.0,0.918586,1.0,0.25
CHG1__P6__path_1,CHG1,P6,path_1,1,0.5,1.303,0.397,0.918586,1.0,0.25
CHG1__P6__path_1,CHG1,P6,path_1,2,1.0,1.607,0.795,0.918586,1.0,0.25
CHG1__P6__path_1,CHG1,P6,path_1,3,1.5,1.91,1.192,0.918586,1.0,0.25
CHG1__P6__path_1,CHG1,P6,path_1,4,2.0,2.214,1.589,0.918586,1.0,0.25
CHG1__P6__path_1,CHG1,P6,path_1,5,2.5,2.517,1.987,0.918586,1.0,0.25
CHG1__P6__path_1,CHG1,P6,path_1,6,3.0,2.821,2.384,0.918586,1.0,0.25
CHG1__P6__path_1,CHG1,P6,path_1,7,3.5,3.124,2.782,0.918586,1.0,0.25
CHG1__P6__path_1,CHG1,P6,path_1,8,4.0,3.494,3.111,0.62566,1.0,0.25
CHG1__P6__path_1,CHG1,P6,path_1,9,4.5,3.899,3.404,0.62566,1.0,0.25
CHG1__P6__path_1,CHG1,P6,path_1,10,5.0,4.305,3.696,0.62566,1.0,0.25
CHG1__P6__path_1,CHG1,P6,path_1,11,5.5,4.71,3.989,0.62566,1.0,0.25
CHG1__P6__path_1,CHG1,P6,path_1,12,6.0,5.115,4.282,0.62566,1.0,0.25
CHG1__P6__path_1,CHG1,P6,path_1,13,6.5,5.488,4.612,0.823475,1.0,0.25
CHG1__P6__path_1,CHG1,P6,path_1,14,7.0,5.828,4.978,0.823475,1.0,0.25
CHG1__P6__path_1,CHG1,P6,path_1,15,7.5,6.168,5.345,0.823475,1.0,0.25
CHG1__P6__path_1,CHG1,P6,path_1,16,8.0,6.591,5.525,0.01818,1.0,0.25
CHG1__P6__path_1,CHG1,P6,path_1,17,8.5,7.091,5.534,0.01818,1.0,0.25
CHG1__P6__path_1,CHG1,P6,path_1,18,9.0,7.591,5.543,0.01818,1.0,0.25
CHG1__P6__path_1,CHG1,P6,path_1,19,9.389,7.98,5.55,0.01818,1.0,0.25
CHG1__P7__path_1,CHG1,P7,path_1,0,0.0,1.0,0.0,0.103755,1.0,0.25
CHG1__P7__path_1,CHG1,P7,path_1,1,0.5,1.497,0.052,0.103755,1.0,0.25
CHG1__P7__path_1,CHG1,P7,path_1,2,1.0,1.995,0.104,0.103755,1.0,0.25
CHG1__P7__path_1,CHG1,P7,path_1,3,1.5,2.492,0.155,0.103755,1.0,0.25
CHG1__P7__path_1,CHG1,P7,path_1,4,2.0,2.989,0.207,0.103755,1.0,0.25
CHG1__P7__path_1,CHG1,P7,path_1,5,2.5,3.487,0.259,0.103755,1.0,0.25
CHG1__P7__path_1,CHG1,P7,path_1,6,3.0,3.984,0.311,0.103755,1.0,0.25
CHG1__P7__path_1,CHG1,P7,path_1,7,3.5,4.481,0.362,0.103755,1.0,0.25
CHG1__P7__path_1,CHG1,P7,path_1,8,4.0,4.978,0.414,0.103755,1.0,0.25
CHG1__P7__path_1,CHG1,P7,path_1,9,4.5,5.476,0.466,0.103755,1.0,0.25
CHG1__P7__path_1,CHG1,P7,path_1,10,5.0,5.973,0.518,0.103755,1.0,0.25
CHG1__P7__path_1,CHG1,P7,path_1,11,5.5,6.47,0.57,0.103755,1.0,0.25
CHG1__P7__path_1,CHG1,P7,path_1,12,6.0,6.925,0.764,0.478352,1.0,0.25
CHG1__P7__path_1,CHG1,P7,path_1,13,6.5,7.369,0.994,0.478352,1.0,0.25
CHG1__P7__path_1,CHG1,P7,path_1,14,6.513,7.38,1.0,0.478352,1.0,0.25
CHG1__P8__path_1,CHG1,P8,path_1,0,0.0,1.0,0.0,0.095509,1.0,0.25
CHG1__P8__path_1,CHG1,P8,path_1,1,0.5,1.498,0.048,0.095509,1.0,0.25
CHG1__P8__path_1,CHG1,P8,path_1,2,1.0,1.995,0.095,0.095509,1.0,0.25
CHG1__P8__path_1,CHG1,P8,path_1,3,1.5,2.493,0.143,0.095509,1.0,0.25
CHG1__P8__path_1,CHG1,P8,path_1,4,2.0,2.991,0.191,0.095509,1.0,0.25
CHG1__P8__path_1,CHG1,P8,path_1,5,2.5,3.489,0.238,0.095509,1.0,0.25
CHG1__P8__path_1,CHG1,P8,path_1,6,3.0,3.986,0.286,0.095509,1.0,0.25
CHG1__P8__path_1,CHG1,P8,path_1,7,3.5,4.484,0.334,0.095509,1.0,0.25
CHG1__P8__path_1,CHG1,P8,path_1,8,4.0,4.982,0.381,0.095509,1.0,0.25
CHG1__P8__path_1,CHG1,P8,path_1,9,4.5,5.479,0.429,0.095509,1.0,0.25
CHG1__P8__path_1,CHG1,P8,path_1,10,5.0,5.977,0.477,0.095509,1.0,0.25
CHG1__P8__path_1,CHG1,P8,path_1,11,5.5,6.475,0.525,0.095509,1.0,0.25
CHG1__P8__path_1,CHG1,P8,path_1,12,6.0,6.973,0.572,0.095509,1.0,0.25
CHG1__P8__path_1,CHG1,P8,path_1,13,6.5,7.47,0.62,0.095509,1.0,0.25
CHG1__P8__path_1,CHG1,P8,path_1,14,7.0,7.968,0.668,0.095509,1.0,0.25
CHG1__P8__path_1,CHG1,P8,path_1,15,7.5,8.466,0.715,0.095509,1.0,0.25
CHG1__P8__path_1,CHG1,P8,path_1,16,8.0,8.641,1.074,1.509146,1.0,0.25
CHG1__P8__path_1,CHG1,P8,path_1,17,8.5,8.672,1.574,1.509146,1.0,0.25
CHG1__P8__path_1,CHG1,P8,path_1,18,9.0,8.703,2.073,1.509146,1.0,0.25
CHG1__P8__path_1,CHG1,P8,path_1,19,9.278,8.72,2.35,1.509146,1.0,0.25
CHG1__P9__path_1,CHG1,P9,path_1,0,0.0,1.0,0.0,0.918586,1.0,0.25
CHG1__P9__path_1,CHG1,P9,path_1,1,0.5,1.303,0.397,0.918586,1.0,0.25
CHG1__P9__path_1,CHG1,P9,path_1,2,1.0,1.607,0.795,0.918586,1.0,0.25
CHG1__P9__path_1,CHG1,P9,path_1,3,1.5,1.91,1.192,0.918586,1.0,0.25
CHG1__P9__path_1,CHG1,P9,path_1,4,2.0,2.214,1.589,0.918586,1.0,0.25
CHG1__P9__path_1,CHG1,P9,path_1,5,2.5,2.517,1.987,0.918586,1.0,0.25
CHG1__P9__path_1,CHG1,P9,path_1,6,3.0,2.821,2.384,0.918586,1.0,0.25
CHG1__P9__path_1,CHG1,P9,path_1,7,3.5,3.124,2.782,0.918586,1.0,0.25
CHG1__P9__path_1,CHG1,P9,path_1,8,4.0,3.495,3.11,0.622158,1.0,0.25
CHG1__P9__path_1,CHG1,P9,path_1,9,4.5,3.901,3.401,0.622158,1.0,0.25
CHG1__P9__path_1,CHG1,P9,path_1,10,5.0,4.307,3.693,0.622158,1.0,0.25
CHG1__P9__path_1,CHG1,P9,path_1,11,5.5,4.714,3.984,0.622158,1.0,0.25
CHG1__P9__path_1,CHG1,P9,path_1,12,6.0,5.12,4.275,0.622158,1.0,0.25
CHG1__P9__path_1,CHG1,P9,path_1,13,6.5,5.526,4.567,0.622158,1.0,0.25
CHG1__P9__path_1,CHG1,P9,path_1,14,7.0,5.933,4.858,0.622158,1.0,0.25
CHG1__P9__path_1,CHG1,P9,path_1,15,7.329,6.2,5.05,0.622158,1.0,0.25
CHG1__SORT1__path_1,CHG1,SORT1,path_1,0,0.0,1.0,0.0,0.095509,1.0,0.25
CHG1__SORT1__path_1,CHG1,SORT1,path_1,1,0.5,1.498,0.048,0.095509,1.0,0.25
CHG1__SORT1__path_1,CHG1,SORT1,path_1,2,1.0,1.995,0.095,0.095509,1.0,0.25
CHG1__SORT1__path_1,CHG1,SORT1,path_1,3,1.5,2.493,0.143,0.095509,1.0,0.25
CHG1__SORT1__path_1,CHG1,SORT1,path_1,4,2.0,2.991,0.191,0.095509,1.0,0.25
CHG1__SORT1__path_1,CHG1,SORT1,path_1,5,2.5,3.489,0.238,0.095509,1.0,0.25
CHG1__SORT1__path_1,CHG1,SORT1,path_1,6,3.0,3.986,0.286,0.095509,1.0,0.25
CHG1__SORT1__path_1,CHG1,SORT1,path_1,7,3.5,4.484,0.334,0.095509,1.0,0.25
CHG1__SORT1__path_1,CHG1,SORT1,path_1,8,4.0,4.982,0.381,0.095509,1.0,0.25
CHG1__SORT1__path_1,CHG1,SORT1,path_1,9,4.5,5.479,0.429,0.095509,1.0,0.25
CHG1__SORT1__path_1,CHG1,SORT1,path_1,10,5.0,5.977,0.477,0.095509,1.0,0.25
CHG1__SORT1__path_1,CHG1,SORT1,path_1,11,5.5,6.475,0.525,0.095509,1.0,0.25
CHG1__SORT1__path_1,CHG1,SORT1,path_1,12,6.0,6.973,0.572,0.095509,1.0,0.25
CHG1__SORT1__path_1,CHG1,SORT1,path_1,13,6.5,7.47,0.62,0.095509,1.0,0.25
CHG1__SORT1__path_1,CHG1,SORT1,path_1,14,7.0,7.968,0.668,0.095509,1.0,0.25
CHG1__SORT1__path_1,CHG1,SORT1,path_1,15,7.5,8.466,0.715,0.095509,1.0,0.25
CHG1__SORT1__path_1,CHG1,SORT1,path_1,16,8.0,8.83,1.004,0.915101,1.0,0.25
CHG1__SORT1__path_1,CHG1,SORT1,path_1,17,8.5,9.135,1.4,0.915101,1.0,0.25
CHG1__SORT1__path_1,CHG1,SORT1,path_1,18,9.0,9.44,1.796,0.915101,1.0,0.25
CHG1__SORT1__path_1,CHG1,SORT1,path_1,19,9.459,9.72,2.16,0.915101,1.0,0.25
CHG1__SORT2__path_1,CHG1,SORT2,path_1,0,0.0,1.0,0.0,0.918586,1.0,0.25
CHG1__SORT2__path_1,CHG1,SORT2,path_1,1,0.5,1.303,0.397,0.918586,1.0,0.25
CHG1__SORT2__path_1,CHG1,SORT2,path_1,2,1.0,1.607,0.795,0.918586,1.0,0.25
CHG1__SORT2__path_1,CHG1,SORT2,path_1,3,1.5,1.91,1.192,0.918586,1.0,0.25
CHG1__SORT2__path_1,CHG1,SORT2,path_1,4,2.0,2.214,1.589,0.918586,1.0,0.25
CHG1__SORT2__path_1,CHG1,SORT2,path_1,5,2.5,2.517,1.987,0.918586,1.0,0.25
CHG1__SORT2__path_1,CHG1,SORT2,path_1,6,3.0,2.821,2.384,0.918586,1.0,0.25
CHG1__SORT2__path_1,CHG1,SORT2,path_1,7,3.5,3.124,2.782,0.918586,1.0,0.25
CHG1__SORT2__path_1,CHG1,SORT2,path_1,8,4.0,3.521,3.066,0.463648,1.0,0.25
CHG1__SORT2__path_1,CHG1,SORT2,path_1,9,4.5,3.969,3.289,0.463648,1.0,0.25
CHG1__SORT2__path_1,CHG1,SORT2,path_1,10,5.0,4.416,3.513,0.463648,1.0,0.25
CHG1__SORT2__path_1,CHG1,SORT2,path_1,11,5.5,4.863,3.737,0.463648,1.0,0.25
CHG1__SORT2__path_1,CHG1,SORT2,path_1,12,6.0,5.343,3.834,0.043125,1.0,0.25
CHG1__SORT2__path_1,CHG1,SORT2,path_1,13,6.5,5.843,3.855,0.043125,1.0,0.25
CHG1__SORT2__path_1,CHG1,SORT2,path_1,14,7.0,6.342,3.877,0.043125,1.0,0.25
CHG1__SORT2__path_1,CHG1,SORT2,path_1,15,7.5,6.842,3.898,0.043125,1.0,0.25
CHG1__SORT2__path_1,CHG1,SORT2,path_1,16,8.0,7.341,3.92,0.043125,1.0,0.25
CHG1__SORT2__path_1,CHG1,SORT2,path_1,17,8.5,7.841,3.941,0.043125,1.0,0.25
CHG1__SORT2__path_1,CHG1,SORT2,path_1,18,9.0,8.34,3.963,0.043125,1.0,0.25
CHG1__SORT2__path_1,CHG1,SORT2,path_1,19,9.5,8.84,3.984,0.043125,1.0,0.25
CHG1__SORT2__path_1,CHG1,SORT2,path_1,20,10.0,9.339,4.006,0.043125,1.0,0.25
CHG1__SORT2__path_1,CHG1,SORT2,path_1,21,10.5,9.839,4.028,0.043125,1.0,0.25
CHG1__SORT2__path_1,CHG1,SORT2,path_1,22,11.0,10.338,4.049,0.043125,1.0,0.25
CHG1__SORT2__path_1,CHG1,SORT2,path_1,23,11.022,10.36,4.05,0.043125,1.0,0.25
CHG1__OUT1__path_1,CHG1,OUT1,path_1,0,0.0,1.0,0.0,0.095509,1.0,0.25
CHG1__OUT1__path_1,CHG1,OUT1,path_1,1,0.5,1.498,0.048,0.095509,1.0,0.25
CHG1__OUT1__path_1,CHG1,OUT1,path_1,2,1.0,1.995,0.095,0.095509,1.0,0.25
CHG1__OUT1__path_1,CHG1,OUT1,path_1,3,1.5,2.493,0.143,0.095509,1.0,0.25
CHG1__OUT1__path_1,CHG1,OUT1,path_1,4,2.0,2.991,0.191,0.095509,1.0,0.25
CHG1__OUT1__path_1,CHG1,OUT1,path_1,5,2.5,3.489,0.238,0.095509,1.0,0.25
CHG1__OUT1__path_1,CHG1,OUT1,path_1,6,3.0,3.986,0.286,0.095509,1.0,0.25
CHG1__OUT1__path_1,CHG1,OUT1,path_1,7,3.5,4.484,0.334,0.095509,1.0,0.25
CHG1__OUT1__path_1,CHG1,OUT1,path_1,8,4.0,4.982,0.381,0.095509,1.0,0.25
CHG1__OUT1__path_1,CHG1,OUT1,path_1,9,4.5,5.479,0.429,0.095509,1.0,0.25
CHG1__OUT1__path_1,CHG1,OUT1,path_1,10,5.0,5.977,0.477,0.095509,1.0,0.25
CHG1__OUT1__path_1,CHG1,OUT1,path_1,11,5.5,6.475,0.525,0.095509,1.0,0.25
CHG1__OUT1__path_1,CHG1,OUT1,path_1,12,6.0,6.973,0.572,0.095509,1.0,0.25
CHG1__OUT1__path_1,CHG1,OUT1,path_1,13,6.5,7.47,0.62,0.095509,1.0,0.25
CHG1__OUT1__path_1,CHG1,OUT1,path_1,14,7.0,7.968,0.668,0.095509,1.0,0.25
CHG1__OUT1__path_1,CHG1,OUT1,path_1,15,7.5,8.466,0.715,0.095509,1.0,0.25
CHG1__OUT1__path_1,CHG1,OUT1,path_1,16,8.0,8.943,0.851,0.359419,1.0,0.25
CHG1__OUT1__path_1,CHG1,OUT1,path_1,17,8.5,9.411,1.027,0.359419,1.0,0.25
CHG1__OUT1__path_1,CHG1,OUT1,path_1,18,9.0,9.879,1.203,0.359419,1.0,0.25
CHG1__OUT1__path_1,CHG1,OUT1,path_1,19,9.5,10.347,1.379,0.359419,1.0,0.25
CHG1__OUT1__path_1,CHG1,OUT1,path_1,20,10.0,10.815,1.555,0.359419,1.0,0.25
CHG1__OUT1__path_1,CHG1,OUT1,path_1,21,10.5,11.283,1.731,0.359419,1.0,0.25
CHG1__OUT1__path_1,CHG1,OUT1,path_1,22,11.0,11.751,1.907,0.359419,1.0,0.25
CHG1__OUT1__path_1,CHG1,OUT1,path_1,23,11.266,12.0,2.0,0.359419,1.0,0.25
CHG1__OUT2__path_1,CHG1,OUT2,path_1,0,0.0,1.0,0.0,0.095509,1.0,0.25
CHG1__OUT2__path_1,CHG1,OUT2,path_1,1,0.5,1.498,0.048,0.095509,1.0,0.25
CHG1__OUT2__path_1,CHG1,OUT2,path_1,2,1.0,1.995,0.095,0.095509,1.0,0.25
CHG1__OUT2__path_1,CHG1,OUT2,path_1,3,1.5,2.493,0.143,0.095509,1.0,0.25
CHG1__OUT2__path_1,CHG1,OUT2,path_1,4,2.0,2.991,0.191,0.095509,1.0,0.25
CHG1__OUT2__path_1,CHG1,OUT2,path_1,5,2.5,3.489,0.238,0.095509,1.0,0.25
CHG1__OUT2__path_1,CHG1,OUT2,path_1,6,3.0,3.986,0.286,0.095509,1.0,0.25
CHG1__OUT2__path_1,CHG1,OUT2,path_1,7,3.5,4.484,0.334,0.095509,1.0,0.25
CHG1__OUT2__path_1,CHG1,OUT2,path_1,8,4.0,4.982,0.381,0.095509,1.0,0.25
CHG1__OUT2__path_1,CHG1,OUT2,path_1,9,4.5,5.479,0.429,0.095509,1.0,0.25
CHG1__OUT2__path_1,CHG1,OUT2,path_1,10,5.0,5.977,0.477,0.095509,1.0,0.25
CHG1__OUT2__path_1,CHG1,OUT2,path_1,11,5.5,6.475,0.525,0.095509,1.0,0.25
CHG1__OUT2__path_1,CHG1,OUT2,path_1,12,6.0,6.973,0.572,0.095509,1.0,0.25
CHG1__OUT2__path_1,CHG1,OUT2,path_1,13,6.5,7.47,0.62,0.095509,1.0,0.25
CHG1__OUT2__path_1,CHG1,OUT2,path_1,14,7.0,7.968,0.668,0.095509,1.0,0.25
CHG1__OUT2__path_1,CHG1,OUT2,path_1,15,7.5,8.466,0.715,0.095509,1.0,0.25
CHG1__OUT2__path_1,CHG1,OUT2,path_1,16,8.0,8.868,0.97,0.768858,1.0,0.25
CHG1__OUT2__path_1,CHG1,OUT2,path_1,17,8.5,9.227,1.318,0.768858,1.0,0.25
CHG1__OUT2__path_1,CHG1,OUT2,path_1,18,9.0,9.587,1.665,0.768858,1.0,0.25
CHG1__OUT2__path_1,CHG1,OUT2,path_1,19,9.5,9.946,2.013,0.768858,1.0,0.25
CHG1__OUT2__path_1,CHG1,OUT2,path_1,20,10.0,10.305,2.361,0.768858,1.0,0.25
CHG1__OUT2__path_1,CHG1,OUT2,path_1,21,10.5,10.665,2.708,0.768858,1.0,0.25
CHG1__OUT2__path_1,CHG1,OUT2,path_1,22,11.0,11.024,3.056,0.768858,1.0,0.25
CHG1__OUT2__path_1,CHG1,OUT2,path_1,23,11.5,11.384,3.404,0.768858,1.0,0.25
CHG1__OUT2__path_1,CHG1,OUT2,path_1,24,12.0,11.743,3.751,0.768858,1.0,0.25
CHG1__OUT2__path_1,CHG1,OUT2,path_1,25,12.358,12.0,4.0,0.768858,1.0,0.25
CHG1__CHG2__path_1,CHG1,CHG2,path_1,0,0.0,1.0,0.0,0.0,1.0,0.25
CHG1__CHG2__path_1,CHG1,CHG2,path_1,1,0.5,1.5,0.0,0.0,1.0,0.25
CHG1__CHG2__path_1,CHG1,CHG2,path_1,2,1.0,2.0,0.0,0.0,1.0,0.25
CHG1__CHG2__path_1,CHG1,CHG2,path_1,3,1.5,2.5,0.0,0.0,1.0,0.25
CHG1__CHG2__path_1,CHG1,CHG2,path_1,4,2.0,3.0,0.0,0.0,1.0,0.25
CHG1__CHG2__path_1,CHG1,CHG2,path_1,5,2.5,3.5,0.0,0.0,1.0,0.25
CHG1__CHG2__path_1,CHG1,CHG2,path_1,6,3.0,4.0,0.0,0.0,1.0,0.25
CHG1__CHG2__path_1,CHG1,CHG2,path_1,7,3.5,4.5,0.0,0.0,1.0,0.25
CHG1__CHG2__path_1,CHG1,CHG2,path_1,8,4.0,5.0,0.0,0.0,1.0,0.25
CHG1__CHG2__path_1,CHG1,CHG2,path_1,9,4.5,5.5,0.0,0.0,1.0,0.25
CHG1__CHG2__path_1,CHG1,CHG2,path_1,10,5.0,6.0,0.0,0.0,1.0,0.25
CHG1__CHG2__path_1,CHG1,CHG2,path_1,11,5.5,6.5,0.0,0.0,1.0,0.25
CHG1__CHG2__path_1,CHG1,CHG2,path_1,12,6.0,7.0,0.0,0.0,1.0,0.25
CHG1__CHG2__path_1,CHG1,CHG2,path_1,13,6.5,7.5,0.0,0.0,1.0,0.25
CHG1__CHG2__path_1,CHG1,CHG2,path_1,14,7.0,8.0,0.0,0.0,1.0,0.25
CHG1__CHG2__path_1,CHG1,CHG2,path_1,15,7.5,8.5,0.0,0.0,1.0,0.25
CHG1__CHG2__path_1,CHG1,CHG2,path_1,16,8.0,9.0,0.0,0.0,1.0,0.25
CHG2__IN1__path_1,CHG2,IN1,path_1,0,0.0,9.0,0.0,3.049995,1.0,0.25
CHG2__IN1__path_1,CHG2,IN1,path_1,1,0.5,8.502,0.046,3.049995,1.0,0.25
CHG2__IN1__path_1,CHG2,IN1,path_1,2,1.0,8.004,0.091,3.049995,1.0,0.25
CHG2__IN1__path_1,CHG2,IN1,path_1,3,1.5,7.506,0.137,3.049995,1.0,0.25
CHG2__IN1__path_1,CHG2,IN1,path_1,4,2.0,7.008,0.183,3.049995,1.0,0.25
CHG2__IN1__path_1,CHG2,IN1,path_1,5,2.5,6.51,0.229,3.049995,1.0,0.25
CHG2__IN1__path_1,CHG2,IN1,path_1,6,3.0,6.013,0.274,3.049995,1.0,0.25
CHG2__IN1__path_1,CHG2,IN1,path_1,7,3.5,5.515,0.32,3.049995,1.0,0.25
CHG2__IN1__path_1,CHG2,IN1,path_1,8,4.0,5.017,0.366,3.049995,1.0,0.25
CHG2__IN1__path_1,CHG2,IN1,path_1,9,4.5,4.519,0.412,3.049995,1.0,0.25
CHG2__IN1__path_1,CHG2,IN1,path_1,10,5.0,4.021,0.457,3.049995,1.0,0.25
CHG2__IN1__path_1,CHG2,IN1,path_1,11,5.5,3.523,0.503,3.049995,1.0,0.25
CHG2__IN1__path_1,CHG2,IN1,path_1,12,6.0,3.026,0.56,2.997096,1.0,0.25
CHG2__IN1__path_1,CHG2,IN1,path_1,13,6.5,2.532,0.632,2.997096,1.0,0.25
CHG2__IN1__path_1,CHG2,IN1,path_1,14,7.0,2.037,0.704,2.997096,1.0,0.25
CHG2__IN1__path_1,CHG2,IN1,path_1,15,7.5,1.542,0.776,2.997096,1.0,0.25
CHG2__IN1__path_1,CHG2,IN1,path_1,16,8.0,1.047,0.848,2.997096,1.0,0.25
CHG2__IN1__path_1,CHG2,IN1,path_1,17,8.5,0.552,0.92,2.997096,1.0,0.25
CHG2__IN1__path_1,CHG2,IN1,path_1,18,9.0,0.058,0.992,2.997096,1.0,0.25
CHG2__IN1__path_1,CHG2,IN1,path_1,19,9.058,0.0,1.0,2.997096,1.0,0.25
CHG2__IN2__path_1,CHG2,IN2,path_1,0,0.0,9.0,0.0,2.68067,1.0,0.25
CHG2__IN2__path_1,CHG2,IN2,path_1,1,0.5,8.552,0.222,2.68067,1.0,0.25
CHG2__IN2__path_1,CHG2,IN2,path_1,2,1.0,8.104,0.445,2.68067,1.0,0.25
CHG2__IN2__path_1,CHG2,IN2,path_1,3,1.5,7.657,0.667,2.68067,1.0,0.25
CHG2__IN2__path_1,CHG2,IN2,path_1,4,2.0,7.364,1.048,2.051684,1.0,0.25
CHG2__IN2__path_1,CHG2,IN2,path_1,5,2.5,7.133,1.491,2.051684,1.0,0.25
CHG2__IN2__path_1,CHG2,IN2,path_1,6,3.0,6.902,1.935,2.051684,1.0,0.25
CHG2__IN2__path_1,CHG2,IN2,path_1,7,3.5,6.67,2.378,2.051684,1.0,0.25
CHG2__IN2__path_1,CHG2,IN2,path_1,8,4.0,6.294,2.634,2.91195,1.0,0.25
CHG2__IN2__path_1,CHG2,IN2,path_1,9,4.5,5.807,2.748,2.91195,1.0,0.25
CHG2__IN2__path_1,CHG2,IN2,path_1,10,5.0,5.32,2.862,2.91195,1.0,0.25
CHG2__IN2__path_1,CHG2,IN2,path_1,11,5.5,4.843,3.007,2.751186,1.0,0.25
CHG2__IN2__path_1,CHG2,IN2,path_1,12,6.0,4.381,3.197,2.751186,1.0,0.25
CHG2__IN2__path_1,CHG2,IN2,path_1,13,6.5,3.919,3.387,2.751186,1.0,0.25
CHG2__IN2__path_1,CHG2,IN2,path_1,14,7.0,3.456,3.578,2.751186,1.0,0.25
CHG2__IN2__path_1,CHG2,IN2,path_1,15,7.5,2.994,3.768,2.751186,1.0,0.25
CHG2__IN2__path_1,CHG2,IN2,path_1,16,8.0,2.531,3.958,2.751186,1.0,0.25
CHG2__IN2__path_1,CHG2,IN2,path_1,17,8.5,2.069,4.149,2.751186,1.0,0.25
CHG2__IN2__path_1,CHG2,IN2,path_1,18,9.0,1.607,4.339,2.751186,1.0,0.25
CHG2__IN2__path_1,CHG2,IN2,path_1,19,9.5,1.144,4.529,2.751186,1.0,0.25
CHG2__IN2__path_1,CHG2,IN2,path_1,20,10.0,0.682,4.719,2.751186,1.0,0.25
CHG2__IN2__path_1,CHG2,IN2,path_1,21,10.5,0.22,4.91,2.751186,1.0,0.25
CHG2__IN2__path_1,CHG2,IN2,path_1,22,10.737,0.0,5.0,2.751186,1.0,0.25
CHG2__P1__path_1,CHG2,P1,path_1,0,0.0,9.0,0.0,3.049995,1.0,0.25
CHG2__P1__path_1,CHG2,P1,path_1,1,0.5,8.502,0.046,3.049995,1.0,0.25
CHG2__P1__path_1,CHG2,P1,path_1,2,1.0,8.004,0.091,3.049995,1.0,0.25
CHG2__P1__path_1,CHG2,P1,path_1,3,1.5,7.506,0.137,3.049995,1.0,0.25
CHG2__P1__path_1,CHG2,P1,path_1,4,2.0,7.008,0.183,3.049995,1.0,0.25
CHG2__P1__path_1,CHG2,P1,path_1,5,2.5,6.51,0.229,3.049995,1.0,0.25
CHG2__P1__path_1,CHG2,P1,path_1,6,3.0,6.013,0.274,3.049995,1.0,0.25
CHG2__P1__path_1,CHG2,P1,path_1,7,3.5,5.515,0.32,3.049995,1.0,0.25
CHG2__P1__path_1,CHG2,P1,path_1,8,4.0,5.017,0.366,3.049995,1.0,0.25
CHG2__P1__path_1,CHG2,P1,path_1,9,4.5,4.519,0.412,3.049995,1.0,0.25
CHG2__P1__path_1,CHG2,P1,path_1,10,5.0,4.021,0.457,3.049995,1.0,0.25
CHG2__P1__path_1,CHG2,P1,path_1,11,5.5,3.523,0.503,3.049995,1.0,0.25
CHG2__P1__path_1,CHG2,P1,path_1,12,6.0,3.178,0.729,1.826948,1.0,0.25
CHG2__P1__path_1,CHG2,P1,path_1,13,6.228,3.12,0.95,1.826948,1.0,0.25
CHG2__P2__path_1,CHG2,P2,path_1,0,0.0,9.0,0.0,2.988943,1.0,0.25
CHG2__P2__path_1,CHG2,P2,path_1,1,0.5,8.506,0.076,2.988943,1.0,0.25
CHG2__P2__path_1,CHG2,P2,path_1,2,1.0,8.012,0.152,2.988943,1.0,0.25
CHG2__P2__path_1,CHG2,P2,path_1,3,1.5,7.517,0.228,2.988943,1.0,0.25
CHG2__P2__path_1,CHG2,P2,path_1,4,2.0,7.023,0.304,2.988943,1.0,0.25
CHG2__P2__path_1,CHG2,P2,path_1,5,2.5,6.529,0.38,2.988943,1.0,0.25
CHG2__P2__path_1,CHG2,P2,path_1,6,3.0,6.035,0.456,2.988943,1.0,0.25
CHG2__P2__path_1,CHG2,P2,path_1,7,3.5,5.541,0.532,2.988943,1.0,0.25
CHG2__P2__path_1,CHG2,P2,path_1,8,4.0,5.148,0.747,2.027641,1.0,0.25
CHG2__P2__path_1,CHG2,P2,path_1,9,4.5,4.928,1.195,2.027641,1.0,0.25
CHG2__P2__path_1,CHG2,P2,path_1,10,5.0,4.707,1.644,2.027641,1.0,0.25
CHG2__P2__path_1,CHG2,P2,path_1,11,5.5,4.486,2.093,2.027641,1.0,0.25
CHG2__P2__path_1,CHG2,P2,path_1,12,5.787,4.36,2.35,2.027641,1.0,0.25
CHG2__P3__path_1,CHG2,P3,path_1,0,0.0,9.0,0.0,2.988943,1.0,0.25
CHG2__P3__path_1,CHG2,P3,path_1,1,0.5,8.506,0.076,2.988943,1.0,0.25
CHG2__P3__path_1,CHG2,P3,path_1,2,1.0,8.012,0.152,2.988943,1.0,0.25
CHG2__P3__path_1,CHG2,P3,path_1,3,1.5,7.517,0.228,2.988943,1.0,0.25
CHG2__P3__path_1,CHG2,P3,path_1,4,2.0,7.023,0.304,2.988943,1.0,0.25
CHG2__P3__path_1,CHG2,P3,path_1,5,2.5,6.529,0.38,2.988943,1.0,0.25
CHG2__P3__path_1,CHG2,P3,path_1,6,3.0,6.035,0.456,2.988943,1.0,0.25
CHG2__P3__path_1,CHG2,P3,path_1,7,3.5,5.541,0.532,2.988943,1.0,0.25
CHG2__P3__path_1,CHG2,P3,path_1,8,4.0,5.167,0.754,1.919567,1.0,0.25
CHG2__P3__path_1,CHG2,P3,path_1,9,4.5,4.996,1.224,1.919567,1.0,0.25
CHG2__P3__path_1,CHG2,P3,path_1,10,5.0,4.825,1.694,1.919567,1.0,0.25
CHG2__P3__path_1,CHG2,P3,path_1,11,5.5,4.654,2.164,1.919567,1.0,0.25
CHG2__P3__path_1,CHG2,P3,path_1,12,6.0,4.483,2.634,1.919567,1.0,0.25
CHG2__P3__path_1,CHG2,P3,path_1,13,6.5,4.312,3.104,1.919567,1.0,0.25
CHG2__P3__path_1,CHG2,P3,path_1,14,7.0,4.141,3.574,1.919567,1.0,0.25
CHG2__P3__path_1,CHG2,P3,path_1,15,7.5,3.97,4.044,1.919567,1.0,0.25
CHG2__P3__path_1,CHG2,P3,path_1,16,8.0,3.818,4.518,1.704147,1.0,0.25
CHG2__P3__path_1,CHG2,P3,path_1,17,8.5,3.752,5.014,1.704147,1.0,0.25
CHG2__P3__path_1,CHG2,P3,path_1,18,8.738,3.72,5.25,1.704147,1.0,0.25
CHG2__P4__path_1,CHG2,P4,path_1,0,0.0,9.0,0.0,2.988943,1.0,0.25
CHG2__P4__path_1,CHG2,P4,path_1,1,0.5,8.506,0.076,2.988943,1.0,0.25
CHG2__P4__path_1,CHG2,P4,path_1,2,1.0,8.012,0.152,2.988943,1.0,0.25
CHG2__P4__path_1,CHG2,P4,path_1,3,1.5,7.517,0.228,2.988943,1.0,0.25
CHG2__P4__path_1,CHG2,P4,path_1,4,2.0,7.023,0.304,2.988943,1.0,0.25
CHG2__P4__path_1,CHG2,P4,path_1,5,2.5,6.529,0.38,2.988943,1.0,0.25
CHG2__P4__path_1,CHG2,P4,path_1,6,3.0,6.035,0.456,2.988943,1.0,0.25
CHG2__P4__path_1,CHG2,P4,path_1,7,3.5,5.541,0.532,2.988943,1.0,0.25
CHG2__P4__path_1,CHG2,P4,path_1,8,4.0,5.188,0.761,1.800439,1.0,0.25
CHG2__P4__path_1,CHG2,P4,path_1,9,4.5,5.074,1.248,1.800439,1.0,0.25
CHG2__P4__path_1,CHG2,P4,path_1,10,4.605,5.05,1.35,1.800439,1.0,0.25
CHG2__P5__path_1,CHG2,P5,path_1,0,0.0,9.0,0.0,2.68067,1.0,0.25
CHG2__P5__path_1,CHG2,P5,path_1,1,0.5,8.552,0.222,2.68067,1.0,0.25
CHG2__P5__path_1,CHG2,P5,path_1,2,1.0,8.104,0.445,2.68067,1.0,0.25
CHG2__P5__path_1,CHG2,P5,path_1,3,1.5,7.657,0.667,2.68067,1.0,0.25
CHG2__P5__path_1,CHG2,P5,path_1,4,2.0,7.364,1.048,2.051684,1.0,0.25
CHG2__P5__path_1,CHG2,P5,path_1,5,2.5,7.133,1.491,2.051684,1.0,0.25
CHG2__P5__path_1,CHG2,P5,path_1,6,3.0,6.902,1.935,2.051684,1.0,0.25
CHG2__P5__path_1,CHG2,P5,path_1,7,3.5,6.67,2.378,2.051684,1.0,0.25
CHG2__P5__path_1,CHG2,P5,path_1,8,4.0,6.436,2.819,2.064738,1.0,0.25
CHG2__P5__path_1,CHG2,P5,path_1,9,4.5,6.376,3.315,1.681454,1.0,0.25
CHG2__P5__path_1,CHG2,P5,path_1,10,5.0,6.321,3.812,1.681454,1.0,0.25
CHG2__P5__path_1,CHG2,P5,path_1,11,5.5,5.863,4.003,2.761086,1.0,0.25
CHG2__P5__path_1,CHG2,P5,path_1,12,5.762,5.62,4.1,2.761086,1.0,0.25
CHG2__P6__path_1,CHG2,P6,path_1,0,0.0,9.0,0.0,1.695966,1.0,0.25
CHG2__P6__path_1,CHG2,P6,path_1,1,0.5,8.938,0.496,1.695966,1.0,0.25
CHG2__P6__path_1,CHG2,P6,path_1,2,1.0,8.875,0.992,1.695966,1.0,0.25
CHG2__P6__path_1,CHG2,P6,path_1,3,1.5,8.813,1.488,1.695966,1.0,0.25
CHG2__P6__path_1,CHG2,P6,path_1,4,2.0,8.75,1.984,1.695966,1.0,0.25
CHG2__P6__path_1,CHG2,P6,path_1,5,2.5,8.688,2.48,1.695966,1.0,0.25
CHG2__P6__path_1,CHG2,P6,path_1,6,3.0,8.625,2.977,1.695966,1.0,0.25
CHG2__P6__path_1,CHG2,P6,path_1,7,3.5,8.514,3.464,1.806341,1.0,0.25
CHG2__P6__path_1,CHG2,P6,path_1,8,4.0,8.397,3.95,1.806341,1.0,0.25
CHG2__P6__path_1,CHG2,P6,path_1,9,4.5,8.28,4.436,1.806341,1.0,0.25
CHG2__P6__path_1,CHG2,P6,path_1,10,5.0,8.163,4.922,1.806341,1.0,0.25
CHG2__P6__path_1,CHG2,P6,path_1,11,5.5,8.047,5.408,1.806341,1.0,0.25
CHG2__P6__path_1,CHG2,P6,path_1,12,5.665,7.98,5.55,1.806341,1.0,0.25
CHG2__P7__path_1,CHG2,P7,path_1,0,0.0,9.0,0.0,2.68067,1.0,0.25
CHG2__P7__path_1,CHG2,P7,path_1,1,0.5,8.552,0.222,2.68067,1.0,0.25
CHG2__P7__path_1,CHG2,P7,path_1,2,1.0,8.104,0.445,2.68067,1.0,0.25
CHG2__P7__path_1,CHG2,P7,path_1,3,1.5,7.657,0.667,2.68067,1.0,0.25
CHG2__P7__path_1,CHG2,P7,path_1,4,1.95,7.38,1.0,2.68067,1.0,0.25
CHG2__P8__path_1,CHG2,P8,path_1,0,0.0,9.0,0.0,1.689386,1.0,0.25
CHG2__P8__path_1,CHG2,P8,path_1,1,0.5,8.941,0.496,1.689386,1.0,0.25
CHG2__P8__path_1,CHG2,P8,path_1,2,1.0,8.882,0.993,1.689386,1.0,0.25
CHG2__P8__path_1,CHG2,P8,path_1,3,1.5,8.823,1.489,1.689386,1.0,0.25
CHG2__P8__path_1,CHG2,P8,path_1,4,2.0,8.763,1.986,1.689386,1.0,0.25
CHG2__P8__path_1,CHG2,P8,path_1,5,2.367,8.72,2.35,1.689386,1.0,0.25
CHG2__P9__path_1,CHG2,P9,path_1,0,0.0,9.0,0.0,2.68067,1.0,0.25
CHG2__P9__path_1,CHG2,P9,path_1,1,0.5,8.552,0.222,2.68067,1.0,0.25
CHG2__P9__path_1,CHG2,P9,path_1,2,1.0,8.104,0.445,2.68067,1.0,0.25
CHG2__P9__path_1,CHG2,P9,path_1,3,1.5,7.657,0.667,2.68067,1.0,0.25
CHG2__P9__path_1,CHG2,P9,path_1,4,2.0,7.364,1.048,2.051684,1.0,0.25
CHG2__P9__path_1,CHG2,P9,path_1,5,2.5,7.133,1.491,2.051684,1.0,0.25
CHG2__P9__path_1,CHG2,P9,path_1,6,3.0,6.902,1.935,2.051684,1.0,0.25
CHG2__P9__path_1,CHG2,P9,path_1,7,3.5,6.67,2.378,2.051684,1.0,0.25
CHG2__P9__path_1,CHG2,P9,path_1,8,4.0,6.436,2.819,2.064738,1.0,0.25
CHG2__P9__path_1,CHG2,P9,path_1,9,4.5,6.38,3.315,1.674032,1.0,0.25
CHG2__P9__path_1,CHG2,P9,path_1,10,5.0,6.328,3.813,1.674032,1.0,0.25
CHG2__P9__path_1,CHG2,P9,path_1,11,5.5,6.277,4.31,1.674032,1.0,0.25
CHG2__P9__path_1,CHG2,P9,path_1,12,6.0,6.225,4.807,1.674032,1.0,0.25
CHG2__P9__path_1,CHG2,P9,path_1,13,6.244,6.2,5.05,1.674032,1.0,0.25
CHG2__SORT1__path_1,CHG2,SORT1,path_1,0,0.0,9.0,0.0,1.249046,1.0,0.25
CHG2__SORT1__path_1,CHG2,SORT1,path_1,1,0.5,9.158,0.474,1.249046,1.0,0.25
CHG2__SORT1__path_1,CHG2,SORT1,path_1,2,1.0,9.316,0.949,1.249046,1.0,0.25
CHG2__SORT1__path_1,CHG2,SORT1,path_1,3,1.5,9.474,1.423,1.249046,1.0,0.25
CHG2__SORT1__path_1,CHG2,SORT1,path_1,4,2.0,9.632,1.897,1.249046,1.0,0.25
CHG2__SORT1__path_1,CHG2,SORT1,path_1,5,2.277,9.72,2.16,1.249046,1.0,0.25
CHG2__SORT2__path_1,CHG2,SORT2,path_1,0,0.0,9.0,0.0,1.246825,1.0,0.25
CHG2__SORT2__path_1,CHG2,SORT2,path_1,1,0.5,9.159,0.474,1.246825,1.0,0.25
CHG2__SORT2__path_1,CHG2,SORT2,path_1,2,1.0,9.318,0.948,1.246825,1.0,0.25
CHG2__SORT2__path_1,CHG2,SORT2,path_1,3,1.5,9.478,1.422,1.246825,1.0,0.25
CHG2__SORT2__path_1,CHG2,SORT2,path_1,4,2.0,9.637,1.896,1.246825,1.0,0.25
CHG2__SORT2__path_1,CHG2,SORT2,path_1,5,2.5,9.796,2.37,1.246825,1.0,0.25
CHG2__SORT2__path_1,CHG2,SORT2,path_1,6,3.0,9.955,2.844,1.246825,1.0,0.25
CHG2__SORT2__path_1,CHG2,SORT2,path_1,7,3.5,10.114,3.318,1.246825,1.0,0.25
CHG2__SORT2__path_1,CHG2,SORT2,path_1,8,4.0,10.273,3.792,1.246825,1.0,0.25
CHG2__SORT2__path_1,CHG2,SORT2,path_1,9,4.272,10.36,4.05,1.246825,1.0,0.25
CHG2__OUT1__path_1,CHG2,OUT1,path_1,0,0.0,9.0,0.0,0.588003,1.0,0.25
CHG2__OUT1__path_1,CHG2,OUT1,path_1,1,0.5,9.416,0.277,0.588003,1.0,0.25
CHG2__OUT1__path_1,CHG2,OUT1,path_1,2,1.0,9.832,0.555,0.588003,1.0,0.25
CHG2__OUT1__path_1,CHG2,OUT1,path_1,3,1.5,10.248,0.832,0.588003,1.0,0.25
CHG2__OUT1__path_1,CHG2,OUT1,path_1,4,2.0,10.664,1.109,0.588003,1.0,0.25
CHG2__OUT1__path_1,CHG2,OUT1,path_1,5,2.5,11.08,1.387,0.588003,1.0,0.25
CHG2__OUT1__path_1,CHG2,OUT1,path_1,6,3.0,11.496,1.664,0.588003,1.0,0.25
CHG2__OUT1__path_1,CHG2,OUT1,path_1,7,3.5,11.912,1.941,0.588003,1.0,0.25
CHG2__OUT1__path_1,CHG2,OUT1,path_1,8,3.606,12.0,2.0,0.588003,1.0,0.25
CHG2__OUT2__path_1,CHG2,OUT2,path_1,0,0.0,9.0,0.0,0.927295,1.0,0.25
CHG2__OUT2__path_1,CHG2,OUT2,path_1,1,0.5,9.3,0.4,0.927295,1.0,0.25
CHG2__OUT2__path_1,CHG2,OUT2,path_1,2,1.0,9.6,0.8,0.927295,1.0,0.25
CHG2__OUT2__path_1,CHG2,OUT2,path_1,3,1.5,9.9,1.2,0.927295,1.0,0.25
CHG2__OUT2__path_1,CHG2,OUT2,path_1,4,2.0,10.2,1.6,0.927295,1.0,0.25
CHG2__OUT2__path_1,CHG2,OUT2,path_1,5,2.5,10.5,2.0,0.927295,1.0,0.25
CHG2__OUT2__path_1,CHG2,OUT2,path_1,6,3.0,10.8,2.4,0.927295,1.0,0.25
CHG2__OUT2__path_1,CHG2,OUT2,path_1,7,3.5,11.1,2.8,0.927295,1.0,0.25
CHG2__OUT2__path_1,CHG2,OUT2,path_1,8,4.0,11.4,3.2,0.927295,1.0,0.25
CHG2__OUT2__path_1,CHG2,OUT2,path_1,9,4.5,11.7,3.6,0.927295,1.0,0.25
CHG2__OUT2__path_1,CHG2,OUT2,path_1,10,5.0,12.0,4.0,0.927295,1.0,0.25
CHG2__CHG1__path_1,CHG2,CHG1,path_1,0,0.0,9.0,0.0,3.141593,1.0,0.25
CHG2__CHG1__path_1,CHG2,CHG1,path_1,1,0.5,8.5,0.0,3.141593,1.0,0.25
CHG2__CHG1__path_1,CHG2,CHG1,path_1,2,1.0,8.0,0.0,3.141593,1.0,0.25
CHG2__CHG1__path_1,CHG2,CHG1,path_1,3,1.5,7.5,0.0,3.141593,1.0,0.25
CHG2__CHG1__path_1,CHG2,CHG1,path_1,4,2.0,7.0,0.0,3.141593,1.0,0.25
CHG2__CHG1__path_1,CHG2,CHG1,path_1,5,2.5,6.5,0.0,3.141593,1.0,0.25
CHG2__CHG1__path_1,CHG2,CHG1,path_1,6,3.0,6.0,0.0,3.141593,1.0,0.25
CHG2__CHG1__path_1,CHG2,CHG1,path_1,7,3.5,5.5,0.0,3.141593,1.0,0.25
CHG2__CHG1__path_1,CHG2,CHG1,path_1,8,4.0,5.0,0.0,3.141593,1.0,0.25
CHG2__CHG1__path_1,CHG2,CHG1,path_1,9,4.5,4.5,0.0,3.141593,1.0,0.25
CHG2__CHG1__path_1,CHG2,CHG1,path_1,10,5.0,4.0,0.0,3.141593,1.0,0.25
CHG2__CHG1__path_1,CHG2,CHG1,path_1,11,5.5,3.5,0.0,3.141593,1.0,0.25
CHG2__CHG1__path_1,CHG2,CHG1,path_1,12,6.0,3.0,0.0,3.141593,1.0,0.25
CHG2__CHG1__path_1,CHG2,CHG1,path_1,13,6.5,2.5,0.0,3.141593,1.0,0.25
CHG2__CHG1__path_1,CHG2,CHG1,path_1,14,7.0,2.0,0.0,3.141593,1.0,0.25
CHG2__CHG1__path_1,CHG2,CHG1,path_1,15,7.5,1.5,0.0,3.141593,1.0,0.25
CHG2__CHG1__path_1,CHG2,CHG1,path_1,16,8.0,1.0,0.0,3.141593,1.0,0.25
