path_uid,from_node,to_node,path_id,sample_index,offset_time,x,y,theta,speed,footprint_radius
IN1__IN2__path_1,IN1,IN2,path_1,0,0.0,0.05,1.05,1.570796,1.0,0.25
IN1__IN2__path_1,IN1,IN2,path_1,1,0.5,0.05,1.55,1.570796,1.0,0.25
IN1__IN2__path_1,IN1,IN2,path_1,2,1.0,0.05,2.05,1.570796,1.0,0.25
IN1__IN2__path_1,IN1,IN2,path_1,3,1.5,0.05,2.55,1.570796,1.0,0.25
IN1__IN2__path_1,IN1,IN2,path_1,4,2.0,0.05,3.05,1.570796,1.0,0.25
IN1__IN2__path_1,IN1,IN2,path_1,5,2.5,0.05,3.55,1.570796,1.0,0.25
IN1__IN2__path_1,IN1,IN2,path_1,6,3.0,0.05,4.05,1.570796,1.0,0.25
IN1__IN2__path_1,IN1,IN2,path_1,7,3.5,0.05,4.55,1.570796,1.0,0.25
IN1__IN2__path_1,IN1,IN2,path_1,8,3.9,0.05,4.95,1.570796,1.0,0.25
IN1__P1__path_1,IN1,P1,path_1,0,0.0,0.05,1.05,0.0,1.0,0.25
IN1__P1__path_1,IN1,P1,path_1,1,0.5,0.55,1.05,0.0,1.0,0.25
IN1__P1__path_1,IN1,P1,path_1,2,1.0,1.05,1.05,0.0,1.0,0.25
IN1__P1__path_1,IN1,P1,path_1,3,1.5,1.55,1.05,0.0,1.0,0.25
IN1__P1__path_1,IN1,P1,path_1,4,2.0,2.05,1.05,0.0,1.0,0.25
IN1__P1__path_1,IN1,P1,path_1,5,2.5,2.55,1.05,0.0,1.0,0.25
IN1__P1__path_1,IN1,P1,path_1,6,2.941,2.95,0.95,0.0,1.0,0.25
IN1__P2__path_1,IN1,P2,path_1,0,0.0,0.05,1.05,0.0,1.0,0.25
IN1__P2__path_1,IN1,P2,path_1,1,0.5,0.55,1.05,0.0,1.0,0.25
IN1__P2__path_1,IN1,P2,path_1,2,1.0,1.021,1.121,0.785398,1.0,0.25
IN1__P2__path_1,IN1,P2,path_1,3,1.5,1.374,1.474,0.785398,1.0,0.25
IN1__P2__path_1,IN1,P2,path_1,4,2.0,1.728,1.828,0.785398,1.0,0.25
IN1__P2__path_1,IN1,P2,path_1,5,2.5,2.081,2.181,0.785398,1.0,0.25
IN1__P2__path_1,IN1,P2,path_1,6,3.0,2.435,2.535,0.785398,1.0,0.25
IN1__P2__path_1,IN1,P2,path_1,7,3.5,2.788,2.888,0.785398,1.0,0.25
IN1__P2__path_1,IN1,P2,path_1,8,4.0,3.18,3.15,0.0,1.0,0.25
IN1__P2__path_1,IN1,P2,path_1,9,4.5,3.68,3.15,0.0,1.0,0.25
IN1__P2__path_1,IN1,P2,path_1,10,5.0,4.18,3.15,0.0,1.0,0.25
IN1__P2__path_1,IN1,P2,path_1,11,5.5,4.55,3.02,-1.570796,1.0,0.25
IN1__P2__path_1,IN1,P2,path_1,12,6.0,4.55,2.52,-1.570796,1.0,0.25
IN1__P2__path_1,IN1,P2,path_1,13,6.17,4.55,2.35,-1.570796,1.0,0.25
IN1__P3__path_1,IN1,P3,path_1,0,0.0,0.05,1.05,0.785398,1.0,0.25
IN1__P3__path_1,IN1,P3,path_1,1,0.5,0.404,1.404,0.785398,1.0,0.25
IN1__P3__path_1,IN1,P3,path_1,2,1.0,0.757,1.757,0.785398,1.0,0.25
IN1__P3__path_1,IN1,P3,path_1,3,1.5,1.111,2.111,0.785398,1.0,0.25
IN1__P3__path_1,IN1,P3,path_1,4,2.0,1.464,2.464,0.785398,1.0,0.25
IN1__P3__path_1,IN1,P3,path_1,5,2.5,1.818,2.818,0.785398,1.0,0.25
IN1__P3__path_1,IN1,P3,path_1,6,3.0,2.171,3.171,0.785398,1.0,0.25
IN1__P3__path_1,IN1,P3,path_1,7,3.5,2.525,3.525,0.785398,1.0,0.25
IN1__P3__path_1,IN1,P3,path_1,8,4.0,2.878,3.878,0.785398,1.0,0.25
IN1__P3__path_1,IN1,P3,path_1,9,4.5,3.091,4.291,0.785398,1.0,0.25
IN1__P3__path_1,IN1,P3,path_1,10,5.0,3.303,4.703,0.785398,1.0,0.25
IN1__P3__path_1,IN1,P3,path_1,11,5.5,3.45,5.142,1.570796,1.0,0.25
IN1__P3__path_1,IN1,P3,path_1,12,5.65,3.55,5.25,1.570796,1.0,0.25
IN1__P4__path_1,IN1,P4,path_1,0,0.0,0.05,1.05,0.0,1.0,0.25
IN1__P4__path_1,IN1,P4,path_1,1,0.5,0.55,1.05,0.0,1.0,0.25
IN1__P4__path_1,IN1,P4,path_1,2,1.0,1.05,1.05,0.0,1.0,0.25
IN1__P4__path_1,IN1,P4,path_1,3,1.5,1.433,0.767,-0.785398,1.0,0.25
IN1__P4__path_1,IN1,P4,path_1,4,2.0,1.801,0.45,0.0,1.0,0.25
IN1__P4__path_1,IN1,P4,path_1,5,2.5,2.301,0.45,0.0,1.0,0.25
IN1__P4__path_1,IN1,P4,path_1,6,3.0,2.801,0.45,0.0,1.0,0.25
IN1__P4__path_1,IN1,P4,path_1,7,3.5,3.219,0.25,0.0,1.0,0.25
IN1__P4__path_1,IN1,P4,path_1,8,4.0,3.719,0.25,0.0,1.0,0.25
IN1__P4__path_1,IN1,P4,path_1,9,4.5,4.219,0.25,0.0,1.0,0.25
IN1__P4__path_1,IN1,P4,path_1,10,5.0,4.55,0.419,1.570796,1.0,0.25
IN1__P4__path_1,IN1,P4,path_1,11,5.5,4.74,0.84,0.785398,1.0,0.25
IN1__P4__path_1,IN1,P4,path_1,12,6.0,4.881,1.281,0.785398,1.0,0.25
IN1__P4__path_1,IN1,P4,path_1,13,6.097,4.95,1.35,0.785398,1.0,0.25
IN1__P5__path_1,IN1,P5,path_1,0,0.0,0.05,1.05,0.785398,1.0,0.25
IN1__P5__path_1,IN1,P5,path_1,1,0.5,0.404,1.404,0.785398,1.0,0.25
IN1__P5__path_1,IN1,P5,path_1,2,1.0,0.816,1.616,0.785398,1.0,0.25
IN1__P5__path_1,IN1,P5,path_1,3,1.5,1.169,1.969,0.785398,1.0,0.25
IN1__P5__path_1,IN1,P5,path_1,4,2.0,1.523,2.323,0.785398,1.0,0.25
IN1__P5__path_1,IN1,P5,path_1,5,2.5,1.876,2.676,0.785398,1.0,0.25
IN1__P5__path_1,IN1,P5,path_1,6,3.0,2.23,3.03,0.785398,1.0,0.25
IN1__P5__path_1,IN1,P5,path_1,7,3.5,2.583,3.383,0.785398,1.0,0.25
IN1__P5__path_1,IN1,P5,path_1,8,4.0,2.937,3.737,0.785398,1.0,0.25
IN1__P5__path_1,IN1,P5,path_1,9,4.5,3.432,3.75,0.0,1.0,0.25
IN1__P5__path_1,IN1,P5,path_1,10,5.0,3.932,3.75,0.0,1.0,0.25
IN1__P5__path_1,IN1,P5,path_1,11,5.5,4.432,3.75,0.0,1.0,0.25
IN1__P5__path_1,IN1,P5,path_1,12,6.0,4.807,4.05,0.0,1.0,0.25
IN1__P5__path_1,IN1,P5,path_1,13,6.5,5.307,4.05,0.0,1.0,0.25
IN1__P5__path_1,IN1,P5,path_1,14,6.843,5.65,4.05,0.0,1.0,0.25
IN1__P6__path_1,IN1,P6,path_1,0,0.0,0.05,1.05,0.785398,1.0,0.25
IN1__P6__path_1,IN1,P6,path_1,1,0.5,0.404,1.404,0.785398,1.0,0.25
IN1__P6__path_1,IN1,P6,path_1,2,1.0,0.757,1.757,0.785398,1.0,0.25
IN1__P6__path_1,IN1,P6,path_1,3,1.5,1.111,2.111,0.785398,1.0,0.25
IN1__P6__path_1,IN1,P6,path_1,4,2.0,1.464,2.464,0.785398,1.0,0.25
IN1__P6__path_1,IN1,P6,path_1,5,2.5,1.818,2.818,0.785398,1.0,0.25
IN1__P6__path_1,IN1,P6,path_1,6,3.0,2.18,3.15,0.0,1.0,0.25
IN1__P6__path_1,IN1,P6,path_1,7,3.5,2.583,3.383,0.785398,1.0,0.25
IN1__P6__path_1,IN1,P6,path_1,8,4.0,2.937,3.737,0.785398,1.0,0.25
IN1__P6__path_1,IN1,P6,path_1,9,4.5,3.432,3.75,0.0,1.0,0.25
IN1__P6__path_1,IN1,P6,path_1,10,5.0,3.878,3.878,0.785398,1.0,0.25
IN1__P6__path_1,IN1,P6,path_1,11,5.5,4.291,4.091,0.785398,1.0,0.25
IN1__P6__path_1,IN1,P6,path_1,12,6.0,4.766,4.15,0.0,1.0,0.25
IN1__P6__path_1,IN1,P6,path_1,13,6.5,5.266,4.15,0.0,1.0,0.25
IN1__P6__path_1,IN1,P6,path_1,14,7.0,5.703,4.303,0.785398,1.0,0.25
IN1__P6__path_1,IN1,P6,path_1,15,7.5,6.05,4.659,1.570796,1.0,0.25
IN1__P6__path_1,IN1,P6,path_1,16,8.0,6.05,5.159,1.570796,1.0,0.25
IN1__P6__path_1,IN1,P6,path_1,17,8.5,6.05,5.659,1.570796,1.0,0.25
IN1__P6__path_1,IN1,P6,path_1,18,9.0,6.459,5.75,0.0,1.0,0.25
IN1__P6__path_1,IN1,P6,path_1,19,9.5,6.959,5.75,0.0,1.0,0.25
IN1__P6__path_1,IN1,P6,path_1,20,10.0,7.459,5.75,0.0,1.0,0.25
IN1__P6__path_1,IN1,P6,path_1,21,10.491,7.95,5.75,0.0,1.0,0.25
IN1__P7__path_1,IN1,P7,path_1,0,0.0,0.05,1.05,0.0,1.0,0.25
IN1__P7__path_1,IN1,P7,path_1,1,0.5,0.55,1.05,0.0,1.0,0.25
IN1__P7__path_1,IN1,P7,path_1,2,1.0,1.05,1.05,0.0,1.0,0.25
IN1__P7__path_1,IN1,P7,path_1,3,1.5,1.433,0.767,-0.785398,1.0,0.25
IN1__P7__path_1,IN1,P7,path_1,4,2.0,1.801,0.45,0.0,1.0,0.25
IN1__P7__path_1,IN1,P7,path_1,5,2.5,2.301,0.45,0.0,1.0,0.25
IN1__P7__path_1,IN1,P7,path_1,6,3.0,2.801,0.45,0.0,1.0,0.25
IN1__P7__path_1,IN1,P7,path_1,7,3.5,3.219,0.25,0.0,1.0,0.25
IN1__P7__path_1,IN1,P7,path_1,8,4.0,3.719,0.25,0.0,1.0,0.25
IN1__P7__path_1,IN1,P7,path_1,9,4.5,4.219,0.25,0.0,1.0,0.25
IN1__P7__path_1,IN1,P7,path_1,10,5.0,4.719,0.25,0.0,1.0,0.25
IN1__P7__path_1,IN1,P7,path_1,11,5.5,5.219,0.25,0.0,1.0,0.25
IN1__P7__path_1,IN1,P7,path_1,12,6.0,5.677,0.35,0.0,1.0,0.25
IN1__P7__path_1,IN1,P7,path_1,13,6.5,6.177,0.35,0.0,1.0,0.25
IN1__P7__path_1,IN1,P7,path_1,14,7.0,6.677,0.35,0.0,1.0,0.25
IN1__P7__path_1,IN1,P7,path_1,15,7.5,7.052,0.652,0.785398,1.0,0.25
IN1__P7__path_1,IN1,P7,path_1,16,7.98,7.25,1.05,0.785398,1.0,0.25
IN1__P8__path_1,IN1,P8,path_1,0,0.0,0.05,1.05,0.0,1.0,0.25
IN1__P8__path_1,IN1,P8,path_1,1,0.5,0.55,1.05,0.0,1.0,0.25
IN1__P8__path_1,IN1,P8,path_1,2,1.0,1.05,1.05,0.0,1.0,0.25
IN1__P8__path_1,IN1,P8,path_1,3,1.5,1.433,0.767,-0.785398,1.0,0.25
IN1__P8__path_1,IN1,P8,path_1,4,2.0,1.801,0.45,0.0,1.0,0.25
IN1__P8__path_1,IN1,P8,path_1,5,2.5,2.301,0.45,0.0,1.0,0.25
IN1__P8__path_1,IN1,P8,path_1,6,3.0,2.801,0.45,0.0,1.0,0.25
IN1__P8__path_1,IN1,P8,path_1,7,3.5,3.219,0.25,0.0,1.0,0.25
IN1__P8__path_1,IN1,P8,path_1,8,4.0,3.719,0.25,0.0,1.0,0.25
IN1__P8__path_1,IN1,P8,path_1,9,4.5,4.219,0.25,0.0,1.0,0.25
IN1__P8__path_1,IN1,P8,path_1,10,5.0,4.677,0.35,0.0,1.0,0.25
IN1__P8__path_1,IN1,P8,path_1,11,5.5,5.177,0.35,0.0,1.0,0.25
IN1__P8__path_1,IN1,P8,path_1,12,6.0,5.677,0.35,0.0,1.0,0.25
IN1__P8__path_1,IN1,P8,path_1,13,6.5,6.177,0.35,0.0,1.0,0.25
IN1__P8__path_1,IN1,P8,path_1,14,7.0,6.677,0.35,0.0,1.0,0.25
IN1__P8__path_1,IN1,P8,path_1,15,7.5,7.136,0.45,0.0,1.0,0.25
IN1__P8__path_1,IN1,P8,path_1,16,8.0,7.636,0.45,0.0,1.0,0.25
IN1__P8__path_1,IN1,P8,path_1,17,8.5,8.136,0.45,0.0,1.0,0.25
IN1__P8__path_1,IN1,P8,path_1,18,9.0,8.636,0.45,0.0,1.0,0.25
IN1__P8__path_1,IN1,P8,path_1,19,9.5,8.85,0.736,1.570796,1.0,0.25
IN1__P8__path_1,IN1,P8,path_1,20,10.0,8.85,1.236,1.570796,1.0,0.25
IN1__P8__path_1,IN1,P8,path_1,21,10.5,8.85,1.736,1.570796,1.0,0.25
IN1__P8__path_1,IN1,P8,path_1,22,11.0,8.85,2.236,1.570796,1.0,0.25
IN1__P8__path_1,IN1,P8,path_1,23,11.114,8.85,2.35,1.570796,1.0,0.25
IN1__P9__path_1,IN1,P9,path_1,0,0.0,0.05,1.05,0.785398,1.0,0.25
IN1__P9__path_1,IN1,P9,path_1,1,0.5,0.404,1.404,0.785398,1.0,0.25
IN1__P9__path_1,IN1,P9,path_1,2,1.0,0.757,1.757,0.785398,1.0,0.25
IN1__P9__path_1,IN1,P9,path_1,3,1.5,1.111,2.111,0.785398,1.0,0.25
IN1__P9__path_1,IN1,P9,path_1,4,2.0,1.464,2.464,0.785398,1.0,0.25
IN1__P9__path_1,IN1,P9,path_1,5,2.5,1.818,2.818,0.785398,1.0,0.25
IN1__P9__path_1,IN1,P9,path_1,6,3.0,2.171,3.171,0.785398,1.0,0.25
IN1__P9__path_1,IN1,P9,path_1,7,3.5,2.554,3.454,0.785398,1.0,0.25
IN1__P9__path_1,IN1,P9,path_1,8,4.0,2.937,3.737,0.785398,1.0,0.25
IN1__P9__path_1,IN1,P9,path_1,9,4.5,3.39,3.85,0.0,1.0,0.25
IN1__P9__path_1,IN1,P9,path_1,10,5.0,3.807,4.05,0.0,1.0,0.25
IN1__P9__path_1,IN1,P9,path_1,11,5.5,4.266,4.15,0.0,1.0,0.25
IN1__P9__path_1,IN1,P9,path_1,12,6.0,4.766,4.15,0.0,1.0,0.25
IN1__P9__path_1,IN1,P9,path_1,13,6.5,5.266,4.15,0.0,1.0,0.25
IN1__P9__path_1,IN1,P9,path_1,14,7.0,5.703,4.303,0.785398,1.0,0.25
IN1__P9__path_1,IN1,P9,path_1,15,7.5,5.915,4.715,0.785398,1.0,0.25
IN1__P9__path_1,IN1,P9,path_1,16,7.891,6.05,5.05,0.785398,1.0,0.25
IN1__SORT1__path_1,IN1,SORT1,path_1,0,0.0,0.05,1.05,0.0,1.0,0.25
IN1__SORT1__path_1,IN1,SORT1,path_1,1,0.5,0.55,1.05,0.0,1.0,0.25
IN1__SORT1__path_1,IN1,SORT1,path_1,2,1.0,1.05,1.05,0.0,1.0,0.25
IN1__SORT1__path_1,IN1,SORT1,path_1,3,1.5,1.433,0.767,-0.785398,1.0,0.25
IN1__SORT1__path_1,IN1,SORT1,path_1,4,2.0,1.801,0.45,0.0,1.0,0.25
IN1__SORT1__path_1,IN1,SORT1,path_1,5,2.5,2.301,0.45,0.0,1.0,0.25
IN1__SORT1__path_1,IN1,SORT1,path_1,6,3.0,2.801,0.45,0.0,1.0,0.25
IN1__SORT1__path_1,IN1,SORT1,path_1,7,3.5,3.219,0.25,0.0,1.0,0.25
IN1__SORT1__path_1,IN1,SORT1,path_1,8,4.0,3.719,0.25,0.0,1.0,0.25
IN1__SORT1__path_1,IN1,SORT1,path_1,9,4.5,4.219,0.25,0.0,1.0,0.25
IN1__SORT1__path_1,IN1,SORT1,path_1,10,5.0,4.719,0.25,0.0,1.0,0.25
IN1__SORT1__path_1,IN1,SORT1,path_1,11,5.5,5.219,0.25,0.0,1.0,0.25
IN1__SORT1__path_1,IN1,SORT1,path_1,12,6.0,5.699,0.299,0.785398,1.0,0.25
IN1__SORT1__path_1,IN1,SORT1,path_1,13,6.5,6.177,0.35,0.0,1.0,0.25
IN1__SORT1__path_1,IN1,SORT1,path_1,14,7.0,6.677,0.35,0.0,1.0,0.25
IN1__SORT1__path_1,IN1,SORT1,path_1,15,7.5,7.136,0.45,0.0,1.0,0.25
IN1__SORT1__path_1,IN1,SORT1,path_1,16,8.0,7.636,0.45,0.0,1.0,0.25
IN1__SORT1__path_1,IN1,SORT1,path_1,17,8.5,8.136,0.45,0.0,1.0,0.25
IN1__SORT1__path_1,IN1,SORT1,path_1,18,9.0,8.636,0.45,0.0,1.0,0.25
IN1__SORT1__path_1,IN1,SORT1,path_1,19,9.5,9.052,0.652,0.785398,1.0,0.25
IN1__SORT1__path_1,IN1,SORT1,path_1,20,10.0,9.25,1.07,1.570796,1.0,0.25
IN1__SORT1__path_1,IN1,SORT1,path_1,21,10.5,9.45,1.487,1.570796,1.0,0.25
IN1__SORT1__path_1,IN1,SORT1,path_1,22,11.0,9.65,1.904,1.570796,1.0,0.25
IN1__SORT1__path_1,IN1,SORT1,path_1,23,11.287,9.75,2.15,1.570796,1.0,0.25
IN1__SORT2__path_1,IN1,SORT2,path_1,0,0.0,0.05,1.05,0.785398,1.0,0.25
IN1__SORT2__path_1,IN1,SORT2,path_1,1,0.5,0.426,1.35,0.0,1.0,0.25
IN1__SORT2__path_1,IN1,SORT2,path_1,2,1.0,0.816,1.616,0.785398,1.0,0.25
IN1__SORT2__path_1,IN1,SORT2,path_1,3,1.5,1.169,1.969,0.785398,1.0,0.25
IN1__SORT2__path_1,IN1,SORT2,path_1,4,2.0,1.523,2.323,0.785398,1.0,0.25
IN1__SORT2__path_1,IN1,SORT2,path_1,5,2.5,1.876,2.676,0.785398,1.0,0.25
IN1__SORT2__path_1,IN1,SORT2,path_1,6,3.0,2.23,3.03,0.785398,1.0,0.25
IN1__SORT2__path_1,IN1,SORT2,path_1,7,3.5,2.583,3.383,0.785398,1.0,0.25
IN1__SORT2__path_1,IN1,SORT2,path_1,8,4.0,2.937,3.737,0.785398,1.0,0.25
IN1__SORT2__path_1,IN1,SORT2,path_1,9,4.5,3.432,3.75,0.0,1.0,0.25
IN1__SORT2__path_1,IN1,SORT2,path_1,10,5.0,3.932,3.75,0.0,1.0,0.25
IN1__SORT2__path_1,IN1,SORT2,path_1,11,5.5,4.432,3.75,0.0,1.0,0.25
IN1__SORT2__path_1,IN1,SORT2,path_1,12,6.0,4.807,4.05,0.0,1.0,0.25
IN1__SORT2__path_1,IN1,SORT2,path_1,13,6.5,5.307,4.05,0.0,1.0,0.25
IN1__SORT2__path_1,IN1,SORT2,path_1,14,7.0,5.807,4.05,0.0,1.0,0.25
IN1__SORT2__path_1,IN1,SORT2,path_1,15,7.5,6.307,4.05,0.0,1.0,0.25
IN1__SORT2__path_1,IN1,SORT2,path_1,16,8.0,6.807,4.05,0.0,1.0,0.25
IN1__SORT2__path_1,IN1,SORT2,path_1,17,8.5,7.307,4.05,0.0,1.0,0.25
IN1__SORT2__path_1,IN1,SORT2,path_1,18,9.0,7.807,4.05,0.0,1.0,0.25
IN1__SORT2__path_1,IN1,SORT2,path_1,19,9.5,8.307,4.05,0.0,1.0,0.25
IN1__SORT2__path_1,IN1,SORT2,path_1,20,10.0,8.807,4.05,0.0,1.0,0.25
IN1__SORT2__path_1,IN1,SORT2,path_1,21,10.5,9.307,4.05,0.0,1.0,0.25
IN1__SORT2__path_1,IN1,SORT2,path_1,22,11.0,9.807,4.05,0.0,1.0,0.25
IN1__SORT2__path_1,IN1,SORT2,path_1,23,11.5,10.307,4.05,0.0,1.0,0.25
IN1__SORT2__path_1,IN1,SORT2,path_1,24,11.543,10.35,4.05,0.0,1.0,0.25
IN1__OUT1__path_1,IN1,OUT1,path_1,0,0.0,0.05,1.05,0.0,1.0,0.25
IN1__OUT1__path_1,IN1,OUT1,path_1,1,0.5,0.55,1.05,0.0,1.0,0.25
IN1__OUT1__path_1,IN1,OUT1,path_1,2,1.0,1.05,1.05,0.0,1.0,0.25
IN1__OUT1__path_1,IN1,OUT1,path_1,3,1.5,1.433,0.767,-0.785398,1.0,0.25
IN1__OUT1__path_1,IN1,OUT1,path_1,4,2.0,1.801,0.45,0.0,1.0,0.25
IN1__OUT1__path_1,IN1,OUT1,path_1,5,2.5,2.301,0.45,0.0,1.0,0.25
IN1__OUT1__path_1,IN1,OUT1,path_1,6,3.0,2.801,0.45,0.0,1.0,0.25
IN1__OUT1__path_1,IN1,OUT1,path_1,7,3.5,3.219,0.25,0.0,1.0,0.25
IN1__OUT1__path_1,IN1,OUT1,path_1,8,4.0,3.719,0.25,0.0,1.0,0.25
IN1__OUT1__path_1,IN1,OUT1,path_1,9,4.5,4.219,0.25,0.0,1.0,0.25
IN1__OUT1__path_1,IN1,OUT1,path_1,10,5.0,4.719,0.25,0.0,1.0,0.25
IN1__OUT1__path_1,IN1,OUT1,path_1,11,5.5,5.219,0.25,0.0,1.0,0.25
IN1__OUT1__path_1,IN1,OUT1,path_1,12,6.0,5.719,0.25,0.0,1.0,0.25
IN1__OUT1__path_1,IN1,OUT1,path_1,13,6.5,6.219,0.25,0.0,1.0,0.25
IN1__OUT1__path_1,IN1,OUT1,path_1,14,7.0,6.719,0.25,0.0,1.0,0.25
IN1__OUT1__path_1,IN1,OUT1,path_1,15,7.5,7.219,0.25,0.0,1.0,0.25
IN1__OUT1__path_1,IN1,OUT1,path_1,16,8.0,7.719,0.25,0.0,1.0,0.25
IN1__OUT1__path_1,IN1,OUT1,path_1,17,8.5,8.219,0.25,0.0,1.0,0.25
IN1__OUT1__path_1,IN1,OUT1,path_1,18,9.0,8.64,0.44,0.785398,1.0,0.25
IN1__OUT1__path_1,IN1,OUT1,path_1,19,9.5,9.081,0.581,0.785398,1.0,0.25
IN1__OUT1__path_1,IN1,OUT1,path_1,20,10.0,9.494,0.794,0.785398,1.0,0.25
IN1__OUT1__path_1,IN1,OUT1,path_1,21,10.5,9.929,0.95,0.0,1.0,0.25
IN1__OUT1__path_1,IN1,OUT1,path_1,22,11.0,10.346,1.15,0.0,1.0,0.25
IN1__OUT1__path_1,IN1,OUT1,path_1,23,11.5,10.759,1.359,0.785398,1.0,0.25
IN1__OUT1__path_1,IN1,OUT1,path_1,24,12.0,11.18,1.55,0.0,1.0,0.25
IN1__OUT1__path_1,IN1,OUT1,path_1,25,12.5,11.597,1.75,0.0,1.0,0.25
IN1__OUT1__path_1,IN1,OUT1,path_1,26,13.0,12.025,1.925,0.785398,1.0,0.25
IN1__OUT1__path_1,IN1,OUT1,path_1,27,13.036,12.05,1.95,0.785398,1.0,0.25
IN1__OUT2__path_1,IN1,OUT2,path_1,0,0.0,0.05,1.05,0.785398,1.0,0.25
IN1__OUT2__path_1,IN1,OUT2,path_1,1,0.5,0.426,1.35,0.0,1.0,0.25
IN1__OUT2__path_1,IN1,OUT2,path_1,2,1.0,0.816,1.616,0.785398,1.0,0.25
IN1__OUT2__path_1,IN1,OUT2,path_1,3,1.5,1.169,1.969,0.785398,1.0,0.25
IN1__OUT2__path_1,IN1,OUT2,path_1,4,2.0,1.523,2.323,0.785398,1.0,0.25
IN1__OUT2__path_1,IN1,OUT2,path_1,5,2.5,1.876,2.676,0.785398,1.0,0.25
IN1__OUT2__path_1,IN1,OUT2,path_1,6,3.0,2.23,3.03,0.785398,1.0,0.25
IN1__OUT2__path_1,IN1,OUT2,path_1,7,3.5,2.583,3.383,0.785398,1.0,0.25
IN1__OUT2__path_1,IN1,OUT2,path_1,8,4.0,2.937,3.737,0.785398,1.0,0.25
IN1__OUT2__path_1,IN1,OUT2,path_1,9,4.5,3.432,3.75,0.0,1.0,0.25
IN1__OUT2__path_1,IN1,OUT2,path_1,10,5.0,3.932,3.75,0.0,1.0,0.25
IN1__OUT2__path_1,IN1,OUT2,path_1,11,5.5,4.432,3.75,0.0,1.0,0.25
IN1__OUT2__path_1,IN1,OUT2,path_1,12,6.0,4.807,4.05,0.0,1.0,0.25
IN1__OUT2__path_1,IN1,OUT2,path_1,13,6.5,5.307,4.05,0.0,1.0,0.25
IN1__OUT2__path_1,IN1,OUT2,path_1,14,7.0,5.807,4.05,0.0,1.0,0.25
IN1__OUT2__path_1,IN1,OUT2,path_1,15,7.5,6.307,4.05,0.0,1.0,0.25
IN1__OUT2__path_1,IN1,OUT2,path_1,16,8.0,6.807,4.05,0.0,1.0,0.25
IN1__OUT2__path_1,IN1,OUT2,path_1,17,8.5,7.307,4.05,0.0,1.0,0.25
IN1__OUT2__path_1,IN1,OUT2,path_1,18,9.0,7.807,4.05,0.0,1.0,0.25
IN1__OUT2__path_1,IN1,OUT2,path_1,19,9.5,8.307,4.05,0.0,1.0,0.25
IN1__OUT2__path_1,IN1,OUT2,path_1,20,10.0,8.807,4.05,0.0,1.0,0.25
IN1__OUT2__path_1,IN1,OUT2,path_1,21,10.5,9.307,4.05,0.0,1.0,0.25
IN1__OUT2__path_1,IN1,OUT2,path_1,22,11.0,9.807,4.05,0.0,1.0,0.25
IN1__OUT2__path_1,IN1,OUT2,path_1,23,11.5,10.307,4.05,0.0,1.0,0.25
IN1__OUT2__path_1,IN1,OUT2,path_1,24,12.0,10.807,4.05,0.0,1.0,0.25
IN1__OUT2__path_1,IN1,OUT2,path_1,25,12.5,11.307,4.05,0.0,1.0,0.25
IN1__OUT2__path_1,IN1,OUT2,path_1,26,13.0,11.807,4.05,0.0,1.0,0.25
IN1__OUT2__path_1,IN1,OUT2,path_1,27,13.284,12.05,3.95,0.0,1.0,0.25
IN1__CHG1__path_1,IN1,CHG1,path_1,0,0.0,0.05,1.05,-0.785398,1.0,0.25
IN1__CHG1__path_1,IN1,CHG1,path_1,1,0.5,0.404,0.696,-0.785398,1.0,0.25
IN1__CHG1__path_1,IN1,CHG1,path_1,2,1.0,0.757,0.343,-0.785398,1.0,0.25
IN1__CHG1__path_1,IN1,CHG1,path_1,3,1.414,1.05,0.05,-0.785398,1.0,0.25
IN1__CHG2__path_1,IN1,CHG2,path_1,0,0.0,0.05,1.05,0.0,1.0,0.25
IN1__CHG2__path_1,IN1,CHG2,path_1,1,0.5,0.55,1.05,0.0,1.0,0.25
IN1__CHG2__path_1,IN1,CHG2,path_1,2,1.0,1.05,1.05,0.0,1.0,0.25
IN1__CHG2__path_1,IN1,CHG2,path_1,3,1.5,1.433,0.767,-0.785398,1.0,0.25
IN1__CHG2__path_1,IN1,CHG2,path_1,4,2.0,1.801,0.45,0.0,1.0,0.25
IN1__CHG2__path_1,IN1,CHG2,path_1,5,2.5,2.301,0.45,0.0,1.0,0.25
IN1__CHG2__path_1,IN1,CHG2,path_1,6,3.0,2.801,0.45,0.0,1.0,0.25
IN1__CHG2__path_1,IN1,CHG2,path_1,7,3.5,3.219,0.25,0.0,1.0,0.25
IN1__CHG2__path_1,IN1,CHG2,path_1,8,4.0,3.719,0.25,0.0,1.0,0.25
IN1__CHG2__path_1,IN1,CHG2,path_1,9,4.5,4.219,0.25,0.0,1.0,0.25
IN1__CHG2__path_1,IN1,CHG2,path_1,10,5.0,4.719,0.25,0.0,1.0,0.25
IN1__CHG2__path_1,IN1,CHG2,path_1,11,5.5,5.219,0.25,0.0,1.0,0.25
IN1__CHG2__path_1,IN1,CHG2,path_1,12,6.0,5.719,0.25,0.0,1.0,0.25
IN1__CHG2__path_1,IN1,CHG2,path_1,13,6.5,6.219,0.25,0.0,1.0,0.25
IN1__CHG2__path_1,IN1,CHG2,path_1,14,7.0,6.719,0.25,0.0,1.0,0.25
IN1__CHG2__path_1,IN1,CHG2,path_1,15,7.5,7.219,0.25,0.0,1.0,0.25
IN1__CHG2__path_1,IN1,CHG2,path_1,16,8.0,7.719,0.25,0.0,1.0,0.25
IN1__CHG2__path_1,IN1,CHG2,path_1,17,8.5,8.219,0.25,0.0,1.0,0.25
IN1__CHG2__path_1,IN1,CHG2,path_1,18,9.0,8.699,0.201,-0.785398,1.0,0.25
IN1__CHG2__path_1,IN1,CHG2,path_1,19,9.414,9.05,0.05,-0.785398,1.0,0.25
IN2__IN1__path_1,IN2,IN1,path_1,0,0.0,0.05,4.95,-1.570796,1.0,0.25
IN2__IN1__path_1,IN2,IN1,path_1,1,0.5,0.05,4.45,-1.570796,1.0,0.25
IN2__IN1__path_1,IN2,IN1,path_1,2,1.0,0.05,3.95,-1.570796,1.0,0.25
IN2__IN1__path_1,IN2,IN1,path_1,3,1.5,0.05,3.45,-1.570796,1.0,0.25
IN2__IN1__path_1,IN2,IN1,path_1,4,2.0,0.05,2.95,-1.570796,1.0,0.25
IN2__IN1__path_1,IN2,IN1,path_1,5,2.5,0.05,2.45,-1.570796,1.0,0.25
IN2__IN1__path_1,IN2,IN1,path_1,6,3.0,0.05,1.95,-1.570796,1.0,0.25
IN2__IN1__path_1,IN2,IN1,path_1,7,3.5,0.05,1.45,-1.570796,1.0,0.25
IN2__IN1__path_1,IN2,IN1,path_1,8,3.9,0.05,1.05,-1.570796,1.0,0.25
IN2__P1__path_1,IN2,P1,path_1,0,0.0,0.05,4.95,-0.785398,1.0,0.25
IN2__P1__path_1,IN2,P1,path_1,1,0.5,0.404,4.596,-0.785398,1.0,0.25
IN2__P1__path_1,IN2,P1,path_1,2,1.0,0.757,4.243,-0.785398,1.0,0.25
IN2__P1__path_1,IN2,P1,path_1,3,1.5,1.111,3.889,-0.785398,1.0,0.25
IN2__P1__path_1,IN2,P1,path_1,4,2.0,1.464,3.536,-0.785398,1.0,0.25
IN2__P1__path_1,IN2,P1,path_1,5,2.5,1.818,3.182,-0.785398,1.0,0.25
IN2__P1__path_1,IN2,P1,path_1,6,3.0,2.101,2.799,-0.785398,1.0,0.25
IN2__P1__path_1,IN2,P1,path_1,7,3.5,2.383,2.417,-0.785398,1.0,0.25
IN2__P1__path_1,IN2,P1,path_1,8,4.0,2.737,2.063,-0.785398,1.0,0.25
IN2__P1__path_1,IN2,P1,path_1,9,4.5,2.75,1.568,-1.570796,1.0,0.25
IN2__P1__path_1,IN2,P1,path_1,10,5.0,2.85,1.11,-1.570796,1.0,0.25
IN2__P1__path_1,IN2,P1,path_1,11,5.201,2.95,0.95,-1.570796,1.0,0.25
IN2__P2__path_1,IN2,P2,path_1,0,0.0,0.05,4.95,-0.785398,1.0,0.25
IN2__P2__path_1,IN2,P2,path_1,1,0.5,0.404,4.596,-0.785398,1.0,0.25
IN2__P2__path_1,IN2,P2,path_1,2,1.0,0.845,4.455,-0.785398,1.0,0.25
IN2__P2__path_1,IN2,P2,path_1,3,1.5,1.199,4.101,-0.785398,1.0,0.25
IN2__P2__path_1,IN2,P2,path_1,4,2.0,1.552,3.748,-0.785398,1.0,0.25
IN2__P2__path_1,IN2,P2,path_1,5,2.5,1.964,3.536,-0.785398,1.0,0.25
IN2__P2__path_1,IN2,P2,path_1,6,3.0,2.387,3.35,0.0,1.0,0.25
IN2__P2__path_1,IN2,P2,path_1,7,3.5,2.804,3.15,0.0,1.0,0.25
IN2__P2__path_1,IN2,P2,path_1,8,4.0,3.304,3.15,0.0,1.0,0.25
IN2__P2__path_1,IN2,P2,path_1,9,4.5,3.804,3.15,0.0,1.0,0.25
IN2__P2__path_1,IN2,P2,path_1,10,5.0,4.304,3.15,0.0,1.0,0.25
IN2__P2__path_1,IN2,P2,path_1,11,5.5,4.55,2.896,-1.570796,1.0,0.25
IN2__P2__path_1,IN2,P2,path_1,12,6.0,4.55,2.396,-1.570796,1.0,0.25
IN2__P2__path_1,IN2,P2,path_1,13,6.046,4.55,2.35,-1.570796,1.0,0.25
IN2__P3__path_1,IN2,P3,path_1,0,0.0,0.05,4.95,0.0,1.0,0.25
IN2__P3__path_1,IN2,P3,path_1,1,0.5,0.55,4.95,0.0,1.0,0.25
IN2__P3__path_1,IN2,P3,path_1,2,1.0,1.05,4.95,0.0,1.0,0.25
IN2__P3__path_1,IN2,P3,path_1,3,1.5,1.55,4.95,0.0,1.0,0.25
IN2__P3__path_1,IN2,P3,path_1,4,2.0,1.967,5.15,0.0,1.0,0.25
IN2__P3__path_1,IN2,P3,path_1,5,2.5,2.467,5.15,0.0,1.0,0.25
IN2__P3__path_1,IN2,P3,path_1,6,3.0,2.967,5.15,0.0,1.0,0.25
IN2__P3__path_1,IN2,P3,path_1,7,3.5,3.462,5.162,0.785398,1.0,0.25
IN2__P3__path_1,IN2,P3,path_1,8,3.624,3.55,5.25,0.785398,1.0,0.25
IN2__P4__path_1,IN2,P4,path_1,0,0.0,0.05,4.95,-0.785398,1.0,0.25
IN2__P4__path_1,IN2,P4,path_1,1,0.5,0.404,4.596,-0.785398,1.0,0.25
IN2__P4__path_1,IN2,P4,path_1,2,1.0,0.757,4.243,-0.785398,1.0,0.25
IN2__P4__path_1,IN2,P4,path_1,3,1.5,1.111,3.889,-0.785398,1.0,0.25
IN2__P4__path_1,IN2,P4,path_1,4,2.0,1.464,3.536,-0.785398,1.0,0.25
IN2__P4__path_1,IN2,P4,path_1,5,2.5,1.818,3.182,-0.785398,1.0,0.25
IN2__P4__path_1,IN2,P4,path_1,6,3.0,2.304,3.15,0.0,1.0,0.25
IN2__P4__path_1,IN2,P4,path_1,7,3.5,2.804,3.15,0.0,1.0,0.25
IN2__P4__path_1,IN2,P4,path_1,8,4.0,3.304,3.15,0.0,1.0,0.25
IN2__P4__path_1,IN2,P4,path_1,9,4.5,3.804,3.15,0.0,1.0,0.25
IN2__P4__path_1,IN2,P4,path_1,10,5.0,4.304,3.15,0.0,1.0,0.25
IN2__P4__path_1,IN2,P4,path_1,11,5.5,4.55,2.896,-1.570796,1.0,0.25
IN2__P4__path_1,IN2,P4,path_1,12,6.0,4.55,2.396,-1.570796,1.0,0.25
IN2__P4__path_1,IN2,P4,path_1,13,6.5,4.659,1.941,-0.785398,1.0,0.25
IN2__P4__path_1,IN2,P4,path_1,14,7.0,4.85,1.52,-1.570796,1.0,0.25
IN2__P4__path_1,IN2,P4,path_1,15,7.211,4.95,1.35,-1.570796,1.0,0.25
IN2__P5__path_1,IN2,P5,path_1,0,0.0,0.05,4.95,0.0,1.0,0.25
IN2__P5__path_1,IN2,P5,path_1,1,0.5,0.55,4.95,0.0,1.0,0.25
IN2__P5__path_1,IN2,P5,path_1,2,1.0,1.05,4.95,0.0,1.0,0.25
IN2__P5__path_1,IN2,P5,path_1,3,1.5,1.433,4.667,-0.785398,1.0,0.25
IN2__P5__path_1,IN2,P5,path_1,4,2.0,1.801,4.35,0.0,1.0,0.25
IN2__P5__path_1,IN2,P5,path_1,5,2.5,2.301,4.35,0.0,1.0,0.25
IN2__P5__path_1,IN2,P5,path_1,6,3.0,2.801,4.35,0.0,1.0,0.25
IN2__P5__path_1,IN2,P5,path_1,7,3.5,3.301,4.35,0.0,1.0,0.25
IN2__P5__path_1,IN2,P5,path_1,8,4.0,3.719,4.15,0.0,1.0,0.25
IN2__P5__path_1,IN2,P5,path_1,9,4.5,4.219,4.15,0.0,1.0,0.25
IN2__P5__path_1,IN2,P5,path_1,10,5.0,4.719,4.15,0.0,1.0,0.25
IN2__P5__path_1,IN2,P5,path_1,11,5.5,5.219,4.15,0.0,1.0,0.25
IN2__P5__path_1,IN2,P5,path_1,12,5.973,5.65,4.05,0.0,1.0,0.25
IN2__P6__path_1,IN2,P6,path_1,0,0.0,0.05,4.95,0.0,1.0,0.25
IN2__P6__path_1,IN2,P6,path_1,1,0.5,0.55,4.95,0.0,1.0,0.25
IN2__P6__path_1,IN2,P6,path_1,2,1.0,1.05,4.95,0.0,1.0,0.25
IN2__P6__path_1,IN2,P6,path_1,3,1.5,1.433,4.667,-0.785398,1.0,0.25
IN2__P6__path_1,IN2,P6,path_1,4,2.0,1.801,4.35,0.0,1.0,0.25
IN2__P6__path_1,IN2,P6,path_1,5,2.5,2.301,4.35,0.0,1.0,0.25
IN2__P6__path_1,IN2,P6,path_1,6,3.0,2.801,4.35,0.0,1.0,0.25
IN2__P6__path_1,IN2,P6,path_1,7,3.5,3.301,4.35,0.0,1.0,0.25
IN2__P6__path_1,IN2,P6,path_1,8,4.0,3.719,4.15,0.0,1.0,0.25
IN2__P6__path_1,IN2,P6,path_1,9,4.5,4.219,4.15,0.0,1.0,0.25
IN2__P6__path_1,IN2,P6,path_1,10,5.0,4.719,4.15,0.0,1.0,0.25
IN2__P6__path_1,IN2,P6,path_1,11,5.5,5.219,4.15,0.0,1.0,0.25
IN2__P6__path_1,IN2,P6,path_1,12,6.0,5.669,4.269,0.785398,1.0,0.25
IN2__P6__path_1,IN2,P6,path_1,13,6.5,6.023,4.623,0.785398,1.0,0.25
IN2__P6__path_1,IN2,P6,path_1,14,7.0,6.05,5.112,1.570796,1.0,0.25
IN2__P6__path_1,IN2,P6,path_1,15,7.5,6.05,5.612,1.570796,1.0,0.25
IN2__P6__path_1,IN2,P6,path_1,16,8.0,6.412,5.75,0.0,1.0,0.25
IN2__P6__path_1,IN2,P6,path_1,17,8.5,6.912,5.75,0.0,1.0,0.25
IN2__P6__path_1,IN2,P6,path_1,18,9.0,7.412,5.75,0.0,1.0,0.25
IN2__P6__path_1,IN2,P6,path_1,19,9.5,7.912,5.75,0.0,1.0,0.25
IN2__P6__path_1,IN2,P6,path_1,20,9.538,7.95,5.75,0.0,1.0,0.25
IN2__P7__path_1,IN2,P7,path_1,0,0.0,0.05,4.95,-0.785398,1.0,0.25
IN2__P7__path_1,IN2,P7,path_1,1,0.5,0.426,4.65,0.0,1.0,0.25
IN2__P7__path_1,IN2,P7,path_1,2,1.0,0.926,4.65,0.0,1.0,0.25
IN2__P7__path_1,IN2,P7,path_1,3,1.5,1.286,4.314,-0.785398,1.0,0.25
IN2__P7__path_1,IN2,P7,path_1,4,2.0,1.677,4.05,0.0,1.0,0.25
IN2__P7__path_1,IN2,P7,path_1,5,2.5,2.177,4.05,0.0,1.0,0.25
IN2__P7__path_1,IN2,P7,path_1,6,3.0,2.677,4.05,0.0,1.0,0.25
IN2__P7__path_1,IN2,P7,path_1,7,3.5,3.177,4.05,0.0,1.0,0.25
IN2__P7__path_1,IN2,P7,path_1,8,4.0,3.677,4.05,0.0,1.0,0.25
IN2__P7__path_1,IN2,P7,path_1,9,4.5,4.177,4.05,0.0,1.0,0.25
IN2__P7__path_1,IN2,P7,path_1,10,5.0,4.677,4.05,0.0,1.0,0.25
IN2__P7__path_1,IN2,P7,path_1,11,5.5,5.177,4.05,0.0,1.0,0.25
IN2__P7__path_1,IN2,P7,path_1,12,6.0,5.677,4.05,0.0,1.0,0.25
IN2__P7__path_1,IN2,P7,path_1,13,6.5,6.177,4.05,0.0,1.0,0.25
IN2__P7__path_1,IN2,P7,path_1,14,7.0,6.55,3.923,-1.570796,1.0,0.25
IN2__P7__path_1,IN2,P7,path_1,15,7.5,6.55,3.423,-1.570796,1.0,0.25
IN2__P7__path_1,IN2,P7,path_1,16,8.0,6.64,2.96,-0.785398,1.0,0.25
IN2__P7__path_1,IN2,P7,path_1,17,8.5,6.75,2.506,-1.570796,1.0,0.25
IN2__P7__path_1,IN2,P7,path_1,18,9.0,6.781,2.019,-0.785398,1.0,0.25
IN2__P7__path_1,IN2,P7,path_1,19,9.5,6.994,1.606,-0.785398,1.0,0.25
IN2__P7__path_1,IN2,P7,path_1,20,10.0,7.15,1.171,-1.570796,1.0,0.25
IN2__P7__path_1,IN2,P7,path_1,21,10.163,7.25,1.05,-1.570796,1.0,0.25
IN2__P8__path_1,IN2,P8,path_1,0,0.0,0.05,4.95,0.0,1.0,0.25
IN2__P8__path_1,IN2,P8,path_1,1,0.5,0.55,4.95,0.0,1.0,0.25
IN2__P8__path_1,IN2,P8,path_1,2,1.0,1.05,4.95,0.0,1.0,0.25
IN2__P8__path_1,IN2,P8,path_1,3,1.5,1.433,4.667,-0.785398,1.0,0.25
IN2__P8__path_1,IN2,P8,path_1,4,2.0,1.801,4.35,0.0,1.0,0.25
IN2__P8__path_1,IN2,P8,path_1,5,2.5,2.301,4.35,0.0,1.0,0.25
IN2__P8__path_1,IN2,P8,path_1,6,3.0,2.801,4.35,0.0,1.0,0.25
IN2__P8__path_1,IN2,P8,path_1,7,3.5,3.301,4.35,0.0,1.0,0.25
IN2__P8__path_1,IN2,P8,path_1,8,4.0,3.719,4.15,0.0,1.0,0.25
IN2__P8__path_1,IN2,P8,path_1,9,4.5,4.219,4.15,0.0,1.0,0.25
IN2__P8__path_1,IN2,P8,path_1,10,5.0,4.719,4.15,0.0,1.0,0.25
IN2__P8__path_1,IN2,P8,path_1,11,5.5,5.177,4.05,0.0,1.0,0.25
IN2__P8__path_1,IN2,P8,path_1,12,6.0,5.677,4.05,0.0,1.0,0.25
IN2__P8__path_1,IN2,P8,path_1,13,6.5,6.177,4.05,0.0,1.0,0.25
IN2__P8__path_1,IN2,P8,path_1,14,7.0,6.64,3.96,-0.785398,1.0,0.25
IN2__P8__path_1,IN2,P8,path_1,15,7.5,6.994,3.606,-0.785398,1.0,0.25
IN2__P8__path_1,IN2,P8,path_1,16,8.0,7.347,3.253,-0.785398,1.0,0.25
IN2__P8__path_1,IN2,P8,path_1,17,8.5,7.846,3.25,0.0,1.0,0.25
IN2__P8__path_1,IN2,P8,path_1,18,9.0,8.346,3.25,0.0,1.0,0.25
IN2__P8__path_1,IN2,P8,path_1,19,9.5,8.846,3.25,0.0,1.0,0.25
IN2__P8__path_1,IN2,P8,path_1,20,10.0,8.85,2.754,-1.570796,1.0,0.25
IN2__P8__path_1,IN2,P8,path_1,21,10.404,8.85,2.35,-1.570796,1.0,0.25
IN2__P9__path_1,IN2,P9,path_1,0,0.0,0.05,4.95,0.0,1.0,0.25
IN2__P9__path_1,IN2,P9,path_1,1,0.5,0.55,4.95,0.0,1.0,0.25
IN2__P9__path_1,IN2,P9,path_1,2,1.0,1.05,4.95,0.0,1.0,0.25
IN2__P9__path_1,IN2,P9,path_1,3,1.5,1.433,4.667,-0.785398,1.0,0.25
IN2__P9__path_1,IN2,P9,path_1,4,2.0,1.801,4.35,0.0,1.0,0.25
IN2__P9__path_1,IN2,P9,path_1,5,2.5,2.301,4.35,0.0,1.0,0.25
IN2__P9__path_1,IN2,P9,path_1,6,3.0,2.801,4.35,0.0,1.0,0.25
IN2__P9__path_1,IN2,P9,path_1,7,3.5,3.301,4.35,0.0,1.0,0.25
IN2__P9__path_1,IN2,P9,path_1,8,4.0,3.719,4.15,0.0,1.0,0.25
IN2__P9__path_1,IN2,P9,path_1,9,4.5,4.219,4.15,0.0,1.0,0.25
IN2__P9__path_1,IN2,P9,path_1,10,5.0,4.719,4.15,0.0,1.0,0.25
IN2__P9__path_1,IN2,P9,path_1,11,5.5,5.219,4.15,0.0,1.0,0.25
IN2__P9__path_1,IN2,P9,path_1,12,6.0,5.669,4.269,0.785398,1.0,0.25
IN2__P9__path_1,IN2,P9,path_1,13,6.5,5.881,4.681,0.785398,1.0,0.25
IN2__P9__path_1,IN2,P9,path_1,14,6.938,6.05,5.05,0.785398,1.0,0.25
IN2__SORT1__path_1,IN2,SORT1,path_1,0,0.0,0.05,4.95,0.0,1.0,0.25
IN2__SORT1__path_1,IN2,SORT1,path_1,1,0.5,0.55,4.95,0.0,1.0,0.25
IN2__SORT1__path_1,IN2,SORT1,path_1,2,1.0,1.05,4.95,0.0,1.0,0.25
IN2__SORT1__path_1,IN2,SORT1,path_1,3,1.5,1.433,4.667,-0.785398,1.0,0.25
IN2__SORT1__path_1,IN2,SORT1,path_1,4,2.0,1.801,4.35,0.0,1.0,0.25
IN2__SORT1__path_1,IN2,SORT1,path_1,5,2.5,2.301,4.35,0.0,1.0,0.25
IN2__SORT1__path_1,IN2,SORT1,path_1,6,3.0,2.801,4.35,0.0,1.0,0.25
IN2__SORT1__path_1,IN2,SORT1,path_1,7,3.5,3.301,4.35,0.0,1.0,0.25
IN2__SORT1__path_1,IN2,SORT1,path_1,8,4.0,3.719,4.15,0.0,1.0,0.25
IN2__SORT1__path_1,IN2,SORT1,path_1,9,4.5,4.219,4.15,0.0,1.0,0.25
IN2__SORT1__path_1,IN2,SORT1,path_1,10,5.0,4.719,4.15,0.0,1.0,0.25
IN2__SORT1__path_1,IN2,SORT1,path_1,11,5.5,5.219,4.15,0.0,1.0,0.25
IN2__SORT1__path_1,IN2,SORT1,path_1,12,6.0,5.677,4.05,0.0,1.0,0.25
IN2__SORT1__path_1,IN2,SORT1,path_1,13,6.5,6.177,4.05,0.0,1.0,0.25
IN2__SORT1__path_1,IN2,SORT1,path_1,14,7.0,6.64,3.96,-0.785398,1.0,0.25
IN2__SORT1__path_1,IN2,SORT1,path_1,15,7.5,6.994,3.606,-0.785398,1.0,0.25
IN2__SORT1__path_1,IN2,SORT1,path_1,16,8.0,7.347,3.253,-0.785398,1.0,0.25
IN2__SORT1__path_1,IN2,SORT1,path_1,17,8.5,7.846,3.25,0.0,1.0,0.25
IN2__SORT1__path_1,IN2,SORT1,path_1,18,9.0,8.346,3.25,0.0,1.0,0.25
IN2__SORT1__path_1,IN2,SORT1,path_1,19,9.5,8.846,3.25,0.0,1.0,0.25
IN2__SORT1__path_1,IN2,SORT1,path_1,20,10.0,9.201,2.899,-0.785398,1.0,0.25
IN2__SORT1__path_1,IN2,SORT1,path_1,21,10.5,9.554,2.546,-0.785398,1.0,0.25
IN2__SORT1__path_1,IN2,SORT1,path_1,22,10.977,9.75,2.15,-0.785398,1.0,0.25
IN2__SORT2__path_1,IN2,SORT2,path_1,0,0.0,0.05,4.95,0.0,1.0,0.25
IN2__SORT2__path_1,IN2,SORT2,path_1,1,0.5,0.55,4.95,0.0,1.0,0.25
IN2__SORT2__path_1,IN2,SORT2,path_1,2,1.0,1.05,4.95,0.0,1.0,0.25
IN2__SORT2__path_1,IN2,SORT2,path_1,3,1.5,1.433,4.667,-0.785398,1.0,0.25
IN2__SORT2__path_1,IN2,SORT2,path_1,4,2.0,1.801,4.35,0.0,1.0,0.25
IN2__SORT2__path_1,IN2,SORT2,path_1,5,2.5,2.301,4.35,0.0,1.0,0.25
IN2__SORT2__path_1,IN2,SORT2,path_1,6,3.0,2.801,4.35,0.0,1.0,0.25
IN2__SORT2__path_1,IN2,SORT2,path_1,7,3.5,3.301,4.35,0.0,1.0,0.25
IN2__SORT2__path_1,IN2,SORT2,path_1,8,4.0,3.719,4.15,0.0,1.0,0.25
IN2__SORT2__path_1,IN2,SORT2,path_1,9,4.5,4.219,4.15,0.0,1.0,0.25
IN2__SORT2__path_1,IN2,SORT2,path_1,10,5.0,4.719,4.15,0.0,1.0,0.25
IN2__SORT2__path_1,IN2,SORT2,path_1,11,5.5,5.219,4.15,0.0,1.0,0.25
IN2__SORT2__path_1,IN2,SORT2,path_1,12,6.0,5.719,4.15,0.0,1.0,0.25
IN2__SORT2__path_1,IN2,SORT2,path_1,13,6.5,6.177,4.05,0.0,1.0,0.25
IN2__SORT2__path_1,IN2,SORT2,path_1,14,7.0,6.677,4.05,0.0,1.0,0.25
IN2__SORT2__path_1,IN2,SORT2,path_1,15,7.5,7.177,4.05,0.0,1.0,0.25
IN2__SORT2__path_1,IN2,SORT2,path_1,16,8.0,7.677,4.05,0.0,1.0,0.25
IN2__SORT2__path_1,IN2,SORT2,path_1,17,8.5,8.177,4.05,0.0,1.0,0.25
IN2__SORT2__path_1,IN2,SORT2,path_1,18,9.0,8.677,4.05,0.0,1.0,0.25
IN2__SORT2__path_1,IN2,SORT2,path_1,19,9.5,9.177,4.05,0.0,1.0,0.25
IN2__SORT2__path_1,IN2,SORT2,path_1,20,10.0,9.677,4.05,0.0,1.0,0.25
IN2__SORT2__path_1,IN2,SORT2,path_1,21,10.5,10.177,4.05,0.0,1.0,0.25
IN2__SORT2__path_1,IN2,SORT2,path_1,22,10.673,10.35,4.05,0.0,1.0,0.25
IN2__OUT1__path_1,IN2,OUT1,path_1,0,0.0,0.05,4.95,0.0,1.0,0.25
IN2__OUT1__path_1,IN2,OUT1,path_1,1,0.5,0.55,4.95,0.0,1.0,0.25
IN2__OUT1__path_1,IN2,OUT1,path_1,2,1.0,1.05,4.95,0.0,1.0,0.25
IN2__OUT1__path_1,IN2,OUT1,path_1,3,1.5,1.433,4.667,-0.785398,1.0,0.25
IN2__OUT1__path_1,IN2,OUT1,path_1,4,2.0,1.801,4.35,0.0,1.0,0.25
IN2__OUT1__path_1,IN2,OUT1,path_1,5,2.5,2.301,4.35,0.0,1.0,0.25
IN2__OUT1__path_1,IN2,OUT1,path_1,6,3.0,2.801,4.35,0.0,1.0,0.25
IN2__OUT1__path_1,IN2,OUT1,path_1,7,3.5,3.301,4.35,0.0,1.0,0.25
IN2__OUT1__path_1,IN2,OUT1,path_1,8,4.0,3.719,4.15,0.0,1.0,0.25
IN2__OUT1__path_1,IN2,OUT1,path_1,9,4.5,4.219,4.15,0.0,1.0,0.25
IN2__OUT1__path_1,IN2,OUT1,path_1,10,5.0,4.719,4.15,0.0,1.0,0.25
IN2__OUT1__path_1,IN2,OUT1,path_1,11,5.5,5.219,4.15,0.0,1.0,0.25
IN2__OUT1__path_1,IN2,OUT1,path_1,12,6.0,5.719,4.15,0.0,1.0,0.25
IN2__OUT1__path_1,IN2,OUT1,path_1,13,6.5,6.177,4.05,0.0,1.0,0.25
IN2__OUT1__path_1,IN2,OUT1,path_1,14,7.0,6.677,4.05,0.0,1.0,0.25
IN2__OUT1__path_1,IN2,OUT1,path_1,15,7.5,7.177,4.05,0.0,1.0,0.25
IN2__OUT1__path_1,IN2,OUT1,path_1,16,8.0,7.636,3.95,0.0,1.0,0.25
IN2__OUT1__path_1,IN2,OUT1,path_1,17,8.5,8.053,3.75,0.0,1.0,0.25
IN2__OUT1__path_1,IN2,OUT1,path_1,18,9.0,8.47,3.55,0.0,1.0,0.25
IN2__OUT1__path_1,IN2,OUT1,path_1,19,9.5,8.906,3.394,-0.785398,1.0,0.25
IN2__OUT1__path_1,IN2,OUT1,path_1,20,10.0,9.318,3.182,-0.785398,1.0,0.25
IN2__OUT1__path_1,IN2,OUT1,path_1,21,10.5,9.73,2.97,-0.785398,1.0,0.25
IN2__OUT1__path_1,IN2,OUT1,path_1,22,11.0,10.171,2.829,-0.785398,1.0,0.25
IN2__OUT1__path_1,IN2,OUT1,path_1,23,11.5,10.583,2.617,-0.785398,1.0,0.25
IN2__OUT1__path_1,IN2,OUT1,path_1,24,12.0,11.014,2.45,0.0,1.0,0.25
IN2__OUT1__path_1,IN2,OUT1,path_1,25,12.5,11.432,2.25,0.0,1.0,0.25
IN2__OUT1__path_1,IN2,OUT1,path_1,26,13.0,11.849,2.05,0.0,1.0,0.25
IN2__OUT1__path_1,IN2,OUT1,path_1,27,13.243,12.05,1.95,0.0,1.0,0.25
IN2__OUT2__path_1,IN2,OUT2,path_1,0,0.0,0.05,4.95,0.0,1.0,0.25
IN2__OUT2__path_1,IN2,OUT2,path_1,1,0.5,0.55,4.95,0.0,1.0,0.25
IN2__OUT2__path_1,IN2,OUT2,path_1,2,1.0,1.05,4.95,0.0,1.0,0.25
IN2__OUT2__path_1,IN2,OUT2,path_1,3,1.5,1.433,4.667,-0.785398,1.0,0.25
IN2__OUT2__path_1,IN2,OUT2,path_1,4,2.0,1.801,4.35,0.0,1.0,0.25
IN2__OUT2__path_1,IN2,OUT2,path_1,5,2.5,2.301,4.35,0.0,1.0,0.25
IN2__OUT2__path_1,IN2,OUT2,path_1,6,3.0,2.801,4.35,0.0,1.0,0.25
IN2__OUT2__path_1,IN2,OUT2,path_1,7,3.5,3.301,4.35,0.0,1.0,0.25
IN2__OUT2__path_1,IN2,OUT2,path_1,8,4.0,3.719,4.15,0.0,1.0,0.25
IN2__OUT2__path_1,IN2,OUT2,path_1,9,4.5,4.219,4.15,0.0,1.0,0.25
IN2__OUT2__path_1,IN2,OUT2,path_1,10,5.0,4.719,4.15,0.0,1.0,0.25
IN2__OUT2__path_1,IN2,OUT2,path_1,11,5.5,5.219,4.15,0.0,1.0,0.25
IN2__OUT2__path_1,IN2,OUT2,path_1,12,6.0,5.719,4.15,0.0,1.0,0.25
IN2__OUT2__path_1,IN2,OUT2,path_1,13,6.5,6.177,4.05,0.0,1.0,0.25
IN2__OUT2__path_1,IN2,OUT2,path_1,14,7.0,6.677,4.05,0.0,1.0,0.25
IN2__OUT2__path_1,IN2,OUT2,path_1,15,7.5,7.177,4.05,0.0,1.0,0.25
IN2__OUT2__path_1,IN2,OUT2,path_1,16,8.0,7.677,4.05,0.0,1.0,0.25
IN2__OUT2__path_1,IN2,OUT2,path_1,17,8.5,8.177,4.05,0.0,1.0,0.25
IN2__OUT2__path_1,IN2,OUT2,path_1,18,9.0,8.677,4.05,0.0,1.0,0.25
IN2__OUT2__path_1,IN2,OUT2,path_1,19,9.5,9.177,4.05,0.0,1.0,0.25
IN2__OUT2__path_1,IN2,OUT2,path_1,20,10.0,9.677,4.05,0.0,1.0,0.25
IN2__OUT2__path_1,IN2,OUT2,path_1,21,10.5,10.177,4.05,0.0,1.0,0.25
IN2__OUT2__path_1,IN2,OUT2,path_1,22,11.0,10.677,4.05,0.0,1.0,0.25
IN2__OUT2__path_1,IN2,OUT2,path_1,23,11.5,11.177,4.05,0.0,1.0,0.25
IN2__OUT2__path_1,IN2,OUT2,path_1,24,12.0,11.677,4.05,0.0,1.0,0.25
IN2__OUT2__path_1,IN2,OUT2,path_1,25,12.414,12.05,3.95,0.0,1.0,0.25
IN2__CHG1__path_1,IN2,CHG1,path_1,0,0.0,0.05,4.95,-1.570796,1.0,0.25
IN2__CHG1__path_1,IN2,CHG1,path_1,1,0.5,0.05,4.45,-1.570796,1.0,0.25
IN2__CHG1__path_1,IN2,CHG1,path_1,2,1.0,0.05,3.95,-1.570796,1.0,0.25
IN2__CHG1__path_1,IN2,CHG1,path_1,3,1.5,0.333,3.567,-0.785398,1.0,0.25
IN2__CHG1__path_1,IN2,CHG1,path_1,4,2.0,0.65,3.199,-1.570796,1.0,0.25
IN2__CHG1__path_1,IN2,CHG1,path_1,5,2.5,0.65,2.699,-1.570796,1.0,0.25
IN2__CHG1__path_1,IN2,CHG1,path_1,6,3.0,0.65,2.199,-1.570796,1.0,0.25
IN2__CHG1__path_1,IN2,CHG1,path_1,7,3.5,0.65,1.699,-1.570796,1.0,0.25
IN2__CHG1__path_1,IN2,CHG1,path_1,8,4.0,0.828,1.272,-0.785398,1.0,0.25
IN2__CHG1__path_1,IN2,CHG1,path_1,9,4.5,0.85,0.781,-1.570796,1.0,0.25
IN2__CHG1__path_1,IN2,CHG1,path_1,10,5.0,0.95,0.323,-1.570796,1.0,0.25
IN2__CHG1__path_1,IN2,CHG1,path_1,11,5.314,1.05,0.05,-1.570796,1.0,0.25
IN2__CHG2__path_1,IN2,CHG2,path_1,0,0.0,0.05,4.95,-0.785398,1.0,0.25
IN2__CHG2__path_1,IN2,CHG2,path_1,1,0.5,0.404,4.596,-0.785398,1.0,0.25
IN2__CHG2__path_1,IN2,CHG2,path_1,2,1.0,0.757,4.243,-0.785398,1.0,0.25
IN2__CHG2__path_1,IN2,CHG2,path_1,3,1.5,1.111,3.889,-0.785398,1.0,0.25
IN2__CHG2__path_1,IN2,CHG2,path_1,4,2.0,1.464,3.536,-0.785398,1.0,0.25
IN2__CHG2__path_1,IN2,CHG2,path_1,5,2.5,1.818,3.182,-0.785398,1.0,0.25
IN2__CHG2__path_1,IN2,CHG2,path_1,6,3.0,2.171,2.829,-0.785398,1.0,0.25
IN2__CHG2__path_1,IN2,CHG2,path_1,7,3.5,2.525,2.475,-0.785398,1.0,0.25
IN2__CHG2__path_1,IN2,CHG2,path_1,8,4.0,2.878,2.122,-0.785398,1.0,0.25
IN2__CHG2__path_1,IN2,CHG2,path_1,9,4.5,3.05,1.693,-1.570796,1.0,0.25
IN2__CHG2__path_1,IN2,CHG2,path_1,10,5.0,3.05,1.193,-1.570796,1.0,0.25
IN2__CHG2__path_1,IN2,CHG2,path_1,11,5.5,3.05,0.693,-1.570796,1.0,0.25
IN2__CHG2__path_1,IN2,CHG2,path_1,12,6.0,3.107,0.25,0.0,1.0,0.25
IN2__CHG2__path_1,IN2,CHG2,path_1,13,6.5,3.607,0.25,0.0,1.0,0.25
IN2__CHG2__path_1,IN2,CHG2,path_1,14,7.0,4.107,0.25,0.0,1.0,0.25
IN2__CHG2__path_1,IN2,CHG2,path_1,15,7.5,4.607,0.25,0.0,1.0,0.25
IN2__CHG2__path_1,IN2,CHG2,path_1,16,8.0,5.107,0.25,0.0,1.0,0.25
IN2__CHG2__path_1,IN2,CHG2,path_1,17,8.5,5.607,0.25,0.0,1.0,0.25
IN2__CHG2__path_1,IN2,CHG2,path_1,18,9.0,6.107,0.25,0.0,1.0,0.25
IN2__CHG2__path_1,IN2,CHG2,path_1,19,9.5,6.607,0.25,0.0,1.0,0.25
IN2__CHG2__path_1,IN2,CHG2,path_1,20,10.0,7.107,0.25,0.0,1.0,0.25
IN2__CHG2__path_1,IN2,CHG2,path_1,21,10.5,7.607,0.25,0.0,1.0,0.25
IN2__CHG2__path_1,IN2,CHG2,path_1,22,11.0,8.107,0.25,0.0,1.0,0.25
IN2__CHG2__path_1,IN2,CHG2,path_1,23,11.5,8.607,0.25,0.0,1.0,0.25
IN2__CHG2__path_1,IN2,CHG2,path_1,24,12.0,9.032,0.068,-0.785398,1.0,0.25
IN2__CHG2__path_1,IN2,CHG2,path_1,25,12.025,9.05,0.05,-0.785398,1.0,0.25
P1__IN1__path_1,P1,IN1,path_1,0,0.0,2.95,0.95,3.141593,1.0,0.25
P1__IN1__path_1,P1,IN1,path_1,1,0.5,2.45,0.95,3.141593,1.0,0.25
P1__IN1__path_1,P1,IN1,path_1,2,1.0,1.95,0.95,3.141593,1.0,0.25
P1__IN1__path_1,P1,IN1,path_1,3,1.5,1.45,0.95,3.141593,1.0,0.25
P1__IN1__path_1,P1,IN1,path_1,4,2.0,0.95,0.95,3.141593,1.0,0.25
P1__IN1__path_1,P1,IN1,path_1,5,2.5,0.45,0.95,3.141593,1.0,0.25
P1__IN1__path_1,P1,IN1,path_1,6,2.941,0.05,1.05,3.141593,1.0,0.25
P1__IN2__path_1,P1,IN2,path_1,0,0.0,2.95,0.95,2.356194,1.0,0.25
P1__IN2__path_1,P1,IN2,path_1,1,0.5,2.596,1.304,2.356194,1.0,0.25
P1__IN2__path_1,P1,IN2,path_1,2,1.0,2.243,1.657,2.356194,1.0,0.25
P1__IN2__path_1,P1,IN2,path_1,3,1.5,1.889,2.011,2.356194,1.0,0.25
P1__IN2__path_1,P1,IN2,path_1,4,2.0,1.536,2.364,2.356194,1.0,0.25
P1__IN2__path_1,P1,IN2,path_1,5,2.5,1.182,2.718,2.356194,1.0,0.25
P1__IN2__path_1,P1,IN2,path_1,6,3.0,0.899,3.101,2.356194,1.0,0.25
P1__IN2__path_1,P1,IN2,path_1,7,3.5,0.617,3.483,2.356194,1.0,0.25
P1__IN2__path_1,P1,IN2,path_1,8,4.0,0.263,3.837,2.356194,1.0,0.25
P1__IN2__path_1,P1,IN2,path_1,9,4.5,0.25,4.332,1.570796,1.0,0.25
P1__IN2__path_1,P1,IN2,path_1,10,5.0,0.15,4.79,1.570796,1.0,0.25
P1__IN2__path_1,P1,IN2,path_1,11,5.201,0.05,4.95,1.570796,1.0,0.25
P1__P2__path_1,P1,P2,path_1,0,0.0,2.95,0.95,-0.785398,1.0,0.25
P1__P2__path_1,P1,P2,path_1,1,0.5,3.05,0.491,-1.570796,1.0,0.25
P1__P2__path_1,P1,P2,path_1,2,1.0,3.309,0.25,0.0,1.0,0.25
P1__P2__path_1,P1,P2,path_1,3,1.5,3.809,0.25,0.0,1.0,0.25
P1__P2__path_1,P1,P2,path_1,4,2.0,4.309,0.25,0.0,1.0,0.25
P1__P2__path_1,P1,P2,path_1,5,2.5,4.55,0.509,1.570796,1.0,0.25
P1__P2__path_1,P1,P2,path_1,6,3.0,4.55,1.009,1.570796,1.0,0.25
P1__P2__path_1,P1,P2,path_1,7,3.5,4.55,1.509,1.570796,1.0,0.25
P1__P2__path_1,P1,P2,path_1,8,4.0,4.55,2.009,1.570796,1.0,0.25
P1__P2__path_1,P1,P2,path_1,9,4.341,4.55,2.35,1.570796,1.0,0.25
P1__P3__path_1,P1,P3,path_1,0,0.0,2.95,0.95,1.570796,1.0,0.25
P1__P3__path_1,P1,P3,path_1,1,0.5,2.95,1.45,1.570796,1.0,0.25
P1__P3__path_1,P1,P3,path_1,2,1.0,2.95,1.95,1.570796,1.0,0.25
P1__P3__path_1,P1,P3,path_1,3,1.5,2.95,2.45,1.570796,1.0,0.25
P1__P3__path_1,P1,P3,path_1,4,2.0,2.95,2.95,1.570796,1.0,0.25
P1__P3__path_1,P1,P3,path_1,5,2.5,2.95,3.45,1.570796,1.0,0.25
P1__P3__path_1,P1,P3,path_1,6,3.0,2.95,3.95,1.570796,1.0,0.25
P1__P3__path_1,P1,P3,path_1,7,3.5,3.15,4.367,1.570796,1.0,0.25
P1__P3__path_1,P1,P3,path_1,8,4.0,3.445,4.745,0.785398,1.0,0.25
P1__P3__path_1,P1,P3,path_1,9,4.5,3.516,5.216,0.785398,1.0,0.25
P1__P3__path_1,P1,P3,path_1,10,4.549,3.55,5.25,0.785398,1.0,0.25
P1__P4__path_1,P1,P4,path_1,0,0.0,2.95,0.95,-0.785398,1.0,0.25
P1__P4__path_1,P1,P4,path_1,1,0.5,3.05,0.491,-1.570796,1.0,0.25
P1__P4__path_1,P1,P4,path_1,2,1.0,3.309,0.25,0.0,1.0,0.25
P1__P4__path_1,P1,P4,path_1,3,1.5,3.809,0.25,0.0,1.0,0.25
P1__P4__path_1,P1,P4,path_1,4,2.0,4.309,0.25,0.0,1.0,0.25
P1__P4__path_1,P1,P4,path_1,5,2.5,4.55,0.509,1.570796,1.0,0.25
P1__P4__path_1,P1,P4,path_1,6,3.0,4.75,0.926,1.570796,1.0,0.25
P1__P4__path_1,P1,P4,path_1,7,3.5,4.945,1.345,0.785398,1.0,0.25
P1__P4__path_1,P1,P4,path_1,8,3.507,4.95,1.35,0.785398,1.0,0.25
P1__P5__path_1,P1,P5,path_1,0,0.0,2.95,0.95,1.570796,1.0,0.25
P1__P5__path_1,P1,P5,path_1,1,0.5,2.95,1.45,1.570796,1.0,0.25
P1__P5__path_1,P1,P5,path_1,2,1.0,2.95,1.95,1.570796,1.0,0.25
P1__P5__path_1,P1,P5,path_1,3,1.5,3.05,2.409,1.570796,1.0,0.25
P1__P5__path_1,P1,P5,path_1,4,2.0,3.05,2.909,1.570796,1.0,0.25
P1__P5__path_1,P1,P5,path_1,5,2.5,3.309,3.15,0.0,1.0,0.25
P1__P5__path_1,P1,P5,path_1,6,3.0,3.733,3.333,0.785398,1.0,0.25
P1__P5__path_1,P1,P5,path_1,7,3.5,4.086,3.686,0.785398,1.0,0.25
P1__P5__path_1,P1,P5,path_1,8,4.0,4.44,4.04,0.785398,1.0,0.25
P1__P5__path_1,P1,P5,path_1,9,4.5,4.936,4.05,0.0,1.0,0.25
P1__P5__path_1,P1,P5,path_1,10,5.0,5.436,4.05,0.0,1.0,0.25
P1__P5__path_1,P1,P5,path_1,11,5.214,5.65,4.05,0.0,1.0,0.25
P1__P6__path_1,P1,P6,path_1,0,0.0,2.95,0.95,1.570796,1.0,0.25
P1__P6__path_1,P1,P6,path_1,1,0.5,2.95,1.45,1.570796,1.0,0.25
P1__P6__path_1,P1,P6,path_1,2,1.0,2.95,1.95,1.570796,1.0,0.25
P1__P6__path_1,P1,P6,path_1,3,1.5,3.05,2.409,1.570796,1.0,0.25
P1__P6__path_1,P1,P6,path_1,4,2.0,3.05,2.909,1.570796,1.0,0.25
P1__P6__path_1,P1,P6,path_1,5,2.5,3.233,3.333,0.785398,1.0,0.25
P1__P6__path_1,P1,P6,path_1,6,3.0,3.586,3.686,0.785398,1.0,0.25
P1__P6__path_1,P1,P6,path_1,7,3.5,3.977,3.95,0.0,1.0,0.25
P1__P6__path_1,P1,P6,path_1,8,4.0,4.394,4.15,0.0,1.0,0.25
P1__P6__path_1,P1,P6,path_1,9,4.5,4.894,4.15,0.0,1.0,0.25
P1__P6__path_1,P1,P6,path_1,10,5.0,5.394,4.15,0.0,1.0,0.25
P1__P6__path_1,P1,P6,path_1,11,5.5,5.794,4.394,0.785398,1.0,0.25
P1__P6__path_1,P1,P6,path_1,12,6.0,6.05,4.787,1.570796,1.0,0.25
P1__P6__path_1,P1,P6,path_1,13,6.5,6.05,5.287,1.570796,1.0,0.25
P1__P6__path_1,P1,P6,path_1,14,7.0,6.087,5.75,0.0,1.0,0.25
P1__P6__path_1,P1,P6,path_1,15,7.5,6.587,5.75,0.0,1.0,0.25
P1__P6__path_1,P1,P6,path_1,16,8.0,7.087,5.75,0.0,1.0,0.25
P1__P6__path_1,P1,P6,path_1,17,8.5,7.587,5.75,0.0,1.0,0.25
P1__P6__path_1,P1,P6,path_1,18,8.863,7.95,5.75,0.0,1.0,0.25
P1__P7__path_1,P1,P7,path_1,0,0.0,2.95,0.95,-0.785398,1.0,0.25
P1__P7__path_1,P1,P7,path_1,1,0.5,3.05,0.491,-1.570796,1.0,0.25
P1__P7__path_1,P1,P7,path_1,2,1.0,3.309,0.25,0.0,1.0,0.25
P1__P7__path_1,P1,P7,path_1,3,1.5,3.809,0.25,0.0,1.0,0.25
P1__P7__path_1,P1,P7,path_1,4,2.0,4.309,0.25,0.0,1.0,0.25
P1__P7__path_1,P1,P7,path_1,5,2.5,4.809,0.25,0.0,1.0,0.25
P1__P7__path_1,P1,P7,path_1,6,3.0,5.309,0.25,0.0,1.0,0.25
P1__P7__path_1,P1,P7,path_1,7,3.5,5.767,0.35,0.0,1.0,0.25
P1__P7__path_1,P1,P7,path_1,8,4.0,6.267,0.35,0.0,1.0,0.25
P1__P7__path_1,P1,P7,path_1,9,4.5,6.762,0.362,0.785398,1.0,0.25
P1__P7__path_1,P1,P7,path_1,10,5.0,7.116,0.716,0.785398,1.0,0.25
P1__P7__path_1,P1,P7,path_1,11,5.39,7.25,1.05,0.785398,1.0,0.25
P1__P8__path_1,P1,P8,path_1,0,0.0,2.95,0.95,-0.785398,1.0,0.25
P1__P8__path_1,P1,P8,path_1,1,0.5,3.05,0.491,-1.570796,1.0,0.25
P1__P8__path_1,P1,P8,path_1,2,1.0,3.309,0.25,0.0,1.0,0.25
P1__P8__path_1,P1,P8,path_1,3,1.5,3.809,0.25,0.0,1.0,0.25
P1__P8__path_1,P1,P8,path_1,4,2.0,4.309,0.25,0.0,1.0,0.25
P1__P8__path_1,P1,P8,path_1,5,2.5,4.767,0.35,0.0,1.0,0.25
P1__P8__path_1,P1,P8,path_1,6,3.0,5.267,0.35,0.0,1.0,0.25
P1__P8__path_1,P1,P8,path_1,7,3.5,5.767,0.35,0.0,1.0,0.25
P1__P8__path_1,P1,P8,path_1,8,4.0,6.267,0.35,0.0,1.0,0.25
P1__P8__path_1,P1,P8,path_1,9,4.5,6.762,0.362,0.785398,1.0,0.25
P1__P8__path_1,P1,P8,path_1,10,5.0,7.226,0.45,0.0,1.0,0.25
P1__P8__path_1,P1,P8,path_1,11,5.5,7.726,0.45,0.0,1.0,0.25
P1__P8__path_1,P1,P8,path_1,12,6.0,8.226,0.45,0.0,1.0,0.25
P1__P8__path_1,P1,P8,path_1,13,6.5,8.726,0.45,0.0,1.0,0.25
P1__P8__path_1,P1,P8,path_1,14,7.0,8.85,0.826,1.570796,1.0,0.25
P1__P8__path_1,P1,P8,path_1,15,7.5,8.85,1.326,1.570796,1.0,0.25
P1__P8__path_1,P1,P8,path_1,16,8.0,8.85,1.826,1.570796,1.0,0.25
P1__P8__path_1,P1,P8,path_1,17,8.5,8.85,2.326,1.570796,1.0,0.25
P1__P8__path_1,P1,P8,path_1,18,8.524,8.85,2.35,1.570796,1.0,0.25
P1__P9__path_1,P1,P9,path_1,0,0.0,2.95,0.95,1.570796,1.0,0.25
P1__P9__path_1,P1,P9,path_1,1,0.5,2.95,1.45,1.570796,1.0,0.25
P1__P9__path_1,P1,P9,path_1,2,1.0,2.95,1.95,1.570796,1.0,0.25
P1__P9__path_1,P1,P9,path_1,3,1.5,3.05,2.409,1.570796,1.0,0.25
P1__P9__path_1,P1,P9,path_1,4,2.0,3.05,2.909,1.570796,1.0,0.25
P1__P9__path_1,P1,P9,path_1,5,2.5,3.233,3.333,0.785398,1.0,0.25
P1__P9__path_1,P1,P9,path_1,6,3.0,3.586,3.686,0.785398,1.0,0.25
P1__P9__path_1,P1,P9,path_1,7,3.5,3.94,4.04,0.785398,1.0,0.25
P1__P9__path_1,P1,P9,path_1,8,4.0,4.394,4.15,0.0,1.0,0.25
P1__P9__path_1,P1,P9,path_1,9,4.5,4.894,4.15,0.0,1.0,0.25
P1__P9__path_1,P1,P9,path_1,10,5.0,5.394,4.15,0.0,1.0,0.25
P1__P9__path_1,P1,P9,path_1,11,5.5,5.75,4.412,1.570796,1.0,0.25
P1__P9__path_1,P1,P9,path_1,12,6.0,5.95,4.829,1.570796,1.0,0.25
P1__P9__path_1,P1,P9,path_1,13,6.263,6.05,5.05,1.570796,1.0,0.25
P1__SORT1__path_1,P1,SORT1,path_1,0,0.0,2.95,0.95,-0.785398,1.0,0.25
P1__SORT1__path_1,P1,SORT1,path_1,1,0.5,3.05,0.491,-1.570796,1.0,0.25
P1__SORT1__path_1,P1,SORT1,path_1,2,1.0,3.309,0.25,0.0,1.0,0.25
P1__SORT1__path_1,P1,SORT1,path_1,3,1.5,3.809,0.25,0.0,1.0,0.25
P1__SORT1__path_1,P1,SORT1,path_1,4,2.0,4.309,0.25,0.0,1.0,0.25
P1__SORT1__path_1,P1,SORT1,path_1,5,2.5,4.809,0.25,0.0,1.0,0.25
P1__SORT1__path_1,P1,SORT1,path_1,6,3.0,5.309,0.25,0.0,1.0,0.25
P1__SORT1__path_1,P1,SORT1,path_1,7,3.5,5.767,0.35,0.0,1.0,0.25
P1__SORT1__path_1,P1,SORT1,path_1,8,4.0,6.267,0.35,0.0,1.0,0.25
P1__SORT1__path_1,P1,SORT1,path_1,9,4.5,6.762,0.362,0.785398,1.0,0.25
P1__SORT1__path_1,P1,SORT1,path_1,10,5.0,7.226,0.45,0.0,1.0,0.25
P1__SORT1__path_1,P1,SORT1,path_1,11,5.5,7.726,0.45,0.0,1.0,0.25
P1__SORT1__path_1,P1,SORT1,path_1,12,6.0,8.226,0.45,0.0,1.0,0.25
P1__SORT1__path_1,P1,SORT1,path_1,13,6.5,8.726,0.45,0.0,1.0,0.25
P1__SORT1__path_1,P1,SORT1,path_1,14,7.0,9.116,0.716,0.785398,1.0,0.25
P1__SORT1__path_1,P1,SORT1,path_1,15,7.5,9.257,1.157,0.785398,1.0,0.25
P1__SORT1__path_1,P1,SORT1,path_1,16,8.0,9.469,1.569,0.785398,1.0,0.25
P1__SORT1__path_1,P1,SORT1,path_1,17,8.5,9.65,1.994,1.570796,1.0,0.25
P1__SORT1__path_1,P1,SORT1,path_1,18,8.697,9.75,2.15,1.570796,1.0,0.25
P1__SORT2__path_1,P1,SORT2,path_1,0,0.0,2.95,0.95,1.570796,1.0,0.25
P1__SORT2__path_1,P1,SORT2,path_1,1,0.5,2.95,1.45,1.570796,1.0,0.25
P1__SORT2__path_1,P1,SORT2,path_1,2,1.0,2.95,1.95,1.570796,1.0,0.25
P1__SORT2__path_1,P1,SORT2,path_1,3,1.5,3.05,2.409,1.570796,1.0,0.25
P1__SORT2__path_1,P1,SORT2,path_1,4,2.0,3.05,2.909,1.570796,1.0,0.25
P1__SORT2__path_1,P1,SORT2,path_1,5,2.5,3.309,3.15,0.0,1.0,0.25
P1__SORT2__path_1,P1,SORT2,path_1,6,3.0,3.733,3.333,0.785398,1.0,0.25
P1__SORT2__path_1,P1,SORT2,path_1,7,3.5,4.086,3.686,0.785398,1.0,0.25
P1__SORT2__path_1,P1,SORT2,path_1,8,4.0,4.44,4.04,0.785398,1.0,0.25
P1__SORT2__path_1,P1,SORT2,path_1,9,4.5,4.936,4.05,0.0,1.0,0.25
P1__SORT2__path_1,P1,SORT2,path_1,10,5.0,5.436,4.05,0.0,1.0,0.25
P1__SORT2__path_1,P1,SORT2,path_1,11,5.5,5.936,4.05,0.0,1.0,0.25
P1__SORT2__path_1,P1,SORT2,path_1,12,6.0,6.436,4.05,0.0,1.0,0.25
P1__SORT2__path_1,P1,SORT2,path_1,13,6.5,6.936,4.05,0.0,1.0,0.25
P1__SORT2__path_1,P1,SORT2,path_1,14,7.0,7.436,4.05,0.0,1.0,0.25
P1__SORT2__path_1,P1,SORT2,path_1,15,7.5,7.936,4.05,0.0,1.0,0.25
P1__SORT2__path_1,P1,SORT2,path_1,16,8.0,8.436,4.05,0.0,1.0,0.25
P1__SORT2__path_1,P1,SORT2,path_1,17,8.5,8.936,4.05,0.0,1.0,0.25
P1__SORT2__path_1,P1,SORT2,path_1,18,9.0,9.436,4.05,0.0,1.0,0.25
P1__SORT2__path_1,P1,SORT2,path_1,19,9.5,9.936,4.05,0.0,1.0,0.25
P1__SORT2__path_1,P1,SORT2,path_1,20,9.914,10.35,4.05,0.0,1.0,0.25
P1__OUT1__path_1,P1,OUT1,path_1,0,0.0,2.95,0.95,-0.785398,1.0,0.25
P1__OUT1__path_1,P1,OUT1,path_1,1,0.5,3.05,0.491,-1.570796,1.0,0.25
P1__OUT1__path_1,P1,OUT1,path_1,2,1.0,3.309,0.25,0.0,1.0,0.25
P1__OUT1__path_1,P1,OUT1,path_1,3,1.5,3.809,0.25,0.0,1.0,0.25
P1__OUT1__path_1,P1,OUT1,path_1,4,2.0,4.309,0.25,0.0,1.0,0.25
P1__OUT1__path_1,P1,OUT1,path_1,5,2.5,4.809,0.25,0.0,1.0,0.25
P1__OUT1__path_1,P1,OUT1,path_1,6,3.0,5.309,0.25,0.0,1.0,0.25
P1__OUT1__path_1,P1,OUT1,path_1,7,3.5,5.809,0.25,0.0,1.0,0.25
P1__OUT1__path_1,P1,OUT1,path_1,8,4.0,6.309,0.25,0.0,1.0,0.25
P1__OUT1__path_1,P1,OUT1,path_1,9,4.5,6.809,0.25,0.0,1.0,0.25
P1__OUT1__path_1,P1,OUT1,path_1,10,5.0,7.309,0.25,0.0,1.0,0.25
P1__OUT1__path_1,P1,OUT1,path_1,11,5.5,7.809,0.25,0.0,1.0,0.25
P1__OUT1__path_1,P1,OUT1,path_1,12,6.0,8.309,0.25,0.0,1.0,0.25
P1__OUT1__path_1,P1,OUT1,path_1,13,6.5,8.726,0.45,0.0,1.0,0.25
P1__OUT1__path_1,P1,OUT1,path_1,14,7.0,9.145,0.645,0.785398,1.0,0.25
P1__OUT1__path_1,P1,OUT1,path_1,15,7.5,9.56,0.85,0.0,1.0,0.25
P1__OUT1__path_1,P1,OUT1,path_1,16,8.0,9.999,0.999,0.785398,1.0,0.25
P1__OUT1__path_1,P1,OUT1,path_1,17,8.5,10.411,1.211,0.785398,1.0,0.25
P1__OUT1__path_1,P1,OUT1,path_1,18,9.0,10.823,1.423,0.785398,1.0,0.25
P1__OUT1__path_1,P1,OUT1,path_1,19,9.5,11.264,1.564,0.785398,1.0,0.25
P1__OUT1__path_1,P1,OUT1,path_1,20,10.0,11.676,1.776,0.785398,1.0,0.25
P1__OUT1__path_1,P1,OUT1,path_1,21,10.446,12.05,1.95,0.785398,1.0,0.25
P1__OUT2__path_1,P1,OUT2,path_1,0,0.0,2.95,0.95,-0.785398,1.0,0.25
P1__OUT2__path_1,P1,OUT2,path_1,1,0.5,3.05,0.491,-1.570796,1.0,0.25
P1__OUT2__path_1,P1,OUT2,path_1,2,1.0,3.309,0.25,0.0,1.0,0.25
P1__OUT2__path_1,P1,OUT2,path_1,3,1.5,3.809,0.25,0.0,1.0,0.25
P1__OUT2__path_1,P1,OUT2,path_1,4,2.0,4.309,0.25,0.0,1.0,0.25
P1__OUT2__path_1,P1,OUT2,path_1,5,2.5,4.767,0.35,0.0,1.0,0.25
P1__OUT2__path_1,P1,OUT2,path_1,6,3.0,5.267,0.35,0.0,1.0,0.25
P1__OUT2__path_1,P1,OUT2,path_1,7,3.5,5.767,0.35,0.0,1.0,0.25
P1__OUT2__path_1,P1,OUT2,path_1,8,4.0,6.267,0.35,0.0,1.0,0.25
P1__OUT2__path_1,P1,OUT2,path_1,9,4.5,6.762,0.362,0.785398,1.0,0.25
P1__OUT2__path_1,P1,OUT2,path_1,10,5.0,7.226,0.45,0.0,1.0,0.25
P1__OUT2__path_1,P1,OUT2,path_1,11,5.5,7.726,0.45,0.0,1.0,0.25
P1__OUT2__path_1,P1,OUT2,path_1,12,6.0,8.226,0.45,0.0,1.0,0.25
P1__OUT2__path_1,P1,OUT2,path_1,13,6.5,8.726,0.45,0.0,1.0,0.25
P1__OUT2__path_1,P1,OUT2,path_1,14,7.0,9.116,0.716,0.785398,1.0,0.25
P1__OUT2__path_1,P1,OUT2,path_1,15,7.5,9.469,1.069,0.785398,1.0,0.25
P1__OUT2__path_1,P1,OUT2,path_1,16,8.0,9.823,1.423,0.785398,1.0,0.25
P1__OUT2__path_1,P1,OUT2,path_1,17,8.5,10.176,1.776,0.785398,1.0,0.25
P1__OUT2__path_1,P1,OUT2,path_1,18,9.0,10.53,2.13,0.785398,1.0,0.25
P1__OUT2__path_1,P1,OUT2,path_1,19,9.5,10.883,2.483,0.785398,1.0,0.25
P1__OUT2__path_1,P1,OUT2,path_1,20,10.0,11.237,2.837,0.785398,1.0,0.25
P1__OUT2__path_1,P1,OUT2,path_1,21,10.5,11.591,3.191,0.785398,1.0,0.25
P1__OUT2__path_1,P1,OUT2,path_1,22,11.0,11.873,3.573,0.785398,1.0,0.25
P1__OUT2__path_1,P1,OUT2,path_1,23,11.45,12.05,3.95,0.785398,1.0,0.25
P1__CHG1__path_1,P1,CHG1,path_1,0,0.0,2.95,0.95,-2.356194,1.0,0.25
P1__CHG1__path_1,P1,CHG1,path_1,1,0.5,2.533,0.75,3.141593,1.0,0.25
P1__CHG1__path_1,P1,CHG1,path_1,2,1.0,2.033,0.75,3.141593,1.0,0.25
P1__CHG1__path_1,P1,CHG1,path_1,3,1.5,1.655,0.455,-2.356194,1.0,0.25
P1__CHG1__path_1,P1,CHG1,path_1,4,2.0,1.281,0.15,3.141593,1.0,0.25
P1__CHG1__path_1,P1,CHG1,path_1,5,2.273,1.05,0.05,3.141593,1.0,0.25
P1__CHG2__path_1,P1,CHG2,path_1,0,0.0,2.95,0.95,-0.785398,1.0,0.25
P1__CHG2__path_1,P1,CHG2,path_1,1,0.5,3.05,0.491,-1.570796,1.0,0.25
P1__CHG2__path_1,P1,CHG2,path_1,2,1.0,3.309,0.25,0.0,1.0,0.25
P1__CHG2__path_1,P1,CHG2,path_1,3,1.5,3.809,0.25,0.0,1.0,0.25
P1__CHG2__path_1,P1,CHG2,path_1,4,2.0,4.309,0.25,0.0,1.0,0.25
P1__CHG2__path_1,P1,CHG2,path_1,5,2.5,4.809,0.25,0.0,1.0,0.25
P1__CHG2__path_1,P1,CHG2,path_1,6,3.0,5.309,0.25,0.0,1.0,0.25
P1__CHG2__path_1,P1,CHG2,path_1,7,3.5,5.809,0.25,0.0,1.0,0.25
P1__CHG2__path_1,P1,CHG2,path_1,8,4.0,6.309,0.25,0.0,1.0,0.25
P1__CHG2__path_1,P1,CHG2,path_1,9,4.5,6.809,0.25,0.0,1.0,0.25
P1__CHG2__path_1,P1,CHG2,path_1,10,5.0,7.309,0.25,0.0,1.0,0.25
P1__CHG2__path_1,P1,CHG2,path_1,11,5.5,7.809,0.25,0.0,1.0,0.25
P1__CHG2__path_1,P1,CHG2,path_1,12,6.0,8.309,0.25,0.0,1.0,0.25
P1__CHG2__path_1,P1,CHG2,path_1,13,6.5,8.767,0.15,0.0,1.0,0.25
P1__CHG2__path_1,P1,CHG2,path_1,14,6.824,9.05,0.05,0.0,1.0,0.25
P2__IN1__path_1,P2,IN1,path_1,0,0.0,4.55,2.35,1.570796,1.0,0.25
P2__IN1__path_1,P2,IN1,path_1,1,0.5,4.55,2.85,1.570796,1.0,0.25
P2__IN1__path_1,P2,IN1,path_1,2,1.0,4.35,3.15,3.141593,1.0,0.25
P2__IN1__path_1,P2,IN1,path_1,3,1.5,3.85,3.15,3.141593,1.0,0.25
P2__IN1__path_1,P2,IN1,path_1,4,2.0,3.35,3.15,3.141593,1.0,0.25
P2__IN1__path_1,P2,IN1,path_1,5,2.5,2.909,3.009,-2.356194,1.0,0.25
P2__IN1__path_1,P2,IN1,path_1,6,3.0,2.555,2.655,-2.356194,1.0,0.25
P2__IN1__path_1,P2,IN1,path_1,7,3.5,2.201,2.301,-2.356194,1.0,0.25
P2__IN1__path_1,P2,IN1,path_1,8,4.0,1.848,1.948,-2.356194,1.0,0.25
P2__IN1__path_1,P2,IN1,path_1,9,4.5,1.465,1.665,-2.356194,1.0,0.25
P2__IN1__path_1,P2,IN1,path_1,10,5.0,1.024,1.524,-2.356194,1.0,0.25
P2__IN1__path_1,P2,IN1,path_1,11,5.5,0.612,1.312,-2.356194,1.0,0.25
P2__IN1__path_1,P2,IN1,path_1,12,6.0,0.178,1.15,3.141593,1.0,0.25
P2__IN1__path_1,P2,IN1,path_1,13,6.17,0.05,1.05,3.141593,1.0,0.25
P2__IN2__path_1,P2,IN2,path_1,0,0.0,4.55,2.35,1.570796,1.0,0.25
P2__IN2__path_1,P2,IN2,path_1,1,0.5,4.55,2.85,1.570796,1.0,0.25
P2__IN2__path_1,P2,IN2,path_1,2,1.0,4.35,3.15,3.141593,1.0,0.25
P2__IN2__path_1,P2,IN2,path_1,3,1.5,3.967,3.433,2.356194,1.0,0.25
P2__IN2__path_1,P2,IN2,path_1,4,2.0,3.599,3.75,3.141593,1.0,0.25
P2__IN2__path_1,P2,IN2,path_1,5,2.5,3.114,3.786,2.356194,1.0,0.25
P2__IN2__path_1,P2,IN2,path_1,6,3.0,2.76,4.14,2.356194,1.0,0.25
P2__IN2__path_1,P2,IN2,path_1,7,3.5,2.406,4.494,2.356194,1.0,0.25
P2__IN2__path_1,P2,IN2,path_1,8,4.0,2.053,4.847,2.356194,1.0,0.25
P2__IN2__path_1,P2,IN2,path_1,9,4.5,1.554,4.85,3.141593,1.0,0.25
P2__IN2__path_1,P2,IN2,path_1,10,5.0,1.054,4.85,3.141593,1.0,0.25
P2__IN2__path_1,P2,IN2,path_1,11,5.5,0.554,4.85,3.141593,1.0,0.25
P2__IN2__path_1,P2,IN2,path_1,12,6.0,0.082,4.918,2.356194,1.0,0.25
P2__IN2__path_1,P2,IN2,path_1,13,6.046,0.05,4.95,2.356194,1.0,0.25
P2__P1__path_1,P2,P1,path_1,0,0.0,4.55,2.35,-1.570796,1.0,0.25
P2__P1__path_1,P2,P1,path_1,1,0.5,4.55,1.85,-1.570796,1.0,0.25
P2__P1__path_1,P2,P1,path_1,2,1.0,4.55,1.35,-1.570796,1.0,0.25
P2__P1__path_1,P2,P1,path_1,3,1.5,4.55,0.85,-1.570796,1.0,0.25
P2__P1__path_1,P2,P1,path_1,4,2.0,4.55,0.35,-1.570796,1.0,0.25
P2__P1__path_1,P2,P1,path_1,5,2.5,4.15,0.25,3.141593,1.0,0.25
P2__P1__path_1,P2,P1,path_1,6,3.0,3.65,0.25,3.141593,1.0,0.25
P2__P1__path_1,P2,P1,path_1,7,3.5,3.15,0.25,3.141593,1.0,0.25
P2__P1__path_1,P2,P1,path_1,8,4.0,3.05,0.65,1.570796,1.0,0.25
P2__P1__path_1,P2,P1,path_1,9,4.341,2.95,0.95,1.570796,1.0,0.25
P2__P3__path_1,P2,P3,path_1,0,0.0,4.55,2.35,1.570796,1.0,0.25
P2__P3__path_1,P2,P3,path_1,1,0.5,4.55,2.85,1.570796,1.0,0.25
P2__P3__path_1,P2,P3,path_1,2,1.0,4.409,3.291,2.356194,1.0,0.25
P2__P3__path_1,P2,P3,path_1,3,1.5,4.055,3.645,2.356194,1.0,0.25
P2__P3__path_1,P2,P3,path_1,4,2.0,3.701,3.999,2.356194,1.0,0.25
P2__P3__path_1,P2,P3,path_1,5,2.5,3.55,4.436,1.570796,1.0,0.25
P2__P3__path_1,P2,P3,path_1,6,3.0,3.55,4.936,1.570796,1.0,0.25
P2__P3__path_1,P2,P3,path_1,7,3.314,3.55,5.25,1.570796,1.0,0.25
P2__P4__path_1,P2,P4,path_1,0,0.0,4.55,2.35,-0.785398,1.0,0.25
P2__P4__path_1,P2,P4,path_1,1,0.5,4.85,1.974,-1.570796,1.0,0.25
P2__P4__path_1,P2,P4,path_1,2,1.0,4.85,1.474,-1.570796,1.0,0.25
P2__P4__path_1,P2,P4,path_1,3,1.166,4.95,1.35,-1.570796,1.0,0.25
P2__P5__path_1,P2,P5,path_1,0,0.0,4.55,2.35,1.570796,1.0,0.25
P2__P5__path_1,P2,P5,path_1,1,0.5,4.55,2.85,1.570796,1.0,0.25
P2__P5__path_1,P2,P5,path_1,2,1.0,4.55,3.35,1.570796,1.0,0.25
P2__P5__path_1,P2,P5,path_1,3,1.5,4.75,3.767,1.570796,1.0,0.25
P2__P5__path_1,P2,P5,path_1,4,2.0,4.967,4.05,0.0,1.0,0.25
P2__P5__path_1,P2,P5,path_1,5,2.5,5.467,4.05,0.0,1.0,0.25
P2__P5__path_1,P2,P5,path_1,6,2.683,5.65,4.05,0.0,1.0,0.25
P2__P6__path_1,P2,P6,path_1,0,0.0,4.55,2.35,1.570796,1.0,0.25
P2__P6__path_1,P2,P6,path_1,1,0.5,4.55,2.85,1.570796,1.0,0.25
P2__P6__path_1,P2,P6,path_1,2,1.0,4.55,3.35,1.570796,1.0,0.25
P2__P6__path_1,P2,P6,path_1,3,1.5,4.75,3.767,1.570796,1.0,0.25
P2__P6__path_1,P2,P6,path_1,4,2.0,4.926,4.15,0.0,1.0,0.25
P2__P6__path_1,P2,P6,path_1,5,2.5,5.426,4.15,0.0,1.0,0.25
P2__P6__path_1,P2,P6,path_1,6,3.0,5.816,4.416,0.785398,1.0,0.25
P2__P6__path_1,P2,P6,path_1,7,3.5,6.05,4.819,1.570796,1.0,0.25
P2__P6__path_1,P2,P6,path_1,8,4.0,6.05,5.319,1.570796,1.0,0.25
P2__P6__path_1,P2,P6,path_1,9,4.5,6.119,5.75,0.0,1.0,0.25
P2__P6__path_1,P2,P6,path_1,10,5.0,6.619,5.75,0.0,1.0,0.25
P2__P6__path_1,P2,P6,path_1,11,5.5,7.119,5.75,0.0,1.0,0.25
P2__P6__path_1,P2,P6,path_1,12,6.0,7.619,5.75,0.0,1.0,0.25
P2__P6__path_1,P2,P6,path_1,13,6.331,7.95,5.75,0.0,1.0,0.25
P2__P7__path_1,P2,P7,path_1,0,0.0,4.55,2.35,-1.570796,1.0,0.25
P2__P7__path_1,P2,P7,path_1,1,0.5,4.55,1.85,-1.570796,1.0,0.25
P2__P7__path_1,P2,P7,path_1,2,1.0,4.55,1.35,-1.570796,1.0,0.25
P2__P7__path_1,P2,P7,path_1,3,1.5,4.833,0.967,-0.785398,1.0,0.25
P2__P7__path_1,P2,P7,path_1,4,2.0,4.95,0.516,-1.570796,1.0,0.25
P2__P7__path_1,P2,P7,path_1,5,2.5,5.284,0.35,0.0,1.0,0.25
P2__P7__path_1,P2,P7,path_1,6,3.0,5.784,0.35,0.0,1.0,0.25
P2__P7__path_1,P2,P7,path_1,7,3.5,6.284,0.35,0.0,1.0,0.25
P2__P7__path_1,P2,P7,path_1,8,4.0,6.774,0.374,0.785398,1.0,0.25
P2__P7__path_1,P2,P7,path_1,9,4.5,7.128,0.728,0.785398,1.0,0.25
P2__P7__path_1,P2,P7,path_1,10,4.873,7.25,1.05,0.785398,1.0,0.25
P2__P8__path_1,P2,P8,path_1,0,0.0,4.55,2.35,1.570796,1.0,0.25
P2__P8__path_1,P2,P8,path_1,1,0.5,4.55,2.85,1.570796,1.0,0.25
P2__P8__path_1,P2,P8,path_1,2,1.0,4.55,3.35,1.570796,1.0,0.25
P2__P8__path_1,P2,P8,path_1,3,1.5,4.75,3.767,1.570796,1.0,0.25
P2__P8__path_1,P2,P8,path_1,4,2.0,4.967,4.05,0.0,1.0,0.25
P2__P8__path_1,P2,P8,path_1,5,2.5,5.467,4.05,0.0,1.0,0.25
P2__P8__path_1,P2,P8,path_1,6,3.0,5.967,4.05,0.0,1.0,0.25
P2__P8__path_1,P2,P8,path_1,7,3.5,6.467,4.05,0.0,1.0,0.25
P2__P8__path_1,P2,P8,path_1,8,4.0,6.845,3.755,-0.785398,1.0,0.25
P2__P8__path_1,P2,P8,path_1,9,4.5,7.199,3.401,-0.785398,1.0,0.25
P2__P8__path_1,P2,P8,path_1,10,5.0,7.636,3.25,0.0,1.0,0.25
P2__P8__path_1,P2,P8,path_1,11,5.5,8.136,3.25,0.0,1.0,0.25
P2__P8__path_1,P2,P8,path_1,12,6.0,8.636,3.25,0.0,1.0,0.25
P2__P8__path_1,P2,P8,path_1,13,6.5,8.85,2.964,-1.570796,1.0,0.25
P2__P8__path_1,P2,P8,path_1,14,7.0,8.85,2.464,-1.570796,1.0,0.25
P2__P8__path_1,P2,P8,path_1,15,7.114,8.85,2.35,-1.570796,1.0,0.25
P2__P9__path_1,P2,P9,path_1,0,0.0,4.55,2.35,1.570796,1.0,0.25
P2__P9__path_1,P2,P9,path_1,1,0.5,4.55,2.85,1.570796,1.0,0.25
P2__P9__path_1,P2,P9,path_1,2,1.0,4.55,3.35,1.570796,1.0,0.25
P2__P9__path_1,P2,P9,path_1,3,1.5,4.75,3.767,1.570796,1.0,0.25
P2__P9__path_1,P2,P9,path_1,4,2.0,4.926,4.15,0.0,1.0,0.25
P2__P9__path_1,P2,P9,path_1,5,2.5,5.426,4.15,0.0,1.0,0.25
P2__P9__path_1,P2,P9,path_1,6,3.0,5.75,4.443,1.570796,1.0,0.25
P2__P9__path_1,P2,P9,path_1,7,3.5,5.95,4.86,1.570796,1.0,0.25
P2__P9__path_1,P2,P9,path_1,8,3.731,6.05,5.05,1.570796,1.0,0.25
P2__SORT1__path_1,P2,SORT1,path_1,0,0.0,4.55,2.35,1.570796,1.0,0.25
P2__SORT1__path_1,P2,SORT1,path_1,1,0.5,4.55,2.85,1.570796,1.0,0.25
P2__SORT1__path_1,P2,SORT1,path_1,2,1.0,4.55,3.35,1.570796,1.0,0.25
P2__SORT1__path_1,P2,SORT1,path_1,3,1.5,4.75,3.767,1.570796,1.0,0.25
P2__SORT1__path_1,P2,SORT1,path_1,4,2.0,4.967,4.05,0.0,1.0,0.25
P2__SORT1__path_1,P2,SORT1,path_1,5,2.5,5.467,4.05,0.0,1.0,0.25
P2__SORT1__path_1,P2,SORT1,path_1,6,3.0,5.967,4.05,0.0,1.0,0.25
P2__SORT1__path_1,P2,SORT1,path_1,7,3.5,6.467,4.05,0.0,1.0,0.25
P2__SORT1__path_1,P2,SORT1,path_1,8,4.0,6.845,3.755,-0.785398,1.0,0.25
P2__SORT1__path_1,P2,SORT1,path_1,9,4.5,7.199,3.401,-0.785398,1.0,0.25
P2__SORT1__path_1,P2,SORT1,path_1,10,5.0,7.636,3.25,0.0,1.0,0.25
P2__SORT1__path_1,P2,SORT1,path_1,11,5.5,8.136,3.25,0.0,1.0,0.25
P2__SORT1__path_1,P2,SORT1,path_1,12,6.0,8.636,3.25,0.0,1.0,0.25
P2__SORT1__path_1,P2,SORT1,path_1,13,6.5,9.052,3.048,-0.785398,1.0,0.25
P2__SORT1__path_1,P2,SORT1,path_1,14,7.0,9.406,2.694,-0.785398,1.0,0.25
P2__SORT1__path_1,P2,SORT1,path_1,15,7.5,9.65,2.296,-1.570796,1.0,0.25
P2__SORT1__path_1,P2,SORT1,path_1,16,7.687,9.75,2.15,-1.570796,1.0,0.25
P2__SORT2__path_1,P2,SORT2,path_1,0,0.0,4.55,2.35,1.570796,1.0,0.25
P2__SORT2__path_1,P2,SORT2,path_1,1,0.5,4.55,2.85,1.570796,1.0,0.25
P2__SORT2__path_1,P2,SORT2,path_1,2,1.0,4.55,3.35,1.570796,1.0,0.25
P2__SORT2__path_1,P2,SORT2,path_1,3,1.5,4.75,3.767,1.570796,1.0,0.25
P2__SORT2__path_1,P2,SORT2,path_1,4,2.0,4.967,4.05,0.0,1.0,0.25
P2__SORT2__path_1,P2,SORT2,path_1,5,2.5,5.467,4.05,0.0,1.0,0.25
P2__SORT2__path_1,P2,SORT2,path_1,6,3.0,5.967,4.05,0.0,1.0,0.25
P2__SORT2__path_1,P2,SORT2,path_1,7,3.5,6.467,4.05,0.0,1.0,0.25
P2__SORT2__path_1,P2,SORT2,path_1,8,4.0,6.967,4.05,0.0,1.0,0.25
P2__SORT2__path_1,P2,SORT2,path_1,9,4.5,7.467,4.05,0.0,1.0,0.25
P2__SORT2__path_1,P2,SORT2,path_1,10,5.0,7.967,4.05,0.0,1.0,0.25
P2__SORT2__path_1,P2,SORT2,path_1,11,5.5,8.467,4.05,0.0,1.0,0.25
P2__SORT2__path_1,P2,SORT2,path_1,12,6.0,8.967,4.05,0.0,1.0,0.25
P2__SORT2__path_1,P2,SORT2,path_1,13,6.5,9.467,4.05,0.0,1.0,0.25
P2__SORT2__path_1,P2,SORT2,path_1,14,7.0,9.967,4.05,0.0,1.0,0.25
P2__SORT2__path_1,P2,SORT2,path_1,15,7.383,10.35,4.05,0.0,1.0,0.25
P2__OUT1__path_1,P2,OUT1,path_1,0,0.0,4.55,2.35,-1.570796,1.0,0.25
P2__OUT1__path_1,P2,OUT1,path_1,1,0.5,4.55,1.85,-1.570796,1.0,0.25
P2__OUT1__path_1,P2,OUT1,path_1,2,1.0,4.55,1.35,-1.570796,1.0,0.25
P2__OUT1__path_1,P2,OUT1,path_1,3,1.5,4.833,0.967,-0.785398,1.0,0.25
P2__OUT1__path_1,P2,OUT1,path_1,4,2.0,4.95,0.516,-1.570796,1.0,0.25
P2__OUT1__path_1,P2,OUT1,path_1,5,2.5,5.284,0.35,0.0,1.0,0.25
P2__OUT1__path_1,P2,OUT1,path_1,6,3.0,5.784,0.35,0.0,1.0,0.25
P2__OUT1__path_1,P2,OUT1,path_1,7,3.5,6.284,0.35,0.0,1.0,0.25
P2__OUT1__path_1,P2,OUT1,path_1,8,4.0,6.784,0.35,0.0,1.0,0.25
P2__OUT1__path_1,P2,OUT1,path_1,9,4.5,7.284,0.35,0.0,1.0,0.25
P2__OUT1__path_1,P2,OUT1,path_1,10,5.0,7.784,0.35,0.0,1.0,0.25
P2__OUT1__path_1,P2,OUT1,path_1,11,5.5,8.284,0.35,0.0,1.0,0.25
P2__OUT1__path_1,P2,OUT1,path_1,12,6.0,8.743,0.45,0.0,1.0,0.25
P2__OUT1__path_1,P2,OUT1,path_1,13,6.5,9.16,0.65,0.0,1.0,0.25
P2__OUT1__path_1,P2,OUT1,path_1,14,7.0,9.577,0.85,0.0,1.0,0.25
P2__OUT1__path_1,P2,OUT1,path_1,15,7.5,10.011,1.011,0.785398,1.0,0.25
P2__OUT1__path_1,P2,OUT1,path_1,16,8.0,10.423,1.223,0.785398,1.0,0.25
P2__OUT1__path_1,P2,OUT1,path_1,17,8.5,10.835,1.435,0.785398,1.0,0.25
P2__OUT1__path_1,P2,OUT1,path_1,18,9.0,11.276,1.576,0.785398,1.0,0.25
P2__OUT1__path_1,P2,OUT1,path_1,19,9.5,11.688,1.788,0.785398,1.0,0.25
P2__OUT1__path_1,P2,OUT1,path_1,20,9.928,12.05,1.95,0.785398,1.0,0.25
P2__OUT2__path_1,P2,OUT2,path_1,0,0.0,4.55,2.35,1.570796,1.0,0.25
P2__OUT2__path_1,P2,OUT2,path_1,1,0.5,4.55,2.85,1.570796,1.0,0.25
P2__OUT2__path_1,P2,OUT2,path_1,2,1.0,4.55,3.35,1.570796,1.0,0.25
P2__OUT2__path_1,P2,OUT2,path_1,3,1.5,4.75,3.767,1.570796,1.0,0.25
P2__OUT2__path_1,P2,OUT2,path_1,4,2.0,4.967,4.05,0.0,1.0,0.25
P2__OUT2__path_1,P2,OUT2,path_1,5,2.5,5.467,4.05,0.0,1.0,0.25
P2__OUT2__path_1,P2,OUT2,path_1,6,3.0,5.967,4.05,0.0,1.0,0.25
P2__OUT2__path_1,P2,OUT2,path_1,7,3.5,6.467,4.05,0.0,1.0,0.25
P2__OUT2__path_1,P2,OUT2,path_1,8,4.0,6.967,4.05,0.0,1.0,0.25
P2__OUT2__path_1,P2,OUT2,path_1,9,4.5,7.467,4.05,0.0,1.0,0.25
P2__OUT2__path_1,P2,OUT2,path_1,10,5.0,7.967,4.05,0.0,1.0,0.25
P2__OUT2__path_1,P2,OUT2,path_1,11,5.5,8.467,4.05,0.0,1.0,0.25
P2__OUT2__path_1,P2,OUT2,path_1,12,6.0,8.967,4.05,0.0,1.0,0.25
P2__OUT2__path_1,P2,OUT2,path_1,13,6.5,9.467,4.05,0.0,1.0,0.25
P2__OUT2__path_1,P2,OUT2,path_1,14,7.0,9.967,4.05,0.0,1.0,0.25
P2__OUT2__path_1,P2,OUT2,path_1,15,7.5,10.467,4.05,0.0,1.0,0.25
P2__OUT2__path_1,P2,OUT2,path_1,16,8.0,10.967,4.05,0.0,1.0,0.25
P2__OUT2__path_1,P2,OUT2,path_1,17,8.5,11.467,4.05,0.0,1.0,0.25
P2__OUT2__path_1,P2,OUT2,path_1,18,9.0,11.962,4.038,-0.785398,1.0,0.25
P2__OUT2__path_1,P2,OUT2,path_1,19,9.124,12.05,3.95,-0.785398,1.0,0.25
P2__CHG1__path_1,P2,CHG1,path_1,0,0.0,4.55,2.35,-1.570796,1.0,0.25
P2__CHG1__path_1,P2,CHG1,path_1,1,0.5,4.55,1.85,-1.570796,1.0,0.25
P2__CHG1__path_1,P2,CHG1,path_1,2,1.0,4.55,1.35,-1.570796,1.0,0.25
P2__CHG1__path_1,P2,CHG1,path_1,3,1.5,4.55,0.85,-1.570796,1.0,0.25
P2__CHG1__path_1,P2,CHG1,path_1,4,2.0,4.55,0.35,-1.570796,1.0,0.25
P2__CHG1__path_1,P2,CHG1,path_1,5,2.5,4.15,0.25,3.141593,1.0,0.25
P2__CHG1__path_1,P2,CHG1,path_1,6,3.0,3.65,0.25,3.141593,1.0,0.25
P2__CHG1__path_1,P2,CHG1,path_1,7,3.5,3.15,0.25,3.141593,1.0,0.25
P2__CHG1__path_1,P2,CHG1,path_1,8,4.0,2.65,0.25,3.141593,1.0,0.25
P2__CHG1__path_1,P2,CHG1,path_1,9,4.5,2.15,0.25,3.141593,1.0,0.25
P2__CHG1__path_1,P2,CHG1,path_1,10,5.0,1.65,0.25,3.141593,1.0,0.25
P2__CHG1__path_1,P2,CHG1,path_1,11,5.5,1.191,0.15,3.141593,1.0,0.25
P2__CHG1__path_1,P2,CHG1,path_1,12,5.683,1.05,0.05,3.141593,1.0,0.25
P2__CHG2__path_1,P2,CHG2,path_1,0,0.0,4.55,2.35,-1.570796,1.0,0.25
P2__CHG2__path_1,P2,CHG2,path_1,1,0.5,4.55,1.85,-1.570796,1.0,0.25
P2__CHG2__path_1,P2,CHG2,path_1,2,1.0,4.55,1.35,-1.570796,1.0,0.25
P2__CHG2__path_1,P2,CHG2,path_1,3,1.5,4.833,0.967,-0.785398,1.0,0.25
P2__CHG2__path_1,P2,CHG2,path_1,4,2.0,4.95,0.516,-1.570796,1.0,0.25
P2__CHG2__path_1,P2,CHG2,path_1,5,2.5,5.284,0.35,0.0,1.0,0.25
P2__CHG2__path_1,P2,CHG2,path_1,6,3.0,5.784,0.35,0.0,1.0,0.25
P2__CHG2__path_1,P2,CHG2,path_1,7,3.5,6.284,0.35,0.0,1.0,0.25
P2__CHG2__path_1,P2,CHG2,path_1,8,4.0,6.745,0.255,-0.785398,1.0,0.25
P2__CHG2__path_1,P2,CHG2,path_1,9,4.5,7.243,0.25,0.0,1.0,0.25
P2__CHG2__path_1,P2,CHG2,path_1,10,5.0,7.743,0.25,0.0,1.0,0.25
P2__CHG2__path_1,P2,CHG2,path_1,11,5.5,8.243,0.25,0.0,1.0,0.25
P2__CHG2__path_1,P2,CHG2,path_1,12,6.0,8.716,0.184,-0.785398,1.0,0.25
P2__CHG2__path_1,P2,CHG2,path_1,13,6.39,9.05,0.05,-0.785398,1.0,0.25
P3__IN1__path_1,P3,IN1,path_1,0,0.0,3.55,5.25,-2.356194,1.0,0.25
P3__IN1__path_1,P3,IN1,path_1,1,0.5,3.196,4.896,-2.356194,1.0,0.25
P3__IN1__path_1,P3,IN1,path_1,2,1.0,2.843,4.543,-2.356194,1.0,0.25
P3__IN1__path_1,P3,IN1,path_1,3,1.5,2.489,4.189,-2.356194,1.0,0.25
P3__IN1__path_1,P3,IN1,path_1,4,2.0,2.136,3.836,-2.356194,1.0,0.25
P3__IN1__path_1,P3,IN1,path_1,5,2.5,1.782,3.482,-2.356194,1.0,0.25
P3__IN1__path_1,P3,IN1,path_1,6,3.0,1.429,3.129,-2.356194,1.0,0.25
P3__IN1__path_1,P3,IN1,path_1,7,3.5,1.075,2.775,-2.356194,1.0,0.25
P3__IN1__path_1,P3,IN1,path_1,8,4.0,0.722,2.422,-2.356194,1.0,0.25
P3__IN1__path_1,P3,IN1,path_1,9,4.5,0.509,2.009,-2.356194,1.0,0.25
P3__IN1__path_1,P3,IN1,path_1,10,5.0,0.297,1.597,-2.356194,1.0,0.25
P3__IN1__path_1,P3,IN1,path_1,11,5.5,0.15,1.158,-1.570796,1.0,0.25
P3__IN1__path_1,P3,IN1,path_1,12,5.65,0.05,1.05,-1.570796,1.0,0.25
P3__IN2__path_1,P3,IN2,path_1,0,0.0,3.55,5.25,3.141593,1.0,0.25
P3__IN2__path_1,P3,IN2,path_1,1,0.5,3.05,5.25,3.141593,1.0,0.25
P3__IN2__path_1,P3,IN2,path_1,2,1.0,2.55,5.25,3.141593,1.0,0.25
P3__IN2__path_1,P3,IN2,path_1,3,1.5,2.05,5.25,3.141593,1.0,0.25
P3__IN2__path_1,P3,IN2,path_1,4,2.0,1.633,5.05,3.141593,1.0,0.25
P3__IN2__path_1,P3,IN2,path_1,5,2.5,1.133,5.05,3.141593,1.0,0.25
P3__IN2__path_1,P3,IN2,path_1,6,3.0,0.633,5.05,3.141593,1.0,0.25
P3__IN2__path_1,P3,IN2,path_1,7,3.5,0.138,5.038,-2.356194,1.0,0.25
P3__IN2__path_1,P3,IN2,path_1,8,3.624,0.05,4.95,-2.356194,1.0,0.25
P3__P1__path_1,P3,P1,path_1,0,0.0,3.55,5.25,-1.570796,1.0,0.25
P3__P1__path_1,P3,P1,path_1,1,0.5,3.55,4.75,-1.570796,1.0,0.25
P3__P1__path_1,P3,P1,path_1,2,1.0,3.55,4.25,-1.570796,1.0,0.25
P3__P1__path_1,P3,P1,path_1,3,1.5,3.479,3.779,-2.356194,1.0,0.25
P3__P1__path_1,P3,P1,path_1,4,2.0,3.15,3.416,-1.570796,1.0,0.25
P3__P1__path_1,P3,P1,path_1,5,2.5,3.05,2.957,-1.570796,1.0,0.25
P3__P1__path_1,P3,P1,path_1,6,3.0,3.05,2.457,-1.570796,1.0,0.25
P3__P1__path_1,P3,P1,path_1,7,3.5,3.05,1.957,-1.570796,1.0,0.25
P3__P1__path_1,P3,P1,path_1,8,4.0,3.05,1.457,-1.570796,1.0,0.25
P3__P1__path_1,P3,P1,path_1,9,4.5,2.984,0.984,-2.356194,1.0,0.25
P3__P1__path_1,P3,P1,path_1,10,4.549,2.95,0.95,-2.356194,1.0,0.25
P3__P2__path_1,P3,P2,path_1,0,0.0,3.55,5.25,-1.570796,1.0,0.25
P3__P2__path_1,P3,P2,path_1,1,0.5,3.55,4.75,-1.570796,1.0,0.25
P3__P2__path_1,P3,P2,path_1,2,1.0,3.55,4.25,-1.570796,1.0,0.25
P3__P2__path_1,P3,P2,path_1,3,1.5,3.833,3.867,-0.785398,1.0,0.25
P3__P2__path_1,P3,P2,path_1,4,2.0,4.186,3.514,-0.785398,1.0,0.25
P3__P2__path_1,P3,P2,path_1,5,2.5,4.54,3.16,-0.785398,1.0,0.25
P3__P2__path_1,P3,P2,path_1,6,3.0,4.55,2.664,-1.570796,1.0,0.25
P3__P2__path_1,P3,P2,path_1,7,3.314,4.55,2.35,-1.570796,1.0,0.25
P3__P4__path_1,P3,P4,path_1,0,0.0,3.55,5.25,-1.570796,1.0,0.25
P3__P4__path_1,P3,P4,path_1,1,0.5,3.55,4.75,-1.570796,1.0,0.25
P3__P4__path_1,P3,P4,path_1,2,1.0,3.55,4.25,-1.570796,1.0,0.25
P3__P4__path_1,P3,P4,path_1,3,1.5,3.833,3.867,-0.785398,1.0,0.25
P3__P4__path_1,P3,P4,path_1,4,2.0,4.186,3.514,-0.785398,1.0,0.25
P3__P4__path_1,P3,P4,path_1,5,2.5,4.54,3.16,-0.785398,1.0,0.25
P3__P4__path_1,P3,P4,path_1,6,3.0,4.55,2.664,-1.570796,1.0,0.25
P3__P4__path_1,P3,P4,path_1,7,3.5,4.55,2.164,-1.570796,1.0,0.25
P3__P4__path_1,P3,P4,path_1,8,4.0,4.823,1.777,-0.785398,1.0,0.25
P3__P4__path_1,P3,P4,path_1,9,4.48,4.95,1.35,-0.785398,1.0,0.25
P3__P5__path_1,P3,P5,path_1,0,0.0,3.55,5.25,-1.570796,1.0,0.25
P3__P5__path_1,P3,P5,path_1,1,0.5,3.55,4.75,-1.570796,1.0,0.25
P3__P5__path_1,P3,P5,path_1,2,1.0,3.55,4.25,-1.570796,1.0,0.25
P3__P5__path_1,P3,P5,path_1,3,1.5,3.95,4.15,0.0,1.0,0.25
P3__P5__path_1,P3,P5,path_1,4,2.0,4.45,4.15,0.0,1.0,0.25
P3__P5__path_1,P3,P5,path_1,5,2.5,4.95,4.15,0.0,1.0,0.25
P3__P5__path_1,P3,P5,path_1,6,3.0,5.45,4.15,0.0,1.0,0.25
P3__P5__path_1,P3,P5,path_1,7,3.241,5.65,4.05,0.0,1.0,0.25
P3__P6__path_1,P3,P6,path_1,0,0.0,3.55,5.25,-1.570796,1.0,0.25
P3__P6__path_1,P3,P6,path_1,1,0.5,3.55,4.75,-1.570796,1.0,0.25
P3__P6__path_1,P3,P6,path_1,2,1.0,3.55,4.25,-1.570796,1.0,0.25
P3__P6__path_1,P3,P6,path_1,3,1.5,3.95,4.15,0.0,1.0,0.25
P3__P6__path_1,P3,P6,path_1,4,2.0,4.45,4.15,0.0,1.0,0.25
P3__P6__path_1,P3,P6,path_1,5,2.5,4.95,4.15,0.0,1.0,0.25
P3__P6__path_1,P3,P6,path_1,6,3.0,5.45,4.15,0.0,1.0,0.25
P3__P6__path_1,P3,P6,path_1,7,3.5,5.833,4.433,0.785398,1.0,0.25
P3__P6__path_1,P3,P6,path_1,8,4.0,6.05,4.843,1.570796,1.0,0.25
P3__P6__path_1,P3,P6,path_1,9,4.5,6.05,5.343,1.570796,1.0,0.25
P3__P6__path_1,P3,P6,path_1,10,5.0,6.143,5.75,0.0,1.0,0.25
P3__P6__path_1,P3,P6,path_1,11,5.5,6.643,5.75,0.0,1.0,0.25
P3__P6__path_1,P3,P6,path_1,12,6.0,7.143,5.75,0.0,1.0,0.25
P3__P6__path_1,P3,P6,path_1,13,6.5,7.643,5.75,0.0,1.0,0.25
P3__P6__path_1,P3,P6,path_1,14,6.807,7.95,5.75,0.0,1.0,0.25
P3__P7__path_1,P3,P7,path_1,0,0.0,3.55,5.25,-1.570796,1.0,0.25
P3__P7__path_1,P3,P7,path_1,1,0.5,3.55,4.75,-1.570796,1.0,0.25
P3__P7__path_1,P3,P7,path_1,2,1.0,3.55,4.25,-1.570796,1.0,0.25
P3__P7__path_1,P3,P7,path_1,3,1.5,3.909,4.05,0.0,1.0,0.25
P3__P7__path_1,P3,P7,path_1,4,2.0,4.409,4.05,0.0,1.0,0.25
P3__P7__path_1,P3,P7,path_1,5,2.5,4.909,4.05,0.0,1.0,0.25
P3__P7__path_1,P3,P7,path_1,6,3.0,5.409,4.05,0.0,1.0,0.25
P3__P7__path_1,P3,P7,path_1,7,3.5,5.909,4.05,0.0,1.0,0.25
P3__P7__path_1,P3,P7,path_1,8,4.0,6.409,4.05,0.0,1.0,0.25
P3__P7__path_1,P3,P7,path_1,9,4.5,6.55,3.691,-1.570796,1.0,0.25
P3__P7__path_1,P3,P7,path_1,10,5.0,6.55,3.191,-1.570796,1.0,0.25
P3__P7__path_1,P3,P7,path_1,11,5.5,6.75,2.774,-1.570796,1.0,0.25
P3__P7__path_1,P3,P7,path_1,12,6.0,6.75,2.274,-1.570796,1.0,0.25
P3__P7__path_1,P3,P7,path_1,13,6.5,6.874,1.826,-0.785398,1.0,0.25
P3__P7__path_1,P3,P7,path_1,14,7.0,7.086,1.414,-0.785398,1.0,0.25
P3__P7__path_1,P3,P7,path_1,15,7.431,7.25,1.05,-0.785398,1.0,0.25
P3__P8__path_1,P3,P8,path_1,0,0.0,3.55,5.25,-1.570796,1.0,0.25
P3__P8__path_1,P3,P8,path_1,1,0.5,3.55,4.75,-1.570796,1.0,0.25
P3__P8__path_1,P3,P8,path_1,2,1.0,3.55,4.25,-1.570796,1.0,0.25
P3__P8__path_1,P3,P8,path_1,3,1.5,3.95,4.15,0.0,1.0,0.25
P3__P8__path_1,P3,P8,path_1,4,2.0,4.45,4.15,0.0,1.0,0.25
P3__P8__path_1,P3,P8,path_1,5,2.5,4.95,4.15,0.0,1.0,0.25
P3__P8__path_1,P3,P8,path_1,6,3.0,5.409,4.05,0.0,1.0,0.25
P3__P8__path_1,P3,P8,path_1,7,3.5,5.909,4.05,0.0,1.0,0.25
P3__P8__path_1,P3,P8,path_1,8,4.0,6.409,4.05,0.0,1.0,0.25
P3__P8__path_1,P3,P8,path_1,9,4.5,6.804,3.796,-0.785398,1.0,0.25
P3__P8__path_1,P3,P8,path_1,10,5.0,7.157,3.443,-0.785398,1.0,0.25
P3__P8__path_1,P3,P8,path_1,11,5.5,7.577,3.25,0.0,1.0,0.25
P3__P8__path_1,P3,P8,path_1,12,6.0,8.077,3.25,0.0,1.0,0.25
P3__P8__path_1,P3,P8,path_1,13,6.5,8.577,3.25,0.0,1.0,0.25
P3__P8__path_1,P3,P8,path_1,14,7.0,8.85,3.023,-1.570796,1.0,0.25
P3__P8__path_1,P3,P8,path_1,15,7.5,8.85,2.523,-1.570796,1.0,0.25
P3__P8__path_1,P3,P8,path_1,16,7.673,8.85,2.35,-1.570796,1.0,0.25
P3__P9__path_1,P3,P9,path_1,0,0.0,3.55,5.25,-1.570796,1.0,0.25
P3__P9__path_1,P3,P9,path_1,1,0.5,3.55,4.75,-1.570796,1.0,0.25
P3__P9__path_1,P3,P9,path_1,2,1.0,3.55,4.25,-1.570796,1.0,0.25
P3__P9__path_1,P3,P9,path_1,3,1.5,3.95,4.15,0.0,1.0,0.25
P3__P9__path_1,P3,P9,path_1,4,2.0,4.45,4.15,0.0,1.0,0.25
P3__P9__path_1,P3,P9,path_1,5,2.5,4.95,4.15,0.0,1.0,0.25
P3__P9__path_1,P3,P9,path_1,6,3.0,5.45,4.15,0.0,1.0,0.25
P3__P9__path_1,P3,P9,path_1,7,3.5,5.762,4.462,0.785398,1.0,0.25
P3__P9__path_1,P3,P9,path_1,8,4.0,6.045,4.845,0.785398,1.0,0.25
P3__P9__path_1,P3,P9,path_1,9,4.207,6.05,5.05,0.785398,1.0,0.25
P3__SORT1__path_1,P3,SORT1,path_1,0,0.0,3.55,5.25,-1.570796,1.0,0.25
P3__SORT1__path_1,P3,SORT1,path_1,1,0.5,3.55,4.75,-1.570796,1.0,0.25
P3__SORT1__path_1,P3,SORT1,path_1,2,1.0,3.55,4.25,-1.570796,1.0,0.25
P3__SORT1__path_1,P3,SORT1,path_1,3,1.5,3.95,4.15,0.0,1.0,0.25
P3__SORT1__path_1,P3,SORT1,path_1,4,2.0,4.45,4.15,0.0,1.0,0.25
P3__SORT1__path_1,P3,SORT1,path_1,5,2.5,4.95,4.15,0.0,1.0,0.25
P3__SORT1__path_1,P3,SORT1,path_1,6,3.0,5.45,4.15,0.0,1.0,0.25
P3__SORT1__path_1,P3,SORT1,path_1,7,3.5,5.909,4.05,0.0,1.0,0.25
P3__SORT1__path_1,P3,SORT1,path_1,8,4.0,6.409,4.05,0.0,1.0,0.25
P3__SORT1__path_1,P3,SORT1,path_1,9,4.5,6.804,3.796,-0.785398,1.0,0.25
P3__SORT1__path_1,P3,SORT1,path_1,10,5.0,7.157,3.443,-0.785398,1.0,0.25
P3__SORT1__path_1,P3,SORT1,path_1,11,5.5,7.577,3.25,0.0,1.0,0.25
P3__SORT1__path_1,P3,SORT1,path_1,12,6.0,8.077,3.25,0.0,1.0,0.25
P3__SORT1__path_1,P3,SORT1,path_1,13,6.5,8.577,3.25,0.0,1.0,0.25
P3__SORT1__path_1,P3,SORT1,path_1,14,7.0,9.011,3.089,-0.785398,1.0,0.25
P3__SORT1__path_1,P3,SORT1,path_1,15,7.5,9.364,2.736,-0.785398,1.0,0.25
P3__SORT1__path_1,P3,SORT1,path_1,16,8.0,9.65,2.354,-1.570796,1.0,0.25
P3__SORT1__path_1,P3,SORT1,path_1,17,8.246,9.75,2.15,-1.570796,1.0,0.25
P3__SORT2__path_1,P3,SORT2,path_1,0,0.0,3.55,5.25,-1.570796,1.0,0.25
P3__SORT2__path_1,P3,SORT2,path_1,1,0.5,3.55,4.75,-1.570796,1.0,0.25
P3__SORT2__path_1,P3,SORT2,path_1,2,1.0,3.55,4.25,-1.570796,1.0,0.25
P3__SORT2__path_1,P3,SORT2,path_1,3,1.5,3.95,4.15,0.0,1.0,0.25
P3__SORT2__path_1,P3,SORT2,path_1,4,2.0,4.45,4.15,0.0,1.0,0.25
P3__SORT2__path_1,P3,SORT2,path_1,5,2.5,4.95,4.15,0.0,1.0,0.25
P3__SORT2__path_1,P3,SORT2,path_1,6,3.0,5.45,4.15,0.0,1.0,0.25
P3__SORT2__path_1,P3,SORT2,path_1,7,3.5,5.95,4.15,0.0,1.0,0.25
P3__SORT2__path_1,P3,SORT2,path_1,8,4.0,6.409,4.05,0.0,1.0,0.25
P3__SORT2__path_1,P3,SORT2,path_1,9,4.5,6.909,4.05,0.0,1.0,0.25
P3__SORT2__path_1,P3,SORT2,path_1,10,5.0,7.409,4.05,0.0,1.0,0.25
P3__SORT2__path_1,P3,SORT2,path_1,11,5.5,7.909,4.05,0.0,1.0,0.25
P3__SORT2__path_1,P3,SORT2,path_1,12,6.0,8.409,4.05,0.0,1.0,0.25
P3__SORT2__path_1,P3,SORT2,path_1,13,6.5,8.909,4.05,0.0,1.0,0.25
P3__SORT2__path_1,P3,SORT2,path_1,14,7.0,9.409,4.05,0.0,1.0,0.25
P3__SORT2__path_1,P3,SORT2,path_1,15,7.5,9.909,4.05,0.0,1.0,0.25
P3__SORT2__path_1,P3,SORT2,path_1,16,7.941,10.35,4.05,0.0,1.0,0.25
P3__OUT1__path_1,P3,OUT1,path_1,0,0.0,3.55,5.25,-1.570796,1.0,0.25
P3__OUT1__path_1,P3,OUT1,path_1,1,0.5,3.55,4.75,-1.570796,1.0,0.25
P3__OUT1__path_1,P3,OUT1,path_1,2,1.0,3.55,4.25,-1.570796,1.0,0.25
P3__OUT1__path_1,P3,OUT1,path_1,3,1.5,3.95,4.15,0.0,1.0,0.25
P3__OUT1__path_1,P3,OUT1,path_1,4,2.0,4.45,4.15,0.0,1.0,0.25
P3__OUT1__path_1,P3,OUT1,path_1,5,2.5,4.95,4.15,0.0,1.0,0.25
P3__OUT1__path_1,P3,OUT1,path_1,6,3.0,5.45,4.15,0.0,1.0,0.25
P3__OUT1__path_1,P3,OUT1,path_1,7,3.5,5.95,4.15,0.0,1.0,0.25
P3__OUT1__path_1,P3,OUT1,path_1,8,4.0,6.409,4.05,0.0,1.0,0.25
P3__OUT1__path_1,P3,OUT1,path_1,9,4.5,6.909,4.05,0.0,1.0,0.25
P3__OUT1__path_1,P3,OUT1,path_1,10,5.0,7.409,4.05,0.0,1.0,0.25
P3__OUT1__path_1,P3,OUT1,path_1,11,5.5,7.833,3.867,-0.785398,1.0,0.25
P3__OUT1__path_1,P3,OUT1,path_1,12,6.0,8.245,3.655,-0.785398,1.0,0.25
P3__OUT1__path_1,P3,OUT1,path_1,13,6.5,8.66,3.45,0.0,1.0,0.25
P3__OUT1__path_1,P3,OUT1,path_1,14,7.0,9.099,3.301,-0.785398,1.0,0.25
P3__OUT1__path_1,P3,OUT1,path_1,15,7.5,9.511,3.089,-0.785398,1.0,0.25
P3__OUT1__path_1,P3,OUT1,path_1,16,8.0,9.952,2.948,-0.785398,1.0,0.25
P3__OUT1__path_1,P3,OUT1,path_1,17,8.5,10.364,2.736,-0.785398,1.0,0.25
P3__OUT1__path_1,P3,OUT1,path_1,18,9.0,10.776,2.524,-0.785398,1.0,0.25
P3__OUT1__path_1,P3,OUT1,path_1,19,9.5,11.204,2.35,0.0,1.0,0.25
P3__OUT1__path_1,P3,OUT1,path_1,20,10.0,11.622,2.15,0.0,1.0,0.25
P3__OUT1__path_1,P3,OUT1,path_1,21,10.5,12.042,1.958,-0.785398,1.0,0.25
P3__OUT1__path_1,P3,OUT1,path_1,22,10.511,12.05,1.95,-0.785398,1.0,0.25
P3__OUT2__path_1,P3,OUT2,path_1,0,0.0,3.55,5.25,-1.570796,1.0,0.25
P3__OUT2__path_1,P3,OUT2,path_1,1,0.5,3.55,4.75,-1.570796,1.0,0.25
P3__OUT2__path_1,P3,OUT2,path_1,2,1.0,3.55,4.25,-1.570796,1.0,0.25
P3__OUT2__path_1,P3,OUT2,path_1,3,1.5,3.95,4.15,0.0,1.0,0.25
P3__OUT2__path_1,P3,OUT2,path_1,4,2.0,4.45,4.15,0.0,1.0,0.25
P3__OUT2__path_1,P3,OUT2,path_1,5,2.5,4.95,4.15,0.0,1.0,0.25
P3__OUT2__path_1,P3,OUT2,path_1,6,3.0,5.45,4.15,0.0,1.0,0.25
P3__OUT2__path_1,P3,OUT2,path_1,7,3.5,5.95,4.15,0.0,1.0,0.25
P3__OUT2__path_1,P3,OUT2,path_1,8,4.0,6.409,4.05,0.0,1.0,0.25
P3__OUT2__path_1,P3,OUT2,path_1,9,4.5,6.909,4.05,0.0,1.0,0.25
P3__OUT2__path_1,P3,OUT2,path_1,10,5.0,7.409,4.05,0.0,1.0,0.25
P3__OUT2__path_1,P3,OUT2,path_1,11,5.5,7.909,4.05,0.0,1.0,0.25
P3__OUT2__path_1,P3,OUT2,path_1,12,6.0,8.409,4.05,0.0,1.0,0.25
P3__OUT2__path_1,P3,OUT2,path_1,13,6.5,8.909,4.05,0.0,1.0,0.25
P3__OUT2__path_1,P3,OUT2,path_1,14,7.0,9.409,4.05,0.0,1.0,0.25
P3__OUT2__path_1,P3,OUT2,path_1,15,7.5,9.909,4.05,0.0,1.0,0.25
P3__OUT2__path_1,P3,OUT2,path_1,16,8.0,10.409,4.05,0.0,1.0,0.25
P3__OUT2__path_1,P3,OUT2,path_1,17,8.5,10.909,4.05,0.0,1.0,0.25
P3__OUT2__path_1,P3,OUT2,path_1,18,9.0,11.409,4.05,0.0,1.0,0.25
P3__OUT2__path_1,P3,OUT2,path_1,19,9.5,11.909,4.05,0.0,1.0,0.25
P3__OUT2__path_1,P3,OUT2,path_1,20,9.683,12.05,3.95,0.0,1.0,0.25
P3__CHG1__path_1,P3,CHG1,path_1,0,0.0,3.55,5.25,-2.356194,1.0,0.25
P3__CHG1__path_1,P3,CHG1,path_1,1,0.5,3.25,4.874,-1.570796,1.0,0.25
P3__CHG1__path_1,P3,CHG1,path_1,2,1.0,3.25,4.374,-1.570796,1.0,0.25
P3__CHG1__path_1,P3,CHG1,path_1,3,1.5,2.914,4.014,-2.356194,1.0,0.25
P3__CHG1__path_1,P3,CHG1,path_1,4,2.0,2.65,3.623,-1.570796,1.0,0.25
P3__CHG1__path_1,P3,CHG1,path_1,5,2.5,2.419,3.219,-2.356194,1.0,0.25
P3__CHG1__path_1,P3,CHG1,path_1,6,3.0,2.065,2.865,-2.356194,1.0,0.25
P3__CHG1__path_1,P3,CHG1,path_1,7,3.5,1.712,2.512,-2.356194,1.0,0.25
P3__CHG1__path_1,P3,CHG1,path_1,8,4.0,1.358,2.158,-2.356194,1.0,0.25
P3__CHG1__path_1,P3,CHG1,path_1,9,4.5,1.35,1.661,-1.570796,1.0,0.25
P3__CHG1__path_1,P3,CHG1,path_1,10,5.0,1.35,1.161,-1.570796,1.0,0.25
P3__CHG1__path_1,P3,CHG1,path_1,11,5.5,1.35,0.661,-1.570796,1.0,0.25
P3__CHG1__path_1,P3,CHG1,path_1,12,6.0,1.15,0.244,-1.570796,1.0,0.25
P3__CHG1__path_1,P3,CHG1,path_1,13,6.236,1.05,0.05,-1.570796,1.0,0.25
P3__CHG2__path_1,P3,CHG2,path_1,0,0.0,3.55,5.25,-1.570796,1.0,0.25
P3__CHG2__path_1,P3,CHG2,path_1,1,0.5,3.55,4.75,-1.570796,1.0,0.25
P3__CHG2__path_1,P3,CHG2,path_1,2,1.0,3.55,4.25,-1.570796,1.0,0.25
P3__CHG2__path_1,P3,CHG2,path_1,3,1.5,3.833,3.867,-0.785398,1.0,0.25
P3__CHG2__path_1,P3,CHG2,path_1,4,2.0,4.186,3.514,-0.785398,1.0,0.25
P3__CHG2__path_1,P3,CHG2,path_1,5,2.5,4.54,3.16,-0.785398,1.0,0.25
P3__CHG2__path_1,P3,CHG2,path_1,6,3.0,4.75,2.747,-1.570796,1.0,0.25
P3__CHG2__path_1,P3,CHG2,path_1,7,3.5,4.95,2.33,-1.570796,1.0,0.25
P3__CHG2__path_1,P3,CHG2,path_1,8,4.0,4.95,1.83,-1.570796,1.0,0.25
P3__CHG2__path_1,P3,CHG2,path_1,9,4.5,4.95,1.33,-1.570796,1.0,0.25
P3__CHG2__path_1,P3,CHG2,path_1,10,5.0,4.95,0.83,-1.570796,1.0,0.25
P3__CHG2__path_1,P3,CHG2,path_1,11,5.5,4.97,0.35,0.0,1.0,0.25
P3__CHG2__path_1,P3,CHG2,path_1,12,6.0,5.47,0.35,0.0,1.0,0.25
P3__CHG2__path_1,P3,CHG2,path_1,13,6.5,5.97,0.35,0.0,1.0,0.25
P3__CHG2__path_1,P3,CHG2,path_1,14,7.0,6.47,0.35,0.0,1.0,0.25
P3__CHG2__path_1,P3,CHG2,path_1,15,7.5,6.97,0.35,0.0,1.0,0.25
P3__CHG2__path_1,P3,CHG2,path_1,16,8.0,7.47,0.35,0.0,1.0,0.25
P3__CHG2__path_1,P3,CHG2,path_1,17,8.5,7.97,0.35,0.0,1.0,0.25
P3__CHG2__path_1,P3,CHG2,path_1,18,9.0,8.464,0.336,-0.785398,1.0,0.25
P3__CHG2__path_1,P3,CHG2,path_1,19,9.5,8.887,0.15,0.0,1.0,0.25
P3__CHG2__path_1,P3,CHG2,path_1,20,9.704,9.05,0.05,0.0,1.0,0.25
P4__IN1__path_1,P4,IN1,path_1,0,0.0,4.95,1.35,-2.356194,1.0,0.25
P4__IN1__path_1,P4,IN1,path_1,1,0.5,4.65,0.974,-1.570796,1.0,0.25
P4__IN1__path_1,P4,IN1,path_1,2,1.0,4.65,0.474,-1.570796,1.0,0.25
P4__IN1__path_1,P4,IN1,path_1,3,1.5,4.316,0.25,3.141593,1.0,0.25
P4__IN1__path_1,P4,IN1,path_1,4,2.0,3.816,0.25,3.141593,1.0,0.25
P4__IN1__path_1,P4,IN1,path_1,5,2.5,3.316,0.25,3.141593,1.0,0.25
P4__IN1__path_1,P4,IN1,path_1,6,3.0,2.816,0.25,3.141593,1.0,0.25
P4__IN1__path_1,P4,IN1,path_1,7,3.5,2.414,0.486,2.356194,1.0,0.25
P4__IN1__path_1,P4,IN1,path_1,8,4.0,2.06,0.84,2.356194,1.0,0.25
P4__IN1__path_1,P4,IN1,path_1,9,4.5,1.564,0.85,3.141593,1.0,0.25
P4__IN1__path_1,P4,IN1,path_1,10,5.0,1.064,0.85,3.141593,1.0,0.25
P4__IN1__path_1,P4,IN1,path_1,11,5.5,0.564,0.85,3.141593,1.0,0.25
P4__IN1__path_1,P4,IN1,path_1,12,6.0,0.119,0.981,2.356194,1.0,0.25
P4__IN1__path_1,P4,IN1,path_1,13,6.097,0.05,1.05,2.356194,1.0,0.25
P4__IN2__path_1,P4,IN2,path_1,0,0.0,4.95,1.35,1.570796,1.0,0.25
P4__IN2__path_1,P4,IN2,path_1,1,0.5,4.95,1.85,1.570796,1.0,0.25
P4__IN2__path_1,P4,IN2,path_1,2,1.0,4.95,2.35,1.570796,1.0,0.25
P4__IN2__path_1,P4,IN2,path_1,3,1.5,4.667,2.733,2.356194,1.0,0.25
P4__IN2__path_1,P4,IN2,path_1,4,2.0,4.516,3.15,3.141593,1.0,0.25
P4__IN2__path_1,P4,IN2,path_1,5,2.5,4.026,3.174,2.356194,1.0,0.25
P4__IN2__path_1,P4,IN2,path_1,6,3.0,3.672,3.528,2.356194,1.0,0.25
P4__IN2__path_1,P4,IN2,path_1,7,3.5,3.319,3.881,2.356194,1.0,0.25
P4__IN2__path_1,P4,IN2,path_1,8,4.0,2.965,4.235,2.356194,1.0,0.25
P4__IN2__path_1,P4,IN2,path_1,9,4.5,2.471,4.25,3.141593,1.0,0.25
P4__IN2__path_1,P4,IN2,path_1,10,5.0,1.971,4.25,3.141593,1.0,0.25
P4__IN2__path_1,P4,IN2,path_1,11,5.5,1.494,4.306,2.356194,1.0,0.25
P4__IN2__path_1,P4,IN2,path_1,12,6.0,1.054,4.45,3.141593,1.0,0.25
P4__IN2__path_1,P4,IN2,path_1,13,6.5,0.641,4.659,2.356194,1.0,0.25
P4__IN2__path_1,P4,IN2,path_1,14,7.0,0.22,4.85,3.141593,1.0,0.25
P4__IN2__path_1,P4,IN2,path_1,15,7.211,0.05,4.95,3.141593,1.0,0.25
P4__P1__path_1,P4,P1,path_1,0,0.0,4.95,1.35,-2.356194,1.0,0.25
P4__P1__path_1,P4,P1,path_1,1,0.5,4.65,0.974,-1.570796,1.0,0.25
P4__P1__path_1,P4,P1,path_1,2,1.0,4.65,0.474,-1.570796,1.0,0.25
P4__P1__path_1,P4,P1,path_1,3,1.5,4.316,0.25,3.141593,1.0,0.25
P4__P1__path_1,P4,P1,path_1,4,2.0,3.816,0.25,3.141593,1.0,0.25
P4__P1__path_1,P4,P1,path_1,5,2.5,3.316,0.25,3.141593,1.0,0.25
P4__P1__path_1,P4,P1,path_1,6,3.0,3.05,0.484,1.570796,1.0,0.25
P4__P1__path_1,P4,P1,path_1,7,3.5,2.955,0.945,2.356194,1.0,0.25
P4__P1__path_1,P4,P1,path_1,8,3.507,2.95,0.95,2.356194,1.0,0.25
P4__P2__path_1,P4,P2,path_1,0,0.0,4.95,1.35,2.356194,1.0,0.25
P4__P2__path_1,P4,P2,path_1,1,0.5,4.65,1.726,1.570796,1.0,0.25
P4__P2__path_1,P4,P2,path_1,2,1.0,4.65,2.226,1.570796,1.0,0.25
P4__P2__path_1,P4,P2,path_1,3,1.166,4.55,2.35,1.570796,1.0,0.25
P4__P3__path_1,P4,P3,path_1,0,0.0,4.95,1.35,1.570796,1.0,0.25
P4__P3__path_1,P4,P3,path_1,1,0.5,4.95,1.85,1.570796,1.0,0.25
P4__P3__path_1,P4,P3,path_1,2,1.0,4.95,2.35,1.570796,1.0,0.25
P4__P3__path_1,P4,P3,path_1,3,1.5,4.667,2.733,2.356194,1.0,0.25
P4__P3__path_1,P4,P3,path_1,4,2.0,4.526,3.174,2.356194,1.0,0.25
P4__P3__path_1,P4,P3,path_1,5,2.5,4.172,3.528,2.356194,1.0,0.25
P4__P3__path_1,P4,P3,path_1,6,3.0,3.819,3.881,2.356194,1.0,0.25
P4__P3__path_1,P4,P3,path_1,7,3.5,3.55,4.27,1.570796,1.0,0.25
P4__P3__path_1,P4,P3,path_1,8,4.0,3.55,4.77,1.570796,1.0,0.25
P4__P3__path_1,P4,P3,path_1,9,4.48,3.55,5.25,1.570796,1.0,0.25
P4__P5__path_1,P4,P5,path_1,0,0.0,4.95,1.35,1.570796,1.0,0.25
P4__P5__path_1,P4,P5,path_1,1,0.5,4.95,1.85,1.570796,1.0,0.25
P4__P5__path_1,P4,P5,path_1,2,1.0,4.95,2.35,1.570796,1.0,0.25
P4__P5__path_1,P4,P5,path_1,3,1.5,4.75,2.767,1.570796,1.0,0.25
P4__P5__path_1,P4,P5,path_1,4,2.0,4.75,3.267,1.570796,1.0,0.25
P4__P5__path_1,P4,P5,path_1,5,2.5,4.75,3.767,1.570796,1.0,0.25
P4__P5__path_1,P4,P5,path_1,6,3.0,4.967,4.05,0.0,1.0,0.25
P4__P5__path_1,P4,P5,path_1,7,3.5,5.467,4.05,0.0,1.0,0.25
P4__P5__path_1,P4,P5,path_1,8,3.683,5.65,4.05,0.0,1.0,0.25
P4__P6__path_1,P4,P6,path_1,0,0.0,4.95,1.35,1.570796,1.0,0.25
P4__P6__path_1,P4,P6,path_1,1,0.5,4.95,1.85,1.570796,1.0,0.25
P4__P6__path_1,P4,P6,path_1,2,1.0,4.95,2.35,1.570796,1.0,0.25
P4__P6__path_1,P4,P6,path_1,3,1.5,4.75,2.767,1.570796,1.0,0.25
P4__P6__path_1,P4,P6,path_1,4,2.0,4.75,3.267,1.570796,1.0,0.25
P4__P6__path_1,P4,P6,path_1,5,2.5,4.75,3.767,1.570796,1.0,0.25
P4__P6__path_1,P4,P6,path_1,6,3.0,4.926,4.15,0.0,1.0,0.25
P4__P6__path_1,P4,P6,path_1,7,3.5,5.426,4.15,0.0,1.0,0.25
P4__P6__path_1,P4,P6,path_1,8,4.0,5.816,4.416,0.785398,1.0,0.25
P4__P6__path_1,P4,P6,path_1,9,4.5,6.05,4.819,1.570796,1.0,0.25
P4__P6__path_1,P4,P6,path_1,10,5.0,6.05,5.319,1.570796,1.0,0.25
P4__P6__path_1,P4,P6,path_1,11,5.5,6.119,5.75,0.0,1.0,0.25
P4__P6__path_1,P4,P6,path_1,12,6.0,6.619,5.75,0.0,1.0,0.25
P4__P6__path_1,P4,P6,path_1,13,6.5,7.119,5.75,0.0,1.0,0.25
P4__P6__path_1,P4,P6,path_1,14,7.0,7.619,5.75,0.0,1.0,0.25
P4__P6__path_1,P4,P6,path_1,15,7.331,7.95,5.75,0.0,1.0,0.25
P4__P7__path_1,P4,P7,path_1,0,0.0,4.95,1.35,-1.570796,1.0,0.25
P4__P7__path_1,P4,P7,path_1,1,0.5,4.95,0.85,-1.570796,1.0,0.25
P4__P7__path_1,P4,P7,path_1,2,1.0,4.95,0.35,-1.570796,1.0,0.25
P4__P7__path_1,P4,P7,path_1,3,1.5,5.45,0.35,0.0,1.0,0.25
P4__P7__path_1,P4,P7,path_1,4,2.0,5.95,0.35,0.0,1.0,0.25
P4__P7__path_1,P4,P7,path_1,5,2.5,6.45,0.35,0.0,1.0,0.25
P4__P7__path_1,P4,P7,path_1,6,3.0,6.891,0.491,0.785398,1.0,0.25
P4__P7__path_1,P4,P7,path_1,7,3.5,7.15,0.884,1.570796,1.0,0.25
P4__P7__path_1,P4,P7,path_1,8,3.707,7.25,1.05,1.570796,1.0,0.25
P4__P8__path_1,P4,P8,path_1,0,0.0,4.95,1.35,-1.570796,1.0,0.25
P4__P8__path_1,P4,P8,path_1,1,0.5,4.95,0.85,-1.570796,1.0,0.25
P4__P8__path_1,P4,P8,path_1,2,1.0,4.95,0.35,-1.570796,1.0,0.25
P4__P8__path_1,P4,P8,path_1,3,1.5,5.45,0.35,0.0,1.0,0.25
P4__P8__path_1,P4,P8,path_1,4,2.0,5.95,0.35,0.0,1.0,0.25
P4__P8__path_1,P4,P8,path_1,5,2.5,6.45,0.35,0.0,1.0,0.25
P4__P8__path_1,P4,P8,path_1,6,3.0,6.909,0.45,0.0,1.0,0.25
P4__P8__path_1,P4,P8,path_1,7,3.5,7.409,0.45,0.0,1.0,0.25
P4__P8__path_1,P4,P8,path_1,8,4.0,7.909,0.45,0.0,1.0,0.25
P4__P8__path_1,P4,P8,path_1,9,4.5,8.409,0.45,0.0,1.0,0.25
P4__P8__path_1,P4,P8,path_1,10,5.0,8.85,0.509,1.570796,1.0,0.25
P4__P8__path_1,P4,P8,path_1,11,5.5,8.85,1.009,1.570796,1.0,0.25
P4__P8__path_1,P4,P8,path_1,12,6.0,8.85,1.509,1.570796,1.0,0.25
P4__P8__path_1,P4,P8,path_1,13,6.5,8.85,2.009,1.570796,1.0,0.25
P4__P8__path_1,P4,P8,path_1,14,6.841,8.85,2.35,1.570796,1.0,0.25
P4__P9__path_1,P4,P9,path_1,0,0.0,4.95,1.35,1.570796,1.0,0.25
P4__P9__path_1,P4,P9,path_1,1,0.5,4.95,1.85,1.570796,1.0,0.25
P4__P9__path_1,P4,P9,path_1,2,1.0,4.95,2.35,1.570796,1.0,0.25
P4__P9__path_1,P4,P9,path_1,3,1.5,4.75,2.767,1.570796,1.0,0.25
P4__P9__path_1,P4,P9,path_1,4,2.0,4.75,3.267,1.570796,1.0,0.25
P4__P9__path_1,P4,P9,path_1,5,2.5,4.75,3.767,1.570796,1.0,0.25
P4__P9__path_1,P4,P9,path_1,6,3.0,4.926,4.15,0.0,1.0,0.25
P4__P9__path_1,P4,P9,path_1,7,3.5,5.426,4.15,0.0,1.0,0.25
P4__P9__path_1,P4,P9,path_1,8,4.0,5.75,4.443,1.570796,1.0,0.25
P4__P9__path_1,P4,P9,path_1,9,4.5,5.95,4.86,1.570796,1.0,0.25
P4__P9__path_1,P4,P9,path_1,10,4.731,6.05,5.05,1.570796,1.0,0.25
P4__SORT1__path_1,P4,SORT1,path_1,0,0.0,4.95,1.35,-1.570796,1.0,0.25
P4__SORT1__path_1,P4,SORT1,path_1,1,0.5,4.95,0.85,-1.570796,1.0,0.25
P4__SORT1__path_1,P4,SORT1,path_1,2,1.0,4.95,0.35,-1.570796,1.0,0.25
P4__SORT1__path_1,P4,SORT1,path_1,3,1.5,5.45,0.35,0.0,1.0,0.25
P4__SORT1__path_1,P4,SORT1,path_1,4,2.0,5.95,0.35,0.0,1.0,0.25
P4__SORT1__path_1,P4,SORT1,path_1,5,2.5,6.45,0.35,0.0,1.0,0.25
P4__SORT1__path_1,P4,SORT1,path_1,6,3.0,6.909,0.45,0.0,1.0,0.25
P4__SORT1__path_1,P4,SORT1,path_1,7,3.5,7.409,0.45,0.0,1.0,0.25
P4__SORT1__path_1,P4,SORT1,path_1,8,4.0,7.909,0.45,0.0,1.0,0.25
P4__SORT1__path_1,P4,SORT1,path_1,9,4.5,8.409,0.45,0.0,1.0,0.25
P4__SORT1__path_1,P4,SORT1,path_1,10,5.0,8.891,0.491,0.785398,1.0,0.25
P4__SORT1__path_1,P4,SORT1,path_1,11,5.5,9.174,0.874,0.785398,1.0,0.25
P4__SORT1__path_1,P4,SORT1,path_1,12,6.0,9.35,1.301,1.570796,1.0,0.25
P4__SORT1__path_1,P4,SORT1,path_1,13,6.5,9.55,1.719,1.570796,1.0,0.25
P4__SORT1__path_1,P4,SORT1,path_1,14,7.0,9.74,2.14,0.785398,1.0,0.25
P4__SORT1__path_1,P4,SORT1,path_1,15,7.014,9.75,2.15,0.785398,1.0,0.25
P4__SORT2__path_1,P4,SORT2,path_1,0,0.0,4.95,1.35,1.570796,1.0,0.25
P4__SORT2__path_1,P4,SORT2,path_1,1,0.5,4.95,1.85,1.570796,1.0,0.25
P4__SORT2__path_1,P4,SORT2,path_1,2,1.0,4.95,2.35,1.570796,1.0,0.25
P4__SORT2__path_1,P4,SORT2,path_1,3,1.5,4.75,2.767,1.570796,1.0,0.25
P4__SORT2__path_1,P4,SORT2,path_1,4,2.0,4.75,3.267,1.570796,1.0,0.25
P4__SORT2__path_1,P4,SORT2,path_1,5,2.5,4.75,3.767,1.570796,1.0,0.25
P4__SORT2__path_1,P4,SORT2,path_1,6,3.0,4.967,4.05,0.0,1.0,0.25
P4__SORT2__path_1,P4,SORT2,path_1,7,3.5,5.467,4.05,0.0,1.0,0.25
P4__SORT2__path_1,P4,SORT2,path_1,8,4.0,5.967,4.05,0.0,1.0,0.25
P4__SORT2__path_1,P4,SORT2,path_1,9,4.5,6.467,4.05,0.0,1.0,0.25
P4__SORT2__path_1,P4,SORT2,path_1,10,5.0,6.967,4.05,0.0,1.0,0.25
P4__SORT2__path_1,P4,SORT2,path_1,11,5.5,7.467,4.05,0.0,1.0,0.25
P4__SORT2__path_1,P4,SORT2,path_1,12,6.0,7.967,4.05,0.0,1.0,0.25
P4__SORT2__path_1,P4,SORT2,path_1,13,6.5,8.467,4.05,0.0,1.0,0.25
P4__SORT2__path_1,P4,SORT2,path_1,14,7.0,8.967,4.05,0.0,1.0,0.25
P4__SORT2__path_1,P4,SORT2,path_1,15,7.5,9.467,4.05,0.0,1.0,0.25
P4__SORT2__path_1,P4,SORT2,path_1,16,8.0,9.967,4.05,0.0,1.0,0.25
P4__SORT2__path_1,P4,SORT2,path_1,17,8.383,10.35,4.05,0.0,1.0,0.25
P4__OUT1__path_1,P4,OUT1,path_1,0,0.0,4.95,1.35,-1.570796,1.0,0.25
P4__OUT1__path_1,P4,OUT1,path_1,1,0.5,4.95,0.85,-1.570796,1.0,0.25
P4__OUT1__path_1,P4,OUT1,path_1,2,1.0,4.95,0.35,-1.570796,1.0,0.25
P4__OUT1__path_1,P4,OUT1,path_1,3,1.5,5.45,0.35,0.0,1.0,0.25
P4__OUT1__path_1,P4,OUT1,path_1,4,2.0,5.95,0.35,0.0,1.0,0.25
P4__OUT1__path_1,P4,OUT1,path_1,5,2.5,6.45,0.35,0.0,1.0,0.25
P4__OUT1__path_1,P4,OUT1,path_1,6,3.0,6.95,0.35,0.0,1.0,0.25
P4__OUT1__path_1,P4,OUT1,path_1,7,3.5,7.45,0.35,0.0,1.0,0.25
P4__OUT1__path_1,P4,OUT1,path_1,8,4.0,7.95,0.35,0.0,1.0,0.25
P4__OUT1__path_1,P4,OUT1,path_1,9,4.5,8.45,0.35,0.0,1.0,0.25
P4__OUT1__path_1,P4,OUT1,path_1,10,5.0,8.891,0.491,0.785398,1.0,0.25
P4__OUT1__path_1,P4,OUT1,path_1,11,5.5,9.304,0.704,0.785398,1.0,0.25
P4__OUT1__path_1,P4,OUT1,path_1,12,6.0,9.716,0.916,0.785398,1.0,0.25
P4__OUT1__path_1,P4,OUT1,path_1,13,6.5,10.157,1.057,0.785398,1.0,0.25
P4__OUT1__path_1,P4,OUT1,path_1,14,7.0,10.569,1.269,0.785398,1.0,0.25
P4__OUT1__path_1,P4,OUT1,path_1,15,7.5,10.994,1.45,0.0,1.0,0.25
P4__OUT1__path_1,P4,OUT1,path_1,16,8.0,11.412,1.65,0.0,1.0,0.25
P4__OUT1__path_1,P4,OUT1,path_1,17,8.5,11.829,1.85,0.0,1.0,0.25
P4__OUT1__path_1,P4,OUT1,path_1,18,8.763,12.05,1.95,0.0,1.0,0.25
P4__OUT2__path_1,P4,OUT2,path_1,0,0.0,4.95,1.35,-1.570796,1.0,0.25
P4__OUT2__path_1,P4,OUT2,path_1,1,0.5,4.95,0.85,-1.570796,1.0,0.25
P4__OUT2__path_1,P4,OUT2,path_1,2,1.0,4.95,0.35,-1.570796,1.0,0.25
P4__OUT2__path_1,P4,OUT2,path_1,3,1.5,5.45,0.35,0.0,1.0,0.25
P4__OUT2__path_1,P4,OUT2,path_1,4,2.0,5.95,0.35,0.0,1.0,0.25
P4__OUT2__path_1,P4,OUT2,path_1,5,2.5,6.45,0.35,0.0,1.0,0.25
P4__OUT2__path_1,P4,OUT2,path_1,6,3.0,6.909,0.45,0.0,1.0,0.25
P4__OUT2__path_1,P4,OUT2,path_1,7,3.5,7.409,0.45,0.0,1.0,0.25
P4__OUT2__path_1,P4,OUT2,path_1,8,4.0,7.909,0.45,0.0,1.0,0.25
P4__OUT2__path_1,P4,OUT2,path_1,9,4.5,8.409,0.45,0.0,1.0,0.25
P4__OUT2__path_1,P4,OUT2,path_1,10,5.0,8.891,0.491,0.785398,1.0,0.25
P4__OUT2__path_1,P4,OUT2,path_1,11,5.5,9.245,0.845,0.785398,1.0,0.25
P4__OUT2__path_1,P4,OUT2,path_1,12,6.0,9.599,1.199,0.785398,1.0,0.25
P4__OUT2__path_1,P4,OUT2,path_1,13,6.5,9.952,1.552,0.785398,1.0,0.25
P4__OUT2__path_1,P4,OUT2,path_1,14,7.0,10.306,1.906,0.785398,1.0,0.25
P4__OUT2__path_1,P4,OUT2,path_1,15,7.5,10.659,2.259,0.785398,1.0,0.25
P4__OUT2__path_1,P4,OUT2,path_1,16,8.0,11.013,2.613,0.785398,1.0,0.25
P4__OUT2__path_1,P4,OUT2,path_1,17,8.5,11.366,2.966,0.785398,1.0,0.25
P4__OUT2__path_1,P4,OUT2,path_1,18,9.0,11.72,3.32,0.785398,1.0,0.25
P4__OUT2__path_1,P4,OUT2,path_1,19,9.5,11.95,3.725,1.570796,1.0,0.25
P4__OUT2__path_1,P4,OUT2,path_1,20,9.767,12.05,3.95,1.570796,1.0,0.25
P4__CHG1__path_1,P4,CHG1,path_1,0,0.0,4.95,1.35,-2.356194,1.0,0.25
P4__CHG1__path_1,P4,CHG1,path_1,1,0.5,4.65,0.974,-1.570796,1.0,0.25
P4__CHG1__path_1,P4,CHG1,path_1,2,1.0,4.65,0.474,-1.570796,1.0,0.25
P4__CHG1__path_1,P4,CHG1,path_1,3,1.5,4.316,0.25,3.141593,1.0,0.25
P4__CHG1__path_1,P4,CHG1,path_1,4,2.0,3.816,0.25,3.141593,1.0,0.25
P4__CHG1__path_1,P4,CHG1,path_1,5,2.5,3.316,0.25,3.141593,1.0,0.25
P4__CHG1__path_1,P4,CHG1,path_1,6,3.0,2.816,0.25,3.141593,1.0,0.25
P4__CHG1__path_1,P4,CHG1,path_1,7,3.5,2.316,0.25,3.141593,1.0,0.25
P4__CHG1__path_1,P4,CHG1,path_1,8,4.0,1.855,0.155,-2.356194,1.0,0.25
P4__CHG1__path_1,P4,CHG1,path_1,9,4.5,1.357,0.15,3.141593,1.0,0.25
P4__CHG1__path_1,P4,CHG1,path_1,10,4.849,1.05,0.05,3.141593,1.0,0.25
P4__CHG2__path_1,P4,CHG2,path_1,0,0.0,4.95,1.35,-1.570796,1.0,0.25
P4__CHG2__path_1,P4,CHG2,path_1,1,0.5,4.95,0.85,-1.570796,1.0,0.25
P4__CHG2__path_1,P4,CHG2,path_1,2,1.0,4.95,0.35,-1.570796,1.0,0.25
P4__CHG2__path_1,P4,CHG2,path_1,3,1.5,5.45,0.35,0.0,1.0,0.25
P4__CHG2__path_1,P4,CHG2,path_1,4,2.0,5.95,0.35,0.0,1.0,0.25
P4__CHG2__path_1,P4,CHG2,path_1,5,2.5,6.45,0.35,0.0,1.0,0.25
P4__CHG2__path_1,P4,CHG2,path_1,6,3.0,6.95,0.35,0.0,1.0,0.25
P4__CHG2__path_1,P4,CHG2,path_1,7,3.5,7.45,0.35,0.0,1.0,0.25
P4__CHG2__path_1,P4,CHG2,path_1,8,4.0,7.95,0.35,0.0,1.0,0.25
P4__CHG2__path_1,P4,CHG2,path_1,9,4.5,8.45,0.35,0.0,1.0,0.25
P4__CHG2__path_1,P4,CHG2,path_1,10,5.0,8.867,0.15,0.0,1.0,0.25
P4__CHG2__path_1,P4,CHG2,path_1,11,5.224,9.05,0.05,0.0,1.0,0.25
P5__IN1__path_1,P5,IN1,path_1,0,0.0,5.65,4.05,3.141593,1.0,0.25
P5__IN1__path_1,P5,IN1,path_1,1,0.5,5.15,4.05,3.141593,1.0,0.25
P5__IN1__path_1,P5,IN1,path_1,2,1.0,4.679,3.979,-2.356194,1.0,0.25
P5__IN1__path_1,P5,IN1,path_1,3,1.5,4.326,3.626,-2.356194,1.0,0.25
P5__IN1__path_1,P5,IN1,path_1,4,2.0,3.972,3.272,-2.356194,1.0,0.25
P5__IN1__path_1,P5,IN1,path_1,5,2.5,3.523,3.15,3.141593,1.0,0.25
P5__IN1__path_1,P5,IN1,path_1,6,3.0,3.031,3.131,-2.356194,1.0,0.25
P5__IN1__path_1,P5,IN1,path_1,7,3.5,2.677,2.777,-2.356194,1.0,0.25
P5__IN1__path_1,P5,IN1,path_1,8,4.0,2.324,2.424,-2.356194,1.0,0.25
P5__IN1__path_1,P5,IN1,path_1,9,4.5,1.97,2.07,-2.356194,1.0,0.25
P5__IN1__path_1,P5,IN1,path_1,10,5.0,1.603,1.75,3.141593,1.0,0.25
P5__IN1__path_1,P5,IN1,path_1,11,5.5,1.186,1.55,3.141593,1.0,0.25
P5__IN1__path_1,P5,IN1,path_1,12,6.0,0.763,1.363,-2.356194,1.0,0.25
P5__IN1__path_1,P5,IN1,path_1,13,6.5,0.351,1.151,-2.356194,1.0,0.25
P5__IN1__path_1,P5,IN1,path_1,14,6.843,0.05,1.05,-2.356194,1.0,0.25
P5__IN2__path_1,P5,IN2,path_1,0,0.0,5.65,4.05,3.141593,1.0,0.25
P5__IN2__path_1,P5,IN2,path_1,1,0.5,5.15,4.05,3.141593,1.0,0.25
P5__IN2__path_1,P5,IN2,path_1,2,1.0,4.65,4.05,3.141593,1.0,0.25
P5__IN2__path_1,P5,IN2,path_1,3,1.5,4.15,4.05,3.141593,1.0,0.25
P5__IN2__path_1,P5,IN2,path_1,4,2.0,3.65,4.05,3.141593,1.0,0.25
P5__IN2__path_1,P5,IN2,path_1,5,2.5,3.15,4.05,3.141593,1.0,0.25
P5__IN2__path_1,P5,IN2,path_1,6,3.0,2.65,4.05,3.141593,1.0,0.25
P5__IN2__path_1,P5,IN2,path_1,7,3.5,2.209,4.191,2.356194,1.0,0.25
P5__IN2__path_1,P5,IN2,path_1,8,4.0,1.855,4.545,2.356194,1.0,0.25
P5__IN2__path_1,P5,IN2,path_1,9,4.5,1.357,4.55,3.141593,1.0,0.25
P5__IN2__path_1,P5,IN2,path_1,10,5.0,0.857,4.55,3.141593,1.0,0.25
P5__IN2__path_1,P5,IN2,path_1,11,5.5,0.443,4.757,2.356194,1.0,0.25
P5__IN2__path_1,P5,IN2,path_1,12,5.973,0.05,4.95,2.356194,1.0,0.25
P5__P1__path_1,P5,P1,path_1,0,0.0,5.65,4.05,3.141593,1.0,0.25
P5__P1__path_1,P5,P1,path_1,1,0.5,5.15,4.05,3.141593,1.0,0.25
P5__P1__path_1,P5,P1,path_1,2,1.0,4.679,3.979,-2.356194,1.0,0.25
P5__P1__path_1,P5,P1,path_1,3,1.5,4.326,3.626,-2.356194,1.0,0.25
P5__P1__path_1,P5,P1,path_1,4,2.0,3.972,3.272,-2.356194,1.0,0.25
P5__P1__path_1,P5,P1,path_1,5,2.5,3.523,3.15,3.141593,1.0,0.25
P5__P1__path_1,P5,P1,path_1,6,3.0,3.05,3.123,-1.570796,1.0,0.25
P5__P1__path_1,P5,P1,path_1,7,3.5,3.05,2.623,-1.570796,1.0,0.25
P5__P1__path_1,P5,P1,path_1,8,4.0,3.05,2.123,-1.570796,1.0,0.25
P5__P1__path_1,P5,P1,path_1,9,4.5,3.05,1.623,-1.570796,1.0,0.25
P5__P1__path_1,P5,P1,path_1,10,5.0,3.05,1.123,-1.570796,1.0,0.25
P5__P1__path_1,P5,P1,path_1,11,5.214,2.95,0.95,-1.570796,1.0,0.25
P5__P2__path_1,P5,P2,path_1,0,0.0,5.65,4.05,3.141593,1.0,0.25
P5__P2__path_1,P5,P2,path_1,1,0.5,5.15,4.05,3.141593,1.0,0.25
P5__P2__path_1,P5,P2,path_1,2,1.0,4.75,3.95,-1.570796,1.0,0.25
P5__P2__path_1,P5,P2,path_1,3,1.5,4.75,3.45,-1.570796,1.0,0.25
P5__P2__path_1,P5,P2,path_1,4,2.0,4.55,3.033,-1.570796,1.0,0.25
P5__P2__path_1,P5,P2,path_1,5,2.5,4.55,2.533,-1.570796,1.0,0.25
P5__P2__path_1,P5,P2,path_1,6,2.683,4.55,2.35,-1.570796,1.0,0.25
P5__P3__path_1,P5,P3,path_1,0,0.0,5.65,4.05,3.141593,1.0,0.25
P5__P3__path_1,P5,P3,path_1,1,0.5,5.15,4.05,3.141593,1.0,0.25
P5__P3__path_1,P5,P3,path_1,2,1.0,4.65,4.05,3.141593,1.0,0.25
P5__P3__path_1,P5,P3,path_1,3,1.5,4.191,4.15,3.141593,1.0,0.25
P5__P3__path_1,P5,P3,path_1,4,2.0,3.691,4.15,3.141593,1.0,0.25
P5__P3__path_1,P5,P3,path_1,5,2.5,3.55,4.509,1.570796,1.0,0.25
P5__P3__path_1,P5,P3,path_1,6,3.0,3.55,5.009,1.570796,1.0,0.25
P5__P3__path_1,P5,P3,path_1,7,3.241,3.55,5.25,1.570796,1.0,0.25
P5__P4__path_1,P5,P4,path_1,0,0.0,5.65,4.05,3.141593,1.0,0.25
P5__P4__path_1,P5,P4,path_1,1,0.5,5.15,4.05,3.141593,1.0,0.25
P5__P4__path_1,P5,P4,path_1,2,1.0,4.75,3.95,-1.570796,1.0,0.25
P5__P4__path_1,P5,P4,path_1,3,1.5,4.75,3.45,-1.570796,1.0,0.25
P5__P4__path_1,P5,P4,path_1,4,2.0,4.75,2.95,-1.570796,1.0,0.25
P5__P4__path_1,P5,P4,path_1,5,2.5,4.75,2.45,-1.570796,1.0,0.25
P5__P4__path_1,P5,P4,path_1,6,3.0,4.75,1.95,-1.570796,1.0,0.25
P5__P4__path_1,P5,P4,path_1,7,3.5,4.85,1.491,-1.570796,1.0,0.25
P5__P4__path_1,P5,P4,path_1,8,3.683,4.95,1.35,-1.570796,1.0,0.25
P5__P6__path_1,P5,P6,path_1,0,0.0,5.65,4.05,1.570796,1.0,0.25
P5__P6__path_1,P5,P6,path_1,1,0.5,5.65,4.55,1.570796,1.0,0.25
P5__P6__path_1,P5,P6,path_1,2,1.0,5.65,5.05,1.570796,1.0,0.25
P5__P6__path_1,P5,P6,path_1,3,1.5,5.933,5.433,0.785398,1.0,0.25
P5__P6__path_1,P5,P6,path_1,4,2.0,6.184,5.75,0.0,1.0,0.25
P5__P6__path_1,P5,P6,path_1,5,2.5,6.684,5.75,0.0,1.0,0.25
P5__P6__path_1,P5,P6,path_1,6,3.0,7.184,5.75,0.0,1.0,0.25
P5__P6__path_1,P5,P6,path_1,7,3.5,7.684,5.75,0.0,1.0,0.25
P5__P6__path_1,P5,P6,path_1,8,3.766,7.95,5.75,0.0,1.0,0.25
P5__P7__path_1,P5,P7,path_1,0,0.0,5.65,4.05,0.0,1.0,0.25
P5__P7__path_1,P5,P7,path_1,1,0.5,6.15,4.05,0.0,1.0,0.25
P5__P7__path_1,P5,P7,path_1,2,1.0,6.55,3.95,-1.570796,1.0,0.25
P5__P7__path_1,P5,P7,path_1,3,1.5,6.833,3.567,-0.785398,1.0,0.25
P5__P7__path_1,P5,P7,path_1,4,2.0,7.15,3.199,-1.570796,1.0,0.25
P5__P7__path_1,P5,P7,path_1,5,2.5,7.15,2.699,-1.570796,1.0,0.25
P5__P7__path_1,P5,P7,path_1,6,3.0,7.15,2.199,-1.570796,1.0,0.25
P5__P7__path_1,P5,P7,path_1,7,3.5,7.15,1.699,-1.570796,1.0,0.25
P5__P7__path_1,P5,P7,path_1,8,4.0,7.15,1.199,-1.570796,1.0,0.25
P5__P7__path_1,P5,P7,path_1,9,4.19,7.25,1.05,-1.570796,1.0,0.25
P5__P8__path_1,P5,P8,path_1,0,0.0,5.65,4.05,0.0,1.0,0.25
P5__P8__path_1,P5,P8,path_1,1,0.5,6.15,4.05,0.0,1.0,0.25
P5__P8__path_1,P5,P8,path_1,2,1.0,6.621,3.979,-0.785398,1.0,0.25
P5__P8__path_1,P5,P8,path_1,3,1.5,6.974,3.626,-0.785398,1.0,0.25
P5__P8__path_1,P5,P8,path_1,4,2.0,7.328,3.272,-0.785398,1.0,0.25
P5__P8__path_1,P5,P8,path_1,5,2.5,7.819,3.25,0.0,1.0,0.25
P5__P8__path_1,P5,P8,path_1,6,3.0,8.319,3.25,0.0,1.0,0.25
P5__P8__path_1,P5,P8,path_1,7,3.5,8.819,3.25,0.0,1.0,0.25
P5__P8__path_1,P5,P8,path_1,8,4.0,8.85,2.781,-1.570796,1.0,0.25
P5__P8__path_1,P5,P8,path_1,9,4.431,8.85,2.35,-1.570796,1.0,0.25
P5__P9__path_1,P5,P9,path_1,0,0.0,5.65,4.05,0.785398,1.0,0.25
P5__P9__path_1,P5,P9,path_1,1,0.5,5.95,4.426,1.570796,1.0,0.25
P5__P9__path_1,P5,P9,path_1,2,1.0,5.95,4.926,1.570796,1.0,0.25
P5__P9__path_1,P5,P9,path_1,3,1.166,6.05,5.05,1.570796,1.0,0.25
P5__SORT1__path_1,P5,SORT1,path_1,0,0.0,5.65,4.05,0.0,1.0,0.25
P5__SORT1__path_1,P5,SORT1,path_1,1,0.5,6.15,4.05,0.0,1.0,0.25
P5__SORT1__path_1,P5,SORT1,path_1,2,1.0,6.621,3.979,-0.785398,1.0,0.25
P5__SORT1__path_1,P5,SORT1,path_1,3,1.5,6.974,3.626,-0.785398,1.0,0.25
P5__SORT1__path_1,P5,SORT1,path_1,4,2.0,7.328,3.272,-0.785398,1.0,0.25
P5__SORT1__path_1,P5,SORT1,path_1,5,2.5,7.819,3.25,0.0,1.0,0.25
P5__SORT1__path_1,P5,SORT1,path_1,6,3.0,8.319,3.25,0.0,1.0,0.25
P5__SORT1__path_1,P5,SORT1,path_1,7,3.5,8.819,3.25,0.0,1.0,0.25
P5__SORT1__path_1,P5,SORT1,path_1,8,4.0,9.181,2.919,-0.785398,1.0,0.25
P5__SORT1__path_1,P5,SORT1,path_1,9,4.5,9.535,2.565,-0.785398,1.0,0.25
P5__SORT1__path_1,P5,SORT1,path_1,10,5.0,9.747,2.153,-0.785398,1.0,0.25
P5__SORT1__path_1,P5,SORT1,path_1,11,5.004,9.75,2.15,-0.785398,1.0,0.25
P5__SORT2__path_1,P5,SORT2,path_1,0,0.0,5.65,4.05,0.0,1.0,0.25
P5__SORT2__path_1,P5,SORT2,path_1,1,0.5,6.15,4.05,0.0,1.0,0.25
P5__SORT2__path_1,P5,SORT2,path_1,2,1.0,6.65,4.05,0.0,1.0,0.25
P5__SORT2__path_1,P5,SORT2,path_1,3,1.5,7.15,4.05,0.0,1.0,0.25
P5__SORT2__path_1,P5,SORT2,path_1,4,2.0,7.65,4.05,0.0,1.0,0.25
P5__SORT2__path_1,P5,SORT2,path_1,5,2.5,8.15,4.05,0.0,1.0,0.25
P5__SORT2__path_1,P5,SORT2,path_1,6,3.0,8.65,4.05,0.0,1.0,0.25
P5__SORT2__path_1,P5,SORT2,path_1,7,3.5,9.15,4.05,0.0,1.0,0.25
P5__SORT2__path_1,P5,SORT2,path_1,8,4.0,9.65,4.05,0.0,1.0,0.25
P5__SORT2__path_1,P5,SORT2,path_1,9,4.5,10.15,4.05,0.0,1.0,0.25
P5__SORT2__path_1,P5,SORT2,path_1,10,4.7,10.35,4.05,0.0,1.0,0.25
P5__OUT1__path_1,P5,OUT1,path_1,0,0.0,5.65,4.05,0.0,1.0,0.25
P5__OUT1__path_1,P5,OUT1,path_1,1,0.5,6.15,4.05,0.0,1.0,0.25
P5__OUT1__path_1,P5,OUT1,path_1,2,1.0,6.65,4.05,0.0,1.0,0.25
P5__OUT1__path_1,P5,OUT1,path_1,3,1.5,7.033,3.767,-0.785398,1.0,0.25
P5__OUT1__path_1,P5,OUT1,path_1,4,2.0,7.401,3.45,0.0,1.0,0.25
P5__OUT1__path_1,P5,OUT1,path_1,5,2.5,7.901,3.45,0.0,1.0,0.25
P5__OUT1__path_1,P5,OUT1,path_1,6,3.0,8.401,3.45,0.0,1.0,0.25
P5__OUT1__path_1,P5,OUT1,path_1,7,3.5,8.886,3.414,-0.785398,1.0,0.25
P5__OUT1__path_1,P5,OUT1,path_1,8,4.0,9.299,3.201,-0.785398,1.0,0.25
P5__OUT1__path_1,P5,OUT1,path_1,9,4.5,9.711,2.989,-0.785398,1.0,0.25
P5__OUT1__path_1,P5,OUT1,path_1,10,5.0,10.152,2.848,-0.785398,1.0,0.25
P5__OUT1__path_1,P5,OUT1,path_1,11,5.5,10.564,2.636,-0.785398,1.0,0.25
P5__OUT1__path_1,P5,OUT1,path_1,12,6.0,10.987,2.45,0.0,1.0,0.25
P5__OUT1__path_1,P5,OUT1,path_1,13,6.5,11.404,2.25,0.0,1.0,0.25
P5__OUT1__path_1,P5,OUT1,path_1,14,7.0,11.822,2.05,0.0,1.0,0.25
P5__OUT1__path_1,P5,OUT1,path_1,15,7.27,12.05,1.95,0.0,1.0,0.25
P5__OUT2__path_1,P5,OUT2,path_1,0,0.0,5.65,4.05,0.0,1.0,0.25
P5__OUT2__path_1,P5,OUT2,path_1,1,0.5,6.15,4.05,0.0,1.0,0.25
P5__OUT2__path_1,P5,OUT2,path_1,2,1.0,6.65,4.05,0.0,1.0,0.25
P5__OUT2__path_1,P5,OUT2,path_1,3,1.5,7.15,4.05,0.0,1.0,0.25
P5__OUT2__path_1,P5,OUT2,path_1,4,2.0,7.65,4.05,0.0,1.0,0.25
P5__OUT2__path_1,P5,OUT2,path_1,5,2.5,8.15,4.05,0.0,1.0,0.25
P5__OUT2__path_1,P5,OUT2,path_1,6,3.0,8.65,4.05,0.0,1.0,0.25
P5__OUT2__path_1,P5,OUT2,path_1,7,3.5,9.15,4.05,0.0,1.0,0.25
P5__OUT2__path_1,P5,OUT2,path_1,8,4.0,9.65,4.05,0.0,1.0,0.25
P5__OUT2__path_1,P5,OUT2,path_1,9,4.5,10.15,4.05,0.0,1.0,0.25
P5__OUT2__path_1,P5,OUT2,path_1,10,5.0,10.65,4.05,0.0,1.0,0.25
P5__OUT2__path_1,P5,OUT2,path_1,11,5.5,11.15,4.05,0.0,1.0,0.25
P5__OUT2__path_1,P5,OUT2,path_1,12,6.0,11.65,4.05,0.0,1.0,0.25
P5__OUT2__path_1,P5,OUT2,path_1,13,6.441,12.05,3.95,0.0,1.0,0.25
P5__CHG1__path_1,P5,CHG1,path_1,0,0.0,5.65,4.05,3.141593,1.0,0.25
P5__CHG1__path_1,P5,CHG1,path_1,1,0.5,5.15,4.05,3.141593,1.0,0.25
P5__CHG1__path_1,P5,CHG1,path_1,2,1.0,4.679,3.979,-2.356194,1.0,0.25
P5__CHG1__path_1,P5,CHG1,path_1,3,1.5,4.326,3.626,-2.356194,1.0,0.25
P5__CHG1__path_1,P5,CHG1,path_1,4,2.0,3.972,3.272,-2.356194,1.0,0.25
P5__CHG1__path_1,P5,CHG1,path_1,5,2.5,3.523,3.15,3.141593,1.0,0.25
P5__CHG1__path_1,P5,CHG1,path_1,6,3.0,3.031,3.131,-2.356194,1.0,0.25
P5__CHG1__path_1,P5,CHG1,path_1,7,3.5,2.677,2.777,-2.356194,1.0,0.25
P5__CHG1__path_1,P5,CHG1,path_1,8,4.0,2.324,2.424,-2.356194,1.0,0.25
P5__CHG1__path_1,P5,CHG1,path_1,9,4.5,1.97,2.07,-2.356194,1.0,0.25
P5__CHG1__path_1,P5,CHG1,path_1,10,5.0,1.758,1.658,-2.356194,1.0,0.25
P5__CHG1__path_1,P5,CHG1,path_1,11,5.5,1.55,1.244,-1.570796,1.0,0.25
P5__CHG1__path_1,P5,CHG1,path_1,12,6.0,1.404,0.804,-2.356194,1.0,0.25
P5__CHG1__path_1,P5,CHG1,path_1,13,6.5,1.192,0.392,-2.356194,1.0,0.25
P5__CHG1__path_1,P5,CHG1,path_1,14,6.901,1.05,0.05,-2.356194,1.0,0.25
P5__CHG2__path_1,P5,CHG2,path_1,0,0.0,5.65,4.05,0.0,1.0,0.25
P5__CHG2__path_1,P5,CHG2,path_1,1,0.5,6.15,4.05,0.0,1.0,0.25
P5__CHG2__path_1,P5,CHG2,path_1,2,1.0,6.621,3.979,-0.785398,1.0,0.25
P5__CHG2__path_1,P5,CHG2,path_1,3,1.5,6.974,3.626,-0.785398,1.0,0.25
P5__CHG2__path_1,P5,CHG2,path_1,4,2.0,7.25,3.24,-1.570796,1.0,0.25
P5__CHG2__path_1,P5,CHG2,path_1,5,2.5,7.25,2.74,-1.570796,1.0,0.25
P5__CHG2__path_1,P5,CHG2,path_1,6,3.0,7.25,2.24,-1.570796,1.0,0.25
P5__CHG2__path_1,P5,CHG2,path_1,7,3.5,7.25,1.74,-1.570796,1.0,0.25
P5__CHG2__path_1,P5,CHG2,path_1,8,4.0,7.25,1.24,-1.570796,1.0,0.25
P5__CHG2__path_1,P5,CHG2,path_1,9,4.5,7.25,0.74,-1.570796,1.0,0.25
P5__CHG2__path_1,P5,CHG2,path_1,10,5.0,7.46,0.45,0.0,1.0,0.25
P5__CHG2__path_1,P5,CHG2,path_1,11,5.5,7.96,0.45,0.0,1.0,0.25
P5__CHG2__path_1,P5,CHG2,path_1,12,6.0,8.419,0.35,0.0,1.0,0.25
P5__CHG2__path_1,P5,CHG2,path_1,13,6.5,8.836,0.15,0.0,1.0,0.25
P5__CHG2__path_1,P5,CHG2,path_1,14,6.756,9.05,0.05,0.0,1.0,0.25
P6__IN1__path_1,P6,IN1,path_1,0,0.0,7.95,5.75,3.141593,1.0,0.25
P6__IN1__path_1,P6,IN1,path_1,1,0.5,7.45,5.75,3.141593,1.0,0.25
P6__IN1__path_1,P6,IN1,path_1,2,1.0,6.95,5.75,3.141593,1.0,0.25
P6__IN1__path_1,P6,IN1,path_1,3,1.5,6.45,5.75,3.141593,1.0,0.25
P6__IN1__path_1,P6,IN1,path_1,4,2.0,5.979,5.679,-2.356194,1.0,0.25
P6__IN1__path_1,P6,IN1,path_1,5,2.5,5.626,5.326,-2.356194,1.0,0.25
P6__IN1__path_1,P6,IN1,path_1,6,3.0,5.55,4.857,-1.570796,1.0,0.25
P6__IN1__path_1,P6,IN1,path_1,7,3.5,5.55,4.357,-1.570796,1.0,0.25
P6__IN1__path_1,P6,IN1,path_1,8,4.0,5.299,4.05,3.141593,1.0,0.25
P6__IN1__path_1,P6,IN1,path_1,9,4.5,4.799,4.05,3.141593,1.0,0.25
P6__IN1__path_1,P6,IN1,path_1,10,5.0,4.431,3.731,-2.356194,1.0,0.25
P6__IN1__path_1,P6,IN1,path_1,11,5.5,4.077,3.377,-2.356194,1.0,0.25
P6__IN1__path_1,P6,IN1,path_1,12,6.0,3.671,3.15,3.141593,1.0,0.25
P6__IN1__path_1,P6,IN1,path_1,13,6.5,3.171,3.15,3.141593,1.0,0.25
P6__IN1__path_1,P6,IN1,path_1,14,7.0,2.782,2.882,-2.356194,1.0,0.25
P6__IN1__path_1,P6,IN1,path_1,15,7.5,2.429,2.529,-2.356194,1.0,0.25
P6__IN1__path_1,P6,IN1,path_1,16,8.0,2.075,2.175,-2.356194,1.0,0.25
P6__IN1__path_1,P6,IN1,path_1,17,8.5,1.722,1.822,-2.356194,1.0,0.25
P6__IN1__path_1,P6,IN1,path_1,18,9.0,1.309,1.609,-2.356194,1.0,0.25
P6__IN1__path_1,P6,IN1,path_1,19,9.5,0.875,1.45,3.141593,1.0,0.25
P6__IN1__path_1,P6,IN1,path_1,20,10.0,0.458,1.25,3.141593,1.0,0.25
P6__IN1__path_1,P6,IN1,path_1,21,10.491,0.05,1.05,3.141593,1.0,0.25
P6__IN2__path_1,P6,IN2,path_1,0,0.0,7.95,5.75,3.141593,1.0,0.25
P6__IN2__path_1,P6,IN2,path_1,1,0.5,7.45,5.75,3.141593,1.0,0.25
P6__IN2__path_1,P6,IN2,path_1,2,1.0,6.95,5.75,3.141593,1.0,0.25
P6__IN2__path_1,P6,IN2,path_1,3,1.5,6.45,5.75,3.141593,1.0,0.25
P6__IN2__path_1,P6,IN2,path_1,4,2.0,5.979,5.679,-2.356194,1.0,0.25
P6__IN2__path_1,P6,IN2,path_1,5,2.5,5.626,5.326,-2.356194,1.0,0.25
P6__IN2__path_1,P6,IN2,path_1,6,3.0,5.55,4.857,-1.570796,1.0,0.25
P6__IN2__path_1,P6,IN2,path_1,7,3.5,5.55,4.357,-1.570796,1.0,0.25
P6__IN2__path_1,P6,IN2,path_1,8,4.0,5.257,4.15,3.141593,1.0,0.25
P6__IN2__path_1,P6,IN2,path_1,9,4.5,4.757,4.15,3.141593,1.0,0.25
P6__IN2__path_1,P6,IN2,path_1,10,5.0,4.257,4.15,3.141593,1.0,0.25
P6__IN2__path_1,P6,IN2,path_1,11,5.5,3.757,4.15,3.141593,1.0,0.25
P6__IN2__path_1,P6,IN2,path_1,12,6.0,3.257,4.15,3.141593,1.0,0.25
P6__IN2__path_1,P6,IN2,path_1,13,6.5,2.757,4.15,3.141593,1.0,0.25
P6__IN2__path_1,P6,IN2,path_1,14,7.0,2.257,4.15,3.141593,1.0,0.25
P6__IN2__path_1,P6,IN2,path_1,15,7.5,1.757,4.15,3.141593,1.0,0.25
P6__IN2__path_1,P6,IN2,path_1,16,8.0,1.343,4.357,2.356194,1.0,0.25
P6__IN2__path_1,P6,IN2,path_1,17,8.5,0.923,4.55,3.141593,1.0,0.25
P6__IN2__path_1,P6,IN2,path_1,18,9.0,0.506,4.75,3.141593,1.0,0.25
P6__IN2__path_1,P6,IN2,path_1,19,9.5,0.077,4.923,2.356194,1.0,0.25
P6__IN2__path_1,P6,IN2,path_1,20,9.538,0.05,4.95,2.356194,1.0,0.25
P6__P1__path_1,P6,P1,path_1,0,0.0,7.95,5.75,3.141593,1.0,0.25
P6__P1__path_1,P6,P1,path_1,1,0.5,7.45,5.75,3.141593,1.0,0.25
P6__P1__path_1,P6,P1,path_1,2,1.0,6.95,5.75,3.141593,1.0,0.25
P6__P1__path_1,P6,P1,path_1,3,1.5,6.45,5.75,3.141593,1.0,0.25
P6__P1__path_1,P6,P1,path_1,4,2.0,5.979,5.679,-2.356194,1.0,0.25
P6__P1__path_1,P6,P1,path_1,5,2.5,5.626,5.326,-2.356194,1.0,0.25
P6__P1__path_1,P6,P1,path_1,6,3.0,5.55,4.857,-1.570796,1.0,0.25
P6__P1__path_1,P6,P1,path_1,7,3.5,5.55,4.357,-1.570796,1.0,0.25
P6__P1__path_1,P6,P1,path_1,8,4.0,5.299,4.05,3.141593,1.0,0.25
P6__P1__path_1,P6,P1,path_1,9,4.5,4.799,4.05,3.141593,1.0,0.25
P6__P1__path_1,P6,P1,path_1,10,5.0,4.431,3.731,-2.356194,1.0,0.25
P6__P1__path_1,P6,P1,path_1,11,5.5,4.077,3.377,-2.356194,1.0,0.25
P6__P1__path_1,P6,P1,path_1,12,6.0,3.671,3.15,3.141593,1.0,0.25
P6__P1__path_1,P6,P1,path_1,13,6.5,3.171,3.15,3.141593,1.0,0.25
P6__P1__path_1,P6,P1,path_1,14,7.0,3.05,2.771,-1.570796,1.0,0.25
P6__P1__path_1,P6,P1,path_1,15,7.5,3.05,2.271,-1.570796,1.0,0.25
P6__P1__path_1,P6,P1,path_1,16,8.0,3.05,1.771,-1.570796,1.0,0.25
P6__P1__path_1,P6,P1,path_1,17,8.5,3.05,1.271,-1.570796,1.0,0.25
P6__P1__path_1,P6,P1,path_1,18,8.863,2.95,0.95,-1.570796,1.0,0.25
P6__P2__path_1,P6,P2,path_1,0,0.0,7.95,5.75,3.141593,1.0,0.25
P6__P2__path_1,P6,P2,path_1,1,0.5,7.45,5.75,3.141593,1.0,0.25
P6__P2__path_1,P6,P2,path_1,2,1.0,6.95,5.75,3.141593,1.0,0.25
P6__P2__path_1,P6,P2,path_1,3,1.5,6.45,5.75,3.141593,1.0,0.25
P6__P2__path_1,P6,P2,path_1,4,2.0,6.05,5.65,-1.570796,1.0,0.25
P6__P2__path_1,P6,P2,path_1,5,2.5,5.85,5.233,-1.570796,1.0,0.25
P6__P2__path_1,P6,P2,path_1,6,3.0,5.65,4.816,-1.570796,1.0,0.25
P6__P2__path_1,P6,P2,path_1,7,3.5,5.55,4.357,-1.570796,1.0,0.25
P6__P2__path_1,P6,P2,path_1,8,4.0,5.299,4.05,3.141593,1.0,0.25
P6__P2__path_1,P6,P2,path_1,9,4.5,4.799,4.05,3.141593,1.0,0.25
P6__P2__path_1,P6,P2,path_1,10,5.0,4.75,3.599,-1.570796,1.0,0.25
P6__P2__path_1,P6,P2,path_1,11,5.5,4.75,3.099,-1.570796,1.0,0.25
P6__P2__path_1,P6,P2,path_1,12,6.0,4.65,2.64,-1.570796,1.0,0.25
P6__P2__path_1,P6,P2,path_1,13,6.331,4.55,2.35,-1.570796,1.0,0.25
P6__P3__path_1,P6,P3,path_1,0,0.0,7.95,5.75,3.141593,1.0,0.25
P6__P3__path_1,P6,P3,path_1,1,0.5,7.45,5.75,3.141593,1.0,0.25
P6__P3__path_1,P6,P3,path_1,2,1.0,6.95,5.75,3.141593,1.0,0.25
P6__P3__path_1,P6,P3,path_1,3,1.5,6.45,5.75,3.141593,1.0,0.25
P6__P3__path_1,P6,P3,path_1,4,2.0,5.979,5.679,-2.356194,1.0,0.25
P6__P3__path_1,P6,P3,path_1,5,2.5,5.626,5.326,-2.356194,1.0,0.25
P6__P3__path_1,P6,P3,path_1,6,3.0,5.55,4.857,-1.570796,1.0,0.25
P6__P3__path_1,P6,P3,path_1,7,3.5,5.55,4.357,-1.570796,1.0,0.25
P6__P3__path_1,P6,P3,path_1,8,4.0,5.257,4.15,3.141593,1.0,0.25
P6__P3__path_1,P6,P3,path_1,9,4.5,4.757,4.15,3.141593,1.0,0.25
P6__P3__path_1,P6,P3,path_1,10,5.0,4.257,4.15,3.141593,1.0,0.25
P6__P3__path_1,P6,P3,path_1,11,5.5,3.757,4.15,3.141593,1.0,0.25
P6__P3__path_1,P6,P3,path_1,12,6.0,3.55,4.443,1.570796,1.0,0.25
P6__P3__path_1,P6,P3,path_1,13,6.5,3.55,4.943,1.570796,1.0,0.25
P6__P3__path_1,P6,P3,path_1,14,6.807,3.55,5.25,1.570796,1.0,0.25
P6__P4__path_1,P6,P4,path_1,0,0.0,7.95,5.75,3.141593,1.0,0.25
P6__P4__path_1,P6,P4,path_1,1,0.5,7.45,5.75,3.141593,1.0,0.25
P6__P4__path_1,P6,P4,path_1,2,1.0,6.95,5.75,3.141593,1.0,0.25
P6__P4__path_1,P6,P4,path_1,3,1.5,6.45,5.75,3.141593,1.0,0.25
P6__P4__path_1,P6,P4,path_1,4,2.0,6.05,5.65,-1.570796,1.0,0.25
P6__P4__path_1,P6,P4,path_1,5,2.5,6.05,5.15,-1.570796,1.0,0.25
P6__P4__path_1,P6,P4,path_1,6,3.0,6.05,4.65,-1.570796,1.0,0.25
P6__P4__path_1,P6,P4,path_1,7,3.5,5.696,4.296,-2.356194,1.0,0.25
P6__P4__path_1,P6,P4,path_1,8,4.0,5.299,4.05,3.141593,1.0,0.25
P6__P4__path_1,P6,P4,path_1,9,4.5,4.799,4.05,3.141593,1.0,0.25
P6__P4__path_1,P6,P4,path_1,10,5.0,4.75,3.599,-1.570796,1.0,0.25
P6__P4__path_1,P6,P4,path_1,11,5.5,4.75,3.099,-1.570796,1.0,0.25
P6__P4__path_1,P6,P4,path_1,12,6.0,4.75,2.599,-1.570796,1.0,0.25
P6__P4__path_1,P6,P4,path_1,13,6.5,4.75,2.099,-1.570796,1.0,0.25
P6__P4__path_1,P6,P4,path_1,14,7.0,4.85,1.64,-1.570796,1.0,0.25
P6__P4__path_1,P6,P4,path_1,15,7.331,4.95,1.35,-1.570796,1.0,0.25
P6__P5__path_1,P6,P5,path_1,0,0.0,7.95,5.75,3.141593,1.0,0.25
P6__P5__path_1,P6,P5,path_1,1,0.5,7.45,5.75,3.141593,1.0,0.25
P6__P5__path_1,P6,P5,path_1,2,1.0,6.95,5.75,3.141593,1.0,0.25
P6__P5__path_1,P6,P5,path_1,3,1.5,6.45,5.75,3.141593,1.0,0.25
P6__P5__path_1,P6,P5,path_1,4,2.0,6.05,5.65,-1.570796,1.0,0.25
P6__P5__path_1,P6,P5,path_1,5,2.5,6.05,5.15,-1.570796,1.0,0.25
P6__P5__path_1,P6,P5,path_1,6,3.0,5.95,4.691,-1.570796,1.0,0.25
P6__P5__path_1,P6,P5,path_1,7,3.5,5.75,4.274,-1.570796,1.0,0.25
P6__P5__path_1,P6,P5,path_1,8,3.766,5.65,4.05,-1.570796,1.0,0.25
P6__P7__path_1,P6,P7,path_1,0,0.0,7.95,5.75,0.0,1.0,0.25
P6__P7__path_1,P6,P7,path_1,1,0.5,8.25,5.55,-1.570796,1.0,0.25
P6__P7__path_1,P6,P7,path_1,2,1.0,8.25,5.05,-1.570796,1.0,0.25
P6__P7__path_1,P6,P7,path_1,3,1.5,8.25,4.55,-1.570796,1.0,0.25
P6__P7__path_1,P6,P7,path_1,4,2.0,8.25,4.05,-1.570796,1.0,0.25
P6__P7__path_1,P6,P7,path_1,5,2.5,7.896,3.696,-2.356194,1.0,0.25
P6__P7__path_1,P6,P7,path_1,6,3.0,7.543,3.343,-2.356194,1.0,0.25
P6__P7__path_1,P6,P7,path_1,7,3.5,7.25,3.081,-1.570796,1.0,0.25
P6__P7__path_1,P6,P7,path_1,8,4.0,7.25,2.581,-1.570796,1.0,0.25
P6__P7__path_1,P6,P7,path_1,9,4.5,7.25,2.081,-1.570796,1.0,0.25
P6__P7__path_1,P6,P7,path_1,10,5.0,7.25,1.581,-1.570796,1.0,0.25
P6__P7__path_1,P6,P7,path_1,11,5.5,7.25,1.081,-1.570796,1.0,0.25
P6__P7__path_1,P6,P7,path_1,12,5.531,7.25,1.05,-1.570796,1.0,0.25
P6__P8__path_1,P6,P8,path_1,0,0.0,7.95,5.75,0.0,1.0,0.25
P6__P8__path_1,P6,P8,path_1,1,0.5,8.25,5.55,-1.570796,1.0,0.25
P6__P8__path_1,P6,P8,path_1,2,1.0,8.25,5.05,-1.570796,1.0,0.25
P6__P8__path_1,P6,P8,path_1,3,1.5,8.533,4.667,-0.785398,1.0,0.25
P6__P8__path_1,P6,P8,path_1,4,2.0,8.85,4.299,-1.570796,1.0,0.25
P6__P8__path_1,P6,P8,path_1,5,2.5,8.85,3.799,-1.570796,1.0,0.25
P6__P8__path_1,P6,P8,path_1,6,3.0,8.85,3.299,-1.570796,1.0,0.25
P6__P8__path_1,P6,P8,path_1,7,3.5,8.85,2.799,-1.570796,1.0,0.25
P6__P8__path_1,P6,P8,path_1,8,3.949,8.85,2.35,-1.570796,1.0,0.25
P6__P9__path_1,P6,P9,path_1,0,0.0,7.95,5.75,3.141593,1.0,0.25
P6__P9__path_1,P6,P9,path_1,1,0.5,7.45,5.75,3.141593,1.0,0.25
P6__P9__path_1,P6,P9,path_1,2,1.0,6.95,5.75,3.141593,1.0,0.25
P6__P9__path_1,P6,P9,path_1,3,1.5,6.45,5.75,3.141593,1.0,0.25
P6__P9__path_1,P6,P9,path_1,4,2.0,6.05,5.65,-1.570796,1.0,0.25
P6__P9__path_1,P6,P9,path_1,5,2.5,6.05,5.15,-1.570796,1.0,0.25
P6__P9__path_1,P6,P9,path_1,6,2.6,6.05,5.05,-1.570796,1.0,0.25
P6__SORT1__path_1,P6,SORT1,path_1,0,0.0,7.95,5.75,0.0,1.0,0.25
P6__SORT1__path_1,P6,SORT1,path_1,1,0.5,8.25,5.55,-1.570796,1.0,0.25
P6__SORT1__path_1,P6,SORT1,path_1,2,1.0,8.25,5.05,-1.570796,1.0,0.25
P6__SORT1__path_1,P6,SORT1,path_1,3,1.5,8.533,4.667,-0.785398,1.0,0.25
P6__SORT1__path_1,P6,SORT1,path_1,4,2.0,8.85,4.299,-1.570796,1.0,0.25
P6__SORT1__path_1,P6,SORT1,path_1,5,2.5,8.957,3.843,-0.785398,1.0,0.25
P6__SORT1__path_1,P6,SORT1,path_1,6,3.0,9.169,3.431,-0.785398,1.0,0.25
P6__SORT1__path_1,P6,SORT1,path_1,7,3.5,9.35,3.006,-1.570796,1.0,0.25
P6__SORT1__path_1,P6,SORT1,path_1,8,4.0,9.55,2.588,-1.570796,1.0,0.25
P6__SORT1__path_1,P6,SORT1,path_1,9,4.5,9.735,2.165,-0.785398,1.0,0.25
P6__SORT1__path_1,P6,SORT1,path_1,10,4.521,9.75,2.15,-0.785398,1.0,0.25
P6__SORT2__path_1,P6,SORT2,path_1,0,0.0,7.95,5.75,0.0,1.0,0.25
P6__SORT2__path_1,P6,SORT2,path_1,1,0.5,8.391,5.609,-0.785398,1.0,0.25
P6__SORT2__path_1,P6,SORT2,path_1,2,1.0,8.745,5.255,-0.785398,1.0,0.25
P6__SORT2__path_1,P6,SORT2,path_1,3,1.5,9.099,4.901,-0.785398,1.0,0.25
P6__SORT2__path_1,P6,SORT2,path_1,4,2.0,9.452,4.548,-0.785398,1.0,0.25
P6__SORT2__path_1,P6,SORT2,path_1,5,2.5,9.835,4.265,-0.785398,1.0,0.25
P6__SORT2__path_1,P6,SORT2,path_1,6,3.0,10.276,4.124,-0.785398,1.0,0.25
P6__SORT2__path_1,P6,SORT2,path_1,7,3.104,10.35,4.05,-0.785398,1.0,0.25
P6__OUT1__path_1,P6,OUT1,path_1,0,0.0,7.95,5.75,0.0,1.0,0.25
P6__OUT1__path_1,P6,OUT1,path_1,1,0.5,8.391,5.609,-0.785398,1.0,0.25
P6__OUT1__path_1,P6,OUT1,path_1,2,1.0,8.745,5.255,-0.785398,1.0,0.25
P6__OUT1__path_1,P6,OUT1,path_1,3,1.5,9.099,4.901,-0.785398,1.0,0.25
P6__OUT1__path_1,P6,OUT1,path_1,4,2.0,9.452,4.548,-0.785398,1.0,0.25
P6__OUT1__path_1,P6,OUT1,path_1,5,2.5,9.806,4.194,-0.785398,1.0,0.25
P6__OUT1__path_1,P6,OUT1,path_1,6,3.0,10.159,3.841,-0.785398,1.0,0.25
P6__OUT1__path_1,P6,OUT1,path_1,7,3.5,10.513,3.487,-0.785398,1.0,0.25
P6__OUT1__path_1,P6,OUT1,path_1,8,4.0,10.866,3.134,-0.785398,1.0,0.25
P6__OUT1__path_1,P6,OUT1,path_1,9,4.5,11.22,2.78,-0.785398,1.0,0.25
P6__OUT1__path_1,P6,OUT1,path_1,10,5.0,11.573,2.427,-0.785398,1.0,0.25
P6__OUT1__path_1,P6,OUT1,path_1,11,5.5,11.927,2.073,-0.785398,1.0,0.25
P6__OUT1__path_1,P6,OUT1,path_1,12,5.674,12.05,1.95,-0.785398,1.0,0.25
P6__OUT2__path_1,P6,OUT2,path_1,0,0.0,7.95,5.75,0.0,1.0,0.25
P6__OUT2__path_1,P6,OUT2,path_1,1,0.5,8.45,5.75,0.0,1.0,0.25
P6__OUT2__path_1,P6,OUT2,path_1,2,1.0,8.921,5.679,-0.785398,1.0,0.25
P6__OUT2__path_1,P6,OUT2,path_1,3,1.5,9.274,5.326,-0.785398,1.0,0.25
P6__OUT2__path_1,P6,OUT2,path_1,4,2.0,9.657,5.043,-0.785398,1.0,0.25
P6__OUT2__path_1,P6,OUT2,path_1,5,2.5,10.077,4.85,0.0,1.0,0.25
P6__OUT2__path_1,P6,OUT2,path_1,6,3.0,10.494,4.65,0.0,1.0,0.25
P6__OUT2__path_1,P6,OUT2,path_1,7,3.5,10.894,4.406,-0.785398,1.0,0.25
P6__OUT2__path_1,P6,OUT2,path_1,8,4.0,11.247,4.053,-0.785398,1.0,0.25
P6__OUT2__path_1,P6,OUT2,path_1,9,4.5,11.746,4.05,0.0,1.0,0.25
P6__OUT2__path_1,P6,OUT2,path_1,10,4.846,12.05,3.95,0.0,1.0,0.25
P6__CHG1__path_1,P6,CHG1,path_1,0,0.0,7.95,5.75,3.141593,1.0,0.25
P6__CHG1__path_1,P6,CHG1,path_1,1,0.5,7.45,5.75,3.141593,1.0,0.25
P6__CHG1__path_1,P6,CHG1,path_1,2,1.0,6.95,5.75,3.141593,1.0,0.25
P6__CHG1__path_1,P6,CHG1,path_1,3,1.5,6.45,5.75,3.141593,1.0,0.25
P6__CHG1__path_1,P6,CHG1,path_1,4,2.0,5.979,5.679,-2.356194,1.0,0.25
P6__CHG1__path_1,P6,CHG1,path_1,5,2.5,5.626,5.326,-2.356194,1.0,0.25
P6__CHG1__path_1,P6,CHG1,path_1,6,3.0,5.55,4.857,-1.570796,1.0,0.25
P6__CHG1__path_1,P6,CHG1,path_1,7,3.5,5.55,4.357,-1.570796,1.0,0.25
P6__CHG1__path_1,P6,CHG1,path_1,8,4.0,5.299,4.05,3.141593,1.0,0.25
P6__CHG1__path_1,P6,CHG1,path_1,9,4.5,4.799,4.05,3.141593,1.0,0.25
P6__CHG1__path_1,P6,CHG1,path_1,10,5.0,4.431,3.731,-2.356194,1.0,0.25
P6__CHG1__path_1,P6,CHG1,path_1,11,5.5,4.077,3.377,-2.356194,1.0,0.25
P6__CHG1__path_1,P6,CHG1,path_1,12,6.0,3.671,3.15,3.141593,1.0,0.25
P6__CHG1__path_1,P6,CHG1,path_1,13,6.5,3.171,3.15,3.141593,1.0,0.25
P6__CHG1__path_1,P6,CHG1,path_1,14,7.0,2.782,2.882,-2.356194,1.0,0.25
P6__CHG1__path_1,P6,CHG1,path_1,15,7.5,2.429,2.529,-2.356194,1.0,0.25
P6__CHG1__path_1,P6,CHG1,path_1,16,8.0,2.075,2.175,-2.356194,1.0,0.25
P6__CHG1__path_1,P6,CHG1,path_1,17,8.5,1.85,1.768,-1.570796,1.0,0.25
P6__CHG1__path_1,P6,CHG1,path_1,18,9.0,1.65,1.351,-1.570796,1.0,0.25
P6__CHG1__path_1,P6,CHG1,path_1,19,9.5,1.45,0.934,-1.570796,1.0,0.25
P6__CHG1__path_1,P6,CHG1,path_1,20,10.0,1.25,0.517,-1.570796,1.0,0.25
P6__CHG1__path_1,P6,CHG1,path_1,21,10.5,1.085,0.085,-2.356194,1.0,0.25
P6__CHG1__path_1,P6,CHG1,path_1,22,10.55,1.05,0.05,-2.356194,1.0,0.25
P6__CHG2__path_1,P6,CHG2,path_1,0,0.0,7.95,5.75,0.0,1.0,0.25
P6__CHG2__path_1,P6,CHG2,path_1,1,0.5,8.25,5.55,-1.570796,1.0,0.25
P6__CHG2__path_1,P6,CHG2,path_1,2,1.0,8.25,5.05,-1.570796,1.0,0.25
P6__CHG2__path_1,P6,CHG2,path_1,3,1.5,8.533,4.667,-0.785398,1.0,0.25
P6__CHG2__path_1,P6,CHG2,path_1,4,2.0,8.85,4.299,-1.570796,1.0,0.25
P6__CHG2__path_1,P6,CHG2,path_1,5,2.5,8.85,3.799,-1.570796,1.0,0.25
P6__CHG2__path_1,P6,CHG2,path_1,6,3.0,8.85,3.299,-1.570796,1.0,0.25
P6__CHG2__path_1,P6,CHG2,path_1,7,3.5,8.85,2.799,-1.570796,1.0,0.25
P6__CHG2__path_1,P6,CHG2,path_1,8,4.0,8.85,2.299,-1.570796,1.0,0.25
P6__CHG2__path_1,P6,CHG2,path_1,9,4.5,8.85,1.799,-1.570796,1.0,0.25
P6__CHG2__path_1,P6,CHG2,path_1,10,5.0,8.85,1.299,-1.570796,1.0,0.25
P6__CHG2__path_1,P6,CHG2,path_1,11,5.5,8.85,0.799,-1.570796,1.0,0.25
P6__CHG2__path_1,P6,CHG2,path_1,12,6.0,8.95,0.34,-1.570796,1.0,0.25
P6__CHG2__path_1,P6,CHG2,path_1,13,6.331,9.05,0.05,-1.570796,1.0,0.25
P7__IN1__path_1,P7,IN1,path_1,0,0.0,7.25,1.05,-2.356194,1.0,0.25
P7__IN1__path_1,P7,IN1,path_1,1,0.5,6.896,0.696,-2.356194,1.0,0.25
P7__IN1__path_1,P7,IN1,path_1,2,1.0,6.657,0.35,3.141593,1.0,0.25
P7__IN1__path_1,P7,IN1,path_1,3,1.5,6.157,0.35,3.141593,1.0,0.25
P7__IN1__path_1,P7,IN1,path_1,4,2.0,5.699,0.25,3.141593,1.0,0.25
P7__IN1__path_1,P7,IN1,path_1,5,2.5,5.199,0.25,3.141593,1.0,0.25
P7__IN1__path_1,P7,IN1,path_1,6,3.0,4.699,0.25,3.141593,1.0,0.25
P7__IN1__path_1,P7,IN1,path_1,7,3.5,4.199,0.25,3.141593,1.0,0.25
P7__IN1__path_1,P7,IN1,path_1,8,4.0,3.699,0.25,3.141593,1.0,0.25
P7__IN1__path_1,P7,IN1,path_1,9,4.5,3.199,0.25,3.141593,1.0,0.25
P7__IN1__path_1,P7,IN1,path_1,10,5.0,2.699,0.25,3.141593,1.0,0.25
P7__IN1__path_1,P7,IN1,path_1,11,5.5,2.199,0.25,3.141593,1.0,0.25
P7__IN1__path_1,P7,IN1,path_1,12,6.0,1.714,0.286,2.356194,1.0,0.25
P7__IN1__path_1,P7,IN1,path_1,13,6.5,1.301,0.499,2.356194,1.0,0.25
P7__IN1__path_1,P7,IN1,path_1,14,7.0,0.864,0.65,3.141593,1.0,0.25
P7__IN1__path_1,P7,IN1,path_1,15,7.5,0.448,0.852,2.356194,1.0,0.25
P7__IN1__path_1,P7,IN1,path_1,16,7.98,0.05,1.05,2.356194,1.0,0.25
P7__IN2__path_1,P7,IN2,path_1,0,0.0,7.25,1.05,1.570796,1.0,0.25
P7__IN2__path_1,P7,IN2,path_1,1,0.5,7.25,1.55,1.570796,1.0,0.25
P7__IN2__path_1,P7,IN2,path_1,2,1.0,7.25,2.05,1.570796,1.0,0.25
P7__IN2__path_1,P7,IN2,path_1,3,1.5,6.967,2.433,2.356194,1.0,0.25
P7__IN2__path_1,P7,IN2,path_1,4,2.0,6.75,2.843,1.570796,1.0,0.25
P7__IN2__path_1,P7,IN2,path_1,5,2.5,6.55,3.26,1.570796,1.0,0.25
P7__IN2__path_1,P7,IN2,path_1,6,3.0,6.55,3.76,1.570796,1.0,0.25
P7__IN2__path_1,P7,IN2,path_1,7,3.5,6.34,4.05,3.141593,1.0,0.25
P7__IN2__path_1,P7,IN2,path_1,8,4.0,5.84,4.05,3.141593,1.0,0.25
P7__IN2__path_1,P7,IN2,path_1,9,4.5,5.34,4.05,3.141593,1.0,0.25
P7__IN2__path_1,P7,IN2,path_1,10,5.0,4.84,4.05,3.141593,1.0,0.25
P7__IN2__path_1,P7,IN2,path_1,11,5.5,4.34,4.05,3.141593,1.0,0.25
P7__IN2__path_1,P7,IN2,path_1,12,6.0,3.84,4.05,3.141593,1.0,0.25
P7__IN2__path_1,P7,IN2,path_1,13,6.5,3.34,4.05,3.141593,1.0,0.25
P7__IN2__path_1,P7,IN2,path_1,14,7.0,2.84,4.05,3.141593,1.0,0.25
P7__IN2__path_1,P7,IN2,path_1,15,7.5,2.34,4.05,3.141593,1.0,0.25
P7__IN2__path_1,P7,IN2,path_1,16,8.0,1.872,4.128,2.356194,1.0,0.25
P7__IN2__path_1,P7,IN2,path_1,17,8.5,1.46,4.34,2.356194,1.0,0.25
P7__IN2__path_1,P7,IN2,path_1,18,9.0,1.019,4.481,2.356194,1.0,0.25
P7__IN2__path_1,P7,IN2,path_1,19,9.5,0.606,4.694,2.356194,1.0,0.25
P7__IN2__path_1,P7,IN2,path_1,20,10.0,0.171,4.85,3.141593,1.0,0.25
P7__IN2__path_1,P7,IN2,path_1,21,10.163,0.05,4.95,3.141593,1.0,0.25
P7__P1__path_1,P7,P1,path_1,0,0.0,7.25,1.05,-2.356194,1.0,0.25
P7__P1__path_1,P7,P1,path_1,1,0.5,6.896,0.696,-2.356194,1.0,0.25
P7__P1__path_1,P7,P1,path_1,2,1.0,6.657,0.35,3.141593,1.0,0.25
P7__P1__path_1,P7,P1,path_1,3,1.5,6.157,0.35,3.141593,1.0,0.25
P7__P1__path_1,P7,P1,path_1,4,2.0,5.699,0.25,3.141593,1.0,0.25
P7__P1__path_1,P7,P1,path_1,5,2.5,5.199,0.25,3.141593,1.0,0.25
P7__P1__path_1,P7,P1,path_1,6,3.0,4.699,0.25,3.141593,1.0,0.25
P7__P1__path_1,P7,P1,path_1,7,3.5,4.199,0.25,3.141593,1.0,0.25
P7__P1__path_1,P7,P1,path_1,8,4.0,3.699,0.25,3.141593,1.0,0.25
P7__P1__path_1,P7,P1,path_1,9,4.5,3.199,0.25,3.141593,1.0,0.25
P7__P1__path_1,P7,P1,path_1,10,5.0,3.05,0.601,1.570796,1.0,0.25
P7__P1__path_1,P7,P1,path_1,11,5.39,2.95,0.95,1.570796,1.0,0.25
P7__P2__path_1,P7,P2,path_1,0,0.0,7.25,1.05,-2.356194,1.0,0.25
P7__P2__path_1,P7,P2,path_1,1,0.5,6.896,0.696,-2.356194,1.0,0.25
P7__P2__path_1,P7,P2,path_1,2,1.0,6.657,0.35,3.141593,1.0,0.25
P7__P2__path_1,P7,P2,path_1,3,1.5,6.157,0.35,3.141593,1.0,0.25
P7__P2__path_1,P7,P2,path_1,4,2.0,5.657,0.35,3.141593,1.0,0.25
P7__P2__path_1,P7,P2,path_1,5,2.5,5.157,0.35,3.141593,1.0,0.25
P7__P2__path_1,P7,P2,path_1,6,3.0,4.95,0.643,1.570796,1.0,0.25
P7__P2__path_1,P7,P2,path_1,7,3.5,4.95,1.143,1.570796,1.0,0.25
P7__P2__path_1,P7,P2,path_1,8,4.0,4.672,1.528,2.356194,1.0,0.25
P7__P2__path_1,P7,P2,path_1,9,4.5,4.65,2.019,1.570796,1.0,0.25
P7__P2__path_1,P7,P2,path_1,10,4.873,4.55,2.35,1.570796,1.0,0.25
P7__P3__path_1,P7,P3,path_1,0,0.0,7.25,1.05,1.570796,1.0,0.25
P7__P3__path_1,P7,P3,path_1,1,0.5,7.25,1.55,1.570796,1.0,0.25
P7__P3__path_1,P7,P3,path_1,2,1.0,7.25,2.05,1.570796,1.0,0.25
P7__P3__path_1,P7,P3,path_1,3,1.5,6.967,2.433,2.356194,1.0,0.25
P7__P3__path_1,P7,P3,path_1,4,2.0,6.75,2.843,1.570796,1.0,0.25
P7__P3__path_1,P7,P3,path_1,5,2.5,6.55,3.26,1.570796,1.0,0.25
P7__P3__path_1,P7,P3,path_1,6,3.0,6.55,3.76,1.570796,1.0,0.25
P7__P3__path_1,P7,P3,path_1,7,3.5,6.34,4.05,3.141593,1.0,0.25
P7__P3__path_1,P7,P3,path_1,8,4.0,5.881,4.15,3.141593,1.0,0.25
P7__P3__path_1,P7,P3,path_1,9,4.5,5.381,4.15,3.141593,1.0,0.25
P7__P3__path_1,P7,P3,path_1,10,5.0,4.881,4.15,3.141593,1.0,0.25
P7__P3__path_1,P7,P3,path_1,11,5.5,4.381,4.15,3.141593,1.0,0.25
P7__P3__path_1,P7,P3,path_1,12,6.0,3.881,4.15,3.141593,1.0,0.25
P7__P3__path_1,P7,P3,path_1,13,6.5,3.55,4.319,1.570796,1.0,0.25
P7__P3__path_1,P7,P3,path_1,14,7.0,3.55,4.819,1.570796,1.0,0.25
P7__P3__path_1,P7,P3,path_1,15,7.431,3.55,5.25,1.570796,1.0,0.25
P7__P4__path_1,P7,P4,path_1,0,0.0,7.25,1.05,-2.356194,1.0,0.25
P7__P4__path_1,P7,P4,path_1,1,0.5,6.896,0.696,-2.356194,1.0,0.25
P7__P4__path_1,P7,P4,path_1,2,1.0,6.657,0.35,3.141593,1.0,0.25
P7__P4__path_1,P7,P4,path_1,3,1.5,6.157,0.35,3.141593,1.0,0.25
P7__P4__path_1,P7,P4,path_1,4,2.0,5.657,0.35,3.141593,1.0,0.25
P7__P4__path_1,P7,P4,path_1,5,2.5,5.157,0.35,3.141593,1.0,0.25
P7__P4__path_1,P7,P4,path_1,6,3.0,4.95,0.643,1.570796,1.0,0.25
P7__P4__path_1,P7,P4,path_1,7,3.5,4.95,1.143,1.570796,1.0,0.25
P7__P4__path_1,P7,P4,path_1,8,3.707,4.95,1.35,1.570796,1.0,0.25
P7__P5__path_1,P7,P5,path_1,0,0.0,7.25,1.05,1.570796,1.0,0.25
P7__P5__path_1,P7,P5,path_1,1,0.5,7.25,1.55,1.570796,1.0,0.25
P7__P5__path_1,P7,P5,path_1,2,1.0,7.25,2.05,1.570796,1.0,0.25
P7__P5__path_1,P7,P5,path_1,3,1.5,6.967,2.433,2.356194,1.0,0.25
P7__P5__path_1,P7,P5,path_1,4,2.0,6.75,2.843,1.570796,1.0,0.25
P7__P5__path_1,P7,P5,path_1,5,2.5,6.55,3.26,1.570796,1.0,0.25
P7__P5__path_1,P7,P5,path_1,6,3.0,6.55,3.76,1.570796,1.0,0.25
P7__P5__path_1,P7,P5,path_1,7,3.5,6.34,4.05,3.141593,1.0,0.25
P7__P5__path_1,P7,P5,path_1,8,4.0,5.84,4.05,3.141593,1.0,0.25
P7__P5__path_1,P7,P5,path_1,9,4.19,5.65,4.05,3.141593,1.0,0.25
P7__P6__path_1,P7,P6,path_1,0,0.0,7.25,1.05,1.570796,1.0,0.25
P7__P6__path_1,P7,P6,path_1,1,0.5,7.25,1.55,1.570796,1.0,0.25
P7__P6__path_1,P7,P6,path_1,2,1.0,7.25,2.05,1.570796,1.0,0.25
P7__P6__path_1,P7,P6,path_1,3,1.5,7.25,2.55,1.570796,1.0,0.25
P7__P6__path_1,P7,P6,path_1,4,2.0,7.25,3.05,1.570796,1.0,0.25
P7__P6__path_1,P7,P6,path_1,5,2.5,7.462,3.462,0.785398,1.0,0.25
P7__P6__path_1,P7,P6,path_1,6,3.0,7.816,3.816,0.785398,1.0,0.25
P7__P6__path_1,P7,P6,path_1,7,3.5,8.219,4.05,0.0,1.0,0.25
P7__P6__path_1,P7,P6,path_1,8,4.0,8.25,4.519,1.570796,1.0,0.25
P7__P6__path_1,P7,P6,path_1,9,4.5,8.25,5.019,1.570796,1.0,0.25
P7__P6__path_1,P7,P6,path_1,10,5.0,8.25,5.519,1.570796,1.0,0.25
P7__P6__path_1,P7,P6,path_1,11,5.5,7.981,5.75,3.141593,1.0,0.25
P7__P6__path_1,P7,P6,path_1,12,5.531,7.95,5.75,3.141593,1.0,0.25
P7__P8__path_1,P7,P8,path_1,0,0.0,7.25,1.05,-1.570796,1.0,0.25
P7__P8__path_1,P7,P8,path_1,1,0.5,7.25,0.55,-1.570796,1.0,0.25
P7__P8__path_1,P7,P8,path_1,2,1.0,7.65,0.45,0.0,1.0,0.25
P7__P8__path_1,P7,P8,path_1,3,1.5,8.15,0.45,0.0,1.0,0.25
P7__P8__path_1,P7,P8,path_1,4,2.0,8.65,0.45,0.0,1.0,0.25
P7__P8__path_1,P7,P8,path_1,5,2.5,8.85,0.75,1.570796,1.0,0.25
P7__P8__path_1,P7,P8,path_1,6,3.0,8.85,1.25,1.570796,1.0,0.25
P7__P8__path_1,P7,P8,path_1,7,3.5,8.85,1.75,1.570796,1.0,0.25
P7__P8__path_1,P7,P8,path_1,8,4.0,8.85,2.25,1.570796,1.0,0.25
P7__P8__path_1,P7,P8,path_1,9,4.1,8.85,2.35,1.570796,1.0,0.25
P7__P9__path_1,P7,P9,path_1,0,0.0,7.25,1.05,1.570796,1.0,0.25
P7__P9__path_1,P7,P9,path_1,1,0.5,7.25,1.55,1.570796,1.0,0.25
P7__P9__path_1,P7,P9,path_1,2,1.0,7.25,2.05,1.570796,1.0,0.25
P7__P9__path_1,P7,P9,path_1,3,1.5,7.179,2.521,2.356194,1.0,0.25
P7__P9__path_1,P7,P9,path_1,4,2.0,6.85,2.884,1.570796,1.0,0.25
P7__P9__path_1,P7,P9,path_1,5,2.5,6.826,3.374,2.356194,1.0,0.25
P7__P9__path_1,P7,P9,path_1,6,3.0,6.614,3.786,2.356194,1.0,0.25
P7__P9__path_1,P7,P9,path_1,7,3.5,6.34,4.05,3.141593,1.0,0.25
P7__P9__path_1,P7,P9,path_1,8,4.0,6.05,4.26,1.570796,1.0,0.25
P7__P9__path_1,P7,P9,path_1,9,4.5,6.05,4.76,1.570796,1.0,0.25
P7__P9__path_1,P7,P9,path_1,10,4.79,6.05,5.05,1.570796,1.0,0.25
P7__SORT1__path_1,P7,SORT1,path_1,0,0.0,7.25,1.05,-1.570796,1.0,0.25
P7__SORT1__path_1,P7,SORT1,path_1,1,0.5,7.25,0.55,-1.570796,1.0,0.25
P7__SORT1__path_1,P7,SORT1,path_1,2,1.0,7.65,0.45,0.0,1.0,0.25
P7__SORT1__path_1,P7,SORT1,path_1,3,1.5,8.15,0.45,0.0,1.0,0.25
P7__SORT1__path_1,P7,SORT1,path_1,4,2.0,8.65,0.45,0.0,1.0,0.25
P7__SORT1__path_1,P7,SORT1,path_1,5,2.5,9.062,0.662,0.785398,1.0,0.25
P7__SORT1__path_1,P7,SORT1,path_1,6,3.0,9.25,1.084,1.570796,1.0,0.25
P7__SORT1__path_1,P7,SORT1,path_1,7,3.5,9.45,1.501,1.570796,1.0,0.25
P7__SORT1__path_1,P7,SORT1,path_1,8,4.0,9.65,1.919,1.570796,1.0,0.25
P7__SORT1__path_1,P7,SORT1,path_1,9,4.273,9.75,2.15,1.570796,1.0,0.25
P7__SORT2__path_1,P7,SORT2,path_1,0,0.0,7.25,1.05,1.570796,1.0,0.25
P7__SORT2__path_1,P7,SORT2,path_1,1,0.5,7.25,1.55,1.570796,1.0,0.25
P7__SORT2__path_1,P7,SORT2,path_1,2,1.0,7.25,2.05,1.570796,1.0,0.25
P7__SORT2__path_1,P7,SORT2,path_1,3,1.5,7.25,2.55,1.570796,1.0,0.25
P7__SORT2__path_1,P7,SORT2,path_1,4,2.0,7.25,3.05,1.570796,1.0,0.25
P7__SORT2__path_1,P7,SORT2,path_1,5,2.5,7.55,3.25,0.0,1.0,0.25
P7__SORT2__path_1,P7,SORT2,path_1,6,3.0,8.05,3.25,0.0,1.0,0.25
P7__SORT2__path_1,P7,SORT2,path_1,7,3.5,8.491,3.391,0.785398,1.0,0.25
P7__SORT2__path_1,P7,SORT2,path_1,8,4.0,8.845,3.745,0.785398,1.0,0.25
P7__SORT2__path_1,P7,SORT2,path_1,9,4.5,9.343,3.75,0.0,1.0,0.25
P7__SORT2__path_1,P7,SORT2,path_1,10,5.0,9.816,3.816,0.785398,1.0,0.25
P7__SORT2__path_1,P7,SORT2,path_1,11,5.5,10.257,3.957,0.785398,1.0,0.25
P7__SORT2__path_1,P7,SORT2,path_1,12,5.631,10.35,4.05,0.785398,1.0,0.25
P7__OUT1__path_1,P7,OUT1,path_1,0,0.0,7.25,1.05,-1.570796,1.0,0.25
P7__OUT1__path_1,P7,OUT1,path_1,1,0.5,7.25,0.55,-1.570796,1.0,0.25
P7__OUT1__path_1,P7,OUT1,path_1,2,1.0,7.65,0.45,0.0,1.0,0.25
P7__OUT1__path_1,P7,OUT1,path_1,3,1.5,8.15,0.45,0.0,1.0,0.25
P7__OUT1__path_1,P7,OUT1,path_1,4,2.0,8.65,0.45,0.0,1.0,0.25
P7__OUT1__path_1,P7,OUT1,path_1,5,2.5,9.091,0.591,0.785398,1.0,0.25
P7__OUT1__path_1,P7,OUT1,path_1,6,3.0,9.504,0.804,0.785398,1.0,0.25
P7__OUT1__path_1,P7,OUT1,path_1,7,3.5,9.886,1.086,0.785398,1.0,0.25
P7__OUT1__path_1,P7,OUT1,path_1,8,4.0,10.24,1.44,0.785398,1.0,0.25
P7__OUT1__path_1,P7,OUT1,path_1,9,4.5,10.736,1.45,0.0,1.0,0.25
P7__OUT1__path_1,P7,OUT1,path_1,10,5.0,11.194,1.55,0.0,1.0,0.25
P7__OUT1__path_1,P7,OUT1,path_1,11,5.5,11.612,1.75,0.0,1.0,0.25
P7__OUT1__path_1,P7,OUT1,path_1,12,6.0,12.035,1.935,0.785398,1.0,0.25
P7__OUT1__path_1,P7,OUT1,path_1,13,6.021,12.05,1.95,0.785398,1.0,0.25
P7__OUT2__path_1,P7,OUT2,path_1,0,0.0,7.25,1.05,-1.570796,1.0,0.25
P7__OUT2__path_1,P7,OUT2,path_1,1,0.5,7.25,0.55,-1.570796,1.0,0.25
P7__OUT2__path_1,P7,OUT2,path_1,2,1.0,7.65,0.45,0.0,1.0,0.25
P7__OUT2__path_1,P7,OUT2,path_1,3,1.5,8.15,0.45,0.0,1.0,0.25
P7__OUT2__path_1,P7,OUT2,path_1,4,2.0,8.65,0.45,0.0,1.0,0.25
P7__OUT2__path_1,P7,OUT2,path_1,5,2.5,9.062,0.662,0.785398,1.0,0.25
P7__OUT2__path_1,P7,OUT2,path_1,6,3.0,9.416,1.016,0.785398,1.0,0.25
P7__OUT2__path_1,P7,OUT2,path_1,7,3.5,9.769,1.369,0.785398,1.0,0.25
P7__OUT2__path_1,P7,OUT2,path_1,8,4.0,10.123,1.723,0.785398,1.0,0.25
P7__OUT2__path_1,P7,OUT2,path_1,9,4.5,10.476,2.076,0.785398,1.0,0.25
P7__OUT2__path_1,P7,OUT2,path_1,10,5.0,10.83,2.43,0.785398,1.0,0.25
P7__OUT2__path_1,P7,OUT2,path_1,11,5.5,11.183,2.783,0.785398,1.0,0.25
P7__OUT2__path_1,P7,OUT2,path_1,12,6.0,11.537,3.137,0.785398,1.0,0.25
P7__OUT2__path_1,P7,OUT2,path_1,13,6.5,11.85,3.507,1.570796,1.0,0.25
P7__OUT2__path_1,P7,OUT2,path_1,14,7.0,12.032,3.932,0.785398,1.0,0.25
P7__OUT2__path_1,P7,OUT2,path_1,15,7.025,12.05,3.95,0.785398,1.0,0.25
P7__CHG1__path_1,P7,CHG1,path_1,0,0.0,7.25,1.05,-2.356194,1.0,0.25
P7__CHG1__path_1,P7,CHG1,path_1,1,0.5,6.896,0.696,-2.356194,1.0,0.25
P7__CHG1__path_1,P7,CHG1,path_1,2,1.0,6.657,0.35,3.141593,1.0,0.25
P7__CHG1__path_1,P7,CHG1,path_1,3,1.5,6.157,0.35,3.141593,1.0,0.25
P7__CHG1__path_1,P7,CHG1,path_1,4,2.0,5.699,0.25,3.141593,1.0,0.25
P7__CHG1__path_1,P7,CHG1,path_1,5,2.5,5.199,0.25,3.141593,1.0,0.25
P7__CHG1__path_1,P7,CHG1,path_1,6,3.0,4.699,0.25,3.141593,1.0,0.25
P7__CHG1__path_1,P7,CHG1,path_1,7,3.5,4.199,0.25,3.141593,1.0,0.25
P7__CHG1__path_1,P7,CHG1,path_1,8,4.0,3.699,0.25,3.141593,1.0,0.25
P7__CHG1__path_1,P7,CHG1,path_1,9,4.5,3.199,0.25,3.141593,1.0,0.25
P7__CHG1__path_1,P7,CHG1,path_1,10,5.0,2.699,0.25,3.141593,1.0,0.25
P7__CHG1__path_1,P7,CHG1,path_1,11,5.5,2.199,0.25,3.141593,1.0,0.25
P7__CHG1__path_1,P7,CHG1,path_1,12,6.0,1.699,0.25,3.141593,1.0,0.25
P7__CHG1__path_1,P7,CHG1,path_1,13,6.5,1.24,0.15,3.141593,1.0,0.25
P7__CHG1__path_1,P7,CHG1,path_1,14,6.731,1.05,0.05,3.141593,1.0,0.25
P7__CHG2__path_1,P7,CHG2,path_1,0,0.0,7.25,1.05,-1.570796,1.0,0.25
P7__CHG2__path_1,P7,CHG2,path_1,1,0.5,7.25,0.55,-1.570796,1.0,0.25
P7__CHG2__path_1,P7,CHG2,path_1,2,1.0,7.65,0.45,0.0,1.0,0.25
P7__CHG2__path_1,P7,CHG2,path_1,3,1.5,8.121,0.379,-0.785398,1.0,0.25
P7__CHG2__path_1,P7,CHG2,path_1,4,2.0,8.484,0.05,0.0,1.0,0.25
P7__CHG2__path_1,P7,CHG2,path_1,5,2.5,8.984,0.05,0.0,1.0,0.25
P7__CHG2__path_1,P7,CHG2,path_1,6,2.566,9.05,0.05,0.0,1.0,0.25
P8__IN1__path_1,P8,IN1,path_1,0,0.0,8.85,2.35,-1.570796,1.0,0.25
P8__IN1__path_1,P8,IN1,path_1,1,0.5,8.85,1.85,-1.570796,1.0,0.25
P8__IN1__path_1,P8,IN1,path_1,2,1.0,8.85,1.35,-1.570796,1.0,0.25
P8__IN1__path_1,P8,IN1,path_1,3,1.5,8.85,0.85,-1.570796,1.0,0.25
P8__IN1__path_1,P8,IN1,path_1,4,2.0,8.75,0.45,3.141593,1.0,0.25
P8__IN1__path_1,P8,IN1,path_1,5,2.5,8.25,0.45,3.141593,1.0,0.25
P8__IN1__path_1,P8,IN1,path_1,6,3.0,7.75,0.45,3.141593,1.0,0.25
P8__IN1__path_1,P8,IN1,path_1,7,3.5,7.25,0.45,3.141593,1.0,0.25
P8__IN1__path_1,P8,IN1,path_1,8,4.0,6.779,0.379,-2.356194,1.0,0.25
P8__IN1__path_1,P8,IN1,path_1,9,4.5,6.291,0.35,3.141593,1.0,0.25
P8__IN1__path_1,P8,IN1,path_1,10,5.0,5.791,0.35,3.141593,1.0,0.25
P8__IN1__path_1,P8,IN1,path_1,11,5.5,5.291,0.35,3.141593,1.0,0.25
P8__IN1__path_1,P8,IN1,path_1,12,6.0,4.791,0.35,3.141593,1.0,0.25
P8__IN1__path_1,P8,IN1,path_1,13,6.5,4.333,0.25,3.141593,1.0,0.25
P8__IN1__path_1,P8,IN1,path_1,14,7.0,3.833,0.25,3.141593,1.0,0.25
P8__IN1__path_1,P8,IN1,path_1,15,7.5,3.333,0.25,3.141593,1.0,0.25
P8__IN1__path_1,P8,IN1,path_1,16,8.0,2.833,0.25,3.141593,1.0,0.25
P8__IN1__path_1,P8,IN1,path_1,17,8.5,2.333,0.25,3.141593,1.0,0.25
P8__IN1__path_1,P8,IN1,path_1,18,9.0,1.833,0.25,3.141593,1.0,0.25
P8__IN1__path_1,P8,IN1,path_1,19,9.5,1.416,0.45,3.141593,1.0,0.25
P8__IN1__path_1,P8,IN1,path_1,20,10.0,0.984,0.616,2.356194,1.0,0.25
P8__IN1__path_1,P8,IN1,path_1,21,10.5,0.572,0.828,2.356194,1.0,0.25
P8__IN1__path_1,P8,IN1,path_1,22,11.0,0.131,0.969,2.356194,1.0,0.25
P8__IN1__path_1,P8,IN1,path_1,23,11.114,0.05,1.05,2.356194,1.0,0.25
P8__IN2__path_1,P8,IN2,path_1,0,0.0,8.85,2.35,1.570796,1.0,0.25
P8__IN2__path_1,P8,IN2,path_1,1,0.5,8.85,2.85,1.570796,1.0,0.25
P8__IN2__path_1,P8,IN2,path_1,2,1.0,8.75,3.25,3.141593,1.0,0.25
P8__IN2__path_1,P8,IN2,path_1,3,1.5,8.367,3.533,2.356194,1.0,0.25
P8__IN2__path_1,P8,IN2,path_1,4,2.0,7.999,3.85,3.141593,1.0,0.25
P8__IN2__path_1,P8,IN2,path_1,5,2.5,7.499,3.85,3.141593,1.0,0.25
P8__IN2__path_1,P8,IN2,path_1,6,3.0,6.999,3.85,3.141593,1.0,0.25
P8__IN2__path_1,P8,IN2,path_1,7,3.5,6.572,4.028,2.356194,1.0,0.25
P8__IN2__path_1,P8,IN2,path_1,8,4.0,6.081,4.05,3.141593,1.0,0.25
P8__IN2__path_1,P8,IN2,path_1,9,4.5,5.581,4.05,3.141593,1.0,0.25
P8__IN2__path_1,P8,IN2,path_1,10,5.0,5.081,4.05,3.141593,1.0,0.25
P8__IN2__path_1,P8,IN2,path_1,11,5.5,4.581,4.05,3.141593,1.0,0.25
P8__IN2__path_1,P8,IN2,path_1,12,6.0,4.081,4.05,3.141593,1.0,0.25
P8__IN2__path_1,P8,IN2,path_1,13,6.5,3.581,4.05,3.141593,1.0,0.25
P8__IN2__path_1,P8,IN2,path_1,14,7.0,3.081,4.05,3.141593,1.0,0.25
P8__IN2__path_1,P8,IN2,path_1,15,7.5,2.581,4.05,3.141593,1.0,0.25
P8__IN2__path_1,P8,IN2,path_1,16,8.0,2.081,4.05,3.141593,1.0,0.25
P8__IN2__path_1,P8,IN2,path_1,17,8.5,1.66,4.24,2.356194,1.0,0.25
P8__IN2__path_1,P8,IN2,path_1,18,9.0,1.247,4.45,3.141593,1.0,0.25
P8__IN2__path_1,P8,IN2,path_1,19,9.5,0.806,4.594,2.356194,1.0,0.25
P8__IN2__path_1,P8,IN2,path_1,20,10.0,0.394,4.806,2.356194,1.0,0.25
P8__IN2__path_1,P8,IN2,path_1,21,10.404,0.05,4.95,2.356194,1.0,0.25
P8__P1__path_1,P8,P1,path_1,0,0.0,8.85,2.35,-1.570796,1.0,0.25
P8__P1__path_1,P8,P1,path_1,1,0.5,8.85,1.85,-1.570796,1.0,0.25
P8__P1__path_1,P8,P1,path_1,2,1.0,8.85,1.35,-1.570796,1.0,0.25
P8__P1__path_1,P8,P1,path_1,3,1.5,8.85,0.85,-1.570796,1.0,0.25
P8__P1__path_1,P8,P1,path_1,4,2.0,8.75,0.45,3.141593,1.0,0.25
P8__P1__path_1,P8,P1,path_1,5,2.5,8.25,0.45,3.141593,1.0,0.25
P8__P1__path_1,P8,P1,path_1,6,3.0,7.75,0.45,3.141593,1.0,0.25
P8__P1__path_1,P8,P1,path_1,7,3.5,7.25,0.45,3.141593,1.0,0.25
P8__P1__path_1,P8,P1,path_1,8,4.0,6.779,0.379,-2.356194,1.0,0.25
P8__P1__path_1,P8,P1,path_1,9,4.5,6.291,0.35,3.141593,1.0,0.25
P8__P1__path_1,P8,P1,path_1,10,5.0,5.791,0.35,3.141593,1.0,0.25
P8__P1__path_1,P8,P1,path_1,11,5.5,5.291,0.35,3.141593,1.0,0.25
P8__P1__path_1,P8,P1,path_1,12,6.0,4.791,0.35,3.141593,1.0,0.25
P8__P1__path_1,P8,P1,path_1,13,6.5,4.333,0.25,3.141593,1.0,0.25
P8__P1__path_1,P8,P1,path_1,14,7.0,3.833,0.25,3.141593,1.0,0.25
P8__P1__path_1,P8,P1,path_1,15,7.5,3.333,0.25,3.141593,1.0,0.25
P8__P1__path_1,P8,P1,path_1,16,8.0,3.05,0.467,1.570796,1.0,0.25
P8__P1__path_1,P8,P1,path_1,17,8.5,2.967,0.933,2.356194,1.0,0.25
P8__P1__path_1,P8,P1,path_1,18,8.524,2.95,0.95,2.356194,1.0,0.25
P8__P2__path_1,P8,P2,path_1,0,0.0,8.85,2.35,1.570796,1.0,0.25
P8__P2__path_1,P8,P2,path_1,1,0.5,8.85,2.85,1.570796,1.0,0.25
P8__P2__path_1,P8,P2,path_1,2,1.0,8.75,3.25,3.141593,1.0,0.25
P8__P2__path_1,P8,P2,path_1,3,1.5,8.367,3.533,2.356194,1.0,0.25
P8__P2__path_1,P8,P2,path_1,4,2.0,7.999,3.85,3.141593,1.0,0.25
P8__P2__path_1,P8,P2,path_1,5,2.5,7.499,3.85,3.141593,1.0,0.25
P8__P2__path_1,P8,P2,path_1,6,3.0,6.999,3.85,3.141593,1.0,0.25
P8__P2__path_1,P8,P2,path_1,7,3.5,6.572,4.028,2.356194,1.0,0.25
P8__P2__path_1,P8,P2,path_1,8,4.0,6.081,4.05,3.141593,1.0,0.25
P8__P2__path_1,P8,P2,path_1,9,4.5,5.581,4.05,3.141593,1.0,0.25
P8__P2__path_1,P8,P2,path_1,10,5.0,5.081,4.05,3.141593,1.0,0.25
P8__P2__path_1,P8,P2,path_1,11,5.5,4.75,3.881,-1.570796,1.0,0.25
P8__P2__path_1,P8,P2,path_1,12,6.0,4.75,3.381,-1.570796,1.0,0.25
P8__P2__path_1,P8,P2,path_1,13,6.5,4.75,2.881,-1.570796,1.0,0.25
P8__P2__path_1,P8,P2,path_1,14,7.0,4.631,2.431,-2.356194,1.0,0.25
P8__P2__path_1,P8,P2,path_1,15,7.114,4.55,2.35,-2.356194,1.0,0.25
P8__P3__path_1,P8,P3,path_1,0,0.0,8.85,2.35,1.570796,1.0,0.25
P8__P3__path_1,P8,P3,path_1,1,0.5,8.85,2.85,1.570796,1.0,0.25
P8__P3__path_1,P8,P3,path_1,2,1.0,8.75,3.25,3.141593,1.0,0.25
P8__P3__path_1,P8,P3,path_1,3,1.5,8.367,3.533,2.356194,1.0,0.25
P8__P3__path_1,P8,P3,path_1,4,2.0,7.999,3.85,3.141593,1.0,0.25
P8__P3__path_1,P8,P3,path_1,5,2.5,7.499,3.85,3.141593,1.0,0.25
P8__P3__path_1,P8,P3,path_1,6,3.0,6.999,3.85,3.141593,1.0,0.25
P8__P3__path_1,P8,P3,path_1,7,3.5,6.572,4.028,2.356194,1.0,0.25
P8__P3__path_1,P8,P3,path_1,8,4.0,6.081,4.05,3.141593,1.0,0.25
P8__P3__path_1,P8,P3,path_1,9,4.5,5.623,4.15,3.141593,1.0,0.25
P8__P3__path_1,P8,P3,path_1,10,5.0,5.123,4.15,3.141593,1.0,0.25
P8__P3__path_1,P8,P3,path_1,11,5.5,4.623,4.15,3.141593,1.0,0.25
P8__P3__path_1,P8,P3,path_1,12,6.0,4.123,4.15,3.141593,1.0,0.25
P8__P3__path_1,P8,P3,path_1,13,6.5,3.623,4.15,3.141593,1.0,0.25
P8__P3__path_1,P8,P3,path_1,14,7.0,3.55,4.577,1.570796,1.0,0.25
P8__P3__path_1,P8,P3,path_1,15,7.5,3.55,5.077,1.570796,1.0,0.25
P8__P3__path_1,P8,P3,path_1,16,7.673,3.55,5.25,1.570796,1.0,0.25
P8__P4__path_1,P8,P4,path_1,0,0.0,8.85,2.35,-1.570796,1.0,0.25
P8__P4__path_1,P8,P4,path_1,1,0.5,8.85,1.85,-1.570796,1.0,0.25
P8__P4__path_1,P8,P4,path_1,2,1.0,8.85,1.35,-1.570796,1.0,0.25
P8__P4__path_1,P8,P4,path_1,3,1.5,8.85,0.85,-1.570796,1.0,0.25
P8__P4__path_1,P8,P4,path_1,4,2.0,8.75,0.45,3.141593,1.0,0.25
P8__P4__path_1,P8,P4,path_1,5,2.5,8.25,0.45,3.141593,1.0,0.25
P8__P4__path_1,P8,P4,path_1,6,3.0,7.75,0.45,3.141593,1.0,0.25
P8__P4__path_1,P8,P4,path_1,7,3.5,7.25,0.45,3.141593,1.0,0.25
P8__P4__path_1,P8,P4,path_1,8,4.0,6.779,0.379,-2.356194,1.0,0.25
P8__P4__path_1,P8,P4,path_1,9,4.5,6.291,0.35,3.141593,1.0,0.25
P8__P4__path_1,P8,P4,path_1,10,5.0,5.791,0.35,3.141593,1.0,0.25
P8__P4__path_1,P8,P4,path_1,11,5.5,5.291,0.35,3.141593,1.0,0.25
P8__P4__path_1,P8,P4,path_1,12,6.0,4.95,0.509,1.570796,1.0,0.25
P8__P4__path_1,P8,P4,path_1,13,6.5,4.95,1.009,1.570796,1.0,0.25
P8__P4__path_1,P8,P4,path_1,14,6.841,4.95,1.35,1.570796,1.0,0.25
P8__P5__path_1,P8,P5,path_1,0,0.0,8.85,2.35,1.570796,1.0,0.25
P8__P5__path_1,P8,P5,path_1,1,0.5,8.85,2.85,1.570796,1.0,0.25
P8__P5__path_1,P8,P5,path_1,2,1.0,8.75,3.25,3.141593,1.0,0.25
P8__P5__path_1,P8,P5,path_1,3,1.5,8.367,3.533,2.356194,1.0,0.25
P8__P5__path_1,P8,P5,path_1,4,2.0,7.999,3.85,3.141593,1.0,0.25
P8__P5__path_1,P8,P5,path_1,5,2.5,7.499,3.85,3.141593,1.0,0.25
P8__P5__path_1,P8,P5,path_1,6,3.0,6.999,3.85,3.141593,1.0,0.25
P8__P5__path_1,P8,P5,path_1,7,3.5,6.572,4.028,2.356194,1.0,0.25
P8__P5__path_1,P8,P5,path_1,8,4.0,6.081,4.05,3.141593,1.0,0.25
P8__P5__path_1,P8,P5,path_1,9,4.431,5.65,4.05,3.141593,1.0,0.25
P8__P6__path_1,P8,P6,path_1,0,0.0,8.85,2.35,1.570796,1.0,0.25
P8__P6__path_1,P8,P6,path_1,1,0.5,8.85,2.85,1.570796,1.0,0.25
P8__P6__path_1,P8,P6,path_1,2,1.0,8.85,3.35,1.570796,1.0,0.25
P8__P6__path_1,P8,P6,path_1,3,1.5,8.567,3.733,2.356194,1.0,0.25
P8__P6__path_1,P8,P6,path_1,4,2.0,8.25,4.101,1.570796,1.0,0.25
P8__P6__path_1,P8,P6,path_1,5,2.5,8.25,4.601,1.570796,1.0,0.25
P8__P6__path_1,P8,P6,path_1,6,3.0,8.25,5.101,1.570796,1.0,0.25
P8__P6__path_1,P8,P6,path_1,7,3.5,8.25,5.601,1.570796,1.0,0.25
P8__P6__path_1,P8,P6,path_1,8,3.949,7.95,5.75,1.570796,1.0,0.25
P8__P7__path_1,P8,P7,path_1,0,0.0,8.85,2.35,-1.570796,1.0,0.25
P8__P7__path_1,P8,P7,path_1,1,0.5,8.85,1.85,-1.570796,1.0,0.25
P8__P7__path_1,P8,P7,path_1,2,1.0,8.85,1.35,-1.570796,1.0,0.25
P8__P7__path_1,P8,P7,path_1,3,1.5,8.85,0.85,-1.570796,1.0,0.25
P8__P7__path_1,P8,P7,path_1,4,2.0,8.75,0.45,3.141593,1.0,0.25
P8__P7__path_1,P8,P7,path_1,5,2.5,8.25,0.45,3.141593,1.0,0.25
P8__P7__path_1,P8,P7,path_1,6,3.0,7.75,0.45,3.141593,1.0,0.25
P8__P7__path_1,P8,P7,path_1,7,3.5,7.25,0.45,3.141593,1.0,0.25
P8__P7__path_1,P8,P7,path_1,8,4.0,7.25,0.95,1.570796,1.0,0.25
P8__P7__path_1,P8,P7,path_1,9,4.1,7.25,1.05,1.570796,1.0,0.25
P8__P9__path_1,P8,P9,path_1,0,0.0,8.85,2.35,1.570796,1.0,0.25
P8__P9__path_1,P8,P9,path_1,1,0.5,8.85,2.85,1.570796,1.0,0.25
P8__P9__path_1,P8,P9,path_1,2,1.0,8.779,3.321,2.356194,1.0,0.25
P8__P9__path_1,P8,P9,path_1,3,1.5,8.426,3.674,2.356194,1.0,0.25
P8__P9__path_1,P8,P9,path_1,4,2.0,8.072,4.028,2.356194,1.0,0.25
P8__P9__path_1,P8,P9,path_1,5,2.5,7.581,4.05,3.141593,1.0,0.25
P8__P9__path_1,P8,P9,path_1,6,3.0,7.081,4.05,3.141593,1.0,0.25
P8__P9__path_1,P8,P9,path_1,7,3.5,6.581,4.05,3.141593,1.0,0.25
P8__P9__path_1,P8,P9,path_1,8,4.0,6.081,4.05,3.141593,1.0,0.25
P8__P9__path_1,P8,P9,path_1,9,4.5,6.05,4.519,1.570796,1.0,0.25
P8__P9__path_1,P8,P9,path_1,10,5.0,6.05,5.019,1.570796,1.0,0.25
P8__P9__path_1,P8,P9,path_1,11,5.031,6.05,5.05,1.570796,1.0,0.25
P8__SORT1__path_1,P8,SORT1,path_1,0,0.0,8.85,2.35,0.0,1.0,0.25
P8__SORT1__path_1,P8,SORT1,path_1,1,0.5,9.309,2.25,0.0,1.0,0.25
P8__SORT1__path_1,P8,SORT1,path_1,2,0.983,9.75,2.15,0.0,1.0,0.25
P8__SORT2__path_1,P8,SORT2,path_1,0,0.0,8.85,2.35,0.785398,1.0,0.25
P8__SORT2__path_1,P8,SORT2,path_1,1,0.5,9.204,2.704,0.785398,1.0,0.25
P8__SORT2__path_1,P8,SORT2,path_1,2,1.0,9.557,3.057,0.785398,1.0,0.25
P8__SORT2__path_1,P8,SORT2,path_1,3,1.5,9.911,3.411,0.785398,1.0,0.25
P8__SORT2__path_1,P8,SORT2,path_1,4,2.0,10.25,3.77,1.570796,1.0,0.25
P8__SORT2__path_1,P8,SORT2,path_1,5,2.321,10.35,4.05,1.570796,1.0,0.25
P8__OUT1__path_1,P8,OUT1,path_1,0,0.0,8.85,2.35,0.0,1.0,0.25
P8__OUT1__path_1,P8,OUT1,path_1,1,0.5,9.35,2.35,0.0,1.0,0.25
P8__OUT1__path_1,P8,OUT1,path_1,2,1.0,9.85,2.35,0.0,1.0,0.25
P8__OUT1__path_1,P8,OUT1,path_1,3,1.5,10.321,2.279,-0.785398,1.0,0.25
P8__OUT1__path_1,P8,OUT1,path_1,4,2.0,10.684,1.95,0.0,1.0,0.25
P8__OUT1__path_1,P8,OUT1,path_1,5,2.5,11.184,1.95,0.0,1.0,0.25
P8__OUT1__path_1,P8,OUT1,path_1,6,3.0,11.684,1.95,0.0,1.0,0.25
P8__OUT1__path_1,P8,OUT1,path_1,7,3.366,12.05,1.95,0.0,1.0,0.25
P8__OUT2__path_1,P8,OUT2,path_1,0,0.0,8.85,2.35,0.785398,1.0,0.25
P8__OUT2__path_1,P8,OUT2,path_1,1,0.5,9.226,2.65,0.0,1.0,0.25
P8__OUT2__path_1,P8,OUT2,path_1,2,1.0,9.726,2.65,0.0,1.0,0.25
P8__OUT2__path_1,P8,OUT2,path_1,3,1.5,10.086,2.986,0.785398,1.0,0.25
P8__OUT2__path_1,P8,OUT2,path_1,4,2.0,10.477,3.25,0.0,1.0,0.25
P8__OUT2__path_1,P8,OUT2,path_1,5,2.5,10.894,3.45,0.0,1.0,0.25
P8__OUT2__path_1,P8,OUT2,path_1,6,3.0,11.323,3.623,0.785398,1.0,0.25
P8__OUT2__path_1,P8,OUT2,path_1,7,3.5,11.735,3.835,0.785398,1.0,0.25
P8__OUT2__path_1,P8,OUT2,path_1,8,3.863,12.05,3.95,0.785398,1.0,0.25
P8__CHG1__path_1,P8,CHG1,path_1,0,0.0,8.85,2.35,-1.570796,1.0,0.25
P8__CHG1__path_1,P8,CHG1,path_1,1,0.5,8.85,1.85,-1.570796,1.0,0.25
P8__CHG1__path_1,P8,CHG1,path_1,2,1.0,8.85,1.35,-1.570796,1.0,0.25
P8__CHG1__path_1,P8,CHG1,path_1,3,1.5,8.85,0.85,-1.570796,1.0,0.25
P8__CHG1__path_1,P8,CHG1,path_1,4,2.0,8.75,0.45,3.141593,1.0,0.25
P8__CHG1__path_1,P8,CHG1,path_1,5,2.5,8.25,0.45,3.141593,1.0,0.25
P8__CHG1__path_1,P8,CHG1,path_1,6,3.0,7.75,0.45,3.141593,1.0,0.25
P8__CHG1__path_1,P8,CHG1,path_1,7,3.5,7.25,0.45,3.141593,1.0,0.25
P8__CHG1__path_1,P8,CHG1,path_1,8,4.0,6.779,0.379,-2.356194,1.0,0.25
P8__CHG1__path_1,P8,CHG1,path_1,9,4.5,6.291,0.35,3.141593,1.0,0.25
P8__CHG1__path_1,P8,CHG1,path_1,10,5.0,5.791,0.35,3.141593,1.0,0.25
P8__CHG1__path_1,P8,CHG1,path_1,11,5.5,5.291,0.35,3.141593,1.0,0.25
P8__CHG1__path_1,P8,CHG1,path_1,12,6.0,4.791,0.35,3.141593,1.0,0.25
P8__CHG1__path_1,P8,CHG1,path_1,13,6.5,4.333,0.25,3.141593,1.0,0.25
P8__CHG1__path_1,P8,CHG1,path_1,14,7.0,3.833,0.25,3.141593,1.0,0.25
P8__CHG1__path_1,P8,CHG1,path_1,15,7.5,3.333,0.25,3.141593,1.0,0.25
P8__CHG1__path_1,P8,CHG1,path_1,16,8.0,2.833,0.25,3.141593,1.0,0.25
P8__CHG1__path_1,P8,CHG1,path_1,17,8.5,2.333,0.25,3.141593,1.0,0.25
P8__CHG1__path_1,P8,CHG1,path_1,18,9.0,1.833,0.25,3.141593,1.0,0.25
P8__CHG1__path_1,P8,CHG1,path_1,19,9.5,1.367,0.167,-2.356194,1.0,0.25
P8__CHG1__path_1,P8,CHG1,path_1,20,9.866,1.05,0.05,-2.356194,1.0,0.25
P8__CHG2__path_1,P8,CHG2,path_1,0,0.0,8.85,2.35,-1.570796,1.0,0.25
P8__CHG2__path_1,P8,CHG2,path_1,1,0.5,8.85,1.85,-1.570796,1.0,0.25
P8__CHG2__path_1,P8,CHG2,path_1,2,1.0,8.85,1.35,-1.570796,1.0,0.25
P8__CHG2__path_1,P8,CHG2,path_1,3,1.5,8.85,0.85,-1.570796,1.0,0.25
P8__CHG2__path_1,P8,CHG2,path_1,4,2.0,9.05,0.433,-1.570796,1.0,0.25
P8__CHG2__path_1,P8,CHG2,path_1,5,2.383,9.05,0.05,-1.570796,1.0,0.25
P9__IN1__path_1,P9,IN1,path_1,0,0.0,6.05,5.05,-2.356194,1.0,0.25
P9__IN1__path_1,P9,IN1,path_1,1,0.5,5.696,4.696,-2.356194,1.0,0.25
P9__IN1__path_1,P9,IN1,path_1,2,1.0,5.555,4.255,-2.356194,1.0,0.25
P9__IN1__path_1,P9,IN1,path_1,3,1.5,5.199,4.05,3.141593,1.0,0.25
P9__IN1__path_1,P9,IN1,path_1,4,2.0,4.714,4.014,-2.356194,1.0,0.25
P9__IN1__path_1,P9,IN1,path_1,5,2.5,4.36,3.66,-2.356194,1.0,0.25
P9__IN1__path_1,P9,IN1,path_1,6,3.0,4.006,3.306,-2.356194,1.0,0.25
P9__IN1__path_1,P9,IN1,path_1,7,3.5,3.571,3.15,3.141593,1.0,0.25
P9__IN1__path_1,P9,IN1,path_1,8,4.0,3.071,3.15,3.141593,1.0,0.25
P9__IN1__path_1,P9,IN1,path_1,9,4.5,2.712,2.812,-2.356194,1.0,0.25
P9__IN1__path_1,P9,IN1,path_1,10,5.0,2.358,2.458,-2.356194,1.0,0.25
P9__IN1__path_1,P9,IN1,path_1,11,5.5,2.004,2.104,-2.356194,1.0,0.25
P9__IN1__path_1,P9,IN1,path_1,12,6.0,1.651,1.751,-2.356194,1.0,0.25
P9__IN1__path_1,P9,IN1,path_1,13,6.5,1.234,1.55,3.141593,1.0,0.25
P9__IN1__path_1,P9,IN1,path_1,14,7.0,0.797,1.397,-2.356194,1.0,0.25
P9__IN1__path_1,P9,IN1,path_1,15,7.5,0.385,1.185,-2.356194,1.0,0.25
P9__IN1__path_1,P9,IN1,path_1,16,7.891,0.05,1.05,-2.356194,1.0,0.25
P9__IN2__path_1,P9,IN2,path_1,0,0.0,6.05,5.05,-2.356194,1.0,0.25
P9__IN2__path_1,P9,IN2,path_1,1,0.5,5.696,4.696,-2.356194,1.0,0.25
P9__IN2__path_1,P9,IN2,path_1,2,1.0,5.555,4.255,-2.356194,1.0,0.25
P9__IN2__path_1,P9,IN2,path_1,3,1.5,5.157,4.15,3.141593,1.0,0.25
P9__IN2__path_1,P9,IN2,path_1,4,2.0,4.657,4.15,3.141593,1.0,0.25
P9__IN2__path_1,P9,IN2,path_1,5,2.5,4.157,4.15,3.141593,1.0,0.25
P9__IN2__path_1,P9,IN2,path_1,6,3.0,3.657,4.15,3.141593,1.0,0.25
P9__IN2__path_1,P9,IN2,path_1,7,3.5,3.214,4.286,2.356194,1.0,0.25
P9__IN2__path_1,P9,IN2,path_1,8,4.0,2.86,4.64,2.356194,1.0,0.25
P9__IN2__path_1,P9,IN2,path_1,9,4.5,2.364,4.65,3.141593,1.0,0.25
P9__IN2__path_1,P9,IN2,path_1,10,5.0,1.864,4.65,3.141593,1.0,0.25
P9__IN2__path_1,P9,IN2,path_1,11,5.5,1.364,4.65,3.141593,1.0,0.25
P9__IN2__path_1,P9,IN2,path_1,12,6.0,0.864,4.65,3.141593,1.0,0.25
P9__IN2__path_1,P9,IN2,path_1,13,6.5,0.419,4.781,2.356194,1.0,0.25
P9__IN2__path_1,P9,IN2,path_1,14,6.938,0.05,4.95,2.356194,1.0,0.25
P9__P1__path_1,P9,P1,path_1,0,0.0,6.05,5.05,-2.356194,1.0,0.25
P9__P1__path_1,P9,P1,path_1,1,0.5,5.696,4.696,-2.356194,1.0,0.25
P9__P1__path_1,P9,P1,path_1,2,1.0,5.555,4.255,-2.356194,1.0,0.25
P9__P1__path_1,P9,P1,path_1,3,1.5,5.199,4.05,3.141593,1.0,0.25
P9__P1__path_1,P9,P1,path_1,4,2.0,4.714,4.014,-2.356194,1.0,0.25
P9__P1__path_1,P9,P1,path_1,5,2.5,4.36,3.66,-2.356194,1.0,0.25
P9__P1__path_1,P9,P1,path_1,6,3.0,4.006,3.306,-2.356194,1.0,0.25
P9__P1__path_1,P9,P1,path_1,7,3.5,3.571,3.15,3.141593,1.0,0.25
P9__P1__path_1,P9,P1,path_1,8,4.0,3.071,3.15,3.141593,1.0,0.25
P9__P1__path_1,P9,P1,path_1,9,4.5,3.05,2.671,-1.570796,1.0,0.25
P9__P1__path_1,P9,P1,path_1,10,5.0,3.05,2.171,-1.570796,1.0,0.25
P9__P1__path_1,P9,P1,path_1,11,5.5,3.05,1.671,-1.570796,1.0,0.25
P9__P1__path_1,P9,P1,path_1,12,6.0,3.05,1.171,-1.570796,1.0,0.25
P9__P1__path_1,P9,P1,path_1,13,6.263,2.95,0.95,-1.570796,1.0,0.25
P9__P2__path_1,P9,P2,path_1,0,0.0,6.05,5.05,-2.356194,1.0,0.25
P9__P2__path_1,P9,P2,path_1,1,0.5,5.696,4.696,-2.356194,1.0,0.25
P9__P2__path_1,P9,P2,path_1,2,1.0,5.555,4.255,-2.356194,1.0,0.25
P9__P2__path_1,P9,P2,path_1,3,1.5,5.199,4.05,3.141593,1.0,0.25
P9__P2__path_1,P9,P2,path_1,4,2.0,4.75,3.999,-1.570796,1.0,0.25
P9__P2__path_1,P9,P2,path_1,5,2.5,4.75,3.499,-1.570796,1.0,0.25
P9__P2__path_1,P9,P2,path_1,6,3.0,4.75,2.999,-1.570796,1.0,0.25
P9__P2__path_1,P9,P2,path_1,7,3.5,4.65,2.54,-1.570796,1.0,0.25
P9__P2__path_1,P9,P2,path_1,8,3.731,4.55,2.35,-1.570796,1.0,0.25
P9__P3__path_1,P9,P3,path_1,0,0.0,6.05,5.05,-2.356194,1.0,0.25
P9__P3__path_1,P9,P3,path_1,1,0.5,5.696,4.696,-2.356194,1.0,0.25
P9__P3__path_1,P9,P3,path_1,2,1.0,5.555,4.255,-2.356194,1.0,0.25
P9__P3__path_1,P9,P3,path_1,3,1.5,5.157,4.15,3.141593,1.0,0.25
P9__P3__path_1,P9,P3,path_1,4,2.0,4.657,4.15,3.141593,1.0,0.25
P9__P3__path_1,P9,P3,path_1,5,2.5,4.157,4.15,3.141593,1.0,0.25
P9__P3__path_1,P9,P3,path_1,6,3.0,3.657,4.15,3.141593,1.0,0.25
P9__P3__path_1,P9,P3,path_1,7,3.5,3.55,4.543,1.570796,1.0,0.25
P9__P3__path_1,P9,P3,path_1,8,4.0,3.55,5.043,1.570796,1.0,0.25
P9__P3__path_1,P9,P3,path_1,9,4.207,3.55,5.25,1.570796,1.0,0.25
P9__P4__path_1,P9,P4,path_1,0,0.0,6.05,5.05,-2.356194,1.0,0.25
P9__P4__path_1,P9,P4,path_1,1,0.5,5.75,4.674,-1.570796,1.0,0.25
P9__P4__path_1,P9,P4,path_1,2,1.0,5.626,4.226,-2.356194,1.0,0.25
P9__P4__path_1,P9,P4,path_1,3,1.5,5.199,4.05,3.141593,1.0,0.25
P9__P4__path_1,P9,P4,path_1,4,2.0,4.75,3.999,-1.570796,1.0,0.25
P9__P4__path_1,P9,P4,path_1,5,2.5,4.75,3.499,-1.570796,1.0,0.25
P9__P4__path_1,P9,P4,path_1,6,3.0,4.75,2.999,-1.570796,1.0,0.25
P9__P4__path_1,P9,P4,path_1,7,3.5,4.75,2.499,-1.570796,1.0,0.25
P9__P4__path_1,P9,P4,path_1,8,4.0,4.75,1.999,-1.570796,1.0,0.25
P9__P4__path_1,P9,P4,path_1,9,4.5,4.85,1.54,-1.570796,1.0,0.25
P9__P4__path_1,P9,P4,path_1,10,4.731,4.95,1.35,-1.570796,1.0,0.25
P9__P5__path_1,P9,P5,path_1,0,0.0,6.05,5.05,-2.356194,1.0,0.25
P9__P5__path_1,P9,P5,path_1,1,0.5,5.75,4.674,-1.570796,1.0,0.25
P9__P5__path_1,P9,P5,path_1,2,1.0,5.75,4.174,-1.570796,1.0,0.25
P9__P5__path_1,P9,P5,path_1,3,1.166,5.65,4.05,-1.570796,1.0,0.25
P9__P6__path_1,P9,P6,path_1,0,0.0,6.05,5.05,1.570796,1.0,0.25
P9__P6__path_1,P9,P6,path_1,1,0.5,6.05,5.55,1.570796,1.0,0.25
P9__P6__path_1,P9,P6,path_1,2,1.0,6.35,5.75,0.0,1.0,0.25
P9__P6__path_1,P9,P6,path_1,3,1.5,6.85,5.75,0.0,1.0,0.25
P9__P6__path_1,P9,P6,path_1,4,2.0,7.35,5.75,0.0,1.0,0.25
P9__P6__path_1,P9,P6,path_1,5,2.5,7.85,5.75,0.0,1.0,0.25
P9__P6__path_1,P9,P6,path_1,6,2.6,7.95,5.75,0.0,1.0,0.25
P9__P7__path_1,P9,P7,path_1,0,0.0,6.05,5.05,-1.570796,1.0,0.25
P9__P7__path_1,P9,P7,path_1,1,0.5,6.05,4.55,-1.570796,1.0,0.25
P9__P7__path_1,P9,P7,path_1,2,1.0,6.05,4.05,-1.570796,1.0,0.25
P9__P7__path_1,P9,P7,path_1,3,1.5,6.55,4.05,0.0,1.0,0.25
P9__P7__path_1,P9,P7,path_1,4,2.0,6.75,3.633,-1.570796,1.0,0.25
P9__P7__path_1,P9,P7,path_1,5,2.5,6.75,3.133,-1.570796,1.0,0.25
P9__P7__path_1,P9,P7,path_1,6,3.0,6.75,2.633,-1.570796,1.0,0.25
P9__P7__path_1,P9,P7,path_1,7,3.5,6.75,2.133,-1.570796,1.0,0.25
P9__P7__path_1,P9,P7,path_1,8,4.0,6.95,1.716,-1.570796,1.0,0.25
P9__P7__path_1,P9,P7,path_1,9,4.5,7.15,1.299,-1.570796,1.0,0.25
P9__P7__path_1,P9,P7,path_1,10,4.79,7.25,1.05,-1.570796,1.0,0.25
P9__P8__path_1,P9,P8,path_1,0,0.0,6.05,5.05,-1.570796,1.0,0.25
P9__P8__path_1,P9,P8,path_1,1,0.5,6.05,4.55,-1.570796,1.0,0.25
P9__P8__path_1,P9,P8,path_1,2,1.0,6.05,4.05,-1.570796,1.0,0.25
P9__P8__path_1,P9,P8,path_1,3,1.5,6.55,4.05,0.0,1.0,0.25
P9__P8__path_1,P9,P8,path_1,4,2.0,6.904,3.696,-0.785398,1.0,0.25
P9__P8__path_1,P9,P8,path_1,5,2.5,7.257,3.343,-0.785398,1.0,0.25
P9__P8__path_1,P9,P8,path_1,6,3.0,7.719,3.25,0.0,1.0,0.25
P9__P8__path_1,P9,P8,path_1,7,3.5,8.219,3.25,0.0,1.0,0.25
P9__P8__path_1,P9,P8,path_1,8,4.0,8.719,3.25,0.0,1.0,0.25
P9__P8__path_1,P9,P8,path_1,9,4.5,8.85,2.881,-1.570796,1.0,0.25
P9__P8__path_1,P9,P8,path_1,10,5.0,8.85,2.381,-1.570796,1.0,0.25
P9__P8__path_1,P9,P8,path_1,11,5.031,8.85,2.35,-1.570796,1.0,0.25
P9__SORT1__path_1,P9,SORT1,path_1,0,0.0,6.05,5.05,-1.570796,1.0,0.25
P9__SORT1__path_1,P9,SORT1,path_1,1,0.5,6.05,4.55,-1.570796,1.0,0.25
P9__SORT1__path_1,P9,SORT1,path_1,2,1.0,6.05,4.05,-1.570796,1.0,0.25
P9__SORT1__path_1,P9,SORT1,path_1,3,1.5,6.55,4.05,0.0,1.0,0.25
P9__SORT1__path_1,P9,SORT1,path_1,4,2.0,6.904,3.696,-0.785398,1.0,0.25
P9__SORT1__path_1,P9,SORT1,path_1,5,2.5,7.257,3.343,-0.785398,1.0,0.25
P9__SORT1__path_1,P9,SORT1,path_1,6,3.0,7.719,3.25,0.0,1.0,0.25
P9__SORT1__path_1,P9,SORT1,path_1,7,3.5,8.219,3.25,0.0,1.0,0.25
P9__SORT1__path_1,P9,SORT1,path_1,8,4.0,8.719,3.25,0.0,1.0,0.25
P9__SORT1__path_1,P9,SORT1,path_1,9,4.5,9.111,2.989,-0.785398,1.0,0.25
P9__SORT1__path_1,P9,SORT1,path_1,10,5.0,9.464,2.636,-0.785398,1.0,0.25
P9__SORT1__path_1,P9,SORT1,path_1,11,5.5,9.676,2.224,-0.785398,1.0,0.25
P9__SORT1__path_1,P9,SORT1,path_1,12,5.604,9.75,2.15,-0.785398,1.0,0.25
P9__SORT2__path_1,P9,SORT2,path_1,0,0.0,6.05,5.05,-1.570796,1.0,0.25
P9__SORT2__path_1,P9,SORT2,path_1,1,0.5,6.05,4.55,-1.570796,1.0,0.25
P9__SORT2__path_1,P9,SORT2,path_1,2,1.0,6.05,4.05,-1.570796,1.0,0.25
P9__SORT2__path_1,P9,SORT2,path_1,3,1.5,6.55,4.05,0.0,1.0,0.25
P9__SORT2__path_1,P9,SORT2,path_1,4,2.0,7.05,4.05,0.0,1.0,0.25
P9__SORT2__path_1,P9,SORT2,path_1,5,2.5,7.55,4.05,0.0,1.0,0.25
P9__SORT2__path_1,P9,SORT2,path_1,6,3.0,8.05,4.05,0.0,1.0,0.25
P9__SORT2__path_1,P9,SORT2,path_1,7,3.5,8.55,4.05,0.0,1.0,0.25
P9__SORT2__path_1,P9,SORT2,path_1,8,4.0,9.05,4.05,0.0,1.0,0.25
P9__SORT2__path_1,P9,SORT2,path_1,9,4.5,9.55,4.05,0.0,1.0,0.25
P9__SORT2__path_1,P9,SORT2,path_1,10,5.0,10.05,4.05,0.0,1.0,0.25
P9__SORT2__path_1,P9,SORT2,path_1,11,5.3,10.35,4.05,0.0,1.0,0.25
P9__OUT1__path_1,P9,OUT1,path_1,0,0.0,6.05,5.05,-1.570796,1.0,0.25
P9__OUT1__path_1,P9,OUT1,path_1,1,0.5,6.05,4.55,-1.570796,1.0,0.25
P9__OUT1__path_1,P9,OUT1,path_1,2,1.0,6.05,4.05,-1.570796,1.0,0.25
P9__OUT1__path_1,P9,OUT1,path_1,3,1.5,6.55,4.05,0.0,1.0,0.25
P9__OUT1__path_1,P9,OUT1,path_1,4,2.0,6.967,3.85,0.0,1.0,0.25
P9__OUT1__path_1,P9,OUT1,path_1,5,2.5,7.467,3.85,0.0,1.0,0.25
P9__OUT1__path_1,P9,OUT1,path_1,6,3.0,7.962,3.838,-0.785398,1.0,0.25
P9__OUT1__path_1,P9,OUT1,path_1,7,3.5,8.374,3.626,-0.785398,1.0,0.25
P9__OUT1__path_1,P9,OUT1,path_1,8,4.0,8.728,3.272,-0.785398,1.0,0.25
P9__OUT1__path_1,P9,OUT1,path_1,9,4.5,9.219,3.25,0.0,1.0,0.25
P9__OUT1__path_1,P9,OUT1,path_1,10,5.0,9.636,3.05,0.0,1.0,0.25
P9__OUT1__path_1,P9,OUT1,path_1,11,5.5,10.053,2.85,0.0,1.0,0.25
P9__OUT1__path_1,P9,OUT1,path_1,12,6.0,10.47,2.65,0.0,1.0,0.25
P9__OUT1__path_1,P9,OUT1,path_1,13,6.5,10.887,2.45,0.0,1.0,0.25
P9__OUT1__path_1,P9,OUT1,path_1,14,7.0,11.318,2.282,-0.785398,1.0,0.25
P9__OUT1__path_1,P9,OUT1,path_1,15,7.5,11.73,2.07,-0.785398,1.0,0.25
P9__OUT1__path_1,P9,OUT1,path_1,16,7.87,12.05,1.95,-0.785398,1.0,0.25
P9__OUT2__path_1,P9,OUT2,path_1,0,0.0,6.05,5.05,-1.570796,1.0,0.25
P9__OUT2__path_1,P9,OUT2,path_1,1,0.5,6.05,4.55,-1.570796,1.0,0.25
P9__OUT2__path_1,P9,OUT2,path_1,2,1.0,6.05,4.05,-1.570796,1.0,0.25
P9__OUT2__path_1,P9,OUT2,path_1,3,1.5,6.55,4.05,0.0,1.0,0.25
P9__OUT2__path_1,P9,OUT2,path_1,4,2.0,7.05,4.05,0.0,1.0,0.25
P9__OUT2__path_1,P9,OUT2,path_1,5,2.5,7.55,4.05,0.0,1.0,0.25
P9__OUT2__path_1,P9,OUT2,path_1,6,3.0,8.05,4.05,0.0,1.0,0.25
P9__OUT2__path_1,P9,OUT2,path_1,7,3.5,8.55,4.05,0.0,1.0,0.25
P9__OUT2__path_1,P9,OUT2,path_1,8,4.0,9.05,4.05,0.0,1.0,0.25
P9__OUT2__path_1,P9,OUT2,path_1,9,4.5,9.55,4.05,0.0,1.0,0.25
P9__OUT2__path_1,P9,OUT2,path_1,10,5.0,10.05,4.05,0.0,1.0,0.25
P9__OUT2__path_1,P9,OUT2,path_1,11,5.5,10.55,4.05,0.0,1.0,0.25
P9__OUT2__path_1,P9,OUT2,path_1,12,6.0,11.05,4.05,0.0,1.0,0.25
P9__OUT2__path_1,P9,OUT2,path_1,13,6.5,11.55,4.05,0.0,1.0,0.25
P9__OUT2__path_1,P9,OUT2,path_1,14,7.0,12.021,3.979,-0.785398,1.0,0.25
P9__OUT2__path_1,P9,OUT2,path_1,15,7.041,12.05,3.95,-0.785398,1.0,0.25
P9__CHG1__path_1,P9,CHG1,path_1,0,0.0,6.05,5.05,-2.356194,1.0,0.25
P9__CHG1__path_1,P9,CHG1,path_1,1,0.5,5.696,4.696,-2.356194,1.0,0.25
P9__CHG1__path_1,P9,CHG1,path_1,2,1.0,5.555,4.255,-2.356194,1.0,0.25
P9__CHG1__path_1,P9,CHG1,path_1,3,1.5,5.199,4.05,3.141593,1.0,0.25
P9__CHG1__path_1,P9,CHG1,path_1,4,2.0,4.714,4.014,-2.356194,1.0,0.25
P9__CHG1__path_1,P9,CHG1,path_1,5,2.5,4.36,3.66,-2.356194,1.0,0.25
P9__CHG1__path_1,P9,CHG1,path_1,6,3.0,4.006,3.306,-2.356194,1.0,0.25
P9__CHG1__path_1,P9,CHG1,path_1,7,3.5,3.571,3.15,3.141593,1.0,0.25
P9__CHG1__path_1,P9,CHG1,path_1,8,4.0,3.071,3.15,3.141593,1.0,0.25
P9__CHG1__path_1,P9,CHG1,path_1,9,4.5,2.712,2.812,-2.356194,1.0,0.25
P9__CHG1__path_1,P9,CHG1,path_1,10,5.0,2.358,2.458,-2.356194,1.0,0.25
P9__CHG1__path_1,P9,CHG1,path_1,11,5.5,2.004,2.104,-2.356194,1.0,0.25
P9__CHG1__path_1,P9,CHG1,path_1,12,6.0,1.792,1.692,-2.356194,1.0,0.25
P9__CHG1__path_1,P9,CHG1,path_1,13,6.5,1.58,1.28,-2.356194,1.0,0.25
P9__CHG1__path_1,P9,CHG1,path_1,14,7.0,1.439,0.839,-2.356194,1.0,0.25
P9__CHG1__path_1,P9,CHG1,path_1,15,7.5,1.227,0.427,-2.356194,1.0,0.25
P9__CHG1__path_1,P9,CHG1,path_1,16,7.95,1.05,0.05,-2.356194,1.0,0.25
P9__CHG2__path_1,P9,CHG2,path_1,0,0.0,6.05,5.05,-1.570796,1.0,0.25
P9__CHG2__path_1,P9,CHG2,path_1,1,0.5,6.05,4.55,-1.570796,1.0,0.25
P9__CHG2__path_1,P9,CHG2,path_1,2,1.0,6.05,4.05,-1.570796,1.0,0.25
P9__CHG2__path_1,P9,CHG2,path_1,3,1.5,6.55,4.05,0.0,1.0,0.25
P9__CHG2__path_1,P9,CHG2,path_1,4,2.0,6.904,3.696,-0.785398,1.0,0.25
P9__CHG2__path_1,P9,CHG2,path_1,5,2.5,7.25,3.34,-1.570796,1.0,0.25
P9__CHG2__path_1,P9,CHG2,path_1,6,3.0,7.25,2.84,-1.570796,1.0,0.25
P9__CHG2__path_1,P9,CHG2,path_1,7,3.5,7.25,2.34,-1.570796,1.0,0.25
P9__CHG2__path_1,P9,CHG2,path_1,8,4.0,7.25,1.84,-1.570796,1.0,0.25
P9__CHG2__path_1,P9,CHG2,path_1,9,4.5,7.25,1.34,-1.570796,1.0,0.25
P9__CHG2__path_1,P9,CHG2,path_1,10,5.0,7.25,0.84,-1.570796,1.0,0.25
P9__CHG2__path_1,P9,CHG2,path_1,11,5.5,7.36,0.45,0.0,1.0,0.25
P9__CHG2__path_1,P9,CHG2,path_1,12,6.0,7.86,0.45,0.0,1.0,0.25
P9__CHG2__path_1,P9,CHG2,path_1,13,6.5,8.328,0.372,-0.785398,1.0,0.25
P9__CHG2__path_1,P9,CHG2,path_1,14,7.0,8.74,0.16,-0.785398,1.0,0.25
P9__CHG2__path_1,P9,CHG2,path_1,15,7.356,9.05,0.05,-0.785398,1.0,0.25
SORT1__IN1__path_1,SORT1,IN1,path_1,0,0.0,9.75,2.15,-2.356194,1.0,0.25
SORT1__IN1__path_1,SORT1,IN1,path_1,1,0.5,9.45,1.774,-1.570796,1.0,0.25
SORT1__IN1__path_1,SORT1,IN1,path_1,2,1.0,9.45,1.274,-1.570796,1.0,0.25
SORT1__IN1__path_1,SORT1,IN1,path_1,3,1.5,9.114,0.914,-2.356194,1.0,0.25
SORT1__IN1__path_1,SORT1,IN1,path_1,4,2.0,8.85,0.523,-1.570796,1.0,0.25
SORT1__IN1__path_1,SORT1,IN1,path_1,5,2.5,8.423,0.45,3.141593,1.0,0.25
SORT1__IN1__path_1,SORT1,IN1,path_1,6,3.0,7.923,0.45,3.141593,1.0,0.25
SORT1__IN1__path_1,SORT1,IN1,path_1,7,3.5,7.423,0.45,3.141593,1.0,0.25
SORT1__IN1__path_1,SORT1,IN1,path_1,8,4.0,6.923,0.45,3.141593,1.0,0.25
SORT1__IN1__path_1,SORT1,IN1,path_1,9,4.5,6.464,0.35,3.141593,1.0,0.25
SORT1__IN1__path_1,SORT1,IN1,path_1,10,5.0,5.964,0.35,3.141593,1.0,0.25
SORT1__IN1__path_1,SORT1,IN1,path_1,11,5.5,5.464,0.35,3.141593,1.0,0.25
SORT1__IN1__path_1,SORT1,IN1,path_1,12,6.0,4.964,0.35,3.141593,1.0,0.25
SORT1__IN1__path_1,SORT1,IN1,path_1,13,6.5,4.506,0.25,3.141593,1.0,0.25
SORT1__IN1__path_1,SORT1,IN1,path_1,14,7.0,4.006,0.25,3.141593,1.0,0.25
SORT1__IN1__path_1,SORT1,IN1,path_1,15,7.5,3.506,0.25,3.141593,1.0,0.25
SORT1__IN1__path_1,SORT1,IN1,path_1,16,8.0,3.006,0.25,3.141593,1.0,0.25
SORT1__IN1__path_1,SORT1,IN1,path_1,17,8.5,2.506,0.25,3.141593,1.0,0.25
SORT1__IN1__path_1,SORT1,IN1,path_1,18,9.0,2.006,0.25,3.141593,1.0,0.25
SORT1__IN1__path_1,SORT1,IN1,path_1,19,9.5,1.548,0.352,2.356194,1.0,0.25
SORT1__IN1__path_1,SORT1,IN1,path_1,20,10.0,1.13,0.55,3.141593,1.0,0.25
SORT1__IN1__path_1,SORT1,IN1,path_1,21,10.5,0.713,0.75,3.141593,1.0,0.25
SORT1__IN1__path_1,SORT1,IN1,path_1,22,11.0,0.296,0.95,3.141593,1.0,0.25
SORT1__IN1__path_1,SORT1,IN1,path_1,23,11.287,0.05,1.05,3.141593,1.0,0.25
SORT1__IN2__path_1,SORT1,IN2,path_1,0,0.0,9.75,2.15,2.356194,1.0,0.25
SORT1__IN2__path_1,SORT1,IN2,path_1,1,0.5,9.396,2.504,2.356194,1.0,0.25
SORT1__IN2__path_1,SORT1,IN2,path_1,2,1.0,9.184,2.916,2.356194,1.0,0.25
SORT1__IN2__path_1,SORT1,IN2,path_1,3,1.5,8.823,3.25,3.141593,1.0,0.25
SORT1__IN2__path_1,SORT1,IN2,path_1,4,2.0,8.447,3.55,3.141593,1.0,0.25
SORT1__IN2__path_1,SORT1,IN2,path_1,5,2.5,7.947,3.55,3.141593,1.0,0.25
SORT1__IN2__path_1,SORT1,IN2,path_1,6,3.0,7.447,3.55,3.141593,1.0,0.25
SORT1__IN2__path_1,SORT1,IN2,path_1,7,3.5,7.006,3.694,2.356194,1.0,0.25
SORT1__IN2__path_1,SORT1,IN2,path_1,8,4.0,6.653,4.047,2.356194,1.0,0.25
SORT1__IN2__path_1,SORT1,IN2,path_1,9,4.5,6.154,4.05,3.141593,1.0,0.25
SORT1__IN2__path_1,SORT1,IN2,path_1,10,5.0,5.654,4.05,3.141593,1.0,0.25
SORT1__IN2__path_1,SORT1,IN2,path_1,11,5.5,5.154,4.05,3.141593,1.0,0.25
SORT1__IN2__path_1,SORT1,IN2,path_1,12,6.0,4.654,4.05,3.141593,1.0,0.25
SORT1__IN2__path_1,SORT1,IN2,path_1,13,6.5,4.154,4.05,3.141593,1.0,0.25
SORT1__IN2__path_1,SORT1,IN2,path_1,14,7.0,3.654,4.05,3.141593,1.0,0.25
SORT1__IN2__path_1,SORT1,IN2,path_1,15,7.5,3.154,4.05,3.141593,1.0,0.25
SORT1__IN2__path_1,SORT1,IN2,path_1,16,8.0,2.654,4.05,3.141593,1.0,0.25
SORT1__IN2__path_1,SORT1,IN2,path_1,17,8.5,2.154,4.05,3.141593,1.0,0.25
SORT1__IN2__path_1,SORT1,IN2,path_1,18,9.0,1.712,4.188,2.356194,1.0,0.25
SORT1__IN2__path_1,SORT1,IN2,path_1,19,9.5,1.299,4.401,2.356194,1.0,0.25
SORT1__IN2__path_1,SORT1,IN2,path_1,20,10.0,0.861,4.55,3.141593,1.0,0.25
SORT1__IN2__path_1,SORT1,IN2,path_1,21,10.5,0.446,4.754,2.356194,1.0,0.25
SORT1__IN2__path_1,SORT1,IN2,path_1,22,10.977,0.05,4.95,2.356194,1.0,0.25
SORT1__P1__path_1,SORT1,P1,path_1,0,0.0,9.75,2.15,-2.356194,1.0,0.25
SORT1__P1__path_1,SORT1,P1,path_1,1,0.5,9.45,1.774,-1.570796,1.0,0.25
SORT1__P1__path_1,SORT1,P1,path_1,2,1.0,9.45,1.274,-1.570796,1.0,0.25
SORT1__P1__path_1,SORT1,P1,path_1,3,1.5,9.114,0.914,-2.356194,1.0,0.25
SORT1__P1__path_1,SORT1,P1,path_1,4,2.0,8.85,0.523,-1.570796,1.0,0.25
SORT1__P1__path_1,SORT1,P1,path_1,5,2.5,8.423,0.45,3.141593,1.0,0.25
SORT1__P1__path_1,SORT1,P1,path_1,6,3.0,7.923,0.45,3.141593,1.0,0.25
SORT1__P1__path_1,SORT1,P1,path_1,7,3.5,7.423,0.45,3.141593,1.0,0.25
SORT1__P1__path_1,SORT1,P1,path_1,8,4.0,6.923,0.45,3.141593,1.0,0.25
SORT1__P1__path_1,SORT1,P1,path_1,9,4.5,6.464,0.35,3.141593,1.0,0.25
SORT1__P1__path_1,SORT1,P1,path_1,10,5.0,5.964,0.35,3.141593,1.0,0.25
SORT1__P1__path_1,SORT1,P1,path_1,11,5.5,5.464,0.35,3.141593,1.0,0.25
SORT1__P1__path_1,SORT1,P1,path_1,12,6.0,4.964,0.35,3.141593,1.0,0.25
SORT1__P1__path_1,SORT1,P1,path_1,13,6.5,4.506,0.25,3.141593,1.0,0.25
SORT1__P1__path_1,SORT1,P1,path_1,14,7.0,4.006,0.25,3.141593,1.0,0.25
SORT1__P1__path_1,SORT1,P1,path_1,15,7.5,3.506,0.25,3.141593,1.0,0.25
SORT1__P1__path_1,SORT1,P1,path_1,16,8.0,3.05,0.294,1.570796,1.0,0.25
SORT1__P1__path_1,SORT1,P1,path_1,17,8.5,3.05,0.794,1.570796,1.0,0.25
SORT1__P1__path_1,SORT1,P1,path_1,18,8.697,2.95,0.95,1.570796,1.0,0.25
SORT1__P2__path_1,SORT1,P2,path_1,0,0.0,9.75,2.15,2.356194,1.0,0.25
SORT1__P2__path_1,SORT1,P2,path_1,1,0.5,9.396,2.504,2.356194,1.0,0.25
SORT1__P2__path_1,SORT1,P2,path_1,2,1.0,9.184,2.916,2.356194,1.0,0.25
SORT1__P2__path_1,SORT1,P2,path_1,3,1.5,8.823,3.25,3.141593,1.0,0.25
SORT1__P2__path_1,SORT1,P2,path_1,4,2.0,8.447,3.55,3.141593,1.0,0.25
SORT1__P2__path_1,SORT1,P2,path_1,5,2.5,7.947,3.55,3.141593,1.0,0.25
SORT1__P2__path_1,SORT1,P2,path_1,6,3.0,7.447,3.55,3.141593,1.0,0.25
SORT1__P2__path_1,SORT1,P2,path_1,7,3.5,7.006,3.694,2.356194,1.0,0.25
SORT1__P2__path_1,SORT1,P2,path_1,8,4.0,6.653,4.047,2.356194,1.0,0.25
SORT1__P2__path_1,SORT1,P2,path_1,9,4.5,6.154,4.05,3.141593,1.0,0.25
SORT1__P2__path_1,SORT1,P2,path_1,10,5.0,5.654,4.05,3.141593,1.0,0.25
SORT1__P2__path_1,SORT1,P2,path_1,11,5.5,5.154,4.05,3.141593,1.0,0.25
SORT1__P2__path_1,SORT1,P2,path_1,12,6.0,4.75,3.954,-1.570796,1.0,0.25
SORT1__P2__path_1,SORT1,P2,path_1,13,6.5,4.75,3.454,-1.570796,1.0,0.25
SORT1__P2__path_1,SORT1,P2,path_1,14,7.0,4.75,2.954,-1.570796,1.0,0.25
SORT1__P2__path_1,SORT1,P2,path_1,15,7.5,4.65,2.496,-1.570796,1.0,0.25
SORT1__P2__path_1,SORT1,P2,path_1,16,7.687,4.55,2.35,-1.570796,1.0,0.25
SORT1__P3__path_1,SORT1,P3,path_1,0,0.0,9.75,2.15,2.356194,1.0,0.25
SORT1__P3__path_1,SORT1,P3,path_1,1,0.5,9.396,2.504,2.356194,1.0,0.25
SORT1__P3__path_1,SORT1,P3,path_1,2,1.0,9.184,2.916,2.356194,1.0,0.25
SORT1__P3__path_1,SORT1,P3,path_1,3,1.5,8.823,3.25,3.141593,1.0,0.25
SORT1__P3__path_1,SORT1,P3,path_1,4,2.0,8.447,3.55,3.141593,1.0,0.25
SORT1__P3__path_1,SORT1,P3,path_1,5,2.5,7.947,3.55,3.141593,1.0,0.25
SORT1__P3__path_1,SORT1,P3,path_1,6,3.0,7.447,3.55,3.141593,1.0,0.25
SORT1__P3__path_1,SORT1,P3,path_1,7,3.5,7.006,3.694,2.356194,1.0,0.25
SORT1__P3__path_1,SORT1,P3,path_1,8,4.0,6.653,4.047,2.356194,1.0,0.25
SORT1__P3__path_1,SORT1,P3,path_1,9,4.5,6.154,4.05,3.141593,1.0,0.25
SORT1__P3__path_1,SORT1,P3,path_1,10,5.0,5.696,4.15,3.141593,1.0,0.25
SORT1__P3__path_1,SORT1,P3,path_1,11,5.5,5.196,4.15,3.141593,1.0,0.25
SORT1__P3__path_1,SORT1,P3,path_1,12,6.0,4.696,4.15,3.141593,1.0,0.25
SORT1__P3__path_1,SORT1,P3,path_1,13,6.5,4.196,4.15,3.141593,1.0,0.25
SORT1__P3__path_1,SORT1,P3,path_1,14,7.0,3.696,4.15,3.141593,1.0,0.25
SORT1__P3__path_1,SORT1,P3,path_1,15,7.5,3.55,4.504,1.570796,1.0,0.25
SORT1__P3__path_1,SORT1,P3,path_1,16,8.0,3.55,5.004,1.570796,1.0,0.25
SORT1__P3__path_1,SORT1,P3,path_1,17,8.246,3.55,5.25,1.570796,1.0,0.25
SORT1__P4__path_1,SORT1,P4,path_1,0,0.0,9.75,2.15,-2.356194,1.0,0.25
SORT1__P4__path_1,SORT1,P4,path_1,1,0.5,9.45,1.774,-1.570796,1.0,0.25
SORT1__P4__path_1,SORT1,P4,path_1,2,1.0,9.45,1.274,-1.570796,1.0,0.25
SORT1__P4__path_1,SORT1,P4,path_1,3,1.5,9.114,0.914,-2.356194,1.0,0.25
SORT1__P4__path_1,SORT1,P4,path_1,4,2.0,8.85,0.523,-1.570796,1.0,0.25
SORT1__P4__path_1,SORT1,P4,path_1,5,2.5,8.423,0.45,3.141593,1.0,0.25
SORT1__P4__path_1,SORT1,P4,path_1,6,3.0,7.923,0.45,3.141593,1.0,0.25
SORT1__P4__path_1,SORT1,P4,path_1,7,3.5,7.423,0.45,3.141593,1.0,0.25
SORT1__P4__path_1,SORT1,P4,path_1,8,4.0,6.923,0.45,3.141593,1.0,0.25
SORT1__P4__path_1,SORT1,P4,path_1,9,4.5,6.464,0.35,3.141593,1.0,0.25
SORT1__P4__path_1,SORT1,P4,path_1,10,5.0,5.964,0.35,3.141593,1.0,0.25
SORT1__P4__path_1,SORT1,P4,path_1,11,5.5,5.464,0.35,3.141593,1.0,0.25
SORT1__P4__path_1,SORT1,P4,path_1,12,6.0,4.964,0.35,3.141593,1.0,0.25
SORT1__P4__path_1,SORT1,P4,path_1,13,6.5,4.95,0.836,1.570796,1.0,0.25
SORT1__P4__path_1,SORT1,P4,path_1,14,7.0,4.95,1.336,1.570796,1.0,0.25
SORT1__P4__path_1,SORT1,P4,path_1,15,7.014,4.95,1.35,1.570796,1.0,0.25
SORT1__P5__path_1,SORT1,P5,path_1,0,0.0,9.75,2.15,2.356194,1.0,0.25
SORT1__P5__path_1,SORT1,P5,path_1,1,0.5,9.396,2.504,2.356194,1.0,0.25
SORT1__P5__path_1,SORT1,P5,path_1,2,1.0,9.184,2.916,2.356194,1.0,0.25
SORT1__P5__path_1,SORT1,P5,path_1,3,1.5,8.823,3.25,3.141593,1.0,0.25
SORT1__P5__path_1,SORT1,P5,path_1,4,2.0,8.447,3.55,3.141593,1.0,0.25
SORT1__P5__path_1,SORT1,P5,path_1,5,2.5,7.947,3.55,3.141593,1.0,0.25
SORT1__P5__path_1,SORT1,P5,path_1,6,3.0,7.447,3.55,3.141593,1.0,0.25
SORT1__P5__path_1,SORT1,P5,path_1,7,3.5,7.006,3.694,2.356194,1.0,0.25
SORT1__P5__path_1,SORT1,P5,path_1,8,4.0,6.653,4.047,2.356194,1.0,0.25
SORT1__P5__path_1,SORT1,P5,path_1,9,4.5,6.154,4.05,3.141593,1.0,0.25
SORT1__P5__path_1,SORT1,P5,path_1,10,5.0,5.654,4.05,3.141593,1.0,0.25
SORT1__P5__path_1,SORT1,P5,path_1,11,5.004,5.65,4.05,3.141593,1.0,0.25
SORT1__P6__path_1,SORT1,P6,path_1,0,0.0,9.75,2.15,2.356194,1.0,0.25
SORT1__P6__path_1,SORT1,P6,path_1,1,0.5,9.45,2.526,1.570796,1.0,0.25
SORT1__P6__path_1,SORT1,P6,path_1,2,1.0,9.45,3.026,1.570796,1.0,0.25
SORT1__P6__path_1,SORT1,P6,path_1,3,1.5,9.114,3.386,2.356194,1.0,0.25
SORT1__P6__path_1,SORT1,P6,path_1,4,2.0,8.85,3.777,1.570796,1.0,0.25
SORT1__P6__path_1,SORT1,P6,path_1,5,2.5,8.65,4.194,1.570796,1.0,0.25
SORT1__P6__path_1,SORT1,P6,path_1,6,3.0,8.45,4.612,1.570796,1.0,0.25
SORT1__P6__path_1,SORT1,P6,path_1,7,3.5,8.265,5.035,2.356194,1.0,0.25
SORT1__P6__path_1,SORT1,P6,path_1,8,4.0,8.25,5.529,1.570796,1.0,0.25
SORT1__P6__path_1,SORT1,P6,path_1,9,4.5,7.971,5.75,3.141593,1.0,0.25
SORT1__P6__path_1,SORT1,P6,path_1,10,4.521,7.95,5.75,3.141593,1.0,0.25
SORT1__P7__path_1,SORT1,P7,path_1,0,0.0,9.75,2.15,-2.356194,1.0,0.25
SORT1__P7__path_1,SORT1,P7,path_1,1,0.5,9.45,1.774,-1.570796,1.0,0.25
SORT1__P7__path_1,SORT1,P7,path_1,2,1.0,9.45,1.274,-1.570796,1.0,0.25
SORT1__P7__path_1,SORT1,P7,path_1,3,1.5,9.114,0.914,-2.356194,1.0,0.25
SORT1__P7__path_1,SORT1,P7,path_1,4,2.0,8.85,0.523,-1.570796,1.0,0.25
SORT1__P7__path_1,SORT1,P7,path_1,5,2.5,8.423,0.45,3.141593,1.0,0.25
SORT1__P7__path_1,SORT1,P7,path_1,6,3.0,7.923,0.45,3.141593,1.0,0.25
SORT1__P7__path_1,SORT1,P7,path_1,7,3.5,7.423,0.45,3.141593,1.0,0.25
SORT1__P7__path_1,SORT1,P7,path_1,8,4.0,7.25,0.777,1.570796,1.0,0.25
SORT1__P7__path_1,SORT1,P7,path_1,9,4.273,7.25,1.05,1.570796,1.0,0.25
SORT1__P8__path_1,SORT1,P8,path_1,0,0.0,9.75,2.15,3.141593,1.0,0.25
SORT1__P8__path_1,SORT1,P8,path_1,1,0.5,9.291,2.25,3.141593,1.0,0.25
SORT1__P8__path_1,SORT1,P8,path_1,2,0.983,8.85,2.35,3.141593,1.0,0.25
SORT1__P9__path_1,SORT1,P9,path_1,0,0.0,9.75,2.15,2.356194,1.0,0.25
SORT1__P9__path_1,SORT1,P9,path_1,1,0.5,9.396,2.504,2.356194,1.0,0.25
SORT1__P9__path_1,SORT1,P9,path_1,2,1.0,9.184,2.916,2.356194,1.0,0.25
SORT1__P9__path_1,SORT1,P9,path_1,3,1.5,8.831,3.269,2.356194,1.0,0.25
SORT1__P9__path_1,SORT1,P9,path_1,4,2.0,8.477,3.623,2.356194,1.0,0.25
SORT1__P9__path_1,SORT1,P9,path_1,5,2.5,8.124,3.976,2.356194,1.0,0.25
SORT1__P9__path_1,SORT1,P9,path_1,6,3.0,7.654,4.05,3.141593,1.0,0.25
SORT1__P9__path_1,SORT1,P9,path_1,7,3.5,7.154,4.05,3.141593,1.0,0.25
SORT1__P9__path_1,SORT1,P9,path_1,8,4.0,6.654,4.05,3.141593,1.0,0.25
SORT1__P9__path_1,SORT1,P9,path_1,9,4.5,6.154,4.05,3.141593,1.0,0.25
SORT1__P9__path_1,SORT1,P9,path_1,10,5.0,6.05,4.446,1.570796,1.0,0.25
SORT1__P9__path_1,SORT1,P9,path_1,11,5.5,6.05,4.946,1.570796,1.0,0.25
SORT1__P9__path_1,SORT1,P9,path_1,12,5.604,6.05,5.05,1.570796,1.0,0.25
SORT1__SORT2__path_1,SORT1,SORT2,path_1,0,0.0,9.75,2.15,1.570796,1.0,0.25
SORT1__SORT2__path_1,SORT1,SORT2,path_1,1,0.5,9.75,2.65,1.570796,1.0,0.25
SORT1__SORT2__path_1,SORT1,SORT2,path_1,2,1.0,9.75,3.15,1.570796,1.0,0.25
SORT1__SORT2__path_1,SORT1,SORT2,path_1,3,1.5,10.033,3.533,0.785398,1.0,0.25
SORT1__SORT2__path_1,SORT1,SORT2,path_1,4,2.0,10.35,3.901,1.570796,1.0,0.25
SORT1__SORT2__path_1,SORT1,SORT2,path_1,5,2.149,10.35,4.05,1.570796,1.0,0.25
SORT1__OUT1__path_1,SORT1,OUT1,path_1,0,0.0,9.75,2.15,0.0,1.0,0.25
SORT1__OUT1__path_1,SORT1,OUT1,path_1,1,0.5,10.25,2.15,0.0,1.0,0.25
SORT1__OUT1__path_1,SORT1,OUT1,path_1,2,1.0,10.75,2.15,0.0,1.0,0.25
SORT1__OUT1__path_1,SORT1,OUT1,path_1,3,1.5,11.25,2.15,0.0,1.0,0.25
SORT1__OUT1__path_1,SORT1,OUT1,path_1,4,2.0,11.667,1.95,0.0,1.0,0.25
SORT1__OUT1__path_1,SORT1,OUT1,path_1,5,2.383,12.05,1.95,0.0,1.0,0.25
SORT1__OUT2__path_1,SORT1,OUT2,path_1,0,0.0,9.75,2.15,0.785398,1.0,0.25
SORT1__OUT2__path_1,SORT1,OUT2,path_1,1,0.5,10.104,2.504,0.785398,1.0,0.25
SORT1__OUT2__path_1,SORT1,OUT2,path_1,2,1.0,10.457,2.857,0.785398,1.0,0.25
SORT1__OUT2__path_1,SORT1,OUT2,path_1,3,1.5,10.811,3.211,0.785398,1.0,0.25
SORT1__OUT2__path_1,SORT1,OUT2,path_1,4,2.0,11.17,3.55,0.0,1.0,0.25
SORT1__OUT2__path_1,SORT1,OUT2,path_1,5,2.5,11.587,3.75,0.0,1.0,0.25
SORT1__OUT2__path_1,SORT1,OUT2,path_1,6,3.0,12.018,3.918,0.785398,1.0,0.25
SORT1__OUT2__path_1,SORT1,OUT2,path_1,7,3.046,12.05,3.95,0.785398,1.0,0.25
SORT1__CHG1__path_1,SORT1,CHG1,path_1,0,0.0,9.75,2.15,-2.356194,1.0,0.25
SORT1__CHG1__path_1,SORT1,CHG1,path_1,1,0.5,9.45,1.774,-1.570796,1.0,0.25
SORT1__CHG1__path_1,SORT1,CHG1,path_1,2,1.0,9.45,1.274,-1.570796,1.0,0.25
SORT1__CHG1__path_1,SORT1,CHG1,path_1,3,1.5,9.114,0.914,-2.356194,1.0,0.25
SORT1__CHG1__path_1,SORT1,CHG1,path_1,4,2.0,8.85,0.523,-1.570796,1.0,0.25
SORT1__CHG1__path_1,SORT1,CHG1,path_1,5,2.5,8.423,0.45,3.141593,1.0,0.25
SORT1__CHG1__path_1,SORT1,CHG1,path_1,6,3.0,7.923,0.45,3.141593,1.0,0.25
SORT1__CHG1__path_1,SORT1,CHG1,path_1,7,3.5,7.423,0.45,3.141593,1.0,0.25
SORT1__CHG1__path_1,SORT1,CHG1,path_1,8,4.0,6.923,0.45,3.141593,1.0,0.25
SORT1__CHG1__path_1,SORT1,CHG1,path_1,9,4.5,6.464,0.35,3.141593,1.0,0.25
SORT1__CHG1__path_1,SORT1,CHG1,path_1,10,5.0,5.964,0.35,3.141593,1.0,0.25
SORT1__CHG1__path_1,SORT1,CHG1,path_1,11,5.5,5.464,0.35,3.141593,1.0,0.25
SORT1__CHG1__path_1,SORT1,CHG1,path_1,12,6.0,4.964,0.35,3.141593,1.0,0.25
SORT1__CHG1__path_1,SORT1,CHG1,path_1,13,6.5,4.506,0.25,3.141593,1.0,0.25
SORT1__CHG1__path_1,SORT1,CHG1,path_1,14,7.0,4.006,0.25,3.141593,1.0,0.25
SORT1__CHG1__path_1,SORT1,CHG1,path_1,15,7.5,3.506,0.25,3.141593,1.0,0.25
SORT1__CHG1__path_1,SORT1,CHG1,path_1,16,8.0,3.006,0.25,3.141593,1.0,0.25
SORT1__CHG1__path_1,SORT1,CHG1,path_1,17,8.5,2.506,0.25,3.141593,1.0,0.25
SORT1__CHG1__path_1,SORT1,CHG1,path_1,18,9.0,2.006,0.25,3.141593,1.0,0.25
SORT1__CHG1__path_1,SORT1,CHG1,path_1,19,9.5,1.506,0.25,3.141593,1.0,0.25
SORT1__CHG1__path_1,SORT1,CHG1,path_1,20,10.0,1.077,0.077,-2.356194,1.0,0.25
SORT1__CHG1__path_1,SORT1,CHG1,path_1,21,10.038,1.05,0.05,-2.356194,1.0,0.25
SORT1__CHG2__path_1,SORT1,CHG2,path_1,0,0.0,9.75,2.15,-1.570796,1.0,0.25
SORT1__CHG2__path_1,SORT1,CHG2,path_1,1,0.5,9.75,1.65,-1.570796,1.0,0.25
SORT1__CHG2__path_1,SORT1,CHG2,path_1,2,1.0,9.75,1.15,-1.570796,1.0,0.25
SORT1__CHG2__path_1,SORT1,CHG2,path_1,3,1.5,9.467,0.767,-2.356194,1.0,0.25
SORT1__CHG2__path_1,SORT1,CHG2,path_1,4,2.0,9.15,0.399,-1.570796,1.0,0.25
SORT1__CHG2__path_1,SORT1,CHG2,path_1,5,2.39,9.05,0.05,-1.570796,1.0,0.25
SORT2__IN1__path_1,SORT2,IN1,path_1,0,0.0,10.35,4.05,3.141593,1.0,0.25
SORT2__IN1__path_1,SORT2,IN1,path_1,1,0.5,9.85,4.05,3.141593,1.0,0.25
SORT2__IN1__path_1,SORT2,IN1,path_1,2,1.0,9.35,4.05,3.141593,1.0,0.25
SORT2__IN1__path_1,SORT2,IN1,path_1,3,1.5,8.85,4.05,3.141593,1.0,0.25
SORT2__IN1__path_1,SORT2,IN1,path_1,4,2.0,8.35,4.05,3.141593,1.0,0.25
SORT2__IN1__path_1,SORT2,IN1,path_1,5,2.5,7.85,4.05,3.141593,1.0,0.25
SORT2__IN1__path_1,SORT2,IN1,path_1,6,3.0,7.35,4.05,3.141593,1.0,0.25
SORT2__IN1__path_1,SORT2,IN1,path_1,7,3.5,6.85,4.05,3.141593,1.0,0.25
SORT2__IN1__path_1,SORT2,IN1,path_1,8,4.0,6.35,4.05,3.141593,1.0,0.25
SORT2__IN1__path_1,SORT2,IN1,path_1,9,4.5,5.85,4.05,3.141593,1.0,0.25
SORT2__IN1__path_1,SORT2,IN1,path_1,10,5.0,5.35,4.05,3.141593,1.0,0.25
SORT2__IN1__path_1,SORT2,IN1,path_1,11,5.5,4.85,4.05,3.141593,1.0,0.25
SORT2__IN1__path_1,SORT2,IN1,path_1,12,6.0,4.467,3.767,-2.356194,1.0,0.25
SORT2__IN1__path_1,SORT2,IN1,path_1,13,6.5,4.114,3.414,-2.356194,1.0,0.25
SORT2__IN1__path_1,SORT2,IN1,path_1,14,7.0,3.723,3.15,3.141593,1.0,0.25
SORT2__IN1__path_1,SORT2,IN1,path_1,15,7.5,3.223,3.15,3.141593,1.0,0.25
SORT2__IN1__path_1,SORT2,IN1,path_1,16,8.0,2.819,2.919,-2.356194,1.0,0.25
SORT2__IN1__path_1,SORT2,IN1,path_1,17,8.5,2.465,2.565,-2.356194,1.0,0.25
SORT2__IN1__path_1,SORT2,IN1,path_1,18,9.0,2.112,2.212,-2.356194,1.0,0.25
SORT2__IN1__path_1,SORT2,IN1,path_1,19,9.5,1.758,1.858,-2.356194,1.0,0.25
SORT2__IN1__path_1,SORT2,IN1,path_1,20,10.0,1.346,1.646,-2.356194,1.0,0.25
SORT2__IN1__path_1,SORT2,IN1,path_1,21,10.5,0.927,1.45,3.141593,1.0,0.25
SORT2__IN1__path_1,SORT2,IN1,path_1,22,11.0,0.51,1.25,3.141593,1.0,0.25
SORT2__IN1__path_1,SORT2,IN1,path_1,23,11.5,0.08,1.08,-2.356194,1.0,0.25
SORT2__IN1__path_1,SORT2,IN1,path_1,24,11.543,0.05,1.05,-2.356194,1.0,0.25
SORT2__IN2__path_1,SORT2,IN2,path_1,0,0.0,10.35,4.05,3.141593,1.0,0.25
SORT2__IN2__path_1,SORT2,IN2,path_1,1,0.5,9.85,4.05,3.141593,1.0,0.25
SORT2__IN2__path_1,SORT2,IN2,path_1,2,1.0,9.35,4.05,3.141593,1.0,0.25
SORT2__IN2__path_1,SORT2,IN2,path_1,3,1.5,8.85,4.05,3.141593,1.0,0.25
SORT2__IN2__path_1,SORT2,IN2,path_1,4,2.0,8.35,4.05,3.141593,1.0,0.25
SORT2__IN2__path_1,SORT2,IN2,path_1,5,2.5,7.85,4.05,3.141593,1.0,0.25
SORT2__IN2__path_1,SORT2,IN2,path_1,6,3.0,7.35,4.05,3.141593,1.0,0.25
SORT2__IN2__path_1,SORT2,IN2,path_1,7,3.5,6.85,4.05,3.141593,1.0,0.25
SORT2__IN2__path_1,SORT2,IN2,path_1,8,4.0,6.35,4.05,3.141593,1.0,0.25
SORT2__IN2__path_1,SORT2,IN2,path_1,9,4.5,5.85,4.05,3.141593,1.0,0.25
SORT2__IN2__path_1,SORT2,IN2,path_1,10,5.0,5.35,4.05,3.141593,1.0,0.25
SORT2__IN2__path_1,SORT2,IN2,path_1,11,5.5,4.85,4.05,3.141593,1.0,0.25
SORT2__IN2__path_1,SORT2,IN2,path_1,12,6.0,4.35,4.05,3.141593,1.0,0.25
SORT2__IN2__path_1,SORT2,IN2,path_1,13,6.5,3.85,4.05,3.141593,1.0,0.25
SORT2__IN2__path_1,SORT2,IN2,path_1,14,7.0,3.35,4.05,3.141593,1.0,0.25
SORT2__IN2__path_1,SORT2,IN2,path_1,15,7.5,2.85,4.05,3.141593,1.0,0.25
SORT2__IN2__path_1,SORT2,IN2,path_1,16,8.0,2.35,4.05,3.141593,1.0,0.25
SORT2__IN2__path_1,SORT2,IN2,path_1,17,8.5,1.879,4.121,2.356194,1.0,0.25
SORT2__IN2__path_1,SORT2,IN2,path_1,18,9.0,1.467,4.333,2.356194,1.0,0.25
SORT2__IN2__path_1,SORT2,IN2,path_1,19,9.5,1.026,4.474,2.356194,1.0,0.25
SORT2__IN2__path_1,SORT2,IN2,path_1,20,10.0,0.614,4.686,2.356194,1.0,0.25
SORT2__IN2__path_1,SORT2,IN2,path_1,21,10.5,0.181,4.85,3.141593,1.0,0.25
SORT2__IN2__path_1,SORT2,IN2,path_1,22,10.673,0.05,4.95,3.141593,1.0,0.25
SORT2__P1__path_1,SORT2,P1,path_1,0,0.0,10.35,4.05,3.141593,1.0,0.25
SORT2__P1__path_1,SORT2,P1,path_1,1,0.5,9.85,4.05,3.141593,1.0,0.25
SORT2__P1__path_1,SORT2,P1,path_1,2,1.0,9.35,4.05,3.141593,1.0,0.25
SORT2__P1__path_1,SORT2,P1,path_1,3,1.5,8.85,4.05,3.141593,1.0,0.25
SORT2__P1__path_1,SORT2,P1,path_1,4,2.0,8.35,4.05,3.141593,1.0,0.25
SORT2__P1__path_1,SORT2,P1,path_1,5,2.5,7.85,4.05,3.141593,1.0,0.25
SORT2__P1__path_1,SORT2,P1,path_1,6,3.0,7.35,4.05,3.141593,1.0,0.25
SORT2__P1__path_1,SORT2,P1,path_1,7,3.5,6.85,4.05,3.141593,1.0,0.25
SORT2__P1__path_1,SORT2,P1,path_1,8,4.0,6.35,4.05,3.141593,1.0,0.25
SORT2__P1__path_1,SORT2,P1,path_1,9,4.5,5.85,4.05,3.141593,1.0,0.25
SORT2__P1__path_1,SORT2,P1,path_1,10,5.0,5.35,4.05,3.141593,1.0,0.25
SORT2__P1__path_1,SORT2,P1,path_1,11,5.5,4.85,4.05,3.141593,1.0,0.25
SORT2__P1__path_1,SORT2,P1,path_1,12,6.0,4.467,3.767,-2.356194,1.0,0.25
SORT2__P1__path_1,SORT2,P1,path_1,13,6.5,4.114,3.414,-2.356194,1.0,0.25
SORT2__P1__path_1,SORT2,P1,path_1,14,7.0,3.723,3.15,3.141593,1.0,0.25
SORT2__P1__path_1,SORT2,P1,path_1,15,7.5,3.223,3.15,3.141593,1.0,0.25
SORT2__P1__path_1,SORT2,P1,path_1,16,8.0,3.05,2.823,-1.570796,1.0,0.25
SORT2__P1__path_1,SORT2,P1,path_1,17,8.5,3.05,2.323,-1.570796,1.0,0.25
SORT2__P1__path_1,SORT2,P1,path_1,18,9.0,3.05,1.823,-1.570796,1.0,0.25
SORT2__P1__path_1,SORT2,P1,path_1,19,9.5,3.05,1.323,-1.570796,1.0,0.25
SORT2__P1__path_1,SORT2,P1,path_1,20,9.914,2.95,0.95,-1.570796,1.0,0.25
SORT2__P2__path_1,SORT2,P2,path_1,0,0.0,10.35,4.05,3.141593,1.0,0.25
SORT2__P2__path_1,SORT2,P2,path_1,1,0.5,9.85,4.05,3.141593,1.0,0.25
SORT2__P2__path_1,SORT2,P2,path_1,2,1.0,9.35,4.05,3.141593,1.0,0.25
SORT2__P2__path_1,SORT2,P2,path_1,3,1.5,8.85,4.05,3.141593,1.0,0.25
SORT2__P2__path_1,SORT2,P2,path_1,4,2.0,8.35,4.05,3.141593,1.0,0.25
SORT2__P2__path_1,SORT2,P2,path_1,5,2.5,7.85,4.05,3.141593,1.0,0.25
SORT2__P2__path_1,SORT2,P2,path_1,6,3.0,7.35,4.05,3.141593,1.0,0.25
SORT2__P2__path_1,SORT2,P2,path_1,7,3.5,6.85,4.05,3.141593,1.0,0.25
SORT2__P2__path_1,SORT2,P2,path_1,8,4.0,6.35,4.05,3.141593,1.0,0.25
SORT2__P2__path_1,SORT2,P2,path_1,9,4.5,5.85,4.05,3.141593,1.0,0.25
SORT2__P2__path_1,SORT2,P2,path_1,10,5.0,5.35,4.05,3.141593,1.0,0.25
SORT2__P2__path_1,SORT2,P2,path_1,11,5.5,4.85,4.05,3.141593,1.0,0.25
SORT2__P2__path_1,SORT2,P2,path_1,12,6.0,4.75,3.65,-1.570796,1.0,0.25
SORT2__P2__path_1,SORT2,P2,path_1,13,6.5,4.75,3.15,-1.570796,1.0,0.25
SORT2__P2__path_1,SORT2,P2,path_1,14,7.0,4.679,2.679,-2.356194,1.0,0.25
SORT2__P2__path_1,SORT2,P2,path_1,15,7.383,4.55,2.35,-2.356194,1.0,0.25
SORT2__P3__path_1,SORT2,P3,path_1,0,0.0,10.35,4.05,3.141593,1.0,0.25
SORT2__P3__path_1,SORT2,P3,path_1,1,0.5,9.85,4.05,3.141593,1.0,0.25
SORT2__P3__path_1,SORT2,P3,path_1,2,1.0,9.35,4.05,3.141593,1.0,0.25
SORT2__P3__path_1,SORT2,P3,path_1,3,1.5,8.85,4.05,3.141593,1.0,0.25
SORT2__P3__path_1,SORT2,P3,path_1,4,2.0,8.35,4.05,3.141593,1.0,0.25
SORT2__P3__path_1,SORT2,P3,path_1,5,2.5,7.85,4.05,3.141593,1.0,0.25
SORT2__P3__path_1,SORT2,P3,path_1,6,3.0,7.35,4.05,3.141593,1.0,0.25
SORT2__P3__path_1,SORT2,P3,path_1,7,3.5,6.85,4.05,3.141593,1.0,0.25
SORT2__P3__path_1,SORT2,P3,path_1,8,4.0,6.35,4.05,3.141593,1.0,0.25
SORT2__P3__path_1,SORT2,P3,path_1,9,4.5,5.891,4.15,3.141593,1.0,0.25
SORT2__P3__path_1,SORT2,P3,path_1,10,5.0,5.391,4.15,3.141593,1.0,0.25
SORT2__P3__path_1,SORT2,P3,path_1,11,5.5,4.891,4.15,3.141593,1.0,0.25
SORT2__P3__path_1,SORT2,P3,path_1,12,6.0,4.391,4.15,3.141593,1.0,0.25
SORT2__P3__path_1,SORT2,P3,path_1,13,6.5,3.891,4.15,3.141593,1.0,0.25
SORT2__P3__path_1,SORT2,P3,path_1,14,7.0,3.55,4.309,1.570796,1.0,0.25
SORT2__P3__path_1,SORT2,P3,path_1,15,7.5,3.55,4.809,1.570796,1.0,0.25
SORT2__P3__path_1,SORT2,P3,path_1,16,7.941,3.55,5.25,1.570796,1.0,0.25
SORT2__P4__path_1,SORT2,P4,path_1,0,0.0,10.35,4.05,3.141593,1.0,0.25
SORT2__P4__path_1,SORT2,P4,path_1,1,0.5,9.85,4.05,3.141593,1.0,0.25
SORT2__P4__path_1,SORT2,P4,path_1,2,1.0,9.35,4.05,3.141593,1.0,0.25
SORT2__P4__path_1,SORT2,P4,path_1,3,1.5,8.85,4.05,3.141593,1.0,0.25
SORT2__P4__path_1,SORT2,P4,path_1,4,2.0,8.35,4.05,3.141593,1.0,0.25
SORT2__P4__path_1,SORT2,P4,path_1,5,2.5,7.85,4.05,3.141593,1.0,0.25
SORT2__P4__path_1,SORT2,P4,path_1,6,3.0,7.35,4.05,3.141593,1.0,0.25
SORT2__P4__path_1,SORT2,P4,path_1,7,3.5,6.85,4.05,3.141593,1.0,0.25
SORT2__P4__path_1,SORT2,P4,path_1,8,4.0,6.35,4.05,3.141593,1.0,0.25
SORT2__P4__path_1,SORT2,P4,path_1,9,4.5,5.85,4.05,3.141593,1.0,0.25
SORT2__P4__path_1,SORT2,P4,path_1,10,5.0,5.35,4.05,3.141593,1.0,0.25
SORT2__P4__path_1,SORT2,P4,path_1,11,5.5,4.85,4.05,3.141593,1.0,0.25
SORT2__P4__path_1,SORT2,P4,path_1,12,6.0,4.75,3.65,-1.570796,1.0,0.25
SORT2__P4__path_1,SORT2,P4,path_1,13,6.5,4.75,3.15,-1.570796,1.0,0.25
SORT2__P4__path_1,SORT2,P4,path_1,14,7.0,4.75,2.65,-1.570796,1.0,0.25
SORT2__P4__path_1,SORT2,P4,path_1,15,7.5,4.75,2.15,-1.570796,1.0,0.25
SORT2__P4__path_1,SORT2,P4,path_1,16,8.0,4.821,1.679,-0.785398,1.0,0.25
SORT2__P4__path_1,SORT2,P4,path_1,17,8.383,4.95,1.35,-0.785398,1.0,0.25
SORT2__P5__path_1,SORT2,P5,path_1,0,0.0,10.35,4.05,3.141593,1.0,0.25
SORT2__P5__path_1,SORT2,P5,path_1,1,0.5,9.85,4.05,3.141593,1.0,0.25
SORT2__P5__path_1,SORT2,P5,path_1,2,1.0,9.35,4.05,3.141593,1.0,0.25
SORT2__P5__path_1,SORT2,P5,path_1,3,1.5,8.85,4.05,3.141593,1.0,0.25
SORT2__P5__path_1,SORT2,P5,path_1,4,2.0,8.35,4.05,3.141593,1.0,0.25
SORT2__P5__path_1,SORT2,P5,path_1,5,2.5,7.85,4.05,3.141593,1.0,0.25
SORT2__P5__path_1,SORT2,P5,path_1,6,3.0,7.35,4.05,3.141593,1.0,0.25
SORT2__P5__path_1,SORT2,P5,path_1,7,3.5,6.85,4.05,3.141593,1.0,0.25
SORT2__P5__path_1,SORT2,P5,path_1,8,4.0,6.35,4.05,3.141593,1.0,0.25
SORT2__P5__path_1,SORT2,P5,path_1,9,4.5,5.85,4.05,3.141593,1.0,0.25
SORT2__P5__path_1,SORT2,P5,path_1,10,4.7,5.65,4.05,3.141593,1.0,0.25
SORT2__P6__path_1,SORT2,P6,path_1,0,0.0,10.35,4.05,2.356194,1.0,0.25
SORT2__P6__path_1,SORT2,P6,path_1,1,0.5,9.996,4.404,2.356194,1.0,0.25
SORT2__P6__path_1,SORT2,P6,path_1,2,1.0,9.584,4.616,2.356194,1.0,0.25
SORT2__P6__path_1,SORT2,P6,path_1,3,1.5,9.231,4.969,2.356194,1.0,0.25
SORT2__P6__path_1,SORT2,P6,path_1,4,2.0,8.877,5.323,2.356194,1.0,0.25
SORT2__P6__path_1,SORT2,P6,path_1,5,2.5,8.465,5.535,2.356194,1.0,0.25
SORT2__P6__path_1,SORT2,P6,path_1,6,3.0,8.054,5.75,3.141593,1.0,0.25
SORT2__P6__path_1,SORT2,P6,path_1,7,3.104,7.95,5.75,3.141593,1.0,0.25
SORT2__P7__path_1,SORT2,P7,path_1,0,0.0,10.35,4.05,-2.356194,1.0,0.25
SORT2__P7__path_1,SORT2,P7,path_1,1,0.5,9.933,3.85,3.141593,1.0,0.25
SORT2__P7__path_1,SORT2,P7,path_1,2,1.0,9.433,3.85,3.141593,1.0,0.25
SORT2__P7__path_1,SORT2,P7,path_1,3,1.5,9.055,3.555,-2.356194,1.0,0.25
SORT2__P7__path_1,SORT2,P7,path_1,4,2.0,8.681,3.25,3.141593,1.0,0.25
SORT2__P7__path_1,SORT2,P7,path_1,5,2.5,8.181,3.25,3.141593,1.0,0.25
SORT2__P7__path_1,SORT2,P7,path_1,6,3.0,7.681,3.25,3.141593,1.0,0.25
SORT2__P7__path_1,SORT2,P7,path_1,7,3.5,7.25,3.181,-1.570796,1.0,0.25
SORT2__P7__path_1,SORT2,P7,path_1,8,4.0,7.25,2.681,-1.570796,1.0,0.25
SORT2__P7__path_1,SORT2,P7,path_1,9,4.5,7.25,2.181,-1.570796,1.0,0.25
SORT2__P7__path_1,SORT2,P7,path_1,10,5.0,7.25,1.681,-1.570796,1.0,0.25
SORT2__P7__path_1,SORT2,P7,path_1,11,5.5,7.25,1.181,-1.570796,1.0,0.25
SORT2__P7__path_1,SORT2,P7,path_1,12,5.631,7.25,1.05,-1.570796,1.0,0.25
SORT2__P8__path_1,SORT2,P8,path_1,0,0.0,10.35,4.05,-2.356194,1.0,0.25
SORT2__P8__path_1,SORT2,P8,path_1,1,0.5,9.996,3.696,-2.356194,1.0,0.25
SORT2__P8__path_1,SORT2,P8,path_1,2,1.0,9.643,3.343,-2.356194,1.0,0.25
SORT2__P8__path_1,SORT2,P8,path_1,3,1.5,9.289,2.989,-2.356194,1.0,0.25
SORT2__P8__path_1,SORT2,P8,path_1,4,2.0,8.95,2.63,-1.570796,1.0,0.25
SORT2__P8__path_1,SORT2,P8,path_1,5,2.321,8.85,2.35,-1.570796,1.0,0.25
SORT2__P9__path_1,SORT2,P9,path_1,0,0.0,10.35,4.05,3.141593,1.0,0.25
SORT2__P9__path_1,SORT2,P9,path_1,1,0.5,9.85,4.05,3.141593,1.0,0.25
SORT2__P9__path_1,SORT2,P9,path_1,2,1.0,9.35,4.05,3.141593,1.0,0.25
SORT2__P9__path_1,SORT2,P9,path_1,3,1.5,8.85,4.05,3.141593,1.0,0.25
SORT2__P9__path_1,SORT2,P9,path_1,4,2.0,8.35,4.05,3.141593,1.0,0.25
SORT2__P9__path_1,SORT2,P9,path_1,5,2.5,7.85,4.05,3.141593,1.0,0.25
SORT2__P9__path_1,SORT2,P9,path_1,6,3.0,7.35,4.05,3.141593,1.0,0.25
SORT2__P9__path_1,SORT2,P9,path_1,7,3.5,6.85,4.05,3.141593,1.0,0.25
SORT2__P9__path_1,SORT2,P9,path_1,8,4.0,6.35,4.05,3.141593,1.0,0.25
SORT2__P9__path_1,SORT2,P9,path_1,9,4.5,6.05,4.25,1.570796,1.0,0.25
SORT2__P9__path_1,SORT2,P9,path_1,10,5.0,6.05,4.75,1.570796,1.0,0.25
SORT2__P9__path_1,SORT2,P9,path_1,11,5.3,6.05,5.05,1.570796,1.0,0.25
SORT2__SORT1__path_1,SORT2,SORT1,path_1,0,0.0,10.35,4.05,-1.570796,1.0,0.25
SORT2__SORT1__path_1,SORT2,SORT1,path_1,1,0.5,10.35,3.55,-1.570796,1.0,0.25
SORT2__SORT1__path_1,SORT2,SORT1,path_1,2,1.0,10.35,3.05,-1.570796,1.0,0.25
SORT2__SORT1__path_1,SORT2,SORT1,path_1,3,1.5,10.067,2.667,-2.356194,1.0,0.25
SORT2__SORT1__path_1,SORT2,SORT1,path_1,4,2.0,9.75,2.299,-1.570796,1.0,0.25
SORT2__SORT1__path_1,SORT2,SORT1,path_1,5,2.149,9.75,2.15,-1.570796,1.0,0.25
SORT2__OUT1__path_1,SORT2,OUT1,path_1,0,0.0,10.35,4.05,-0.785398,1.0,0.25
SORT2__OUT1__path_1,SORT2,OUT1,path_1,1,0.5,10.704,3.696,-0.785398,1.0,0.25
SORT2__OUT1__path_1,SORT2,OUT1,path_1,2,1.0,11.057,3.343,-0.785398,1.0,0.25
SORT2__OUT1__path_1,SORT2,OUT1,path_1,3,1.5,11.411,2.989,-0.785398,1.0,0.25
SORT2__OUT1__path_1,SORT2,OUT1,path_1,4,2.0,11.75,2.63,-1.570796,1.0,0.25
SORT2__OUT1__path_1,SORT2,OUT1,path_1,5,2.5,11.95,2.213,-1.570796,1.0,0.25
SORT2__OUT1__path_1,SORT2,OUT1,path_1,6,2.804,12.05,1.95,-1.570796,1.0,0.25
SORT2__OUT2__path_1,SORT2,OUT2,path_1,0,0.0,10.35,4.05,0.0,1.0,0.25
SORT2__OUT2__path_1,SORT2,OUT2,path_1,1,0.5,10.85,4.05,0.0,1.0,0.25
SORT2__OUT2__path_1,SORT2,OUT2,path_1,2,1.0,11.35,4.05,0.0,1.0,0.25
SORT2__OUT2__path_1,SORT2,OUT2,path_1,3,1.5,11.85,4.05,0.0,1.0,0.25
SORT2__OUT2__path_1,SORT2,OUT2,path_1,4,1.741,12.05,3.95,0.0,1.0,0.25
SORT2__CHG1__path_1,SORT2,CHG1,path_1,0,0.0,10.35,4.05,3.141593,1.0,0.25
SORT2__CHG1__path_1,SORT2,CHG1,path_1,1,0.5,9.85,4.05,3.141593,1.0,0.25
SORT2__CHG1__path_1,SORT2,CHG1,path_1,2,1.0,9.35,4.05,3.141593,1.0,0.25
SORT2__CHG1__path_1,SORT2,CHG1,path_1,3,1.5,8.85,4.05,3.141593,1.0,0.25
SORT2__CHG1__path_1,SORT2,CHG1,path_1,4,2.0,8.35,4.05,3.141593,1.0,0.25
SORT2__CHG1__path_1,SORT2,CHG1,path_1,5,2.5,7.85,4.05,3.141593,1.0,0.25
SORT2__CHG1__path_1,SORT2,CHG1,path_1,6,3.0,7.35,4.05,3.141593,1.0,0.25
SORT2__CHG1__path_1,SORT2,CHG1,path_1,7,3.5,6.85,4.05,3.141593,1.0,0.25
SORT2__CHG1__path_1,SORT2,CHG1,path_1,8,4.0,6.35,4.05,3.141593,1.0,0.25
SORT2__CHG1__path_1,SORT2,CHG1,path_1,9,4.5,5.85,4.05,3.141593,1.0,0.25
SORT2__CHG1__path_1,SORT2,CHG1,path_1,10,5.0,5.35,4.05,3.141593,1.0,0.25
SORT2__CHG1__path_1,SORT2,CHG1,path_1,11,5.5,4.85,4.05,3.141593,1.0,0.25
SORT2__CHG1__path_1,SORT2,CHG1,path_1,12,6.0,4.467,3.767,-2.356194,1.0,0.25
SORT2__CHG1__path_1,SORT2,CHG1,path_1,13,6.5,4.114,3.414,-2.356194,1.0,0.25
SORT2__CHG1__path_1,SORT2,CHG1,path_1,14,7.0,3.723,3.15,3.141593,1.0,0.25
SORT2__CHG1__path_1,SORT2,CHG1,path_1,15,7.5,3.223,3.15,3.141593,1.0,0.25
SORT2__CHG1__path_1,SORT2,CHG1,path_1,16,8.0,2.819,2.919,-2.356194,1.0,0.25
SORT2__CHG1__path_1,SORT2,CHG1,path_1,17,8.5,2.465,2.565,-2.356194,1.0,0.25
SORT2__CHG1__path_1,SORT2,CHG1,path_1,18,9.0,2.112,2.212,-2.356194,1.0,0.25
SORT2__CHG1__path_1,SORT2,CHG1,path_1,19,9.5,1.85,1.82,-1.570796,1.0,0.25
SORT2__CHG1__path_1,SORT2,CHG1,path_1,20,10.0,1.65,1.403,-1.570796,1.0,0.25
SORT2__CHG1__path_1,SORT2,CHG1,path_1,21,10.5,1.475,0.975,-2.356194,1.0,0.25
SORT2__CHG1__path_1,SORT2,CHG1,path_1,22,11.0,1.263,0.563,-2.356194,1.0,0.25
SORT2__CHG1__path_1,SORT2,CHG1,path_1,23,11.5,1.122,0.122,-2.356194,1.0,0.25
SORT2__CHG1__path_1,SORT2,CHG1,path_1,24,11.601,1.05,0.05,-2.356194,1.0,0.25
SORT2__CHG2__path_1,SORT2,CHG2,path_1,0,0.0,10.35,4.05,-1.570796,1.0,0.25
SORT2__CHG2__path_1,SORT2,CHG2,path_1,1,0.5,10.35,3.55,-1.570796,1.0,0.25
SORT2__CHG2__path_1,SORT2,CHG2,path_1,2,1.0,10.35,3.05,-1.570796,1.0,0.25
SORT2__CHG2__path_1,SORT2,CHG2,path_1,3,1.5,10.067,2.667,-2.356194,1.0,0.25
SORT2__CHG2__path_1,SORT2,CHG2,path_1,4,2.0,9.75,2.299,-1.570796,1.0,0.25
SORT2__CHG2__path_1,SORT2,CHG2,path_1,5,2.5,9.75,1.799,-1.570796,1.0,0.25
SORT2__CHG2__path_1,SORT2,CHG2,path_1,6,3.0,9.643,1.343,-2.356194,1.0,0.25
SORT2__CHG2__path_1,SORT2,CHG2,path_1,7,3.5,9.45,0.923,-1.570796,1.0,0.25
SORT2__CHG2__path_1,SORT2,CHG2,path_1,8,4.0,9.25,0.506,-1.570796,1.0,0.25
SORT2__CHG2__path_1,SORT2,CHG2,path_1,9,4.5,9.077,0.077,-2.356194,1.0,0.25
SORT2__CHG2__path_1,SORT2,CHG2,path_1,10,4.538,9.05,0.05,-2.356194,1.0,0.25
OUT1__IN1__path_1,OUT1,IN1,path_1,0,0.0,12.05,1.95,3.141593,1.0,0.25
OUT1__IN1__path_1,OUT1,IN1,path_1,1,0.5,11.55,1.95,3.141593,1.0,0.25
OUT1__IN1__path_1,OUT1,IN1,path_1,2,1.0,11.05,1.95,3.141593,1.0,0.25
OUT1__IN1__path_1,OUT1,IN1,path_1,3,1.5,10.667,1.667,-2.356194,1.0,0.25
OUT1__IN1__path_1,OUT1,IN1,path_1,4,2.0,10.299,1.35,3.141593,1.0,0.25
OUT1__IN1__path_1,OUT1,IN1,path_1,5,2.5,9.799,1.35,3.141593,1.0,0.25
OUT1__IN1__path_1,OUT1,IN1,path_1,6,3.0,9.431,1.031,-2.356194,1.0,0.25
OUT1__IN1__path_1,OUT1,IN1,path_1,7,3.5,9.077,0.677,-2.356194,1.0,0.25
OUT1__IN1__path_1,OUT1,IN1,path_1,8,4.0,8.671,0.45,3.141593,1.0,0.25
OUT1__IN1__path_1,OUT1,IN1,path_1,9,4.5,8.171,0.45,3.141593,1.0,0.25
OUT1__IN1__path_1,OUT1,IN1,path_1,10,5.0,7.671,0.45,3.141593,1.0,0.25
OUT1__IN1__path_1,OUT1,IN1,path_1,11,5.5,7.171,0.45,3.141593,1.0,0.25
OUT1__IN1__path_1,OUT1,IN1,path_1,12,6.0,6.713,0.35,3.141593,1.0,0.25
OUT1__IN1__path_1,OUT1,IN1,path_1,13,6.5,6.213,0.35,3.141593,1.0,0.25
OUT1__IN1__path_1,OUT1,IN1,path_1,14,7.0,5.713,0.35,3.141593,1.0,0.25
OUT1__IN1__path_1,OUT1,IN1,path_1,15,7.5,5.213,0.35,3.141593,1.0,0.25
OUT1__IN1__path_1,OUT1,IN1,path_1,16,8.0,4.713,0.35,3.141593,1.0,0.25
OUT1__IN1__path_1,OUT1,IN1,path_1,17,8.5,4.254,0.25,3.141593,1.0,0.25
OUT1__IN1__path_1,OUT1,IN1,path_1,18,9.0,3.754,0.25,3.141593,1.0,0.25
OUT1__IN1__path_1,OUT1,IN1,path_1,19,9.5,3.254,0.25,3.141593,1.0,0.25
OUT1__IN1__path_1,OUT1,IN1,path_1,20,10.0,2.754,0.25,3.141593,1.0,0.25
OUT1__IN1__path_1,OUT1,IN1,path_1,21,10.5,2.254,0.25,3.141593,1.0,0.25
OUT1__IN1__path_1,OUT1,IN1,path_1,22,11.0,1.754,0.25,3.141593,1.0,0.25
OUT1__IN1__path_1,OUT1,IN1,path_1,23,11.5,1.341,0.459,2.356194,1.0,0.25
OUT1__IN1__path_1,OUT1,IN1,path_1,24,12.0,0.92,0.65,3.141593,1.0,0.25
OUT1__IN1__path_1,OUT1,IN1,path_1,25,12.5,0.503,0.85,3.141593,1.0,0.25
OUT1__IN1__path_1,OUT1,IN1,path_1,26,13.0,0.075,1.025,2.356194,1.0,0.25
OUT1__IN1__path_1,OUT1,IN1,path_1,27,13.036,0.05,1.05,2.356194,1.0,0.25
OUT1__IN2__path_1,OUT1,IN2,path_1,0,0.0,12.05,1.95,3.141593,1.0,0.25
OUT1__IN2__path_1,OUT1,IN2,path_1,1,0.5,11.55,1.95,3.141593,1.0,0.25
OUT1__IN2__path_1,OUT1,IN2,path_1,2,1.0,11.05,1.95,3.141593,1.0,0.25
OUT1__IN2__path_1,OUT1,IN2,path_1,3,1.5,10.667,2.233,2.356194,1.0,0.25
OUT1__IN2__path_1,OUT1,IN2,path_1,4,2.0,10.299,2.55,3.141593,1.0,0.25
OUT1__IN2__path_1,OUT1,IN2,path_1,5,2.5,9.814,2.586,2.356194,1.0,0.25
OUT1__IN2__path_1,OUT1,IN2,path_1,6,3.0,9.46,2.94,2.356194,1.0,0.25
OUT1__IN2__path_1,OUT1,IN2,path_1,7,3.5,9.106,3.294,2.356194,1.0,0.25
OUT1__IN2__path_1,OUT1,IN2,path_1,8,4.0,8.753,3.647,2.356194,1.0,0.25
OUT1__IN2__path_1,OUT1,IN2,path_1,9,4.5,8.254,3.65,3.141593,1.0,0.25
OUT1__IN2__path_1,OUT1,IN2,path_1,10,5.0,7.754,3.65,3.141593,1.0,0.25
OUT1__IN2__path_1,OUT1,IN2,path_1,11,5.5,7.254,3.65,3.141593,1.0,0.25
OUT1__IN2__path_1,OUT1,IN2,path_1,12,6.0,6.812,3.788,2.356194,1.0,0.25
OUT1__IN2__path_1,OUT1,IN2,path_1,13,6.5,6.42,4.05,3.141593,1.0,0.25
OUT1__IN2__path_1,OUT1,IN2,path_1,14,7.0,5.92,4.05,3.141593,1.0,0.25
OUT1__IN2__path_1,OUT1,IN2,path_1,15,7.5,5.42,4.05,3.141593,1.0,0.25
OUT1__IN2__path_1,OUT1,IN2,path_1,16,8.0,4.92,4.05,3.141593,1.0,0.25
OUT1__IN2__path_1,OUT1,IN2,path_1,17,8.5,4.42,4.05,3.141593,1.0,0.25
OUT1__IN2__path_1,OUT1,IN2,path_1,18,9.0,3.92,4.05,3.141593,1.0,0.25
OUT1__IN2__path_1,OUT1,IN2,path_1,19,9.5,3.42,4.05,3.141593,1.0,0.25
OUT1__IN2__path_1,OUT1,IN2,path_1,20,10.0,2.92,4.05,3.141593,1.0,0.25
OUT1__IN2__path_1,OUT1,IN2,path_1,21,10.5,2.42,4.05,3.141593,1.0,0.25
OUT1__IN2__path_1,OUT1,IN2,path_1,22,11.0,1.929,4.071,2.356194,1.0,0.25
OUT1__IN2__path_1,OUT1,IN2,path_1,23,11.5,1.517,4.283,2.356194,1.0,0.25
OUT1__IN2__path_1,OUT1,IN2,path_1,24,12.0,1.086,4.45,3.141593,1.0,0.25
OUT1__IN2__path_1,OUT1,IN2,path_1,25,12.5,0.668,4.65,3.141593,1.0,0.25
OUT1__IN2__path_1,OUT1,IN2,path_1,26,13.0,0.251,4.85,3.141593,1.0,0.25
OUT1__IN2__path_1,OUT1,IN2,path_1,27,13.243,0.05,4.95,3.141593,1.0,0.25
OUT1__P1__path_1,OUT1,P1,path_1,0,0.0,12.05,1.95,3.141593,1.0,0.25
OUT1__P1__path_1,OUT1,P1,path_1,1,0.5,11.55,1.95,3.141593,1.0,0.25
OUT1__P1__path_1,OUT1,P1,path_1,2,1.0,11.05,1.95,3.141593,1.0,0.25
OUT1__P1__path_1,OUT1,P1,path_1,3,1.5,10.667,1.667,-2.356194,1.0,0.25
OUT1__P1__path_1,OUT1,P1,path_1,4,2.0,10.299,1.35,3.141593,1.0,0.25
OUT1__P1__path_1,OUT1,P1,path_1,5,2.5,9.799,1.35,3.141593,1.0,0.25
OUT1__P1__path_1,OUT1,P1,path_1,6,3.0,9.431,1.031,-2.356194,1.0,0.25
OUT1__P1__path_1,OUT1,P1,path_1,7,3.5,9.077,0.677,-2.356194,1.0,0.25
OUT1__P1__path_1,OUT1,P1,path_1,8,4.0,8.671,0.45,3.141593,1.0,0.25
OUT1__P1__path_1,OUT1,P1,path_1,9,4.5,8.171,0.45,3.141593,1.0,0.25
OUT1__P1__path_1,OUT1,P1,path_1,10,5.0,7.671,0.45,3.141593,1.0,0.25
OUT1__P1__path_1,OUT1,P1,path_1,11,5.5,7.171,0.45,3.141593,1.0,0.25
OUT1__P1__path_1,OUT1,P1,path_1,12,6.0,6.713,0.35,3.141593,1.0,0.25
OUT1__P1__path_1,OUT1,P1,path_1,13,6.5,6.213,0.35,3.141593,1.0,0.25
OUT1__P1__path_1,OUT1,P1,path_1,14,7.0,5.713,0.35,3.141593,1.0,0.25
OUT1__P1__path_1,OUT1,P1,path_1,15,7.5,5.213,0.35,3.141593,1.0,0.25
OUT1__P1__path_1,OUT1,P1,path_1,16,8.0,4.713,0.35,3.141593,1.0,0.25
OUT1__P1__path_1,OUT1,P1,path_1,17,8.5,4.254,0.25,3.141593,1.0,0.25
OUT1__P1__path_1,OUT1,P1,path_1,18,9.0,3.754,0.25,3.141593,1.0,0.25
OUT1__P1__path_1,OUT1,P1,path_1,19,9.5,3.254,0.25,3.141593,1.0,0.25
OUT1__P1__path_1,OUT1,P1,path_1,20,10.0,3.05,0.546,1.570796,1.0,0.25
OUT1__P1__path_1,OUT1,P1,path_1,21,10.446,2.95,0.95,1.570796,1.0,0.25
OUT1__P2__path_1,OUT1,P2,path_1,0,0.0,12.05,1.95,3.141593,1.0,0.25
OUT1__P2__path_1,OUT1,P2,path_1,1,0.5,11.55,1.95,3.141593,1.0,0.25
OUT1__P2__path_1,OUT1,P2,path_1,2,1.0,11.05,1.95,3.141593,1.0,0.25
OUT1__P2__path_1,OUT1,P2,path_1,3,1.5,10.667,1.667,-2.356194,1.0,0.25
OUT1__P2__path_1,OUT1,P2,path_1,4,2.0,10.299,1.35,3.141593,1.0,0.25
OUT1__P2__path_1,OUT1,P2,path_1,5,2.5,9.799,1.35,3.141593,1.0,0.25
OUT1__P2__path_1,OUT1,P2,path_1,6,3.0,9.431,1.031,-2.356194,1.0,0.25
OUT1__P2__path_1,OUT1,P2,path_1,7,3.5,9.077,0.677,-2.356194,1.0,0.25
OUT1__P2__path_1,OUT1,P2,path_1,8,4.0,8.671,0.45,3.141593,1.0,0.25
OUT1__P2__path_1,OUT1,P2,path_1,9,4.5,8.171,0.45,3.141593,1.0,0.25
OUT1__P2__path_1,OUT1,P2,path_1,10,5.0,7.671,0.45,3.141593,1.0,0.25
OUT1__P2__path_1,OUT1,P2,path_1,11,5.5,7.171,0.45,3.141593,1.0,0.25
OUT1__P2__path_1,OUT1,P2,path_1,12,6.0,6.713,0.35,3.141593,1.0,0.25
OUT1__P2__path_1,OUT1,P2,path_1,13,6.5,6.213,0.35,3.141593,1.0,0.25
OUT1__P2__path_1,OUT1,P2,path_1,14,7.0,5.713,0.35,3.141593,1.0,0.25
OUT1__P2__path_1,OUT1,P2,path_1,15,7.5,5.213,0.35,3.141593,1.0,0.25
OUT1__P2__path_1,OUT1,P2,path_1,16,8.0,4.95,0.587,1.570796,1.0,0.25
OUT1__P2__path_1,OUT1,P2,path_1,17,8.5,4.95,1.087,1.570796,1.0,0.25
OUT1__P2__path_1,OUT1,P2,path_1,18,9.0,4.924,1.576,2.356194,1.0,0.25
OUT1__P2__path_1,OUT1,P2,path_1,19,9.5,4.712,1.988,2.356194,1.0,0.25
OUT1__P2__path_1,OUT1,P2,path_1,20,9.928,4.55,2.35,2.356194,1.0,0.25
OUT1__P3__path_1,OUT1,P3,path_1,0,0.0,12.05,1.95,3.141593,1.0,0.25
OUT1__P3__path_1,OUT1,P3,path_1,1,0.5,11.55,1.95,3.141593,1.0,0.25
OUT1__P3__path_1,OUT1,P3,path_1,2,1.0,11.05,1.95,3.141593,1.0,0.25
OUT1__P3__path_1,OUT1,P3,path_1,3,1.5,10.667,2.233,2.356194,1.0,0.25
OUT1__P3__path_1,OUT1,P3,path_1,4,2.0,10.299,2.55,3.141593,1.0,0.25
OUT1__P3__path_1,OUT1,P3,path_1,5,2.5,9.814,2.586,2.356194,1.0,0.25
OUT1__P3__path_1,OUT1,P3,path_1,6,3.0,9.46,2.94,2.356194,1.0,0.25
OUT1__P3__path_1,OUT1,P3,path_1,7,3.5,9.106,3.294,2.356194,1.0,0.25
OUT1__P3__path_1,OUT1,P3,path_1,8,4.0,8.753,3.647,2.356194,1.0,0.25
OUT1__P3__path_1,OUT1,P3,path_1,9,4.5,8.254,3.65,3.141593,1.0,0.25
OUT1__P3__path_1,OUT1,P3,path_1,10,5.0,7.754,3.65,3.141593,1.0,0.25
OUT1__P3__path_1,OUT1,P3,path_1,11,5.5,7.254,3.65,3.141593,1.0,0.25
OUT1__P3__path_1,OUT1,P3,path_1,12,6.0,6.812,3.788,2.356194,1.0,0.25
OUT1__P3__path_1,OUT1,P3,path_1,13,6.5,6.42,4.05,3.141593,1.0,0.25
OUT1__P3__path_1,OUT1,P3,path_1,14,7.0,5.958,4.142,2.356194,1.0,0.25
OUT1__P3__path_1,OUT1,P3,path_1,15,7.5,5.461,4.15,3.141593,1.0,0.25
OUT1__P3__path_1,OUT1,P3,path_1,16,8.0,4.961,4.15,3.141593,1.0,0.25
OUT1__P3__path_1,OUT1,P3,path_1,17,8.5,4.461,4.15,3.141593,1.0,0.25
OUT1__P3__path_1,OUT1,P3,path_1,18,9.0,3.961,4.15,3.141593,1.0,0.25
OUT1__P3__path_1,OUT1,P3,path_1,19,9.5,3.55,4.239,1.570796,1.0,0.25
OUT1__P3__path_1,OUT1,P3,path_1,20,10.0,3.55,4.739,1.570796,1.0,0.25
OUT1__P3__path_1,OUT1,P3,path_1,21,10.5,3.55,5.239,1.570796,1.0,0.25
OUT1__P3__path_1,OUT1,P3,path_1,22,10.511,3.55,5.25,1.570796,1.0,0.25
OUT1__P4__path_1,OUT1,P4,path_1,0,0.0,12.05,1.95,3.141593,1.0,0.25
OUT1__P4__path_1,OUT1,P4,path_1,1,0.5,11.55,1.95,3.141593,1.0,0.25
OUT1__P4__path_1,OUT1,P4,path_1,2,1.0,11.05,1.95,3.141593,1.0,0.25
OUT1__P4__path_1,OUT1,P4,path_1,3,1.5,10.667,1.667,-2.356194,1.0,0.25
OUT1__P4__path_1,OUT1,P4,path_1,4,2.0,10.299,1.35,3.141593,1.0,0.25
OUT1__P4__path_1,OUT1,P4,path_1,5,2.5,9.799,1.35,3.141593,1.0,0.25
OUT1__P4__path_1,OUT1,P4,path_1,6,3.0,9.431,1.031,-2.356194,1.0,0.25
OUT1__P4__path_1,OUT1,P4,path_1,7,3.5,9.077,0.677,-2.356194,1.0,0.25
OUT1__P4__path_1,OUT1,P4,path_1,8,4.0,8.671,0.45,3.141593,1.0,0.25
OUT1__P4__path_1,OUT1,P4,path_1,9,4.5,8.171,0.45,3.141593,1.0,0.25
OUT1__P4__path_1,OUT1,P4,path_1,10,5.0,7.671,0.45,3.141593,1.0,0.25
OUT1__P4__path_1,OUT1,P4,path_1,11,5.5,7.171,0.45,3.141593,1.0,0.25
OUT1__P4__path_1,OUT1,P4,path_1,12,6.0,6.713,0.35,3.141593,1.0,0.25
OUT1__P4__path_1,OUT1,P4,path_1,13,6.5,6.213,0.35,3.141593,1.0,0.25
OUT1__P4__path_1,OUT1,P4,path_1,14,7.0,5.713,0.35,3.141593,1.0,0.25
OUT1__P4__path_1,OUT1,P4,path_1,15,7.5,5.213,0.35,3.141593,1.0,0.25
OUT1__P4__path_1,OUT1,P4,path_1,16,8.0,4.95,0.587,1.570796,1.0,0.25
OUT1__P4__path_1,OUT1,P4,path_1,17,8.5,4.95,1.087,1.570796,1.0,0.25
OUT1__P4__path_1,OUT1,P4,path_1,18,8.763,4.95,1.35,1.570796,1.0,0.25
OUT1__P5__path_1,OUT1,P5,path_1,0,0.0,12.05,1.95,3.141593,1.0,0.25
OUT1__P5__path_1,OUT1,P5,path_1,1,0.5,11.55,1.95,3.141593,1.0,0.25
OUT1__P5__path_1,OUT1,P5,path_1,2,1.0,11.05,1.95,3.141593,1.0,0.25
OUT1__P5__path_1,OUT1,P5,path_1,3,1.5,10.667,2.233,2.356194,1.0,0.25
OUT1__P5__path_1,OUT1,P5,path_1,4,2.0,10.299,2.55,3.141593,1.0,0.25
OUT1__P5__path_1,OUT1,P5,path_1,5,2.5,9.814,2.586,2.356194,1.0,0.25
OUT1__P5__path_1,OUT1,P5,path_1,6,3.0,9.46,2.94,2.356194,1.0,0.25
OUT1__P5__path_1,OUT1,P5,path_1,7,3.5,9.106,3.294,2.356194,1.0,0.25
OUT1__P5__path_1,OUT1,P5,path_1,8,4.0,8.753,3.647,2.356194,1.0,0.25
OUT1__P5__path_1,OUT1,P5,path_1,9,4.5,8.254,3.65,3.141593,1.0,0.25
OUT1__P5__path_1,OUT1,P5,path_1,10,5.0,7.754,3.65,3.141593,1.0,0.25
OUT1__P5__path_1,OUT1,P5,path_1,11,5.5,7.254,3.65,3.141593,1.0,0.25
OUT1__P5__path_1,OUT1,P5,path_1,12,6.0,6.812,3.788,2.356194,1.0,0.25
OUT1__P5__path_1,OUT1,P5,path_1,13,6.5,6.42,4.05,3.141593,1.0,0.25
OUT1__P5__path_1,OUT1,P5,path_1,14,7.0,5.92,4.05,3.141593,1.0,0.25
OUT1__P5__path_1,OUT1,P5,path_1,15,7.27,5.65,4.05,3.141593,1.0,0.25
OUT1__P6__path_1,OUT1,P6,path_1,0,0.0,12.05,1.95,2.356194,1.0,0.25
OUT1__P6__path_1,OUT1,P6,path_1,1,0.5,11.696,2.304,2.356194,1.0,0.25
OUT1__P6__path_1,OUT1,P6,path_1,2,1.0,11.343,2.657,2.356194,1.0,0.25
OUT1__P6__path_1,OUT1,P6,path_1,3,1.5,10.989,3.011,2.356194,1.0,0.25
OUT1__P6__path_1,OUT1,P6,path_1,4,2.0,10.636,3.364,2.356194,1.0,0.25
OUT1__P6__path_1,OUT1,P6,path_1,5,2.5,10.282,3.718,2.356194,1.0,0.25
OUT1__P6__path_1,OUT1,P6,path_1,6,3.0,9.929,4.071,2.356194,1.0,0.25
OUT1__P6__path_1,OUT1,P6,path_1,7,3.5,9.575,4.425,2.356194,1.0,0.25
OUT1__P6__path_1,OUT1,P6,path_1,8,4.0,9.222,4.778,2.356194,1.0,0.25
OUT1__P6__path_1,OUT1,P6,path_1,9,4.5,8.868,5.132,2.356194,1.0,0.25
OUT1__P6__path_1,OUT1,P6,path_1,10,5.0,8.514,5.486,2.356194,1.0,0.25
OUT1__P6__path_1,OUT1,P6,path_1,11,5.5,8.124,5.75,3.141593,1.0,0.25
OUT1__P6__path_1,OUT1,P6,path_1,12,5.674,7.95,5.75,3.141593,1.0,0.25
OUT1__P7__path_1,OUT1,P7,path_1,0,0.0,12.05,1.95,3.141593,1.0,0.25
OUT1__P7__path_1,OUT1,P7,path_1,1,0.5,11.55,1.95,3.141593,1.0,0.25
OUT1__P7__path_1,OUT1,P7,path_1,2,1.0,11.05,1.95,3.141593,1.0,0.25
OUT1__P7__path_1,OUT1,P7,path_1,3,1.5,10.667,1.667,-2.356194,1.0,0.25
OUT1__P7__path_1,OUT1,P7,path_1,4,2.0,10.299,1.35,3.141593,1.0,0.25
OUT1__P7__path_1,OUT1,P7,path_1,5,2.5,9.799,1.35,3.141593,1.0,0.25
OUT1__P7__path_1,OUT1,P7,path_1,6,3.0,9.431,1.031,-2.356194,1.0,0.25
OUT1__P7__path_1,OUT1,P7,path_1,7,3.5,9.077,0.677,-2.356194,1.0,0.25
OUT1__P7__path_1,OUT1,P7,path_1,8,4.0,8.671,0.45,3.141593,1.0,0.25
OUT1__P7__path_1,OUT1,P7,path_1,9,4.5,8.171,0.45,3.141593,1.0,0.25
OUT1__P7__path_1,OUT1,P7,path_1,10,5.0,7.671,0.45,3.141593,1.0,0.25
OUT1__P7__path_1,OUT1,P7,path_1,11,5.5,7.25,0.529,1.570796,1.0,0.25
OUT1__P7__path_1,OUT1,P7,path_1,12,6.0,7.25,1.029,1.570796,1.0,0.25
OUT1__P7__path_1,OUT1,P7,path_1,13,6.021,7.25,1.05,1.570796,1.0,0.25
OUT1__P8__path_1,OUT1,P8,path_1,0,0.0,12.05,1.95,3.141593,1.0,0.25
OUT1__P8__path_1,OUT1,P8,path_1,1,0.5,11.55,1.95,3.141593,1.0,0.25
OUT1__P8__path_1,OUT1,P8,path_1,2,1.0,11.05,1.95,3.141593,1.0,0.25
OUT1__P8__path_1,OUT1,P8,path_1,3,1.5,10.579,2.021,2.356194,1.0,0.25
OUT1__P8__path_1,OUT1,P8,path_1,4,2.0,10.216,2.35,3.141593,1.0,0.25
OUT1__P8__path_1,OUT1,P8,path_1,5,2.5,9.716,2.35,3.141593,1.0,0.25
OUT1__P8__path_1,OUT1,P8,path_1,6,3.0,9.216,2.35,3.141593,1.0,0.25
OUT1__P8__path_1,OUT1,P8,path_1,7,3.366,8.85,2.35,3.141593,1.0,0.25
OUT1__P9__path_1,OUT1,P9,path_1,0,0.0,12.05,1.95,2.356194,1.0,0.25
OUT1__P9__path_1,OUT1,P9,path_1,1,0.5,11.696,2.304,2.356194,1.0,0.25
OUT1__P9__path_1,OUT1,P9,path_1,2,1.0,11.255,2.445,2.356194,1.0,0.25
OUT1__P9__path_1,OUT1,P9,path_1,3,1.5,10.901,2.799,2.356194,1.0,0.25
OUT1__P9__path_1,OUT1,P9,path_1,4,2.0,10.506,3.05,3.141593,1.0,0.25
OUT1__P9__path_1,OUT1,P9,path_1,5,2.5,10.077,3.223,2.356194,1.0,0.25
OUT1__P9__path_1,OUT1,P9,path_1,6,3.0,9.665,3.435,2.356194,1.0,0.25
OUT1__P9__path_1,OUT1,P9,path_1,7,3.5,9.224,3.576,2.356194,1.0,0.25
OUT1__P9__path_1,OUT1,P9,path_1,8,4.0,8.812,3.788,2.356194,1.0,0.25
OUT1__P9__path_1,OUT1,P9,path_1,9,4.5,8.399,4.001,2.356194,1.0,0.25
OUT1__P9__path_1,OUT1,P9,path_1,10,5.0,7.92,4.05,3.141593,1.0,0.25
OUT1__P9__path_1,OUT1,P9,path_1,11,5.5,7.42,4.05,3.141593,1.0,0.25
OUT1__P9__path_1,OUT1,P9,path_1,12,6.0,6.92,4.05,3.141593,1.0,0.25
OUT1__P9__path_1,OUT1,P9,path_1,13,6.5,6.42,4.05,3.141593,1.0,0.25
OUT1__P9__path_1,OUT1,P9,path_1,14,7.0,6.05,4.18,1.570796,1.0,0.25
OUT1__P9__path_1,OUT1,P9,path_1,15,7.5,6.05,4.68,1.570796,1.0,0.25
OUT1__P9__path_1,OUT1,P9,path_1,16,7.87,6.05,5.05,1.570796,1.0,0.25
OUT1__SORT1__path_1,OUT1,SORT1,path_1,0,0.0,12.05,1.95,3.141593,1.0,0.25
OUT1__SORT1__path_1,OUT1,SORT1,path_1,1,0.5,11.55,1.95,3.141593,1.0,0.25
OUT1__SORT1__path_1,OUT1,SORT1,path_1,2,1.0,11.05,1.95,3.141593,1.0,0.25
OUT1__SORT1__path_1,OUT1,SORT1,path_1,3,1.5,10.55,1.95,3.141593,1.0,0.25
OUT1__SORT1__path_1,OUT1,SORT1,path_1,4,2.0,10.133,2.15,3.141593,1.0,0.25
OUT1__SORT1__path_1,OUT1,SORT1,path_1,5,2.383,9.75,2.15,3.141593,1.0,0.25
OUT1__SORT2__path_1,OUT1,SORT2,path_1,0,0.0,12.05,1.95,2.356194,1.0,0.25
OUT1__SORT2__path_1,OUT1,SORT2,path_1,1,0.5,11.696,2.304,2.356194,1.0,0.25
OUT1__SORT2__path_1,OUT1,SORT2,path_1,2,1.0,11.343,2.657,2.356194,1.0,0.25
OUT1__SORT2__path_1,OUT1,SORT2,path_1,3,1.5,10.989,3.011,2.356194,1.0,0.25
OUT1__SORT2__path_1,OUT1,SORT2,path_1,4,2.0,10.65,3.37,1.570796,1.0,0.25
OUT1__SORT2__path_1,OUT1,SORT2,path_1,5,2.5,10.45,3.787,1.570796,1.0,0.25
OUT1__SORT2__path_1,OUT1,SORT2,path_1,6,2.804,10.35,4.05,1.570796,1.0,0.25
OUT1__OUT2__path_1,OUT1,OUT2,path_1,0,0.0,12.05,1.95,1.570796,1.0,0.25
OUT1__OUT2__path_1,OUT1,OUT2,path_1,1,0.5,12.05,2.45,1.570796,1.0,0.25
OUT1__OUT2__path_1,OUT1,OUT2,path_1,2,1.0,12.05,2.95,1.570796,1.0,0.25
OUT1__OUT2__path_1,OUT1,OUT2,path_1,3,1.5,12.05,3.45,1.570796,1.0,0.25
OUT1__OUT2__path_1,OUT1,OUT2,path_1,4,2.0,12.05,3.95,1.570796,1.0,0.25
OUT1__CHG1__path_1,OUT1,CHG1,path_1,0,0.0,12.05,1.95,3.141593,1.0,0.25
OUT1__CHG1__path_1,OUT1,CHG1,path_1,1,0.5,11.55,1.95,3.141593,1.0,0.25
OUT1__CHG1__path_1,OUT1,CHG1,path_1,2,1.0,11.05,1.95,3.141593,1.0,0.25
OUT1__CHG1__path_1,OUT1,CHG1,path_1,3,1.5,10.667,1.667,-2.356194,1.0,0.25
OUT1__CHG1__path_1,OUT1,CHG1,path_1,4,2.0,10.299,1.35,3.141593,1.0,0.25
OUT1__CHG1__path_1,OUT1,CHG1,path_1,5,2.5,9.799,1.35,3.141593,1.0,0.25
OUT1__CHG1__path_1,OUT1,CHG1,path_1,6,3.0,9.431,1.031,-2.356194,1.0,0.25
OUT1__CHG1__path_1,OUT1,CHG1,path_1,7,3.5,9.077,0.677,-2.356194,1.0,0.25
OUT1__CHG1__path_1,OUT1,CHG1,path_1,8,4.0,8.671,0.45,3.141593,1.0,0.25
OUT1__CHG1__path_1,OUT1,CHG1,path_1,9,4.5,8.171,0.45,3.141593,1.0,0.25
OUT1__CHG1__path_1,OUT1,CHG1,path_1,10,5.0,7.671,0.45,3.141593,1.0,0.25
OUT1__CHG1__path_1,OUT1,CHG1,path_1,11,5.5,7.171,0.45,3.141593,1.0,0.25
OUT1__CHG1__path_1,OUT1,CHG1,path_1,12,6.0,6.713,0.35,3.141593,1.0,0.25
OUT1__CHG1__path_1,OUT1,CHG1,path_1,13,6.5,6.213,0.35,3.141593,1.0,0.25
OUT1__CHG1__path_1,OUT1,CHG1,path_1,14,7.0,5.713,0.35,3.141593,1.0,0.25
OUT1__CHG1__path_1,OUT1,CHG1,path_1,15,7.5,5.213,0.35,3.141593,1.0,0.25
OUT1__CHG1__path_1,OUT1,CHG1,path_1,16,8.0,4.713,0.35,3.141593,1.0,0.25
OUT1__CHG1__path_1,OUT1,CHG1,path_1,17,8.5,4.254,0.25,3.141593,1.0,0.25
OUT1__CHG1__path_1,OUT1,CHG1,path_1,18,9.0,3.754,0.25,3.141593,1.0,0.25
OUT1__CHG1__path_1,OUT1,CHG1,path_1,19,9.5,3.254,0.25,3.141593,1.0,0.25
OUT1__CHG1__path_1,OUT1,CHG1,path_1,20,10.0,2.754,0.25,3.141593,1.0,0.25
OUT1__CHG1__path_1,OUT1,CHG1,path_1,21,10.5,2.254,0.25,3.141593,1.0,0.25
OUT1__CHG1__path_1,OUT1,CHG1,path_1,22,11.0,1.754,0.25,3.141593,1.0,0.25
OUT1__CHG1__path_1,OUT1,CHG1,path_1,23,11.5,1.296,0.15,3.141593,1.0,0.25
OUT1__CHG1__path_1,OUT1,CHG1,path_1,24,11.787,1.05,0.05,3.141593,1.0,0.25
OUT1__CHG2__path_1,OUT1,CHG2,path_1,0,0.0,12.05,1.95,-2.356194,1.0,0.25
OUT1__CHG2__path_1,OUT1,CHG2,path_1,1,0.5,11.696,1.596,-2.356194,1.0,0.25
OUT1__CHG2__path_1,OUT1,CHG2,path_1,2,1.0,11.255,1.455,-2.356194,1.0,0.25
OUT1__CHG2__path_1,OUT1,CHG2,path_1,3,1.5,10.901,1.101,-2.356194,1.0,0.25
OUT1__CHG2__path_1,OUT1,CHG2,path_1,4,2.0,10.548,0.748,-2.356194,1.0,0.25
OUT1__CHG2__path_1,OUT1,CHG2,path_1,5,2.5,10.13,0.55,3.141593,1.0,0.25
OUT1__CHG2__path_1,OUT1,CHG2,path_1,6,3.0,9.713,0.35,3.141593,1.0,0.25
OUT1__CHG2__path_1,OUT1,CHG2,path_1,7,3.5,9.296,0.15,3.141593,1.0,0.25
OUT1__CHG2__path_1,OUT1,CHG2,path_1,8,3.787,9.05,0.05,3.141593,1.0,0.25
OUT2__IN1__path_1,OUT2,IN1,path_1,0,0.0,12.05,3.95,3.141593,1.0,0.25
OUT2__IN1__path_1,OUT2,IN1,path_1,1,0.5,11.55,3.95,3.141593,1.0,0.25
OUT2__IN1__path_1,OUT2,IN1,path_1,2,1.0,11.05,3.95,3.141593,1.0,0.25
OUT2__IN1__path_1,OUT2,IN1,path_1,3,1.5,10.55,3.95,3.141593,1.0,0.25
OUT2__IN1__path_1,OUT2,IN1,path_1,4,2.0,10.05,3.95,3.141593,1.0,0.25
OUT2__IN1__path_1,OUT2,IN1,path_1,5,2.5,9.55,3.95,3.141593,1.0,0.25
OUT2__IN1__path_1,OUT2,IN1,path_1,6,3.0,9.05,3.95,3.141593,1.0,0.25
OUT2__IN1__path_1,OUT2,IN1,path_1,7,3.5,8.55,3.95,3.141593,1.0,0.25
OUT2__IN1__path_1,OUT2,IN1,path_1,8,4.0,8.05,3.95,3.141593,1.0,0.25
OUT2__IN1__path_1,OUT2,IN1,path_1,9,4.5,7.55,3.95,3.141593,1.0,0.25
OUT2__IN1__path_1,OUT2,IN1,path_1,10,5.0,7.05,3.95,3.141593,1.0,0.25
OUT2__IN1__path_1,OUT2,IN1,path_1,11,5.5,6.579,4.021,2.356194,1.0,0.25
OUT2__IN1__path_1,OUT2,IN1,path_1,12,6.0,6.091,4.05,3.141593,1.0,0.25
OUT2__IN1__path_1,OUT2,IN1,path_1,13,6.5,5.591,4.05,3.141593,1.0,0.25
OUT2__IN1__path_1,OUT2,IN1,path_1,14,7.0,5.091,4.05,3.141593,1.0,0.25
OUT2__IN1__path_1,OUT2,IN1,path_1,15,7.5,4.638,3.938,-2.356194,1.0,0.25
OUT2__IN1__path_1,OUT2,IN1,path_1,16,8.0,4.284,3.584,-2.356194,1.0,0.25
OUT2__IN1__path_1,OUT2,IN1,path_1,17,8.5,3.931,3.231,-2.356194,1.0,0.25
OUT2__IN1__path_1,OUT2,IN1,path_1,18,9.0,3.464,3.15,3.141593,1.0,0.25
OUT2__IN1__path_1,OUT2,IN1,path_1,19,9.5,2.989,3.089,-2.356194,1.0,0.25
OUT2__IN1__path_1,OUT2,IN1,path_1,20,10.0,2.636,2.736,-2.356194,1.0,0.25
OUT2__IN1__path_1,OUT2,IN1,path_1,21,10.5,2.282,2.382,-2.356194,1.0,0.25
OUT2__IN1__path_1,OUT2,IN1,path_1,22,11.0,1.929,2.029,-2.356194,1.0,0.25
OUT2__IN1__path_1,OUT2,IN1,path_1,23,11.5,1.546,1.746,-2.356194,1.0,0.25
OUT2__IN1__path_1,OUT2,IN1,path_1,24,12.0,1.127,1.55,3.141593,1.0,0.25
OUT2__IN1__path_1,OUT2,IN1,path_1,25,12.5,0.71,1.35,3.141593,1.0,0.25
OUT2__IN1__path_1,OUT2,IN1,path_1,26,13.0,0.293,1.15,3.141593,1.0,0.25
OUT2__IN1__path_1,OUT2,IN1,path_1,27,13.284,0.05,1.05,3.141593,1.0,0.25
OUT2__IN2__path_1,OUT2,IN2,path_1,0,0.0,12.05,3.95,3.141593,1.0,0.25
OUT2__IN2__path_1,OUT2,IN2,path_1,1,0.5,11.55,3.95,3.141593,1.0,0.25
OUT2__IN2__path_1,OUT2,IN2,path_1,2,1.0,11.05,3.95,3.141593,1.0,0.25
OUT2__IN2__path_1,OUT2,IN2,path_1,3,1.5,10.55,3.95,3.141593,1.0,0.25
OUT2__IN2__path_1,OUT2,IN2,path_1,4,2.0,10.05,3.95,3.141593,1.0,0.25
OUT2__IN2__path_1,OUT2,IN2,path_1,5,2.5,9.55,3.95,3.141593,1.0,0.25
OUT2__IN2__path_1,OUT2,IN2,path_1,6,3.0,9.05,3.95,3.141593,1.0,0.25
OUT2__IN2__path_1,OUT2,IN2,path_1,7,3.5,8.55,3.95,3.141593,1.0,0.25
OUT2__IN2__path_1,OUT2,IN2,path_1,8,4.0,8.05,3.95,3.141593,1.0,0.25
OUT2__IN2__path_1,OUT2,IN2,path_1,9,4.5,7.55,3.95,3.141593,1.0,0.25
OUT2__IN2__path_1,OUT2,IN2,path_1,10,5.0,7.05,3.95,3.141593,1.0,0.25
OUT2__IN2__path_1,OUT2,IN2,path_1,11,5.5,6.579,4.021,2.356194,1.0,0.25
OUT2__IN2__path_1,OUT2,IN2,path_1,12,6.0,6.091,4.05,3.141593,1.0,0.25
OUT2__IN2__path_1,OUT2,IN2,path_1,13,6.5,5.591,4.05,3.141593,1.0,0.25
OUT2__IN2__path_1,OUT2,IN2,path_1,14,7.0,5.091,4.05,3.141593,1.0,0.25
OUT2__IN2__path_1,OUT2,IN2,path_1,15,7.5,4.591,4.05,3.141593,1.0,0.25
OUT2__IN2__path_1,OUT2,IN2,path_1,16,8.0,4.091,4.05,3.141593,1.0,0.25
OUT2__IN2__path_1,OUT2,IN2,path_1,17,8.5,3.591,4.05,3.141593,1.0,0.25
OUT2__IN2__path_1,OUT2,IN2,path_1,18,9.0,3.091,4.05,3.141593,1.0,0.25
OUT2__IN2__path_1,OUT2,IN2,path_1,19,9.5,2.591,4.05,3.141593,1.0,0.25
OUT2__IN2__path_1,OUT2,IN2,path_1,20,10.0,2.091,4.05,3.141593,1.0,0.25
OUT2__IN2__path_1,OUT2,IN2,path_1,21,10.5,1.667,4.233,2.356194,1.0,0.25
OUT2__IN2__path_1,OUT2,IN2,path_1,22,11.0,1.255,4.445,2.356194,1.0,0.25
OUT2__IN2__path_1,OUT2,IN2,path_1,23,11.5,0.814,4.586,2.356194,1.0,0.25
OUT2__IN2__path_1,OUT2,IN2,path_1,24,12.0,0.401,4.799,2.356194,1.0,0.25
OUT2__IN2__path_1,OUT2,IN2,path_1,25,12.414,0.05,4.95,2.356194,1.0,0.25
OUT2__P1__path_1,OUT2,P1,path_1,0,0.0,12.05,3.95,-2.356194,1.0,0.25
OUT2__P1__path_1,OUT2,P1,path_1,1,0.5,11.696,3.596,-2.356194,1.0,0.25
OUT2__P1__path_1,OUT2,P1,path_1,2,1.0,11.343,3.243,-2.356194,1.0,0.25
OUT2__P1__path_1,OUT2,P1,path_1,3,1.5,10.989,2.889,-2.356194,1.0,0.25
OUT2__P1__path_1,OUT2,P1,path_1,4,2.0,10.636,2.536,-2.356194,1.0,0.25
OUT2__P1__path_1,OUT2,P1,path_1,5,2.5,10.282,2.182,-2.356194,1.0,0.25
OUT2__P1__path_1,OUT2,P1,path_1,6,3.0,9.929,1.829,-2.356194,1.0,0.25
OUT2__P1__path_1,OUT2,P1,path_1,7,3.5,9.575,1.475,-2.356194,1.0,0.25
OUT2__P1__path_1,OUT2,P1,path_1,8,4.0,9.222,1.122,-2.356194,1.0,0.25
OUT2__P1__path_1,OUT2,P1,path_1,9,4.5,8.868,0.768,-2.356194,1.0,0.25
OUT2__P1__path_1,OUT2,P1,path_1,10,5.0,8.675,0.45,3.141593,1.0,0.25
OUT2__P1__path_1,OUT2,P1,path_1,11,5.5,8.175,0.45,3.141593,1.0,0.25
OUT2__P1__path_1,OUT2,P1,path_1,12,6.0,7.675,0.45,3.141593,1.0,0.25
OUT2__P1__path_1,OUT2,P1,path_1,13,6.5,7.175,0.45,3.141593,1.0,0.25
OUT2__P1__path_1,OUT2,P1,path_1,14,7.0,6.717,0.35,3.141593,1.0,0.25
OUT2__P1__path_1,OUT2,P1,path_1,15,7.5,6.217,0.35,3.141593,1.0,0.25
OUT2__P1__path_1,OUT2,P1,path_1,16,8.0,5.717,0.35,3.141593,1.0,0.25
OUT2__P1__path_1,OUT2,P1,path_1,17,8.5,5.217,0.35,3.141593,1.0,0.25
OUT2__P1__path_1,OUT2,P1,path_1,18,9.0,4.717,0.35,3.141593,1.0,0.25
OUT2__P1__path_1,OUT2,P1,path_1,19,9.5,4.258,0.25,3.141593,1.0,0.25
OUT2__P1__path_1,OUT2,P1,path_1,20,10.0,3.758,0.25,3.141593,1.0,0.25
OUT2__P1__path_1,OUT2,P1,path_1,21,10.5,3.258,0.25,3.141593,1.0,0.25
OUT2__P1__path_1,OUT2,P1,path_1,22,11.0,3.05,0.542,1.570796,1.0,0.25
OUT2__P1__path_1,OUT2,P1,path_1,23,11.45,2.95,0.95,1.570796,1.0,0.25
OUT2__P2__path_1,OUT2,P2,path_1,0,0.0,12.05,3.95,3.141593,1.0,0.25
OUT2__P2__path_1,OUT2,P2,path_1,1,0.5,11.55,3.95,3.141593,1.0,0.25
OUT2__P2__path_1,OUT2,P2,path_1,2,1.0,11.05,3.95,3.141593,1.0,0.25
OUT2__P2__path_1,OUT2,P2,path_1,3,1.5,10.55,3.95,3.141593,1.0,0.25
OUT2__P2__path_1,OUT2,P2,path_1,4,2.0,10.05,3.95,3.141593,1.0,0.25
OUT2__P2__path_1,OUT2,P2,path_1,5,2.5,9.55,3.95,3.141593,1.0,0.25
OUT2__P2__path_1,OUT2,P2,path_1,6,3.0,9.05,3.95,3.141593,1.0,0.25
OUT2__P2__path_1,OUT2,P2,path_1,7,3.5,8.55,3.95,3.141593,1.0,0.25
OUT2__P2__path_1,OUT2,P2,path_1,8,4.0,8.05,3.95,3.141593,1.0,0.25
OUT2__P2__path_1,OUT2,P2,path_1,9,4.5,7.55,3.95,3.141593,1.0,0.25
OUT2__P2__path_1,OUT2,P2,path_1,10,5.0,7.05,3.95,3.141593,1.0,0.25
OUT2__P2__path_1,OUT2,P2,path_1,11,5.5,6.579,4.021,2.356194,1.0,0.25
OUT2__P2__path_1,OUT2,P2,path_1,12,6.0,6.091,4.05,3.141593,1.0,0.25
OUT2__P2__path_1,OUT2,P2,path_1,13,6.5,5.591,4.05,3.141593,1.0,0.25
OUT2__P2__path_1,OUT2,P2,path_1,14,7.0,5.091,4.05,3.141593,1.0,0.25
OUT2__P2__path_1,OUT2,P2,path_1,15,7.5,4.75,3.891,-1.570796,1.0,0.25
OUT2__P2__path_1,OUT2,P2,path_1,16,8.0,4.75,3.391,-1.570796,1.0,0.25
OUT2__P2__path_1,OUT2,P2,path_1,17,8.5,4.75,2.891,-1.570796,1.0,0.25
OUT2__P2__path_1,OUT2,P2,path_1,18,9.0,4.638,2.438,-2.356194,1.0,0.25
OUT2__P2__path_1,OUT2,P2,path_1,19,9.124,4.55,2.35,-2.356194,1.0,0.25
OUT2__P3__path_1,OUT2,P3,path_1,0,0.0,12.05,3.95,3.141593,1.0,0.25
OUT2__P3__path_1,OUT2,P3,path_1,1,0.5,11.55,3.95,3.141593,1.0,0.25
OUT2__P3__path_1,OUT2,P3,path_1,2,1.0,11.05,3.95,3.141593,1.0,0.25
OUT2__P3__path_1,OUT2,P3,path_1,3,1.5,10.55,3.95,3.141593,1.0,0.25
OUT2__P3__path_1,OUT2,P3,path_1,4,2.0,10.05,3.95,3.141593,1.0,0.25
OUT2__P3__path_1,OUT2,P3,path_1,5,2.5,9.55,3.95,3.141593,1.0,0.25
OUT2__P3__path_1,OUT2,P3,path_1,6,3.0,9.05,3.95,3.141593,1.0,0.25
OUT2__P3__path_1,OUT2,P3,path_1,7,3.5,8.55,3.95,3.141593,1.0,0.25
OUT2__P3__path_1,OUT2,P3,path_1,8,4.0,8.05,3.95,3.141593,1.0,0.25
OUT2__P3__path_1,OUT2,P3,path_1,9,4.5,7.55,3.95,3.141593,1.0,0.25
OUT2__P3__path_1,OUT2,P3,path_1,10,5.0,7.05,3.95,3.141593,1.0,0.25
OUT2__P3__path_1,OUT2,P3,path_1,11,5.5,6.579,4.021,2.356194,1.0,0.25
OUT2__P3__path_1,OUT2,P3,path_1,12,6.0,6.091,4.05,3.141593,1.0,0.25
OUT2__P3__path_1,OUT2,P3,path_1,13,6.5,5.633,4.15,3.141593,1.0,0.25
OUT2__P3__path_1,OUT2,P3,path_1,14,7.0,5.133,4.15,3.141593,1.0,0.25
OUT2__P3__path_1,OUT2,P3,path_1,15,7.5,4.633,4.15,3.141593,1.0,0.25
OUT2__P3__path_1,OUT2,P3,path_1,16,8.0,4.133,4.15,3.141593,1.0,0.25
OUT2__P3__path_1,OUT2,P3,path_1,17,8.5,3.633,4.15,3.141593,1.0,0.25
OUT2__P3__path_1,OUT2,P3,path_1,18,9.0,3.55,4.567,1.570796,1.0,0.25
OUT2__P3__path_1,OUT2,P3,path_1,19,9.5,3.55,5.067,1.570796,1.0,0.25
OUT2__P3__path_1,OUT2,P3,path_1,20,9.683,3.55,5.25,1.570796,1.0,0.25
OUT2__P4__path_1,OUT2,P4,path_1,0,0.0,12.05,3.95,-2.356194,1.0,0.25
OUT2__P4__path_1,OUT2,P4,path_1,1,0.5,11.696,3.596,-2.356194,1.0,0.25
OUT2__P4__path_1,OUT2,P4,path_1,2,1.0,11.343,3.243,-2.356194,1.0,0.25
OUT2__P4__path_1,OUT2,P4,path_1,3,1.5,10.989,2.889,-2.356194,1.0,0.25
OUT2__P4__path_1,OUT2,P4,path_1,4,2.0,10.636,2.536,-2.356194,1.0,0.25
OUT2__P4__path_1,OUT2,P4,path_1,5,2.5,10.282,2.182,-2.356194,1.0,0.25
OUT2__P4__path_1,OUT2,P4,path_1,6,3.0,9.929,1.829,-2.356194,1.0,0.25
OUT2__P4__path_1,OUT2,P4,path_1,7,3.5,9.575,1.475,-2.356194,1.0,0.25
OUT2__P4__path_1,OUT2,P4,path_1,8,4.0,9.222,1.122,-2.356194,1.0,0.25
OUT2__P4__path_1,OUT2,P4,path_1,9,4.5,8.868,0.768,-2.356194,1.0,0.25
OUT2__P4__path_1,OUT2,P4,path_1,10,5.0,8.675,0.45,3.141593,1.0,0.25
OUT2__P4__path_1,OUT2,P4,path_1,11,5.5,8.175,0.45,3.141593,1.0,0.25
OUT2__P4__path_1,OUT2,P4,path_1,12,6.0,7.675,0.45,3.141593,1.0,0.25
OUT2__P4__path_1,OUT2,P4,path_1,13,6.5,7.175,0.45,3.141593,1.0,0.25
OUT2__P4__path_1,OUT2,P4,path_1,14,7.0,6.717,0.35,3.141593,1.0,0.25
OUT2__P4__path_1,OUT2,P4,path_1,15,7.5,6.217,0.35,3.141593,1.0,0.25
OUT2__P4__path_1,OUT2,P4,path_1,16,8.0,5.717,0.35,3.141593,1.0,0.25
OUT2__P4__path_1,OUT2,P4,path_1,17,8.5,5.217,0.35,3.141593,1.0,0.25
OUT2__P4__path_1,OUT2,P4,path_1,18,9.0,4.95,0.583,1.570796,1.0,0.25
OUT2__P4__path_1,OUT2,P4,path_1,19,9.5,4.95,1.083,1.570796,1.0,0.25
OUT2__P4__path_1,OUT2,P4,path_1,20,9.767,4.95,1.35,1.570796,1.0,0.25
OUT2__P5__path_1,OUT2,P5,path_1,0,0.0,12.05,3.95,3.141593,1.0,0.25
OUT2__P5__path_1,OUT2,P5,path_1,1,0.5,11.55,3.95,3.141593,1.0,0.25
OUT2__P5__path_1,OUT2,P5,path_1,2,1.0,11.05,3.95,3.141593,1.0,0.25
OUT2__P5__path_1,OUT2,P5,path_1,3,1.5,10.55,3.95,3.141593,1.0,0.25
OUT2__P5__path_1,OUT2,P5,path_1,4,2.0,10.05,3.95,3.141593,1.0,0.25
OUT2__P5__path_1,OUT2,P5,path_1,5,2.5,9.55,3.95,3.141593,1.0,0.25
OUT2__P5__path_1,OUT2,P5,path_1,6,3.0,9.05,3.95,3.141593,1.0,0.25
OUT2__P5__path_1,OUT2,P5,path_1,7,3.5,8.55,3.95,3.141593,1.0,0.25
OUT2__P5__path_1,OUT2,P5,path_1,8,4.0,8.05,3.95,3.141593,1.0,0.25
OUT2__P5__path_1,OUT2,P5,path_1,9,4.5,7.55,3.95,3.141593,1.0,0.25
OUT2__P5__path_1,OUT2,P5,path_1,10,5.0,7.05,3.95,3.141593,1.0,0.25
OUT2__P5__path_1,OUT2,P5,path_1,11,5.5,6.579,4.021,2.356194,1.0,0.25
OUT2__P5__path_1,OUT2,P5,path_1,12,6.0,6.091,4.05,3.141593,1.0,0.25
OUT2__P5__path_1,OUT2,P5,path_1,13,6.441,5.65,4.05,3.141593,1.0,0.25
OUT2__P6__path_1,OUT2,P6,path_1,0,0.0,12.05,3.95,3.141593,1.0,0.25
OUT2__P6__path_1,OUT2,P6,path_1,1,0.5,11.591,4.05,3.141593,1.0,0.25
OUT2__P6__path_1,OUT2,P6,path_1,2,1.0,11.091,4.05,3.141593,1.0,0.25
OUT2__P6__path_1,OUT2,P6,path_1,3,1.5,10.726,4.374,2.356194,1.0,0.25
OUT2__P6__path_1,OUT2,P6,path_1,4,2.0,10.343,4.657,2.356194,1.0,0.25
OUT2__P6__path_1,OUT2,P6,path_1,5,2.5,9.923,4.85,3.141593,1.0,0.25
OUT2__P6__path_1,OUT2,P6,path_1,6,3.0,9.506,5.05,3.141593,1.0,0.25
OUT2__P6__path_1,OUT2,P6,path_1,7,3.5,9.106,5.294,2.356194,1.0,0.25
OUT2__P6__path_1,OUT2,P6,path_1,8,4.0,8.753,5.647,2.356194,1.0,0.25
OUT2__P6__path_1,OUT2,P6,path_1,9,4.5,8.282,5.718,2.356194,1.0,0.25
OUT2__P6__path_1,OUT2,P6,path_1,10,4.846,7.95,5.75,2.356194,1.0,0.25
OUT2__P7__path_1,OUT2,P7,path_1,0,0.0,12.05,3.95,-2.356194,1.0,0.25
OUT2__P7__path_1,OUT2,P7,path_1,1,0.5,11.696,3.596,-2.356194,1.0,0.25
OUT2__P7__path_1,OUT2,P7,path_1,2,1.0,11.343,3.243,-2.356194,1.0,0.25
OUT2__P7__path_1,OUT2,P7,path_1,3,1.5,10.989,2.889,-2.356194,1.0,0.25
OUT2__P7__path_1,OUT2,P7,path_1,4,2.0,10.636,2.536,-2.356194,1.0,0.25
OUT2__P7__path_1,OUT2,P7,path_1,5,2.5,10.282,2.182,-2.356194,1.0,0.25
OUT2__P7__path_1,OUT2,P7,path_1,6,3.0,9.929,1.829,-2.356194,1.0,0.25
OUT2__P7__path_1,OUT2,P7,path_1,7,3.5,9.575,1.475,-2.356194,1.0,0.25
OUT2__P7__path_1,OUT2,P7,path_1,8,4.0,9.222,1.122,-2.356194,1.0,0.25
OUT2__P7__path_1,OUT2,P7,path_1,9,4.5,8.868,0.768,-2.356194,1.0,0.25
OUT2__P7__path_1,OUT2,P7,path_1,10,5.0,8.675,0.45,3.141593,1.0,0.25
OUT2__P7__path_1,OUT2,P7,path_1,11,5.5,8.175,0.45,3.141593,1.0,0.25
OUT2__P7__path_1,OUT2,P7,path_1,12,6.0,7.675,0.45,3.141593,1.0,0.25
OUT2__P7__path_1,OUT2,P7,path_1,13,6.5,7.25,0.525,1.570796,1.0,0.25
OUT2__P7__path_1,OUT2,P7,path_1,14,7.0,7.25,1.025,1.570796,1.0,0.25
OUT2__P7__path_1,OUT2,P7,path_1,15,7.025,7.25,1.05,1.570796,1.0,0.25
OUT2__P8__path_1,OUT2,P8,path_1,0,0.0,12.05,3.95,-2.356194,1.0,0.25
OUT2__P8__path_1,OUT2,P8,path_1,1,0.5,11.674,3.65,3.141593,1.0,0.25
OUT2__P8__path_1,OUT2,P8,path_1,2,1.0,11.174,3.65,3.141593,1.0,0.25
OUT2__P8__path_1,OUT2,P8,path_1,3,1.5,10.814,3.314,-2.356194,1.0,0.25
OUT2__P8__path_1,OUT2,P8,path_1,4,2.0,10.423,3.05,3.141593,1.0,0.25
OUT2__P8__path_1,OUT2,P8,path_1,5,2.5,10.006,2.85,3.141593,1.0,0.25
OUT2__P8__path_1,OUT2,P8,path_1,6,3.0,9.577,2.677,-2.356194,1.0,0.25
OUT2__P8__path_1,OUT2,P8,path_1,7,3.5,9.165,2.465,-2.356194,1.0,0.25
OUT2__P8__path_1,OUT2,P8,path_1,8,3.863,8.85,2.35,-2.356194,1.0,0.25
OUT2__P9__path_1,OUT2,P9,path_1,0,0.0,12.05,3.95,3.141593,1.0,0.25
OUT2__P9__path_1,OUT2,P9,path_1,1,0.5,11.55,3.95,3.141593,1.0,0.25
OUT2__P9__path_1,OUT2,P9,path_1,2,1.0,11.05,3.95,3.141593,1.0,0.25
OUT2__P9__path_1,OUT2,P9,path_1,3,1.5,10.55,3.95,3.141593,1.0,0.25
OUT2__P9__path_1,OUT2,P9,path_1,4,2.0,10.05,3.95,3.141593,1.0,0.25
OUT2__P9__path_1,OUT2,P9,path_1,5,2.5,9.55,3.95,3.141593,1.0,0.25
OUT2__P9__path_1,OUT2,P9,path_1,6,3.0,9.05,3.95,3.141593,1.0,0.25
OUT2__P9__path_1,OUT2,P9,path_1,7,3.5,8.55,3.95,3.141593,1.0,0.25
OUT2__P9__path_1,OUT2,P9,path_1,8,4.0,8.091,4.05,3.141593,1.0,0.25
OUT2__P9__path_1,OUT2,P9,path_1,9,4.5,7.591,4.05,3.141593,1.0,0.25
OUT2__P9__path_1,OUT2,P9,path_1,10,5.0,7.091,4.05,3.141593,1.0,0.25
OUT2__P9__path_1,OUT2,P9,path_1,11,5.5,6.591,4.05,3.141593,1.0,0.25
OUT2__P9__path_1,OUT2,P9,path_1,12,6.0,6.091,4.05,3.141593,1.0,0.25
OUT2__P9__path_1,OUT2,P9,path_1,13,6.5,6.05,4.509,1.570796,1.0,0.25
OUT2__P9__path_1,OUT2,P9,path_1,14,7.0,6.05,5.009,1.570796,1.0,0.25
OUT2__P9__path_1,OUT2,P9,path_1,15,7.041,6.05,5.05,1.570796,1.0,0.25
OUT2__SORT1__path_1,OUT2,SORT1,path_1,0,0.0,12.05,3.95,-2.356194,1.0,0.25
OUT2__SORT1__path_1,OUT2,SORT1,path_1,1,0.5,11.696,3.596,-2.356194,1.0,0.25
OUT2__SORT1__path_1,OUT2,SORT1,path_1,2,1.0,11.343,3.243,-2.356194,1.0,0.25
OUT2__SORT1__path_1,OUT2,SORT1,path_1,3,1.5,10.989,2.889,-2.356194,1.0,0.25
OUT2__SORT1__path_1,OUT2,SORT1,path_1,4,2.0,10.63,2.55,3.141593,1.0,0.25
OUT2__SORT1__path_1,OUT2,SORT1,path_1,5,2.5,10.213,2.35,3.141593,1.0,0.25
OUT2__SORT1__path_1,OUT2,SORT1,path_1,6,3.0,9.782,2.182,-2.356194,1.0,0.25
OUT2__SORT1__path_1,OUT2,SORT1,path_1,7,3.046,9.75,2.15,-2.356194,1.0,0.25
OUT2__SORT2__path_1,OUT2,SORT2,path_1,0,0.0,12.05,3.95,3.141593,1.0,0.25
OUT2__SORT2__path_1,OUT2,SORT2,path_1,1,0.5,11.55,3.95,3.141593,1.0,0.25
OUT2__SORT2__path_1,OUT2,SORT2,path_1,2,1.0,11.05,3.95,3.141593,1.0,0.25
OUT2__SORT2__path_1,OUT2,SORT2,path_1,3,1.5,10.55,3.95,3.141593,1.0,0.25
OUT2__SORT2__path_1,OUT2,SORT2,path_1,4,1.741,10.35,4.05,3.141593,1.0,0.25
OUT2__OUT1__path_1,OUT2,OUT1,path_1,0,0.0,12.05,3.95,-1.570796,1.0,0.25
OUT2__OUT1__path_1,OUT2,OUT1,path_1,1,0.5,12.05,3.45,-1.570796,1.0,0.25
OUT2__OUT1__path_1,OUT2,OUT1,path_1,2,1.0,12.05,2.95,-1.570796,1.0,0.25
OUT2__OUT1__path_1,OUT2,OUT1,path_1,3,1.5,12.05,2.45,-1.570796,1.0,0.25
OUT2__OUT1__path_1,OUT2,OUT1,path_1,4,2.0,12.05,1.95,-1.570796,1.0,0.25
OUT2__CHG1__path_1,OUT2,CHG1,path_1,0,0.0,12.05,3.95,-2.356194,1.0,0.25
OUT2__CHG1__path_1,OUT2,CHG1,path_1,1,0.5,11.696,3.596,-2.356194,1.0,0.25
OUT2__CHG1__path_1,OUT2,CHG1,path_1,2,1.0,11.343,3.243,-2.356194,1.0,0.25
OUT2__CHG1__path_1,OUT2,CHG1,path_1,3,1.5,10.989,2.889,-2.356194,1.0,0.25
OUT2__CHG1__path_1,OUT2,CHG1,path_1,4,2.0,10.636,2.536,-2.356194,1.0,0.25
OUT2__CHG1__path_1,OUT2,CHG1,path_1,5,2.5,10.282,2.182,-2.356194,1.0,0.25
OUT2__CHG1__path_1,OUT2,CHG1,path_1,6,3.0,9.929,1.829,-2.356194,1.0,0.25
OUT2__CHG1__path_1,OUT2,CHG1,path_1,7,3.5,9.575,1.475,-2.356194,1.0,0.25
OUT2__CHG1__path_1,OUT2,CHG1,path_1,8,4.0,9.222,1.122,-2.356194,1.0,0.25
OUT2__CHG1__path_1,OUT2,CHG1,path_1,9,4.5,8.868,0.768,-2.356194,1.0,0.25
OUT2__CHG1__path_1,OUT2,CHG1,path_1,10,5.0,8.675,0.45,3.141593,1.0,0.25
OUT2__CHG1__path_1,OUT2,CHG1,path_1,11,5.5,8.175,0.45,3.141593,1.0,0.25
OUT2__CHG1__path_1,OUT2,CHG1,path_1,12,6.0,7.675,0.45,3.141593,1.0,0.25
OUT2__CHG1__path_1,OUT2,CHG1,path_1,13,6.5,7.175,0.45,3.141593,1.0,0.25
OUT2__CHG1__path_1,OUT2,CHG1,path_1,14,7.0,6.717,0.35,3.141593,1.0,0.25
OUT2__CHG1__path_1,OUT2,CHG1,path_1,15,7.5,6.217,0.35,3.141593,1.0,0.25
OUT2__CHG1__path_1,OUT2,CHG1,path_1,16,8.0,5.717,0.35,3.141593,1.0,0.25
OUT2__CHG1__path_1,OUT2,CHG1,path_1,17,8.5,5.217,0.35,3.141593,1.0,0.25
OUT2__CHG1__path_1,OUT2,CHG1,path_1,18,9.0,4.717,0.35,3.141593,1.0,0.25
OUT2__CHG1__path_1,OUT2,CHG1,path_1,19,9.5,4.258,0.25,3.141593,1.0,0.25
OUT2__CHG1__path_1,OUT2,CHG1,path_1,20,10.0,3.758,0.25,3.141593,1.0,0.25
OUT2__CHG1__path_1,OUT2,CHG1,path_1,21,10.5,3.258,0.25,3.141593,1.0,0.25
OUT2__CHG1__path_1,OUT2,CHG1,path_1,22,11.0,2.758,0.25,3.141593,1.0,0.25
OUT2__CHG1__path_1,OUT2,CHG1,path_1,23,11.5,2.258,0.25,3.141593,1.0,0.25
OUT2__CHG1__path_1,OUT2,CHG1,path_1,24,12.0,1.758,0.25,3.141593,1.0,0.25
OUT2__CHG1__path_1,OUT2,CHG1,path_1,25,12.5,1.3,0.15,3.141593,1.0,0.25
OUT2__CHG1__path_1,OUT2,CHG1,path_1,26,12.791,1.05,0.05,3.141593,1.0,0.25
OUT2__CHG2__path_1,OUT2,CHG2,path_1,0,0.0,12.05,3.95,-2.356194,1.0,0.25
OUT2__CHG2__path_1,OUT2,CHG2,path_1,1,0.5,11.696,3.596,-2.356194,1.0,0.25
OUT2__CHG2__path_1,OUT2,CHG2,path_1,2,1.0,11.343,3.243,-2.356194,1.0,0.25
OUT2__CHG2__path_1,OUT2,CHG2,path_1,3,1.5,10.989,2.889,-2.356194,1.0,0.25
OUT2__CHG2__path_1,OUT2,CHG2,path_1,4,2.0,10.636,2.536,-2.356194,1.0,0.25
OUT2__CHG2__path_1,OUT2,CHG2,path_1,5,2.5,10.282,2.182,-2.356194,1.0,0.25
OUT2__CHG2__path_1,OUT2,CHG2,path_1,6,3.0,9.929,1.829,-2.356194,1.0,0.25
OUT2__CHG2__path_1,OUT2,CHG2,path_1,7,3.5,9.65,1.444,-1.570796,1.0,0.25
OUT2__CHG2__path_1,OUT2,CHG2,path_1,8,4.0,9.363,1.063,-2.356194,1.0,0.25
OUT2__CHG2__path_1,OUT2,CHG2,path_1,9,4.5,9.292,0.592,-2.356194,1.0,0.25
OUT2__CHG2__path_1,OUT2,CHG2,path_1,10,5.0,9.15,0.151,-1.570796,1.0,0.25
OUT2__CHG2__path_1,OUT2,CHG2,path_1,11,5.143,9.05,0.05,-1.570796,1.0,0.25
CHG1__IN1__path_1,CHG1,IN1,path_1,0,0.0,1.05,0.05,2.356194,1.0,0.25
CHG1__IN1__path_1,CHG1,IN1,path_1,1,0.5,0.696,0.404,2.356194,1.0,0.25
CHG1__IN1__path_1,CHG1,IN1,path_1,2,1.0,0.343,0.757,2.356194,1.0,0.25
CHG1__IN1__path_1,CHG1,IN1,path_1,3,1.414,0.05,1.05,2.356194,1.0,0.25
CHG1__IN2__path_1,CHG1,IN2,path_1,0,0.0,1.05,0.05,1.570796,1.0,0.25
CHG1__IN2__path_1,CHG1,IN2,path_1,1,0.5,1.05,0.55,1.570796,1.0,0.25
CHG1__IN2__path_1,CHG1,IN2,path_1,2,1.0,1.05,1.05,1.570796,1.0,0.25
CHG1__IN2__path_1,CHG1,IN2,path_1,3,1.5,0.767,1.433,2.356194,1.0,0.25
CHG1__IN2__path_1,CHG1,IN2,path_1,4,2.0,0.45,1.801,1.570796,1.0,0.25
CHG1__IN2__path_1,CHG1,IN2,path_1,5,2.5,0.45,2.301,1.570796,1.0,0.25
CHG1__IN2__path_1,CHG1,IN2,path_1,6,3.0,0.45,2.801,1.570796,1.0,0.25
CHG1__IN2__path_1,CHG1,IN2,path_1,7,3.5,0.45,3.301,1.570796,1.0,0.25
CHG1__IN2__path_1,CHG1,IN2,path_1,8,4.0,0.272,3.728,2.356194,1.0,0.25
CHG1__IN2__path_1,CHG1,IN2,path_1,9,4.5,0.25,4.219,1.570796,1.0,0.25
CHG1__IN2__path_1,CHG1,IN2,path_1,10,5.0,0.15,4.677,1.570796,1.0,0.25
CHG1__IN2__path_1,CHG1,IN2,path_1,11,5.314,0.05,4.95,1.570796,1.0,0.25
CHG1__P1__path_1,CHG1,P1,path_1,0,0.0,1.05,0.05,0.785398,1.0,0.25
CHG1__P1__path_1,CHG1,P1,path_1,1,0.5,1.467,0.25,0.0,1.0,0.25
CHG1__P1__path_1,CHG1,P1,path_1,2,1.0,1.967,0.25,0.0,1.0,0.25
CHG1__P1__path_1,CHG1,P1,path_1,3,1.5,2.345,0.545,0.785398,1.0,0.25
CHG1__P1__path_1,CHG1,P1,path_1,4,2.0,2.719,0.85,0.0,1.0,0.25
CHG1__P1__path_1,CHG1,P1,path_1,5,2.273,2.95,0.95,0.0,1.0,0.25
CHG1__P2__path_1,CHG1,P2,path_1,0,0.0,1.05,0.05,0.0,1.0,0.25
CHG1__P2__path_1,CHG1,P2,path_1,1,0.5,1.55,0.05,0.0,1.0,0.25
CHG1__P2__path_1,CHG1,P2,path_1,2,1.0,2.05,0.05,0.0,1.0,0.25
CHG1__P2__path_1,CHG1,P2,path_1,3,1.5,2.467,0.25,0.0,1.0,0.25
CHG1__P2__path_1,CHG1,P2,path_1,4,2.0,2.967,0.25,0.0,1.0,0.25
CHG1__P2__path_1,CHG1,P2,path_1,5,2.5,3.467,0.25,0.0,1.0,0.25
CHG1__P2__path_1,CHG1,P2,path_1,6,3.0,3.967,0.25,0.0,1.0,0.25
CHG1__P2__path_1,CHG1,P2,path_1,7,3.5,4.467,0.25,0.0,1.0,0.25
CHG1__P2__path_1,CHG1,P2,path_1,8,4.0,4.55,0.667,1.570796,1.0,0.25
CHG1__P2__path_1,CHG1,P2,path_1,9,4.5,4.55,1.167,1.570796,1.0,0.25
CHG1__P2__path_1,CHG1,P2,path_1,10,5.0,4.55,1.667,1.570796,1.0,0.25
CHG1__P2__path_1,CHG1,P2,path_1,11,5.5,4.55,2.167,1.570796,1.0,0.25
CHG1__P2__path_1,CHG1,P2,path_1,12,5.683,4.55,2.35,1.570796,1.0,0.25
CHG1__P3__path_1,CHG1,P3,path_1,0,0.0,1.05,0.05,0.785398,1.0,0.25
CHG1__P3__path_1,CHG1,P3,path_1,1,0.5,1.35,0.426,1.570796,1.0,0.25
CHG1__P3__path_1,CHG1,P3,path_1,2,1.0,1.35,0.926,1.570796,1.0,0.25
CHG1__P3__path_1,CHG1,P3,path_1,3,1.5,1.686,1.286,0.785398,1.0,0.25
CHG1__P3__path_1,CHG1,P3,path_1,4,2.0,1.95,1.677,1.570796,1.0,0.25
CHG1__P3__path_1,CHG1,P3,path_1,5,2.5,2.111,2.111,0.785398,1.0,0.25
CHG1__P3__path_1,CHG1,P3,path_1,6,3.0,2.323,2.523,0.785398,1.0,0.25
CHG1__P3__path_1,CHG1,P3,path_1,7,3.5,2.535,2.935,0.785398,1.0,0.25
CHG1__P3__path_1,CHG1,P3,path_1,8,4.0,2.747,3.347,0.785398,1.0,0.25
CHG1__P3__path_1,CHG1,P3,path_1,9,4.5,2.888,3.788,0.785398,1.0,0.25
CHG1__P3__path_1,CHG1,P3,path_1,10,5.0,3.05,4.222,1.570796,1.0,0.25
CHG1__P3__path_1,CHG1,P3,path_1,11,5.5,3.25,4.639,1.570796,1.0,0.25
CHG1__P3__path_1,CHG1,P3,path_1,12,6.0,3.45,5.056,1.570796,1.0,0.25
CHG1__P3__path_1,CHG1,P3,path_1,13,6.236,3.55,5.25,1.570796,1.0,0.25
CHG1__P4__path_1,CHG1,P4,path_1,0,0.0,1.05,0.05,0.0,1.0,0.25
CHG1__P4__path_1,CHG1,P4,path_1,1,0.5,1.55,0.05,0.0,1.0,0.25
CHG1__P4__path_1,CHG1,P4,path_1,2,1.0,2.05,0.05,0.0,1.0,0.25
CHG1__P4__path_1,CHG1,P4,path_1,3,1.5,2.467,0.25,0.0,1.0,0.25
CHG1__P4__path_1,CHG1,P4,path_1,4,2.0,2.967,0.25,0.0,1.0,0.25
CHG1__P4__path_1,CHG1,P4,path_1,5,2.5,3.467,0.25,0.0,1.0,0.25
CHG1__P4__path_1,CHG1,P4,path_1,6,3.0,3.967,0.25,0.0,1.0,0.25
CHG1__P4__path_1,CHG1,P4,path_1,7,3.5,4.467,0.25,0.0,1.0,0.25
CHG1__P4__path_1,CHG1,P4,path_1,8,4.0,4.633,0.633,0.785398,1.0,0.25
CHG1__P4__path_1,CHG1,P4,path_1,9,4.5,4.845,1.045,0.785398,1.0,0.25
CHG1__P4__path_1,CHG1,P4,path_1,10,4.849,4.95,1.35,0.785398,1.0,0.25
CHG1__P5__path_1,CHG1,P5,path_1,0,0.0,1.05,0.05,0.785398,1.0,0.25
CHG1__P5__path_1,CHG1,P5,path_1,1,0.5,1.404,0.404,0.785398,1.0,0.25
CHG1__P5__path_1,CHG1,P5,path_1,2,1.0,1.757,0.757,0.785398,1.0,0.25
CHG1__P5__path_1,CHG1,P5,path_1,3,1.5,2.111,1.111,0.785398,1.0,0.25
CHG1__P5__path_1,CHG1,P5,path_1,4,2.0,2.464,1.464,0.785398,1.0,0.25
CHG1__P5__path_1,CHG1,P5,path_1,5,2.5,2.818,1.818,0.785398,1.0,0.25
CHG1__P5__path_1,CHG1,P5,path_1,6,3.0,3.05,2.222,1.570796,1.0,0.25
CHG1__P5__path_1,CHG1,P5,path_1,7,3.5,3.05,2.722,1.570796,1.0,0.25
CHG1__P5__path_1,CHG1,P5,path_1,8,4.0,3.122,3.15,0.0,1.0,0.25
CHG1__P5__path_1,CHG1,P5,path_1,9,4.5,3.622,3.15,0.0,1.0,0.25
CHG1__P5__path_1,CHG1,P5,path_1,10,5.0,4.042,3.342,0.785398,1.0,0.25
CHG1__P5__path_1,CHG1,P5,path_1,11,5.5,4.396,3.696,0.785398,1.0,0.25
CHG1__P5__path_1,CHG1,P5,path_1,12,6.0,4.749,4.049,0.785398,1.0,0.25
CHG1__P5__path_1,CHG1,P5,path_1,13,6.5,5.249,4.05,0.0,1.0,0.25
CHG1__P5__path_1,CHG1,P5,path_1,14,6.901,5.65,4.05,0.0,1.0,0.25
CHG1__P6__path_1,CHG1,P6,path_1,0,0.0,1.05,0.05,0.785398,1.0,0.25
CHG1__P6__path_1,CHG1,P6,path_1,1,0.5,1.404,0.404,0.785398,1.0,0.25
CHG1__P6__path_1,CHG1,P6,path_1,2,1.0,1.757,0.757,0.785398,1.0,0.25
CHG1__P6__path_1,CHG1,P6,path_1,3,1.5,2.111,1.111,0.785398,1.0,0.25
CHG1__P6__path_1,CHG1,P6,path_1,4,2.0,2.464,1.464,0.785398,1.0,0.25
CHG1__P6__path_1,CHG1,P6,path_1,5,2.5,2.818,1.818,0.785398,1.0,0.25
CHG1__P6__path_1,CHG1,P6,path_1,6,3.0,3.05,2.222,1.570796,1.0,0.25
CHG1__P6__path_1,CHG1,P6,path_1,7,3.5,3.05,2.722,1.570796,1.0,0.25
CHG1__P6__path_1,CHG1,P6,path_1,8,4.0,3.101,3.201,0.785398,1.0,0.25
CHG1__P6__path_1,CHG1,P6,path_1,9,4.5,3.454,3.554,0.785398,1.0,0.25
CHG1__P6__path_1,CHG1,P6,path_1,10,5.0,3.832,3.85,0.0,1.0,0.25
CHG1__P6__path_1,CHG1,P6,path_1,11,5.5,4.249,4.05,0.0,1.0,0.25
CHG1__P6__path_1,CHG1,P6,path_1,12,6.0,4.707,4.15,0.0,1.0,0.25
CHG1__P6__path_1,CHG1,P6,path_1,13,6.5,5.207,4.15,0.0,1.0,0.25
CHG1__P6__path_1,CHG1,P6,path_1,14,7.0,5.661,4.261,0.785398,1.0,0.25
CHG1__P6__path_1,CHG1,P6,path_1,15,7.5,6.015,4.615,0.785398,1.0,0.25
CHG1__P6__path_1,CHG1,P6,path_1,16,8.0,6.05,5.1,1.570796,1.0,0.25
CHG1__P6__path_1,CHG1,P6,path_1,17,8.5,6.05,5.6,1.570796,1.0,0.25
CHG1__P6__path_1,CHG1,P6,path_1,18,9.0,6.4,5.75,0.0,1.0,0.25
CHG1__P6__path_1,CHG1,P6,path_1,19,9.5,6.9,5.75,0.0,1.0,0.25
CHG1__P6__path_1,CHG1,P6,path_1,20,10.0,7.4,5.75,0.0,1.0,0.25
CHG1__P6__path_1,CHG1,P6,path_1,21,10.5,7.9,5.75,0.0,1.0,0.25
CHG1__P6__path_1,CHG1,P6,path_1,22,10.55,7.95,5.75,0.0,1.0,0.25
CHG1__P7__path_1,CHG1,P7,path_1,0,0.0,1.05,0.05,0.0,1.0,0.25
CHG1__P7__path_1,CHG1,P7,path_1,1,0.5,1.55,0.05,0.0,1.0,0.25
CHG1__P7__path_1,CHG1,P7,path_1,2,1.0,2.05,0.05,0.0,1.0,0.25
CHG1__P7__path_1,CHG1,P7,path_1,3,1.5,2.55,0.05,0.0,1.0,0.25
CHG1__P7__path_1,CHG1,P7,path_1,4,2.0,2.967,0.25,0.0,1.0,0.25
CHG1__P7__path_1,CHG1,P7,path_1,5,2.5,3.467,0.25,0.0,1.0,0.25
CHG1__P7__path_1,CHG1,P7,path_1,6,3.0,3.967,0.25,0.0,1.0,0.25
CHG1__P7__path_1,CHG1,P7,path_1,7,3.5,4.467,0.25,0.0,1.0,0.25
CHG1__P7__path_1,CHG1,P7,path_1,8,4.0,4.933,0.333,0.785398,1.0,0.25
CHG1__P7__path_1,CHG1,P7,path_1,9,4.5,5.426,0.35,0.0,1.0,0.25
CHG1__P7__path_1,CHG1,P7,path_1,10,5.0,5.926,0.35,0.0,1.0,0.25
CHG1__P7__path_1,CHG1,P7,path_1,11,5.5,6.426,0.35,0.0,1.0,0.25
CHG1__P7__path_1,CHG1,P7,path_1,12,6.0,6.874,0.474,0.785398,1.0,0.25
CHG1__P7__path_1,CHG1,P7,path_1,13,6.5,7.15,0.86,1.570796,1.0,0.25
CHG1__P7__path_1,CHG1,P7,path_1,14,6.731,7.25,1.05,1.570796,1.0,0.25
CHG1__P8__path_1,CHG1,P8,path_1,0,0.0,1.05,0.05,0.0,1.0,0.25
CHG1__P8__path_1,CHG1,P8,path_1,1,0.5,1.55,0.05,0.0,1.0,0.25
CHG1__P8__path_1,CHG1,P8,path_1,2,1.0,2.05,0.05,0.0,1.0,0.25
CHG1__P8__path_1,CHG1,P8,path_1,3,1.5,2.55,0.05,0.0,1.0,0.25
CHG1__P8__path_1,CHG1,P8,path_1,4,2.0,2.967,0.25,0.0,1.0,0.25
CHG1__P8__path_1,CHG1,P8,path_1,5,2.5,3.467,0.25,0.0,1.0,0.25
CHG1__P8__path_1,CHG1,P8,path_1,6,3.0,3.967,0.25,0.0,1.0,0.25
CHG1__P8__path_1,CHG1,P8,path_1,7,3.5,4.467,0.25,0.0,1.0,0.25
CHG1__P8__path_1,CHG1,P8,path_1,8,4.0,4.926,0.35,0.0,1.0,0.25
CHG1__P8__path_1,CHG1,P8,path_1,9,4.5,5.426,0.35,0.0,1.0,0.25
CHG1__P8__path_1,CHG1,P8,path_1,10,5.0,5.926,0.35,0.0,1.0,0.25
CHG1__P8__path_1,CHG1,P8,path_1,11,5.5,6.426,0.35,0.0,1.0,0.25
CHG1__P8__path_1,CHG1,P8,path_1,12,6.0,6.884,0.45,0.0,1.0,0.25
CHG1__P8__path_1,CHG1,P8,path_1,13,6.5,7.384,0.45,0.0,1.0,0.25
CHG1__P8__path_1,CHG1,P8,path_1,14,7.0,7.884,0.45,0.0,1.0,0.25
CHG1__P8__path_1,CHG1,P8,path_1,15,7.5,8.384,0.45,0.0,1.0,0.25
CHG1__P8__path_1,CHG1,P8,path_1,16,8.0,8.85,0.484,1.570796,1.0,0.25
CHG1__P8__path_1,CHG1,P8,path_1,17,8.5,8.85,0.984,1.570796,1.0,0.25
CHG1__P8__path_1,CHG1,P8,path_1,18,9.0,8.85,1.484,1.570796,1.0,0.25
CHG1__P8__path_1,CHG1,P8,path_1,19,9.5,8.85,1.984,1.570796,1.0,0.25
CHG1__P8__path_1,CHG1,P8,path_1,20,9.866,8.85,2.35,1.570796,1.0,0.25
CHG1__P9__path_1,CHG1,P9,path_1,0,0.0,1.05,0.05,0.785398,1.0,0.25
CHG1__P9__path_1,CHG1,P9,path_1,1,0.5,1.404,0.404,0.785398,1.0,0.25
CHG1__P9__path_1,CHG1,P9,path_1,2,1.0,1.757,0.757,0.785398,1.0,0.25
CHG1__P9__path_1,CHG1,P9,path_1,3,1.5,2.111,1.111,0.785398,1.0,0.25
CHG1__P9__path_1,CHG1,P9,path_1,4,2.0,2.464,1.464,0.785398,1.0,0.25
CHG1__P9__path_1,CHG1,P9,path_1,5,2.5,2.818,1.818,0.785398,1.0,0.25
CHG1__P9__path_1,CHG1,P9,path_1,6,3.0,3.05,2.222,1.570796,1.0,0.25
CHG1__P9__path_1,CHG1,P9,path_1,7,3.5,3.05,2.722,1.570796,1.0,0.25
CHG1__P9__path_1,CHG1,P9,path_1,8,4.0,3.101,3.201,0.785398,1.0,0.25
CHG1__P9__path_1,CHG1,P9,path_1,9,4.5,3.454,3.554,0.785398,1.0,0.25
CHG1__P9__path_1,CHG1,P9,path_1,10,5.0,3.808,3.908,0.785398,1.0,0.25
CHG1__P9__path_1,CHG1,P9,path_1,11,5.5,4.207,4.15,0.0,1.0,0.25
CHG1__P9__path_1,CHG1,P9,path_1,12,6.0,4.707,4.15,0.0,1.0,0.25
CHG1__P9__path_1,CHG1,P9,path_1,13,6.5,5.207,4.15,0.0,1.0,0.25
CHG1__P9__path_1,CHG1,P9,path_1,14,7.0,5.661,4.261,0.785398,1.0,0.25
CHG1__P9__path_1,CHG1,P9,path_1,15,7.5,5.873,4.673,0.785398,1.0,0.25
CHG1__P9__path_1,CHG1,P9,path_1,16,7.95,6.05,5.05,0.785398,1.0,0.25
CHG1__SORT1__path_1,CHG1,SORT1,path_1,0,0.0,1.05,0.05,0.0,1.0,0.25
CHG1__SORT1__path_1,CHG1,SORT1,path_1,1,0.5,1.55,0.05,0.0,1.0,0.25
CHG1__SORT1__path_1,CHG1,SORT1,path_1,2,1.0,2.05,0.05,0.0,1.0,0.25
CHG1__SORT1__path_1,CHG1,SORT1,path_1,3,1.5,2.55,0.05,0.0,1.0,0.25
CHG1__SORT1__path_1,CHG1,SORT1,path_1,4,2.0,2.967,0.25,0.0,1.0,0.25
CHG1__SORT1__path_1,CHG1,SORT1,path_1,5,2.5,3.467,0.25,0.0,1.0,0.25
CHG1__SORT1__path_1,CHG1,SORT1,path_1,6,3.0,3.967,0.25,0.0,1.0,0.25
CHG1__SORT1__path_1,CHG1,SORT1,path_1,7,3.5,4.467,0.25,0.0,1.0,0.25
CHG1__SORT1__path_1,CHG1,SORT1,path_1,8,4.0,4.933,0.333,0.785398,1.0,0.25
CHG1__SORT1__path_1,CHG1,SORT1,path_1,9,4.5,5.426,0.35,0.0,1.0,0.25
CHG1__SORT1__path_1,CHG1,SORT1,path_1,10,5.0,5.926,0.35,0.0,1.0,0.25
CHG1__SORT1__path_1,CHG1,SORT1,path_1,11,5.5,6.426,0.35,0.0,1.0,0.25
CHG1__SORT1__path_1,CHG1,SORT1,path_1,12,6.0,6.884,0.45,0.0,1.0,0.25
CHG1__SORT1__path_1,CHG1,SORT1,path_1,13,6.5,7.384,0.45,0.0,1.0,0.25
CHG1__SORT1__path_1,CHG1,SORT1,path_1,14,7.0,7.884,0.45,0.0,1.0,0.25
CHG1__SORT1__path_1,CHG1,SORT1,path_1,15,7.5,8.384,0.45,0.0,1.0,0.25
CHG1__SORT1__path_1,CHG1,SORT1,path_1,16,8.0,8.874,0.474,0.785398,1.0,0.25
CHG1__SORT1__path_1,CHG1,SORT1,path_1,17,8.5,9.157,0.857,0.785398,1.0,0.25
CHG1__SORT1__path_1,CHG1,SORT1,path_1,18,9.0,9.35,1.277,1.570796,1.0,0.25
CHG1__SORT1__path_1,CHG1,SORT1,path_1,19,9.5,9.55,1.694,1.570796,1.0,0.25
CHG1__SORT1__path_1,CHG1,SORT1,path_1,20,10.0,9.723,2.123,0.785398,1.0,0.25
CHG1__SORT1__path_1,CHG1,SORT1,path_1,21,10.038,9.75,2.15,0.785398,1.0,0.25
CHG1__SORT2__path_1,CHG1,SORT2,path_1,0,0.0,1.05,0.05,0.785398,1.0,0.25
CHG1__SORT2__path_1,CHG1,SORT2,path_1,1,0.5,1.404,0.404,0.785398,1.0,0.25
CHG1__SORT2__path_1,CHG1,SORT2,path_1,2,1.0,1.757,0.757,0.785398,1.0,0.25
CHG1__SORT2__path_1,CHG1,SORT2,path_1,3,1.5,2.111,1.111,0.785398,1.0,0.25
CHG1__SORT2__path_1,CHG1,SORT2,path_1,4,2.0,2.464,1.464,0.785398,1.0,0.25
CHG1__SORT2__path_1,CHG1,SORT2,path_1,5,2.5,2.818,1.818,0.785398,1.0,0.25
CHG1__SORT2__path_1,CHG1,SORT2,path_1,6,3.0,3.05,2.222,1.570796,1.0,0.25
CHG1__SORT2__path_1,CHG1,SORT2,path_1,7,3.5,3.05,2.722,1.570796,1.0,0.25
CHG1__SORT2__path_1,CHG1,SORT2,path_1,8,4.0,3.122,3.15,0.0,1.0,0.25
CHG1__SORT2__path_1,CHG1,SORT2,path_1,9,4.5,3.622,3.15,0.0,1.0,0.25
CHG1__SORT2__path_1,CHG1,SORT2,path_1,10,5.0,4.042,3.342,0.785398,1.0,0.25
CHG1__SORT2__path_1,CHG1,SORT2,path_1,11,5.5,4.396,3.696,0.785398,1.0,0.25
CHG1__SORT2__path_1,CHG1,SORT2,path_1,12,6.0,4.749,4.049,0.785398,1.0,0.25
CHG1__SORT2__path_1,CHG1,SORT2,path_1,13,6.5,5.249,4.05,0.0,1.0,0.25
CHG1__SORT2__path_1,CHG1,SORT2,path_1,14,7.0,5.749,4.05,0.0,1.0,0.25
CHG1__SORT2__path_1,CHG1,SORT2,path_1,15,7.5,6.249,4.05,0.0,1.0,0.25
CHG1__SORT2__path_1,CHG1,SORT2,path_1,16,8.0,6.749,4.05,0.0,1.0,0.25
CHG1__SORT2__path_1,CHG1,SORT2,path_1,17,8.5,7.249,4.05,0.0,1.0,0.25
CHG1__SORT2__path_1,CHG1,SORT2,path_1,18,9.0,7.749,4.05,0.0,1.0,0.25
CHG1__SORT2__path_1,CHG1,SORT2,path_1,19,9.5,8.249,4.05,0.0,1.0,0.25
CHG1__SORT2__path_1,CHG1,SORT2,path_1,20,10.0,8.749,4.05,0.0,1.0,0.25
CHG1__SORT2__path_1,CHG1,SORT2,path_1,21,10.5,9.249,4.05,0.0,1.0,0.25
CHG1__SORT2__path_1,CHG1,SORT2,path_1,22,11.0,9.749,4.05,0.0,1.0,0.25
CHG1__SORT2__path_1,CHG1,SORT2,path_1,23,11.5,10.249,4.05,0.0,1.0,0.25
CHG1__SORT2__path_1,CHG1,SORT2,path_1,24,11.601,10.35,4.05,0.0,1.0,0.25
CHG1__OUT1__path_1,CHG1,OUT1,path_1,0,0.0,1.05,0.05,0.0,1.0,0.25
CHG1__OUT1__path_1,CHG1,OUT1,path_1,1,0.5,1.55,0.05,0.0,1.0,0.25
CHG1__OUT1__path_1,CHG1,OUT1,path_1,2,1.0,2.05,0.05,0.0,1.0,0.25
CHG1__OUT1__path_1,CHG1,OUT1,path_1,3,1.5,2.55,0.05,0.0,1.0,0.25
CHG1__OUT1__path_1,CHG1,OUT1,path_1,4,2.0,2.967,0.25,0.0,1.0,0.25
CHG1__OUT1__path_1,CHG1,OUT1,path_1,5,2.5,3.467,0.25,0.0,1.0,0.25
CHG1__OUT1__path_1,CHG1,OUT1,path_1,6,3.0,3.967,0.25,0.0,1.0,0.25
CHG1__OUT1__path_1,CHG1,OUT1,path_1,7,3.5,4.467,0.25,0.0,1.0,0.25
CHG1__OUT1__path_1,CHG1,OUT1,path_1,8,4.0,4.933,0.333,0.785398,1.0,0.25
CHG1__OUT1__path_1,CHG1,OUT1,path_1,9,4.5,5.426,0.35,0.0,1.0,0.25
CHG1__OUT1__path_1,CHG1,OUT1,path_1,10,5.0,5.926,0.35,0.0,1.0,0.25
CHG1__OUT1__path_1,CHG1,OUT1,path_1,11,5.5,6.426,0.35,0.0,1.0,0.25
CHG1__OUT1__path_1,CHG1,OUT1,path_1,12,6.0,6.926,0.35,0.0,1.0,0.25
CHG1__OUT1__path_1,CHG1,OUT1,path_1,13,6.5,7.426,0.35,0.0,1.0,0.25
CHG1__OUT1__path_1,CHG1,OUT1,path_1,14,7.0,7.926,0.35,0.0,1.0,0.25
CHG1__OUT1__path_1,CHG1,OUT1,path_1,15,7.5,8.426,0.35,0.0,1.0,0.25
CHG1__OUT1__path_1,CHG1,OUT1,path_1,16,8.0,8.874,0.474,0.785398,1.0,0.25
CHG1__OUT1__path_1,CHG1,OUT1,path_1,17,8.5,9.286,0.686,0.785398,1.0,0.25
CHG1__OUT1__path_1,CHG1,OUT1,path_1,18,9.0,9.699,0.899,0.785398,1.0,0.25
CHG1__OUT1__path_1,CHG1,OUT1,path_1,19,9.5,10.136,1.05,0.0,1.0,0.25
CHG1__OUT1__path_1,CHG1,OUT1,path_1,20,10.0,10.552,1.252,0.785398,1.0,0.25
CHG1__OUT1__path_1,CHG1,OUT1,path_1,21,10.5,10.97,1.45,0.0,1.0,0.25
CHG1__OUT1__path_1,CHG1,OUT1,path_1,22,11.0,11.387,1.65,0.0,1.0,0.25
CHG1__OUT1__path_1,CHG1,OUT1,path_1,23,11.5,11.804,1.85,0.0,1.0,0.25
CHG1__OUT1__path_1,CHG1,OUT1,path_1,24,11.787,12.05,1.95,0.0,1.0,0.25
CHG1__OUT2__path_1,CHG1,OUT2,path_1,0,0.0,1.05,0.05,0.0,1.0,0.25
CHG1__OUT2__path_1,CHG1,OUT2,path_1,1,0.5,1.55,0.05,0.0,1.0,0.25
CHG1__OUT2__path_1,CHG1,OUT2,path_1,2,1.0,2.05,0.05,0.0,1.0,0.25
CHG1__OUT2__path_1,CHG1,OUT2,path_1,3,1.5,2.55,0.05,0.0,1.0,0.25
CHG1__OUT2__path_1,CHG1,OUT2,path_1,4,2.0,2.967,0.25,0.0,1.0,0.25
CHG1__OUT2__path_1,CHG1,OUT2,path_1,5,2.5,3.467,0.25,0.0,1.0,0.25
CHG1__OUT2__path_1,CHG1,OUT2,path_1,6,3.0,3.967,0.25,0.0,1.0,0.25
CHG1__OUT2__path_1,CHG1,OUT2,path_1,7,3.5,4.467,0.25,0.0,1.0,0.25
CHG1__OUT2__path_1,CHG1,OUT2,path_1,8,4.0,4.926,0.35,0.0,1.0,0.25
CHG1__OUT2__path_1,CHG1,OUT2,path_1,9,4.5,5.426,0.35,0.0,1.0,0.25
CHG1__OUT2__path_1,CHG1,OUT2,path_1,10,5.0,5.926,0.35,0.0,1.0,0.25
CHG1__OUT2__path_1,CHG1,OUT2,path_1,11,5.5,6.426,0.35,0.0,1.0,0.25
CHG1__OUT2__path_1,CHG1,OUT2,path_1,12,6.0,6.884,0.45,0.0,1.0,0.25
CHG1__OUT2__path_1,CHG1,OUT2,path_1,13,6.5,7.384,0.45,0.0,1.0,0.25
CHG1__OUT2__path_1,CHG1,OUT2,path_1,14,7.0,7.884,0.45,0.0,1.0,0.25
CHG1__OUT2__path_1,CHG1,OUT2,path_1,15,7.5,8.384,0.45,0.0,1.0,0.25
CHG1__OUT2__path_1,CHG1,OUT2,path_1,16,8.0,8.874,0.474,0.785398,1.0,0.25
CHG1__OUT2__path_1,CHG1,OUT2,path_1,17,8.5,9.228,0.828,0.785398,1.0,0.25
CHG1__OUT2__path_1,CHG1,OUT2,path_1,18,9.0,9.581,1.181,0.785398,1.0,0.25
CHG1__OUT2__path_1,CHG1,OUT2,path_1,19,9.5,9.935,1.535,0.785398,1.0,0.25
CHG1__OUT2__path_1,CHG1,OUT2,path_1,20,10.0,10.288,1.888,0.785398,1.0,0.25
CHG1__OUT2__path_1,CHG1,OUT2,path_1,21,10.5,10.642,2.242,0.785398,1.0,0.25
CHG1__OUT2__path_1,CHG1,OUT2,path_1,22,11.0,10.996,2.596,0.785398,1.0,0.25
CHG1__OUT2__path_1,CHG1,OUT2,path_1,23,11.5,11.349,2.949,0.785398,1.0,0.25
CHG1__OUT2__path_1,CHG1,OUT2,path_1,24,12.0,11.703,3.303,0.785398,1.0,0.25
CHG1__OUT2__path_1,CHG1,OUT2,path_1,25,12.5,11.95,3.7,1.570796,1.0,0.25
CHG1__OUT2__path_1,CHG1,OUT2,path_1,26,12.791,12.05,3.95,1.570796,1.0,0.25
CHG1__CHG2__path_1,CHG1,CHG2,path_1,0,0.0,1.05,0.05,0.0,1.0,0.25
CHG1__CHG2__path_1,CHG1,CHG2,path_1,1,0.5,1.55,0.05,0.0,1.0,0.25
CHG1__CHG2__path_1,CHG1,CHG2,path_1,2,1.0,2.05,0.05,0.0,1.0,0.25
CHG1__CHG2__path_1,CHG1,CHG2,path_1,3,1.5,2.55,0.05,0.0,1.0,0.25
CHG1__CHG2__path_1,CHG1,CHG2,path_1,4,2.0,3.05,0.05,0.0,1.0,0.25
CHG1__CHG2__path_1,CHG1,CHG2,path_1,5,2.5,3.55,0.05,0.0,1.0,0.25
CHG1__CHG2__path_1,CHG1,CHG2,path_1,6,3.0,4.05,0.05,0.0,1.0,0.25
CHG1__CHG2__path_1,CHG1,CHG2,path_1,7,3.5,4.55,0.05,0.0,1.0,0.25
CHG1__CHG2__path_1,CHG1,CHG2,path_1,8,4.0,5.05,0.05,0.0,1.0,0.25
CHG1__CHG2__path_1,CHG1,CHG2,path_1,9,4.5,5.55,0.05,0.0,1.0,0.25
CHG1__CHG2__path_1,CHG1,CHG2,path_1,10,5.0,6.05,0.05,0.0,1.0,0.25
CHG1__CHG2__path_1,CHG1,CHG2,path_1,11,5.5,6.55,0.05,0.0,1.0,0.25
CHG1__CHG2__path_1,CHG1,CHG2,path_1,12,6.0,7.05,0.05,0.0,1.0,0.25
CHG1__CHG2__path_1,CHG1,CHG2,path_1,13,6.5,7.55,0.05,0.0,1.0,0.25
CHG1__CHG2__path_1,CHG1,CHG2,path_1,14,7.0,8.05,0.05,0.0,1.0,0.25
CHG1__CHG2__path_1,CHG1,CHG2,path_1,15,7.5,8.55,0.05,0.0,1.0,0.25
CHG1__CHG2__path_1,CHG1,CHG2,path_1,16,8.0,9.05,0.05,0.0,1.0,0.25
CHG2__IN1__path_1,CHG2,IN1,path_1,0,0.0,9.05,0.05,3.141593,1.0,0.25
CHG2__IN1__path_1,CHG2,IN1,path_1,1,0.5,8.55,0.05,3.141593,1.0,0.25
CHG2__IN1__path_1,CHG2,IN1,path_1,2,1.0,8.05,0.05,3.141593,1.0,0.25
CHG2__IN1__path_1,CHG2,IN1,path_1,3,1.5,7.55,0.05,3.141593,1.0,0.25
CHG2__IN1__path_1,CHG2,IN1,path_1,4,2.0,7.05,0.05,3.141593,1.0,0.25
CHG2__IN1__path_1,CHG2,IN1,path_1,5,2.5,6.55,0.05,3.141593,1.0,0.25
CHG2__IN1__path_1,CHG2,IN1,path_1,6,3.0,6.05,0.05,3.141593,1.0,0.25
CHG2__IN1__path_1,CHG2,IN1,path_1,7,3.5,5.55,0.05,3.141593,1.0,0.25
CHG2__IN1__path_1,CHG2,IN1,path_1,8,4.0,5.05,0.05,3.141593,1.0,0.25
CHG2__IN1__path_1,CHG2,IN1,path_1,9,4.5,4.55,0.05,3.141593,1.0,0.25
CHG2__IN1__path_1,CHG2,IN1,path_1,10,5.0,4.05,0.05,3.141593,1.0,0.25
CHG2__IN1__path_1,CHG2,IN1,path_1,11,5.5,3.55,0.05,3.141593,1.0,0.25
CHG2__IN1__path_1,CHG2,IN1,path_1,12,6.0,3.05,0.05,3.141593,1.0,0.25
CHG2__IN1__path_1,CHG2,IN1,path_1,13,6.5,2.55,0.05,3.141593,1.0,0.25
CHG2__IN1__path_1,CHG2,IN1,path_1,14,7.0,2.079,0.121,2.356194,1.0,0.25
CHG2__IN1__path_1,CHG2,IN1,path_1,15,7.5,1.667,0.333,2.356194,1.0,0.25
CHG2__IN1__path_1,CHG2,IN1,path_1,16,8.0,1.255,0.545,2.356194,1.0,0.25
CHG2__IN1__path_1,CHG2,IN1,path_1,17,8.5,0.814,0.686,2.356194,1.0,0.25
CHG2__IN1__path_1,CHG2,IN1,path_1,18,9.0,0.401,0.899,2.356194,1.0,0.25
CHG2__IN1__path_1,CHG2,IN1,path_1,19,9.414,0.05,1.05,2.356194,1.0,0.25
CHG2__IN2__path_1,CHG2,IN2,path_1,0,0.0,9.05,0.05,3.141593,1.0,0.25
CHG2__IN2__path_1,CHG2,IN2,path_1,1,0.5,8.55,0.05,3.141593,1.0,0.25
CHG2__IN2__path_1,CHG2,IN2,path_1,2,1.0,8.05,0.05,3.141593,1.0,0.25
CHG2__IN2__path_1,CHG2,IN2,path_1,3,1.5,7.633,0.25,3.141593,1.0,0.25
CHG2__IN2__path_1,CHG2,IN2,path_1,4,2.0,7.133,0.25,3.141593,1.0,0.25
CHG2__IN2__path_1,CHG2,IN2,path_1,5,2.5,6.633,0.25,3.141593,1.0,0.25
CHG2__IN2__path_1,CHG2,IN2,path_1,6,3.0,6.133,0.25,3.141593,1.0,0.25
CHG2__IN2__path_1,CHG2,IN2,path_1,7,3.5,5.633,0.25,3.141593,1.0,0.25
CHG2__IN2__path_1,CHG2,IN2,path_1,8,4.0,5.133,0.25,3.141593,1.0,0.25
CHG2__IN2__path_1,CHG2,IN2,path_1,9,4.5,4.633,0.25,3.141593,1.0,0.25
CHG2__IN2__path_1,CHG2,IN2,path_1,10,5.0,4.133,0.25,3.141593,1.0,0.25
CHG2__IN2__path_1,CHG2,IN2,path_1,11,5.5,3.633,0.25,3.141593,1.0,0.25
CHG2__IN2__path_1,CHG2,IN2,path_1,12,6.0,3.133,0.25,3.141593,1.0,0.25
CHG2__IN2__path_1,CHG2,IN2,path_1,13,6.5,2.755,0.545,2.356194,1.0,0.25
CHG2__IN2__path_1,CHG2,IN2,path_1,14,7.0,2.401,0.899,2.356194,1.0,0.25
CHG2__IN2__path_1,CHG2,IN2,path_1,15,7.5,2.048,1.252,2.356194,1.0,0.25
CHG2__IN2__path_1,CHG2,IN2,path_1,16,8.0,1.694,1.606,2.356194,1.0,0.25
CHG2__IN2__path_1,CHG2,IN2,path_1,17,8.5,1.412,1.988,2.356194,1.0,0.25
CHG2__IN2__path_1,CHG2,IN2,path_1,18,9.0,1.199,2.401,2.356194,1.0,0.25
CHG2__IN2__path_1,CHG2,IN2,path_1,19,9.5,1.05,2.839,1.570796,1.0,0.25
CHG2__IN2__path_1,CHG2,IN2,path_1,20,10.0,0.846,3.254,2.356194,1.0,0.25
CHG2__IN2__path_1,CHG2,IN2,path_1,21,10.5,0.634,3.666,2.356194,1.0,0.25
CHG2__IN2__path_1,CHG2,IN2,path_1,22,11.0,0.45,4.09,1.570796,1.0,0.25
CHG2__IN2__path_1,CHG2,IN2,path_1,23,11.5,0.25,4.507,1.570796,1.0,0.25
CHG2__IN2__path_1,CHG2,IN2,path_1,24,12.0,0.068,4.932,2.356194,1.0,0.25
CHG2__IN2__path_1,CHG2,IN2,path_1,25,12.025,0.05,4.95,2.356194,1.0,0.25
CHG2__P1__path_1,CHG2,P1,path_1,0,0.0,9.05,0.05,3.141593,1.0,0.25
CHG2__P1__path_1,CHG2,P1,path_1,1,0.5,8.55,0.05,3.141593,1.0,0.25
CHG2__P1__path_1,CHG2,P1,path_1,2,1.0,8.05,0.05,3.141593,1.0,0.25
CHG2__P1__path_1,CHG2,P1,path_1,3,1.5,7.55,0.05,3.141593,1.0,0.25
CHG2__P1__path_1,CHG2,P1,path_1,4,2.0,7.05,0.05,3.141593,1.0,0.25
CHG2__P1__path_1,CHG2,P1,path_1,5,2.5,6.55,0.05,3.141593,1.0,0.25
CHG2__P1__path_1,CHG2,P1,path_1,6,3.0,6.05,0.05,3.141593,1.0,0.25
CHG2__P1__path_1,CHG2,P1,path_1,7,3.5,5.55,0.05,3.141593,1.0,0.25
CHG2__P1__path_1,CHG2,P1,path_1,8,4.0,5.05,0.05,3.141593,1.0,0.25
CHG2__P1__path_1,CHG2,P1,path_1,9,4.5,4.609,0.191,2.356194,1.0,0.25
CHG2__P1__path_1,CHG2,P1,path_1,10,5.0,4.133,0.25,3.141593,1.0,0.25
CHG2__P1__path_1,CHG2,P1,path_1,11,5.5,3.633,0.25,3.141593,1.0,0.25
CHG2__P1__path_1,CHG2,P1,path_1,12,6.0,3.133,0.25,3.141593,1.0,0.25
CHG2__P1__path_1,CHG2,P1,path_1,13,6.5,3.05,0.667,1.570796,1.0,0.25
CHG2__P1__path_1,CHG2,P1,path_1,14,6.824,2.95,0.95,1.570796,1.0,0.25
CHG2__P2__path_1,CHG2,P2,path_1,0,0.0,9.05,0.05,3.141593,1.0,0.25
CHG2__P2__path_1,CHG2,P2,path_1,1,0.5,8.55,0.05,3.141593,1.0,0.25
CHG2__P2__path_1,CHG2,P2,path_1,2,1.0,8.05,0.05,3.141593,1.0,0.25
CHG2__P2__path_1,CHG2,P2,path_1,3,1.5,7.667,0.333,2.356194,1.0,0.25
CHG2__P2__path_1,CHG2,P2,path_1,4,2.0,7.174,0.35,3.141593,1.0,0.25
CHG2__P2__path_1,CHG2,P2,path_1,5,2.5,6.674,0.35,3.141593,1.0,0.25
CHG2__P2__path_1,CHG2,P2,path_1,6,3.0,6.174,0.35,3.141593,1.0,0.25
CHG2__P2__path_1,CHG2,P2,path_1,7,3.5,5.674,0.35,3.141593,1.0,0.25
CHG2__P2__path_1,CHG2,P2,path_1,8,4.0,5.174,0.35,3.141593,1.0,0.25
CHG2__P2__path_1,CHG2,P2,path_1,9,4.5,4.95,0.626,1.570796,1.0,0.25
CHG2__P2__path_1,CHG2,P2,path_1,10,5.0,4.95,1.126,1.570796,1.0,0.25
CHG2__P2__path_1,CHG2,P2,path_1,11,5.5,4.896,1.604,2.356194,1.0,0.25
CHG2__P2__path_1,CHG2,P2,path_1,12,6.0,4.684,2.016,2.356194,1.0,0.25
CHG2__P2__path_1,CHG2,P2,path_1,13,6.39,4.55,2.35,2.356194,1.0,0.25
CHG2__P3__path_1,CHG2,P3,path_1,0,0.0,9.05,0.05,3.141593,1.0,0.25
CHG2__P3__path_1,CHG2,P3,path_1,1,0.5,8.55,0.05,3.141593,1.0,0.25
CHG2__P3__path_1,CHG2,P3,path_1,2,1.0,8.05,0.05,3.141593,1.0,0.25
CHG2__P3__path_1,CHG2,P3,path_1,3,1.5,7.667,0.333,2.356194,1.0,0.25
CHG2__P3__path_1,CHG2,P3,path_1,4,2.0,7.174,0.35,3.141593,1.0,0.25
CHG2__P3__path_1,CHG2,P3,path_1,5,2.5,6.674,0.35,3.141593,1.0,0.25
CHG2__P3__path_1,CHG2,P3,path_1,6,3.0,6.174,0.35,3.141593,1.0,0.25
CHG2__P3__path_1,CHG2,P3,path_1,7,3.5,5.674,0.35,3.141593,1.0,0.25
CHG2__P3__path_1,CHG2,P3,path_1,8,4.0,5.174,0.35,3.141593,1.0,0.25
CHG2__P3__path_1,CHG2,P3,path_1,9,4.5,4.95,0.626,1.570796,1.0,0.25
CHG2__P3__path_1,CHG2,P3,path_1,10,5.0,4.95,1.126,1.570796,1.0,0.25
CHG2__P3__path_1,CHG2,P3,path_1,11,5.5,4.95,1.626,1.570796,1.0,0.25
CHG2__P3__path_1,CHG2,P3,path_1,12,6.0,4.95,2.126,1.570796,1.0,0.25
CHG2__P3__path_1,CHG2,P3,path_1,13,6.5,4.755,2.545,2.356194,1.0,0.25
CHG2__P3__path_1,CHG2,P3,path_1,14,7.0,4.55,2.96,1.570796,1.0,0.25
CHG2__P3__path_1,CHG2,P3,path_1,15,7.5,4.331,3.369,2.356194,1.0,0.25
CHG2__P3__path_1,CHG2,P3,path_1,16,8.0,3.977,3.723,2.356194,1.0,0.25
CHG2__P3__path_1,CHG2,P3,path_1,17,8.5,3.624,4.076,2.356194,1.0,0.25
CHG2__P3__path_1,CHG2,P3,path_1,18,9.0,3.55,4.546,1.570796,1.0,0.25
CHG2__P3__path_1,CHG2,P3,path_1,19,9.5,3.55,5.046,1.570796,1.0,0.25
CHG2__P3__path_1,CHG2,P3,path_1,20,9.704,3.55,5.25,1.570796,1.0,0.25
CHG2__P4__path_1,CHG2,P4,path_1,0,0.0,9.05,0.05,3.141593,1.0,0.25
CHG2__P4__path_1,CHG2,P4,path_1,1,0.5,8.55,0.05,3.141593,1.0,0.25
CHG2__P4__path_1,CHG2,P4,path_1,2,1.0,8.05,0.05,3.141593,1.0,0.25
CHG2__P4__path_1,CHG2,P4,path_1,3,1.5,7.591,0.15,3.141593,1.0,0.25
CHG2__P4__path_1,CHG2,P4,path_1,4,2.0,7.174,0.35,3.141593,1.0,0.25
CHG2__P4__path_1,CHG2,P4,path_1,5,2.5,6.674,0.35,3.141593,1.0,0.25
CHG2__P4__path_1,CHG2,P4,path_1,6,3.0,6.174,0.35,3.141593,1.0,0.25
CHG2__P4__path_1,CHG2,P4,path_1,7,3.5,5.674,0.35,3.141593,1.0,0.25
CHG2__P4__path_1,CHG2,P4,path_1,8,4.0,5.174,0.35,3.141593,1.0,0.25
CHG2__P4__path_1,CHG2,P4,path_1,9,4.5,4.95,0.626,1.570796,1.0,0.25
CHG2__P4__path_1,CHG2,P4,path_1,10,5.0,4.95,1.126,1.570796,1.0,0.25
CHG2__P4__path_1,CHG2,P4,path_1,11,5.224,4.95,1.35,1.570796,1.0,0.25
CHG2__P5__path_1,CHG2,P5,path_1,0,0.0,9.05,0.05,3.141593,1.0,0.25
CHG2__P5__path_1,CHG2,P5,path_1,1,0.5,8.55,0.05,3.141593,1.0,0.25
CHG2__P5__path_1,CHG2,P5,path_1,2,1.0,8.05,0.05,3.141593,1.0,0.25
CHG2__P5__path_1,CHG2,P5,path_1,3,1.5,7.667,0.333,2.356194,1.0,0.25
CHG2__P5__path_1,CHG2,P5,path_1,4,2.0,7.25,0.484,1.570796,1.0,0.25
CHG2__P5__path_1,CHG2,P5,path_1,5,2.5,7.084,0.916,2.356194,1.0,0.25
CHG2__P5__path_1,CHG2,P5,path_1,6,3.0,6.872,1.328,2.356194,1.0,0.25
CHG2__P5__path_1,CHG2,P5,path_1,7,3.5,6.75,1.777,1.570796,1.0,0.25
CHG2__P5__path_1,CHG2,P5,path_1,8,4.0,6.75,2.277,1.570796,1.0,0.25
CHG2__P5__path_1,CHG2,P5,path_1,9,4.5,6.75,2.777,1.570796,1.0,0.25
CHG2__P5__path_1,CHG2,P5,path_1,10,5.0,6.55,3.194,1.570796,1.0,0.25
CHG2__P5__path_1,CHG2,P5,path_1,11,5.5,6.55,3.694,1.570796,1.0,0.25
CHG2__P5__path_1,CHG2,P5,path_1,12,6.0,6.406,4.05,3.141593,1.0,0.25
CHG2__P5__path_1,CHG2,P5,path_1,13,6.5,5.906,4.05,3.141593,1.0,0.25
CHG2__P5__path_1,CHG2,P5,path_1,14,6.756,5.65,4.05,3.141593,1.0,0.25
CHG2__P6__path_1,CHG2,P6,path_1,0,0.0,9.05,0.05,1.570796,1.0,0.25
CHG2__P6__path_1,CHG2,P6,path_1,1,0.5,9.05,0.55,1.570796,1.0,0.25
CHG2__P6__path_1,CHG2,P6,path_1,2,1.0,9.05,1.05,1.570796,1.0,0.25
CHG2__P6__path_1,CHG2,P6,path_1,3,1.5,9.05,1.55,1.570796,1.0,0.25
CHG2__P6__path_1,CHG2,P6,path_1,4,2.0,8.85,1.967,1.570796,1.0,0.25
CHG2__P6__path_1,CHG2,P6,path_1,5,2.5,8.85,2.467,1.570796,1.0,0.25
CHG2__P6__path_1,CHG2,P6,path_1,6,3.0,8.85,2.967,1.570796,1.0,0.25
CHG2__P6__path_1,CHG2,P6,path_1,7,3.5,8.85,3.467,1.570796,1.0,0.25
CHG2__P6__path_1,CHG2,P6,path_1,8,4.0,8.767,3.933,2.356194,1.0,0.25
CHG2__P6__path_1,CHG2,P6,path_1,9,4.5,8.555,4.345,2.356194,1.0,0.25
CHG2__P6__path_1,CHG2,P6,path_1,10,5.0,8.414,4.786,2.356194,1.0,0.25
CHG2__P6__path_1,CHG2,P6,path_1,11,5.5,8.25,5.219,1.570796,1.0,0.25
CHG2__P6__path_1,CHG2,P6,path_1,12,6.0,8.25,5.719,1.570796,1.0,0.25
CHG2__P6__path_1,CHG2,P6,path_1,13,6.331,7.95,5.75,1.570796,1.0,0.25
CHG2__P7__path_1,CHG2,P7,path_1,0,0.0,9.05,0.05,3.141593,1.0,0.25
CHG2__P7__path_1,CHG2,P7,path_1,1,0.5,8.55,0.05,3.141593,1.0,0.25
CHG2__P7__path_1,CHG2,P7,path_1,2,1.0,8.05,0.05,3.141593,1.0,0.25
CHG2__P7__path_1,CHG2,P7,path_1,3,1.5,7.667,0.333,2.356194,1.0,0.25
CHG2__P7__path_1,CHG2,P7,path_1,4,2.0,7.25,0.484,1.570796,1.0,0.25
CHG2__P7__path_1,CHG2,P7,path_1,5,2.5,7.25,0.984,1.570796,1.0,0.25
CHG2__P7__path_1,CHG2,P7,path_1,6,2.566,7.25,1.05,1.570796,1.0,0.25
CHG2__P8__path_1,CHG2,P8,path_1,0,0.0,9.05,0.05,1.570796,1.0,0.25
CHG2__P8__path_1,CHG2,P8,path_1,1,0.5,9.05,0.55,1.570796,1.0,0.25
CHG2__P8__path_1,CHG2,P8,path_1,2,1.0,9.05,1.05,1.570796,1.0,0.25
CHG2__P8__path_1,CHG2,P8,path_1,3,1.5,9.05,1.55,1.570796,1.0,0.25
CHG2__P8__path_1,CHG2,P8,path_1,4,2.0,8.85,1.967,1.570796,1.0,0.25
CHG2__P8__path_1,CHG2,P8,path_1,5,2.383,8.85,2.35,1.570796,1.0,0.25
CHG2__P9__path_1,CHG2,P9,path_1,0,0.0,9.05,0.05,3.141593,1.0,0.25
CHG2__P9__path_1,CHG2,P9,path_1,1,0.5,8.55,0.05,3.141593,1.0,0.25
CHG2__P9__path_1,CHG2,P9,path_1,2,1.0,8.05,0.05,3.141593,1.0,0.25
CHG2__P9__path_1,CHG2,P9,path_1,3,1.5,7.667,0.333,2.356194,1.0,0.25
CHG2__P9__path_1,CHG2,P9,path_1,4,2.0,7.25,0.484,1.570796,1.0,0.25
CHG2__P9__path_1,CHG2,P9,path_1,5,2.5,7.25,0.984,1.570796,1.0,0.25
CHG2__P9__path_1,CHG2,P9,path_1,6,3.0,7.25,1.484,1.570796,1.0,0.25
CHG2__P9__path_1,CHG2,P9,path_1,7,3.5,7.25,1.984,1.570796,1.0,0.25
CHG2__P9__path_1,CHG2,P9,path_1,8,4.0,7.155,2.445,2.356194,1.0,0.25
CHG2__P9__path_1,CHG2,P9,path_1,9,4.5,7.05,2.901,1.570796,1.0,0.25
CHG2__P9__path_1,CHG2,P9,path_1,10,5.0,6.85,3.319,1.570796,1.0,0.25
CHG2__P9__path_1,CHG2,P9,path_1,11,5.5,6.65,3.736,1.570796,1.0,0.25
CHG2__P9__path_1,CHG2,P9,path_1,12,6.0,6.406,4.05,3.141593,1.0,0.25
CHG2__P9__path_1,CHG2,P9,path_1,13,6.5,6.05,4.194,1.570796,1.0,0.25
CHG2__P9__path_1,CHG2,P9,path_1,14,7.0,6.05,4.694,1.570796,1.0,0.25
CHG2__P9__path_1,CHG2,P9,path_1,15,7.356,6.05,5.05,1.570796,1.0,0.25
CHG2__SORT1__path_1,CHG2,SORT1,path_1,0,0.0,9.05,0.05,1.570796,1.0,0.25
CHG2__SORT1__path_1,CHG2,SORT1,path_1,1,0.5,9.05,0.55,1.570796,1.0,0.25
CHG2__SORT1__path_1,CHG2,SORT1,path_1,2,1.0,9.05,1.05,1.570796,1.0,0.25
CHG2__SORT1__path_1,CHG2,SORT1,path_1,3,1.5,9.333,1.433,0.785398,1.0,0.25
CHG2__SORT1__path_1,CHG2,SORT1,path_1,4,2.0,9.65,1.801,1.570796,1.0,0.25
CHG2__SORT1__path_1,CHG2,SORT1,path_1,5,2.39,9.75,2.15,1.570796,1.0,0.25
CHG2__SORT2__path_1,CHG2,SORT2,path_1,0,0.0,9.05,0.05,1.570796,1.0,0.25
CHG2__SORT2__path_1,CHG2,SORT2,path_1,1,0.5,9.05,0.55,1.570796,1.0,0.25
CHG2__SORT2__path_1,CHG2,SORT2,path_1,2,1.0,9.05,1.05,1.570796,1.0,0.25
CHG2__SORT2__path_1,CHG2,SORT2,path_1,3,1.5,9.333,1.433,0.785398,1.0,0.25
CHG2__SORT2__path_1,CHG2,SORT2,path_1,4,2.0,9.65,1.801,1.570796,1.0,0.25
CHG2__SORT2__path_1,CHG2,SORT2,path_1,5,2.5,9.65,2.301,1.570796,1.0,0.25
CHG2__SORT2__path_1,CHG2,SORT2,path_1,6,3.0,9.757,2.757,0.785398,1.0,0.25
CHG2__SORT2__path_1,CHG2,SORT2,path_1,7,3.5,9.95,3.177,1.570796,1.0,0.25
CHG2__SORT2__path_1,CHG2,SORT2,path_1,8,4.0,10.15,3.594,1.570796,1.0,0.25
CHG2__SORT2__path_1,CHG2,SORT2,path_1,9,4.5,10.323,4.023,0.785398,1.0,0.25
CHG2__SORT2__path_1,CHG2,SORT2,path_1,10,4.538,10.35,4.05,0.785398,1.0,0.25
CHG2__OUT1__path_1,CHG2,OUT1,path_1,0,0.0,9.05,0.05,0.785398,1.0,0.25
CHG2__OUT1__path_1,CHG2,OUT1,path_1,1,0.5,9.404,0.404,0.785398,1.0,0.25
CHG2__OUT1__path_1,CHG2,OUT1,path_1,2,1.0,9.845,0.545,0.785398,1.0,0.25
CHG2__OUT1__path_1,CHG2,OUT1,path_1,3,1.5,10.199,0.899,0.785398,1.0,0.25
CHG2__OUT1__path_1,CHG2,OUT1,path_1,4,2.0,10.552,1.252,0.785398,1.0,0.25
CHG2__OUT1__path_1,CHG2,OUT1,path_1,5,2.5,10.97,1.45,0.0,1.0,0.25
CHG2__OUT1__path_1,CHG2,OUT1,path_1,6,3.0,11.387,1.65,0.0,1.0,0.25
CHG2__OUT1__path_1,CHG2,OUT1,path_1,7,3.5,11.804,1.85,0.0,1.0,0.25
CHG2__OUT1__path_1,CHG2,OUT1,path_1,8,3.787,12.05,1.95,0.0,1.0,0.25
CHG2__OUT2__path_1,CHG2,OUT2,path_1,0,0.0,9.05,0.05,0.785398,1.0,0.25
CHG2__OUT2__path_1,CHG2,OUT2,path_1,1,0.5,9.404,0.404,0.785398,1.0,0.25
CHG2__OUT2__path_1,CHG2,OUT2,path_1,2,1.0,9.757,0.757,0.785398,1.0,0.25
CHG2__OUT2__path_1,CHG2,OUT2,path_1,3,1.5,10.111,1.111,0.785398,1.0,0.25
CHG2__OUT2__path_1,CHG2,OUT2,path_1,4,2.0,10.464,1.464,0.785398,1.0,0.25
CHG2__OUT2__path_1,CHG2,OUT2,path_1,5,2.5,10.818,1.818,0.785398,1.0,0.25
CHG2__OUT2__path_1,CHG2,OUT2,path_1,6,3.0,11.171,2.171,0.785398,1.0,0.25
CHG2__OUT2__path_1,CHG2,OUT2,path_1,7,3.5,11.45,2.556,1.570796,1.0,0.25
CHG2__OUT2__path_1,CHG2,OUT2,path_1,8,4.0,11.737,2.937,0.785398,1.0,0.25
CHG2__OUT2__path_1,CHG2,OUT2,path_1,9,4.5,11.808,3.408,0.785398,1.0,0.25
CHG2__OUT2__path_1,CHG2,OUT2,path_1,10,5.0,11.95,3.849,1.570796,1.0,0.25
CHG2__OUT2__path_1,CHG2,OUT2,path_1,11,5.143,12.05,3.95,1.570796,1.0,0.25
CHG2__CHG1__path_1,CHG2,CHG1,path_1,0,0.0,9.05,0.05,3.141593,1.0,0.25
CHG2__CHG1__path_1,CHG2,CHG1,path_1,1,0.5,8.55,0.05,3.141593,1.0,0.25
CHG2__CHG1__path_1,CHG2,CHG1,path_1,2,1.0,8.05,0.05,3.141593,1.0,0.25
CHG2__CHG1__path_1,CHG2,CHG1,path_1,3,1.5,7.55,0.05,3.141593,1.0,0.25
CHG2__CHG1__path_1,CHG2,CHG1,path_1,4,2.0,7.05,0.05,3.141593,1.0,0.25
CHG2__CHG1__path_1,CHG2,CHG1,path_1,5,2.5,6.55,0.05,3.141593,1.0,0.25
CHG2__CHG1__path_1,CHG2,CHG1,path_1,6,3.0,6.05,0.05,3.141593,1.0,0.25
CHG2__CHG1__path_1,CHG2,CHG1,path_1,7,3.5,5.55,0.05,3.141593,1.0,0.25
CHG2__CHG1__path_1,CHG2,CHG1,path_1,8,4.0,5.05,0.05,3.141593,1.0,0.25
CHG2__CHG1__path_1,CHG2,CHG1,path_1,9,4.5,4.55,0.05,3.141593,1.0,0.25
CHG2__CHG1__path_1,CHG2,CHG1,path_1,10,5.0,4.05,0.05,3.141593,1.0,0.25
CHG2__CHG1__path_1,CHG2,CHG1,path_1,11,5.5,3.55,0.05,3.141593,1.0,0.25
CHG2__CHG1__path_1,CHG2,CHG1,path_1,12,6.0,3.05,0.05,3.141593,1.0,0.25
CHG2__CHG1__path_1,CHG2,CHG1,path_1,13,6.5,2.55,0.05,3.141593,1.0,0.25
CHG2__CHG1__path_1,CHG2,CHG1,path_1,14,7.0,2.05,0.05,3.141593,1.0,0.25
CHG2__CHG1__path_1,CHG2,CHG1,path_1,15,7.5,1.55,0.05,3.141593,1.0,0.25
CHG2__CHG1__path_1,CHG2,CHG1,path_1,16,8.0,1.05,0.05,3.141593,1.0,0.25
