path_uid,from_node,to_node,path_id,cell_index,row,col,x,y,is_dynamic
IN1__IN2__path_1,IN1,IN2,path_1,0,18,8,0.05,1.05,0
IN1__IN2__path_1,IN1,IN2,path_1,1,19,8,0.05,1.15,0
IN1__IN2__path_1,IN1,IN2,path_1,2,20,8,0.05,1.25,0
IN1__IN2__path_1,IN1,IN2,path_1,3,21,8,0.05,1.35,0
IN1__IN2__path_1,IN1,IN2,path_1,4,22,8,0.05,1.45,0
IN1__IN2__path_1,IN1,IN2,path_1,5,23,8,0.05,1.55,0
IN1__IN2__path_1,IN1,IN2,path_1,6,24,8,0.05,1.65,0
IN1__IN2__path_1,IN1,IN2,path_1,7,25,8,0.05,1.75,0
IN1__IN2__path_1,IN1,IN2,path_1,8,26,8,0.05,1.85,0
IN1__IN2__path_1,IN1,IN2,path_1,9,27,8,0.05,1.95,0
IN1__IN2__path_1,IN1,IN2,path_1,10,28,8,0.05,2.05,0
IN1__IN2__path_1,IN1,IN2,path_1,11,29,8,0.05,2.15,0
IN1__IN2__path_1,IN1,IN2,path_1,12,30,8,0.05,2.25,0
IN1__IN2__path_1,IN1,IN2,path_1,13,31,8,0.05,2.35,0
IN1__IN2__path_1,IN1,IN2,path_1,14,32,8,0.05,2.45,0
IN1__IN2__path_1,IN1,IN2,path_1,15,33,8,0.05,2.55,0
IN1__IN2__path_1,IN1,IN2,path_1,16,34,8,0.05,2.65,0
IN1__IN2__path_1,IN1,IN2,path_1,17,35,8,0.05,2.75,0
IN1__IN2__path_1,IN1,IN2,path_1,18,36,8,0.05,2.85,0
IN1__IN2__path_1,IN1,IN2,path_1,19,37,8,0.05,2.95,0
IN1__IN2__path_1,IN1,IN2,path_1,20,38,8,0.05,3.05,0
IN1__IN2__path_1,IN1,IN2,path_1,21,39,8,0.05,3.15,0
IN1__IN2__path_1,IN1,IN2,path_1,22,40,8,0.05,3.25,0
IN1__IN2__path_1,IN1,IN2,path_1,23,41,8,0.05,3.35,0
IN1__IN2__path_1,IN1,IN2,path_1,24,42,8,0.05,3.45,0
IN1__IN2__path_1,IN1,IN2,path_1,25,43,8,0.05,3.55,0
IN1__IN2__path_1,IN1,IN2,path_1,26,44,8,0.05,3.65,0
IN1__IN2__path_1,IN1,IN2,path_1,27,45,8,0.05,3.75,0
IN1__IN2__path_1,IN1,IN2,path_1,28,46,8,0.05,3.85,0
IN1__IN2__path_1,IN1,IN2,path_1,29,47,8,0.05,3.95,0
IN1__IN2__path_1,IN1,IN2,path_1,30,48,8,0.05,4.05,0
IN1__IN2__path_1,IN1,IN2,path_1,31,49,8,0.05,4.15,0
IN1__IN2__path_1,IN1,IN2,path_1,32,50,8,0.05,4.25,0
IN1__IN2__path_1,IN1,IN2,path_1,33,51,8,0.05,4.35,0
IN1__IN2__path_1,IN1,IN2,path_1,34,52,8,0.05,4.45,0
IN1__IN2__path_1,IN1,IN2,path_1,35,53,8,0.05,4.55,0
IN1__IN2__path_1,IN1,IN2,path_1,36,54,8,0.05,4.65,0
IN1__IN2__path_1,IN1,IN2,path_1,37,55,8,0.05,4.75,0
IN1__IN2__path_1,IN1,IN2,path_1,38,56,8,0.05,4.85,0
IN1__IN2__path_1,IN1,IN2,path_1,39,57,8,0.05,4.95,0
IN1__P1__path_1,IN1,P1,path_1,0,18,8,0.05,1.05,0
IN1__P1__path_1,IN1,P1,path_1,1,18,9,0.15,1.05,0
IN1__P1__path_1,IN1,P1,path_1,2,18,10,0.25,1.05,0
IN1__P1__path_1,IN1,P1,path_1,3,18,11,0.35,1.05,0
IN1__P1__path_1,IN1,P1,path_1,4,18,12,0.45,1.05,0
IN1__P1__path_1,IN1,P1,path_1,5,18,13,0.55,1.05,0
IN1__P1__path_1,IN1,P1,path_1,6,18,14,0.65,1.05,0
IN1__P1__path_1,IN1,P1,path_1,7,18,15,0.75,1.05,0
IN1__P1__path_1,IN1,P1,path_1,8,18,16,0.85,1.05,0
IN1__P1__path_1,IN1,P1,path_1,9,18,17,0.95,1.05,0
IN1__P1__path_1,IN1,P1,path_1,10,18,18,1.05,1.05,0
IN1__P1__path_1,IN1,P1,path_1,11,18,19,1.15,1.05,0
IN1__P1__path_1,IN1,P1,path_1,12,18,20,1.25,1.05,0
IN1__P1__path_1,IN1,P1,path_1,13,18,21,1.35,1.05,0
IN1__P1__path_1,IN1,P1,path_1,14,18,22,1.45,1.05,0
IN1__P1__path_1,IN1,P1,path_1,15,18,23,1.55,1.05,0
IN1__P1__path_1,IN1,P1,path_1,16,18,24,1.65,1.05,0
IN1__P1__path_1,IN1,P1,path_1,17,18,25,1.75,1.05,0
IN1__P1__path_1,IN1,P1,path_1,18,18,26,1.85,1.05,0
IN1__P1__path_1,IN1,P1,path_1,19,18,27,1.95,1.05,0
IN1__P1__path_1,IN1,P1,path_1,20,18,28,2.05,1.05,0
IN1__P1__path_1,IN1,P1,path_1,21,18,29,2.15,1.05,0
IN1__P1__path_1,IN1,P1,path_1,22,18,30,2.25,1.05,0
IN1__P1__path_1,IN1,P1,path_1,23,18,31,2.35,1.05,0
IN1__P1__path_1,IN1,P1,path_1,24,18,32,2.45,1.05,0
IN1__P1__path_1,IN1,P1,path_1,25,18,33,2.55,1.05,0
IN1__P1__path_1,IN1,P1,path_1,26,18,34,2.65,1.05,0
IN1__P1__path_1,IN1,P1,path_1,27,18,35,2.75,1.05,0
IN1__P1__path_1,IN1,P1,path_1,28,18,36,2.85,1.05,0
IN1__P1__path_1,IN1,P1,path_1,29,17,37,2.95,0.95,0
IN1__P2__path_1,IN1,P2,path_1,0,18,8,0.05,1.05,0
IN1__P2__path_1,IN1,P2,path_1,1,18,9,0.15,1.05,0
IN1__P2__path_1,IN1,P2,path_1,2,18,10,0.25,1.05,0
IN1__P2__path_1,IN1,P2,path_1,3,18,11,0.35,1.05,0
IN1__P2__path_1,IN1,P2,path_1,4,18,12,0.45,1.05,0
IN1__P2__path_1,IN1,P2,path_1,5,18,13,0.55,1.05,0
IN1__P2__path_1,IN1,P2,path_1,6,18,14,0.65,1.05,0
IN1__P2__path_1,IN1,P2,path_1,7,18,15,0.75,1.05,0
IN1__P2__path_1,IN1,P2,path_1,8,18,16,0.85,1.05,0
IN1__P2__path_1,IN1,P2,path_1,9,18,17,0.95,1.05,0
IN1__P2__path_1,IN1,P2,path_1,10,19,18,1.05,1.15,0
IN1__P2__path_1,IN1,P2,path_1,11,20,19,1.15,1.25,0
IN1__P2__path_1,IN1,P2,path_1,12,21,20,1.25,1.35,0
IN1__P2__path_1,IN1,P2,path_1,13,22,21,1.35,1.45,0
IN1__P2__path_1,IN1,P2,path_1,14,23,22,1.45,1.55,0
IN1__P2__path_1,IN1,P2,path_1,15,24,23,1.55,1.65,0
IN1__P2__path_1,IN1,P2,path_1,16,25,24,1.65,1.75,0
IN1__P2__path_1,IN1,P2,path_1,17,26,25,1.75,1.85,0
IN1__P2__path_1,IN1,P2,path_1,18,27,26,1.85,1.95,0
IN1__P2__path_1,IN1,P2,path_1,19,28,27,1.95,2.05,0
IN1__P2__path_1,IN1,P2,path_1,20,29,28,2.05,2.15,0
IN1__P2__path_1,IN1,P2,path_1,21,30,29,2.15,2.25,0
IN1__P2__path_1,IN1,P2,path_1,22,31,30,2.25,2.35,0
IN1__P2__path_1,IN1,P2,path_1,23,32,31,2.35,2.45,0
IN1__P2__path_1,IN1,P2,path_1,24,33,32,2.45,2.55,0
IN1__P2__path_1,IN1,P2,path_1,25,34,33,2.55,2.65,0
IN1__P2__path_1,IN1,P2,path_1,26,35,34,2.65,2.75,0
IN1__P2__path_1,IN1,P2,path_1,27,36,35,2.75,2.85,0
IN1__P2__path_1,IN1,P2,path_1,28,37,36,2.85,2.95,0
IN1__P2__path_1,IN1,P2,path_1,29,38,37,2.95,3.05,0
IN1__P2__path_1,IN1,P2,path_1,30,39,38,3.05,3.15,0
IN1__P2__path_1,IN1,P2,path_1,31,39,39,3.15,3.15,0
IN1__P2__path_1,IN1,P2,path_1,32,39,40,3.25,3.15,0
IN1__P2__path_1,IN1,P2,path_1,33,39,41,3.35,3.15,0
IN1__P2__path_1,IN1,P2,path_1,34,39,42,3.45,3.15,0
IN1__P2__path_1,IN1,P2,path_1,35,39,43,3.55,3.15,0
IN1__P2__path_1,IN1,P2,path_1,36,39,44,3.65,3.15,0
IN1__P2__path_1,IN1,P2,path_1,37,39,45,3.75,3.15,0
IN1__P2__path_1,IN1,P2,path_1,38,39,46,3.85,3.15,0
IN1__P2__path_1,IN1,P2,path_1,39,39,47,3.95,3.15,0
IN1__P2__path_1,IN1,P2,path_1,40,39,48,4.05,3.15,0
IN1__P2__path_1,IN1,P2,path_1,41,39,49,4.15,3.15,0
IN1__P2__path_1,IN1,P2,path_1,42,39,50,4.25,3.15,0
IN1__P2__path_1,IN1,P2,path_1,43,39,51,4.35,3.15,0
IN1__P2__path_1,IN1,P2,path_1,44,39,52,4.45,3.15,0
IN1__P2__path_1,IN1,P2,path_1,45,39,53,4.55,3.15,0
IN1__P2__path_1,IN1,P2,path_1,46,38,53,4.55,3.05,0
IN1__P2__path_1,IN1,P2,path_1,47,37,53,4.55,2.95,0
IN1__P2__path_1,IN1,P2,path_1,48,36,53,4.55,2.85,0
IN1__P2__path_1,IN1,P2,path_1,49,35,53,4.55,2.75,0
IN1__P2__path_1,IN1,P2,path_1,50,34,53,4.55,2.65,0
IN1__P2__path_1,IN1,P2,path_1,51,33,53,4.55,2.55,0
IN1__P2__path_1,IN1,P2,path_1,52,32,53,4.55,2.45,0
IN1__P2__path_1,IN1,P2,path_1,53,31,53,4.55,2.35,0
IN1__P3__path_1,IN1,P3,path_1,0,18,8,0.05,1.05,0
IN1__P3__path_1,IN1,P3,path_1,1,19,9,0.15,1.15,0
IN1__P3__path_1,IN1,P3,path_1,2,20,10,0.25,1.25,0
IN1__P3__path_1,IN1,P3,path_1,3,21,11,0.35,1.35,0
IN1__P3__path_1,IN1,P3,path_1,4,22,12,0.45,1.45,0
IN1__P3__path_1,IN1,P3,path_1,5,23,13,0.55,1.55,0
IN1__P3__path_1,IN1,P3,path_1,6,24,14,0.65,1.65,0
IN1__P3__path_1,IN1,P3,path_1,7,25,15,0.75,1.75,0
IN1__P3__path_1,IN1,P3,path_1,8,26,16,0.85,1.85,0
IN1__P3__path_1,IN1,P3,path_1,9,27,17,0.95,1.95,0
IN1__P3__path_1,IN1,P3,path_1,10,28,18,1.05,2.05,0
IN1__P3__path_1,IN1,P3,path_1,11,29,19,1.15,2.15,0
IN1__P3__path_1,IN1,P3,path_1,12,30,20,1.25,2.25,0
IN1__P3__path_1,IN1,P3,path_1,13,31,21,1.35,2.35,0
IN1__P3__path_1,IN1,P3,path_1,14,32,22,1.45,2.45,0
IN1__P3__path_1,IN1,P3,path_1,15,33,23,1.55,2.55,0
IN1__P3__path_1,IN1,P3,path_1,16,34,24,1.65,2.65,0
IN1__P3__path_1,IN1,P3,path_1,17,35,25,1.75,2.75,0
IN1__P3__path_1,IN1,P3,path_1,18,36,26,1.85,2.85,0
IN1__P3__path_1,IN1,P3,path_1,19,37,27,1.95,2.95,0
IN1__P3__path_1,IN1,P3,path_1,20,38,28,2.05,3.05,0
IN1__P3__path_1,IN1,P3,path_1,21,39,29,2.15,3.15,0
IN1__P3__path_1,IN1,P3,path_1,22,40,30,2.25,3.25,0
IN1__P3__path_1,IN1,P3,path_1,23,41,31,2.35,3.35,0
IN1__P3__path_1,IN1,P3,path_1,24,42,32,2.45,3.45,0
IN1__P3__path_1,IN1,P3,path_1,25,43,33,2.55,3.55,0
IN1__P3__path_1,IN1,P3,path_1,26,44,34,2.65,3.65,0
IN1__P3__path_1,IN1,P3,path_1,27,45,35,2.75,3.75,0
IN1__P3__path_1,IN1,P3,path_1,28,46,36,2.85,3.85,0
IN1__P3__path_1,IN1,P3,path_1,29,47,37,2.95,3.95,0
IN1__P3__path_1,IN1,P3,path_1,30,48,38,3.05,4.05,0
IN1__P3__path_1,IN1,P3,path_1,31,49,38,3.05,4.15,0
IN1__P3__path_1,IN1,P3,path_1,32,50,38,3.05,4.25,0
IN1__P3__path_1,IN1,P3,path_1,33,51,39,3.15,4.35,0
IN1__P3__path_1,IN1,P3,path_1,34,52,39,3.15,4.45,0
IN1__P3__path_1,IN1,P3,path_1,35,53,40,3.25,4.55,0
IN1__P3__path_1,IN1,P3,path_1,36,54,40,3.25,4.65,0
IN1__P3__path_1,IN1,P3,path_1,37,55,41,3.35,4.75,0
IN1__P3__path_1,IN1,P3,path_1,38,56,41,3.35,4.85,0
IN1__P3__path_1,IN1,P3,path_1,39,57,42,3.45,4.95,0
IN1__P3__path_1,IN1,P3,path_1,40,58,42,3.45,5.05,0
IN1__P3__path_1,IN1,P3,path_1,41,59,42,3.45,5.15,0
IN1__P3__path_1,IN1,P3,path_1,42,60,43,3.55,5.25,0
IN1__P4__path_1,IN1,P4,path_1,0,18,8,0.05,1.05,0
IN1__P4__path_1,IN1,P4,path_1,1,18,9,0.15,1.05,0
IN1__P4__path_1,IN1,P4,path_1,2,18,10,0.25,1.05,0
IN1__P4__path_1,IN1,P4,path_1,3,18,11,0.35,1.05,0
IN1__P4__path_1,IN1,P4,path_1,4,18,12,0.45,1.05,0
IN1__P4__path_1,IN1,P4,path_1,5,18,13,0.55,1.05,0
IN1__P4__path_1,IN1,P4,path_1,6,18,14,0.65,1.05,0
IN1__P4__path_1,IN1,P4,path_1,7,18,15,0.75,1.05,0
IN1__P4__path_1,IN1,P4,path_1,8,18,16,0.85,1.05,0
IN1__P4__path_1,IN1,P4,path_1,9,18,17,0.95,1.05,0
IN1__P4__path_1,IN1,P4,path_1,10,18,18,1.05,1.05,0
IN1__P4__path_1,IN1,P4,path_1,11,18,19,1.15,1.05,0
IN1__P4__path_1,IN1,P4,path_1,12,17,20,1.25,0.95,0
IN1__P4__path_1,IN1,P4,path_1,13,16,21,1.35,0.85,0
IN1__P4__path_1,IN1,P4,path_1,14,15,22,1.45,0.75,0
IN1__P4__path_1,IN1,P4,path_1,15,14,23,1.55,0.65,0
IN1__P4__path_1,IN1,P4,path_1,16,13,24,1.65,0.55,0
IN1__P4__path_1,IN1,P4,path_1,17,12,25,1.75,0.45,0
IN1__P4__path_1,IN1,P4,path_1,18,12,26,1.85,0.45,0
IN1__P4__path_1,IN1,P4,path_1,19,12,27,1.95,0.45,0
IN1__P4__path_1,IN1,P4,path_1,20,12,28,2.05,0.45,0
IN1__P4__path_1,IN1,P4,path_1,21,12,29,2.15,0.45,0
IN1__P4__path_1,IN1,P4,path_1,22,12,30,2.25,0.45,0
IN1__P4__path_1,IN1,P4,path_1,23,12,31,2.35,0.45,0
IN1__P4__path_1,IN1,P4,path_1,24,12,32,2.45,0.45,0
IN1__P4__path_1,IN1,P4,path_1,25,12,33,2.55,0.45,0
IN1__P4__path_1,IN1,P4,path_1,26,12,34,2.65,0.45,0
IN1__P4__path_1,IN1,P4,path_1,27,12,35,2.75,0.45,0
IN1__P4__path_1,IN1,P4,path_1,28,12,36,2.85,0.45,0
IN1__P4__path_1,IN1,P4,path_1,29,11,37,2.95,0.35,0
IN1__P4__path_1,IN1,P4,path_1,30,10,38,3.05,0.25,0
IN1__P4__path_1,IN1,P4,path_1,31,10,39,3.15,0.25,0
IN1__P4__path_1,IN1,P4,path_1,32,10,40,3.25,0.25,0
IN1__P4__path_1,IN1,P4,path_1,33,10,41,3.35,0.25,0
IN1__P4__path_1,IN1,P4,path_1,34,10,42,3.45,0.25,0
IN1__P4__path_1,IN1,P4,path_1,35,10,43,3.55,0.25,0
IN1__P4__path_1,IN1,P4,path_1,36,10,44,3.65,0.25,0
IN1__P4__path_1,IN1,P4,path_1,37,10,45,3.75,0.25,0
IN1__P4__path_1,IN1,P4,path_1,38,10,46,3.85,0.25,0
IN1__P4__path_1,IN1,P4,path_1,39,10,47,3.95,0.25,0
IN1__P4__path_1,IN1,P4,path_1,40,10,48,4.05,0.25,0
IN1__P4__path_1,IN1,P4,path_1,41,10,49,4.15,0.25,0
IN1__P4__path_1,IN1,P4,path_1,42,10,50,4.25,0.25,0
IN1__P4__path_1,IN1,P4,path_1,43,10,51,4.35,0.25,0
IN1__P4__path_1,IN1,P4,path_1,44,10,52,4.45,0.25,0
IN1__P4__path_1,IN1,P4,path_1,45,10,53,4.55,0.25,0
IN1__P4__path_1,IN1,P4,path_1,46,11,53,4.55,0.35,0
IN1__P4__path_1,IN1,P4,path_1,47,12,53,4.55,0.45,0
IN1__P4__path_1,IN1,P4,path_1,48,13,53,4.55,0.55,0
IN1__P4__path_1,IN1,P4,path_1,49,14,54,4.65,0.65,0
IN1__P4__path_1,IN1,P4,path_1,50,15,54,4.65,0.75,0
IN1__P4__path_1,IN1,P4,path_1,51,16,55,4.75,0.85,0
IN1__P4__path_1,IN1,P4,path_1,52,17,55,4.75,0.95,0
IN1__P4__path_1,IN1,P4,path_1,53,18,56,4.85,1.05,0
IN1__P4__path_1,IN1,P4,path_1,54,19,56,4.85,1.15,0
IN1__P4__path_1,IN1,P4,path_1,55,20,56,4.85,1.25,0
IN1__P4__path_1,IN1,P4,path_1,56,21,57,4.95,1.35,0
IN1__P5__path_1,IN1,P5,path_1,0,18,8,0.05,1.05,0
IN1__P5__path_1,IN1,P5,path_1,1,19,9,0.15,1.15,0
IN1__P5__path_1,IN1,P5,path_1,2,20,10,0.25,1.25,0
IN1__P5__path_1,IN1,P5,path_1,3,21,11,0.35,1.35,0
IN1__P5__path_1,IN1,P5,path_1,4,22,12,0.45,1.45,0
IN1__P5__path_1,IN1,P5,path_1,5,23,13,0.55,1.55,0
IN1__P5__path_1,IN1,P5,path_1,6,23,14,0.65,1.55,0
IN1__P5__path_1,IN1,P5,path_1,7,23,15,0.75,1.55,0
IN1__P5__path_1,IN1,P5,path_1,8,24,16,0.85,1.65,0
IN1__P5__path_1,IN1,P5,path_1,9,25,17,0.95,1.75,0
IN1__P5__path_1,IN1,P5,path_1,10,26,18,1.05,1.85,0
IN1__P5__path_1,IN1,P5,path_1,11,27,19,1.15,1.95,0
IN1__P5__path_1,IN1,P5,path_1,12,28,20,1.25,2.05,0
IN1__P5__path_1,IN1,P5,path_1,13,29,21,1.35,2.15,0
IN1__P5__path_1,IN1,P5,path_1,14,30,22,1.45,2.25,0
IN1__P5__path_1,IN1,P5,path_1,15,31,23,1.55,2.35,0
IN1__P5__path_1,IN1,P5,path_1,16,32,24,1.65,2.45,0
IN1__P5__path_1,IN1,P5,path_1,17,33,25,1.75,2.55,0
IN1__P5__path_1,IN1,P5,path_1,18,34,26,1.85,2.65,0
IN1__P5__path_1,IN1,P5,path_1,19,35,27,1.95,2.75,0
IN1__P5__path_1,IN1,P5,path_1,20,36,28,2.05,2.85,0
IN1__P5__path_1,IN1,P5,path_1,21,37,29,2.15,2.95,0
IN1__P5__path_1,IN1,P5,path_1,22,38,30,2.25,3.05,0
IN1__P5__path_1,IN1,P5,path_1,23,39,31,2.35,3.15,0
IN1__P5__path_1,IN1,P5,path_1,24,40,32,2.45,3.25,0
IN1__P5__path_1,IN1,P5,path_1,25,41,33,2.55,3.35,0
IN1__P5__path_1,IN1,P5,path_1,26,42,34,2.65,3.45,0
IN1__P5__path_1,IN1,P5,path_1,27,43,35,2.75,3.55,0
IN1__P5__path_1,IN1,P5,path_1,28,44,36,2.85,3.65,0
IN1__P5__path_1,IN1,P5,path_1,29,45,37,2.95,3.75,0
IN1__P5__path_1,IN1,P5,path_1,30,45,38,3.05,3.75,0
IN1__P5__path_1,IN1,P5,path_1,31,45,39,3.15,3.75,0
IN1__P5__path_1,IN1,P5,path_1,32,45,40,3.25,3.75,0
IN1__P5__path_1,IN1,P5,path_1,33,45,41,3.35,3.75,0
IN1__P5__path_1,IN1,P5,path_1,34,45,42,3.45,3.75,0
IN1__P5__path_1,IN1,P5,path_1,35,45,43,3.55,3.75,0
IN1__P5__path_1,IN1,P5,path_1,36,45,44,3.65,3.75,0
IN1__P5__path_1,IN1,P5,path_1,37,45,45,3.75,3.75,0
IN1__P5__path_1,IN1,P5,path_1,38,45,46,3.85,3.75,0
IN1__P5__path_1,IN1,P5,path_1,39,45,47,3.95,3.75,0
IN1__P5__path_1,IN1,P5,path_1,40,45,48,4.05,3.75,0
IN1__P5__path_1,IN1,P5,path_1,41,45,49,4.15,3.75,0
IN1__P5__path_1,IN1,P5,path_1,42,45,50,4.25,3.75,0
IN1__P5__path_1,IN1,P5,path_1,43,45,51,4.35,3.75,0
IN1__P5__path_1,IN1,P5,path_1,44,45,52,4.45,3.75,0
IN1__P5__path_1,IN1,P5,path_1,45,46,53,4.55,3.85,0
IN1__P5__path_1,IN1,P5,path_1,46,47,54,4.65,3.95,0
IN1__P5__path_1,IN1,P5,path_1,47,48,55,4.75,4.05,0
IN1__P5__path_1,IN1,P5,path_1,48,48,56,4.85,4.05,0
IN1__P5__path_1,IN1,P5,path_1,49,48,57,4.95,4.05,0
IN1__P5__path_1,IN1,P5,path_1,50,48,58,5.05,4.05,0
IN1__P5__path_1,IN1,P5,path_1,51,48,59,5.15,4.05,0
IN1__P5__path_1,IN1,P5,path_1,52,48,60,5.25,4.05,0
IN1__P5__path_1,IN1,P5,path_1,53,48,61,5.35,4.05,0
IN1__P5__path_1,IN1,P5,path_1,54,48,62,5.45,4.05,0
IN1__P5__path_1,IN1,P5,path_1,55,48,63,5.55,4.05,0
IN1__P5__path_1,IN1,P5,path_1,56,48,64,5.65,4.05,0
IN1__P6__path_1,IN1,P6,path_1,0,18,8,0.05,1.05,0
IN1__P6__path_1,IN1,P6,path_1,1,19,9,0.15,1.15,0
IN1__P6__path_1,IN1,P6,path_1,2,20,10,0.25,1.25,0
IN1__P6__path_1,IN1,P6,path_1,3,21,11,0.35,1.35,0
IN1__P6__path_1,IN1,P6,path_1,4,22,12,0.45,1.45,0
IN1__P6__path_1,IN1,P6,path_1,5,23,13,0.55,1.55,0
IN1__P6__path_1,IN1,P6,path_1,6,24,14,0.65,1.65,0
IN1__P6__path_1,IN1,P6,path_1,7,25,15,0.75,1.75,0
IN1__P6__path_1,IN1,P6,path_1,8,26,16,0.85,1.85,0
IN1__P6__path_1,IN1,P6,path_1,9,27,17,0.95,1.95,0
IN1__P6__path_1,IN1,P6,path_1,10,28,18,1.05,2.05,0
IN1__P6__path_1,IN1,P6,path_1,11,29,19,1.15,2.15,0
IN1__P6__path_1,IN1,P6,path_1,12,30,20,1.25,2.25,0
IN1__P6__path_1,IN1,P6,path_1,13,31,21,1.35,2.35,0
IN1__P6__path_1,IN1,P6,path_1,14,32,22,1.45,2.45,0
IN1__P6__path_1,IN1,P6,path_1,15,33,23,1.55,2.55,0
IN1__P6__path_1,IN1,P6,path_1,16,34,24,1.65,2.65,0
IN1__P6__path_1,IN1,P6,path_1,17,35,25,1.75,2.75,0
IN1__P6__path_1,IN1,P6,path_1,18,36,26,1.85,2.85,0
IN1__P6__path_1,IN1,P6,path_1,19,37,27,1.95,2.95,0
IN1__P6__path_1,IN1,P6,path_1,20,38,28,2.05,3.05,0
IN1__P6__path_1,IN1,P6,path_1,21,39,29,2.15,3.15,0
IN1__P6__path_1,IN1,P6,path_1,22,39,30,2.25,3.15,0
IN1__P6__path_1,IN1,P6,path_1,23,40,31,2.35,3.25,0
IN1__P6__path_1,IN1,P6,path_1,24,40,32,2.45,3.25,0
IN1__P6__path_1,IN1,P6,path_1,25,41,33,2.55,3.35,0
IN1__P6__path_1,IN1,P6,path_1,26,42,34,2.65,3.45,0
IN1__P6__path_1,IN1,P6,path_1,27,43,35,2.75,3.55,0
IN1__P6__path_1,IN1,P6,path_1,28,44,36,2.85,3.65,0
IN1__P6__path_1,IN1,P6,path_1,29,45,37,2.95,3.75,0
IN1__P6__path_1,IN1,P6,path_1,30,45,38,3.05,3.75,0
IN1__P6__path_1,IN1,P6,path_1,31,45,39,3.15,3.75,0
IN1__P6__path_1,IN1,P6,path_1,32,45,40,3.25,3.75,0
IN1__P6__path_1,IN1,P6,path_1,33,45,41,3.35,3.75,0
IN1__P6__path_1,IN1,P6,path_1,34,45,42,3.45,3.75,0
IN1__P6__path_1,IN1,P6,path_1,35,45,43,3.55,3.75,0
IN1__P6__path_1,IN1,P6,path_1,36,45,44,3.65,3.75,0
IN1__P6__path_1,IN1,P6,path_1,37,46,45,3.75,3.85,0
IN1__P6__path_1,IN1,P6,path_1,38,46,46,3.85,3.85,0
IN1__P6__path_1,IN1,P6,path_1,39,47,47,3.95,3.95,0
IN1__P6__path_1,IN1,P6,path_1,40,47,48,4.05,3.95,0
IN1__P6__path_1,IN1,P6,path_1,41,48,49,4.15,4.05,0
IN1__P6__path_1,IN1,P6,path_1,42,48,50,4.25,4.05,0
IN1__P6__path_1,IN1,P6,path_1,43,49,51,4.35,4.15,0
IN1__P6__path_1,IN1,P6,path_1,44,49,52,4.45,4.15,0
IN1__P6__path_1,IN1,P6,path_1,45,49,53,4.55,4.15,0
IN1__P6__path_1,IN1,P6,path_1,46,49,54,4.65,4.15,0
IN1__P6__path_1,IN1,P6,path_1,47,49,55,4.75,4.15,0
IN1__P6__path_1,IN1,P6,path_1,48,49,56,4.85,4.15,0
IN1__P6__path_1,IN1,P6,path_1,49,49,57,4.95,4.15,0
IN1__P6__path_1,IN1,P6,path_1,50,49,58,5.05,4.15,0
IN1__P6__path_1,IN1,P6,path_1,51,49,59,5.15,4.15,0
IN1__P6__path_1,IN1,P6,path_1,52,49,60,5.25,4.15,0
IN1__P6__path_1,IN1,P6,path_1,53,49,61,5.35,4.15,0
IN1__P6__path_1,IN1,P6,path_1,54,49,62,5.45,4.15,0
IN1__P6__path_1,IN1,P6,path_1,55,49,63,5.55,4.15,0
IN1__P6__path_1,IN1,P6,path_1,56,50,64,5.65,4.25,0
IN1__P6__path_1,IN1,P6,path_1,57,51,65,5.75,4.35,0
IN1__P6__path_1,IN1,P6,path_1,58,52,66,5.85,4.45,0
IN1__P6__path_1,IN1,P6,path_1,59,53,67,5.95,4.55,0
IN1__P6__path_1,IN1,P6,path_1,60,54,68,6.05,4.65,0
IN1__P6__path_1,IN1,P6,path_1,61,55,68,6.05,4.75,0
IN1__P6__path_1,IN1,P6,path_1,62,56,68,6.05,4.85,0
IN1__P6__path_1,IN1,P6,path_1,63,57,68,6.05,4.95,0
IN1__P6__path_1,IN1,P6,path_1,64,58,68,6.05,5.05,0
IN1__P6__path_1,IN1,P6,path_1,65,59,68,6.05,5.15,0
IN1__P6__path_1,IN1,P6,path_1,66,60,68,6.05,5.25,0
IN1__P6__path_1,IN1,P6,path_1,67,61,68,6.05,5.35,0
IN1__P6__path_1,IN1,P6,path_1,68,62,68,6.05,5.45,0
IN1__P6__path_1,IN1,P6,path_1,69,63,68,6.05,5.55,0
IN1__P6__path_1,IN1,P6,path_1,70,64,68,6.05,5.65,0
IN1__P6__path_1,IN1,P6,path_1,71,65,68,6.05,5.75,0
IN1__P6__path_1,IN1,P6,path_1,72,65,69,6.15,5.75,0
IN1__P6__path_1,IN1,P6,path_1,73,65,70,6.25,5.75,0
IN1__P6__path_1,IN1,P6,path_1,74,65,71,6.35,5.75,0
IN1__P6__path_1,IN1,P6,path_1,75,65,72,6.45,5.75,0
IN1__P6__path_1,IN1,P6,path_1,76,65,73,6.55,5.75,0
IN1__P6__path_1,IN1,P6,path_1,77,65,74,6.65,5.75,0
IN1__P6__path_1,IN1,P6,path_1,78,65,75,6.75,5.75,0
IN1__P6__path_1,IN1,P6,path_1,79,65,76,6.85,5.75,0
IN1__P6__path_1,IN1,P6,path_1,80,65,77,6.95,5.75,0
IN1__P6__path_1,IN1,P6,path_1,81,65,78,7.05,5.75,0
IN1__P6__path_1,IN1,P6,path_1,82,65,79,7.15,5.75,0
IN1__P6__path_1,IN1,P6,path_1,83,65,80,7.25,5.75,0
IN1__P6__path_1,IN1,P6,path_1,84,65,81,7.35,5.75,0
IN1__P6__path_1,IN1,P6,path_1,85,65,82,7.45,5.75,0
IN1__P6__path_1,IN1,P6,path_1,86,65,83,7.55,5.75,0
IN1__P6__path_1,IN1,P6,path_1,87,65,84,7.65,5.75,0
IN1__P6__path_1,IN1,P6,path_1,88,65,85,7.75,5.75,0
IN1__P6__path_1,IN1,P6,path_1,89,65,86,7.85,5.75,0
IN1__P6__path_1,IN1,P6,path_1,90,65,87,7.95,5.75,0
IN1__P7__path_1,IN1,P7,path_1,0,18,8,0.05,1.05,0
IN1__P7__path_1,IN1,P7,path_1,1,18,9,0.15,1.05,0
IN1__P7__path_1,IN1,P7,path_1,2,18,10,0.25,1.05,0
IN1__P7__path_1,IN1,P7,path_1,3,18,11,0.35,1.05,0
IN1__P7__path_1,IN1,P7,path_1,4,18,12,0.45,1.05,0
IN1__P7__path_1,IN1,P7,path_1,5,18,13,0.55,1.05,0
IN1__P7__path_1,IN1,P7,path_1,6,18,14,0.65,1.05,0
IN1__P7__path_1,IN1,P7,path_1,7,18,15,0.75,1.05,0
IN1__P7__path_1,IN1,P7,path_1,8,18,16,0.85,1.05,0
IN1__P7__path_1,IN1,P7,path_1,9,18,17,0.95,1.05,0
IN1__P7__path_1,IN1,P7,path_1,10,18,18,1.05,1.05,0
IN1__P7__path_1,IN1,P7,path_1,11,18,19,1.15,1.05,0
IN1__P7__path_1,IN1,P7,path_1,12,17,20,1.25,0.95,0
IN1__P7__path_1,IN1,P7,path_1,13,16,21,1.35,0.85,0
IN1__P7__path_1,IN1,P7,path_1,14,15,22,1.45,0.75,0
IN1__P7__path_1,IN1,P7,path_1,15,14,23,1.55,0.65,0
IN1__P7__path_1,IN1,P7,path_1,16,13,24,1.65,0.55,0
IN1__P7__path_1,IN1,P7,path_1,17,12,25,1.75,0.45,0
IN1__P7__path_1,IN1,P7,path_1,18,12,26,1.85,0.45,0
IN1__P7__path_1,IN1,P7,path_1,19,12,27,1.95,0.45,0
IN1__P7__path_1,IN1,P7,path_1,20,12,28,2.05,0.45,0
IN1__P7__path_1,IN1,P7,path_1,21,12,29,2.15,0.45,0
IN1__P7__path_1,IN1,P7,path_1,22,12,30,2.25,0.45,0
IN1__P7__path_1,IN1,P7,path_1,23,12,31,2.35,0.45,0
IN1__P7__path_1,IN1,P7,path_1,24,12,32,2.45,0.45,0
IN1__P7__path_1,IN1,P7,path_1,25,12,33,2.55,0.45,0
IN1__P7__path_1,IN1,P7,path_1,26,12,34,2.65,0.45,0
IN1__P7__path_1,IN1,P7,path_1,27,12,35,2.75,0.45,0
IN1__P7__path_1,IN1,P7,path_1,28,12,36,2.85,0.45,0
IN1__P7__path_1,IN1,P7,path_1,29,11,37,2.95,0.35,0
IN1__P7__path_1,IN1,P7,path_1,30,10,38,3.05,0.25,0
IN1__P7__path_1,IN1,P7,path_1,31,10,39,3.15,0.25,0
IN1__P7__path_1,IN1,P7,path_1,32,10,40,3.25,0.25,0
IN1__P7__path_1,IN1,P7,path_1,33,10,41,3.35,0.25,0
IN1__P7__path_1,IN1,P7,path_1,34,10,42,3.45,0.25,0
IN1__P7__path_1,IN1,P7,path_1,35,10,43,3.55,0.25,0
IN1__P7__path_1,IN1,P7,path_1,36,10,44,3.65,0.25,0
IN1__P7__path_1,IN1,P7,path_1,37,10,45,3.75,0.25,0
IN1__P7__path_1,IN1,P7,path_1,38,10,46,3.85,0.25,0
IN1__P7__path_1,IN1,P7,path_1,39,10,47,3.95,0.25,0
IN1__P7__path_1,IN1,P7,path_1,40,10,48,4.05,0.25,0
IN1__P7__path_1,IN1,P7,path_1,41,10,49,4.15,0.25,0
IN1__P7__path_1,IN1,P7,path_1,42,10,50,4.25,0.25,0
IN1__P7__path_1,IN1,P7,path_1,43,10,51,4.35,0.25,0
IN1__P7__path_1,IN1,P7,path_1,44,10,52,4.45,0.25,0
IN1__P7__path_1,IN1,P7,path_1,45,10,53,4.55,0.25,0
IN1__P7__path_1,IN1,P7,path_1,46,10,54,4.65,0.25,0
IN1__P7__path_1,IN1,P7,path_1,47,10,55,4.75,0.25,0
IN1__P7__path_1,IN1,P7,path_1,48,10,56,4.85,0.25,0
IN1__P7__path_1,IN1,P7,path_1,49,10,57,4.95,0.25,0
IN1__P7__path_1,IN1,P7,path_1,50,10,58,5.05,0.25,0
IN1__P7__path_1,IN1,P7,path_1,51,10,59,5.15,0.25,0
IN1__P7__path_1,IN1,P7,path_1,52,10,60,5.25,0.25,0
IN1__P7__path_1,IN1,P7,path_1,53,10,61,5.35,0.25,0
IN1__P7__path_1,IN1,P7,path_1,54,10,62,5.45,0.25,0
IN1__P7__path_1,IN1,P7,path_1,55,10,63,5.55,0.25,0
IN1__P7__path_1,IN1,P7,path_1,56,11,64,5.65,0.35,0
IN1__P7__path_1,IN1,P7,path_1,57,11,65,5.75,0.35,0
IN1__P7__path_1,IN1,P7,path_1,58,11,66,5.85,0.35,0
IN1__P7__path_1,IN1,P7,path_1,59,11,67,5.95,0.35,0
IN1__P7__path_1,IN1,P7,path_1,60,11,68,6.05,0.35,0
IN1__P7__path_1,IN1,P7,path_1,61,11,69,6.15,0.35,0
IN1__P7__path_1,IN1,P7,path_1,62,11,70,6.25,0.35,0
IN1__P7__path_1,IN1,P7,path_1,63,11,71,6.35,0.35,0
IN1__P7__path_1,IN1,P7,path_1,64,11,72,6.45,0.35,0
IN1__P7__path_1,IN1,P7,path_1,65,11,73,6.55,0.35,0
IN1__P7__path_1,IN1,P7,path_1,66,11,74,6.65,0.35,0
IN1__P7__path_1,IN1,P7,path_1,67,11,75,6.75,0.35,0
IN1__P7__path_1,IN1,P7,path_1,68,12,76,6.85,0.45,0
IN1__P7__path_1,IN1,P7,path_1,69,13,77,6.95,0.55,0
IN1__P7__path_1,IN1,P7,path_1,70,14,78,7.05,0.65,0
IN1__P7__path_1,IN1,P7,path_1,71,15,79,7.15,0.75,0
IN1__P7__path_1,IN1,P7,path_1,72,16,79,7.15,0.85,0
IN1__P7__path_1,IN1,P7,path_1,73,17,79,7.15,0.95,0
IN1__P7__path_1,IN1,P7,path_1,74,18,80,7.25,1.05,0
IN1__P8__path_1,IN1,P8,path_1,0,18,8,0.05,1.05,0
IN1__P8__path_1,IN1,P8,path_1,1,18,9,0.15,1.05,0
IN1__P8__path_1,IN1,P8,path_1,2,18,10,0.25,1.05,0
IN1__P8__path_1,IN1,P8,path_1,3,18,11,0.35,1.05,0
IN1__P8__path_1,IN1,P8,path_1,4,18,12,0.45,1.05,0
IN1__P8__path_1,IN1,P8,path_1,5,18,13,0.55,1.05,0
IN1__P8__path_1,IN1,P8,path_1,6,18,14,0.65,1.05,0
IN1__P8__path_1,IN1,P8,path_1,7,18,15,0.75,1.05,0
IN1__P8__path_1,IN1,P8,path_1,8,18,16,0.85,1.05,0
IN1__P8__path_1,IN1,P8,path_1,9,18,17,0.95,1.05,0
IN1__P8__path_1,IN1,P8,path_1,10,18,18,1.05,1.05,0
IN1__P8__path_1,IN1,P8,path_1,11,18,19,1.15,1.05,0
IN1__P8__path_1,IN1,P8,path_1,12,17,20,1.25,0.95,0
IN1__P8__path_1,IN1,P8,path_1,13,16,21,1.35,0.85,0
IN1__P8__path_1,IN1,P8,path_1,14,15,22,1.45,0.75,0
IN1__P8__path_1,IN1,P8,path_1,15,14,23,1.55,0.65,0
IN1__P8__path_1,IN1,P8,path_1,16,13,24,1.65,0.55,0
IN1__P8__path_1,IN1,P8,path_1,17,12,25,1.75,0.45,0
IN1__P8__path_1,IN1,P8,path_1,18,12,26,1.85,0.45,0
IN1__P8__path_1,IN1,P8,path_1,19,12,27,1.95,0.45,0
IN1__P8__path_1,IN1,P8,path_1,20,12,28,2.05,0.45,0
IN1__P8__path_1,IN1,P8,path_1,21,12,29,2.15,0.45,0
IN1__P8__path_1,IN1,P8,path_1,22,12,30,2.25,0.45,0
IN1__P8__path_1,IN1,P8,path_1,23,12,31,2.35,0.45,0
IN1__P8__path_1,IN1,P8,path_1,24,12,32,2.45,0.45,0
IN1__P8__path_1,IN1,P8,path_1,25,12,33,2.55,0.45,0
IN1__P8__path_1,IN1,P8,path_1,26,12,34,2.65,0.45,0
IN1__P8__path_1,IN1,P8,path_1,27,12,35,2.75,0.45,0
IN1__P8__path_1,IN1,P8,path_1,28,12,36,2.85,0.45,0
IN1__P8__path_1,IN1,P8,path_1,29,11,37,2.95,0.35,0
IN1__P8__path_1,IN1,P8,path_1,30,10,38,3.05,0.25,0
IN1__P8__path_1,IN1,P8,path_1,31,10,39,3.15,0.25,0
IN1__P8__path_1,IN1,P8,path_1,32,10,40,3.25,0.25,0
IN1__P8__path_1,IN1,P8,path_1,33,10,41,3.35,0.25,0
IN1__P8__path_1,IN1,P8,path_1,34,10,42,3.45,0.25,0
IN1__P8__path_1,IN1,P8,path_1,35,10,43,3.55,0.25,0
IN1__P8__path_1,IN1,P8,path_1,36,10,44,3.65,0.25,0
IN1__P8__path_1,IN1,P8,path_1,37,10,45,3.75,0.25,0
IN1__P8__path_1,IN1,P8,path_1,38,10,46,3.85,0.25,0
IN1__P8__path_1,IN1,P8,path_1,39,10,47,3.95,0.25,0
IN1__P8__path_1,IN1,P8,path_1,40,10,48,4.05,0.25,0
IN1__P8__path_1,IN1,P8,path_1,41,10,49,4.15,0.25,0
IN1__P8__path_1,IN1,P8,path_1,42,10,50,4.25,0.25,0
IN1__P8__path_1,IN1,P8,path_1,43,10,51,4.35,0.25,0
IN1__P8__path_1,IN1,P8,path_1,44,10,52,4.45,0.25,0
IN1__P8__path_1,IN1,P8,path_1,45,10,53,4.55,0.25,0
IN1__P8__path_1,IN1,P8,path_1,46,11,54,4.65,0.35,0
IN1__P8__path_1,IN1,P8,path_1,47,11,55,4.75,0.35,0
IN1__P8__path_1,IN1,P8,path_1,48,11,56,4.85,0.35,0
IN1__P8__path_1,IN1,P8,path_1,49,11,57,4.95,0.35,0
IN1__P8__path_1,IN1,P8,path_1,50,11,58,5.05,0.35,0
IN1__P8__path_1,IN1,P8,path_1,51,11,59,5.15,0.35,0
IN1__P8__path_1,IN1,P8,path_1,52,11,60,5.25,0.35,0
IN1__P8__path_1,IN1,P8,path_1,53,11,61,5.35,0.35,0
IN1__P8__path_1,IN1,P8,path_1,54,11,62,5.45,0.35,0
IN1__P8__path_1,IN1,P8,path_1,55,11,63,5.55,0.35,0
IN1__P8__path_1,IN1,P8,path_1,56,11,64,5.65,0.35,0
IN1__P8__path_1,IN1,P8,path_1,57,11,65,5.75,0.35,0
IN1__P8__path_1,IN1,P8,path_1,58,11,66,5.85,0.35,0
IN1__P8__path_1,IN1,P8,path_1,59,11,67,5.95,0.35,0
IN1__P8__path_1,IN1,P8,path_1,60,11,68,6.05,0.35,0
IN1__P8__path_1,IN1,P8,path_1,61,11,69,6.15,0.35,0
IN1__P8__path_1,IN1,P8,path_1,62,11,70,6.25,0.35,0
IN1__P8__path_1,IN1,P8,path_1,63,11,71,6.35,0.35,0
IN1__P8__path_1,IN1,P8,path_1,64,11,72,6.45,0.35,0
IN1__P8__path_1,IN1,P8,path_1,65,11,73,6.55,0.35,0
IN1__P8__path_1,IN1,P8,path_1,66,11,74,6.65,0.35,0
IN1__P8__path_1,IN1,P8,path_1,67,11,75,6.75,0.35,0
IN1__P8__path_1,IN1,P8,path_1,68,12,76,6.85,0.45,0
IN1__P8__path_1,IN1,P8,path_1,69,12,77,6.95,0.45,0
IN1__P8__path_1,IN1,P8,path_1,70,12,78,7.05,0.45,0
IN1__P8__path_1,IN1,P8,path_1,71,12,79,7.15,0.45,0
IN1__P8__path_1,IN1,P8,path_1,72,12,80,7.25,0.45,0
IN1__P8__path_1,IN1,P8,path_1,73,12,81,7.35,0.45,0
IN1__P8__path_1,IN1,P8,path_1,74,12,82,7.45,0.45,0
IN1__P8__path_1,IN1,P8,path_1,75,12,83,7.55,0.45,0
IN1__P8__path_1,IN1,P8,path_1,76,12,84,7.65,0.45,0
IN1__P8__path_1,IN1,P8,path_1,77,12,85,7.75,0.45,0
IN1__P8__path_1,IN1,P8,path_1,78,12,86,7.85,0.45,0
IN1__P8__path_1,IN1,P8,path_1,79,12,87,7.95,0.45,0
IN1__P8__path_1,IN1,P8,path_1,80,12,88,8.05,0.45,0
IN1__P8__path_1,IN1,P8,path_1,81,12,89,8.15,0.45,0
IN1__P8__path_1,IN1,P8,path_1,82,12,90,8.25,0.45,0
IN1__P8__path_1,IN1,P8,path_1,83,12,91,8.35,0.45,0
IN1__P8__path_1,IN1,P8,path_1,84,12,92,8.45,0.45,0
IN1__P8__path_1,IN1,P8,path_1,85,12,93,8.55,0.45,0
IN1__P8__path_1,IN1,P8,path_1,86,12,94,8.65,0.45,0
IN1__P8__path_1,IN1,P8,path_1,87,12,95,8.75,0.45,0
IN1__P8__path_1,IN1,P8,path_1,88,12,96,8.85,0.45,0
IN1__P8__path_1,IN1,P8,path_1,89,13,96,8.85,0.55,0
IN1__P8__path_1,IN1,P8,path_1,90,14,96,8.85,0.65,0
IN1__P8__path_1,IN1,P8,path_1,91,15,96,8.85,0.75,0
IN1__P8__path_1,IN1,P8,path_1,92,16,96,8.85,0.85,0
IN1__P8__path_1,IN1,P8,path_1,93,17,96,8.85,0.95,0
IN1__P8__path_1,IN1,P8,path_1,94,18,96,8.85,1.05,0
IN1__P8__path_1,IN1,P8,path_1,95,19,96,8.85,1.15,0
IN1__P8__path_1,IN1,P8,path_1,96,20,96,8.85,1.25,0
IN1__P8__path_1,IN1,P8,path_1,97,21,96,8.85,1.35,0
IN1__P8__path_1,IN1,P8,path_1,98,22,96,8.85,1.45,0
IN1__P8__path_1,IN1,P8,path_1,99,23,96,8.85,1.55,0
IN1__P8__path_1,IN1,P8,path_1,100,24,96,8.85,1.65,0
IN1__P8__path_1,IN1,P8,path_1,101,25,96,8.85,1.75,0
IN1__P8__path_1,IN1,P8,path_1,102,26,96,8.85,1.85,0
IN1__P8__path_1,IN1,P8,path_1,103,27,96,8.85,1.95,0
IN1__P8__path_1,IN1,P8,path_1,104,28,96,8.85,2.05,0
IN1__P8__path_1,IN1,P8,path_1,105,29,96,8.85,2.15,0
IN1__P8__path_1,IN1,P8,path_1,106,30,96,8.85,2.25,0
IN1__P8__path_1,IN1,P8,path_1,107,31,96,8.85,2.35,0
IN1__P9__path_1,IN1,P9,path_1,0,18,8,0.05,1.05,0
IN1__P9__path_1,IN1,P9,path_1,1,19,9,0.15,1.15,0
IN1__P9__path_1,IN1,P9,path_1,2,20,10,0.25,1.25,0
IN1__P9__path_1,IN1,P9,path_1,3,21,11,0.35,1.35,0
IN1__P9__path_1,IN1,P9,path_1,4,22,12,0.45,1.45,0
IN1__P9__path_1,IN1,P9,path_1,5,23,13,0.55,1.55,0
IN1__P9__path_1,IN1,P9,path_1,6,24,14,0.65,1.65,0
IN1__P9__path_1,IN1,P9,path_1,7,25,15,0.75,1.75,0
IN1__P9__path_1,IN1,P9,path_1,8,26,16,0.85,1.85,0
IN1__P9__path_1,IN1,P9,path_1,9,27,17,0.95,1.95,0
IN1__P9__path_1,IN1,P9,path_1,10,28,18,1.05,2.05,0
IN1__P9__path_1,IN1,P9,path_1,11,29,19,1.15,2.15,0
IN1__P9__path_1,IN1,P9,path_1,12,30,20,1.25,2.25,0
IN1__P9__path_1,IN1,P9,path_1,13,31,21,1.35,2.35,0
IN1__P9__path_1,IN1,P9,path_1,14,32,22,1.45,2.45,0
IN1__P9__path_1,IN1,P9,path_1,15,33,23,1.55,2.55,0
IN1__P9__path_1,IN1,P9,path_1,16,34,24,1.65,2.65,0
IN1__P9__path_1,IN1,P9,path_1,17,35,25,1.75,2.75,0
IN1__P9__path_1,IN1,P9,path_1,18,36,26,1.85,2.85,0
IN1__P9__path_1,IN1,P9,path_1,19,37,27,1.95,2.95,0
IN1__P9__path_1,IN1,P9,path_1,20,38,28,2.05,3.05,0
IN1__P9__path_1,IN1,P9,path_1,21,39,29,2.15,3.15,0
IN1__P9__path_1,IN1,P9,path_1,22,40,30,2.25,3.25,0
IN1__P9__path_1,IN1,P9,path_1,23,41,31,2.35,3.35,0
IN1__P9__path_1,IN1,P9,path_1,24,42,32,2.45,3.45,0
IN1__P9__path_1,IN1,P9,path_1,25,42,33,2.55,3.45,0
IN1__P9__path_1,IN1,P9,path_1,26,43,34,2.65,3.55,0
IN1__P9__path_1,IN1,P9,path_1,27,43,35,2.75,3.55,0
IN1__P9__path_1,IN1,P9,path_1,28,44,36,2.85,3.65,0
IN1__P9__path_1,IN1,P9,path_1,29,45,37,2.95,3.75,0
IN1__P9__path_1,IN1,P9,path_1,30,45,38,3.05,3.75,0
IN1__P9__path_1,IN1,P9,path_1,31,45,39,3.15,3.75,0
IN1__P9__path_1,IN1,P9,path_1,32,45,40,3.25,3.75,0
IN1__P9__path_1,IN1,P9,path_1,33,46,41,3.35,3.85,0
IN1__P9__path_1,IN1,P9,path_1,34,46,42,3.45,3.85,0
IN1__P9__path_1,IN1,P9,path_1,35,47,43,3.55,3.95,0
IN1__P9__path_1,IN1,P9,path_1,36,47,44,3.65,3.95,0
IN1__P9__path_1,IN1,P9,path_1,37,48,45,3.75,4.05,0
IN1__P9__path_1,IN1,P9,path_1,38,48,46,3.85,4.05,0
IN1__P9__path_1,IN1,P9,path_1,39,48,47,3.95,4.05,0
IN1__P9__path_1,IN1,P9,path_1,40,49,48,4.05,4.15,0
IN1__P9__path_1,IN1,P9,path_1,41,49,49,4.15,4.15,0
IN1__P9__path_1,IN1,P9,path_1,42,49,50,4.25,4.15,0
IN1__P9__path_1,IN1,P9,path_1,43,49,51,4.35,4.15,0
IN1__P9__path_1,IN1,P9,path_1,44,49,52,4.45,4.15,0
IN1__P9__path_1,IN1,P9,path_1,45,49,53,4.55,4.15,0
IN1__P9__path_1,IN1,P9,path_1,46,49,54,4.65,4.15,0
IN1__P9__path_1,IN1,P9,path_1,47,49,55,4.75,4.15,0
IN1__P9__path_1,IN1,P9,path_1,48,49,56,4.85,4.15,0
IN1__P9__path_1,IN1,P9,path_1,49,49,57,4.95,4.15,0
IN1__P9__path_1,IN1,P9,path_1,50,49,58,5.05,4.15,0
IN1__P9__path_1,IN1,P9,path_1,51,49,59,5.15,4.15,0
IN1__P9__path_1,IN1,P9,path_1,52,49,60,5.25,4.15,0
IN1__P9__path_1,IN1,P9,path_1,53,49,61,5.35,4.15,0
IN1__P9__path_1,IN1,P9,path_1,54,49,62,5.45,4.15,0
IN1__P9__path_1,IN1,P9,path_1,55,49,63,5.55,4.15,0
IN1__P9__path_1,IN1,P9,path_1,56,50,64,5.65,4.25,0
IN1__P9__path_1,IN1,P9,path_1,57,51,65,5.75,4.35,0
IN1__P9__path_1,IN1,P9,path_1,58,52,65,5.75,4.45,0
IN1__P9__path_1,IN1,P9,path_1,59,53,66,5.85,4.55,0
IN1__P9__path_1,IN1,P9,path_1,60,54,66,5.85,4.65,0
IN1__P9__path_1,IN1,P9,path_1,61,55,67,5.95,4.75,0
IN1__P9__path_1,IN1,P9,path_1,62,56,67,5.95,4.85,0
IN1__P9__path_1,IN1,P9,path_1,63,57,67,5.95,4.95,0
IN1__P9__path_1,IN1,P9,path_1,64,58,68,6.05,5.05,0
IN1__SORT1__path_1,IN1,SORT1,path_1,0,18,8,0.05,1.05,0
IN1__SORT1__path_1,IN1,SORT1,path_1,1,18,9,0.15,1.05,0
IN1__SORT1__path_1,IN1,SORT1,path_1,2,18,10,0.25,1.05,0
IN1__SORT1__path_1,IN1,SORT1,path_1,3,18,11,0.35,1.05,0
IN1__SORT1__path_1,IN1,SORT1,path_1,4,18,12,0.45,1.05,0
IN1__SORT1__path_1,IN1,SORT1,path_1,5,18,13,0.55,1.05,0
IN1__SORT1__path_1,IN1,SORT1,path_1,6,18,14,0.65,1.05,0
IN1__SORT1__path_1,IN1,SORT1,path_1,7,18,15,0.75,1.05,0
IN1__SORT1__path_1,IN1,SORT1,path_1,8,18,16,0.85,1.05,0
IN1__SORT1__path_1,IN1,SORT1,path_1,9,18,17,0.95,1.05,0
IN1__SORT1__path_1,IN1,SORT1,path_1,10,18,18,1.05,1.05,0
IN1__SORT1__path_1,IN1,SORT1,path_1,11,18,19,1.15,1.05,0
IN1__SORT1__path_1,IN1,SORT1,path_1,12,17,20,1.25,0.95,0
IN1__SORT1__path_1,IN1,SORT1,path_1,13,16,21,1.35,0.85,0
IN1__SORT1__path_1,IN1,SORT1,path_1,14,15,22,1.45,0.75,0
IN1__SORT1__path_1,IN1,SORT1,path_1,15,14,23,1.55,0.65,0
IN1__SORT1__path_1,IN1,SORT1,path_1,16,13,24,1.65,0.55,0
IN1__SORT1__path_1,IN1,SORT1,path_1,17,12,25,1.75,0.45,0
IN1__SORT1__path_1,IN1,SORT1,path_1,18,12,26,1.85,0.45,0
IN1__SORT1__path_1,IN1,SORT1,path_1,19,12,27,1.95,0.45,0
IN1__SORT1__path_1,IN1,SORT1,path_1,20,12,28,2.05,0.45,0
IN1__SORT1__path_1,IN1,SORT1,path_1,21,12,29,2.15,0.45,0
IN1__SORT1__path_1,IN1,SORT1,path_1,22,12,30,2.25,0.45,0
IN1__SORT1__path_1,IN1,SORT1,path_1,23,12,31,2.35,0.45,0
IN1__SORT1__path_1,IN1,SORT1,path_1,24,12,32,2.45,0.45,0
IN1__SORT1__path_1,IN1,SORT1,path_1,25,12,33,2.55,0.45,0
IN1__SORT1__path_1,IN1,SORT1,path_1,26,12,34,2.65,0.45,0
IN1__SORT1__path_1,IN1,SORT1,path_1,27,12,35,2.75,0.45,0
IN1__SORT1__path_1,IN1,SORT1,path_1,28,12,36,2.85,0.45,0
IN1__SORT1__path_1,IN1,SORT1,path_1,29,11,37,2.95,0.35,0
IN1__SORT1__path_1,IN1,SORT1,path_1,30,10,38,3.05,0.25,0
IN1__SORT1__path_1,IN1,SORT1,path_1,31,10,39,3.15,0.25,0
IN1__SORT1__path_1,IN1,SORT1,path_1,32,10,40,3.25,0.25,0
IN1__SORT1__path_1,IN1,SORT1,path_1,33,10,41,3.35,0.25,0
IN1__SORT1__path_1,IN1,SORT1,path_1,34,10,42,3.45,0.25,0
IN1__SORT1__path_1,IN1,SORT1,path_1,35,10,43,3.55,0.25,0
IN1__SORT1__path_1,IN1,SORT1,path_1,36,10,44,3.65,0.25,0
IN1__SORT1__path_1,IN1,SORT1,path_1,37,10,45,3.75,0.25,0
IN1__SORT1__path_1,IN1,SORT1,path_1,38,10,46,3.85,0.25,0
IN1__SORT1__path_1,IN1,SORT1,path_1,39,10,47,3.95,0.25,0
IN1__SORT1__path_1,IN1,SORT1,path_1,40,10,48,4.05,0.25,0
IN1__SORT1__path_1,IN1,SORT1,path_1,41,10,49,4.15,0.25,0
IN1__SORT1__path_1,IN1,SORT1,path_1,42,10,50,4.25,0.25,0
IN1__SORT1__path_1,IN1,SORT1,path_1,43,10,51,4.35,0.25,0
IN1__SORT1__path_1,IN1,SORT1,path_1,44,10,52,4.45,0.25,0
IN1__SORT1__path_1,IN1,SORT1,path_1,45,10,53,4.55,0.25,0
IN1__SORT1__path_1,IN1,SORT1,path_1,46,10,54,4.65,0.25,0
IN1__SORT1__path_1,IN1,SORT1,path_1,47,10,55,4.75,0.25,0
IN1__SORT1__path_1,IN1,SORT1,path_1,48,10,56,4.85,0.25,0
IN1__SORT1__path_1,IN1,SORT1,path_1,49,10,57,4.95,0.25,0
IN1__SORT1__path_1,IN1,SORT1,path_1,50,10,58,5.05,0.25,0
IN1__SORT1__path_1,IN1,SORT1,path_1,51,10,59,5.15,0.25,0
IN1__SORT1__path_1,IN1,SORT1,path_1,52,10,60,5.25,0.25,0
IN1__SORT1__path_1,IN1,SORT1,path_1,53,10,61,5.35,0.25,0
IN1__SORT1__path_1,IN1,SORT1,path_1,54,10,62,5.45,0.25,0
IN1__SORT1__path_1,IN1,SORT1,path_1,55,10,63,5.55,0.25,0
IN1__SORT1__path_1,IN1,SORT1,path_1,56,10,64,5.65,0.25,0
IN1__SORT1__path_1,IN1,SORT1,path_1,57,11,65,5.75,0.35,0
IN1__SORT1__path_1,IN1,SORT1,path_1,58,11,66,5.85,0.35,0
IN1__SORT1__path_1,IN1,SORT1,path_1,59,11,67,5.95,0.35,0
IN1__SORT1__path_1,IN1,SORT1,path_1,60,11,68,6.05,0.35,0
IN1__SORT1__path_1,IN1,SORT1,path_1,61,11,69,6.15,0.35,0
IN1__SORT1__path_1,IN1,SORT1,path_1,62,11,70,6.25,0.35,0
IN1__SORT1__path_1,IN1,SORT1,path_1,63,11,71,6.35,0.35,0
IN1__SORT1__path_1,IN1,SORT1,path_1,64,11,72,6.45,0.35,0
IN1__SORT1__path_1,IN1,SORT1,path_1,65,11,73,6.55,0.35,0
IN1__SORT1__path_1,IN1,SORT1,path_1,66,11,74,6.65,0.35,0
IN1__SORT1__path_1,IN1,SORT1,path_1,67,11,75,6.75,0.35,0
IN1__SORT1__path_1,IN1,SORT1,path_1,68,12,76,6.85,0.45,0
IN1__SORT1__path_1,IN1,SORT1,path_1,69,12,77,6.95,0.45,0
IN1__SORT1__path_1,IN1,SORT1,path_1,70,12,78,7.05,0.45,0
IN1__SORT1__path_1,IN1,SORT1,path_1,71,12,79,7.15,0.45,0
IN1__SORT1__path_1,IN1,SORT1,path_1,72,12,80,7.25,0.45,0
IN1__SORT1__path_1,IN1,SORT1,path_1,73,12,81,7.35,0.45,0
IN1__SORT1__path_1,IN1,SORT1,path_1,74,12,82,7.45,0.45,0
IN1__SORT1__path_1,IN1,SORT1,path_1,75,12,83,7.55,0.45,0
IN1__SORT1__path_1,IN1,SORT1,path_1,76,12,84,7.65,0.45,0
IN1__SORT1__path_1,IN1,SORT1,path_1,77,12,85,7.75,0.45,0
IN1__SORT1__path_1,IN1,SORT1,path_1,78,12,86,7.85,0.45,0
IN1__SORT1__path_1,IN1,SORT1,path_1,79,12,87,7.95,0.45,0
IN1__SORT1__path_1,IN1,SORT1,path_1,80,12,88,8.05,0.45,0
IN1__SORT1__path_1,IN1,SORT1,path_1,81,12,89,8.15,0.45,0
IN1__SORT1__path_1,IN1,SORT1,path_1,82,12,90,8.25,0.45,0
IN1__SORT1__path_1,IN1,SORT1,path_1,83,12,91,8.35,0.45,0
IN1__SORT1__path_1,IN1,SORT1,path_1,84,12,92,8.45,0.45,0
IN1__SORT1__path_1,IN1,SORT1,path_1,85,12,93,8.55,0.45,0
IN1__SORT1__path_1,IN1,SORT1,path_1,86,12,94,8.65,0.45,0
IN1__SORT1__path_1,IN1,SORT1,path_1,87,12,95,8.75,0.45,0
IN1__SORT1__path_1,IN1,SORT1,path_1,88,12,96,8.85,0.45,0
IN1__SORT1__path_1,IN1,SORT1,path_1,89,13,97,8.95,0.55,0
IN1__SORT1__path_1,IN1,SORT1,path_1,90,14,98,9.05,0.65,0
IN1__SORT1__path_1,IN1,SORT1,path_1,91,15,99,9.15,0.75,0
IN1__SORT1__path_1,IN1,SORT1,path_1,92,16,99,9.15,0.85,0
IN1__SORT1__path_1,IN1,SORT1,path_1,93,17,100,9.25,0.95,0
IN1__SORT1__path_1,IN1,SORT1,path_1,94,18,100,9.25,1.05,0
IN1__SORT1__path_1,IN1,SORT1,path_1,95,19,100,9.25,1.15,0
IN1__SORT1__path_1,IN1,SORT1,path_1,96,20,101,9.35,1.25,0
IN1__SORT1__path_1,IN1,SORT1,path_1,97,21,101,9.35,1.35,0
IN1__SORT1__path_1,IN1,SORT1,path_1,98,22,102,9.45,1.45,0
IN1__SORT1__path_1,IN1,SORT1,path_1,99,23,102,9.45,1.55,0
IN1__SORT1__path_1,IN1,SORT1,path_1,100,24,103,9.55,1.65,0
IN1__SORT1__path_1,IN1,SORT1,path_1,101,25,103,9.55,1.75,0
IN1__SORT1__path_1,IN1,SORT1,path_1,102,26,104,9.65,1.85,0
IN1__SORT1__path_1,IN1,SORT1,path_1,103,27,104,9.65,1.95,0
IN1__SORT1__path_1,IN1,SORT1,path_1,104,28,104,9.65,2.05,0
IN1__SORT1__path_1,IN1,SORT1,path_1,105,29,105,9.75,2.15,0
IN1__SORT2__path_1,IN1,SORT2,path_1,0,18,8,0.05,1.05,0
IN1__SORT2__path_1,IN1,SORT2,path_1,1,19,9,0.15,1.15,0
IN1__SORT2__path_1,IN1,SORT2,path_1,2,20,10,0.25,1.25,0
IN1__SORT2__path_1,IN1,SORT2,path_1,3,21,11,0.35,1.35,0
IN1__SORT2__path_1,IN1,SORT2,path_1,4,21,12,0.45,1.35,0
IN1__SORT2__path_1,IN1,SORT2,path_1,5,21,13,0.55,1.35,0
IN1__SORT2__path_1,IN1,SORT2,path_1,6,22,14,0.65,1.45,0
IN1__SORT2__path_1,IN1,SORT2,path_1,7,23,15,0.75,1.55,0
IN1__SORT2__path_1,IN1,SORT2,path_1,8,24,16,0.85,1.65,0
IN1__SORT2__path_1,IN1,SORT2,path_1,9,25,17,0.95,1.75,0
IN1__SORT2__path_1,IN1,SORT2,path_1,10,26,18,1.05,1.85,0
IN1__SORT2__path_1,IN1,SORT2,path_1,11,27,19,1.15,1.95,0
IN1__SORT2__path_1,IN1,SORT2,path_1,12,28,20,1.25,2.05,0
IN1__SORT2__path_1,IN1,SORT2,path_1,13,29,21,1.35,2.15,0
IN1__SORT2__path_1,IN1,SORT2,path_1,14,30,22,1.45,2.25,0
IN1__SORT2__path_1,IN1,SORT2,path_1,15,31,23,1.55,2.35,0
IN1__SORT2__path_1,IN1,SORT2,path_1,16,32,24,1.65,2.45,0
IN1__SORT2__path_1,IN1,SORT2,path_1,17,33,25,1.75,2.55,0
IN1__SORT2__path_1,IN1,SORT2,path_1,18,34,26,1.85,2.65,0
IN1__SORT2__path_1,IN1,SORT2,path_1,19,35,27,1.95,2.75,0
IN1__SORT2__path_1,IN1,SORT2,path_1,20,36,28,2.05,2.85,0
IN1__SORT2__path_1,IN1,SORT2,path_1,21,37,29,2.15,2.95,0
IN1__SORT2__path_1,IN1,SORT2,path_1,22,38,30,2.25,3.05,0
IN1__SORT2__path_1,IN1,SORT2,path_1,23,39,31,2.35,3.15,0
IN1__SORT2__path_1,IN1,SORT2,path_1,24,40,32,2.45,3.25,0
IN1__SORT2__path_1,IN1,SORT2,path_1,25,41,33,2.55,3.35,0
IN1__SORT2__path_1,IN1,SORT2,path_1,26,42,34,2.65,3.45,0
IN1__SORT2__path_1,IN1,SORT2,path_1,27,43,35,2.75,3.55,0
IN1__SORT2__path_1,IN1,SORT2,path_1,28,44,36,2.85,3.65,0
IN1__SORT2__path_1,IN1,SORT2,path_1,29,45,37,2.95,3.75,0
IN1__SORT2__path_1,IN1,SORT2,path_1,30,45,38,3.05,3.75,0
IN1__SORT2__path_1,IN1,SORT2,path_1,31,45,39,3.15,3.75,0
IN1__SORT2__path_1,IN1,SORT2,path_1,32,45,40,3.25,3.75,0
IN1__SORT2__path_1,IN1,SORT2,path_1,33,45,41,3.35,3.75,0
IN1__SORT2__path_1,IN1,SORT2,path_1,34,45,42,3.45,3.75,0
IN1__SORT2__path_1,IN1,SORT2,path_1,35,45,43,3.55,3.75,0
IN1__SORT2__path_1,IN1,SORT2,path_1,36,45,44,3.65,3.75,0
IN1__SORT2__path_1,IN1,SORT2,path_1,37,45,45,3.75,3.75,0
IN1__SORT2__path_1,IN1,SORT2,path_1,38,45,46,3.85,3.75,0
IN1__SORT2__path_1,IN1,SORT2,path_1,39,45,47,3.95,3.75,0
IN1__SORT2__path_1,IN1,SORT2,path_1,40,45,48,4.05,3.75,0
IN1__SORT2__path_1,IN1,SORT2,path_1,41,45,49,4.15,3.75,0
IN1__SORT2__path_1,IN1,SORT2,path_1,42,45,50,4.25,3.75,0
IN1__SORT2__path_1,IN1,SORT2,path_1,43,45,51,4.35,3.75,0
IN1__SORT2__path_1,IN1,SORT2,path_1,44,45,52,4.45,3.75,0
IN1__SORT2__path_1,IN1,SORT2,path_1,45,46,53,4.55,3.85,0
IN1__SORT2__path_1,IN1,SORT2,path_1,46,47,54,4.65,3.95,0
IN1__SORT2__path_1,IN1,SORT2,path_1,47,48,55,4.75,4.05,0
IN1__SORT2__path_1,IN1,SORT2,path_1,48,48,56,4.85,4.05,0
IN1__SORT2__path_1,IN1,SORT2,path_1,49,48,57,4.95,4.05,0
IN1__SORT2__path_1,IN1,SORT2,path_1,50,48,58,5.05,4.05,0
IN1__SORT2__path_1,IN1,SORT2,path_1,51,48,59,5.15,4.05,0
IN1__SORT2__path_1,IN1,SORT2,path_1,52,48,60,5.25,4.05,0
IN1__SORT2__path_1,IN1,SORT2,path_1,53,48,61,5.35,4.05,0
IN1__SORT2__path_1,IN1,SORT2,path_1,54,48,62,5.45,4.05,0
IN1__SORT2__path_1,IN1,SORT2,path_1,55,48,63,5.55,4.05,0
IN1__SORT2__path_1,IN1,SORT2,path_1,56,48,64,5.65,4.05,0
IN1__SORT2__path_1,IN1,SORT2,path_1,57,48,65,5.75,4.05,0
IN1__SORT2__path_1,IN1,SORT2,path_1,58,48,66,5.85,4.05,0
IN1__SORT2__path_1,IN1,SORT2,path_1,59,48,67,5.95,4.05,0
IN1__SORT2__path_1,IN1,SORT2,path_1,60,48,68,6.05,4.05,0
IN1__SORT2__path_1,IN1,SORT2,path_1,61,48,69,6.15,4.05,0
IN1__SORT2__path_1,IN1,SORT2,path_1,62,48,70,6.25,4.05,0
IN1__SORT2__path_1,IN1,SORT2,path_1,63,48,71,6.35,4.05,0
IN1__SORT2__path_1,IN1,SORT2,path_1,64,48,72,6.45,4.05,0
IN1__SORT2__path_1,IN1,SORT2,path_1,65,48,73,6.55,4.05,0
IN1__SORT2__path_1,IN1,SORT2,path_1,66,48,74,6.65,4.05,0
IN1__SORT2__path_1,IN1,SORT2,path_1,67,48,75,6.75,4.05,0
IN1__SORT2__path_1,IN1,SORT2,path_1,68,48,76,6.85,4.05,0
IN1__SORT2__path_1,IN1,SORT2,path_1,69,48,77,6.95,4.05,0
IN1__SORT2__path_1,IN1,SORT2,path_1,70,48,78,7.05,4.05,0
IN1__SORT2__path_1,IN1,SORT2,path_1,71,48,79,7.15,4.05,0
IN1__SORT2__path_1,IN1,SORT2,path_1,72,48,80,7.25,4.05,0
IN1__SORT2__path_1,IN1,SORT2,path_1,73,48,81,7.35,4.05,0
IN1__SORT2__path_1,IN1,SORT2,path_1,74,48,82,7.45,4.05,0
IN1__SORT2__path_1,IN1,SORT2,path_1,75,48,83,7.55,4.05,0
IN1__SORT2__path_1,IN1,SORT2,path_1,76,48,84,7.65,4.05,0
IN1__SORT2__path_1,IN1,SORT2,path_1,77,48,85,7.75,4.05,0
IN1__SORT2__path_1,IN1,SORT2,path_1,78,48,86,7.85,4.05,0
IN1__SORT2__path_1,IN1,SORT2,path_1,79,48,87,7.95,4.05,0
IN1__SORT2__path_1,IN1,SORT2,path_1,80,48,88,8.05,4.05,0
IN1__SORT2__path_1,IN1,SORT2,path_1,81,48,89,8.15,4.05,0
IN1__SORT2__path_1,IN1,SORT2,path_1,82,48,90,8.25,4.05,0
IN1__SORT2__path_1,IN1,SORT2,path_1,83,48,91,8.35,4.05,0
IN1__SORT2__path_1,IN1,SORT2,path_1,84,48,92,8.45,4.05,0
IN1__SORT2__path_1,IN1,SORT2,path_1,85,48,93,8.55,4.05,0
IN1__SORT2__path_1,IN1,SORT2,path_1,86,48,94,8.65,4.05,0
IN1__SORT2__path_1,IN1,SORT2,path_1,87,48,95,8.75,4.05,0
IN1__SORT2__path_1,IN1,SORT2,path_1,88,48,96,8.85,4.05,0
IN1__SORT2__path_1,IN1,SORT2,path_1,89,48,97,8.95,4.05,0
IN1__SORT2__path_1,IN1,SORT2,path_1,90,48,98,9.05,4.05,0
IN1__SORT2__path_1,IN1,SORT2,path_1,91,48,99,9.15,4.05,0
IN1__SORT2__path_1,IN1,SORT2,path_1,92,48,100,9.25,4.05,0
IN1__SORT2__path_1,IN1,SORT2,path_1,93,48,101,9.35,4.05,0
IN1__SORT2__path_1,IN1,SORT2,path_1,94,48,102,9.45,4.05,0
IN1__SORT2__path_1,IN1,SORT2,path_1,95,48,103,9.55,4.05,0
IN1__SORT2__path_1,IN1,SORT2,path_1,96,48,104,9.65,4.05,0
IN1__SORT2__path_1,IN1,SORT2,path_1,97,48,105,9.75,4.05,0
IN1__SORT2__path_1,IN1,SORT2,path_1,98,48,106,9.85,4.05,0
IN1__SORT2__path_1,IN1,SORT2,path_1,99,48,107,9.95,4.05,0
IN1__SORT2__path_1,IN1,SORT2,path_1,100,48,108,10.05,4.05,0
IN1__SORT2__path_1,IN1,SORT2,path_1,101,48,109,10.15,4.05,0
IN1__SORT2__path_1,IN1,SORT2,path_1,102,48,110,10.25,4.05,0
IN1__SORT2__path_1,IN1,SORT2,path_1,103,48,111,10.35,4.05,0
IN1__OUT1__path_1,IN1,OUT1,path_1,0,18,8,0.05,1.05,0
IN1__OUT1__path_1,IN1,OUT1,path_1,1,18,9,0.15,1.05,0
IN1__OUT1__path_1,IN1,OUT1,path_1,2,18,10,0.25,1.05,0
IN1__OUT1__path_1,IN1,OUT1,path_1,3,18,11,0.35,1.05,0
IN1__OUT1__path_1,IN1,OUT1,path_1,4,18,12,0.45,1.05,0
IN1__OUT1__path_1,IN1,OUT1,path_1,5,18,13,0.55,1.05,0
IN1__OUT1__path_1,IN1,OUT1,path_1,6,18,14,0.65,1.05,0
IN1__OUT1__path_1,IN1,OUT1,path_1,7,18,15,0.75,1.05,0
IN1__OUT1__path_1,IN1,OUT1,path_1,8,18,16,0.85,1.05,0
IN1__OUT1__path_1,IN1,OUT1,path_1,9,18,17,0.95,1.05,0
IN1__OUT1__path_1,IN1,OUT1,path_1,10,18,18,1.05,1.05,0
IN1__OUT1__path_1,IN1,OUT1,path_1,11,18,19,1.15,1.05,0
IN1__OUT1__path_1,IN1,OUT1,path_1,12,17,20,1.25,0.95,0
IN1__OUT1__path_1,IN1,OUT1,path_1,13,16,21,1.35,0.85,0
IN1__OUT1__path_1,IN1,OUT1,path_1,14,15,22,1.45,0.75,0
IN1__OUT1__path_1,IN1,OUT1,path_1,15,14,23,1.55,0.65,0
IN1__OUT1__path_1,IN1,OUT1,path_1,16,13,24,1.65,0.55,0
IN1__OUT1__path_1,IN1,OUT1,path_1,17,12,25,1.75,0.45,0
IN1__OUT1__path_1,IN1,OUT1,path_1,18,12,26,1.85,0.45,0
IN1__OUT1__path_1,IN1,OUT1,path_1,19,12,27,1.95,0.45,0
IN1__OUT1__path_1,IN1,OUT1,path_1,20,12,28,2.05,0.45,0
IN1__OUT1__path_1,IN1,OUT1,path_1,21,12,29,2.15,0.45,0
IN1__OUT1__path_1,IN1,OUT1,path_1,22,12,30,2.25,0.45,0
IN1__OUT1__path_1,IN1,OUT1,path_1,23,12,31,2.35,0.45,0
IN1__OUT1__path_1,IN1,OUT1,path_1,24,12,32,2.45,0.45,0
IN1__OUT1__path_1,IN1,OUT1,path_1,25,12,33,2.55,0.45,0
IN1__OUT1__path_1,IN1,OUT1,path_1,26,12,34,2.65,0.45,0
IN1__OUT1__path_1,IN1,OUT1,path_1,27,12,35,2.75,0.45,0
IN1__OUT1__path_1,IN1,OUT1,path_1,28,12,36,2.85,0.45,0
IN1__OUT1__path_1,IN1,OUT1,path_1,29,11,37,2.95,0.35,0
IN1__OUT1__path_1,IN1,OUT1,path_1,30,10,38,3.05,0.25,0
IN1__OUT1__path_1,IN1,OUT1,path_1,31,10,39,3.15,0.25,0
IN1__OUT1__path_1,IN1,OUT1,path_1,32,10,40,3.25,0.25,0
IN1__OUT1__path_1,IN1,OUT1,path_1,33,10,41,3.35,0.25,0
IN1__OUT1__path_1,IN1,OUT1,path_1,34,10,42,3.45,0.25,0
IN1__OUT1__path_1,IN1,OUT1,path_1,35,10,43,3.55,0.25,0
IN1__OUT1__path_1,IN1,OUT1,path_1,36,10,44,3.65,0.25,0
IN1__OUT1__path_1,IN1,OUT1,path_1,37,10,45,3.75,0.25,0
IN1__OUT1__path_1,IN1,OUT1,path_1,38,10,46,3.85,0.25,0
IN1__OUT1__path_1,IN1,OUT1,path_1,39,10,47,3.95,0.25,0
IN1__OUT1__path_1,IN1,OUT1,path_1,40,10,48,4.05,0.25,0
IN1__OUT1__path_1,IN1,OUT1,path_1,41,10,49,4.15,0.25,0
IN1__OUT1__path_1,IN1,OUT1,path_1,42,10,50,4.25,0.25,0
IN1__OUT1__path_1,IN1,OUT1,path_1,43,10,51,4.35,0.25,0
IN1__OUT1__path_1,IN1,OUT1,path_1,44,10,52,4.45,0.25,0
IN1__OUT1__path_1,IN1,OUT1,path_1,45,10,53,4.55,0.25,0
IN1__OUT1__path_1,IN1,OUT1,path_1,46,10,54,4.65,0.25,0
IN1__OUT1__path_1,IN1,OUT1,path_1,47,10,55,4.75,0.25,0
IN1__OUT1__path_1,IN1,OUT1,path_1,48,10,56,4.85,0.25,0
IN1__OUT1__path_1,IN1,OUT1,path_1,49,10,57,4.95,0.25,0
IN1__OUT1__path_1,IN1,OUT1,path_1,50,10,58,5.05,0.25,0
IN1__OUT1__path_1,IN1,OUT1,path_1,51,10,59,5.15,0.25,0
IN1__OUT1__path_1,IN1,OUT1,path_1,52,10,60,5.25,0.25,0
IN1__OUT1__path_1,IN1,OUT1,path_1,53,10,61,5.35,0.25,0
IN1__OUT1__path_1,IN1,OUT1,path_1,54,10,62,5.45,0.25,0
IN1__OUT1__path_1,IN1,OUT1,path_1,55,10,63,5.55,0.25,0
IN1__OUT1__path_1,IN1,OUT1,path_1,56,10,64,5.65,0.25,0
IN1__OUT1__path_1,IN1,OUT1,path_1,57,10,65,5.75,0.25,0
IN1__OUT1__path_1,IN1,OUT1,path_1,58,10,66,5.85,0.25,0
IN1__OUT1__path_1,IN1,OUT1,path_1,59,10,67,5.95,0.25,0
IN1__OUT1__path_1,IN1,OUT1,path_1,60,10,68,6.05,0.25,0
IN1__OUT1__path_1,IN1,OUT1,path_1,61,10,69,6.15,0.25,0
IN1__OUT1__path_1,IN1,OUT1,path_1,62,10,70,6.25,0.25,0
IN1__OUT1__path_1,IN1,OUT1,path_1,63,10,71,6.35,0.25,0
IN1__OUT1__path_1,IN1,OUT1,path_1,64,10,72,6.45,0.25,0
IN1__OUT1__path_1,IN1,OUT1,path_1,65,10,73,6.55,0.25,0
IN1__OUT1__path_1,IN1,OUT1,path_1,66,10,74,6.65,0.25,0
IN1__OUT1__path_1,IN1,OUT1,path_1,67,10,75,6.75,0.25,0
IN1__OUT1__path_1,IN1,OUT1,path_1,68,10,76,6.85,0.25,0
IN1__OUT1__path_1,IN1,OUT1,path_1,69,10,77,6.95,0.25,0
IN1__OUT1__path_1,IN1,OUT1,path_1,70,10,78,7.05,0.25,0
IN1__OUT1__path_1,IN1,OUT1,path_1,71,10,79,7.15,0.25,0
IN1__OUT1__path_1,IN1,OUT1,path_1,72,10,80,7.25,0.25,0
IN1__OUT1__path_1,IN1,OUT1,path_1,73,10,81,7.35,0.25,0
IN1__OUT1__path_1,IN1,OUT1,path_1,74,10,82,7.45,0.25,0
IN1__OUT1__path_1,IN1,OUT1,path_1,75,10,83,7.55,0.25,0
IN1__OUT1__path_1,IN1,OUT1,path_1,76,10,84,7.65,0.25,0
IN1__OUT1__path_1,IN1,OUT1,path_1,77,10,85,7.75,0.25,0
IN1__OUT1__path_1,IN1,OUT1,path_1,78,10,86,7.85,0.25,0
IN1__OUT1__path_1,IN1,OUT1,path_1,79,10,87,7.95,0.25,0
IN1__OUT1__path_1,IN1,OUT1,path_1,80,10,88,8.05,0.25,0
IN1__OUT1__path_1,IN1,OUT1,path_1,81,10,89,8.15,0.25,0
IN1__OUT1__path_1,IN1,OUT1,path_1,82,10,90,8.25,0.25,0
IN1__OUT1__path_1,IN1,OUT1,path_1,83,10,91,8.35,0.25,0
IN1__OUT1__path_1,IN1,OUT1,path_1,84,11,92,8.45,0.35,0
IN1__OUT1__path_1,IN1,OUT1,path_1,85,11,93,8.55,0.35,0
IN1__OUT1__path_1,IN1,OUT1,path_1,86,12,94,8.65,0.45,0
IN1__OUT1__path_1,IN1,OUT1,path_1,87,12,95,8.75,0.45,0
IN1__OUT1__path_1,IN1,OUT1,path_1,88,12,96,8.85,0.45,0
IN1__OUT1__path_1,IN1,OUT1,path_1,89,13,97,8.95,0.55,0
IN1__OUT1__path_1,IN1,OUT1,path_1,90,13,98,9.05,0.55,0
IN1__OUT1__path_1,IN1,OUT1,path_1,91,14,99,9.15,0.65,0
IN1__OUT1__path_1,IN1,OUT1,path_1,92,14,100,9.25,0.65,0
IN1__OUT1__path_1,IN1,OUT1,path_1,93,15,101,9.35,0.75,0
IN1__OUT1__path_1,IN1,OUT1,path_1,94,15,102,9.45,0.75,0
IN1__OUT1__path_1,IN1,OUT1,path_1,95,16,103,9.55,0.85,0
IN1__OUT1__path_1,IN1,OUT1,path_1,96,16,104,9.65,0.85,0
IN1__OUT1__path_1,IN1,OUT1,path_1,97,17,105,9.75,0.95,0
IN1__OUT1__path_1,IN1,OUT1,path_1,98,17,106,9.85,0.95,0
IN1__OUT1__path_1,IN1,OUT1,path_1,99,17,107,9.95,0.95,0
IN1__OUT1__path_1,IN1,OUT1,path_1,100,18,108,10.05,1.05,0
IN1__OUT1__path_1,IN1,OUT1,path_1,101,18,109,10.15,1.05,0
IN1__OUT1__path_1,IN1,OUT1,path_1,102,19,110,10.25,1.15,0
IN1__OUT1__path_1,IN1,OUT1,path_1,103,19,111,10.35,1.15,0
IN1__OUT1__path_1,IN1,OUT1,path_1,104,20,112,10.45,1.25,0
IN1__OUT1__path_1,IN1,OUT1,path_1,105,20,113,10.55,1.25,0
IN1__OUT1__path_1,IN1,OUT1,path_1,106,21,114,10.65,1.35,0
IN1__OUT1__path_1,IN1,OUT1,path_1,107,21,115,10.75,1.35,0
IN1__OUT1__path_1,IN1,OUT1,path_1,108,22,116,10.85,1.45,0
IN1__OUT1__path_1,IN1,OUT1,path_1,109,22,117,10.95,1.45,0
IN1__OUT1__path_1,IN1,OUT1,path_1,110,22,118,11.05,1.45,0
IN1__OUT1__path_1,IN1,OUT1,path_1,111,23,119,11.15,1.55,0
IN1__OUT1__path_1,IN1,OUT1,path_1,112,23,120,11.25,1.55,0
IN1__OUT1__path_1,IN1,OUT1,path_1,113,24,121,11.35,1.65,0
IN1__OUT1__path_1,IN1,OUT1,path_1,114,24,122,11.45,1.65,0
IN1__OUT1__path_1,IN1,OUT1,path_1,115,25,123,11.55,1.75,0
IN1__OUT1__path_1,IN1,OUT1,path_1,116,25,124,11.65,1.75,0
IN1__OUT1__path_1,IN1,OUT1,path_1,117,26,125,11.75,1.85,0
IN1__OUT1__path_1,IN1,OUT1,path_1,118,26,126,11.85,1.85,0
IN1__OUT1__path_1,IN1,OUT1,path_1,119,26,127,11.95,1.85,0
IN1__OUT1__path_1,IN1,OUT1,path_1,120,27,128,12.05,1.95,0
IN1__OUT2__path_1,IN1,OUT2,path_1,0,18,8,0.05,1.05,0
IN1__OUT2__path_1,IN1,OUT2,path_1,1,19,9,0.15,1.15,0
IN1__OUT2__path_1,IN1,OUT2,path_1,2,20,10,0.25,1.25,0
IN1__OUT2__path_1,IN1,OUT2,path_1,3,21,11,0.35,1.35,0
IN1__OUT2__path_1,IN1,OUT2,path_1,4,21,12,0.45,1.35,0
IN1__OUT2__path_1,IN1,OUT2,path_1,5,21,13,0.55,1.35,0
IN1__OUT2__path_1,IN1,OUT2,path_1,6,22,14,0.65,1.45,0
IN1__OUT2__path_1,IN1,OUT2,path_1,7,23,15,0.75,1.55,0
IN1__OUT2__path_1,IN1,OUT2,path_1,8,24,16,0.85,1.65,0
IN1__OUT2__path_1,IN1,OUT2,path_1,9,25,17,0.95,1.75,0
IN1__OUT2__path_1,IN1,OUT2,path_1,10,26,18,1.05,1.85,0
IN1__OUT2__path_1,IN1,OUT2,path_1,11,27,19,1.15,1.95,0
IN1__OUT2__path_1,IN1,OUT2,path_1,12,28,20,1.25,2.05,0
IN1__OUT2__path_1,IN1,OUT2,path_1,13,29,21,1.35,2.15,0
IN1__OUT2__path_1,IN1,OUT2,path_1,14,30,22,1.45,2.25,0
IN1__OUT2__path_1,IN1,OUT2,path_1,15,31,23,1.55,2.35,0
IN1__OUT2__path_1,IN1,OUT2,path_1,16,32,24,1.65,2.45,0
IN1__OUT2__path_1,IN1,OUT2,path_1,17,33,25,1.75,2.55,0
IN1__OUT2__path_1,IN1,OUT2,path_1,18,34,26,1.85,2.65,0
IN1__OUT2__path_1,IN1,OUT2,path_1,19,35,27,1.95,2.75,0
IN1__OUT2__path_1,IN1,OUT2,path_1,20,36,28,2.05,2.85,0
IN1__OUT2__path_1,IN1,OUT2,path_1,21,37,29,2.15,2.95,0
IN1__OUT2__path_1,IN1,OUT2,path_1,22,38,30,2.25,3.05,0
IN1__OUT2__path_1,IN1,OUT2,path_1,23,39,31,2.35,3.15,0
IN1__OUT2__path_1,IN1,OUT2,path_1,24,40,32,2.45,3.25,0
IN1__OUT2__path_1,IN1,OUT2,path_1,25,41,33,2.55,3.35,0
IN1__OUT2__path_1,IN1,OUT2,path_1,26,42,34,2.65,3.45,0
IN1__OUT2__path_1,IN1,OUT2,path_1,27,43,35,2.75,3.55,0
IN1__OUT2__path_1,IN1,OUT2,path_1,28,44,36,2.85,3.65,0
IN1__OUT2__path_1,IN1,OUT2,path_1,29,45,37,2.95,3.75,0
IN1__OUT2__path_1,IN1,OUT2,path_1,30,45,38,3.05,3.75,0
IN1__OUT2__path_1,IN1,OUT2,path_1,31,45,39,3.15,3.75,0
IN1__OUT2__path_1,IN1,OUT2,path_1,32,45,40,3.25,3.75,0
IN1__OUT2__path_1,IN1,OUT2,path_1,33,45,41,3.35,3.75,0
IN1__OUT2__path_1,IN1,OUT2,path_1,34,45,42,3.45,3.75,0
IN1__OUT2__path_1,IN1,OUT2,path_1,35,45,43,3.55,3.75,0
IN1__OUT2__path_1,IN1,OUT2,path_1,36,45,44,3.65,3.75,0
IN1__OUT2__path_1,IN1,OUT2,path_1,37,45,45,3.75,3.75,0
IN1__OUT2__path_1,IN1,OUT2,path_1,38,45,46,3.85,3.75,0
IN1__OUT2__path_1,IN1,OUT2,path_1,39,45,47,3.95,3.75,0
IN1__OUT2__path_1,IN1,OUT2,path_1,40,45,48,4.05,3.75,0
IN1__OUT2__path_1,IN1,OUT2,path_1,41,45,49,4.15,3.75,0
IN1__OUT2__path_1,IN1,OUT2,path_1,42,45,50,4.25,3.75,0
IN1__OUT2__path_1,IN1,OUT2,path_1,43,45,51,4.35,3.75,0
IN1__OUT2__path_1,IN1,OUT2,path_1,44,45,52,4.45,3.75,0
IN1__OUT2__path_1,IN1,OUT2,path_1,45,46,53,4.55,3.85,0
IN1__OUT2__path_1,IN1,OUT2,path_1,46,47,54,4.65,3.95,0
IN1__OUT2__path_1,IN1,OUT2,path_1,47,48,55,4.75,4.05,0
IN1__OUT2__path_1,IN1,OUT2,path_1,48,48,56,4.85,4.05,0
IN1__OUT2__path_1,IN1,OUT2,path_1,49,48,57,4.95,4.05,0
IN1__OUT2__path_1,IN1,OUT2,path_1,50,48,58,5.05,4.05,0
IN1__OUT2__path_1,IN1,OUT2,path_1,51,48,59,5.15,4.05,0
IN1__OUT2__path_1,IN1,OUT2,path_1,52,48,60,5.25,4.05,0
IN1__OUT2__path_1,IN1,OUT2,path_1,53,48,61,5.35,4.05,0
IN1__OUT2__path_1,IN1,OUT2,path_1,54,48,62,5.45,4.05,0
IN1__OUT2__path_1,IN1,OUT2,path_1,55,48,63,5.55,4.05,0
IN1__OUT2__path_1,IN1,OUT2,path_1,56,48,64,5.65,4.05,0
IN1__OUT2__path_1,IN1,OUT2,path_1,57,48,65,5.75,4.05,0
IN1__OUT2__path_1,IN1,OUT2,path_1,58,48,66,5.85,4.05,0
IN1__OUT2__path_1,IN1,OUT2,path_1,59,48,67,5.95,4.05,0
IN1__OUT2__path_1,IN1,OUT2,path_1,60,48,68,6.05,4.05,0
IN1__OUT2__path_1,IN1,OUT2,path_1,61,48,69,6.15,4.05,0
IN1__OUT2__path_1,IN1,OUT2,path_1,62,48,70,6.25,4.05,0
IN1__OUT2__path_1,IN1,OUT2,path_1,63,48,71,6.35,4.05,0
IN1__OUT2__path_1,IN1,OUT2,path_1,64,48,72,6.45,4.05,0
IN1__OUT2__path_1,IN1,OUT2,path_1,65,48,73,6.55,4.05,0
IN1__OUT2__path_1,IN1,OUT2,path_1,66,48,74,6.65,4.05,0
IN1__OUT2__path_1,IN1,OUT2,path_1,67,48,75,6.75,4.05,0
IN1__OUT2__path_1,IN1,OUT2,path_1,68,48,76,6.85,4.05,0
IN1__OUT2__path_1,IN1,OUT2,path_1,69,48,77,6.95,4.05,0
IN1__OUT2__path_1,IN1,OUT2,path_1,70,48,78,7.05,4.05,0
IN1__OUT2__path_1,IN1,OUT2,path_1,71,48,79,7.15,4.05,0
IN1__OUT2__path_1,IN1,OUT2,path_1,72,48,80,7.25,4.05,0
IN1__OUT2__path_1,IN1,OUT2,path_1,73,48,81,7.35,4.05,0
IN1__OUT2__path_1,IN1,OUT2,path_1,74,48,82,7.45,4.05,0
IN1__OUT2__path_1,IN1,OUT2,path_1,75,48,83,7.55,4.05,0
IN1__OUT2__path_1,IN1,OUT2,path_1,76,48,84,7.65,4.05,0
IN1__OUT2__path_1,IN1,OUT2,path_1,77,48,85,7.75,4.05,0
IN1__OUT2__path_1,IN1,OUT2,path_1,78,48,86,7.85,4.05,0
IN1__OUT2__path_1,IN1,OUT2,path_1,79,48,87,7.95,4.05,0
IN1__OUT2__path_1,IN1,OUT2,path_1,80,48,88,8.05,4.05,0
IN1__OUT2__path_1,IN1,OUT2,path_1,81,48,89,8.15,4.05,0
IN1__OUT2__path_1,IN1,OUT2,path_1,82,48,90,8.25,4.05,0
IN1__OUT2__path_1,IN1,OUT2,path_1,83,48,91,8.35,4.05,0
IN1__OUT2__path_1,IN1,OUT2,path_1,84,48,92,8.45,4.05,0
IN1__OUT2__path_1,IN1,OUT2,path_1,85,48,93,8.55,4.05,0
IN1__OUT2__path_1,IN1,OUT2,path_1,86,48,94,8.65,4.05,0
IN1__OUT2__path_1,IN1,OUT2,path_1,87,48,95,8.75,4.05,0
IN1__OUT2__path_1,IN1,OUT2,path_1,88,48,96,8.85,4.05,0
IN1__OUT2__path_1,IN1,OUT2,path_1,89,48,97,8.95,4.05,0
IN1__OUT2__path_1,IN1,OUT2,path_1,90,48,98,9.05,4.05,0
IN1__OUT2__path_1,IN1,OUT2,path_1,91,48,99,9.15,4.05,0
IN1__OUT2__path_1,IN1,OUT2,path_1,92,48,100,9.25,4.05,0
IN1__OUT2__path_1,IN1,OUT2,path_1,93,48,101,9.35,4.05,0
IN1__OUT2__path_1,IN1,OUT2,path_1,94,48,102,9.45,4.05,0
IN1__OUT2__path_1,IN1,OUT2,path_1,95,48,103,9.55,4.05,0
IN1__OUT2__path_1,IN1,OUT2,path_1,96,48,104,9.65,4.05,0
IN1__OUT2__path_1,IN1,OUT2,path_1,97,48,105,9.75,4.05,0
IN1__OUT2__path_1,IN1,OUT2,path_1,98,48,106,9.85,4.05,0
IN1__OUT2__path_1,IN1,OUT2,path_1,99,48,107,9.95,4.05,0
IN1__OUT2__path_1,IN1,OUT2,path_1,100,48,108,10.05,4.05,0
IN1__OUT2__path_1,IN1,OUT2,path_1,101,48,109,10.15,4.05,0
IN1__OUT2__path_1,IN1,OUT2,path_1,102,48,110,10.25,4.05,0
IN1__OUT2__path_1,IN1,OUT2,path_1,103,48,111,10.35,4.05,0
IN1__OUT2__path_1,IN1,OUT2,path_1,104,48,112,10.45,4.05,0
IN1__OUT2__path_1,IN1,OUT2,path_1,105,48,113,10.55,4.05,0
IN1__OUT2__path_1,IN1,OUT2,path_1,106,48,114,10.65,4.05,0
IN1__OUT2__path_1,IN1,OUT2,path_1,107,48,115,10.75,4.05,0
IN1__OUT2__path_1,IN1,OUT2,path_1,108,48,116,10.85,4.05,0
IN1__OUT2__path_1,IN1,OUT2,path_1,109,48,117,10.95,4.05,0
IN1__OUT2__path_1,IN1,OUT2,path_1,110,48,118,11.05,4.05,0
IN1__OUT2__path_1,IN1,OUT2,path_1,111,48,119,11.15,4.05,0
IN1__OUT2__path_1,IN1,OUT2,path_1,112,48,120,11.25,4.05,0
IN1__OUT2__path_1,IN1,OUT2,path_1,113,48,121,11.35,4.05,0
IN1__OUT2__path_1,IN1,OUT2,path_1,114,48,122,11.45,4.05,0
IN1__OUT2__path_1,IN1,OUT2,path_1,115,48,123,11.55,4.05,0
IN1__OUT2__path_1,IN1,OUT2,path_1,116,48,124,11.65,4.05,0
IN1__OUT2__path_1,IN1,OUT2,path_1,117,48,125,11.75,4.05,0
IN1__OUT2__path_1,IN1,OUT2,path_1,118,48,126,11.85,4.05,0
IN1__OUT2__path_1,IN1,OUT2,path_1,119,48,127,11.95,4.05,0
IN1__OUT2__path_1,IN1,OUT2,path_1,120,47,128,12.05,3.95,0
IN1__CHG1__path_1,IN1,CHG1,path_1,0,18,8,0.05,1.05,0
IN1__CHG1__path_1,IN1,CHG1,path_1,1,17,9,0.15,0.95,0
IN1__CHG1__path_1,IN1,CHG1,path_1,2,16,10,0.25,0.85,0
IN1__CHG1__path_1,IN1,CHG1,path_1,3,15,11,0.35,0.75,0
IN1__CHG1__path_1,IN1,CHG1,path_1,4,14,12,0.45,0.65,0
IN1__CHG1__path_1,IN1,CHG1,path_1,5,13,13,0.55,0.55,0
IN1__CHG1__path_1,IN1,CHG1,path_1,6,12,14,0.65,0.45,0
IN1__CHG1__path_1,IN1,CHG1,path_1,7,11,15,0.75,0.35,0
IN1__CHG1__path_1,IN1,CHG1,path_1,8,10,16,0.85,0.25,0
IN1__CHG1__path_1,IN1,CHG1,path_1,9,9,17,0.95,0.15,0
IN1__CHG1__path_1,IN1,CHG1,path_1,10,8,18,1.05,0.05,0
IN1__CHG2__path_1,IN1,CHG2,path_1,0,18,8,0.05,1.05,0
IN1__CHG2__path_1,IN1,CHG2,path_1,1,18,9,0.15,1.05,0
IN1__CHG2__path_1,IN1,CHG2,path_1,2,18,10,0.25,1.05,0
IN1__CHG2__path_1,IN1,CHG2,path_1,3,18,11,0.35,1.05,0
IN1__CHG2__path_1,IN1,CHG2,path_1,4,18,12,0.45,1.05,0
IN1__CHG2__path_1,IN1,CHG2,path_1,5,18,13,0.55,1.05,0
IN1__CHG2__path_1,IN1,CHG2,path_1,6,18,14,0.65,1.05,0
IN1__CHG2__path_1,IN1,CHG2,path_1,7,18,15,0.75,1.05,0
IN1__CHG2__path_1,IN1,CHG2,path_1,8,18,16,0.85,1.05,0
IN1__CHG2__path_1,IN1,CHG2,path_1,9,18,17,0.95,1.05,0
IN1__CHG2__path_1,IN1,CHG2,path_1,10,18,18,1.05,1.05,0
IN1__CHG2__path_1,IN1,CHG2,path_1,11,18,19,1.15,1.05,0
IN1__CHG2__path_1,IN1,CHG2,path_1,12,17,20,1.25,0.95,0
IN1__CHG2__path_1,IN1,CHG2,path_1,13,16,21,1.35,0.85,0
IN1__CHG2__path_1,IN1,CHG2,path_1,14,15,22,1.45,0.75,0
IN1__CHG2__path_1,IN1,CHG2,path_1,15,14,23,1.55,0.65,0
IN1__CHG2__path_1,IN1,CHG2,path_1,16,13,24,1.65,0.55,0
IN1__CHG2__path_1,IN1,CHG2,path_1,17,12,25,1.75,0.45,0
IN1__CHG2__path_1,IN1,CHG2,path_1,18,12,26,1.85,0.45,0
IN1__CHG2__path_1,IN1,CHG2,path_1,19,12,27,1.95,0.45,0
IN1__CHG2__path_1,IN1,CHG2,path_1,20,12,28,2.05,0.45,0
IN1__CHG2__path_1,IN1,CHG2,path_1,21,12,29,2.15,0.45,0
IN1__CHG2__path_1,IN1,CHG2,path_1,22,12,30,2.25,0.45,0
IN1__CHG2__path_1,IN1,CHG2,path_1,23,12,31,2.35,0.45,0
IN1__CHG2__path_1,IN1,CHG2,path_1,24,12,32,2.45,0.45,0
IN1__CHG2__path_1,IN1,CHG2,path_1,25,12,33,2.55,0.45,0
IN1__CHG2__path_1,IN1,CHG2,path_1,26,12,34,2.65,0.45,0
IN1__CHG2__path_1,IN1,CHG2,path_1,27,12,35,2.75,0.45,0
IN1__CHG2__path_1,IN1,CHG2,path_1,28,12,36,2.85,0.45,0
IN1__CHG2__path_1,IN1,CHG2,path_1,29,11,37,2.95,0.35,0
IN1__CHG2__path_1,IN1,CHG2,path_1,30,10,38,3.05,0.25,0
IN1__CHG2__path_1,IN1,CHG2,path_1,31,10,39,3.15,0.25,0
IN1__CHG2__path_1,IN1,CHG2,path_1,32,10,40,3.25,0.25,0
IN1__CHG2__path_1,IN1,CHG2,path_1,33,10,41,3.35,0.25,0
IN1__CHG2__path_1,IN1,CHG2,path_1,34,10,42,3.45,0.25,0
IN1__CHG2__path_1,IN1,CHG2,path_1,35,10,43,3.55,0.25,0
IN1__CHG2__path_1,IN1,CHG2,path_1,36,10,44,3.65,0.25,0
IN1__CHG2__path_1,IN1,CHG2,path_1,37,10,45,3.75,0.25,0
IN1__CHG2__path_1,IN1,CHG2,path_1,38,10,46,3.85,0.25,0
IN1__CHG2__path_1,IN1,CHG2,path_1,39,10,47,3.95,0.25,0
IN1__CHG2__path_1,IN1,CHG2,path_1,40,10,48,4.05,0.25,0
IN1__CHG2__path_1,IN1,CHG2,path_1,41,10,49,4.15,0.25,0
IN1__CHG2__path_1,IN1,CHG2,path_1,42,10,50,4.25,0.25,0
IN1__CHG2__path_1,IN1,CHG2,path_1,43,10,51,4.35,0.25,0
IN1__CHG2__path_1,IN1,CHG2,path_1,44,10,52,4.45,0.25,0
IN1__CHG2__path_1,IN1,CHG2,path_1,45,10,53,4.55,0.25,0
IN1__CHG2__path_1,IN1,CHG2,path_1,46,10,54,4.65,0.25,0
IN1__CHG2__path_1,IN1,CHG2,path_1,47,10,55,4.75,0.25,0
IN1__CHG2__path_1,IN1,CHG2,path_1,48,10,56,4.85,0.25,0
IN1__CHG2__path_1,IN1,CHG2,path_1,49,10,57,4.95,0.25,0
IN1__CHG2__path_1,IN1,CHG2,path_1,50,10,58,5.05,0.25,0
IN1__CHG2__path_1,IN1,CHG2,path_1,51,10,59,5.15,0.25,0
IN1__CHG2__path_1,IN1,CHG2,path_1,52,10,60,5.25,0.25,0
IN1__CHG2__path_1,IN1,CHG2,path_1,53,10,61,5.35,0.25,0
IN1__CHG2__path_1,IN1,CHG2,path_1,54,10,62,5.45,0.25,0
IN1__CHG2__path_1,IN1,CHG2,path_1,55,10,63,5.55,0.25,0
IN1__CHG2__path_1,IN1,CHG2,path_1,56,10,64,5.65,0.25,0
IN1__CHG2__path_1,IN1,CHG2,path_1,57,10,65,5.75,0.25,0
IN1__CHG2__path_1,IN1,CHG2,path_1,58,10,66,5.85,0.25,0
IN1__CHG2__path_1,IN1,CHG2,path_1,59,10,67,5.95,0.25,0
IN1__CHG2__path_1,IN1,CHG2,path_1,60,10,68,6.05,0.25,0
IN1__CHG2__path_1,IN1,CHG2,path_1,61,10,69,6.15,0.25,0
IN1__CHG2__path_1,IN1,CHG2,path_1,62,10,70,6.25,0.25,0
IN1__CHG2__path_1,IN1,CHG2,path_1,63,10,71,6.35,0.25,0
IN1__CHG2__path_1,IN1,CHG2,path_1,64,10,72,6.45,0.25,0
IN1__CHG2__path_1,IN1,CHG2,path_1,65,10,73,6.55,0.25,0
IN1__CHG2__path_1,IN1,CHG2,path_1,66,10,74,6.65,0.25,0
IN1__CHG2__path_1,IN1,CHG2,path_1,67,10,75,6.75,0.25,0
IN1__CHG2__path_1,IN1,CHG2,path_1,68,10,76,6.85,0.25,0
IN1__CHG2__path_1,IN1,CHG2,path_1,69,10,77,6.95,0.25,0
IN1__CHG2__path_1,IN1,CHG2,path_1,70,10,78,7.05,0.25,0
IN1__CHG2__path_1,IN1,CHG2,path_1,71,10,79,7.15,0.25,0
IN1__CHG2__path_1,IN1,CHG2,path_1,72,10,80,7.25,0.25,0
IN1__CHG2__path_1,IN1,CHG2,path_1,73,10,81,7.35,0.25,0
IN1__CHG2__path_1,IN1,CHG2,path_1,74,10,82,7.45,0.25,0
IN1__CHG2__path_1,IN1,CHG2,path_1,75,10,83,7.55,0.25,0
IN1__CHG2__path_1,IN1,CHG2,path_1,76,10,84,7.65,0.25,0
IN1__CHG2__path_1,IN1,CHG2,path_1,77,10,85,7.75,0.25,0
IN1__CHG2__path_1,IN1,CHG2,path_1,78,10,86,7.85,0.25,0
IN1__CHG2__path_1,IN1,CHG2,path_1,79,10,87,7.95,0.25,0
IN1__CHG2__path_1,IN1,CHG2,path_1,80,10,88,8.05,0.25,0
IN1__CHG2__path_1,IN1,CHG2,path_1,81,10,89,8.15,0.25,0
IN1__CHG2__path_1,IN1,CHG2,path_1,82,10,90,8.25,0.25,0
IN1__CHG2__path_1,IN1,CHG2,path_1,83,10,91,8.35,0.25,0
IN1__CHG2__path_1,IN1,CHG2,path_1,84,10,92,8.45,0.25,0
IN1__CHG2__path_1,IN1,CHG2,path_1,85,10,93,8.55,0.25,0
IN1__CHG2__path_1,IN1,CHG2,path_1,86,10,94,8.65,0.25,0
IN1__CHG2__path_1,IN1,CHG2,path_1,87,9,95,8.75,0.15,0
IN1__CHG2__path_1,IN1,CHG2,path_1,88,9,96,8.85,0.15,0
IN1__CHG2__path_1,IN1,CHG2,path_1,89,9,97,8.95,0.15,0
IN1__CHG2__path_1,IN1,CHG2,path_1,90,8,98,9.05,0.05,0
IN2__IN1__path_1,IN2,IN1,path_1,0,57,8,0.05,4.95,0
IN2__IN1__path_1,IN2,IN1,path_1,1,56,8,0.05,4.85,0
IN2__IN1__path_1,IN2,IN1,path_1,2,55,8,0.05,4.75,0
IN2__IN1__path_1,IN2,IN1,path_1,3,54,8,0.05,4.65,0
IN2__IN1__path_1,IN2,IN1,path_1,4,53,8,0.05,4.55,0
IN2__IN1__path_1,IN2,IN1,path_1,5,52,8,0.05,4.45,0
IN2__IN1__path_1,IN2,IN1,path_1,6,51,8,0.05,4.35,0
IN2__IN1__path_1,IN2,IN1,path_1,7,50,8,0.05,4.25,0
IN2__IN1__path_1,IN2,IN1,path_1,8,49,8,0.05,4.15,0
IN2__IN1__path_1,IN2,IN1,path_1,9,48,8,0.05,4.05,0
IN2__IN1__path_1,IN2,IN1,path_1,10,47,8,0.05,3.95,0
IN2__IN1__path_1,IN2,IN1,path_1,11,46,8,0.05,3.85,0
IN2__IN1__path_1,IN2,IN1,path_1,12,45,8,0.05,3.75,0
IN2__IN1__path_1,IN2,IN1,path_1,13,44,8,0.05,3.65,0
IN2__IN1__path_1,IN2,IN1,path_1,14,43,8,0.05,3.55,0
IN2__IN1__path_1,IN2,IN1,path_1,15,42,8,0.05,3.45,0
IN2__IN1__path_1,IN2,IN1,path_1,16,41,8,0.05,3.35,0
IN2__IN1__path_1,IN2,IN1,path_1,17,40,8,0.05,3.25,0
IN2__IN1__path_1,IN2,IN1,path_1,18,39,8,0.05,3.15,0
IN2__IN1__path_1,IN2,IN1,path_1,19,38,8,0.05,3.05,0
IN2__IN1__path_1,IN2,IN1,path_1,20,37,8,0.05,2.95,0
IN2__IN1__path_1,IN2,IN1,path_1,21,36,8,0.05,2.85,0
IN2__IN1__path_1,IN2,IN1,path_1,22,35,8,0.05,2.75,0
IN2__IN1__path_1,IN2,IN1,path_1,23,34,8,0.05,2.65,0
IN2__IN1__path_1,IN2,IN1,path_1,24,33,8,0.05,2.55,0
IN2__IN1__path_1,IN2,IN1,path_1,25,32,8,0.05,2.45,0
IN2__IN1__path_1,IN2,IN1,path_1,26,31,8,0.05,2.35,0
IN2__IN1__path_1,IN2,IN1,path_1,27,30,8,0.05,2.25,0
IN2__IN1__path_1,IN2,IN1,path_1,28,29,8,0.05,2.15,0
IN2__IN1__path_1,IN2,IN1,path_1,29,28,8,0.05,2.05,0
IN2__IN1__path_1,IN2,IN1,path_1,30,27,8,0.05,1.95,0
IN2__IN1__path_1,IN2,IN1,path_1,31,26,8,0.05,1.85,0
IN2__IN1__path_1,IN2,IN1,path_1,32,25,8,0.05,1.75,0
IN2__IN1__path_1,IN2,IN1,path_1,33,24,8,0.05,1.65,0
IN2__IN1__path_1,IN2,IN1,path_1,34,23,8,0.05,1.55,0
IN2__IN1__path_1,IN2,IN1,path_1,35,22,8,0.05,1.45,0
IN2__IN1__path_1,IN2,IN1,path_1,36,21,8,0.05,1.35,0
IN2__IN1__path_1,IN2,IN1,path_1,37,20,8,0.05,1.25,0
IN2__IN1__path_1,IN2,IN1,path_1,38,19,8,0.05,1.15,0
IN2__IN1__path_1,IN2,IN1,path_1,39,18,8,0.05,1.05,0
IN2__P1__path_1,IN2,P1,path_1,0,57,8,0.05,4.95,0
IN2__P1__path_1,IN2,P1,path_1,1,56,9,0.15,4.85,0
IN2__P1__path_1,IN2,P1,path_1,2,55,10,0.25,4.75,0
IN2__P1__path_1,IN2,P1,path_1,3,54,11,0.35,4.65,0
IN2__P1__path_1,IN2,P1,path_1,4,53,12,0.45,4.55,0
IN2__P1__path_1,IN2,P1,path_1,5,52,13,0.55,4.45,0
IN2__P1__path_1,IN2,P1,path_1,6,51,14,0.65,4.35,0
IN2__P1__path_1,IN2,P1,path_1,7,50,15,0.75,4.25,0
IN2__P1__path_1,IN2,P1,path_1,8,49,16,0.85,4.15,0
IN2__P1__path_1,IN2,P1,path_1,9,48,17,0.95,4.05,0
IN2__P1__path_1,IN2,P1,path_1,10,47,18,1.05,3.95,0
IN2__P1__path_1,IN2,P1,path_1,11,46,19,1.15,3.85,0
IN2__P1__path_1,IN2,P1,path_1,12,45,20,1.25,3.75,0
IN2__P1__path_1,IN2,P1,path_1,13,44,21,1.35,3.65,0
IN2__P1__path_1,IN2,P1,path_1,14,43,22,1.45,3.55,0
IN2__P1__path_1,IN2,P1,path_1,15,42,23,1.55,3.45,0
IN2__P1__path_1,IN2,P1,path_1,16,41,24,1.65,3.35,0
IN2__P1__path_1,IN2,P1,path_1,17,40,25,1.75,3.25,0
IN2__P1__path_1,IN2,P1,path_1,18,39,26,1.85,3.15,0
IN2__P1__path_1,IN2,P1,path_1,19,38,27,1.95,3.05,0
IN2__P1__path_1,IN2,P1,path_1,20,37,28,2.05,2.95,0
IN2__P1__path_1,IN2,P1,path_1,21,36,28,2.05,2.85,0
IN2__P1__path_1,IN2,P1,path_1,22,35,29,2.15,2.75,0
IN2__P1__path_1,IN2,P1,path_1,23,34,29,2.15,2.65,0
IN2__P1__path_1,IN2,P1,path_1,24,33,30,2.25,2.55,0
IN2__P1__path_1,IN2,P1,path_1,25,32,31,2.35,2.45,0
IN2__P1__path_1,IN2,P1,path_1,26,31,32,2.45,2.35,0
IN2__P1__path_1,IN2,P1,path_1,27,30,33,2.55,2.25,0
IN2__P1__path_1,IN2,P1,path_1,28,29,34,2.65,2.15,0
IN2__P1__path_1,IN2,P1,path_1,29,28,35,2.75,2.05,0
IN2__P1__path_1,IN2,P1,path_1,30,27,35,2.75,1.95,0
IN2__P1__path_1,IN2,P1,path_1,31,26,35,2.75,1.85,0
IN2__P1__path_1,IN2,P1,path_1,32,25,35,2.75,1.75,0
IN2__P1__path_1,IN2,P1,path_1,33,24,35,2.75,1.65,0
IN2__P1__path_1,IN2,P1,path_1,34,23,35,2.75,1.55,0
IN2__P1__path_1,IN2,P1,path_1,35,22,35,2.75,1.45,0
IN2__P1__path_1,IN2,P1,path_1,36,21,35,2.75,1.35,0
IN2__P1__path_1,IN2,P1,path_1,37,20,36,2.85,1.25,0
IN2__P1__path_1,IN2,P1,path_1,38,19,36,2.85,1.15,0
IN2__P1__path_1,IN2,P1,path_1,39,18,36,2.85,1.05,0
IN2__P1__path_1,IN2,P1,path_1,40,17,37,2.95,0.95,0
IN2__P2__path_1,IN2,P2,path_1,0,57,8,0.05,4.95,0
IN2__P2__path_1,IN2,P2,path_1,1,56,9,0.15,4.85,0
IN2__P2__path_1,IN2,P2,path_1,2,55,10,0.25,4.75,0
IN2__P2__path_1,IN2,P2,path_1,3,54,11,0.35,4.65,0
IN2__P2__path_1,IN2,P2,path_1,4,53,12,0.45,4.55,0
IN2__P2__path_1,IN2,P2,path_1,5,53,13,0.55,4.55,0
IN2__P2__path_1,IN2,P2,path_1,6,53,14,0.65,4.55,0
IN2__P2__path_1,IN2,P2,path_1,7,53,15,0.75,4.55,0
IN2__P2__path_1,IN2,P2,path_1,8,52,16,0.85,4.45,0
IN2__P2__path_1,IN2,P2,path_1,9,51,17,0.95,4.35,0
IN2__P2__path_1,IN2,P2,path_1,10,50,18,1.05,4.25,0
IN2__P2__path_1,IN2,P2,path_1,11,49,19,1.15,4.15,0
IN2__P2__path_1,IN2,P2,path_1,12,48,20,1.25,4.05,0
IN2__P2__path_1,IN2,P2,path_1,13,47,21,1.35,3.95,0
IN2__P2__path_1,IN2,P2,path_1,14,46,22,1.45,3.85,0
IN2__P2__path_1,IN2,P2,path_1,15,45,23,1.55,3.75,0
IN2__P2__path_1,IN2,P2,path_1,16,44,24,1.65,3.65,0
IN2__P2__path_1,IN2,P2,path_1,17,44,25,1.75,3.65,0
IN2__P2__path_1,IN2,P2,path_1,18,43,26,1.85,3.55,0
IN2__P2__path_1,IN2,P2,path_1,19,43,27,1.95,3.55,0
IN2__P2__path_1,IN2,P2,path_1,20,42,28,2.05,3.45,0
IN2__P2__path_1,IN2,P2,path_1,21,42,29,2.15,3.45,0
IN2__P2__path_1,IN2,P2,path_1,22,41,30,2.25,3.35,0
IN2__P2__path_1,IN2,P2,path_1,23,41,31,2.35,3.35,0
IN2__P2__path_1,IN2,P2,path_1,24,41,32,2.45,3.35,0
IN2__P2__path_1,IN2,P2,path_1,25,40,33,2.55,3.25,0
IN2__P2__path_1,IN2,P2,path_1,26,40,34,2.65,3.25,0
IN2__P2__path_1,IN2,P2,path_1,27,39,35,2.75,3.15,0
IN2__P2__path_1,IN2,P2,path_1,28,39,36,2.85,3.15,0
IN2__P2__path_1,IN2,P2,path_1,29,39,37,2.95,3.15,0
IN2__P2__path_1,IN2,P2,path_1,30,39,38,3.05,3.15,0
IN2__P2__path_1,IN2,P2,path_1,31,39,39,3.15,3.15,0
IN2__P2__path_1,IN2,P2,path_1,32,39,40,3.25,3.15,0
IN2__P2__path_1,IN2,P2,path_1,33,39,41,3.35,3.15,0
IN2__P2__path_1,IN2,P2,path_1,34,39,42,3.45,3.15,0
IN2__P2__path_1,IN2,P2,path_1,35,39,43,3.55,3.15,0
IN2__P2__path_1,IN2,P2,path_1,36,39,44,3.65,3.15,0
IN2__P2__path_1,IN2,P2,path_1,37,39,45,3.75,3.15,0
IN2__P2__path_1,IN2,P2,path_1,38,39,46,3.85,3.15,0
IN2__P2__path_1,IN2,P2,path_1,39,39,47,3.95,3.15,0
IN2__P2__path_1,IN2,P2,path_1,40,39,48,4.05,3.15,0
IN2__P2__path_1,IN2,P2,path_1,41,39,49,4.15,3.15,0
IN2__P2__path_1,IN2,P2,path_1,42,39,50,4.25,3.15,0
IN2__P2__path_1,IN2,P2,path_1,43,39,51,4.35,3.15,0
IN2__P2__path_1,IN2,P2,path_1,44,39,52,4.45,3.15,0
IN2__P2__path_1,IN2,P2,path_1,45,39,53,4.55,3.15,0
IN2__P2__path_1,IN2,P2,path_1,46,38,53,4.55,3.05,0
IN2__P2__path_1,IN2,P2,path_1,47,37,53,4.55,2.95,0
IN2__P2__path_1,IN2,P2,path_1,48,36,53,4.55,2.85,0
IN2__P2__path_1,IN2,P2,path_1,49,35,53,4.55,2.75,0
IN2__P2__path_1,IN2,P2,path_1,50,34,53,4.55,2.65,0
IN2__P2__path_1,IN2,P2,path_1,51,33,53,4.55,2.55,0
IN2__P2__path_1,IN2,P2,path_1,52,32,53,4.55,2.45,0
IN2__P2__path_1,IN2,P2,path_1,53,31,53,4.55,2.35,0
IN2__P3__path_1,IN2,P3,path_1,0,57,8,0.05,4.95,0
IN2__P3__path_1,IN2,P3,path_1,1,57,9,0.15,4.95,0
IN2__P3__path_1,IN2,P3,path_1,2,57,10,0.25,4.95,0
IN2__P3__path_1,IN2,P3,path_1,3,57,11,0.35,4.95,0
IN2__P3__path_1,IN2,P3,path_1,4,57,12,0.45,4.95,0
IN2__P3__path_1,IN2,P3,path_1,5,57,13,0.55,4.95,0
IN2__P3__path_1,IN2,P3,path_1,6,57,14,0.65,4.95,0
IN2__P3__path_1,IN2,P3,path_1,7,57,15,0.75,4.95,0
IN2__P3__path_1,IN2,P3,path_1,8,57,16,0.85,4.95,0
IN2__P3__path_1,IN2,P3,path_1,9,57,17,0.95,4.95,0
IN2__P3__path_1,IN2,P3,path_1,10,57,18,1.05,4.95,0
IN2__P3__path_1,IN2,P3,path_1,11,57,19,1.15,4.95,0
IN2__P3__path_1,IN2,P3,path_1,12,57,20,1.25,4.95,0
IN2__P3__path_1,IN2,P3,path_1,13,57,21,1.35,4.95,0
IN2__P3__path_1,IN2,P3,path_1,14,57,22,1.45,4.95,0
IN2__P3__path_1,IN2,P3,path_1,15,57,23,1.55,4.95,0
IN2__P3__path_1,IN2,P3,path_1,16,57,24,1.65,4.95,0
IN2__P3__path_1,IN2,P3,path_1,17,57,25,1.75,4.95,0
IN2__P3__path_1,IN2,P3,path_1,18,58,26,1.85,5.05,0
IN2__P3__path_1,IN2,P3,path_1,19,59,27,1.95,5.15,0
IN2__P3__path_1,IN2,P3,path_1,20,59,28,2.05,5.15,0
IN2__P3__path_1,IN2,P3,path_1,21,59,29,2.15,5.15,0
IN2__P3__path_1,IN2,P3,path_1,22,59,30,2.25,5.15,0
IN2__P3__path_1,IN2,P3,path_1,23,59,31,2.35,5.15,0
IN2__P3__path_1,IN2,P3,path_1,24,59,32,2.45,5.15,0
IN2__P3__path_1,IN2,P3,path_1,25,59,33,2.55,5.15,0
IN2__P3__path_1,IN2,P3,path_1,26,59,34,2.65,5.15,0
IN2__P3__path_1,IN2,P3,path_1,27,59,35,2.75,5.15,0
IN2__P3__path_1,IN2,P3,path_1,28,59,36,2.85,5.15,0
IN2__P3__path_1,IN2,P3,path_1,29,59,37,2.95,5.15,0
IN2__P3__path_1,IN2,P3,path_1,30,59,38,3.05,5.15,0
IN2__P3__path_1,IN2,P3,path_1,31,59,39,3.15,5.15,0
IN2__P3__path_1,IN2,P3,path_1,32,59,40,3.25,5.15,0
IN2__P3__path_1,IN2,P3,path_1,33,59,41,3.35,5.15,0
IN2__P3__path_1,IN2,P3,path_1,34,59,42,3.45,5.15,0
IN2__P3__path_1,IN2,P3,path_1,35,60,43,3.55,5.25,0
IN2__P4__path_1,IN2,P4,path_1,0,57,8,0.05,4.95,0
IN2__P4__path_1,IN2,P4,path_1,1,56,9,0.15,4.85,0
IN2__P4__path_1,IN2,P4,path_1,2,55,10,0.25,4.75,0
IN2__P4__path_1,IN2,P4,path_1,3,54,11,0.35,4.65,0
IN2__P4__path_1,IN2,P4,path_1,4,53,12,0.45,4.55,0
IN2__P4__path_1,IN2,P4,path_1,5,52,13,0.55,4.45,0
IN2__P4__path_1,IN2,P4,path_1,6,51,14,0.65,4.35,0
IN2__P4__path_1,IN2,P4,path_1,7,50,15,0.75,4.25,0
IN2__P4__path_1,IN2,P4,path_1,8,49,16,0.85,4.15,0
IN2__P4__path_1,IN2,P4,path_1,9,48,17,0.95,4.05,0
IN2__P4__path_1,IN2,P4,path_1,10,47,18,1.05,3.95,0
IN2__P4__path_1,IN2,P4,path_1,11,46,19,1.15,3.85,0
IN2__P4__path_1,IN2,P4,path_1,12,45,20,1.25,3.75,0
IN2__P4__path_1,IN2,P4,path_1,13,44,21,1.35,3.65,0
IN2__P4__path_1,IN2,P4,path_1,14,43,22,1.45,3.55,0
IN2__P4__path_1,IN2,P4,path_1,15,42,23,1.55,3.45,0
IN2__P4__path_1,IN2,P4,path_1,16,41,24,1.65,3.35,0
IN2__P4__path_1,IN2,P4,path_1,17,40,25,1.75,3.25,0
IN2__P4__path_1,IN2,P4,path_1,18,39,26,1.85,3.15,0
IN2__P4__path_1,IN2,P4,path_1,19,39,27,1.95,3.15,0
IN2__P4__path_1,IN2,P4,path_1,20,39,28,2.05,3.15,0
IN2__P4__path_1,IN2,P4,path_1,21,39,29,2.15,3.15,0
IN2__P4__path_1,IN2,P4,path_1,22,39,30,2.25,3.15,0
IN2__P4__path_1,IN2,P4,path_1,23,39,31,2.35,3.15,0
IN2__P4__path_1,IN2,P4,path_1,24,39,32,2.45,3.15,0
IN2__P4__path_1,IN2,P4,path_1,25,39,33,2.55,3.15,0
IN2__P4__path_1,IN2,P4,path_1,26,39,34,2.65,3.15,0
IN2__P4__path_1,IN2,P4,path_1,27,39,35,2.75,3.15,0
IN2__P4__path_1,IN2,P4,path_1,28,39,36,2.85,3.15,0
IN2__P4__path_1,IN2,P4,path_1,29,39,37,2.95,3.15,0
IN2__P4__path_1,IN2,P4,path_1,30,39,38,3.05,3.15,0
IN2__P4__path_1,IN2,P4,path_1,31,39,39,3.15,3.15,0
IN2__P4__path_1,IN2,P4,path_1,32,39,40,3.25,3.15,0
IN2__P4__path_1,IN2,P4,path_1,33,39,41,3.35,3.15,0
IN2__P4__path_1,IN2,P4,path_1,34,39,42,3.45,3.15,0
IN2__P4__path_1,IN2,P4,path_1,35,39,43,3.55,3.15,0
IN2__P4__path_1,IN2,P4,path_1,36,39,44,3.65,3.15,0
IN2__P4__path_1,IN2,P4,path_1,37,39,45,3.75,3.15,0
IN2__P4__path_1,IN2,P4,path_1,38,39,46,3.85,3.15,0
IN2__P4__path_1,IN2,P4,path_1,39,39,47,3.95,3.15,0
IN2__P4__path_1,IN2,P4,path_1,40,39,48,4.05,3.15,0
IN2__P4__path_1,IN2,P4,path_1,41,39,49,4.15,3.15,0
IN2__P4__path_1,IN2,P4,path_1,42,39,50,4.25,3.15,0
IN2__P4__path_1,IN2,P4,path_1,43,39,51,4.35,3.15,0
IN2__P4__path_1,IN2,P4,path_1,44,39,52,4.45,3.15,0
IN2__P4__path_1,IN2,P4,path_1,45,39,53,4.55,3.15,0
IN2__P4__path_1,IN2,P4,path_1,46,38,53,4.55,3.05,0
IN2__P4__path_1,IN2,P4,path_1,47,37,53,4.55,2.95,0
IN2__P4__path_1,IN2,P4,path_1,48,36,53,4.55,2.85,0
IN2__P4__path_1,IN2,P4,path_1,49,35,53,4.55,2.75,0
IN2__P4__path_1,IN2,P4,path_1,50,34,53,4.55,2.65,0
IN2__P4__path_1,IN2,P4,path_1,51,33,53,4.55,2.55,0
IN2__P4__path_1,IN2,P4,path_1,52,32,53,4.55,2.45,0
IN2__P4__path_1,IN2,P4,path_1,53,31,53,4.55,2.35,0
IN2__P4__path_1,IN2,P4,path_1,54,30,53,4.55,2.25,0
IN2__P4__path_1,IN2,P4,path_1,55,29,53,4.55,2.15,0
IN2__P4__path_1,IN2,P4,path_1,56,28,54,4.65,2.05,0
IN2__P4__path_1,IN2,P4,path_1,57,27,54,4.65,1.95,0
IN2__P4__path_1,IN2,P4,path_1,58,26,55,4.75,1.85,0
IN2__P4__path_1,IN2,P4,path_1,59,25,55,4.75,1.75,0
IN2__P4__path_1,IN2,P4,path_1,60,24,56,4.85,1.65,0
IN2__P4__path_1,IN2,P4,path_1,61,23,56,4.85,1.55,0
IN2__P4__path_1,IN2,P4,path_1,62,22,56,4.85,1.45,0
IN2__P4__path_1,IN2,P4,path_1,63,21,57,4.95,1.35,0
IN2__P5__path_1,IN2,P5,path_1,0,57,8,0.05,4.95,0
IN2__P5__path_1,IN2,P5,path_1,1,57,9,0.15,4.95,0
IN2__P5__path_1,IN2,P5,path_1,2,57,10,0.25,4.95,0
IN2__P5__path_1,IN2,P5,path_1,3,57,11,0.35,4.95,0
IN2__P5__path_1,IN2,P5,path_1,4,57,12,0.45,4.95,0
IN2__P5__path_1,IN2,P5,path_1,5,57,13,0.55,4.95,0
IN2__P5__path_1,IN2,P5,path_1,6,57,14,0.65,4.95,0
IN2__P5__path_1,IN2,P5,path_1,7,57,15,0.75,4.95,0
IN2__P5__path_1,IN2,P5,path_1,8,57,16,0.85,4.95,0
IN2__P5__path_1,IN2,P5,path_1,9,57,17,0.95,4.95,0
IN2__P5__path_1,IN2,P5,path_1,10,57,18,1.05,4.95,0
IN2__P5__path_1,IN2,P5,path_1,11,57,19,1.15,4.95,0
IN2__P5__path_1,IN2,P5,path_1,12,56,20,1.25,4.85,0
IN2__P5__path_1,IN2,P5,path_1,13,55,21,1.35,4.75,0
IN2__P5__path_1,IN2,P5,path_1,14,54,22,1.45,4.65,0
IN2__P5__path_1,IN2,P5,path_1,15,53,23,1.55,4.55,0
IN2__P5__path_1,IN2,P5,path_1,16,52,24,1.65,4.45,0
IN2__P5__path_1,IN2,P5,path_1,17,51,25,1.75,4.35,0
IN2__P5__path_1,IN2,P5,path_1,18,51,26,1.85,4.35,0
IN2__P5__path_1,IN2,P5,path_1,19,51,27,1.95,4.35,0
IN2__P5__path_1,IN2,P5,path_1,20,51,28,2.05,4.35,0
IN2__P5__path_1,IN2,P5,path_1,21,51,29,2.15,4.35,0
IN2__P5__path_1,IN2,P5,path_1,22,51,30,2.25,4.35,0
IN2__P5__path_1,IN2,P5,path_1,23,51,31,2.35,4.35,0
IN2__P5__path_1,IN2,P5,path_1,24,51,32,2.45,4.35,0
IN2__P5__path_1,IN2,P5,path_1,25,51,33,2.55,4.35,0
IN2__P5__path_1,IN2,P5,path_1,26,51,34,2.65,4.35,0
IN2__P5__path_1,IN2,P5,path_1,27,51,35,2.75,4.35,0
IN2__P5__path_1,IN2,P5,path_1,28,51,36,2.85,4.35,0
IN2__P5__path_1,IN2,P5,path_1,29,51,37,2.95,4.35,0
IN2__P5__path_1,IN2,P5,path_1,30,51,38,3.05,4.35,0
IN2__P5__path_1,IN2,P5,path_1,31,51,39,3.15,4.35,0
IN2__P5__path_1,IN2,P5,path_1,32,51,40,3.25,4.35,0
IN2__P5__path_1,IN2,P5,path_1,33,51,41,3.35,4.35,0
IN2__P5__path_1,IN2,P5,path_1,34,50,42,3.45,4.25,0
IN2__P5__path_1,IN2,P5,path_1,35,49,43,3.55,4.15,0
IN2__P5__path_1,IN2,P5,path_1,36,49,44,3.65,4.15,0
IN2__P5__path_1,IN2,P5,path_1,37,49,45,3.75,4.15,0
IN2__P5__path_1,IN2,P5,path_1,38,49,46,3.85,4.15,0
IN2__P5__path_1,IN2,P5,path_1,39,49,47,3.95,4.15,0
IN2__P5__path_1,IN2,P5,path_1,40,49,48,4.05,4.15,0
IN2__P5__path_1,IN2,P5,path_1,41,49,49,4.15,4.15,0
IN2__P5__path_1,IN2,P5,path_1,42,49,50,4.25,4.15,0
IN2__P5__path_1,IN2,P5,path_1,43,49,51,4.35,4.15,0
IN2__P5__path_1,IN2,P5,path_1,44,49,52,4.45,4.15,0
IN2__P5__path_1,IN2,P5,path_1,45,49,53,4.55,4.15,0
IN2__P5__path_1,IN2,P5,path_1,46,49,54,4.65,4.15,0
IN2__P5__path_1,IN2,P5,path_1,47,49,55,4.75,4.15,0
IN2__P5__path_1,IN2,P5,path_1,48,49,56,4.85,4.15,0
IN2__P5__path_1,IN2,P5,path_1,49,49,57,4.95,4.15,0
IN2__P5__path_1,IN2,P5,path_1,50,49,58,5.05,4.15,0
IN2__P5__path_1,IN2,P5,path_1,51,49,59,5.15,4.15,0
IN2__P5__path_1,IN2,P5,path_1,52,49,60,5.25,4.15,0
IN2__P5__path_1,IN2,P5,path_1,53,49,61,5.35,4.15,0
IN2__P5__path_1,IN2,P5,path_1,54,49,62,5.45,4.15,0
IN2__P5__path_1,IN2,P5,path_1,55,49,63,5.55,4.15,0
IN2__P5__path_1,IN2,P5,path_1,56,48,64,5.65,4.05,0
IN2__P6__path_1,IN2,P6,path_1,0,57,8,0.05,4.95,0
IN2__P6__path_1,IN2,P6,path_1,1,57,9,0.15,4.95,0
IN2__P6__path_1,IN2,P6,path_1,2,57,10,0.25,4.95,0
IN2__P6__path_1,IN2,P6,path_1,3,57,11,0.35,4.95,0
IN2__P6__path_1,IN2,P6,path_1,4,57,12,0.45,4.95,0
IN2__P6__path_1,IN2,P6,path_1,5,57,13,0.55,4.95,0
IN2__P6__path_1,IN2,P6,path_1,6,57,14,0.65,4.95,0
IN2__P6__path_1,IN2,P6,path_1,7,57,15,0.75,4.95,0
IN2__P6__path_1,IN2,P6,path_1,8,57,16,0.85,4.95,0
IN2__P6__path_1,IN2,P6,path_1,9,57,17,0.95,4.95,0
IN2__P6__path_1,IN2,P6,path_1,10,57,18,1.05,4.95,0
IN2__P6__path_1,IN2,P6,path_1,11,57,19,1.15,4.95,0
IN2__P6__path_1,IN2,P6,path_1,12,56,20,1.25,4.85,0
IN2__P6__path_1,IN2,P6,path_1,13,55,21,1.35,4.75,0
IN2__P6__path_1,IN2,P6,path_1,14,54,22,1.45,4.65,0
IN2__P6__path_1,IN2,P6,path_1,15,53,23,1.55,4.55,0
IN2__P6__path_1,IN2,P6,path_1,16,52,24,1.65,4.45,0
IN2__P6__path_1,IN2,P6,path_1,17,51,25,1.75,4.35,0
IN2__P6__path_1,IN2,P6,path_1,18,51,26,1.85,4.35,0
IN2__P6__path_1,IN2,P6,path_1,19,51,27,1.95,4.35,0
IN2__P6__path_1,IN2,P6,path_1,20,51,28,2.05,4.35,0
IN2__P6__path_1,IN2,P6,path_1,21,51,29,2.15,4.35,0
IN2__P6__path_1,IN2,P6,path_1,22,51,30,2.25,4.35,0
IN2__P6__path_1,IN2,P6,path_1,23,51,31,2.35,4.35,0
IN2__P6__path_1,IN2,P6,path_1,24,51,32,2.45,4.35,0
IN2__P6__path_1,IN2,P6,path_1,25,51,33,2.55,4.35,0
IN2__P6__path_1,IN2,P6,path_1,26,51,34,2.65,4.35,0
IN2__P6__path_1,IN2,P6,path_1,27,51,35,2.75,4.35,0
IN2__P6__path_1,IN2,P6,path_1,28,51,36,2.85,4.35,0
IN2__P6__path_1,IN2,P6,path_1,29,51,37,2.95,4.35,0
IN2__P6__path_1,IN2,P6,path_1,30,51,38,3.05,4.35,0
IN2__P6__path_1,IN2,P6,path_1,31,51,39,3.15,4.35,0
IN2__P6__path_1,IN2,P6,path_1,32,51,40,3.25,4.35,0
IN2__P6__path_1,IN2,P6,path_1,33,51,41,3.35,4.35,0
IN2__P6__path_1,IN2,P6,path_1,34,50,42,3.45,4.25,0
IN2__P6__path_1,IN2,P6,path_1,35,49,43,3.55,4.15,0
IN2__P6__path_1,IN2,P6,path_1,36,49,44,3.65,4.15,0
IN2__P6__path_1,IN2,P6,path_1,37,49,45,3.75,4.15,0
IN2__P6__path_1,IN2,P6,path_1,38,49,46,3.85,4.15,0
IN2__P6__path_1,IN2,P6,path_1,39,49,47,3.95,4.15,0
IN2__P6__path_1,IN2,P6,path_1,40,49,48,4.05,4.15,0
IN2__P6__path_1,IN2,P6,path_1,41,49,49,4.15,4.15,0
IN2__P6__path_1,IN2,P6,path_1,42,49,50,4.25,4.15,0
IN2__P6__path_1,IN2,P6,path_1,43,49,51,4.35,4.15,0
IN2__P6__path_1,IN2,P6,path_1,44,49,52,4.45,4.15,0
IN2__P6__path_1,IN2,P6,path_1,45,49,53,4.55,4.15,0
IN2__P6__path_1,IN2,P6,path_1,46,49,54,4.65,4.15,0
IN2__P6__path_1,IN2,P6,path_1,47,49,55,4.75,4.15,0
IN2__P6__path_1,IN2,P6,path_1,48,49,56,4.85,4.15,0
IN2__P6__path_1,IN2,P6,path_1,49,49,57,4.95,4.15,0
IN2__P6__path_1,IN2,P6,path_1,50,49,58,5.05,4.15,0
IN2__P6__path_1,IN2,P6,path_1,51,49,59,5.15,4.15,0
IN2__P6__path_1,IN2,P6,path_1,52,49,60,5.25,4.15,0
IN2__P6__path_1,IN2,P6,path_1,53,49,61,5.35,4.15,0
IN2__P6__path_1,IN2,P6,path_1,54,49,62,5.45,4.15,0
IN2__P6__path_1,IN2,P6,path_1,55,49,63,5.55,4.15,0
IN2__P6__path_1,IN2,P6,path_1,56,50,64,5.65,4.25,0
IN2__P6__path_1,IN2,P6,path_1,57,51,65,5.75,4.35,0
IN2__P6__path_1,IN2,P6,path_1,58,52,66,5.85,4.45,0
IN2__P6__path_1,IN2,P6,path_1,59,53,67,5.95,4.55,0
IN2__P6__path_1,IN2,P6,path_1,60,54,68,6.05,4.65,0
IN2__P6__path_1,IN2,P6,path_1,61,55,68,6.05,4.75,0
IN2__P6__path_1,IN2,P6,path_1,62,56,68,6.05,4.85,0
IN2__P6__path_1,IN2,P6,path_1,63,57,68,6.05,4.95,0
IN2__P6__path_1,IN2,P6,path_1,64,58,68,6.05,5.05,0
IN2__P6__path_1,IN2,P6,path_1,65,59,68,6.05,5.15,0
IN2__P6__path_1,IN2,P6,path_1,66,60,68,6.05,5.25,0
IN2__P6__path_1,IN2,P6,path_1,67,61,68,6.05,5.35,0
IN2__P6__path_1,IN2,P6,path_1,68,62,68,6.05,5.45,0
IN2__P6__path_1,IN2,P6,path_1,69,63,68,6.05,5.55,0
IN2__P6__path_1,IN2,P6,path_1,70,64,68,6.05,5.65,0
IN2__P6__path_1,IN2,P6,path_1,71,65,68,6.05,5.75,0
IN2__P6__path_1,IN2,P6,path_1,72,65,69,6.15,5.75,0
IN2__P6__path_1,IN2,P6,path_1,73,65,70,6.25,5.75,0
IN2__P6__path_1,IN2,P6,path_1,74,65,71,6.35,5.75,0
IN2__P6__path_1,IN2,P6,path_1,75,65,72,6.45,5.75,0
IN2__P6__path_1,IN2,P6,path_1,76,65,73,6.55,5.75,0
IN2__P6__path_1,IN2,P6,path_1,77,65,74,6.65,5.75,0
IN2__P6__path_1,IN2,P6,path_1,78,65,75,6.75,5.75,0
IN2__P6__path_1,IN2,P6,path_1,79,65,76,6.85,5.75,0
IN2__P6__path_1,IN2,P6,path_1,80,65,77,6.95,5.75,0
IN2__P6__path_1,IN2,P6,path_1,81,65,78,7.05,5.75,0
IN2__P6__path_1,IN2,P6,path_1,82,65,79,7.15,5.75,0
IN2__P6__path_1,IN2,P6,path_1,83,65,80,7.25,5.75,0
IN2__P6__path_1,IN2,P6,path_1,84,65,81,7.35,5.75,0
IN2__P6__path_1,IN2,P6,path_1,85,65,82,7.45,5.75,0
IN2__P6__path_1,IN2,P6,path_1,86,65,83,7.55,5.75,0
IN2__P6__path_1,IN2,P6,path_1,87,65,84,7.65,5.75,0
IN2__P6__path_1,IN2,P6,path_1,88,65,85,7.75,5.75,0
IN2__P6__path_1,IN2,P6,path_1,89,65,86,7.85,5.75,0
IN2__P6__path_1,IN2,P6,path_1,90,65,87,7.95,5.75,0
IN2__P7__path_1,IN2,P7,path_1,0,57,8,0.05,4.95,0
IN2__P7__path_1,IN2,P7,path_1,1,56,9,0.15,4.85,0
IN2__P7__path_1,IN2,P7,path_1,2,55,10,0.25,4.75,0
IN2__P7__path_1,IN2,P7,path_1,3,54,11,0.35,4.65,0
IN2__P7__path_1,IN2,P7,path_1,4,54,12,0.45,4.65,0
IN2__P7__path_1,IN2,P7,path_1,5,54,13,0.55,4.65,0
IN2__P7__path_1,IN2,P7,path_1,6,54,14,0.65,4.65,0
IN2__P7__path_1,IN2,P7,path_1,7,54,15,0.75,4.65,0
IN2__P7__path_1,IN2,P7,path_1,8,54,16,0.85,4.65,0
IN2__P7__path_1,IN2,P7,path_1,9,54,17,0.95,4.65,0
IN2__P7__path_1,IN2,P7,path_1,10,53,18,1.05,4.55,0
IN2__P7__path_1,IN2,P7,path_1,11,52,19,1.15,4.45,0
IN2__P7__path_1,IN2,P7,path_1,12,51,20,1.25,4.35,0
IN2__P7__path_1,IN2,P7,path_1,13,50,21,1.35,4.25,0
IN2__P7__path_1,IN2,P7,path_1,14,49,22,1.45,4.15,0
IN2__P7__path_1,IN2,P7,path_1,15,48,23,1.55,4.05,0
IN2__P7__path_1,IN2,P7,path_1,16,48,24,1.65,4.05,0
IN2__P7__path_1,IN2,P7,path_1,17,48,25,1.75,4.05,0
IN2__P7__path_1,IN2,P7,path_1,18,48,26,1.85,4.05,0
IN2__P7__path_1,IN2,P7,path_1,19,48,27,1.95,4.05,0
IN2__P7__path_1,IN2,P7,path_1,20,48,28,2.05,4.05,0
IN2__P7__path_1,IN2,P7,path_1,21,48,29,2.15,4.05,0
IN2__P7__path_1,IN2,P7,path_1,22,48,30,2.25,4.05,0
IN2__P7__path_1,IN2,P7,path_1,23,48,31,2.35,4.05,0
IN2__P7__path_1,IN2,P7,path_1,24,48,32,2.45,4.05,0
IN2__P7__path_1,IN2,P7,path_1,25,48,33,2.55,4.05,0
IN2__P7__path_1,IN2,P7,path_1,26,48,34,2.65,4.05,0
IN2__P7__path_1,IN2,P7,path_1,27,48,35,2.75,4.05,0
IN2__P7__path_1,IN2,P7,path_1,28,48,36,2.85,4.05,0
IN2__P7__path_1,IN2,P7,path_1,29,48,37,2.95,4.05,0
IN2__P7__path_1,IN2,P7,path_1,30,48,38,3.05,4.05,0
IN2__P7__path_1,IN2,P7,path_1,31,48,39,3.15,4.05,0
IN2__P7__path_1,IN2,P7,path_1,32,48,40,3.25,4.05,0
IN2__P7__path_1,IN2,P7,path_1,33,48,41,3.35,4.05,0
IN2__P7__path_1,IN2,P7,path_1,34,48,42,3.45,4.05,0
IN2__P7__path_1,IN2,P7,path_1,35,48,43,3.55,4.05,0
IN2__P7__path_1,IN2,P7,path_1,36,48,44,3.65,4.05,0
IN2__P7__path_1,IN2,P7,path_1,37,48,45,3.75,4.05,0
IN2__P7__path_1,IN2,P7,path_1,38,48,46,3.85,4.05,0
IN2__P7__path_1,IN2,P7,path_1,39,48,47,3.95,4.05,0
IN2__P7__path_1,IN2,P7,path_1,40,48,48,4.05,4.05,0
IN2__P7__path_1,IN2,P7,path_1,41,48,49,4.15,4.05,0
IN2__P7__path_1,IN2,P7,path_1,42,48,50,4.25,4.05,0
IN2__P7__path_1,IN2,P7,path_1,43,48,51,4.35,4.05,0
IN2__P7__path_1,IN2,P7,path_1,44,48,52,4.45,4.05,0
IN2__P7__path_1,IN2,P7,path_1,45,48,53,4.55,4.05,0
IN2__P7__path_1,IN2,P7,path_1,46,48,54,4.65,4.05,0
IN2__P7__path_1,IN2,P7,path_1,47,48,55,4.75,4.05,0
IN2__P7__path_1,IN2,P7,path_1,48,48,56,4.85,4.05,0
IN2__P7__path_1,IN2,P7,path_1,49,48,57,4.95,4.05,0
IN2__P7__path_1,IN2,P7,path_1,50,48,58,5.05,4.05,0
IN2__P7__path_1,IN2,P7,path_1,51,48,59,5.15,4.05,0
IN2__P7__path_1,IN2,P7,path_1,52,48,60,5.25,4.05,0
IN2__P7__path_1,IN2,P7,path_1,53,48,61,5.35,4.05,0
IN2__P7__path_1,IN2,P7,path_1,54,48,62,5.45,4.05,0
IN2__P7__path_1,IN2,P7,path_1,55,48,63,5.55,4.05,0
IN2__P7__path_1,IN2,P7,path_1,56,48,64,5.65,4.05,0
IN2__P7__path_1,IN2,P7,path_1,57,48,65,5.75,4.05,0
IN2__P7__path_1,IN2,P7,path_1,58,48,66,5.85,4.05,0
IN2__P7__path_1,IN2,P7,path_1,59,48,67,5.95,4.05,0
IN2__P7__path_1,IN2,P7,path_1,60,48,68,6.05,4.05,0
IN2__P7__path_1,IN2,P7,path_1,61,48,69,6.15,4.05,0
IN2__P7__path_1,IN2,P7,path_1,62,48,70,6.25,4.05,0
IN2__P7__path_1,IN2,P7,path_1,63,48,71,6.35,4.05,0
IN2__P7__path_1,IN2,P7,path_1,64,48,72,6.45,4.05,0
IN2__P7__path_1,IN2,P7,path_1,65,48,73,6.55,4.05,0
IN2__P7__path_1,IN2,P7,path_1,66,47,73,6.55,3.95,0
IN2__P7__path_1,IN2,P7,path_1,67,46,73,6.55,3.85,0
IN2__P7__path_1,IN2,P7,path_1,68,45,73,6.55,3.75,0
IN2__P7__path_1,IN2,P7,path_1,69,44,73,6.55,3.65,0
IN2__P7__path_1,IN2,P7,path_1,70,43,73,6.55,3.55,0
IN2__P7__path_1,IN2,P7,path_1,71,42,73,6.55,3.45,0
IN2__P7__path_1,IN2,P7,path_1,72,41,73,6.55,3.35,0
IN2__P7__path_1,IN2,P7,path_1,73,40,73,6.55,3.25,0
IN2__P7__path_1,IN2,P7,path_1,74,39,73,6.55,3.15,0
IN2__P7__path_1,IN2,P7,path_1,75,38,73,6.55,3.05,0
IN2__P7__path_1,IN2,P7,path_1,76,37,74,6.65,2.95,0
IN2__P7__path_1,IN2,P7,path_1,77,36,75,6.75,2.85,0
IN2__P7__path_1,IN2,P7,path_1,78,35,75,6.75,2.75,0
IN2__P7__path_1,IN2,P7,path_1,79,34,75,6.75,2.65,0
IN2__P7__path_1,IN2,P7,path_1,80,33,75,6.75,2.55,0
IN2__P7__path_1,IN2,P7,path_1,81,32,75,6.75,2.45,0
IN2__P7__path_1,IN2,P7,path_1,82,31,75,6.75,2.35,0
IN2__P7__path_1,IN2,P7,path_1,83,30,75,6.75,2.25,0
IN2__P7__path_1,IN2,P7,path_1,84,29,75,6.75,2.15,0
IN2__P7__path_1,IN2,P7,path_1,85,28,75,6.75,2.05,0
IN2__P7__path_1,IN2,P7,path_1,86,27,76,6.85,1.95,0
IN2__P7__path_1,IN2,P7,path_1,87,26,76,6.85,1.85,0
IN2__P7__path_1,IN2,P7,path_1,88,25,77,6.95,1.75,0
IN2__P7__path_1,IN2,P7,path_1,89,24,77,6.95,1.65,0
IN2__P7__path_1,IN2,P7,path_1,90,23,78,7.05,1.55,0
IN2__P7__path_1,IN2,P7,path_1,91,22,78,7.05,1.45,0
IN2__P7__path_1,IN2,P7,path_1,92,21,79,7.15,1.35,0
IN2__P7__path_1,IN2,P7,path_1,93,20,79,7.15,1.25,0
IN2__P7__path_1,IN2,P7,path_1,94,19,79,7.15,1.15,0
IN2__P7__path_1,IN2,P7,path_1,95,18,80,7.25,1.05,0
IN2__P8__path_1,IN2,P8,path_1,0,57,8,0.05,4.95,0
IN2__P8__path_1,IN2,P8,path_1,1,57,9,0.15,4.95,0
IN2__P8__path_1,IN2,P8,path_1,2,57,10,0.25,4.95,0
IN2__P8__path_1,IN2,P8,path_1,3,57,11,0.35,4.95,0
IN2__P8__path_1,IN2,P8,path_1,4,57,12,0.45,4.95,0
IN2__P8__path_1,IN2,P8,path_1,5,57,13,0.55,4.95,0
IN2__P8__path_1,IN2,P8,path_1,6,57,14,0.65,4.95,0
IN2__P8__path_1,IN2,P8,path_1,7,57,15,0.75,4.95,0
IN2__P8__path_1,IN2,P8,path_1,8,57,16,0.85,4.95,0
IN2__P8__path_1,IN2,P8,path_1,9,57,17,0.95,4.95,0
IN2__P8__path_1,IN2,P8,path_1,10,57,18,1.05,4.95,0
IN2__P8__path_1,IN2,P8,path_1,11,57,19,1.15,4.95,0
IN2__P8__path_1,IN2,P8,path_1,12,56,20,1.25,4.85,0
IN2__P8__path_1,IN2,P8,path_1,13,55,21,1.35,4.75,0
IN2__P8__path_1,IN2,P8,path_1,14,54,22,1.45,4.65,0
IN2__P8__path_1,IN2,P8,path_1,15,53,23,1.55,4.55,0
IN2__P8__path_1,IN2,P8,path_1,16,52,24,1.65,4.45,0
IN2__P8__path_1,IN2,P8,path_1,17,51,25,1.75,4.35,0
IN2__P8__path_1,IN2,P8,path_1,18,51,26,1.85,4.35,0
IN2__P8__path_1,IN2,P8,path_1,19,51,27,1.95,4.35,0
IN2__P8__path_1,IN2,P8,path_1,20,51,28,2.05,4.35,0
IN2__P8__path_1,IN2,P8,path_1,21,51,29,2.15,4.35,0
IN2__P8__path_1,IN2,P8,path_1,22,51,30,2.25,4.35,0
IN2__P8__path_1,IN2,P8,path_1,23,51,31,2.35,4.35,0
IN2__P8__path_1,IN2,P8,path_1,24,51,32,2.45,4.35,0
IN2__P8__path_1,IN2,P8,path_1,25,51,33,2.55,4.35,0
IN2__P8__path_1,IN2,P8,path_1,26,51,34,2.65,4.35,0
IN2__P8__path_1,IN2,P8,path_1,27,51,35,2.75,4.35,0
IN2__P8__path_1,IN2,P8,path_1,28,51,36,2.85,4.35,0
IN2__P8__path_1,IN2,P8,path_1,29,51,37,2.95,4.35,0
IN2__P8__path_1,IN2,P8,path_1,30,51,38,3.05,4.35,0
IN2__P8__path_1,IN2,P8,path_1,31,51,39,3.15,4.35,0
IN2__P8__path_1,IN2,P8,path_1,32,51,40,3.25,4.35,0
IN2__P8__path_1,IN2,P8,path_1,33,51,41,3.35,4.35,0
IN2__P8__path_1,IN2,P8,path_1,34,50,42,3.45,4.25,0
IN2__P8__path_1,IN2,P8,path_1,35,49,43,3.55,4.15,0
IN2__P8__path_1,IN2,P8,path_1,36,49,44,3.65,4.15,0
IN2__P8__path_1,IN2,P8,path_1,37,49,45,3.75,4.15,0
IN2__P8__path_1,IN2,P8,path_1,38,49,46,3.85,4.15,0
IN2__P8__path_1,IN2,P8,path_1,39,49,47,3.95,4.15,0
IN2__P8__path_1,IN2,P8,path_1,40,49,48,4.05,4.15,0
IN2__P8__path_1,IN2,P8,path_1,41,49,49,4.15,4.15,0
IN2__P8__path_1,IN2,P8,path_1,42,49,50,4.25,4.15,0
IN2__P8__path_1,IN2,P8,path_1,43,49,51,4.35,4.15,0
IN2__P8__path_1,IN2,P8,path_1,44,49,52,4.45,4.15,0
IN2__P8__path_1,IN2,P8,path_1,45,49,53,4.55,4.15,0
IN2__P8__path_1,IN2,P8,path_1,46,49,54,4.65,4.15,0
IN2__P8__path_1,IN2,P8,path_1,47,49,55,4.75,4.15,0
IN2__P8__path_1,IN2,P8,path_1,48,49,56,4.85,4.15,0
IN2__P8__path_1,IN2,P8,path_1,49,49,57,4.95,4.15,0
IN2__P8__path_1,IN2,P8,path_1,50,48,58,5.05,4.05,0
IN2__P8__path_1,IN2,P8,path_1,51,48,59,5.15,4.05,0
IN2__P8__path_1,IN2,P8,path_1,52,48,60,5.25,4.05,0
IN2__P8__path_1,IN2,P8,path_1,53,48,61,5.35,4.05,0
IN2__P8__path_1,IN2,P8,path_1,54,48,62,5.45,4.05,0
IN2__P8__path_1,IN2,P8,path_1,55,48,63,5.55,4.05,0
IN2__P8__path_1,IN2,P8,path_1,56,48,64,5.65,4.05,0
IN2__P8__path_1,IN2,P8,path_1,57,48,65,5.75,4.05,0
IN2__P8__path_1,IN2,P8,path_1,58,48,66,5.85,4.05,0
IN2__P8__path_1,IN2,P8,path_1,59,48,67,5.95,4.05,0
IN2__P8__path_1,IN2,P8,path_1,60,48,68,6.05,4.05,0
IN2__P8__path_1,IN2,P8,path_1,61,48,69,6.15,4.05,0
IN2__P8__path_1,IN2,P8,path_1,62,48,70,6.25,4.05,0
IN2__P8__path_1,IN2,P8,path_1,63,48,71,6.35,4.05,0
IN2__P8__path_1,IN2,P8,path_1,64,48,72,6.45,4.05,0
IN2__P8__path_1,IN2,P8,path_1,65,48,73,6.55,4.05,0
IN2__P8__path_1,IN2,P8,path_1,66,47,74,6.65,3.95,0
IN2__P8__path_1,IN2,P8,path_1,67,46,75,6.75,3.85,0
IN2__P8__path_1,IN2,P8,path_1,68,45,76,6.85,3.75,0
IN2__P8__path_1,IN2,P8,path_1,69,44,77,6.95,3.65,0
IN2__P8__path_1,IN2,P8,path_1,70,43,78,7.05,3.55,0
IN2__P8__path_1,IN2,P8,path_1,71,42,79,7.15,3.45,0
IN2__P8__path_1,IN2,P8,path_1,72,41,80,7.25,3.35,0
IN2__P8__path_1,IN2,P8,path_1,73,40,81,7.35,3.25,0
IN2__P8__path_1,IN2,P8,path_1,74,40,82,7.45,3.25,0
IN2__P8__path_1,IN2,P8,path_1,75,40,83,7.55,3.25,0
IN2__P8__path_1,IN2,P8,path_1,76,40,84,7.65,3.25,0
IN2__P8__path_1,IN2,P8,path_1,77,40,85,7.75,3.25,0
IN2__P8__path_1,IN2,P8,path_1,78,40,86,7.85,3.25,0
IN2__P8__path_1,IN2,P8,path_1,79,40,87,7.95,3.25,0
IN2__P8__path_1,IN2,P8,path_1,80,40,88,8.05,3.25,0
IN2__P8__path_1,IN2,P8,path_1,81,40,89,8.15,3.25,0
IN2__P8__path_1,IN2,P8,path_1,82,40,90,8.25,3.25,0
IN2__P8__path_1,IN2,P8,path_1,83,40,91,8.35,3.25,0
IN2__P8__path_1,IN2,P8,path_1,84,40,92,8.45,3.25,0
IN2__P8__path_1,IN2,P8,path_1,85,40,93,8.55,3.25,0
IN2__P8__path_1,IN2,P8,path_1,86,40,94,8.65,3.25,0
IN2__P8__path_1,IN2,P8,path_1,87,40,95,8.75,3.25,0
IN2__P8__path_1,IN2,P8,path_1,88,40,96,8.85,3.25,0
IN2__P8__path_1,IN2,P8,path_1,89,39,96,8.85,3.15,0
IN2__P8__path_1,IN2,P8,path_1,90,38,96,8.85,3.05,0
IN2__P8__path_1,IN2,P8,path_1,91,37,96,8.85,2.95,0
IN2__P8__path_1,IN2,P8,path_1,92,36,96,8.85,2.85,0
IN2__P8__path_1,IN2,P8,path_1,93,35,96,8.85,2.75,0
IN2__P8__path_1,IN2,P8,path_1,94,34,96,8.85,2.65,0
IN2__P8__path_1,IN2,P8,path_1,95,33,96,8.85,2.55,0
IN2__P8__path_1,IN2,P8,path_1,96,32,96,8.85,2.45,0
IN2__P8__path_1,IN2,P8,path_1,97,31,96,8.85,2.35,0
IN2__P9__path_1,IN2,P9,path_1,0,57,8,0.05,4.95,0
IN2__P9__path_1,IN2,P9,path_1,1,57,9,0.15,4.95,0
IN2__P9__path_1,IN2,P9,path_1,2,57,10,0.25,4.95,0
IN2__P9__path_1,IN2,P9,path_1,3,57,11,0.35,4.95,0
IN2__P9__path_1,IN2,P9,path_1,4,57,12,0.45,4.95,0
IN2__P9__path_1,IN2,P9,path_1,5,57,13,0.55,4.95,0
IN2__P9__path_1,IN2,P9,path_1,6,57,14,0.65,4.95,0
IN2__P9__path_1,IN2,P9,path_1,7,57,15,0.75,4.95,0
IN2__P9__path_1,IN2,P9,path_1,8,57,16,0.85,4.95,0
IN2__P9__path_1,IN2,P9,path_1,9,57,17,0.95,4.95,0
IN2__P9__path_1,IN2,P9,path_1,10,57,18,1.05,4.95,0
IN2__P9__path_1,IN2,P9,path_1,11,57,19,1.15,4.95,0
IN2__P9__path_1,IN2,P9,path_1,12,56,20,1.25,4.85,0
IN2__P9__path_1,IN2,P9,path_1,13,55,21,1.35,4.75,0
IN2__P9__path_1,IN2,P9,path_1,14,54,22,1.45,4.65,0
IN2__P9__path_1,IN2,P9,path_1,15,53,23,1.55,4.55,0
IN2__P9__path_1,IN2,P9,path_1,16,52,24,1.65,4.45,0
IN2__P9__path_1,IN2,P9,path_1,17,51,25,1.75,4.35,0
IN2__P9__path_1,IN2,P9,path_1,18,51,26,1.85,4.35,0
IN2__P9__path_1,IN2,P9,path_1,19,51,27,1.95,4.35,0
IN2__P9__path_1,IN2,P9,path_1,20,51,28,2.05,4.35,0
IN2__P9__path_1,IN2,P9,path_1,21,51,29,2.15,4.35,0
IN2__P9__path_1,IN2,P9,path_1,22,51,30,2.25,4.35,0
IN2__P9__path_1,IN2,P9,path_1,23,51,31,2.35,4.35,0
IN2__P9__path_1,IN2,P9,path_1,24,51,32,2.45,4.35,0
IN2__P9__path_1,IN2,P9,path_1,25,51,33,2.55,4.35,0
IN2__P9__path_1,IN2,P9,path_1,26,51,34,2.65,4.35,0
IN2__P9__path_1,IN2,P9,path_1,27,51,35,2.75,4.35,0
IN2__P9__path_1,IN2,P9,path_1,28,51,36,2.85,4.35,0
IN2__P9__path_1,IN2,P9,path_1,29,51,37,2.95,4.35,0
IN2__P9__path_1,IN2,P9,path_1,30,51,38,3.05,4.35,0
IN2__P9__path_1,IN2,P9,path_1,31,51,39,3.15,4.35,0
IN2__P9__path_1,IN2,P9,path_1,32,51,40,3.25,4.35,0
IN2__P9__path_1,IN2,P9,path_1,33,51,41,3.35,4.35,0
IN2__P9__path_1,IN2,P9,path_1,34,50,42,3.45,4.25,0
IN2__P9__path_1,IN2,P9,path_1,35,49,43,3.55,4.15,0
IN2__P9__path_1,IN2,P9,path_1,36,49,44,3.65,4.15,0
IN2__P9__path_1,IN2,P9,path_1,37,49,45,3.75,4.15,0
IN2__P9__path_1,IN2,P9,path_1,38,49,46,3.85,4.15,0
IN2__P9__path_1,IN2,P9,path_1,39,49,47,3.95,4.15,0
IN2__P9__path_1,IN2,P9,path_1,40,49,48,4.05,4.15,0
IN2__P9__path_1,IN2,P9,path_1,41,49,49,4.15,4.15,0
IN2__P9__path_1,IN2,P9,path_1,42,49,50,4.25,4.15,0
IN2__P9__path_1,IN2,P9,path_1,43,49,51,4.35,4.15,0
IN2__P9__path_1,IN2,P9,path_1,44,49,52,4.45,4.15,0
IN2__P9__path_1,IN2,P9,path_1,45,49,53,4.55,4.15,0
IN2__P9__path_1,IN2,P9,path_1,46,49,54,4.65,4.15,0
IN2__P9__path_1,IN2,P9,path_1,47,49,55,4.75,4.15,0
IN2__P9__path_1,IN2,P9,path_1,48,49,56,4.85,4.15,0
IN2__P9__path_1,IN2,P9,path_1,49,49,57,4.95,4.15,0
IN2__P9__path_1,IN2,P9,path_1,50,49,58,5.05,4.15,0
IN2__P9__path_1,IN2,P9,path_1,51,49,59,5.15,4.15,0
IN2__P9__path_1,IN2,P9,path_1,52,49,60,5.25,4.15,0
IN2__P9__path_1,IN2,P9,path_1,53,49,61,5.35,4.15,0
IN2__P9__path_1,IN2,P9,path_1,54,49,62,5.45,4.15,0
IN2__P9__path_1,IN2,P9,path_1,55,49,63,5.55,4.15,0
IN2__P9__path_1,IN2,P9,path_1,56,50,64,5.65,4.25,0
IN2__P9__path_1,IN2,P9,path_1,57,51,65,5.75,4.35,0
IN2__P9__path_1,IN2,P9,path_1,58,52,65,5.75,4.45,0
IN2__P9__path_1,IN2,P9,path_1,59,53,66,5.85,4.55,0
IN2__P9__path_1,IN2,P9,path_1,60,54,66,5.85,4.65,0
IN2__P9__path_1,IN2,P9,path_1,61,55,67,5.95,4.75,0
IN2__P9__path_1,IN2,P9,path_1,62,56,67,5.95,4.85,0
IN2__P9__path_1,IN2,P9,path_1,63,57,67,5.95,4.95,0
IN2__P9__path_1,IN2,P9,path_1,64,58,68,6.05,5.05,0
IN2__SORT1__path_1,IN2,SORT1,path_1,0,57,8,0.05,4.95,0
IN2__SORT1__path_1,IN2,SORT1,path_1,1,57,9,0.15,4.95,0
IN2__SORT1__path_1,IN2,SORT1,path_1,2,57,10,0.25,4.95,0
IN2__SORT1__path_1,IN2,SORT1,path_1,3,57,11,0.35,4.95,0
IN2__SORT1__path_1,IN2,SORT1,path_1,4,57,12,0.45,4.95,0
IN2__SORT1__path_1,IN2,SORT1,path_1,5,57,13,0.55,4.95,0
IN2__SORT1__path_1,IN2,SORT1,path_1,6,57,14,0.65,4.95,0
IN2__SORT1__path_1,IN2,SORT1,path_1,7,57,15,0.75,4.95,0
IN2__SORT1__path_1,IN2,SORT1,path_1,8,57,16,0.85,4.95,0
IN2__SORT1__path_1,IN2,SORT1,path_1,9,57,17,0.95,4.95,0
IN2__SORT1__path_1,IN2,SORT1,path_1,10,57,18,1.05,4.95,0
IN2__SORT1__path_1,IN2,SORT1,path_1,11,57,19,1.15,4.95,0
IN2__SORT1__path_1,IN2,SORT1,path_1,12,56,20,1.25,4.85,0
IN2__SORT1__path_1,IN2,SORT1,path_1,13,55,21,1.35,4.75,0
IN2__SORT1__path_1,IN2,SORT1,path_1,14,54,22,1.45,4.65,0
IN2__SORT1__path_1,IN2,SORT1,path_1,15,53,23,1.55,4.55,0
IN2__SORT1__path_1,IN2,SORT1,path_1,16,52,24,1.65,4.45,0
IN2__SORT1__path_1,IN2,SORT1,path_1,17,51,25,1.75,4.35,0
IN2__SORT1__path_1,IN2,SORT1,path_1,18,51,26,1.85,4.35,0
IN2__SORT1__path_1,IN2,SORT1,path_1,19,51,27,1.95,4.35,0
IN2__SORT1__path_1,IN2,SORT1,path_1,20,51,28,2.05,4.35,0
IN2__SORT1__path_1,IN2,SORT1,path_1,21,51,29,2.15,4.35,0
IN2__SORT1__path_1,IN2,SORT1,path_1,22,51,30,2.25,4.35,0
IN2__SORT1__path_1,IN2,SORT1,path_1,23,51,31,2.35,4.35,0
IN2__SORT1__path_1,IN2,SORT1,path_1,24,51,32,2.45,4.35,0
IN2__SORT1__path_1,IN2,SORT1,path_1,25,51,33,2.55,4.35,0
IN2__SORT1__path_1,IN2,SORT1,path_1,26,51,34,2.65,4.35,0
IN2__SORT1__path_1,IN2,SORT1,path_1,27,51,35,2.75,4.35,0
IN2__SORT1__path_1,IN2,SORT1,path_1,28,51,36,2.85,4.35,0
IN2__SORT1__path_1,IN2,SORT1,path_1,29,51,37,2.95,4.35,0
IN2__SORT1__path_1,IN2,SORT1,path_1,30,51,38,3.05,4.35,0
IN2__SORT1__path_1,IN2,SORT1,path_1,31,51,39,3.15,4.35,0
IN2__SORT1__path_1,IN2,SORT1,path_1,32,51,40,3.25,4.35,0
IN2__SORT1__path_1,IN2,SORT1,path_1,33,51,41,3.35,4.35,0
IN2__SORT1__path_1,IN2,SORT1,path_1,34,50,42,3.45,4.25,0
IN2__SORT1__path_1,IN2,SORT1,path_1,35,49,43,3.55,4.15,0
IN2__SORT1__path_1,IN2,SORT1,path_1,36,49,44,3.65,4.15,0
IN2__SORT1__path_1,IN2,SORT1,path_1,37,49,45,3.75,4.15,0
IN2__SORT1__path_1,IN2,SORT1,path_1,38,49,46,3.85,4.15,0
IN2__SORT1__path_1,IN2,SORT1,path_1,39,49,47,3.95,4.15,0
IN2__SORT1__path_1,IN2,SORT1,path_1,40,49,48,4.05,4.15,0
IN2__SORT1__path_1,IN2,SORT1,path_1,41,49,49,4.15,4.15,0
IN2__SORT1__path_1,IN2,SORT1,path_1,42,49,50,4.25,4.15,0
IN2__SORT1__path_1,IN2,SORT1,path_1,43,49,51,4.35,4.15,0
IN2__SORT1__path_1,IN2,SORT1,path_1,44,49,52,4.45,4.15,0
IN2__SORT1__path_1,IN2,SORT1,path_1,45,49,53,4.55,4.15,0
IN2__SORT1__path_1,IN2,SORT1,path_1,46,49,54,4.65,4.15,0
IN2__SORT1__path_1,IN2,SORT1,path_1,47,49,55,4.75,4.15,0
IN2__SORT1__path_1,IN2,SORT1,path_1,48,49,56,4.85,4.15,0
IN2__SORT1__path_1,IN2,SORT1,path_1,49,49,57,4.95,4.15,0
IN2__SORT1__path_1,IN2,SORT1,path_1,50,49,58,5.05,4.15,0
IN2__SORT1__path_1,IN2,SORT1,path_1,51,49,59,5.15,4.15,0
IN2__SORT1__path_1,IN2,SORT1,path_1,52,49,60,5.25,4.15,0
IN2__SORT1__path_1,IN2,SORT1,path_1,53,49,61,5.35,4.15,0
IN2__SORT1__path_1,IN2,SORT1,path_1,54,49,62,5.45,4.15,0
IN2__SORT1__path_1,IN2,SORT1,path_1,55,48,63,5.55,4.05,0
IN2__SORT1__path_1,IN2,SORT1,path_1,56,48,64,5.65,4.05,0
IN2__SORT1__path_1,IN2,SORT1,path_1,57,48,65,5.75,4.05,0
IN2__SORT1__path_1,IN2,SORT1,path_1,58,48,66,5.85,4.05,0
IN2__SORT1__path_1,IN2,SORT1,path_1,59,48,67,5.95,4.05,0
IN2__SORT1__path_1,IN2,SORT1,path_1,60,48,68,6.05,4.05,0
IN2__SORT1__path_1,IN2,SORT1,path_1,61,48,69,6.15,4.05,0
IN2__SORT1__path_1,IN2,SORT1,path_1,62,48,70,6.25,4.05,0
IN2__SORT1__path_1,IN2,SORT1,path_1,63,48,71,6.35,4.05,0
IN2__SORT1__path_1,IN2,SORT1,path_1,64,48,72,6.45,4.05,0
IN2__SORT1__path_1,IN2,SORT1,path_1,65,48,73,6.55,4.05,0
IN2__SORT1__path_1,IN2,SORT1,path_1,66,47,74,6.65,3.95,0
IN2__SORT1__path_1,IN2,SORT1,path_1,67,46,75,6.75,3.85,0
IN2__SORT1__path_1,IN2,SORT1,path_1,68,45,76,6.85,3.75,0
IN2__SORT1__path_1,IN2,SORT1,path_1,69,44,77,6.95,3.65,0
IN2__SORT1__path_1,IN2,SORT1,path_1,70,43,78,7.05,3.55,0
IN2__SORT1__path_1,IN2,SORT1,path_1,71,42,79,7.15,3.45,0
IN2__SORT1__path_1,IN2,SORT1,path_1,72,41,80,7.25,3.35,0
IN2__SORT1__path_1,IN2,SORT1,path_1,73,40,81,7.35,3.25,0
IN2__SORT1__path_1,IN2,SORT1,path_1,74,40,82,7.45,3.25,0
IN2__SORT1__path_1,IN2,SORT1,path_1,75,40,83,7.55,3.25,0
IN2__SORT1__path_1,IN2,SORT1,path_1,76,40,84,7.65,3.25,0
IN2__SORT1__path_1,IN2,SORT1,path_1,77,40,85,7.75,3.25,0
IN2__SORT1__path_1,IN2,SORT1,path_1,78,40,86,7.85,3.25,0
IN2__SORT1__path_1,IN2,SORT1,path_1,79,40,87,7.95,3.25,0
IN2__SORT1__path_1,IN2,SORT1,path_1,80,40,88,8.05,3.25,0
IN2__SORT1__path_1,IN2,SORT1,path_1,81,40,89,8.15,3.25,0
IN2__SORT1__path_1,IN2,SORT1,path_1,82,40,90,8.25,3.25,0
IN2__SORT1__path_1,IN2,SORT1,path_1,83,40,91,8.35,3.25,0
IN2__SORT1__path_1,IN2,SORT1,path_1,84,40,92,8.45,3.25,0
IN2__SORT1__path_1,IN2,SORT1,path_1,85,40,93,8.55,3.25,0
IN2__SORT1__path_1,IN2,SORT1,path_1,86,40,94,8.65,3.25,0
IN2__SORT1__path_1,IN2,SORT1,path_1,87,40,95,8.75,3.25,0
IN2__SORT1__path_1,IN2,SORT1,path_1,88,40,96,8.85,3.25,0
IN2__SORT1__path_1,IN2,SORT1,path_1,89,39,97,8.95,3.15,0
IN2__SORT1__path_1,IN2,SORT1,path_1,90,38,98,9.05,3.05,0
IN2__SORT1__path_1,IN2,SORT1,path_1,91,37,99,9.15,2.95,0
IN2__SORT1__path_1,IN2,SORT1,path_1,92,36,100,9.25,2.85,0
IN2__SORT1__path_1,IN2,SORT1,path_1,93,35,101,9.35,2.75,0
IN2__SORT1__path_1,IN2,SORT1,path_1,94,34,102,9.45,2.65,0
IN2__SORT1__path_1,IN2,SORT1,path_1,95,33,103,9.55,2.55,0
IN2__SORT1__path_1,IN2,SORT1,path_1,96,32,104,9.65,2.45,0
IN2__SORT1__path_1,IN2,SORT1,path_1,97,31,104,9.65,2.35,0
IN2__SORT1__path_1,IN2,SORT1,path_1,98,30,104,9.65,2.25,0
IN2__SORT1__path_1,IN2,SORT1,path_1,99,29,105,9.75,2.15,0
IN2__SORT2__path_1,IN2,SORT2,path_1,0,57,8,0.05,4.95,0
IN2__SORT2__path_1,IN2,SORT2,path_1,1,57,9,0.15,4.95,0
IN2__SORT2__path_1,IN2,SORT2,path_1,2,57,10,0.25,4.95,0
IN2__SORT2__path_1,IN2,SORT2,path_1,3,57,11,0.35,4.95,0
IN2__SORT2__path_1,IN2,SORT2,path_1,4,57,12,0.45,4.95,0
IN2__SORT2__path_1,IN2,SORT2,path_1,5,57,13,0.55,4.95,0
IN2__SORT2__path_1,IN2,SORT2,path_1,6,57,14,0.65,4.95,0
IN2__SORT2__path_1,IN2,SORT2,path_1,7,57,15,0.75,4.95,0
IN2__SORT2__path_1,IN2,SORT2,path_1,8,57,16,0.85,4.95,0
IN2__SORT2__path_1,IN2,SORT2,path_1,9,57,17,0.95,4.95,0
IN2__SORT2__path_1,IN2,SORT2,path_1,10,57,18,1.05,4.95,0
IN2__SORT2__path_1,IN2,SORT2,path_1,11,57,19,1.15,4.95,0
IN2__SORT2__path_1,IN2,SORT2,path_1,12,56,20,1.25,4.85,0
IN2__SORT2__path_1,IN2,SORT2,path_1,13,55,21,1.35,4.75,0
IN2__SORT2__path_1,IN2,SORT2,path_1,14,54,22,1.45,4.65,0
IN2__SORT2__path_1,IN2,SORT2,path_1,15,53,23,1.55,4.55,0
IN2__SORT2__path_1,IN2,SORT2,path_1,16,52,24,1.65,4.45,0
IN2__SORT2__path_1,IN2,SORT2,path_1,17,51,25,1.75,4.35,0
IN2__SORT2__path_1,IN2,SORT2,path_1,18,51,26,1.85,4.35,0
IN2__SORT2__path_1,IN2,SORT2,path_1,19,51,27,1.95,4.35,0
IN2__SORT2__path_1,IN2,SORT2,path_1,20,51,28,2.05,4.35,0
IN2__SORT2__path_1,IN2,SORT2,path_1,21,51,29,2.15,4.35,0
IN2__SORT2__path_1,IN2,SORT2,path_1,22,51,30,2.25,4.35,0
IN2__SORT2__path_1,IN2,SORT2,path_1,23,51,31,2.35,4.35,0
IN2__SORT2__path_1,IN2,SORT2,path_1,24,51,32,2.45,4.35,0
IN2__SORT2__path_1,IN2,SORT2,path_1,25,51,33,2.55,4.35,0
IN2__SORT2__path_1,IN2,SORT2,path_1,26,51,34,2.65,4.35,0
IN2__SORT2__path_1,IN2,SORT2,path_1,27,51,35,2.75,4.35,0
IN2__SORT2__path_1,IN2,SORT2,path_1,28,51,36,2.85,4.35,0
IN2__SORT2__path_1,IN2,SORT2,path_1,29,51,37,2.95,4.35,0
IN2__SORT2__path_1,IN2,SORT2,path_1,30,51,38,3.05,4.35,0
IN2__SORT2__path_1,IN2,SORT2,path_1,31,51,39,3.15,4.35,0
IN2__SORT2__path_1,IN2,SORT2,path_1,32,51,40,3.25,4.35,0
IN2__SORT2__path_1,IN2,SORT2,path_1,33,51,41,3.35,4.35,0
IN2__SORT2__path_1,IN2,SORT2,path_1,34,50,42,3.45,4.25,0
IN2__SORT2__path_1,IN2,SORT2,path_1,35,49,43,3.55,4.15,0
IN2__SORT2__path_1,IN2,SORT2,path_1,36,49,44,3.65,4.15,0
IN2__SORT2__path_1,IN2,SORT2,path_1,37,49,45,3.75,4.15,0
IN2__SORT2__path_1,IN2,SORT2,path_1,38,49,46,3.85,4.15,0
IN2__SORT2__path_1,IN2,SORT2,path_1,39,49,47,3.95,4.15,0
IN2__SORT2__path_1,IN2,SORT2,path_1,40,49,48,4.05,4.15,0
IN2__SORT2__path_1,IN2,SORT2,path_1,41,49,49,4.15,4.15,0
IN2__SORT2__path_1,IN2,SORT2,path_1,42,49,50,4.25,4.15,0
IN2__SORT2__path_1,IN2,SORT2,path_1,43,49,51,4.35,4.15,0
IN2__SORT2__path_1,IN2,SORT2,path_1,44,49,52,4.45,4.15,0
IN2__SORT2__path_1,IN2,SORT2,path_1,45,49,53,4.55,4.15,0
IN2__SORT2__path_1,IN2,SORT2,path_1,46,49,54,4.65,4.15,0
IN2__SORT2__path_1,IN2,SORT2,path_1,47,49,55,4.75,4.15,0
IN2__SORT2__path_1,IN2,SORT2,path_1,48,49,56,4.85,4.15,0
IN2__SORT2__path_1,IN2,SORT2,path_1,49,49,57,4.95,4.15,0
IN2__SORT2__path_1,IN2,SORT2,path_1,50,49,58,5.05,4.15,0
IN2__SORT2__path_1,IN2,SORT2,path_1,51,49,59,5.15,4.15,0
IN2__SORT2__path_1,IN2,SORT2,path_1,52,49,60,5.25,4.15,0
IN2__SORT2__path_1,IN2,SORT2,path_1,53,49,61,5.35,4.15,0
IN2__SORT2__path_1,IN2,SORT2,path_1,54,49,62,5.45,4.15,0
IN2__SORT2__path_1,IN2,SORT2,path_1,55,49,63,5.55,4.15,0
IN2__SORT2__path_1,IN2,SORT2,path_1,56,49,64,5.65,4.15,0
IN2__SORT2__path_1,IN2,SORT2,path_1,57,49,65,5.75,4.15,0
IN2__SORT2__path_1,IN2,SORT2,path_1,58,49,66,5.85,4.15,0
IN2__SORT2__path_1,IN2,SORT2,path_1,59,49,67,5.95,4.15,0
IN2__SORT2__path_1,IN2,SORT2,path_1,60,48,68,6.05,4.05,0
IN2__SORT2__path_1,IN2,SORT2,path_1,61,48,69,6.15,4.05,0
IN2__SORT2__path_1,IN2,SORT2,path_1,62,48,70,6.25,4.05,0
IN2__SORT2__path_1,IN2,SORT2,path_1,63,48,71,6.35,4.05,0
IN2__SORT2__path_1,IN2,SORT2,path_1,64,48,72,6.45,4.05,0
IN2__SORT2__path_1,IN2,SORT2,path_1,65,48,73,6.55,4.05,0
IN2__SORT2__path_1,IN2,SORT2,path_1,66,48,74,6.65,4.05,0
IN2__SORT2__path_1,IN2,SORT2,path_1,67,48,75,6.75,4.05,0
IN2__SORT2__path_1,IN2,SORT2,path_1,68,48,76,6.85,4.05,0
IN2__SORT2__path_1,IN2,SORT2,path_1,69,48,77,6.95,4.05,0
IN2__SORT2__path_1,IN2,SORT2,path_1,70,48,78,7.05,4.05,0
IN2__SORT2__path_1,IN2,SORT2,path_1,71,48,79,7.15,4.05,0
IN2__SORT2__path_1,IN2,SORT2,path_1,72,48,80,7.25,4.05,0
IN2__SORT2__path_1,IN2,SORT2,path_1,73,48,81,7.35,4.05,0
IN2__SORT2__path_1,IN2,SORT2,path_1,74,48,82,7.45,4.05,0
IN2__SORT2__path_1,IN2,SORT2,path_1,75,48,83,7.55,4.05,0
IN2__SORT2__path_1,IN2,SORT2,path_1,76,48,84,7.65,4.05,0
IN2__SORT2__path_1,IN2,SORT2,path_1,77,48,85,7.75,4.05,0
IN2__SORT2__path_1,IN2,SORT2,path_1,78,48,86,7.85,4.05,0
IN2__SORT2__path_1,IN2,SORT2,path_1,79,48,87,7.95,4.05,0
IN2__SORT2__path_1,IN2,SORT2,path_1,80,48,88,8.05,4.05,0
IN2__SORT2__path_1,IN2,SORT2,path_1,81,48,89,8.15,4.05,0
IN2__SORT2__path_1,IN2,SORT2,path_1,82,48,90,8.25,4.05,0
IN2__SORT2__path_1,IN2,SORT2,path_1,83,48,91,8.35,4.05,0
IN2__SORT2__path_1,IN2,SORT2,path_1,84,48,92,8.45,4.05,0
IN2__SORT2__path_1,IN2,SORT2,path_1,85,48,93,8.55,4.05,0
IN2__SORT2__path_1,IN2,SORT2,path_1,86,48,94,8.65,4.05,0
IN2__SORT2__path_1,IN2,SORT2,path_1,87,48,95,8.75,4.05,0
IN2__SORT2__path_1,IN2,SORT2,path_1,88,48,96,8.85,4.05,0
IN2__SORT2__path_1,IN2,SORT2,path_1,89,48,97,8.95,4.05,0
IN2__SORT2__path_1,IN2,SORT2,path_1,90,48,98,9.05,4.05,0
IN2__SORT2__path_1,IN2,SORT2,path_1,91,48,99,9.15,4.05,0
IN2__SORT2__path_1,IN2,SORT2,path_1,92,48,100,9.25,4.05,0
IN2__SORT2__path_1,IN2,SORT2,path_1,93,48,101,9.35,4.05,0
IN2__SORT2__path_1,IN2,SORT2,path_1,94,48,102,9.45,4.05,0
IN2__SORT2__path_1,IN2,SORT2,path_1,95,48,103,9.55,4.05,0
IN2__SORT2__path_1,IN2,SORT2,path_1,96,48,104,9.65,4.05,0
IN2__SORT2__path_1,IN2,SORT2,path_1,97,48,105,9.75,4.05,0
IN2__SORT2__path_1,IN2,SORT2,path_1,98,48,106,9.85,4.05,0
IN2__SORT2__path_1,IN2,SORT2,path_1,99,48,107,9.95,4.05,0
IN2__SORT2__path_1,IN2,SORT2,path_1,100,48,108,10.05,4.05,0
IN2__SORT2__path_1,IN2,SORT2,path_1,101,48,109,10.15,4.05,0
IN2__SORT2__path_1,IN2,SORT2,path_1,102,48,110,10.25,4.05,0
IN2__SORT2__path_1,IN2,SORT2,path_1,103,48,111,10.35,4.05,0
IN2__OUT1__path_1,IN2,OUT1,path_1,0,57,8,0.05,4.95,0
IN2__OUT1__path_1,IN2,OUT1,path_1,1,57,9,0.15,4.95,0
IN2__OUT1__path_1,IN2,OUT1,path_1,2,57,10,0.25,4.95,0
IN2__OUT1__path_1,IN2,OUT1,path_1,3,57,11,0.35,4.95,0
IN2__OUT1__path_1,IN2,OUT1,path_1,4,57,12,0.45,4.95,0
IN2__OUT1__path_1,IN2,OUT1,path_1,5,57,13,0.55,4.95,0
IN2__OUT1__path_1,IN2,OUT1,path_1,6,57,14,0.65,4.95,0
IN2__OUT1__path_1,IN2,OUT1,path_1,7,57,15,0.75,4.95,0
IN2__OUT1__path_1,IN2,OUT1,path_1,8,57,16,0.85,4.95,0
IN2__OUT1__path_1,IN2,OUT1,path_1,9,57,17,0.95,4.95,0
IN2__OUT1__path_1,IN2,OUT1,path_1,10,57,18,1.05,4.95,0
IN2__OUT1__path_1,IN2,OUT1,path_1,11,57,19,1.15,4.95,0
IN2__OUT1__path_1,IN2,OUT1,path_1,12,56,20,1.25,4.85,0
IN2__OUT1__path_1,IN2,OUT1,path_1,13,55,21,1.35,4.75,0
IN2__OUT1__path_1,IN2,OUT1,path_1,14,54,22,1.45,4.65,0
IN2__OUT1__path_1,IN2,OUT1,path_1,15,53,23,1.55,4.55,0
IN2__OUT1__path_1,IN2,OUT1,path_1,16,52,24,1.65,4.45,0
IN2__OUT1__path_1,IN2,OUT1,path_1,17,51,25,1.75,4.35,0
IN2__OUT1__path_1,IN2,OUT1,path_1,18,51,26,1.85,4.35,0
IN2__OUT1__path_1,IN2,OUT1,path_1,19,51,27,1.95,4.35,0
IN2__OUT1__path_1,IN2,OUT1,path_1,20,51,28,2.05,4.35,0
IN2__OUT1__path_1,IN2,OUT1,path_1,21,51,29,2.15,4.35,0
IN2__OUT1__path_1,IN2,OUT1,path_1,22,51,30,2.25,4.35,0
IN2__OUT1__path_1,IN2,OUT1,path_1,23,51,31,2.35,4.35,0
IN2__OUT1__path_1,IN2,OUT1,path_1,24,51,32,2.45,4.35,0
IN2__OUT1__path_1,IN2,OUT1,path_1,25,51,33,2.55,4.35,0
IN2__OUT1__path_1,IN2,OUT1,path_1,26,51,34,2.65,4.35,0
IN2__OUT1__path_1,IN2,OUT1,path_1,27,51,35,2.75,4.35,0
IN2__OUT1__path_1,IN2,OUT1,path_1,28,51,36,2.85,4.35,0
IN2__OUT1__path_1,IN2,OUT1,path_1,29,51,37,2.95,4.35,0
IN2__OUT1__path_1,IN2,OUT1,path_1,30,51,38,3.05,4.35,0
IN2__OUT1__path_1,IN2,OUT1,path_1,31,51,39,3.15,4.35,0
IN2__OUT1__path_1,IN2,OUT1,path_1,32,51,40,3.25,4.35,0
IN2__OUT1__path_1,IN2,OUT1,path_1,33,51,41,3.35,4.35,0
IN2__OUT1__path_1,IN2,OUT1,path_1,34,50,42,3.45,4.25,0
IN2__OUT1__path_1,IN2,OUT1,path_1,35,49,43,3.55,4.15,0
IN2__OUT1__path_1,IN2,OUT1,path_1,36,49,44,3.65,4.15,0
IN2__OUT1__path_1,IN2,OUT1,path_1,37,49,45,3.75,4.15,0
IN2__OUT1__path_1,IN2,OUT1,path_1,38,49,46,3.85,4.15,0
IN2__OUT1__path_1,IN2,OUT1,path_1,39,49,47,3.95,4.15,0
IN2__OUT1__path_1,IN2,OUT1,path_1,40,49,48,4.05,4.15,0
IN2__OUT1__path_1,IN2,OUT1,path_1,41,49,49,4.15,4.15,0
IN2__OUT1__path_1,IN2,OUT1,path_1,42,49,50,4.25,4.15,0
IN2__OUT1__path_1,IN2,OUT1,path_1,43,49,51,4.35,4.15,0
IN2__OUT1__path_1,IN2,OUT1,path_1,44,49,52,4.45,4.15,0
IN2__OUT1__path_1,IN2,OUT1,path_1,45,49,53,4.55,4.15,0
IN2__OUT1__path_1,IN2,OUT1,path_1,46,49,54,4.65,4.15,0
IN2__OUT1__path_1,IN2,OUT1,path_1,47,49,55,4.75,4.15,0
IN2__OUT1__path_1,IN2,OUT1,path_1,48,49,56,4.85,4.15,0
IN2__OUT1__path_1,IN2,OUT1,path_1,49,49,57,4.95,4.15,0
IN2__OUT1__path_1,IN2,OUT1,path_1,50,49,58,5.05,4.15,0
IN2__OUT1__path_1,IN2,OUT1,path_1,51,49,59,5.15,4.15,0
IN2__OUT1__path_1,IN2,OUT1,path_1,52,49,60,5.25,4.15,0
IN2__OUT1__path_1,IN2,OUT1,path_1,53,49,61,5.35,4.15,0
IN2__OUT1__path_1,IN2,OUT1,path_1,54,49,62,5.45,4.15,0
IN2__OUT1__path_1,IN2,OUT1,path_1,55,49,63,5.55,4.15,0
IN2__OUT1__path_1,IN2,OUT1,path_1,56,49,64,5.65,4.15,0
IN2__OUT1__path_1,IN2,OUT1,path_1,57,49,65,5.75,4.15,0
IN2__OUT1__path_1,IN2,OUT1,path_1,58,49,66,5.85,4.15,0
IN2__OUT1__path_1,IN2,OUT1,path_1,59,49,67,5.95,4.15,0
IN2__OUT1__path_1,IN2,OUT1,path_1,60,48,68,6.05,4.05,0
IN2__OUT1__path_1,IN2,OUT1,path_1,61,48,69,6.15,4.05,0
IN2__OUT1__path_1,IN2,OUT1,path_1,62,48,70,6.25,4.05,0
IN2__OUT1__path_1,IN2,OUT1,path_1,63,48,71,6.35,4.05,0
IN2__OUT1__path_1,IN2,OUT1,path_1,64,48,72,6.45,4.05,0
IN2__OUT1__path_1,IN2,OUT1,path_1,65,48,73,6.55,4.05,0
IN2__OUT1__path_1,IN2,OUT1,path_1,66,48,74,6.65,4.05,0
IN2__OUT1__path_1,IN2,OUT1,path_1,67,48,75,6.75,4.05,0
IN2__OUT1__path_1,IN2,OUT1,path_1,68,48,76,6.85,4.05,0
IN2__OUT1__path_1,IN2,OUT1,path_1,69,48,77,6.95,4.05,0
IN2__OUT1__path_1,IN2,OUT1,path_1,70,48,78,7.05,4.05,0
IN2__OUT1__path_1,IN2,OUT1,path_1,71,48,79,7.15,4.05,0
IN2__OUT1__path_1,IN2,OUT1,path_1,72,48,80,7.25,4.05,0
IN2__OUT1__path_1,IN2,OUT1,path_1,73,48,81,7.35,4.05,0
IN2__OUT1__path_1,IN2,OUT1,path_1,74,48,82,7.45,4.05,0
IN2__OUT1__path_1,IN2,OUT1,path_1,75,47,83,7.55,3.95,0
IN2__OUT1__path_1,IN2,OUT1,path_1,76,47,84,7.65,3.95,0
IN2__OUT1__path_1,IN2,OUT1,path_1,77,47,85,7.75,3.95,0
IN2__OUT1__path_1,IN2,OUT1,path_1,78,46,86,7.85,3.85,0
IN2__OUT1__path_1,IN2,OUT1,path_1,79,46,87,7.95,3.85,0
IN2__OUT1__path_1,IN2,OUT1,path_1,80,45,88,8.05,3.75,0
IN2__OUT1__path_1,IN2,OUT1,path_1,81,45,89,8.15,3.75,0
IN2__OUT1__path_1,IN2,OUT1,path_1,82,44,90,8.25,3.65,0
IN2__OUT1__path_1,IN2,OUT1,path_1,83,44,91,8.35,3.65,0
IN2__OUT1__path_1,IN2,OUT1,path_1,84,43,92,8.45,3.55,0
IN2__OUT1__path_1,IN2,OUT1,path_1,85,43,93,8.55,3.55,0
IN2__OUT1__path_1,IN2,OUT1,path_1,86,42,94,8.65,3.45,0
IN2__OUT1__path_1,IN2,OUT1,path_1,87,42,95,8.75,3.45,0
IN2__OUT1__path_1,IN2,OUT1,path_1,88,42,96,8.85,3.45,0
IN2__OUT1__path_1,IN2,OUT1,path_1,89,41,97,8.95,3.35,0
IN2__OUT1__path_1,IN2,OUT1,path_1,90,41,98,9.05,3.35,0
IN2__OUT1__path_1,IN2,OUT1,path_1,91,40,99,9.15,3.25,0
IN2__OUT1__path_1,IN2,OUT1,path_1,92,40,100,9.25,3.25,0
IN2__OUT1__path_1,IN2,OUT1,path_1,93,39,101,9.35,3.15,0
IN2__OUT1__path_1,IN2,OUT1,path_1,94,39,102,9.45,3.15,0
IN2__OUT1__path_1,IN2,OUT1,path_1,95,38,103,9.55,3.05,0
IN2__OUT1__path_1,IN2,OUT1,path_1,96,38,104,9.65,3.05,0
IN2__OUT1__path_1,IN2,OUT1,path_1,97,37,105,9.75,2.95,0
IN2__OUT1__path_1,IN2,OUT1,path_1,98,37,106,9.85,2.95,0
IN2__OUT1__path_1,IN2,OUT1,path_1,99,37,107,9.95,2.95,0
IN2__OUT1__path_1,IN2,OUT1,path_1,100,36,108,10.05,2.85,0
IN2__OUT1__path_1,IN2,OUT1,path_1,101,36,109,10.15,2.85,0
IN2__OUT1__path_1,IN2,OUT1,path_1,102,35,110,10.25,2.75,0
IN2__OUT1__path_1,IN2,OUT1,path_1,103,35,111,10.35,2.75,0
IN2__OUT1__path_1,IN2,OUT1,path_1,104,34,112,10.45,2.65,0
IN2__OUT1__path_1,IN2,OUT1,path_1,105,34,113,10.55,2.65,0
IN2__OUT1__path_1,IN2,OUT1,path_1,106,33,114,10.65,2.55,0
IN2__OUT1__path_1,IN2,OUT1,path_1,107,33,115,10.75,2.55,0
IN2__OUT1__path_1,IN2,OUT1,path_1,108,32,116,10.85,2.45,0
IN2__OUT1__path_1,IN2,OUT1,path_1,109,32,117,10.95,2.45,0
IN2__OUT1__path_1,IN2,OUT1,path_1,110,32,118,11.05,2.45,0
IN2__OUT1__path_1,IN2,OUT1,path_1,111,31,119,11.15,2.35,0
IN2__OUT1__path_1,IN2,OUT1,path_1,112,31,120,11.25,2.35,0
IN2__OUT1__path_1,IN2,OUT1,path_1,113,30,121,11.35,2.25,0
IN2__OUT1__path_1,IN2,OUT1,path_1,114,30,122,11.45,2.25,0
IN2__OUT1__path_1,IN2,OUT1,path_1,115,29,123,11.55,2.15,0
IN2__OUT1__path_1,IN2,OUT1,path_1,116,29,124,11.65,2.15,0
IN2__OUT1__path_1,IN2,OUT1,path_1,117,28,125,11.75,2.05,0
IN2__OUT1__path_1,IN2,OUT1,path_1,118,28,126,11.85,2.05,0
IN2__OUT1__path_1,IN2,OUT1,path_1,119,28,127,11.95,2.05,0
IN2__OUT1__path_1,IN2,OUT1,path_1,120,27,128,12.05,1.95,0
IN2__OUT2__path_1,IN2,OUT2,path_1,0,57,8,0.05,4.95,0
IN2__OUT2__path_1,IN2,OUT2,path_1,1,57,9,0.15,4.95,0
IN2__OUT2__path_1,IN2,OUT2,path_1,2,57,10,0.25,4.95,0
IN2__OUT2__path_1,IN2,OUT2,path_1,3,57,11,0.35,4.95,0
IN2__OUT2__path_1,IN2,OUT2,path_1,4,57,12,0.45,4.95,0
IN2__OUT2__path_1,IN2,OUT2,path_1,5,57,13,0.55,4.95,0
IN2__OUT2__path_1,IN2,OUT2,path_1,6,57,14,0.65,4.95,0
IN2__OUT2__path_1,IN2,OUT2,path_1,7,57,15,0.75,4.95,0
IN2__OUT2__path_1,IN2,OUT2,path_1,8,57,16,0.85,4.95,0
IN2__OUT2__path_1,IN2,OUT2,path_1,9,57,17,0.95,4.95,0
IN2__OUT2__path_1,IN2,OUT2,path_1,10,57,18,1.05,4.95,0
IN2__OUT2__path_1,IN2,OUT2,path_1,11,57,19,1.15,4.95,0
IN2__OUT2__path_1,IN2,OUT2,path_1,12,56,20,1.25,4.85,0
IN2__OUT2__path_1,IN2,OUT2,path_1,13,55,21,1.35,4.75,0
IN2__OUT2__path_1,IN2,OUT2,path_1,14,54,22,1.45,4.65,0
IN2__OUT2__path_1,IN2,OUT2,path_1,15,53,23,1.55,4.55,0
IN2__OUT2__path_1,IN2,OUT2,path_1,16,52,24,1.65,4.45,0
IN2__OUT2__path_1,IN2,OUT2,path_1,17,51,25,1.75,4.35,0
IN2__OUT2__path_1,IN2,OUT2,path_1,18,51,26,1.85,4.35,0
IN2__OUT2__path_1,IN2,OUT2,path_1,19,51,27,1.95,4.35,0
IN2__OUT2__path_1,IN2,OUT2,path_1,20,51,28,2.05,4.35,0
IN2__OUT2__path_1,IN2,OUT2,path_1,21,51,29,2.15,4.35,0
IN2__OUT2__path_1,IN2,OUT2,path_1,22,51,30,2.25,4.35,0
IN2__OUT2__path_1,IN2,OUT2,path_1,23,51,31,2.35,4.35,0
IN2__OUT2__path_1,IN2,OUT2,path_1,24,51,32,2.45,4.35,0
IN2__OUT2__path_1,IN2,OUT2,path_1,25,51,33,2.55,4.35,0
IN2__OUT2__path_1,IN2,OUT2,path_1,26,51,34,2.65,4.35,0
IN2__OUT2__path_1,IN2,OUT2,path_1,27,51,35,2.75,4.35,0
IN2__OUT2__path_1,IN2,OUT2,path_1,28,51,36,2.85,4.35,0
IN2__OUT2__path_1,IN2,OUT2,path_1,29,51,37,2.95,4.35,0
IN2__OUT2__path_1,IN2,OUT2,path_1,30,51,38,3.05,4.35,0
IN2__OUT2__path_1,IN2,OUT2,path_1,31,51,39,3.15,4.35,0
IN2__OUT2__path_1,IN2,OUT2,path_1,32,51,40,3.25,4.35,0
IN2__OUT2__path_1,IN2,OUT2,path_1,33,51,41,3.35,4.35,0
IN2__OUT2__path_1,IN2,OUT2,path_1,34,50,42,3.45,4.25,0
IN2__OUT2__path_1,IN2,OUT2,path_1,35,49,43,3.55,4.15,0
IN2__OUT2__path_1,IN2,OUT2,path_1,36,49,44,3.65,4.15,0
IN2__OUT2__path_1,IN2,OUT2,path_1,37,49,45,3.75,4.15,0
IN2__OUT2__path_1,IN2,OUT2,path_1,38,49,46,3.85,4.15,0
IN2__OUT2__path_1,IN2,OUT2,path_1,39,49,47,3.95,4.15,0
IN2__OUT2__path_1,IN2,OUT2,path_1,40,49,48,4.05,4.15,0
IN2__OUT2__path_1,IN2,OUT2,path_1,41,49,49,4.15,4.15,0
IN2__OUT2__path_1,IN2,OUT2,path_1,42,49,50,4.25,4.15,0
IN2__OUT2__path_1,IN2,OUT2,path_1,43,49,51,4.35,4.15,0
IN2__OUT2__path_1,IN2,OUT2,path_1,44,49,52,4.45,4.15,0
IN2__OUT2__path_1,IN2,OUT2,path_1,45,49,53,4.55,4.15,0
IN2__OUT2__path_1,IN2,OUT2,path_1,46,49,54,4.65,4.15,0
IN2__OUT2__path_1,IN2,OUT2,path_1,47,49,55,4.75,4.15,0
IN2__OUT2__path_1,IN2,OUT2,path_1,48,49,56,4.85,4.15,0
IN2__OUT2__path_1,IN2,OUT2,path_1,49,49,57,4.95,4.15,0
IN2__OUT2__path_1,IN2,OUT2,path_1,50,49,58,5.05,4.15,0
IN2__OUT2__path_1,IN2,OUT2,path_1,51,49,59,5.15,4.15,0
IN2__OUT2__path_1,IN2,OUT2,path_1,52,49,60,5.25,4.15,0
IN2__OUT2__path_1,IN2,OUT2,path_1,53,49,61,5.35,4.15,0
IN2__OUT2__path_1,IN2,OUT2,path_1,54,49,62,5.45,4.15,0
IN2__OUT2__path_1,IN2,OUT2,path_1,55,49,63,5.55,4.15,0
IN2__OUT2__path_1,IN2,OUT2,path_1,56,49,64,5.65,4.15,0
IN2__OUT2__path_1,IN2,OUT2,path_1,57,49,65,5.75,4.15,0
IN2__OUT2__path_1,IN2,OUT2,path_1,58,49,66,5.85,4.15,0
IN2__OUT2__path_1,IN2,OUT2,path_1,59,49,67,5.95,4.15,0
IN2__OUT2__path_1,IN2,OUT2,path_1,60,48,68,6.05,4.05,0
IN2__OUT2__path_1,IN2,OUT2,path_1,61,48,69,6.15,4.05,0
IN2__OUT2__path_1,IN2,OUT2,path_1,62,48,70,6.25,4.05,0
IN2__OUT2__path_1,IN2,OUT2,path_1,63,48,71,6.35,4.05,0
IN2__OUT2__path_1,IN2,OUT2,path_1,64,48,72,6.45,4.05,0
IN2__OUT2__path_1,IN2,OUT2,path_1,65,48,73,6.55,4.05,0
IN2__OUT2__path_1,IN2,OUT2,path_1,66,48,74,6.65,4.05,0
IN2__OUT2__path_1,IN2,OUT2,path_1,67,48,75,6.75,4.05,0
IN2__OUT2__path_1,IN2,OUT2,path_1,68,48,76,6.85,4.05,0
IN2__OUT2__path_1,IN2,OUT2,path_1,69,48,77,6.95,4.05,0
IN2__OUT2__path_1,IN2,OUT2,path_1,70,48,78,7.05,4.05,0
IN2__OUT2__path_1,IN2,OUT2,path_1,71,48,79,7.15,4.05,0
IN2__OUT2__path_1,IN2,OUT2,path_1,72,48,80,7.25,4.05,0
IN2__OUT2__path_1,IN2,OUT2,path_1,73,48,81,7.35,4.05,0
IN2__OUT2__path_1,IN2,OUT2,path_1,74,48,82,7.45,4.05,0
IN2__OUT2__path_1,IN2,OUT2,path_1,75,48,83,7.55,4.05,0
IN2__OUT2__path_1,IN2,OUT2,path_1,76,48,84,7.65,4.05,0
IN2__OUT2__path_1,IN2,OUT2,path_1,77,48,85,7.75,4.05,0
IN2__OUT2__path_1,IN2,OUT2,path_1,78,48,86,7.85,4.05,0
IN2__OUT2__path_1,IN2,OUT2,path_1,79,48,87,7.95,4.05,0
IN2__OUT2__path_1,IN2,OUT2,path_1,80,48,88,8.05,4.05,0
IN2__OUT2__path_1,IN2,OUT2,path_1,81,48,89,8.15,4.05,0
IN2__OUT2__path_1,IN2,OUT2,path_1,82,48,90,8.25,4.05,0
IN2__OUT2__path_1,IN2,OUT2,path_1,83,48,91,8.35,4.05,0
IN2__OUT2__path_1,IN2,OUT2,path_1,84,48,92,8.45,4.05,0
IN2__OUT2__path_1,IN2,OUT2,path_1,85,48,93,8.55,4.05,0
IN2__OUT2__path_1,IN2,OUT2,path_1,86,48,94,8.65,4.05,0
IN2__OUT2__path_1,IN2,OUT2,path_1,87,48,95,8.75,4.05,0
IN2__OUT2__path_1,IN2,OUT2,path_1,88,48,96,8.85,4.05,0
IN2__OUT2__path_1,IN2,OUT2,path_1,89,48,97,8.95,4.05,0
IN2__OUT2__path_1,IN2,OUT2,path_1,90,48,98,9.05,4.05,0
IN2__OUT2__path_1,IN2,OUT2,path_1,91,48,99,9.15,4.05,0
IN2__OUT2__path_1,IN2,OUT2,path_1,92,48,100,9.25,4.05,0
IN2__OUT2__path_1,IN2,OUT2,path_1,93,48,101,9.35,4.05,0
IN2__OUT2__path_1,IN2,OUT2,path_1,94,48,102,9.45,4.05,0
IN2__OUT2__path_1,IN2,OUT2,path_1,95,48,103,9.55,4.05,0
IN2__OUT2__path_1,IN2,OUT2,path_1,96,48,104,9.65,4.05,0
IN2__OUT2__path_1,IN2,OUT2,path_1,97,48,105,9.75,4.05,0
IN2__OUT2__path_1,IN2,OUT2,path_1,98,48,106,9.85,4.05,0
IN2__OUT2__path_1,IN2,OUT2,path_1,99,48,107,9.95,4.05,0
IN2__OUT2__path_1,IN2,OUT2,path_1,100,48,108,10.05,4.05,0
IN2__OUT2__path_1,IN2,OUT2,path_1,101,48,109,10.15,4.05,0
IN2__OUT2__path_1,IN2,OUT2,path_1,102,48,110,10.25,4.05,0
IN2__OUT2__path_1,IN2,OUT2,path_1,103,48,111,10.35,4.05,0
IN2__OUT2__path_1,IN2,OUT2,path_1,104,48,112,10.45,4.05,0
IN2__OUT2__path_1,IN2,OUT2,path_1,105,48,113,10.55,4.05,0
IN2__OUT2__path_1,IN2,OUT2,path_1,106,48,114,10.65,4.05,0
IN2__OUT2__path_1,IN2,OUT2,path_1,107,48,115,10.75,4.05,0
IN2__OUT2__path_1,IN2,OUT2,path_1,108,48,116,10.85,4.05,0
IN2__OUT2__path_1,IN2,OUT2,path_1,109,48,117,10.95,4.05,0
IN2__OUT2__path_1,IN2,OUT2,path_1,110,48,118,11.05,4.05,0
IN2__OUT2__path_1,IN2,OUT2,path_1,111,48,119,11.15,4.05,0
IN2__OUT2__path_1,IN2,OUT2,path_1,112,48,120,11.25,4.05,0
IN2__OUT2__path_1,IN2,OUT2,path_1,113,48,121,11.35,4.05,0
IN2__OUT2__path_1,IN2,OUT2,path_1,114,48,122,11.45,4.05,0
IN2__OUT2__path_1,IN2,OUT2,path_1,115,48,123,11.55,4.05,0
IN2__OUT2__path_1,IN2,OUT2,path_1,116,48,124,11.65,4.05,0
IN2__OUT2__path_1,IN2,OUT2,path_1,117,48,125,11.75,4.05,0
IN2__OUT2__path_1,IN2,OUT2,path_1,118,48,126,11.85,4.05,0
IN2__OUT2__path_1,IN2,OUT2,path_1,119,48,127,11.95,4.05,0
IN2__OUT2__path_1,IN2,OUT2,path_1,120,47,128,12.05,3.95,0
IN2__CHG1__path_1,IN2,CHG1,path_1,0,57,8,0.05,4.95,0
IN2__CHG1__path_1,IN2,CHG1,path_1,1,56,8,0.05,4.85,0
IN2__CHG1__path_1,IN2,CHG1,path_1,2,55,8,0.05,4.75,0
IN2__CHG1__path_1,IN2,CHG1,path_1,3,54,8,0.05,4.65,0
IN2__CHG1__path_1,IN2,CHG1,path_1,4,53,8,0.05,4.55,0
IN2__CHG1__path_1,IN2,CHG1,path_1,5,52,8,0.05,4.45,0
IN2__CHG1__path_1,IN2,CHG1,path_1,6,51,8,0.05,4.35,0
IN2__CHG1__path_1,IN2,CHG1,path_1,7,50,8,0.05,4.25,0
IN2__CHG1__path_1,IN2,CHG1,path_1,8,49,8,0.05,4.15,0
IN2__CHG1__path_1,IN2,CHG1,path_1,9,48,8,0.05,4.05,0
IN2__CHG1__path_1,IN2,CHG1,path_1,10,47,8,0.05,3.95,0
IN2__CHG1__path_1,IN2,CHG1,path_1,11,46,8,0.05,3.85,0
IN2__CHG1__path_1,IN2,CHG1,path_1,12,45,9,0.15,3.75,0
IN2__CHG1__path_1,IN2,CHG1,path_1,13,44,10,0.25,3.65,0
IN2__CHG1__path_1,IN2,CHG1,path_1,14,43,11,0.35,3.55,0
IN2__CHG1__path_1,IN2,CHG1,path_1,15,42,12,0.45,3.45,0
IN2__CHG1__path_1,IN2,CHG1,path_1,16,41,13,0.55,3.35,0
IN2__CHG1__path_1,IN2,CHG1,path_1,17,40,14,0.65,3.25,0
IN2__CHG1__path_1,IN2,CHG1,path_1,18,39,14,0.65,3.15,0
IN2__CHG1__path_1,IN2,CHG1,path_1,19,38,14,0.65,3.05,0
IN2__CHG1__path_1,IN2,CHG1,path_1,20,37,14,0.65,2.95,0
IN2__CHG1__path_1,IN2,CHG1,path_1,21,36,14,0.65,2.85,0
IN2__CHG1__path_1,IN2,CHG1,path_1,22,35,14,0.65,2.75,0
IN2__CHG1__path_1,IN2,CHG1,path_1,23,34,14,0.65,2.65,0
IN2__CHG1__path_1,IN2,CHG1,path_1,24,33,14,0.65,2.55,0
IN2__CHG1__path_1,IN2,CHG1,path_1,25,32,14,0.65,2.45,0
IN2__CHG1__path_1,IN2,CHG1,path_1,26,31,14,0.65,2.35,0
IN2__CHG1__path_1,IN2,CHG1,path_1,27,30,14,0.65,2.25,0
IN2__CHG1__path_1,IN2,CHG1,path_1,28,29,14,0.65,2.15,0
IN2__CHG1__path_1,IN2,CHG1,path_1,29,28,14,0.65,2.05,0
IN2__CHG1__path_1,IN2,CHG1,path_1,30,27,14,0.65,1.95,0
IN2__CHG1__path_1,IN2,CHG1,path_1,31,26,14,0.65,1.85,0
IN2__CHG1__path_1,IN2,CHG1,path_1,32,25,14,0.65,1.75,0
IN2__CHG1__path_1,IN2,CHG1,path_1,33,24,14,0.65,1.65,0
IN2__CHG1__path_1,IN2,CHG1,path_1,34,23,14,0.65,1.55,0
IN2__CHG1__path_1,IN2,CHG1,path_1,35,22,14,0.65,1.45,0
IN2__CHG1__path_1,IN2,CHG1,path_1,36,21,15,0.75,1.35,0
IN2__CHG1__path_1,IN2,CHG1,path_1,37,20,16,0.85,1.25,0
IN2__CHG1__path_1,IN2,CHG1,path_1,38,19,16,0.85,1.15,0
IN2__CHG1__path_1,IN2,CHG1,path_1,39,18,16,0.85,1.05,0
IN2__CHG1__path_1,IN2,CHG1,path_1,40,17,16,0.85,0.95,0
IN2__CHG1__path_1,IN2,CHG1,path_1,41,16,16,0.85,0.85,0
IN2__CHG1__path_1,IN2,CHG1,path_1,42,15,16,0.85,0.75,0
IN2__CHG1__path_1,IN2,CHG1,path_1,43,14,16,0.85,0.65,0
IN2__CHG1__path_1,IN2,CHG1,path_1,44,13,16,0.85,0.55,0
IN2__CHG1__path_1,IN2,CHG1,path_1,45,12,16,0.85,0.45,0
IN2__CHG1__path_1,IN2,CHG1,path_1,46,11,17,0.95,0.35,0
IN2__CHG1__path_1,IN2,CHG1,path_1,47,10,17,0.95,0.25,0
IN2__CHG1__path_1,IN2,CHG1,path_1,48,9,17,0.95,0.15,0
IN2__CHG1__path_1,IN2,CHG1,path_1,49,8,18,1.05,0.05,0
IN2__CHG2__path_1,IN2,CHG2,path_1,0,57,8,0.05,4.95,0
IN2__CHG2__path_1,IN2,CHG2,path_1,1,56,9,0.15,4.85,0
IN2__CHG2__path_1,IN2,CHG2,path_1,2,55,10,0.25,4.75,0
IN2__CHG2__path_1,IN2,CHG2,path_1,3,54,11,0.35,4.65,0
IN2__CHG2__path_1,IN2,CHG2,path_1,4,53,12,0.45,4.55,0
IN2__CHG2__path_1,IN2,CHG2,path_1,5,52,13,0.55,4.45,0
IN2__CHG2__path_1,IN2,CHG2,path_1,6,51,14,0.65,4.35,0
IN2__CHG2__path_1,IN2,CHG2,path_1,7,50,15,0.75,4.25,0
IN2__CHG2__path_1,IN2,CHG2,path_1,8,49,16,0.85,4.15,0
IN2__CHG2__path_1,IN2,CHG2,path_1,9,48,17,0.95,4.05,0
IN2__CHG2__path_1,IN2,CHG2,path_1,10,47,18,1.05,3.95,0
IN2__CHG2__path_1,IN2,CHG2,path_1,11,46,19,1.15,3.85,0
IN2__CHG2__path_1,IN2,CHG2,path_1,12,45,20,1.25,3.75,0
IN2__CHG2__path_1,IN2,CHG2,path_1,13,44,21,1.35,3.65,0
IN2__CHG2__path_1,IN2,CHG2,path_1,14,43,22,1.45,3.55,0
IN2__CHG2__path_1,IN2,CHG2,path_1,15,42,23,1.55,3.45,0
IN2__CHG2__path_1,IN2,CHG2,path_1,16,41,24,1.65,3.35,0
IN2__CHG2__path_1,IN2,CHG2,path_1,17,40,25,1.75,3.25,0
IN2__CHG2__path_1,IN2,CHG2,path_1,18,39,26,1.85,3.15,0
IN2__CHG2__path_1,IN2,CHG2,path_1,19,38,27,1.95,3.05,0
IN2__CHG2__path_1,IN2,CHG2,path_1,20,37,28,2.05,2.95,0
IN2__CHG2__path_1,IN2,CHG2,path_1,21,36,29,2.15,2.85,0
IN2__CHG2__path_1,IN2,CHG2,path_1,22,35,30,2.25,2.75,0
IN2__CHG2__path_1,IN2,CHG2,path_1,23,34,31,2.35,2.65,0
IN2__CHG2__path_1,IN2,CHG2,path_1,24,33,32,2.45,2.55,0
IN2__CHG2__path_1,IN2,CHG2,path_1,25,32,33,2.55,2.45,0
IN2__CHG2__path_1,IN2,CHG2,path_1,26,31,34,2.65,2.35,0
IN2__CHG2__path_1,IN2,CHG2,path_1,27,30,35,2.75,2.25,0
IN2__CHG2__path_1,IN2,CHG2,path_1,28,29,36,2.85,2.15,0
IN2__CHG2__path_1,IN2,CHG2,path_1,29,28,37,2.95,2.05,0
IN2__CHG2__path_1,IN2,CHG2,path_1,30,27,38,3.05,1.95,0
IN2__CHG2__path_1,IN2,CHG2,path_1,31,26,38,3.05,1.85,0
IN2__CHG2__path_1,IN2,CHG2,path_1,32,25,38,3.05,1.75,0
IN2__CHG2__path_1,IN2,CHG2,path_1,33,24,38,3.05,1.65,0
IN2__CHG2__path_1,IN2,CHG2,path_1,34,23,38,3.05,1.55,0
IN2__CHG2__path_1,IN2,CHG2,path_1,35,22,38,3.05,1.45,0
IN2__CHG2__path_1,IN2,CHG2,path_1,36,21,38,3.05,1.35,0
IN2__CHG2__path_1,IN2,CHG2,path_1,37,20,38,3.05,1.25,0
IN2__CHG2__path_1,IN2,CHG2,path_1,38,19,38,3.05,1.15,0
IN2__CHG2__path_1,IN2,CHG2,path_1,39,18,38,3.05,1.05,0
IN2__CHG2__path_1,IN2,CHG2,path_1,40,17,38,3.05,0.95,0
IN2__CHG2__path_1,IN2,CHG2,path_1,41,16,38,3.05,0.85,0
IN2__CHG2__path_1,IN2,CHG2,path_1,42,15,38,3.05,0.75,0
IN2__CHG2__path_1,IN2,CHG2,path_1,43,14,38,3.05,0.65,0
IN2__CHG2__path_1,IN2,CHG2,path_1,44,13,38,3.05,0.55,0
IN2__CHG2__path_1,IN2,CHG2,path_1,45,12,38,3.05,0.45,0
IN2__CHG2__path_1,IN2,CHG2,path_1,46,11,38,3.05,0.35,0
IN2__CHG2__path_1,IN2,CHG2,path_1,47,10,38,3.05,0.25,0
IN2__CHG2__path_1,IN2,CHG2,path_1,48,10,39,3.15,0.25,0
IN2__CHG2__path_1,IN2,CHG2,path_1,49,10,40,3.25,0.25,0
IN2__CHG2__path_1,IN2,CHG2,path_1,50,10,41,3.35,0.25,0
IN2__CHG2__path_1,IN2,CHG2,path_1,51,10,42,3.45,0.25,0
IN2__CHG2__path_1,IN2,CHG2,path_1,52,10,43,3.55,0.25,0
IN2__CHG2__path_1,IN2,CHG2,path_1,53,10,44,3.65,0.25,0
IN2__CHG2__path_1,IN2,CHG2,path_1,54,10,45,3.75,0.25,0
IN2__CHG2__path_1,IN2,CHG2,path_1,55,10,46,3.85,0.25,0
IN2__CHG2__path_1,IN2,CHG2,path_1,56,10,47,3.95,0.25,0
IN2__CHG2__path_1,IN2,CHG2,path_1,57,10,48,4.05,0.25,0
IN2__CHG2__path_1,IN2,CHG2,path_1,58,10,49,4.15,0.25,0
IN2__CHG2__path_1,IN2,CHG2,path_1,59,10,50,4.25,0.25,0
IN2__CHG2__path_1,IN2,CHG2,path_1,60,10,51,4.35,0.25,0
IN2__CHG2__path_1,IN2,CHG2,path_1,61,10,52,4.45,0.25,0
IN2__CHG2__path_1,IN2,CHG2,path_1,62,10,53,4.55,0.25,0
IN2__CHG2__path_1,IN2,CHG2,path_1,63,10,54,4.65,0.25,0
IN2__CHG2__path_1,IN2,CHG2,path_1,64,10,55,4.75,0.25,0
IN2__CHG2__path_1,IN2,CHG2,path_1,65,10,56,4.85,0.25,0
IN2__CHG2__path_1,IN2,CHG2,path_1,66,10,57,4.95,0.25,0
IN2__CHG2__path_1,IN2,CHG2,path_1,67,10,58,5.05,0.25,0
IN2__CHG2__path_1,IN2,CHG2,path_1,68,10,59,5.15,0.25,0
IN2__CHG2__path_1,IN2,CHG2,path_1,69,10,60,5.25,0.25,0
IN2__CHG2__path_1,IN2,CHG2,path_1,70,10,61,5.35,0.25,0
IN2__CHG2__path_1,IN2,CHG2,path_1,71,10,62,5.45,0.25,0
IN2__CHG2__path_1,IN2,CHG2,path_1,72,10,63,5.55,0.25,0
IN2__CHG2__path_1,IN2,CHG2,path_1,73,10,64,5.65,0.25,0
IN2__CHG2__path_1,IN2,CHG2,path_1,74,10,65,5.75,0.25,0
IN2__CHG2__path_1,IN2,CHG2,path_1,75,10,66,5.85,0.25,0
IN2__CHG2__path_1,IN2,CHG2,path_1,76,10,67,5.95,0.25,0
IN2__CHG2__path_1,IN2,CHG2,path_1,77,10,68,6.05,0.25,0
IN2__CHG2__path_1,IN2,CHG2,path_1,78,10,69,6.15,0.25,0
IN2__CHG2__path_1,IN2,CHG2,path_1,79,10,70,6.25,0.25,0
IN2__CHG2__path_1,IN2,CHG2,path_1,80,10,71,6.35,0.25,0
IN2__CHG2__path_1,IN2,CHG2,path_1,81,10,72,6.45,0.25,0
IN2__CHG2__path_1,IN2,CHG2,path_1,82,10,73,6.55,0.25,0
IN2__CHG2__path_1,IN2,CHG2,path_1,83,10,74,6.65,0.25,0
IN2__CHG2__path_1,IN2,CHG2,path_1,84,10,75,6.75,0.25,0
IN2__CHG2__path_1,IN2,CHG2,path_1,85,10,76,6.85,0.25,0
IN2__CHG2__path_1,IN2,CHG2,path_1,86,10,77,6.95,0.25,0
IN2__CHG2__path_1,IN2,CHG2,path_1,87,10,78,7.05,0.25,0
IN2__CHG2__path_1,IN2,CHG2,path_1,88,10,79,7.15,0.25,0
IN2__CHG2__path_1,IN2,CHG2,path_1,89,10,80,7.25,0.25,0
IN2__CHG2__path_1,IN2,CHG2,path_1,90,10,81,7.35,0.25,0
IN2__CHG2__path_1,IN2,CHG2,path_1,91,10,82,7.45,0.25,0
IN2__CHG2__path_1,IN2,CHG2,path_1,92,10,83,7.55,0.25,0
IN2__CHG2__path_1,IN2,CHG2,path_1,93,10,84,7.65,0.25,0
IN2__CHG2__path_1,IN2,CHG2,path_1,94,10,85,7.75,0.25,0
IN2__CHG2__path_1,IN2,CHG2,path_1,95,10,86,7.85,0.25,0
IN2__CHG2__path_1,IN2,CHG2,path_1,96,10,87,7.95,0.25,0
IN2__CHG2__path_1,IN2,CHG2,path_1,97,10,88,8.05,0.25,0
IN2__CHG2__path_1,IN2,CHG2,path_1,98,10,89,8.15,0.25,0
IN2__CHG2__path_1,IN2,CHG2,path_1,99,10,90,8.25,0.25,0
IN2__CHG2__path_1,IN2,CHG2,path_1,100,10,91,8.35,0.25,0
IN2__CHG2__path_1,IN2,CHG2,path_1,101,10,92,8.45,0.25,0
IN2__CHG2__path_1,IN2,CHG2,path_1,102,10,93,8.55,0.25,0
IN2__CHG2__path_1,IN2,CHG2,path_1,103,10,94,8.65,0.25,0
IN2__CHG2__path_1,IN2,CHG2,path_1,104,9,95,8.75,0.15,0
IN2__CHG2__path_1,IN2,CHG2,path_1,105,9,96,8.85,0.15,0
IN2__CHG2__path_1,IN2,CHG2,path_1,106,9,97,8.95,0.15,0
IN2__CHG2__path_1,IN2,CHG2,path_1,107,8,98,9.05,0.05,0
P1__IN1__path_1,P1,IN1,path_1,0,17,37,2.95,0.95,0
P1__IN1__path_1,P1,IN1,path_1,1,17,36,2.85,0.95,0
P1__IN1__path_1,P1,IN1,path_1,2,17,35,2.75,0.95,0
P1__IN1__path_1,P1,IN1,path_1,3,17,34,2.65,0.95,0
P1__IN1__path_1,P1,IN1,path_1,4,17,33,2.55,0.95,0
P1__IN1__path_1,P1,IN1,path_1,5,17,32,2.45,0.95,0
P1__IN1__path_1,P1,IN1,path_1,6,17,31,2.35,0.95,0
P1__IN1__path_1,P1,IN1,path_1,7,17,30,2.25,0.95,0
P1__IN1__path_1,P1,IN1,path_1,8,17,29,2.15,0.95,0
P1__IN1__path_1,P1,IN1,path_1,9,17,28,2.05,0.95,0
P1__IN1__path_1,P1,IN1,path_1,10,17,27,1.95,0.95,0
P1__IN1__path_1,P1,IN1,path_1,11,17,26,1.85,0.95,0
P1__IN1__path_1,P1,IN1,path_1,12,17,25,1.75,0.95,0
P1__IN1__path_1,P1,IN1,path_1,13,17,24,1.65,0.95,0
P1__IN1__path_1,P1,IN1,path_1,14,17,23,1.55,0.95,0
P1__IN1__path_1,P1,IN1,path_1,15,17,22,1.45,0.95,0
P1__IN1__path_1,P1,IN1,path_1,16,17,21,1.35,0.95,0
P1__IN1__path_1,P1,IN1,path_1,17,17,20,1.25,0.95,0
P1__IN1__path_1,P1,IN1,path_1,18,17,19,1.15,0.95,0
P1__IN1__path_1,P1,IN1,path_1,19,17,18,1.05,0.95,0
P1__IN1__path_1,P1,IN1,path_1,20,17,17,0.95,0.95,0
P1__IN1__path_1,P1,IN1,path_1,21,17,16,0.85,0.95,0
P1__IN1__path_1,P1,IN1,path_1,22,17,15,0.75,0.95,0
P1__IN1__path_1,P1,IN1,path_1,23,17,14,0.65,0.95,0
P1__IN1__path_1,P1,IN1,path_1,24,17,13,0.55,0.95,0
P1__IN1__path_1,P1,IN1,path_1,25,17,12,0.45,0.95,0
P1__IN1__path_1,P1,IN1,path_1,26,17,11,0.35,0.95,0
P1__IN1__path_1,P1,IN1,path_1,27,17,10,0.25,0.95,0
P1__IN1__path_1,P1,IN1,path_1,28,17,9,0.15,0.95,0
P1__IN1__path_1,P1,IN1,path_1,29,18,8,0.05,1.05,0
P1__IN2__path_1,P1,IN2,path_1,0,17,37,2.95,0.95,0
P1__IN2__path_1,P1,IN2,path_1,1,18,36,2.85,1.05,0
P1__IN2__path_1,P1,IN2,path_1,2,19,35,2.75,1.15,0
P1__IN2__path_1,P1,IN2,path_1,3,20,34,2.65,1.25,0
P1__IN2__path_1,P1,IN2,path_1,4,21,33,2.55,1.35,0
P1__IN2__path_1,P1,IN2,path_1,5,22,32,2.45,1.45,0
P1__IN2__path_1,P1,IN2,path_1,6,23,31,2.35,1.55,0
P1__IN2__path_1,P1,IN2,path_1,7,24,30,2.25,1.65,0
P1__IN2__path_1,P1,IN2,path_1,8,25,29,2.15,1.75,0
P1__IN2__path_1,P1,IN2,path_1,9,26,28,2.05,1.85,0
P1__IN2__path_1,P1,IN2,path_1,10,27,27,1.95,1.95,0
P1__IN2__path_1,P1,IN2,path_1,11,28,26,1.85,2.05,0
P1__IN2__path_1,P1,IN2,path_1,12,29,25,1.75,2.15,0
P1__IN2__path_1,P1,IN2,path_1,13,30,24,1.65,2.25,0
P1__IN2__path_1,P1,IN2,path_1,14,31,23,1.55,2.35,0
P1__IN2__path_1,P1,IN2,path_1,15,32,22,1.45,2.45,0
P1__IN2__path_1,P1,IN2,path_1,16,33,21,1.35,2.55,0
P1__IN2__path_1,P1,IN2,path_1,17,34,20,1.25,2.65,0
P1__IN2__path_1,P1,IN2,path_1,18,35,19,1.15,2.75,0
P1__IN2__path_1,P1,IN2,path_1,19,36,18,1.05,2.85,0
P1__IN2__path_1,P1,IN2,path_1,20,37,17,0.95,2.95,0
P1__IN2__path_1,P1,IN2,path_1,21,38,17,0.95,3.05,0
P1__IN2__path_1,P1,IN2,path_1,22,39,16,0.85,3.15,0
P1__IN2__path_1,P1,IN2,path_1,23,40,16,0.85,3.25,0
P1__IN2__path_1,P1,IN2,path_1,24,41,15,0.75,3.35,0
P1__IN2__path_1,P1,IN2,path_1,25,42,14,0.65,3.45,0
P1__IN2__path_1,P1,IN2,path_1,26,43,13,0.55,3.55,0
P1__IN2__path_1,P1,IN2,path_1,27,44,12,0.45,3.65,0
P1__IN2__path_1,P1,IN2,path_1,28,45,11,0.35,3.75,0
P1__IN2__path_1,P1,IN2,path_1,29,46,10,0.25,3.85,0
P1__IN2__path_1,P1,IN2,path_1,30,47,10,0.25,3.95,0
P1__IN2__path_1,P1,IN2,path_1,31,48,10,0.25,4.05,0
P1__IN2__path_1,P1,IN2,path_1,32,49,10,0.25,4.15,0
P1__IN2__path_1,P1,IN2,path_1,33,50,10,0.25,4.25,0
P1__IN2__path_1,P1,IN2,path_1,34,51,10,0.25,4.35,0
P1__IN2__path_1,P1,IN2,path_1,35,52,10,0.25,4.45,0
P1__IN2__path_1,P1,IN2,path_1,36,53,10,0.25,4.55,0
P1__IN2__path_1,P1,IN2,path_1,37,54,9,0.15,4.65,0
P1__IN2__path_1,P1,IN2,path_1,38,55,9,0.15,4.75,0
P1__IN2__path_1,P1,IN2,path_1,39,56,9,0.15,4.85,0
P1__IN2__path_1,P1,IN2,path_1,40,57,8,0.05,4.95,0
P1__P2__path_1,P1,P2,path_1,0,17,37,2.95,0.95,0
P1__P2__path_1,P1,P2,path_1,1,16,38,3.05,0.85,0
P1__P2__path_1,P1,P2,path_1,2,15,38,3.05,0.75,0
P1__P2__path_1,P1,P2,path_1,3,14,38,3.05,0.65,0
P1__P2__path_1,P1,P2,path_1,4,13,38,3.05,0.55,0
P1__P2__path_1,P1,P2,path_1,5,12,38,3.05,0.45,0
P1__P2__path_1,P1,P2,path_1,6,11,38,3.05,0.35,0
P1__P2__path_1,P1,P2,path_1,7,10,38,3.05,0.25,0
P1__P2__path_1,P1,P2,path_1,8,10,39,3.15,0.25,0
P1__P2__path_1,P1,P2,path_1,9,10,40,3.25,0.25,0
P1__P2__path_1,P1,P2,path_1,10,10,41,3.35,0.25,0
P1__P2__path_1,P1,P2,path_1,11,10,42,3.45,0.25,0
P1__P2__path_1,P1,P2,path_1,12,10,43,3.55,0.25,0
P1__P2__path_1,P1,P2,path_1,13,10,44,3.65,0.25,0
P1__P2__path_1,P1,P2,path_1,14,10,45,3.75,0.25,0
P1__P2__path_1,P1,P2,path_1,15,10,46,3.85,0.25,0
P1__P2__path_1,P1,P2,path_1,16,10,47,3.95,0.25,0
P1__P2__path_1,P1,P2,path_1,17,10,48,4.05,0.25,0
P1__P2__path_1,P1,P2,path_1,18,10,49,4.15,0.25,0
P1__P2__path_1,P1,P2,path_1,19,10,50,4.25,0.25,0
P1__P2__path_1,P1,P2,path_1,20,10,51,4.35,0.25,0
P1__P2__path_1,P1,P2,path_1,21,10,52,4.45,0.25,0
P1__P2__path_1,P1,P2,path_1,22,10,53,4.55,0.25,0
P1__P2__path_1,P1,P2,path_1,23,11,53,4.55,0.35,0
P1__P2__path_1,P1,P2,path_1,24,12,53,4.55,0.45,0
P1__P2__path_1,P1,P2,path_1,25,13,53,4.55,0.55,0
P1__P2__path_1,P1,P2,path_1,26,14,53,4.55,0.65,0
P1__P2__path_1,P1,P2,path_1,27,15,53,4.55,0.75,0
P1__P2__path_1,P1,P2,path_1,28,16,53,4.55,0.85,0
P1__P2__path_1,P1,P2,path_1,29,17,53,4.55,0.95,0
P1__P2__path_1,P1,P2,path_1,30,18,53,4.55,1.05,0
P1__P2__path_1,P1,P2,path_1,31,19,53,4.55,1.15,0
P1__P2__path_1,P1,P2,path_1,32,20,53,4.55,1.25,0
P1__P2__path_1,P1,P2,path_1,33,21,53,4.55,1.35,0
P1__P2__path_1,P1,P2,path_1,34,22,53,4.55,1.45,0
P1__P2__path_1,P1,P2,path_1,35,23,53,4.55,1.55,0
P1__P2__path_1,P1,P2,path_1,36,24,53,4.55,1.65,0
P1__P2__path_1,P1,P2,path_1,37,25,53,4.55,1.75,0
P1__P2__path_1,P1,P2,path_1,38,26,53,4.55,1.85,0
P1__P2__path_1,P1,P2,path_1,39,27,53,4.55,1.95,0
P1__P2__path_1,P1,P2,path_1,40,28,53,4.55,2.05,0
P1__P2__path_1,P1,P2,path_1,41,29,53,4.55,2.15,0
P1__P2__path_1,P1,P2,path_1,42,30,53,4.55,2.25,0
P1__P2__path_1,P1,P2,path_1,43,31,53,4.55,2.35,0
P1__P3__path_1,P1,P3,path_1,0,17,37,2.95,0.95,0
P1__P3__path_1,P1,P3,path_1,1,18,37,2.95,1.05,0
P1__P3__path_1,P1,P3,path_1,2,19,37,2.95,1.15,0
P1__P3__path_1,P1,P3,path_1,3,20,37,2.95,1.25,0
P1__P3__path_1,P1,P3,path_1,4,21,37,2.95,1.35,0
P1__P3__path_1,P1,P3,path_1,5,22,37,2.95,1.45,0
P1__P3__path_1,P1,P3,path_1,6,23,37,2.95,1.55,0
P1__P3__path_1,P1,P3,path_1,7,24,37,2.95,1.65,0
P1__P3__path_1,P1,P3,path_1,8,25,37,2.95,1.75,0
P1__P3__path_1,P1,P3,path_1,9,26,37,2.95,1.85,0
P1__P3__path_1,P1,P3,path_1,10,27,37,2.95,1.95,0
P1__P3__path_1,P1,P3,path_1,11,28,37,2.95,2.05,0
P1__P3__path_1,P1,P3,path_1,12,29,37,2.95,2.15,0
P1__P3__path_1,P1,P3,path_1,13,30,37,2.95,2.25,0
P1__P3__path_1,P1,P3,path_1,14,31,37,2.95,2.35,0
P1__P3__path_1,P1,P3,path_1,15,32,37,2.95,2.45,0
P1__P3__path_1,P1,P3,path_1,16,33,37,2.95,2.55,0
P1__P3__path_1,P1,P3,path_1,17,34,37,2.95,2.65,0
P1__P3__path_1,P1,P3,path_1,18,35,37,2.95,2.75,0
P1__P3__path_1,P1,P3,path_1,19,36,37,2.95,2.85,0
P1__P3__path_1,P1,P3,path_1,20,37,37,2.95,2.95,0
P1__P3__path_1,P1,P3,path_1,21,38,37,2.95,3.05,0
P1__P3__path_1,P1,P3,path_1,22,39,37,2.95,3.15,0
P1__P3__path_1,P1,P3,path_1,23,40,37,2.95,3.25,0
P1__P3__path_1,P1,P3,path_1,24,41,37,2.95,3.35,0
P1__P3__path_1,P1,P3,path_1,25,42,37,2.95,3.45,0
P1__P3__path_1,P1,P3,path_1,26,43,37,2.95,3.55,0
P1__P3__path_1,P1,P3,path_1,27,44,37,2.95,3.65,0
P1__P3__path_1,P1,P3,path_1,28,45,37,2.95,3.75,0
P1__P3__path_1,P1,P3,path_1,29,46,37,2.95,3.85,0
P1__P3__path_1,P1,P3,path_1,30,47,37,2.95,3.95,0
P1__P3__path_1,P1,P3,path_1,31,48,38,3.05,4.05,0
P1__P3__path_1,P1,P3,path_1,32,49,38,3.05,4.15,0
P1__P3__path_1,P1,P3,path_1,33,50,38,3.05,4.25,0
P1__P3__path_1,P1,P3,path_1,34,51,39,3.15,4.35,0
P1__P3__path_1,P1,P3,path_1,35,52,39,3.15,4.45,0
P1__P3__path_1,P1,P3,path_1,36,53,40,3.25,4.55,0
P1__P3__path_1,P1,P3,path_1,37,54,41,3.35,4.65,0
P1__P3__path_1,P1,P3,path_1,38,55,42,3.45,4.75,0
P1__P3__path_1,P1,P3,path_1,39,56,42,3.45,4.85,0
P1__P3__path_1,P1,P3,path_1,40,57,42,3.45,4.95,0
P1__P3__path_1,P1,P3,path_1,41,58,42,3.45,5.05,0
P1__P3__path_1,P1,P3,path_1,42,59,42,3.45,5.15,0
P1__P3__path_1,P1,P3,path_1,43,60,43,3.55,5.25,0
P1__P4__path_1,P1,P4,path_1,0,17,37,2.95,0.95,0
P1__P4__path_1,P1,P4,path_1,1,16,38,3.05,0.85,0
P1__P4__path_1,P1,P4,path_1,2,15,38,3.05,0.75,0
P1__P4__path_1,P1,P4,path_1,3,14,38,3.05,0.65,0
P1__P4__path_1,P1,P4,path_1,4,13,38,3.05,0.55,0
P1__P4__path_1,P1,P4,path_1,5,12,38,3.05,0.45,0
P1__P4__path_1,P1,P4,path_1,6,11,38,3.05,0.35,0
P1__P4__path_1,P1,P4,path_1,7,10,38,3.05,0.25,0
P1__P4__path_1,P1,P4,path_1,8,10,39,3.15,0.25,0
P1__P4__path_1,P1,P4,path_1,9,10,40,3.25,0.25,0
P1__P4__path_1,P1,P4,path_1,10,10,41,3.35,0.25,0
P1__P4__path_1,P1,P4,path_1,11,10,42,3.45,0.25,0
P1__P4__path_1,P1,P4,path_1,12,10,43,3.55,0.25,0
P1__P4__path_1,P1,P4,path_1,13,10,44,3.65,0.25,0
P1__P4__path_1,P1,P4,path_1,14,10,45,3.75,0.25,0
P1__P4__path_1,P1,P4,path_1,15,10,46,3.85,0.25,0
P1__P4__path_1,P1,P4,path_1,16,10,47,3.95,0.25,0
P1__P4__path_1,P1,P4,path_1,17,10,48,4.05,0.25,0
P1__P4__path_1,P1,P4,path_1,18,10,49,4.15,0.25,0
P1__P4__path_1,P1,P4,path_1,19,10,50,4.25,0.25,0
P1__P4__path_1,P1,P4,path_1,20,10,51,4.35,0.25,0
P1__P4__path_1,P1,P4,path_1,21,10,52,4.45,0.25,0
P1__P4__path_1,P1,P4,path_1,22,10,53,4.55,0.25,0
P1__P4__path_1,P1,P4,path_1,23,11,53,4.55,0.35,0
P1__P4__path_1,P1,P4,path_1,24,12,53,4.55,0.45,0
P1__P4__path_1,P1,P4,path_1,25,13,53,4.55,0.55,0
P1__P4__path_1,P1,P4,path_1,26,14,54,4.65,0.65,0
P1__P4__path_1,P1,P4,path_1,27,15,54,4.65,0.75,0
P1__P4__path_1,P1,P4,path_1,28,16,55,4.75,0.85,0
P1__P4__path_1,P1,P4,path_1,29,17,55,4.75,0.95,0
P1__P4__path_1,P1,P4,path_1,30,18,56,4.85,1.05,0
P1__P4__path_1,P1,P4,path_1,31,19,56,4.85,1.15,0
P1__P4__path_1,P1,P4,path_1,32,20,56,4.85,1.25,0
P1__P4__path_1,P1,P4,path_1,33,21,57,4.95,1.35,0
P1__P5__path_1,P1,P5,path_1,0,17,37,2.95,0.95,0
P1__P5__path_1,P1,P5,path_1,1,18,37,2.95,1.05,0
P1__P5__path_1,P1,P5,path_1,2,19,37,2.95,1.15,0
P1__P5__path_1,P1,P5,path_1,3,20,37,2.95,1.25,0
P1__P5__path_1,P1,P5,path_1,4,21,37,2.95,1.35,0
P1__P5__path_1,P1,P5,path_1,5,22,37,2.95,1.45,0
P1__P5__path_1,P1,P5,path_1,6,23,37,2.95,1.55,0
P1__P5__path_1,P1,P5,path_1,7,24,37,2.95,1.65,0
P1__P5__path_1,P1,P5,path_1,8,25,37,2.95,1.75,0
P1__P5__path_1,P1,P5,path_1,9,26,37,2.95,1.85,0
P1__P5__path_1,P1,P5,path_1,10,27,37,2.95,1.95,0
P1__P5__path_1,P1,P5,path_1,11,28,37,2.95,2.05,0
P1__P5__path_1,P1,P5,path_1,12,29,38,3.05,2.15,0
P1__P5__path_1,P1,P5,path_1,13,30,38,3.05,2.25,0
P1__P5__path_1,P1,P5,path_1,14,31,38,3.05,2.35,0
P1__P5__path_1,P1,P5,path_1,15,32,38,3.05,2.45,0
P1__P5__path_1,P1,P5,path_1,16,33,38,3.05,2.55,0
P1__P5__path_1,P1,P5,path_1,17,34,38,3.05,2.65,0
P1__P5__path_1,P1,P5,path_1,18,35,38,3.05,2.75,0
P1__P5__path_1,P1,P5,path_1,19,36,38,3.05,2.85,0
P1__P5__path_1,P1,P5,path_1,20,37,38,3.05,2.95,0
P1__P5__path_1,P1,P5,path_1,21,38,38,3.05,3.05,0
P1__P5__path_1,P1,P5,path_1,22,39,38,3.05,3.15,0
P1__P5__path_1,P1,P5,path_1,23,39,39,3.15,3.15,0
P1__P5__path_1,P1,P5,path_1,24,39,40,3.25,3.15,0
P1__P5__path_1,P1,P5,path_1,25,39,41,3.35,3.15,0
P1__P5__path_1,P1,P5,path_1,26,39,42,3.45,3.15,0
P1__P5__path_1,P1,P5,path_1,27,39,43,3.55,3.15,0
P1__P5__path_1,P1,P5,path_1,28,40,44,3.65,3.25,0
P1__P5__path_1,P1,P5,path_1,29,41,45,3.75,3.35,0
P1__P5__path_1,P1,P5,path_1,30,42,46,3.85,3.45,0
P1__P5__path_1,P1,P5,path_1,31,43,47,3.95,3.55,0
P1__P5__path_1,P1,P5,path_1,32,44,48,4.05,3.65,0
P1__P5__path_1,P1,P5,path_1,33,45,49,4.15,3.75,0
P1__P5__path_1,P1,P5,path_1,34,46,50,4.25,3.85,0
P1__P5__path_1,P1,P5,path_1,35,47,51,4.35,3.95,0
P1__P5__path_1,P1,P5,path_1,36,48,52,4.45,4.05,0
P1__P5__path_1,P1,P5,path_1,37,48,53,4.55,4.05,0
P1__P5__path_1,P1,P5,path_1,38,48,54,4.65,4.05,0
P1__P5__path_1,P1,P5,path_1,39,48,55,4.75,4.05,0
P1__P5__path_1,P1,P5,path_1,40,48,56,4.85,4.05,0
P1__P5__path_1,P1,P5,path_1,41,48,57,4.95,4.05,0
P1__P5__path_1,P1,P5,path_1,42,48,58,5.05,4.05,0
P1__P5__path_1,P1,P5,path_1,43,48,59,5.15,4.05,0
P1__P5__path_1,P1,P5,path_1,44,48,60,5.25,4.05,0
P1__P5__path_1,P1,P5,path_1,45,48,61,5.35,4.05,0
P1__P5__path_1,P1,P5,path_1,46,48,62,5.45,4.05,0
P1__P5__path_1,P1,P5,path_1,47,48,63,5.55,4.05,0
P1__P5__path_1,P1,P5,path_1,48,48,64,5.65,4.05,0
P1__P6__path_1,P1,P6,path_1,0,17,37,2.95,0.95,0
P1__P6__path_1,P1,P6,path_1,1,18,37,2.95,1.05,0
P1__P6__path_1,P1,P6,path_1,2,19,37,2.95,1.15,0
P1__P6__path_1,P1,P6,path_1,3,20,37,2.95,1.25,0
P1__P6__path_1,P1,P6,path_1,4,21,37,2.95,1.35,0
P1__P6__path_1,P1,P6,path_1,5,22,37,2.95,1.45,0
P1__P6__path_1,P1,P6,path_1,6,23,37,2.95,1.55,0
P1__P6__path_1,P1,P6,path_1,7,24,37,2.95,1.65,0
P1__P6__path_1,P1,P6,path_1,8,25,37,2.95,1.75,0
P1__P6__path_1,P1,P6,path_1,9,26,37,2.95,1.85,0
P1__P6__path_1,P1,P6,path_1,10,27,37,2.95,1.95,0
P1__P6__path_1,P1,P6,path_1,11,28,37,2.95,2.05,0
P1__P6__path_1,P1,P6,path_1,12,29,38,3.05,2.15,0
P1__P6__path_1,P1,P6,path_1,13,30,38,3.05,2.25,0
P1__P6__path_1,P1,P6,path_1,14,31,38,3.05,2.35,0
P1__P6__path_1,P1,P6,path_1,15,32,38,3.05,2.45,0
P1__P6__path_1,P1,P6,path_1,16,33,38,3.05,2.55,0
P1__P6__path_1,P1,P6,path_1,17,34,38,3.05,2.65,0
P1__P6__path_1,P1,P6,path_1,18,35,38,3.05,2.75,0
P1__P6__path_1,P1,P6,path_1,19,36,38,3.05,2.85,0
P1__P6__path_1,P1,P6,path_1,20,37,38,3.05,2.95,0
P1__P6__path_1,P1,P6,path_1,21,38,38,3.05,3.05,0
P1__P6__path_1,P1,P6,path_1,22,39,38,3.05,3.15,0
P1__P6__path_1,P1,P6,path_1,23,40,39,3.15,3.25,0
P1__P6__path_1,P1,P6,path_1,24,41,40,3.25,3.35,0
P1__P6__path_1,P1,P6,path_1,25,42,41,3.35,3.45,0
P1__P6__path_1,P1,P6,path_1,26,43,42,3.45,3.55,0
P1__P6__path_1,P1,P6,path_1,27,44,43,3.55,3.65,0
P1__P6__path_1,P1,P6,path_1,28,45,44,3.65,3.75,0
P1__P6__path_1,P1,P6,path_1,29,46,45,3.75,3.85,0
P1__P6__path_1,P1,P6,path_1,30,46,46,3.85,3.85,0
P1__P6__path_1,P1,P6,path_1,31,47,47,3.95,3.95,0
P1__P6__path_1,P1,P6,path_1,32,47,48,4.05,3.95,0
P1__P6__path_1,P1,P6,path_1,33,48,49,4.15,4.05,0
P1__P6__path_1,P1,P6,path_1,34,48,50,4.25,4.05,0
P1__P6__path_1,P1,P6,path_1,35,49,51,4.35,4.15,0
P1__P6__path_1,P1,P6,path_1,36,49,52,4.45,4.15,0
P1__P6__path_1,P1,P6,path_1,37,49,53,4.55,4.15,0
P1__P6__path_1,P1,P6,path_1,38,49,54,4.65,4.15,0
P1__P6__path_1,P1,P6,path_1,39,49,55,4.75,4.15,0
P1__P6__path_1,P1,P6,path_1,40,49,56,4.85,4.15,0
P1__P6__path_1,P1,P6,path_1,41,49,57,4.95,4.15,0
P1__P6__path_1,P1,P6,path_1,42,49,58,5.05,4.15,0
P1__P6__path_1,P1,P6,path_1,43,49,59,5.15,4.15,0
P1__P6__path_1,P1,P6,path_1,44,49,60,5.25,4.15,0
P1__P6__path_1,P1,P6,path_1,45,49,61,5.35,4.15,0
P1__P6__path_1,P1,P6,path_1,46,49,62,5.45,4.15,0
P1__P6__path_1,P1,P6,path_1,47,49,63,5.55,4.15,0
P1__P6__path_1,P1,P6,path_1,48,50,64,5.65,4.25,0
P1__P6__path_1,P1,P6,path_1,49,51,65,5.75,4.35,0
P1__P6__path_1,P1,P6,path_1,50,52,66,5.85,4.45,0
P1__P6__path_1,P1,P6,path_1,51,53,67,5.95,4.55,0
P1__P6__path_1,P1,P6,path_1,52,54,68,6.05,4.65,0
P1__P6__path_1,P1,P6,path_1,53,55,68,6.05,4.75,0
P1__P6__path_1,P1,P6,path_1,54,56,68,6.05,4.85,0
P1__P6__path_1,P1,P6,path_1,55,57,68,6.05,4.95,0
P1__P6__path_1,P1,P6,path_1,56,58,68,6.05,5.05,0
P1__P6__path_1,P1,P6,path_1,57,59,68,6.05,5.15,0
P1__P6__path_1,P1,P6,path_1,58,60,68,6.05,5.25,0
P1__P6__path_1,P1,P6,path_1,59,61,68,6.05,5.35,0
P1__P6__path_1,P1,P6,path_1,60,62,68,6.05,5.45,0
P1__P6__path_1,P1,P6,path_1,61,63,68,6.05,5.55,0
P1__P6__path_1,P1,P6,path_1,62,64,68,6.05,5.65,0
P1__P6__path_1,P1,P6,path_1,63,65,68,6.05,5.75,0
P1__P6__path_1,P1,P6,path_1,64,65,69,6.15,5.75,0
P1__P6__path_1,P1,P6,path_1,65,65,70,6.25,5.75,0
P1__P6__path_1,P1,P6,path_1,66,65,71,6.35,5.75,0
P1__P6__path_1,P1,P6,path_1,67,65,72,6.45,5.75,0
P1__P6__path_1,P1,P6,path_1,68,65,73,6.55,5.75,0
P1__P6__path_1,P1,P6,path_1,69,65,74,6.65,5.75,0
P1__P6__path_1,P1,P6,path_1,70,65,75,6.75,5.75,0
P1__P6__path_1,P1,P6,path_1,71,65,76,6.85,5.75,0
P1__P6__path_1,P1,P6,path_1,72,65,77,6.95,5.75,0
P1__P6__path_1,P1,P6,path_1,73,65,78,7.05,5.75,0
P1__P6__path_1,P1,P6,path_1,74,65,79,7.15,5.75,0
P1__P6__path_1,P1,P6,path_1,75,65,80,7.25,5.75,0
P1__P6__path_1,P1,P6,path_1,76,65,81,7.35,5.75,0
P1__P6__path_1,P1,P6,path_1,77,65,82,7.45,5.75,0
P1__P6__path_1,P1,P6,path_1,78,65,83,7.55,5.75,0
P1__P6__path_1,P1,P6,path_1,79,65,84,7.65,5.75,0
P1__P6__path_1,P1,P6,path_1,80,65,85,7.75,5.75,0
P1__P6__path_1,P1,P6,path_1,81,65,86,7.85,5.75,0
P1__P6__path_1,P1,P6,path_1,82,65,87,7.95,5.75,0
P1__P7__path_1,P1,P7,path_1,0,17,37,2.95,0.95,0
P1__P7__path_1,P1,P7,path_1,1,16,38,3.05,0.85,0
P1__P7__path_1,P1,P7,path_1,2,15,38,3.05,0.75,0
P1__P7__path_1,P1,P7,path_1,3,14,38,3.05,0.65,0
P1__P7__path_1,P1,P7,path_1,4,13,38,3.05,0.55,0
P1__P7__path_1,P1,P7,path_1,5,12,38,3.05,0.45,0
P1__P7__path_1,P1,P7,path_1,6,11,38,3.05,0.35,0
P1__P7__path_1,P1,P7,path_1,7,10,38,3.05,0.25,0
P1__P7__path_1,P1,P7,path_1,8,10,39,3.15,0.25,0
P1__P7__path_1,P1,P7,path_1,9,10,40,3.25,0.25,0
P1__P7__path_1,P1,P7,path_1,10,10,41,3.35,0.25,0
P1__P7__path_1,P1,P7,path_1,11,10,42,3.45,0.25,0
P1__P7__path_1,P1,P7,path_1,12,10,43,3.55,0.25,0
P1__P7__path_1,P1,P7,path_1,13,10,44,3.65,0.25,0
P1__P7__path_1,P1,P7,path_1,14,10,45,3.75,0.25,0
P1__P7__path_1,P1,P7,path_1,15,10,46,3.85,0.25,0
P1__P7__path_1,P1,P7,path_1,16,10,47,3.95,0.25,0
P1__P7__path_1,P1,P7,path_1,17,10,48,4.05,0.25,0
P1__P7__path_1,P1,P7,path_1,18,10,49,4.15,0.25,0
P1__P7__path_1,P1,P7,path_1,19,10,50,4.25,0.25,0
P1__P7__path_1,P1,P7,path_1,20,10,51,4.35,0.25,0
P1__P7__path_1,P1,P7,path_1,21,10,52,4.45,0.25,0
P1__P7__path_1,P1,P7,path_1,22,10,53,4.55,0.25,0
P1__P7__path_1,P1,P7,path_1,23,10,54,4.65,0.25,0
P1__P7__path_1,P1,P7,path_1,24,10,55,4.75,0.25,0
P1__P7__path_1,P1,P7,path_1,25,10,56,4.85,0.25,0
P1__P7__path_1,P1,P7,path_1,26,10,57,4.95,0.25,0
P1__P7__path_1,P1,P7,path_1,27,10,58,5.05,0.25,0
P1__P7__path_1,P1,P7,path_1,28,10,59,5.15,0.25,0
P1__P7__path_1,P1,P7,path_1,29,10,60,5.25,0.25,0
P1__P7__path_1,P1,P7,path_1,30,10,61,5.35,0.25,0
P1__P7__path_1,P1,P7,path_1,31,10,62,5.45,0.25,0
P1__P7__path_1,P1,P7,path_1,32,10,63,5.55,0.25,0
P1__P7__path_1,P1,P7,path_1,33,11,64,5.65,0.35,0
P1__P7__path_1,P1,P7,path_1,34,11,65,5.75,0.35,0
P1__P7__path_1,P1,P7,path_1,35,11,66,5.85,0.35,0
P1__P7__path_1,P1,P7,path_1,36,11,67,5.95,0.35,0
P1__P7__path_1,P1,P7,path_1,37,11,68,6.05,0.35,0
P1__P7__path_1,P1,P7,path_1,38,11,69,6.15,0.35,0
P1__P7__path_1,P1,P7,path_1,39,11,70,6.25,0.35,0
P1__P7__path_1,P1,P7,path_1,40,11,71,6.35,0.35,0
P1__P7__path_1,P1,P7,path_1,41,11,72,6.45,0.35,0
P1__P7__path_1,P1,P7,path_1,42,11,73,6.55,0.35,0
P1__P7__path_1,P1,P7,path_1,43,11,74,6.65,0.35,0
P1__P7__path_1,P1,P7,path_1,44,11,75,6.75,0.35,0
P1__P7__path_1,P1,P7,path_1,45,12,76,6.85,0.45,0
P1__P7__path_1,P1,P7,path_1,46,13,77,6.95,0.55,0
P1__P7__path_1,P1,P7,path_1,47,14,78,7.05,0.65,0
P1__P7__path_1,P1,P7,path_1,48,15,79,7.15,0.75,0
P1__P7__path_1,P1,P7,path_1,49,16,79,7.15,0.85,0
P1__P7__path_1,P1,P7,path_1,50,17,79,7.15,0.95,0
P1__P7__path_1,P1,P7,path_1,51,18,80,7.25,1.05,0
P1__P8__path_1,P1,P8,path_1,0,17,37,2.95,0.95,0
P1__P8__path_1,P1,P8,path_1,1,16,38,3.05,0.85,0
P1__P8__path_1,P1,P8,path_1,2,15,38,3.05,0.75,0
P1__P8__path_1,P1,P8,path_1,3,14,38,3.05,0.65,0
P1__P8__path_1,P1,P8,path_1,4,13,38,3.05,0.55,0
P1__P8__path_1,P1,P8,path_1,5,12,38,3.05,0.45,0
P1__P8__path_1,P1,P8,path_1,6,11,38,3.05,0.35,0
P1__P8__path_1,P1,P8,path_1,7,10,38,3.05,0.25,0
P1__P8__path_1,P1,P8,path_1,8,10,39,3.15,0.25,0
P1__P8__path_1,P1,P8,path_1,9,10,40,3.25,0.25,0
P1__P8__path_1,P1,P8,path_1,10,10,41,3.35,0.25,0
P1__P8__path_1,P1,P8,path_1,11,10,42,3.45,0.25,0
P1__P8__path_1,P1,P8,path_1,12,10,43,3.55,0.25,0
P1__P8__path_1,P1,P8,path_1,13,10,44,3.65,0.25,0
P1__P8__path_1,P1,P8,path_1,14,10,45,3.75,0.25,0
P1__P8__path_1,P1,P8,path_1,15,10,46,3.85,0.25,0
P1__P8__path_1,P1,P8,path_1,16,10,47,3.95,0.25,0
P1__P8__path_1,P1,P8,path_1,17,10,48,4.05,0.25,0
P1__P8__path_1,P1,P8,path_1,18,10,49,4.15,0.25,0
P1__P8__path_1,P1,P8,path_1,19,10,50,4.25,0.25,0
P1__P8__path_1,P1,P8,path_1,20,10,51,4.35,0.25,0
P1__P8__path_1,P1,P8,path_1,21,10,52,4.45,0.25,0
P1__P8__path_1,P1,P8,path_1,22,10,53,4.55,0.25,0
P1__P8__path_1,P1,P8,path_1,23,11,54,4.65,0.35,0
P1__P8__path_1,P1,P8,path_1,24,11,55,4.75,0.35,0
P1__P8__path_1,P1,P8,path_1,25,11,56,4.85,0.35,0
P1__P8__path_1,P1,P8,path_1,26,11,57,4.95,0.35,0
P1__P8__path_1,P1,P8,path_1,27,11,58,5.05,0.35,0
P1__P8__path_1,P1,P8,path_1,28,11,59,5.15,0.35,0
P1__P8__path_1,P1,P8,path_1,29,11,60,5.25,0.35,0
P1__P8__path_1,P1,P8,path_1,30,11,61,5.35,0.35,0
P1__P8__path_1,P1,P8,path_1,31,11,62,5.45,0.35,0
P1__P8__path_1,P1,P8,path_1,32,11,63,5.55,0.35,0
P1__P8__path_1,P1,P8,path_1,33,11,64,5.65,0.35,0
P1__P8__path_1,P1,P8,path_1,34,11,65,5.75,0.35,0
P1__P8__path_1,P1,P8,path_1,35,11,66,5.85,0.35,0
P1__P8__path_1,P1,P8,path_1,36,11,67,5.95,0.35,0
P1__P8__path_1,P1,P8,path_1,37,11,68,6.05,0.35,0
P1__P8__path_1,P1,P8,path_1,38,11,69,6.15,0.35,0
P1__P8__path_1,P1,P8,path_1,39,11,70,6.25,0.35,0
P1__P8__path_1,P1,P8,path_1,40,11,71,6.35,0.35,0
P1__P8__path_1,P1,P8,path_1,41,11,72,6.45,0.35,0
P1__P8__path_1,P1,P8,path_1,42,11,73,6.55,0.35,0
P1__P8__path_1,P1,P8,path_1,43,11,74,6.65,0.35,0
P1__P8__path_1,P1,P8,path_1,44,11,75,6.75,0.35,0
P1__P8__path_1,P1,P8,path_1,45,12,76,6.85,0.45,0
P1__P8__path_1,P1,P8,path_1,46,12,77,6.95,0.45,0
P1__P8__path_1,P1,P8,path_1,47,12,78,7.05,0.45,0
P1__P8__path_1,P1,P8,path_1,48,12,79,7.15,0.45,0
P1__P8__path_1,P1,P8,path_1,49,12,80,7.25,0.45,0
P1__P8__path_1,P1,P8,path_1,50,12,81,7.35,0.45,0
P1__P8__path_1,P1,P8,path_1,51,12,82,7.45,0.45,0
P1__P8__path_1,P1,P8,path_1,52,12,83,7.55,0.45,0
P1__P8__path_1,P1,P8,path_1,53,12,84,7.65,0.45,0
P1__P8__path_1,P1,P8,path_1,54,12,85,7.75,0.45,0
P1__P8__path_1,P1,P8,path_1,55,12,86,7.85,0.45,0
P1__P8__path_1,P1,P8,path_1,56,12,87,7.95,0.45,0
P1__P8__path_1,P1,P8,path_1,57,12,88,8.05,0.45,0
P1__P8__path_1,P1,P8,path_1,58,12,89,8.15,0.45,0
P1__P8__path_1,P1,P8,path_1,59,12,90,8.25,0.45,0
P1__P8__path_1,P1,P8,path_1,60,12,91,8.35,0.45,0
P1__P8__path_1,P1,P8,path_1,61,12,92,8.45,0.45,0
P1__P8__path_1,P1,P8,path_1,62,12,93,8.55,0.45,0
P1__P8__path_1,P1,P8,path_1,63,12,94,8.65,0.45,0
P1__P8__path_1,P1,P8,path_1,64,12,95,8.75,0.45,0
P1__P8__path_1,P1,P8,path_1,65,12,96,8.85,0.45,0
P1__P8__path_1,P1,P8,path_1,66,13,96,8.85,0.55,0
P1__P8__path_1,P1,P8,path_1,67,14,96,8.85,0.65,0
P1__P8__path_1,P1,P8,path_1,68,15,96,8.85,0.75,0
P1__P8__path_1,P1,P8,path_1,69,16,96,8.85,0.85,0
P1__P8__path_1,P1,P8,path_1,70,17,96,8.85,0.95,0
P1__P8__path_1,P1,P8,path_1,71,18,96,8.85,1.05,0
P1__P8__path_1,P1,P8,path_1,72,19,96,8.85,1.15,0
P1__P8__path_1,P1,P8,path_1,73,20,96,8.85,1.25,0
P1__P8__path_1,P1,P8,path_1,74,21,96,8.85,1.35,0
P1__P8__path_1,P1,P8,path_1,75,22,96,8.85,1.45,0
P1__P8__path_1,P1,P8,path_1,76,23,96,8.85,1.55,0
P1__P8__path_1,P1,P8,path_1,77,24,96,8.85,1.65,0
P1__P8__path_1,P1,P8,path_1,78,25,96,8.85,1.75,0
P1__P8__path_1,P1,P8,path_1,79,26,96,8.85,1.85,0
P1__P8__path_1,P1,P8,path_1,80,27,96,8.85,1.95,0
P1__P8__path_1,P1,P8,path_1,81,28,96,8.85,2.05,0
P1__P8__path_1,P1,P8,path_1,82,29,96,8.85,2.15,0
P1__P8__path_1,P1,P8,path_1,83,30,96,8.85,2.25,0
P1__P8__path_1,P1,P8,path_1,84,31,96,8.85,2.35,0
P1__P9__path_1,P1,P9,path_1,0,17,37,2.95,0.95,0
P1__P9__path_1,P1,P9,path_1,1,18,37,2.95,1.05,0
P1__P9__path_1,P1,P9,path_1,2,19,37,2.95,1.15,0
P1__P9__path_1,P1,P9,path_1,3,20,37,2.95,1.25,0
P1__P9__path_1,P1,P9,path_1,4,21,37,2.95,1.35,0
P1__P9__path_1,P1,P9,path_1,5,22,37,2.95,1.45,0
P1__P9__path_1,P1,P9,path_1,6,23,37,2.95,1.55,0
P1__P9__path_1,P1,P9,path_1,7,24,37,2.95,1.65,0
P1__P9__path_1,P1,P9,path_1,8,25,37,2.95,1.75,0
P1__P9__path_1,P1,P9,path_1,9,26,37,2.95,1.85,0
P1__P9__path_1,P1,P9,path_1,10,27,37,2.95,1.95,0
P1__P9__path_1,P1,P9,path_1,11,28,37,2.95,2.05,0
P1__P9__path_1,P1,P9,path_1,12,29,38,3.05,2.15,0
P1__P9__path_1,P1,P9,path_1,13,30,38,3.05,2.25,0
P1__P9__path_1,P1,P9,path_1,14,31,38,3.05,2.35,0
P1__P9__path_1,P1,P9,path_1,15,32,38,3.05,2.45,0
P1__P9__path_1,P1,P9,path_1,16,33,38,3.05,2.55,0
P1__P9__path_1,P1,P9,path_1,17,34,38,3.05,2.65,0
P1__P9__path_1,P1,P9,path_1,18,35,38,3.05,2.75,0
P1__P9__path_1,P1,P9,path_1,19,36,38,3.05,2.85,0
P1__P9__path_1,P1,P9,path_1,20,37,38,3.05,2.95,0
P1__P9__path_1,P1,P9,path_1,21,38,38,3.05,3.05,0
P1__P9__path_1,P1,P9,path_1,22,39,38,3.05,3.15,0
P1__P9__path_1,P1,P9,path_1,23,40,39,3.15,3.25,0
P1__P9__path_1,P1,P9,path_1,24,41,40,3.25,3.35,0
P1__P9__path_1,P1,P9,path_1,25,42,41,3.35,3.45,0
P1__P9__path_1,P1,P9,path_1,26,43,42,3.45,3.55,0
P1__P9__path_1,P1,P9,path_1,27,44,43,3.55,3.65,0
P1__P9__path_1,P1,P9,path_1,28,45,44,3.65,3.75,0
P1__P9__path_1,P1,P9,path_1,29,46,45,3.75,3.85,0
P1__P9__path_1,P1,P9,path_1,30,47,46,3.85,3.95,0
P1__P9__path_1,P1,P9,path_1,31,48,47,3.95,4.05,0
P1__P9__path_1,P1,P9,path_1,32,49,48,4.05,4.15,0
P1__P9__path_1,P1,P9,path_1,33,49,49,4.15,4.15,0
P1__P9__path_1,P1,P9,path_1,34,49,50,4.25,4.15,0
P1__P9__path_1,P1,P9,path_1,35,49,51,4.35,4.15,0
P1__P9__path_1,P1,P9,path_1,36,49,52,4.45,4.15,0
P1__P9__path_1,P1,P9,path_1,37,49,53,4.55,4.15,0
P1__P9__path_1,P1,P9,path_1,38,49,54,4.65,4.15,0
P1__P9__path_1,P1,P9,path_1,39,49,55,4.75,4.15,0
P1__P9__path_1,P1,P9,path_1,40,49,56,4.85,4.15,0
P1__P9__path_1,P1,P9,path_1,41,49,57,4.95,4.15,0
P1__P9__path_1,P1,P9,path_1,42,49,58,5.05,4.15,0
P1__P9__path_1,P1,P9,path_1,43,49,59,5.15,4.15,0
P1__P9__path_1,P1,P9,path_1,44,49,60,5.25,4.15,0
P1__P9__path_1,P1,P9,path_1,45,49,61,5.35,4.15,0
P1__P9__path_1,P1,P9,path_1,46,49,62,5.45,4.15,0
P1__P9__path_1,P1,P9,path_1,47,49,63,5.55,4.15,0
P1__P9__path_1,P1,P9,path_1,48,50,64,5.65,4.25,0
P1__P9__path_1,P1,P9,path_1,49,51,65,5.75,4.35,0
P1__P9__path_1,P1,P9,path_1,50,52,65,5.75,4.45,0
P1__P9__path_1,P1,P9,path_1,51,53,66,5.85,4.55,0
P1__P9__path_1,P1,P9,path_1,52,54,66,5.85,4.65,0
P1__P9__path_1,P1,P9,path_1,53,55,67,5.95,4.75,0
P1__P9__path_1,P1,P9,path_1,54,56,67,5.95,4.85,0
P1__P9__path_1,P1,P9,path_1,55,57,67,5.95,4.95,0
P1__P9__path_1,P1,P9,path_1,56,58,68,6.05,5.05,0
P1__SORT1__path_1,P1,SORT1,path_1,0,17,37,2.95,0.95,0
P1__SORT1__path_1,P1,SORT1,path_1,1,16,38,3.05,0.85,0
P1__SORT1__path_1,P1,SORT1,path_1,2,15,38,3.05,0.75,0
P1__SORT1__path_1,P1,SORT1,path_1,3,14,38,3.05,0.65,0
P1__SORT1__path_1,P1,SORT1,path_1,4,13,38,3.05,0.55,0
P1__SORT1__path_1,P1,SORT1,path_1,5,12,38,3.05,0.45,0
P1__SORT1__path_1,P1,SORT1,path_1,6,11,38,3.05,0.35,0
P1__SORT1__path_1,P1,SORT1,path_1,7,10,38,3.05,0.25,0
P1__SORT1__path_1,P1,SORT1,path_1,8,10,39,3.15,0.25,0
P1__SORT1__path_1,P1,SORT1,path_1,9,10,40,3.25,0.25,0
P1__SORT1__path_1,P1,SORT1,path_1,10,10,41,3.35,0.25,0
P1__SORT1__path_1,P1,SORT1,path_1,11,10,42,3.45,0.25,0
P1__SORT1__path_1,P1,SORT1,path_1,12,10,43,3.55,0.25,0
P1__SORT1__path_1,P1,SORT1,path_1,13,10,44,3.65,0.25,0
P1__SORT1__path_1,P1,SORT1,path_1,14,10,45,3.75,0.25,0
P1__SORT1__path_1,P1,SORT1,path_1,15,10,46,3.85,0.25,0
P1__SORT1__path_1,P1,SORT1,path_1,16,10,47,3.95,0.25,0
P1__SORT1__path_1,P1,SORT1,path_1,17,10,48,4.05,0.25,0
P1__SORT1__path_1,P1,SORT1,path_1,18,10,49,4.15,0.25,0
P1__SORT1__path_1,P1,SORT1,path_1,19,10,50,4.25,0.25,0
P1__SORT1__path_1,P1,SORT1,path_1,20,10,51,4.35,0.25,0
P1__SORT1__path_1,P1,SORT1,path_1,21,10,52,4.45,0.25,0
P1__SORT1__path_1,P1,SORT1,path_1,22,10,53,4.55,0.25,0
P1__SORT1__path_1,P1,SORT1,path_1,23,10,54,4.65,0.25,0
P1__SORT1__path_1,P1,SORT1,path_1,24,10,55,4.75,0.25,0
P1__SORT1__path_1,P1,SORT1,path_1,25,10,56,4.85,0.25,0
P1__SORT1__path_1,P1,SORT1,path_1,26,10,57,4.95,0.25,0
P1__SORT1__path_1,P1,SORT1,path_1,27,10,58,5.05,0.25,0
P1__SORT1__path_1,P1,SORT1,path_1,28,10,59,5.15,0.25,0
P1__SORT1__path_1,P1,SORT1,path_1,29,10,60,5.25,0.25,0
P1__SORT1__path_1,P1,SORT1,path_1,30,10,61,5.35,0.25,0
P1__SORT1__path_1,P1,SORT1,path_1,31,10,62,5.45,0.25,0
P1__SORT1__path_1,P1,SORT1,path_1,32,10,63,5.55,0.25,0
P1__SORT1__path_1,P1,SORT1,path_1,33,10,64,5.65,0.25,0
P1__SORT1__path_1,P1,SORT1,path_1,34,11,65,5.75,0.35,0
P1__SORT1__path_1,P1,SORT1,path_1,35,11,66,5.85,0.35,0
P1__SORT1__path_1,P1,SORT1,path_1,36,11,67,5.95,0.35,0
P1__SORT1__path_1,P1,SORT1,path_1,37,11,68,6.05,0.35,0
P1__SORT1__path_1,P1,SORT1,path_1,38,11,69,6.15,0.35,0
P1__SORT1__path_1,P1,SORT1,path_1,39,11,70,6.25,0.35,0
P1__SORT1__path_1,P1,SORT1,path_1,40,11,71,6.35,0.35,0
P1__SORT1__path_1,P1,SORT1,path_1,41,11,72,6.45,0.35,0
P1__SORT1__path_1,P1,SORT1,path_1,42,11,73,6.55,0.35,0
P1__SORT1__path_1,P1,SORT1,path_1,43,11,74,6.65,0.35,0
P1__SORT1__path_1,P1,SORT1,path_1,44,11,75,6.75,0.35,0
P1__SORT1__path_1,P1,SORT1,path_1,45,12,76,6.85,0.45,0
P1__SORT1__path_1,P1,SORT1,path_1,46,12,77,6.95,0.45,0
P1__SORT1__path_1,P1,SORT1,path_1,47,12,78,7.05,0.45,0
P1__SORT1__path_1,P1,SORT1,path_1,48,12,79,7.15,0.45,0
P1__SORT1__path_1,P1,SORT1,path_1,49,12,80,7.25,0.45,0
P1__SORT1__path_1,P1,SORT1,path_1,50,12,81,7.35,0.45,0
P1__SORT1__path_1,P1,SORT1,path_1,51,12,82,7.45,0.45,0
P1__SORT1__path_1,P1,SORT1,path_1,52,12,83,7.55,0.45,0
P1__SORT1__path_1,P1,SORT1,path_1,53,12,84,7.65,0.45,0
P1__SORT1__path_1,P1,SORT1,path_1,54,12,85,7.75,0.45,0
P1__SORT1__path_1,P1,SORT1,path_1,55,12,86,7.85,0.45,0
P1__SORT1__path_1,P1,SORT1,path_1,56,12,87,7.95,0.45,0
P1__SORT1__path_1,P1,SORT1,path_1,57,12,88,8.05,0.45,0
P1__SORT1__path_1,P1,SORT1,path_1,58,12,89,8.15,0.45,0
P1__SORT1__path_1,P1,SORT1,path_1,59,12,90,8.25,0.45,0
P1__SORT1__path_1,P1,SORT1,path_1,60,12,91,8.35,0.45,0
P1__SORT1__path_1,P1,SORT1,path_1,61,12,92,8.45,0.45,0
P1__SORT1__path_1,P1,SORT1,path_1,62,12,93,8.55,0.45,0
P1__SORT1__path_1,P1,SORT1,path_1,63,12,94,8.65,0.45,0
P1__SORT1__path_1,P1,SORT1,path_1,64,12,95,8.75,0.45,0
P1__SORT1__path_1,P1,SORT1,path_1,65,12,96,8.85,0.45,0
P1__SORT1__path_1,P1,SORT1,path_1,66,13,97,8.95,0.55,0
P1__SORT1__path_1,P1,SORT1,path_1,67,14,98,9.05,0.65,0
P1__SORT1__path_1,P1,SORT1,path_1,68,15,99,9.15,0.75,0
P1__SORT1__path_1,P1,SORT1,path_1,69,16,99,9.15,0.85,0
P1__SORT1__path_1,P1,SORT1,path_1,70,17,100,9.25,0.95,0
P1__SORT1__path_1,P1,SORT1,path_1,71,18,100,9.25,1.05,0
P1__SORT1__path_1,P1,SORT1,path_1,72,19,100,9.25,1.15,0
P1__SORT1__path_1,P1,SORT1,path_1,73,20,101,9.35,1.25,0
P1__SORT1__path_1,P1,SORT1,path_1,74,21,101,9.35,1.35,0
P1__SORT1__path_1,P1,SORT1,path_1,75,22,102,9.45,1.45,0
P1__SORT1__path_1,P1,SORT1,path_1,76,23,102,9.45,1.55,0
P1__SORT1__path_1,P1,SORT1,path_1,77,24,103,9.55,1.65,0
P1__SORT1__path_1,P1,SORT1,path_1,78,25,103,9.55,1.75,0
P1__SORT1__path_1,P1,SORT1,path_1,79,26,104,9.65,1.85,0
P1__SORT1__path_1,P1,SORT1,path_1,80,27,104,9.65,1.95,0
P1__SORT1__path_1,P1,SORT1,path_1,81,28,104,9.65,2.05,0
P1__SORT1__path_1,P1,SORT1,path_1,82,29,105,9.75,2.15,0
P1__SORT2__path_1,P1,SORT2,path_1,0,17,37,2.95,0.95,0
P1__SORT2__path_1,P1,SORT2,path_1,1,18,37,2.95,1.05,0
P1__SORT2__path_1,P1,SORT2,path_1,2,19,37,2.95,1.15,0
P1__SORT2__path_1,P1,SORT2,path_1,3,20,37,2.95,1.25,0
P1__SORT2__path_1,P1,SORT2,path_1,4,21,37,2.95,1.35,0
P1__SORT2__path_1,P1,SORT2,path_1,5,22,37,2.95,1.45,0
P1__SORT2__path_1,P1,SORT2,path_1,6,23,37,2.95,1.55,0
P1__SORT2__path_1,P1,SORT2,path_1,7,24,37,2.95,1.65,0
P1__SORT2__path_1,P1,SORT2,path_1,8,25,37,2.95,1.75,0
P1__SORT2__path_1,P1,SORT2,path_1,9,26,37,2.95,1.85,0
P1__SORT2__path_1,P1,SORT2,path_1,10,27,37,2.95,1.95,0
P1__SORT2__path_1,P1,SORT2,path_1,11,28,37,2.95,2.05,0
P1__SORT2__path_1,P1,SORT2,path_1,12,29,38,3.05,2.15,0
P1__SORT2__path_1,P1,SORT2,path_1,13,30,38,3.05,2.25,0
P1__SORT2__path_1,P1,SORT2,path_1,14,31,38,3.05,2.35,0
P1__SORT2__path_1,P1,SORT2,path_1,15,32,38,3.05,2.45,0
P1__SORT2__path_1,P1,SORT2,path_1,16,33,38,3.05,2.55,0
P1__SORT2__path_1,P1,SORT2,path_1,17,34,38,3.05,2.65,0
P1__SORT2__path_1,P1,SORT2,path_1,18,35,38,3.05,2.75,0
P1__SORT2__path_1,P1,SORT2,path_1,19,36,38,3.05,2.85,0
P1__SORT2__path_1,P1,SORT2,path_1,20,37,38,3.05,2.95,0
P1__SORT2__path_1,P1,SORT2,path_1,21,38,38,3.05,3.05,0
P1__SORT2__path_1,P1,SORT2,path_1,22,39,38,3.05,3.15,0
P1__SORT2__path_1,P1,SORT2,path_1,23,39,39,3.15,3.15,0
P1__SORT2__path_1,P1,SORT2,path_1,24,39,40,3.25,3.15,0
P1__SORT2__path_1,P1,SORT2,path_1,25,39,41,3.35,3.15,0
P1__SORT2__path_1,P1,SORT2,path_1,26,39,42,3.45,3.15,0
P1__SORT2__path_1,P1,SORT2,path_1,27,39,43,3.55,3.15,0
P1__SORT2__path_1,P1,SORT2,path_1,28,40,44,3.65,3.25,0
P1__SORT2__path_1,P1,SORT2,path_1,29,41,45,3.75,3.35,0
P1__SORT2__path_1,P1,SORT2,path_1,30,42,46,3.85,3.45,0
P1__SORT2__path_1,P1,SORT2,path_1,31,43,47,3.95,3.55,0
P1__SORT2__path_1,P1,SORT2,path_1,32,44,48,4.05,3.65,0
P1__SORT2__path_1,P1,SORT2,path_1,33,45,49,4.15,3.75,0
P1__SORT2__path_1,P1,SORT2,path_1,34,46,50,4.25,3.85,0
P1__SORT2__path_1,P1,SORT2,path_1,35,47,51,4.35,3.95,0
P1__SORT2__path_1,P1,SORT2,path_1,36,48,52,4.45,4.05,0
P1__SORT2__path_1,P1,SORT2,path_1,37,48,53,4.55,4.05,0
P1__SORT2__path_1,P1,SORT2,path_1,38,48,54,4.65,4.05,0
P1__SORT2__path_1,P1,SORT2,path_1,39,48,55,4.75,4.05,0
P1__SORT2__path_1,P1,SORT2,path_1,40,48,56,4.85,4.05,0
P1__SORT2__path_1,P1,SORT2,path_1,41,48,57,4.95,4.05,0
P1__SORT2__path_1,P1,SORT2,path_1,42,48,58,5.05,4.05,0
P1__SORT2__path_1,P1,SORT2,path_1,43,48,59,5.15,4.05,0
P1__SORT2__path_1,P1,SORT2,path_1,44,48,60,5.25,4.05,0
P1__SORT2__path_1,P1,SORT2,path_1,45,48,61,5.35,4.05,0
P1__SORT2__path_1,P1,SORT2,path_1,46,48,62,5.45,4.05,0
P1__SORT2__path_1,P1,SORT2,path_1,47,48,63,5.55,4.05,0
P1__SORT2__path_1,P1,SORT2,path_1,48,48,64,5.65,4.05,0
P1__SORT2__path_1,P1,SORT2,path_1,49,48,65,5.75,4.05,0
P1__SORT2__path_1,P1,SORT2,path_1,50,48,66,5.85,4.05,0
P1__SORT2__path_1,P1,SORT2,path_1,51,48,67,5.95,4.05,0
P1__SORT2__path_1,P1,SORT2,path_1,52,48,68,6.05,4.05,0
P1__SORT2__path_1,P1,SORT2,path_1,53,48,69,6.15,4.05,0
P1__SORT2__path_1,P1,SORT2,path_1,54,48,70,6.25,4.05,0
P1__SORT2__path_1,P1,SORT2,path_1,55,48,71,6.35,4.05,0
P1__SORT2__path_1,P1,SORT2,path_1,56,48,72,6.45,4.05,0
P1__SORT2__path_1,P1,SORT2,path_1,57,48,73,6.55,4.05,0
P1__SORT2__path_1,P1,SORT2,path_1,58,48,74,6.65,4.05,0
P1__SORT2__path_1,P1,SORT2,path_1,59,48,75,6.75,4.05,0
P1__SORT2__path_1,P1,SORT2,path_1,60,48,76,6.85,4.05,0
P1__SORT2__path_1,P1,SORT2,path_1,61,48,77,6.95,4.05,0
P1__SORT2__path_1,P1,SORT2,path_1,62,48,78,7.05,4.05,0
P1__SORT2__path_1,P1,SORT2,path_1,63,48,79,7.15,4.05,0
P1__SORT2__path_1,P1,SORT2,path_1,64,48,80,7.25,4.05,0
P1__SORT2__path_1,P1,SORT2,path_1,65,48,81,7.35,4.05,0
P1__SORT2__path_1,P1,SORT2,path_1,66,48,82,7.45,4.05,0
P1__SORT2__path_1,P1,SORT2,path_1,67,48,83,7.55,4.05,0
P1__SORT2__path_1,P1,SORT2,path_1,68,48,84,7.65,4.05,0
P1__SORT2__path_1,P1,SORT2,path_1,69,48,85,7.75,4.05,0
P1__SORT2__path_1,P1,SORT2,path_1,70,48,86,7.85,4.05,0
P1__SORT2__path_1,P1,SORT2,path_1,71,48,87,7.95,4.05,0
P1__SORT2__path_1,P1,SORT2,path_1,72,48,88,8.05,4.05,0
P1__SORT2__path_1,P1,SORT2,path_1,73,48,89,8.15,4.05,0
P1__SORT2__path_1,P1,SORT2,path_1,74,48,90,8.25,4.05,0
P1__SORT2__path_1,P1,SORT2,path_1,75,48,91,8.35,4.05,0
P1__SORT2__path_1,P1,SORT2,path_1,76,48,92,8.45,4.05,0
P1__SORT2__path_1,P1,SORT2,path_1,77,48,93,8.55,4.05,0
P1__SORT2__path_1,P1,SORT2,path_1,78,48,94,8.65,4.05,0
P1__SORT2__path_1,P1,SORT2,path_1,79,48,95,8.75,4.05,0
P1__SORT2__path_1,P1,SORT2,path_1,80,48,96,8.85,4.05,0
P1__SORT2__path_1,P1,SORT2,path_1,81,48,97,8.95,4.05,0
P1__SORT2__path_1,P1,SORT2,path_1,82,48,98,9.05,4.05,0
P1__SORT2__path_1,P1,SORT2,path_1,83,48,99,9.15,4.05,0
P1__SORT2__path_1,P1,SORT2,path_1,84,48,100,9.25,4.05,0
P1__SORT2__path_1,P1,SORT2,path_1,85,48,101,9.35,4.05,0
P1__SORT2__path_1,P1,SORT2,path_1,86,48,102,9.45,4.05,0
P1__SORT2__path_1,P1,SORT2,path_1,87,48,103,9.55,4.05,0
P1__SORT2__path_1,P1,SORT2,path_1,88,48,104,9.65,4.05,0
P1__SORT2__path_1,P1,SORT2,path_1,89,48,105,9.75,4.05,0
P1__SORT2__path_1,P1,SORT2,path_1,90,48,106,9.85,4.05,0
P1__SORT2__path_1,P1,SORT2,path_1,91,48,107,9.95,4.05,0
P1__SORT2__path_1,P1,SORT2,path_1,92,48,108,10.05,4.05,0
P1__SORT2__path_1,P1,SORT2,path_1,93,48,109,10.15,4.05,0
P1__SORT2__path_1,P1,SORT2,path_1,94,48,110,10.25,4.05,0
P1__SORT2__path_1,P1,SORT2,path_1,95,48,111,10.35,4.05,0
P1__OUT1__path_1,P1,OUT1,path_1,0,17,37,2.95,0.95,0
P1__OUT1__path_1,P1,OUT1,path_1,1,16,38,3.05,0.85,0
P1__OUT1__path_1,P1,OUT1,path_1,2,15,38,3.05,0.75,0
P1__OUT1__path_1,P1,OUT1,path_1,3,14,38,3.05,0.65,0
P1__OUT1__path_1,P1,OUT1,path_1,4,13,38,3.05,0.55,0
P1__OUT1__path_1,P1,OUT1,path_1,5,12,38,3.05,0.45,0
P1__OUT1__path_1,P1,OUT1,path_1,6,11,38,3.05,0.35,0
P1__OUT1__path_1,P1,OUT1,path_1,7,10,38,3.05,0.25,0
P1__OUT1__path_1,P1,OUT1,path_1,8,10,39,3.15,0.25,0
P1__OUT1__path_1,P1,OUT1,path_1,9,10,40,3.25,0.25,0
P1__OUT1__path_1,P1,OUT1,path_1,10,10,41,3.35,0.25,0
P1__OUT1__path_1,P1,OUT1,path_1,11,10,42,3.45,0.25,0
P1__OUT1__path_1,P1,OUT1,path_1,12,10,43,3.55,0.25,0
P1__OUT1__path_1,P1,OUT1,path_1,13,10,44,3.65,0.25,0
P1__OUT1__path_1,P1,OUT1,path_1,14,10,45,3.75,0.25,0
P1__OUT1__path_1,P1,OUT1,path_1,15,10,46,3.85,0.25,0
P1__OUT1__path_1,P1,OUT1,path_1,16,10,47,3.95,0.25,0
P1__OUT1__path_1,P1,OUT1,path_1,17,10,48,4.05,0.25,0
P1__OUT1__path_1,P1,OUT1,path_1,18,10,49,4.15,0.25,0
P1__OUT1__path_1,P1,OUT1,path_1,19,10,50,4.25,0.25,0
P1__OUT1__path_1,P1,OUT1,path_1,20,10,51,4.35,0.25,0
P1__OUT1__path_1,P1,OUT1,path_1,21,10,52,4.45,0.25,0
P1__OUT1__path_1,P1,OUT1,path_1,22,10,53,4.55,0.25,0
P1__OUT1__path_1,P1,OUT1,path_1,23,10,54,4.65,0.25,0
P1__OUT1__path_1,P1,OUT1,path_1,24,10,55,4.75,0.25,0
P1__OUT1__path_1,P1,OUT1,path_1,25,10,56,4.85,0.25,0
P1__OUT1__path_1,P1,OUT1,path_1,26,10,57,4.95,0.25,0
P1__OUT1__path_1,P1,OUT1,path_1,27,10,58,5.05,0.25,0
P1__OUT1__path_1,P1,OUT1,path_1,28,10,59,5.15,0.25,0
P1__OUT1__path_1,P1,OUT1,path_1,29,10,60,5.25,0.25,0
P1__OUT1__path_1,P1,OUT1,path_1,30,10,61,5.35,0.25,0
P1__OUT1__path_1,P1,OUT1,path_1,31,10,62,5.45,0.25,0
P1__OUT1__path_1,P1,OUT1,path_1,32,10,63,5.55,0.25,0
P1__OUT1__path_1,P1,OUT1,path_1,33,10,64,5.65,0.25,0
P1__OUT1__path_1,P1,OUT1,path_1,34,10,65,5.75,0.25,0
P1__OUT1__path_1,P1,OUT1,path_1,35,10,66,5.85,0.25,0
P1__OUT1__path_1,P1,OUT1,path_1,36,10,67,5.95,0.25,0
P1__OUT1__path_1,P1,OUT1,path_1,37,10,68,6.05,0.25,0
P1__OUT1__path_1,P1,OUT1,path_1,38,10,69,6.15,0.25,0
P1__OUT1__path_1,P1,OUT1,path_1,39,10,70,6.25,0.25,0
P1__OUT1__path_1,P1,OUT1,path_1,40,10,71,6.35,0.25,0
P1__OUT1__path_1,P1,OUT1,path_1,41,10,72,6.45,0.25,0
P1__OUT1__path_1,P1,OUT1,path_1,42,10,73,6.55,0.25,0
P1__OUT1__path_1,P1,OUT1,path_1,43,10,74,6.65,0.25,0
P1__OUT1__path_1,P1,OUT1,path_1,44,10,75,6.75,0.25,0
P1__OUT1__path_1,P1,OUT1,path_1,45,10,76,6.85,0.25,0
P1__OUT1__path_1,P1,OUT1,path_1,46,10,77,6.95,0.25,0
P1__OUT1__path_1,P1,OUT1,path_1,47,10,78,7.05,0.25,0
P1__OUT1__path_1,P1,OUT1,path_1,48,10,79,7.15,0.25,0
P1__OUT1__path_1,P1,OUT1,path_1,49,10,80,7.25,0.25,0
P1__OUT1__path_1,P1,OUT1,path_1,50,10,81,7.35,0.25,0
P1__OUT1__path_1,P1,OUT1,path_1,51,10,82,7.45,0.25,0
P1__OUT1__path_1,P1,OUT1,path_1,52,10,83,7.55,0.25,0
P1__OUT1__path_1,P1,OUT1,path_1,53,10,84,7.65,0.25,0
P1__OUT1__path_1,P1,OUT1,path_1,54,10,85,7.75,0.25,0
P1__OUT1__path_1,P1,OUT1,path_1,55,10,86,7.85,0.25,0
P1__OUT1__path_1,P1,OUT1,path_1,56,10,87,7.95,0.25,0
P1__OUT1__path_1,P1,OUT1,path_1,57,10,88,8.05,0.25,0
P1__OUT1__path_1,P1,OUT1,path_1,58,10,89,8.15,0.25,0
P1__OUT1__path_1,P1,OUT1,path_1,59,10,90,8.25,0.25,0
P1__OUT1__path_1,P1,OUT1,path_1,60,10,91,8.35,0.25,0
P1__OUT1__path_1,P1,OUT1,path_1,61,11,92,8.45,0.35,0
P1__OUT1__path_1,P1,OUT1,path_1,62,11,93,8.55,0.35,0
P1__OUT1__path_1,P1,OUT1,path_1,63,12,94,8.65,0.45,0
P1__OUT1__path_1,P1,OUT1,path_1,64,12,95,8.75,0.45,0
P1__OUT1__path_1,P1,OUT1,path_1,65,12,96,8.85,0.45,0
P1__OUT1__path_1,P1,OUT1,path_1,66,13,97,8.95,0.55,0
P1__OUT1__path_1,P1,OUT1,path_1,67,13,98,9.05,0.55,0
P1__OUT1__path_1,P1,OUT1,path_1,68,14,99,9.15,0.65,0
P1__OUT1__path_1,P1,OUT1,path_1,69,14,100,9.25,0.65,0
P1__OUT1__path_1,P1,OUT1,path_1,70,15,101,9.35,0.75,0
P1__OUT1__path_1,P1,OUT1,path_1,71,15,102,9.45,0.75,0
P1__OUT1__path_1,P1,OUT1,path_1,72,16,103,9.55,0.85,0
P1__OUT1__path_1,P1,OUT1,path_1,73,16,104,9.65,0.85,0
P1__OUT1__path_1,P1,OUT1,path_1,74,17,105,9.75,0.95,0
P1__OUT1__path_1,P1,OUT1,path_1,75,17,106,9.85,0.95,0
P1__OUT1__path_1,P1,OUT1,path_1,76,17,107,9.95,0.95,0
P1__OUT1__path_1,P1,OUT1,path_1,77,18,108,10.05,1.05,0
P1__OUT1__path_1,P1,OUT1,path_1,78,18,109,10.15,1.05,0
P1__OUT1__path_1,P1,OUT1,path_1,79,19,110,10.25,1.15,0
P1__OUT1__path_1,P1,OUT1,path_1,80,19,111,10.35,1.15,0
P1__OUT1__path_1,P1,OUT1,path_1,81,20,112,10.45,1.25,0
P1__OUT1__path_1,P1,OUT1,path_1,82,20,113,10.55,1.25,0
P1__OUT1__path_1,P1,OUT1,path_1,83,21,114,10.65,1.35,0
P1__OUT1__path_1,P1,OUT1,path_1,84,21,115,10.75,1.35,0
P1__OUT1__path_1,P1,OUT1,path_1,85,22,116,10.85,1.45,0
P1__OUT1__path_1,P1,OUT1,path_1,86,22,117,10.95,1.45,0
P1__OUT1__path_1,P1,OUT1,path_1,87,22,118,11.05,1.45,0
P1__OUT1__path_1,P1,OUT1,path_1,88,23,119,11.15,1.55,0
P1__OUT1__path_1,P1,OUT1,path_1,89,23,120,11.25,1.55,0
P1__OUT1__path_1,P1,OUT1,path_1,90,24,121,11.35,1.65,0
P1__OUT1__path_1,P1,OUT1,path_1,91,24,122,11.45,1.65,0
P1__OUT1__path_1,P1,OUT1,path_1,92,25,123,11.55,1.75,0
P1__OUT1__path_1,P1,OUT1,path_1,93,25,124,11.65,1.75,0
P1__OUT1__path_1,P1,OUT1,path_1,94,26,125,11.75,1.85,0
P1__OUT1__path_1,P1,OUT1,path_1,95,26,126,11.85,1.85,0
P1__OUT1__path_1,P1,OUT1,path_1,96,26,127,11.95,1.85,0
P1__OUT1__path_1,P1,OUT1,path_1,97,27,128,12.05,1.95,0
P1__OUT2__path_1,P1,OUT2,path_1,0,17,37,2.95,0.95,0
P1__OUT2__path_1,P1,OUT2,path_1,1,16,38,3.05,0.85,0
P1__OUT2__path_1,P1,OUT2,path_1,2,15,38,3.05,0.75,0
P1__OUT2__path_1,P1,OUT2,path_1,3,14,38,3.05,0.65,0
P1__OUT2__path_1,P1,OUT2,path_1,4,13,38,3.05,0.55,0
P1__OUT2__path_1,P1,OUT2,path_1,5,12,38,3.05,0.45,0
P1__OUT2__path_1,P1,OUT2,path_1,6,11,38,3.05,0.35,0
P1__OUT2__path_1,P1,OUT2,path_1,7,10,38,3.05,0.25,0
P1__OUT2__path_1,P1,OUT2,path_1,8,10,39,3.15,0.25,0
P1__OUT2__path_1,P1,OUT2,path_1,9,10,40,3.25,0.25,0
P1__OUT2__path_1,P1,OUT2,path_1,10,10,41,3.35,0.25,0
P1__OUT2__path_1,P1,OUT2,path_1,11,10,42,3.45,0.25,0
P1__OUT2__path_1,P1,OUT2,path_1,12,10,43,3.55,0.25,0
P1__OUT2__path_1,P1,OUT2,path_1,13,10,44,3.65,0.25,0
P1__OUT2__path_1,P1,OUT2,path_1,14,10,45,3.75,0.25,0
P1__OUT2__path_1,P1,OUT2,path_1,15,10,46,3.85,0.25,0
P1__OUT2__path_1,P1,OUT2,path_1,16,10,47,3.95,0.25,0
P1__OUT2__path_1,P1,OUT2,path_1,17,10,48,4.05,0.25,0
P1__OUT2__path_1,P1,OUT2,path_1,18,10,49,4.15,0.25,0
P1__OUT2__path_1,P1,OUT2,path_1,19,10,50,4.25,0.25,0
P1__OUT2__path_1,P1,OUT2,path_1,20,10,51,4.35,0.25,0
P1__OUT2__path_1,P1,OUT2,path_1,21,10,52,4.45,0.25,0
P1__OUT2__path_1,P1,OUT2,path_1,22,10,53,4.55,0.25,0
P1__OUT2__path_1,P1,OUT2,path_1,23,11,54,4.65,0.35,0
P1__OUT2__path_1,P1,OUT2,path_1,24,11,55,4.75,0.35,0
P1__OUT2__path_1,P1,OUT2,path_1,25,11,56,4.85,0.35,0
P1__OUT2__path_1,P1,OUT2,path_1,26,11,57,4.95,0.35,0
P1__OUT2__path_1,P1,OUT2,path_1,27,11,58,5.05,0.35,0
P1__OUT2__path_1,P1,OUT2,path_1,28,11,59,5.15,0.35,0
P1__OUT2__path_1,P1,OUT2,path_1,29,11,60,5.25,0.35,0
P1__OUT2__path_1,P1,OUT2,path_1,30,11,61,5.35,0.35,0
P1__OUT2__path_1,P1,OUT2,path_1,31,11,62,5.45,0.35,0
P1__OUT2__path_1,P1,OUT2,path_1,32,11,63,5.55,0.35,0
P1__OUT2__path_1,P1,OUT2,path_1,33,11,64,5.65,0.35,0
P1__OUT2__path_1,P1,OUT2,path_1,34,11,65,5.75,0.35,0
P1__OUT2__path_1,P1,OUT2,path_1,35,11,66,5.85,0.35,0
P1__OUT2__path_1,P1,OUT2,path_1,36,11,67,5.95,0.35,0
P1__OUT2__path_1,P1,OUT2,path_1,37,11,68,6.05,0.35,0
P1__OUT2__path_1,P1,OUT2,path_1,38,11,69,6.15,0.35,0
P1__OUT2__path_1,P1,OUT2,path_1,39,11,70,6.25,0.35,0
P1__OUT2__path_1,P1,OUT2,path_1,40,11,71,6.35,0.35,0
P1__OUT2__path_1,P1,OUT2,path_1,41,11,72,6.45,0.35,0
P1__OUT2__path_1,P1,OUT2,path_1,42,11,73,6.55,0.35,0
P1__OUT2__path_1,P1,OUT2,path_1,43,11,74,6.65,0.35,0
P1__OUT2__path_1,P1,OUT2,path_1,44,11,75,6.75,0.35,0
P1__OUT2__path_1,P1,OUT2,path_1,45,12,76,6.85,0.45,0
P1__OUT2__path_1,P1,OUT2,path_1,46,12,77,6.95,0.45,0
P1__OUT2__path_1,P1,OUT2,path_1,47,12,78,7.05,0.45,0
P1__OUT2__path_1,P1,OUT2,path_1,48,12,79,7.15,0.45,0
P1__OUT2__path_1,P1,OUT2,path_1,49,12,80,7.25,0.45,0
P1__OUT2__path_1,P1,OUT2,path_1,50,12,81,7.35,0.45,0
P1__OUT2__path_1,P1,OUT2,path_1,51,12,82,7.45,0.45,0
P1__OUT2__path_1,P1,OUT2,path_1,52,12,83,7.55,0.45,0
P1__OUT2__path_1,P1,OUT2,path_1,53,12,84,7.65,0.45,0
P1__OUT2__path_1,P1,OUT2,path_1,54,12,85,7.75,0.45,0
P1__OUT2__path_1,P1,OUT2,path_1,55,12,86,7.85,0.45,0
P1__OUT2__path_1,P1,OUT2,path_1,56,12,87,7.95,0.45,0
P1__OUT2__path_1,P1,OUT2,path_1,57,12,88,8.05,0.45,0
P1__OUT2__path_1,P1,OUT2,path_1,58,12,89,8.15,0.45,0
P1__OUT2__path_1,P1,OUT2,path_1,59,12,90,8.25,0.45,0
P1__OUT2__path_1,P1,OUT2,path_1,60,12,91,8.35,0.45,0
P1__OUT2__path_1,P1,OUT2,path_1,61,12,92,8.45,0.45,0
P1__OUT2__path_1,P1,OUT2,path_1,62,12,93,8.55,0.45,0
P1__OUT2__path_1,P1,OUT2,path_1,63,12,94,8.65,0.45,0
P1__OUT2__path_1,P1,OUT2,path_1,64,12,95,8.75,0.45,0
P1__OUT2__path_1,P1,OUT2,path_1,65,12,96,8.85,0.45,0
P1__OUT2__path_1,P1,OUT2,path_1,66,13,97,8.95,0.55,0
P1__OUT2__path_1,P1,OUT2,path_1,67,14,98,9.05,0.65,0
P1__OUT2__path_1,P1,OUT2,path_1,68,15,99,9.15,0.75,0
P1__OUT2__path_1,P1,OUT2,path_1,69,16,100,9.25,0.85,0
P1__OUT2__path_1,P1,OUT2,path_1,70,17,101,9.35,0.95,0
P1__OUT2__path_1,P1,OUT2,path_1,71,18,102,9.45,1.05,0
P1__OUT2__path_1,P1,OUT2,path_1,72,19,103,9.55,1.15,0
P1__OUT2__path_1,P1,OUT2,path_1,73,20,104,9.65,1.25,0
P1__OUT2__path_1,P1,OUT2,path_1,74,21,105,9.75,1.35,0
P1__OUT2__path_1,P1,OUT2,path_1,75,22,106,9.85,1.45,0
P1__OUT2__path_1,P1,OUT2,path_1,76,23,107,9.95,1.55,0
P1__OUT2__path_1,P1,OUT2,path_1,77,24,108,10.05,1.65,0
P1__OUT2__path_1,P1,OUT2,path_1,78,25,109,10.15,1.75,0
P1__OUT2__path_1,P1,OUT2,path_1,79,26,110,10.25,1.85,0
P1__OUT2__path_1,P1,OUT2,path_1,80,27,111,10.35,1.95,0
P1__OUT2__path_1,P1,OUT2,path_1,81,28,112,10.45,2.05,0
P1__OUT2__path_1,P1,OUT2,path_1,82,29,113,10.55,2.15,0
P1__OUT2__path_1,P1,OUT2,path_1,83,30,114,10.65,2.25,0
P1__OUT2__path_1,P1,OUT2,path_1,84,31,115,10.75,2.35,0
P1__OUT2__path_1,P1,OUT2,path_1,85,32,116,10.85,2.45,0
P1__OUT2__path_1,P1,OUT2,path_1,86,33,117,10.95,2.55,0
P1__OUT2__path_1,P1,OUT2,path_1,87,34,118,11.05,2.65,0
P1__OUT2__path_1,P1,OUT2,path_1,88,35,119,11.15,2.75,0
P1__OUT2__path_1,P1,OUT2,path_1,89,36,120,11.25,2.85,0
P1__OUT2__path_1,P1,OUT2,path_1,90,37,121,11.35,2.95,0
P1__OUT2__path_1,P1,OUT2,path_1,91,38,122,11.45,3.05,0
P1__OUT2__path_1,P1,OUT2,path_1,92,39,123,11.55,3.15,0
P1__OUT2__path_1,P1,OUT2,path_1,93,40,124,11.65,3.25,0
P1__OUT2__path_1,P1,OUT2,path_1,94,41,125,11.75,3.35,0
P1__OUT2__path_1,P1,OUT2,path_1,95,42,126,11.85,3.45,0
P1__OUT2__path_1,P1,OUT2,path_1,96,43,126,11.85,3.55,0
P1__OUT2__path_1,P1,OUT2,path_1,97,44,127,11.95,3.65,0
P1__OUT2__path_1,P1,OUT2,path_1,98,45,127,11.95,3.75,0
P1__OUT2__path_1,P1,OUT2,path_1,99,46,127,11.95,3.85,0
P1__OUT2__path_1,P1,OUT2,path_1,100,47,128,12.05,3.95,0
P1__CHG1__path_1,P1,CHG1,path_1,0,17,37,2.95,0.95,0
P1__CHG1__path_1,P1,CHG1,path_1,1,16,36,2.85,0.85,0
P1__CHG1__path_1,P1,CHG1,path_1,2,16,35,2.75,0.85,0
P1__CHG1__path_1,P1,CHG1,path_1,3,15,34,2.65,0.75,0
P1__CHG1__path_1,P1,CHG1,path_1,4,15,33,2.55,0.75,0
P1__CHG1__path_1,P1,CHG1,path_1,5,15,32,2.45,0.75,0
P1__CHG1__path_1,P1,CHG1,path_1,6,15,31,2.35,0.75,0
P1__CHG1__path_1,P1,CHG1,path_1,7,15,30,2.25,0.75,0
P1__CHG1__path_1,P1,CHG1,path_1,8,15,29,2.15,0.75,0
P1__CHG1__path_1,P1,CHG1,path_1,9,15,28,2.05,0.75,0
P1__CHG1__path_1,P1,CHG1,path_1,10,15,27,1.95,0.75,0
P1__CHG1__path_1,P1,CHG1,path_1,11,14,26,1.85,0.65,0
P1__CHG1__path_1,P1,CHG1,path_1,12,13,25,1.75,0.55,0
P1__CHG1__path_1,P1,CHG1,path_1,13,12,24,1.65,0.45,0
P1__CHG1__path_1,P1,CHG1,path_1,14,11,23,1.55,0.35,0
P1__CHG1__path_1,P1,CHG1,path_1,15,10,22,1.45,0.25,0
P1__CHG1__path_1,P1,CHG1,path_1,16,9,21,1.35,0.15,0
P1__CHG1__path_1,P1,CHG1,path_1,17,9,20,1.25,0.15,0
P1__CHG1__path_1,P1,CHG1,path_1,18,9,19,1.15,0.15,0
P1__CHG1__path_1,P1,CHG1,path_1,19,8,18,1.05,0.05,0
P1__CHG2__path_1,P1,CHG2,path_1,0,17,37,2.95,0.95,0
P1__CHG2__path_1,P1,CHG2,path_1,1,16,38,3.05,0.85,0
P1__CHG2__path_1,P1,CHG2,path_1,2,15,38,3.05,0.75,0
P1__CHG2__path_1,P1,CHG2,path_1,3,14,38,3.05,0.65,0
P1__CHG2__path_1,P1,CHG2,path_1,4,13,38,3.05,0.55,0
P1__CHG2__path_1,P1,CHG2,path_1,5,12,38,3.05,0.45,0
P1__CHG2__path_1,P1,CHG2,path_1,6,11,38,3.05,0.35,0
P1__CHG2__path_1,P1,CHG2,path_1,7,10,38,3.05,0.25,0
P1__CHG2__path_1,P1,CHG2,path_1,8,10,39,3.15,0.25,0
P1__CHG2__path_1,P1,CHG2,path_1,9,10,40,3.25,0.25,0
P1__CHG2__path_1,P1,CHG2,path_1,10,10,41,3.35,0.25,0
P1__CHG2__path_1,P1,CHG2,path_1,11,10,42,3.45,0.25,0
P1__CHG2__path_1,P1,CHG2,path_1,12,10,43,3.55,0.25,0
P1__CHG2__path_1,P1,CHG2,path_1,13,10,44,3.65,0.25,0
P1__CHG2__path_1,P1,CHG2,path_1,14,10,45,3.75,0.25,0
P1__CHG2__path_1,P1,CHG2,path_1,15,10,46,3.85,0.25,0
P1__CHG2__path_1,P1,CHG2,path_1,16,10,47,3.95,0.25,0
P1__CHG2__path_1,P1,CHG2,path_1,17,10,48,4.05,0.25,0
P1__CHG2__path_1,P1,CHG2,path_1,18,10,49,4.15,0.25,0
P1__CHG2__path_1,P1,CHG2,path_1,19,10,50,4.25,0.25,0
P1__CHG2__path_1,P1,CHG2,path_1,20,10,51,4.35,0.25,0
P1__CHG2__path_1,P1,CHG2,path_1,21,10,52,4.45,0.25,0
P1__CHG2__path_1,P1,CHG2,path_1,22,10,53,4.55,0.25,0
P1__CHG2__path_1,P1,CHG2,path_1,23,10,54,4.65,0.25,0
P1__CHG2__path_1,P1,CHG2,path_1,24,10,55,4.75,0.25,0
P1__CHG2__path_1,P1,CHG2,path_1,25,10,56,4.85,0.25,0
P1__CHG2__path_1,P1,CHG2,path_1,26,10,57,4.95,0.25,0
P1__CHG2__path_1,P1,CHG2,path_1,27,10,58,5.05,0.25,0
P1__CHG2__path_1,P1,CHG2,path_1,28,10,59,5.15,0.25,0
P1__CHG2__path_1,P1,CHG2,path_1,29,10,60,5.25,0.25,0
P1__CHG2__path_1,P1,CHG2,path_1,30,10,61,5.35,0.25,0
P1__CHG2__path_1,P1,CHG2,path_1,31,10,62,5.45,0.25,0
P1__CHG2__path_1,P1,CHG2,path_1,32,10,63,5.55,0.25,0
P1__CHG2__path_1,P1,CHG2,path_1,33,10,64,5.65,0.25,0
P1__CHG2__path_1,P1,CHG2,path_1,34,10,65,5.75,0.25,0
P1__CHG2__path_1,P1,CHG2,path_1,35,10,66,5.85,0.25,0
P1__CHG2__path_1,P1,CHG2,path_1,36,10,67,5.95,0.25,0
P1__CHG2__path_1,P1,CHG2,path_1,37,10,68,6.05,0.25,0
P1__CHG2__path_1,P1,CHG2,path_1,38,10,69,6.15,0.25,0
P1__CHG2__path_1,P1,CHG2,path_1,39,10,70,6.25,0.25,0
P1__CHG2__path_1,P1,CHG2,path_1,40,10,71,6.35,0.25,0
P1__CHG2__path_1,P1,CHG2,path_1,41,10,72,6.45,0.25,0
P1__CHG2__path_1,P1,CHG2,path_1,42,10,73,6.55,0.25,0
P1__CHG2__path_1,P1,CHG2,path_1,43,10,74,6.65,0.25,0
P1__CHG2__path_1,P1,CHG2,path_1,44,10,75,6.75,0.25,0
P1__CHG2__path_1,P1,CHG2,path_1,45,10,76,6.85,0.25,0
P1__CHG2__path_1,P1,CHG2,path_1,46,10,77,6.95,0.25,0
P1__CHG2__path_1,P1,CHG2,path_1,47,10,78,7.05,0.25,0
P1__CHG2__path_1,P1,CHG2,path_1,48,10,79,7.15,0.25,0
P1__CHG2__path_1,P1,CHG2,path_1,49,10,80,7.25,0.25,0
P1__CHG2__path_1,P1,CHG2,path_1,50,10,81,7.35,0.25,0
P1__CHG2__path_1,P1,CHG2,path_1,51,10,82,7.45,0.25,0
P1__CHG2__path_1,P1,CHG2,path_1,52,10,83,7.55,0.25,0
P1__CHG2__path_1,P1,CHG2,path_1,53,10,84,7.65,0.25,0
P1__CHG2__path_1,P1,CHG2,path_1,54,10,85,7.75,0.25,0
P1__CHG2__path_1,P1,CHG2,path_1,55,10,86,7.85,0.25,0
P1__CHG2__path_1,P1,CHG2,path_1,56,10,87,7.95,0.25,0
P1__CHG2__path_1,P1,CHG2,path_1,57,10,88,8.05,0.25,0
P1__CHG2__path_1,P1,CHG2,path_1,58,10,89,8.15,0.25,0
P1__CHG2__path_1,P1,CHG2,path_1,59,10,90,8.25,0.25,0
P1__CHG2__path_1,P1,CHG2,path_1,60,10,91,8.35,0.25,0
P1__CHG2__path_1,P1,CHG2,path_1,61,10,92,8.45,0.25,0
P1__CHG2__path_1,P1,CHG2,path_1,62,10,93,8.55,0.25,0
P1__CHG2__path_1,P1,CHG2,path_1,63,10,94,8.65,0.25,0
P1__CHG2__path_1,P1,CHG2,path_1,64,9,95,8.75,0.15,0
P1__CHG2__path_1,P1,CHG2,path_1,65,9,96,8.85,0.15,0
P1__CHG2__path_1,P1,CHG2,path_1,66,9,97,8.95,0.15,0
P1__CHG2__path_1,P1,CHG2,path_1,67,8,98,9.05,0.05,0
P2__IN1__path_1,P2,IN1,path_1,0,31,53,4.55,2.35,0
P2__IN1__path_1,P2,IN1,path_1,1,32,53,4.55,2.45,0
P2__IN1__path_1,P2,IN1,path_1,2,33,53,4.55,2.55,0
P2__IN1__path_1,P2,IN1,path_1,3,34,53,4.55,2.65,0
P2__IN1__path_1,P2,IN1,path_1,4,35,53,4.55,2.75,0
P2__IN1__path_1,P2,IN1,path_1,5,36,53,4.55,2.85,0
P2__IN1__path_1,P2,IN1,path_1,6,37,53,4.55,2.95,0
P2__IN1__path_1,P2,IN1,path_1,7,38,53,4.55,3.05,0
P2__IN1__path_1,P2,IN1,path_1,8,39,53,4.55,3.15,0
P2__IN1__path_1,P2,IN1,path_1,9,39,52,4.45,3.15,0
P2__IN1__path_1,P2,IN1,path_1,10,39,51,4.35,3.15,0
P2__IN1__path_1,P2,IN1,path_1,11,39,50,4.25,3.15,0
P2__IN1__path_1,P2,IN1,path_1,12,39,49,4.15,3.15,0
P2__IN1__path_1,P2,IN1,path_1,13,39,48,4.05,3.15,0
P2__IN1__path_1,P2,IN1,path_1,14,39,47,3.95,3.15,0
P2__IN1__path_1,P2,IN1,path_1,15,39,46,3.85,3.15,0
P2__IN1__path_1,P2,IN1,path_1,16,39,45,3.75,3.15,0
P2__IN1__path_1,P2,IN1,path_1,17,39,44,3.65,3.15,0
P2__IN1__path_1,P2,IN1,path_1,18,39,43,3.55,3.15,0
P2__IN1__path_1,P2,IN1,path_1,19,39,42,3.45,3.15,0
P2__IN1__path_1,P2,IN1,path_1,20,39,41,3.35,3.15,0
P2__IN1__path_1,P2,IN1,path_1,21,39,40,3.25,3.15,0
P2__IN1__path_1,P2,IN1,path_1,22,39,39,3.15,3.15,0
P2__IN1__path_1,P2,IN1,path_1,23,39,38,3.05,3.15,0
P2__IN1__path_1,P2,IN1,path_1,24,38,37,2.95,3.05,0
P2__IN1__path_1,P2,IN1,path_1,25,37,36,2.85,2.95,0
P2__IN1__path_1,P2,IN1,path_1,26,36,35,2.75,2.85,0
P2__IN1__path_1,P2,IN1,path_1,27,35,34,2.65,2.75,0
P2__IN1__path_1,P2,IN1,path_1,28,34,33,2.55,2.65,0
P2__IN1__path_1,P2,IN1,path_1,29,33,32,2.45,2.55,0
P2__IN1__path_1,P2,IN1,path_1,30,32,31,2.35,2.45,0
P2__IN1__path_1,P2,IN1,path_1,31,31,30,2.25,2.35,0
P2__IN1__path_1,P2,IN1,path_1,32,30,29,2.15,2.25,0
P2__IN1__path_1,P2,IN1,path_1,33,29,28,2.05,2.15,0
P2__IN1__path_1,P2,IN1,path_1,34,28,27,1.95,2.05,0
P2__IN1__path_1,P2,IN1,path_1,35,27,26,1.85,1.95,0
P2__IN1__path_1,P2,IN1,path_1,36,26,25,1.75,1.85,0
P2__IN1__path_1,P2,IN1,path_1,37,25,24,1.65,1.75,0
P2__IN1__path_1,P2,IN1,path_1,38,25,23,1.55,1.75,0
P2__IN1__path_1,P2,IN1,path_1,39,24,22,1.45,1.65,0
P2__IN1__path_1,P2,IN1,path_1,40,24,21,1.35,1.65,0
P2__IN1__path_1,P2,IN1,path_1,41,23,20,1.25,1.55,0
P2__IN1__path_1,P2,IN1,path_1,42,23,19,1.15,1.55,0
P2__IN1__path_1,P2,IN1,path_1,43,23,18,1.05,1.55,0
P2__IN1__path_1,P2,IN1,path_1,44,22,17,0.95,1.45,0
P2__IN1__path_1,P2,IN1,path_1,45,22,16,0.85,1.45,0
P2__IN1__path_1,P2,IN1,path_1,46,21,15,0.75,1.35,0
P2__IN1__path_1,P2,IN1,path_1,47,21,14,0.65,1.35,0
P2__IN1__path_1,P2,IN1,path_1,48,20,13,0.55,1.25,0
P2__IN1__path_1,P2,IN1,path_1,49,20,12,0.45,1.25,0
P2__IN1__path_1,P2,IN1,path_1,50,19,11,0.35,1.15,0
P2__IN1__path_1,P2,IN1,path_1,51,19,10,0.25,1.15,0
P2__IN1__path_1,P2,IN1,path_1,52,19,9,0.15,1.15,0
P2__IN1__path_1,P2,IN1,path_1,53,18,8,0.05,1.05,0
P2__IN2__path_1,P2,IN2,path_1,0,31,53,4.55,2.35,0
P2__IN2__path_1,P2,IN2,path_1,1,32,53,4.55,2.45,0
P2__IN2__path_1,P2,IN2,path_1,2,33,53,4.55,2.55,0
P2__IN2__path_1,P2,IN2,path_1,3,34,53,4.55,2.65,0
P2__IN2__path_1,P2,IN2,path_1,4,35,53,4.55,2.75,0
P2__IN2__path_1,P2,IN2,path_1,5,36,53,4.55,2.85,0
P2__IN2__path_1,P2,IN2,path_1,6,37,53,4.55,2.95,0
P2__IN2__path_1,P2,IN2,path_1,7,38,53,4.55,3.05,0
P2__IN2__path_1,P2,IN2,path_1,8,39,53,4.55,3.15,0
P2__IN2__path_1,P2,IN2,path_1,9,39,52,4.45,3.15,0
P2__IN2__path_1,P2,IN2,path_1,10,39,51,4.35,3.15,0
P2__IN2__path_1,P2,IN2,path_1,11,39,50,4.25,3.15,0
P2__IN2__path_1,P2,IN2,path_1,12,40,49,4.15,3.25,0
P2__IN2__path_1,P2,IN2,path_1,13,41,48,4.05,3.35,0
P2__IN2__path_1,P2,IN2,path_1,14,42,47,3.95,3.45,0
P2__IN2__path_1,P2,IN2,path_1,15,43,46,3.85,3.55,0
P2__IN2__path_1,P2,IN2,path_1,16,44,45,3.75,3.65,0
P2__IN2__path_1,P2,IN2,path_1,17,45,44,3.65,3.75,0
P2__IN2__path_1,P2,IN2,path_1,18,45,43,3.55,3.75,0
P2__IN2__path_1,P2,IN2,path_1,19,45,42,3.45,3.75,0
P2__IN2__path_1,P2,IN2,path_1,20,45,41,3.35,3.75,0
P2__IN2__path_1,P2,IN2,path_1,21,45,40,3.25,3.75,0
P2__IN2__path_1,P2,IN2,path_1,22,45,39,3.15,3.75,0
P2__IN2__path_1,P2,IN2,path_1,23,46,38,3.05,3.85,0
P2__IN2__path_1,P2,IN2,path_1,24,47,37,2.95,3.95,0
P2__IN2__path_1,P2,IN2,path_1,25,48,36,2.85,4.05,0
P2__IN2__path_1,P2,IN2,path_1,26,49,35,2.75,4.15,0
P2__IN2__path_1,P2,IN2,path_1,27,50,34,2.65,4.25,0
P2__IN2__path_1,P2,IN2,path_1,28,51,33,2.55,4.35,0
P2__IN2__path_1,P2,IN2,path_1,29,52,32,2.45,4.45,0
P2__IN2__path_1,P2,IN2,path_1,30,53,31,2.35,4.55,0
P2__IN2__path_1,P2,IN2,path_1,31,54,30,2.25,4.65,0
P2__IN2__path_1,P2,IN2,path_1,32,55,29,2.15,4.75,0
P2__IN2__path_1,P2,IN2,path_1,33,56,28,2.05,4.85,0
P2__IN2__path_1,P2,IN2,path_1,34,56,27,1.95,4.85,0
P2__IN2__path_1,P2,IN2,path_1,35,56,26,1.85,4.85,0
P2__IN2__path_1,P2,IN2,path_1,36,56,25,1.75,4.85,0
P2__IN2__path_1,P2,IN2,path_1,37,56,24,1.65,4.85,0
P2__IN2__path_1,P2,IN2,path_1,38,56,23,1.55,4.85,0
P2__IN2__path_1,P2,IN2,path_1,39,56,22,1.45,4.85,0
P2__IN2__path_1,P2,IN2,path_1,40,56,21,1.35,4.85,0
P2__IN2__path_1,P2,IN2,path_1,41,56,20,1.25,4.85,0
P2__IN2__path_1,P2,IN2,path_1,42,56,19,1.15,4.85,0
P2__IN2__path_1,P2,IN2,path_1,43,56,18,1.05,4.85,0
P2__IN2__path_1,P2,IN2,path_1,44,56,17,0.95,4.85,0
P2__IN2__path_1,P2,IN2,path_1,45,56,16,0.85,4.85,0
P2__IN2__path_1,P2,IN2,path_1,46,56,15,0.75,4.85,0
P2__IN2__path_1,P2,IN2,path_1,47,56,14,0.65,4.85,0
P2__IN2__path_1,P2,IN2,path_1,48,56,13,0.55,4.85,0
P2__IN2__path_1,P2,IN2,path_1,49,56,12,0.45,4.85,0
P2__IN2__path_1,P2,IN2,path_1,50,56,11,0.35,4.85,0
P2__IN2__path_1,P2,IN2,path_1,51,56,10,0.25,4.85,0
P2__IN2__path_1,P2,IN2,path_1,52,56,9,0.15,4.85,0
P2__IN2__path_1,P2,IN2,path_1,53,57,8,0.05,4.95,0
P2__P1__path_1,P2,P1,path_1,0,31,53,4.55,2.35,0
P2__P1__path_1,P2,P1,path_1,1,30,53,4.55,2.25,0
P2__P1__path_1,P2,P1,path_1,2,29,53,4.55,2.15,0
P2__P1__path_1,P2,P1,path_1,3,28,53,4.55,2.05,0
P2__P1__path_1,P2,P1,path_1,4,27,53,4.55,1.95,0
P2__P1__path_1,P2,P1,path_1,5,26,53,4.55,1.85,0
P2__P1__path_1,P2,P1,path_1,6,25,53,4.55,1.75,0
P2__P1__path_1,P2,P1,path_1,7,24,53,4.55,1.65,0
P2__P1__path_1,P2,P1,path_1,8,23,53,4.55,1.55,0
P2__P1__path_1,P2,P1,path_1,9,22,53,4.55,1.45,0
P2__P1__path_1,P2,P1,path_1,10,21,53,4.55,1.35,0
P2__P1__path_1,P2,P1,path_1,11,20,53,4.55,1.25,0
P2__P1__path_1,P2,P1,path_1,12,19,53,4.55,1.15,0
P2__P1__path_1,P2,P1,path_1,13,18,53,4.55,1.05,0
P2__P1__path_1,P2,P1,path_1,14,17,53,4.55,0.95,0
P2__P1__path_1,P2,P1,path_1,15,16,53,4.55,0.85,0
P2__P1__path_1,P2,P1,path_1,16,15,53,4.55,0.75,0
P2__P1__path_1,P2,P1,path_1,17,14,53,4.55,0.65,0
P2__P1__path_1,P2,P1,path_1,18,13,53,4.55,0.55,0
P2__P1__path_1,P2,P1,path_1,19,12,53,4.55,0.45,0
P2__P1__path_1,P2,P1,path_1,20,11,53,4.55,0.35,0
P2__P1__path_1,P2,P1,path_1,21,10,53,4.55,0.25,0
P2__P1__path_1,P2,P1,path_1,22,10,52,4.45,0.25,0
P2__P1__path_1,P2,P1,path_1,23,10,51,4.35,0.25,0
P2__P1__path_1,P2,P1,path_1,24,10,50,4.25,0.25,0
P2__P1__path_1,P2,P1,path_1,25,10,49,4.15,0.25,0
P2__P1__path_1,P2,P1,path_1,26,10,48,4.05,0.25,0
P2__P1__path_1,P2,P1,path_1,27,10,47,3.95,0.25,0
P2__P1__path_1,P2,P1,path_1,28,10,46,3.85,0.25,0
P2__P1__path_1,P2,P1,path_1,29,10,45,3.75,0.25,0
P2__P1__path_1,P2,P1,path_1,30,10,44,3.65,0.25,0
P2__P1__path_1,P2,P1,path_1,31,10,43,3.55,0.25,0
P2__P1__path_1,P2,P1,path_1,32,10,42,3.45,0.25,0
P2__P1__path_1,P2,P1,path_1,33,10,41,3.35,0.25,0
P2__P1__path_1,P2,P1,path_1,34,10,40,3.25,0.25,0
P2__P1__path_1,P2,P1,path_1,35,10,39,3.15,0.25,0
P2__P1__path_1,P2,P1,path_1,36,10,38,3.05,0.25,0
P2__P1__path_1,P2,P1,path_1,37,11,38,3.05,0.35,0
P2__P1__path_1,P2,P1,path_1,38,12,38,3.05,0.45,0
P2__P1__path_1,P2,P1,path_1,39,13,38,3.05,0.55,0
P2__P1__path_1,P2,P1,path_1,40,14,38,3.05,0.65,0
P2__P1__path_1,P2,P1,path_1,41,15,38,3.05,0.75,0
P2__P1__path_1,P2,P1,path_1,42,16,38,3.05,0.85,0
P2__P1__path_1,P2,P1,path_1,43,17,37,2.95,0.95,0
P2__P3__path_1,P2,P3,path_1,0,31,53,4.55,2.35,0
P2__P3__path_1,P2,P3,path_1,1,32,53,4.55,2.45,0
P2__P3__path_1,P2,P3,path_1,2,33,53,4.55,2.55,0
P2__P3__path_1,P2,P3,path_1,3,34,53,4.55,2.65,0
P2__P3__path_1,P2,P3,path_1,4,35,53,4.55,2.75,0
P2__P3__path_1,P2,P3,path_1,5,36,53,4.55,2.85,0
P2__P3__path_1,P2,P3,path_1,6,37,53,4.55,2.95,0
P2__P3__path_1,P2,P3,path_1,7,38,53,4.55,3.05,0
P2__P3__path_1,P2,P3,path_1,8,39,53,4.55,3.15,0
P2__P3__path_1,P2,P3,path_1,9,40,52,4.45,3.25,0
P2__P3__path_1,P2,P3,path_1,10,41,51,4.35,3.35,0
P2__P3__path_1,P2,P3,path_1,11,42,50,4.25,3.45,0
P2__P3__path_1,P2,P3,path_1,12,43,49,4.15,3.55,0
P2__P3__path_1,P2,P3,path_1,13,44,48,4.05,3.65,0
P2__P3__path_1,P2,P3,path_1,14,45,47,3.95,3.75,0
P2__P3__path_1,P2,P3,path_1,15,46,46,3.85,3.85,0
P2__P3__path_1,P2,P3,path_1,16,47,45,3.75,3.95,0
P2__P3__path_1,P2,P3,path_1,17,48,44,3.65,4.05,0
P2__P3__path_1,P2,P3,path_1,18,49,43,3.55,4.15,0
P2__P3__path_1,P2,P3,path_1,19,50,43,3.55,4.25,0
P2__P3__path_1,P2,P3,path_1,20,51,43,3.55,4.35,0
P2__P3__path_1,P2,P3,path_1,21,52,43,3.55,4.45,0
P2__P3__path_1,P2,P3,path_1,22,53,43,3.55,4.55,0
P2__P3__path_1,P2,P3,path_1,23,54,43,3.55,4.65,0
P2__P3__path_1,P2,P3,path_1,24,55,43,3.55,4.75,0
P2__P3__path_1,P2,P3,path_1,25,56,43,3.55,4.85,0
P2__P3__path_1,P2,P3,path_1,26,57,43,3.55,4.95,0
P2__P3__path_1,P2,P3,path_1,27,58,43,3.55,5.05,0
P2__P3__path_1,P2,P3,path_1,28,59,43,3.55,5.15,0
P2__P3__path_1,P2,P3,path_1,29,60,43,3.55,5.25,0
P2__P4__path_1,P2,P4,path_1,0,31,53,4.55,2.35,0
P2__P4__path_1,P2,P4,path_1,1,30,54,4.65,2.25,0
P2__P4__path_1,P2,P4,path_1,2,29,55,4.75,2.15,0
P2__P4__path_1,P2,P4,path_1,3,28,56,4.85,2.05,0
P2__P4__path_1,P2,P4,path_1,4,27,56,4.85,1.95,0
P2__P4__path_1,P2,P4,path_1,5,26,56,4.85,1.85,0
P2__P4__path_1,P2,P4,path_1,6,25,56,4.85,1.75,0
P2__P4__path_1,P2,P4,path_1,7,24,56,4.85,1.65,0
P2__P4__path_1,P2,P4,path_1,8,23,56,4.85,1.55,0
P2__P4__path_1,P2,P4,path_1,9,22,56,4.85,1.45,0
P2__P4__path_1,P2,P4,path_1,10,21,57,4.95,1.35,0
P2__P5__path_1,P2,P5,path_1,0,31,53,4.55,2.35,0
P2__P5__path_1,P2,P5,path_1,1,32,53,4.55,2.45,0
P2__P5__path_1,P2,P5,path_1,2,33,53,4.55,2.55,0
P2__P5__path_1,P2,P5,path_1,3,34,53,4.55,2.65,0
P2__P5__path_1,P2,P5,path_1,4,35,53,4.55,2.75,0
P2__P5__path_1,P2,P5,path_1,5,36,53,4.55,2.85,0
P2__P5__path_1,P2,P5,path_1,6,37,53,4.55,2.95,0
P2__P5__path_1,P2,P5,path_1,7,38,53,4.55,3.05,0
P2__P5__path_1,P2,P5,path_1,8,39,53,4.55,3.15,0
P2__P5__path_1,P2,P5,path_1,9,40,53,4.55,3.25,0
P2__P5__path_1,P2,P5,path_1,10,41,53,4.55,3.35,0
P2__P5__path_1,P2,P5,path_1,11,42,53,4.55,3.45,0
P2__P5__path_1,P2,P5,path_1,12,43,54,4.65,3.55,0
P2__P5__path_1,P2,P5,path_1,13,44,55,4.75,3.65,0
P2__P5__path_1,P2,P5,path_1,14,45,55,4.75,3.75,0
P2__P5__path_1,P2,P5,path_1,15,46,55,4.75,3.85,0
P2__P5__path_1,P2,P5,path_1,16,47,55,4.75,3.95,0
P2__P5__path_1,P2,P5,path_1,17,48,55,4.75,4.05,0
P2__P5__path_1,P2,P5,path_1,18,48,56,4.85,4.05,0
P2__P5__path_1,P2,P5,path_1,19,48,57,4.95,4.05,0
P2__P5__path_1,P2,P5,path_1,20,48,58,5.05,4.05,0
P2__P5__path_1,P2,P5,path_1,21,48,59,5.15,4.05,0
P2__P5__path_1,P2,P5,path_1,22,48,60,5.25,4.05,0
P2__P5__path_1,P2,P5,path_1,23,48,61,5.35,4.05,0
P2__P5__path_1,P2,P5,path_1,24,48,62,5.45,4.05,0
P2__P5__path_1,P2,P5,path_1,25,48,63,5.55,4.05,0
P2__P5__path_1,P2,P5,path_1,26,48,64,5.65,4.05,0
P2__P6__path_1,P2,P6,path_1,0,31,53,4.55,2.35,0
P2__P6__path_1,P2,P6,path_1,1,32,53,4.55,2.45,0
P2__P6__path_1,P2,P6,path_1,2,33,53,4.55,2.55,0
P2__P6__path_1,P2,P6,path_1,3,34,53,4.55,2.65,0
P2__P6__path_1,P2,P6,path_1,4,35,53,4.55,2.75,0
P2__P6__path_1,P2,P6,path_1,5,36,53,4.55,2.85,0
P2__P6__path_1,P2,P6,path_1,6,37,53,4.55,2.95,0
P2__P6__path_1,P2,P6,path_1,7,38,53,4.55,3.05,0
P2__P6__path_1,P2,P6,path_1,8,39,53,4.55,3.15,0
P2__P6__path_1,P2,P6,path_1,9,40,53,4.55,3.25,0
P2__P6__path_1,P2,P6,path_1,10,41,53,4.55,3.35,0
P2__P6__path_1,P2,P6,path_1,11,42,53,4.55,3.45,0
P2__P6__path_1,P2,P6,path_1,12,43,54,4.65,3.55,0
P2__P6__path_1,P2,P6,path_1,13,44,55,4.75,3.65,0
P2__P6__path_1,P2,P6,path_1,14,45,55,4.75,3.75,0
P2__P6__path_1,P2,P6,path_1,15,46,55,4.75,3.85,0
P2__P6__path_1,P2,P6,path_1,16,47,55,4.75,3.95,0
P2__P6__path_1,P2,P6,path_1,17,48,55,4.75,4.05,0
P2__P6__path_1,P2,P6,path_1,18,49,56,4.85,4.15,0
P2__P6__path_1,P2,P6,path_1,19,49,57,4.95,4.15,0
P2__P6__path_1,P2,P6,path_1,20,49,58,5.05,4.15,0
P2__P6__path_1,P2,P6,path_1,21,49,59,5.15,4.15,0
P2__P6__path_1,P2,P6,path_1,22,49,60,5.25,4.15,0
P2__P6__path_1,P2,P6,path_1,23,49,61,5.35,4.15,0
P2__P6__path_1,P2,P6,path_1,24,49,62,5.45,4.15,0
P2__P6__path_1,P2,P6,path_1,25,49,63,5.55,4.15,0
P2__P6__path_1,P2,P6,path_1,26,50,64,5.65,4.25,0
P2__P6__path_1,P2,P6,path_1,27,51,65,5.75,4.35,0
P2__P6__path_1,P2,P6,path_1,28,52,66,5.85,4.45,0
P2__P6__path_1,P2,P6,path_1,29,53,67,5.95,4.55,0
P2__P6__path_1,P2,P6,path_1,30,54,68,6.05,4.65,0
P2__P6__path_1,P2,P6,path_1,31,55,68,6.05,4.75,0
P2__P6__path_1,P2,P6,path_1,32,56,68,6.05,4.85,0
P2__P6__path_1,P2,P6,path_1,33,57,68,6.05,4.95,0
P2__P6__path_1,P2,P6,path_1,34,58,68,6.05,5.05,0
P2__P6__path_1,P2,P6,path_1,35,59,68,6.05,5.15,0
P2__P6__path_1,P2,P6,path_1,36,60,68,6.05,5.25,0
P2__P6__path_1,P2,P6,path_1,37,61,68,6.05,5.35,0
P2__P6__path_1,P2,P6,path_1,38,62,68,6.05,5.45,0
P2__P6__path_1,P2,P6,path_1,39,63,68,6.05,5.55,0
P2__P6__path_1,P2,P6,path_1,40,64,68,6.05,5.65,0
P2__P6__path_1,P2,P6,path_1,41,65,68,6.05,5.75,0
P2__P6__path_1,P2,P6,path_1,42,65,69,6.15,5.75,0
P2__P6__path_1,P2,P6,path_1,43,65,70,6.25,5.75,0
P2__P6__path_1,P2,P6,path_1,44,65,71,6.35,5.75,0
P2__P6__path_1,P2,P6,path_1,45,65,72,6.45,5.75,0
P2__P6__path_1,P2,P6,path_1,46,65,73,6.55,5.75,0
P2__P6__path_1,P2,P6,path_1,47,65,74,6.65,5.75,0
P2__P6__path_1,P2,P6,path_1,48,65,75,6.75,5.75,0
P2__P6__path_1,P2,P6,path_1,49,65,76,6.85,5.75,0
P2__P6__path_1,P2,P6,path_1,50,65,77,6.95,5.75,0
P2__P6__path_1,P2,P6,path_1,51,65,78,7.05,5.75,0
P2__P6__path_1,P2,P6,path_1,52,65,79,7.15,5.75,0
P2__P6__path_1,P2,P6,path_1,53,65,80,7.25,5.75,0
P2__P6__path_1,P2,P6,path_1,54,65,81,7.35,5.75,0
P2__P6__path_1,P2,P6,path_1,55,65,82,7.45,5.75,0
P2__P6__path_1,P2,P6,path_1,56,65,83,7.55,5.75,0
P2__P6__path_1,P2,P6,path_1,57,65,84,7.65,5.75,0
P2__P6__path_1,P2,P6,path_1,58,65,85,7.75,5.75,0
P2__P6__path_1,P2,P6,path_1,59,65,86,7.85,5.75,0
P2__P6__path_1,P2,P6,path_1,60,65,87,7.95,5.75,0
P2__P7__path_1,P2,P7,path_1,0,31,53,4.55,2.35,0
P2__P7__path_1,P2,P7,path_1,1,30,53,4.55,2.25,0
P2__P7__path_1,P2,P7,path_1,2,29,53,4.55,2.15,0
P2__P7__path_1,P2,P7,path_1,3,28,53,4.55,2.05,0
P2__P7__path_1,P2,P7,path_1,4,27,53,4.55,1.95,0
P2__P7__path_1,P2,P7,path_1,5,26,53,4.55,1.85,0
P2__P7__path_1,P2,P7,path_1,6,25,53,4.55,1.75,0
P2__P7__path_1,P2,P7,path_1,7,24,53,4.55,1.65,0
P2__P7__path_1,P2,P7,path_1,8,23,53,4.55,1.55,0
P2__P7__path_1,P2,P7,path_1,9,22,53,4.55,1.45,0
P2__P7__path_1,P2,P7,path_1,10,21,53,4.55,1.35,0
P2__P7__path_1,P2,P7,path_1,11,20,53,4.55,1.25,0
P2__P7__path_1,P2,P7,path_1,12,19,54,4.65,1.15,0
P2__P7__path_1,P2,P7,path_1,13,18,55,4.75,1.05,0
P2__P7__path_1,P2,P7,path_1,14,17,56,4.85,0.95,0
P2__P7__path_1,P2,P7,path_1,15,16,57,4.95,0.85,0
P2__P7__path_1,P2,P7,path_1,16,15,57,4.95,0.75,0
P2__P7__path_1,P2,P7,path_1,17,14,57,4.95,0.65,0
P2__P7__path_1,P2,P7,path_1,18,13,57,4.95,0.55,0
P2__P7__path_1,P2,P7,path_1,19,12,57,4.95,0.45,0
P2__P7__path_1,P2,P7,path_1,20,11,57,4.95,0.35,0
P2__P7__path_1,P2,P7,path_1,21,11,58,5.05,0.35,0
P2__P7__path_1,P2,P7,path_1,22,11,59,5.15,0.35,0
P2__P7__path_1,P2,P7,path_1,23,11,60,5.25,0.35,0
P2__P7__path_1,P2,P7,path_1,24,11,61,5.35,0.35,0
P2__P7__path_1,P2,P7,path_1,25,11,62,5.45,0.35,0
P2__P7__path_1,P2,P7,path_1,26,11,63,5.55,0.35,0
P2__P7__path_1,P2,P7,path_1,27,11,64,5.65,0.35,0
P2__P7__path_1,P2,P7,path_1,28,11,65,5.75,0.35,0
P2__P7__path_1,P2,P7,path_1,29,11,66,5.85,0.35,0
P2__P7__path_1,P2,P7,path_1,30,11,67,5.95,0.35,0
P2__P7__path_1,P2,P7,path_1,31,11,68,6.05,0.35,0
P2__P7__path_1,P2,P7,path_1,32,11,69,6.15,0.35,0
P2__P7__path_1,P2,P7,path_1,33,11,70,6.25,0.35,0
P2__P7__path_1,P2,P7,path_1,34,11,71,6.35,0.35,0
P2__P7__path_1,P2,P7,path_1,35,11,72,6.45,0.35,0
P2__P7__path_1,P2,P7,path_1,36,11,73,6.55,0.35,0
P2__P7__path_1,P2,P7,path_1,37,11,74,6.65,0.35,0
P2__P7__path_1,P2,P7,path_1,38,11,75,6.75,0.35,0
P2__P7__path_1,P2,P7,path_1,39,12,76,6.85,0.45,0
P2__P7__path_1,P2,P7,path_1,40,13,77,6.95,0.55,0
P2__P7__path_1,P2,P7,path_1,41,14,78,7.05,0.65,0
P2__P7__path_1,P2,P7,path_1,42,15,79,7.15,0.75,0
P2__P7__path_1,P2,P7,path_1,43,16,79,7.15,0.85,0
P2__P7__path_1,P2,P7,path_1,44,17,79,7.15,0.95,0
P2__P7__path_1,P2,P7,path_1,45,18,80,7.25,1.05,0
P2__P8__path_1,P2,P8,path_1,0,31,53,4.55,2.35,0
P2__P8__path_1,P2,P8,path_1,1,32,53,4.55,2.45,0
P2__P8__path_1,P2,P8,path_1,2,33,53,4.55,2.55,0
P2__P8__path_1,P2,P8,path_1,3,34,53,4.55,2.65,0
P2__P8__path_1,P2,P8,path_1,4,35,53,4.55,2.75,0
P2__P8__path_1,P2,P8,path_1,5,36,53,4.55,2.85,0
P2__P8__path_1,P2,P8,path_1,6,37,53,4.55,2.95,0
P2__P8__path_1,P2,P8,path_1,7,38,53,4.55,3.05,0
P2__P8__path_1,P2,P8,path_1,8,39,53,4.55,3.15,0
P2__P8__path_1,P2,P8,path_1,9,40,53,4.55,3.25,0
P2__P8__path_1,P2,P8,path_1,10,41,53,4.55,3.35,0
P2__P8__path_1,P2,P8,path_1,11,42,53,4.55,3.45,0
P2__P8__path_1,P2,P8,path_1,12,43,54,4.65,3.55,0
P2__P8__path_1,P2,P8,path_1,13,44,55,4.75,3.65,0
P2__P8__path_1,P2,P8,path_1,14,45,55,4.75,3.75,0
P2__P8__path_1,P2,P8,path_1,15,46,55,4.75,3.85,0
P2__P8__path_1,P2,P8,path_1,16,47,55,4.75,3.95,0
P2__P8__path_1,P2,P8,path_1,17,48,55,4.75,4.05,0
P2__P8__path_1,P2,P8,path_1,18,48,56,4.85,4.05,0
P2__P8__path_1,P2,P8,path_1,19,48,57,4.95,4.05,0
P2__P8__path_1,P2,P8,path_1,20,48,58,5.05,4.05,0
P2__P8__path_1,P2,P8,path_1,21,48,59,5.15,4.05,0
P2__P8__path_1,P2,P8,path_1,22,48,60,5.25,4.05,0
P2__P8__path_1,P2,P8,path_1,23,48,61,5.35,4.05,0
P2__P8__path_1,P2,P8,path_1,24,48,62,5.45,4.05,0
P2__P8__path_1,P2,P8,path_1,25,48,63,5.55,4.05,0
P2__P8__path_1,P2,P8,path_1,26,48,64,5.65,4.05,0
P2__P8__path_1,P2,P8,path_1,27,48,65,5.75,4.05,0
P2__P8__path_1,P2,P8,path_1,28,48,66,5.85,4.05,0
P2__P8__path_1,P2,P8,path_1,29,48,67,5.95,4.05,0
P2__P8__path_1,P2,P8,path_1,30,48,68,6.05,4.05,0
P2__P8__path_1,P2,P8,path_1,31,48,69,6.15,4.05,0
P2__P8__path_1,P2,P8,path_1,32,48,70,6.25,4.05,0
P2__P8__path_1,P2,P8,path_1,33,48,71,6.35,4.05,0
P2__P8__path_1,P2,P8,path_1,34,48,72,6.45,4.05,0
P2__P8__path_1,P2,P8,path_1,35,48,73,6.55,4.05,0
P2__P8__path_1,P2,P8,path_1,36,47,74,6.65,3.95,0
P2__P8__path_1,P2,P8,path_1,37,46,75,6.75,3.85,0
P2__P8__path_1,P2,P8,path_1,38,45,76,6.85,3.75,0
P2__P8__path_1,P2,P8,path_1,39,44,77,6.95,3.65,0
P2__P8__path_1,P2,P8,path_1,40,43,78,7.05,3.55,0
P2__P8__path_1,P2,P8,path_1,41,42,79,7.15,3.45,0
P2__P8__path_1,P2,P8,path_1,42,41,80,7.25,3.35,0
P2__P8__path_1,P2,P8,path_1,43,40,81,7.35,3.25,0
P2__P8__path_1,P2,P8,path_1,44,40,82,7.45,3.25,0
P2__P8__path_1,P2,P8,path_1,45,40,83,7.55,3.25,0
P2__P8__path_1,P2,P8,path_1,46,40,84,7.65,3.25,0
P2__P8__path_1,P2,P8,path_1,47,40,85,7.75,3.25,0
P2__P8__path_1,P2,P8,path_1,48,40,86,7.85,3.25,0
P2__P8__path_1,P2,P8,path_1,49,40,87,7.95,3.25,0
P2__P8__path_1,P2,P8,path_1,50,40,88,8.05,3.25,0
P2__P8__path_1,P2,P8,path_1,51,40,89,8.15,3.25,0
P2__P8__path_1,P2,P8,path_1,52,40,90,8.25,3.25,0
P2__P8__path_1,P2,P8,path_1,53,40,91,8.35,3.25,0
P2__P8__path_1,P2,P8,path_1,54,40,92,8.45,3.25,0
P2__P8__path_1,P2,P8,path_1,55,40,93,8.55,3.25,0
P2__P8__path_1,P2,P8,path_1,56,40,94,8.65,3.25,0
P2__P8__path_1,P2,P8,path_1,57,40,95,8.75,3.25,0
P2__P8__path_1,P2,P8,path_1,58,40,96,8.85,3.25,0
P2__P8__path_1,P2,P8,path_1,59,39,96,8.85,3.15,0
P2__P8__path_1,P2,P8,path_1,60,38,96,8.85,3.05,0
P2__P8__path_1,P2,P8,path_1,61,37,96,8.85,2.95,0
P2__P8__path_1,P2,P8,path_1,62,36,96,8.85,2.85,0
P2__P8__path_1,P2,P8,path_1,63,35,96,8.85,2.75,0
P2__P8__path_1,P2,P8,path_1,64,34,96,8.85,2.65,0
P2__P8__path_1,P2,P8,path_1,65,33,96,8.85,2.55,0
P2__P8__path_1,P2,P8,path_1,66,32,96,8.85,2.45,0
P2__P8__path_1,P2,P8,path_1,67,31,96,8.85,2.35,0
P2__P9__path_1,P2,P9,path_1,0,31,53,4.55,2.35,0
P2__P9__path_1,P2,P9,path_1,1,32,53,4.55,2.45,0
P2__P9__path_1,P2,P9,path_1,2,33,53,4.55,2.55,0
P2__P9__path_1,P2,P9,path_1,3,34,53,4.55,2.65,0
P2__P9__path_1,P2,P9,path_1,4,35,53,4.55,2.75,0
P2__P9__path_1,P2,P9,path_1,5,36,53,4.55,2.85,0
P2__P9__path_1,P2,P9,path_1,6,37,53,4.55,2.95,0
P2__P9__path_1,P2,P9,path_1,7,38,53,4.55,3.05,0
P2__P9__path_1,P2,P9,path_1,8,39,53,4.55,3.15,0
P2__P9__path_1,P2,P9,path_1,9,40,53,4.55,3.25,0
P2__P9__path_1,P2,P9,path_1,10,41,53,4.55,3.35,0
P2__P9__path_1,P2,P9,path_1,11,42,53,4.55,3.45,0
P2__P9__path_1,P2,P9,path_1,12,43,54,4.65,3.55,0
P2__P9__path_1,P2,P9,path_1,13,44,55,4.75,3.65,0
P2__P9__path_1,P2,P9,path_1,14,45,55,4.75,3.75,0
P2__P9__path_1,P2,P9,path_1,15,46,55,4.75,3.85,0
P2__P9__path_1,P2,P9,path_1,16,47,55,4.75,3.95,0
P2__P9__path_1,P2,P9,path_1,17,48,55,4.75,4.05,0
P2__P9__path_1,P2,P9,path_1,18,49,56,4.85,4.15,0
P2__P9__path_1,P2,P9,path_1,19,49,57,4.95,4.15,0
P2__P9__path_1,P2,P9,path_1,20,49,58,5.05,4.15,0
P2__P9__path_1,P2,P9,path_1,21,49,59,5.15,4.15,0
P2__P9__path_1,P2,P9,path_1,22,49,60,5.25,4.15,0
P2__P9__path_1,P2,P9,path_1,23,49,61,5.35,4.15,0
P2__P9__path_1,P2,P9,path_1,24,49,62,5.45,4.15,0
P2__P9__path_1,P2,P9,path_1,25,49,63,5.55,4.15,0
P2__P9__path_1,P2,P9,path_1,26,50,64,5.65,4.25,0
P2__P9__path_1,P2,P9,path_1,27,51,65,5.75,4.35,0
P2__P9__path_1,P2,P9,path_1,28,52,65,5.75,4.45,0
P2__P9__path_1,P2,P9,path_1,29,53,66,5.85,4.55,0
P2__P9__path_1,P2,P9,path_1,30,54,66,5.85,4.65,0
P2__P9__path_1,P2,P9,path_1,31,55,67,5.95,4.75,0
P2__P9__path_1,P2,P9,path_1,32,56,67,5.95,4.85,0
P2__P9__path_1,P2,P9,path_1,33,57,67,5.95,4.95,0
P2__P9__path_1,P2,P9,path_1,34,58,68,6.05,5.05,0
P2__SORT1__path_1,P2,SORT1,path_1,0,31,53,4.55,2.35,0
P2__SORT1__path_1,P2,SORT1,path_1,1,32,53,4.55,2.45,0
P2__SORT1__path_1,P2,SORT1,path_1,2,33,53,4.55,2.55,0
P2__SORT1__path_1,P2,SORT1,path_1,3,34,53,4.55,2.65,0
P2__SORT1__path_1,P2,SORT1,path_1,4,35,53,4.55,2.75,0
P2__SORT1__path_1,P2,SORT1,path_1,5,36,53,4.55,2.85,0
P2__SORT1__path_1,P2,SORT1,path_1,6,37,53,4.55,2.95,0
P2__SORT1__path_1,P2,SORT1,path_1,7,38,53,4.55,3.05,0
P2__SORT1__path_1,P2,SORT1,path_1,8,39,53,4.55,3.15,0
P2__SORT1__path_1,P2,SORT1,path_1,9,40,53,4.55,3.25,0
P2__SORT1__path_1,P2,SORT1,path_1,10,41,53,4.55,3.35,0
P2__SORT1__path_1,P2,SORT1,path_1,11,42,53,4.55,3.45,0
P2__SORT1__path_1,P2,SORT1,path_1,12,43,54,4.65,3.55,0
P2__SORT1__path_1,P2,SORT1,path_1,13,44,55,4.75,3.65,0
P2__SORT1__path_1,P2,SORT1,path_1,14,45,55,4.75,3.75,0
P2__SORT1__path_1,P2,SORT1,path_1,15,46,55,4.75,3.85,0
P2__SORT1__path_1,P2,SORT1,path_1,16,47,55,4.75,3.95,0
P2__SORT1__path_1,P2,SORT1,path_1,17,48,55,4.75,4.05,0
P2__SORT1__path_1,P2,SORT1,path_1,18,48,56,4.85,4.05,0
P2__SORT1__path_1,P2,SORT1,path_1,19,48,57,4.95,4.05,0
P2__SORT1__path_1,P2,SORT1,path_1,20,48,58,5.05,4.05,0
P2__SORT1__path_1,P2,SORT1,path_1,21,48,59,5.15,4.05,0
P2__SORT1__path_1,P2,SORT1,path_1,22,48,60,5.25,4.05,0
P2__SORT1__path_1,P2,SORT1,path_1,23,48,61,5.35,4.05,0
P2__SORT1__path_1,P2,SORT1,path_1,24,48,62,5.45,4.05,0
P2__SORT1__path_1,P2,SORT1,path_1,25,48,63,5.55,4.05,0
P2__SORT1__path_1,P2,SORT1,path_1,26,48,64,5.65,4.05,0
P2__SORT1__path_1,P2,SORT1,path_1,27,48,65,5.75,4.05,0
P2__SORT1__path_1,P2,SORT1,path_1,28,48,66,5.85,4.05,0
P2__SORT1__path_1,P2,SORT1,path_1,29,48,67,5.95,4.05,0
P2__SORT1__path_1,P2,SORT1,path_1,30,48,68,6.05,4.05,0
P2__SORT1__path_1,P2,SORT1,path_1,31,48,69,6.15,4.05,0
P2__SORT1__path_1,P2,SORT1,path_1,32,48,70,6.25,4.05,0
P2__SORT1__path_1,P2,SORT1,path_1,33,48,71,6.35,4.05,0
P2__SORT1__path_1,P2,SORT1,path_1,34,48,72,6.45,4.05,0
P2__SORT1__path_1,P2,SORT1,path_1,35,48,73,6.55,4.05,0
P2__SORT1__path_1,P2,SORT1,path_1,36,47,74,6.65,3.95,0
P2__SORT1__path_1,P2,SORT1,path_1,37,46,75,6.75,3.85,0
P2__SORT1__path_1,P2,SORT1,path_1,38,45,76,6.85,3.75,0
P2__SORT1__path_1,P2,SORT1,path_1,39,44,77,6.95,3.65,0
P2__SORT1__path_1,P2,SORT1,path_1,40,43,78,7.05,3.55,0
P2__SORT1__path_1,P2,SORT1,path_1,41,42,79,7.15,3.45,0
P2__SORT1__path_1,P2,SORT1,path_1,42,41,80,7.25,3.35,0
P2__SORT1__path_1,P2,SORT1,path_1,43,40,81,7.35,3.25,0
P2__SORT1__path_1,P2,SORT1,path_1,44,40,82,7.45,3.25,0
P2__SORT1__path_1,P2,SORT1,path_1,45,40,83,7.55,3.25,0
P2__SORT1__path_1,P2,SORT1,path_1,46,40,84,7.65,3.25,0
P2__SORT1__path_1,P2,SORT1,path_1,47,40,85,7.75,3.25,0
P2__SORT1__path_1,P2,SORT1,path_1,48,40,86,7.85,3.25,0
P2__SORT1__path_1,P2,SORT1,path_1,49,40,87,7.95,3.25,0
P2__SORT1__path_1,P2,SORT1,path_1,50,40,88,8.05,3.25,0
P2__SORT1__path_1,P2,SORT1,path_1,51,40,89,8.15,3.25,0
P2__SORT1__path_1,P2,SORT1,path_1,52,40,90,8.25,3.25,0
P2__SORT1__path_1,P2,SORT1,path_1,53,40,91,8.35,3.25,0
P2__SORT1__path_1,P2,SORT1,path_1,54,40,92,8.45,3.25,0
P2__SORT1__path_1,P2,SORT1,path_1,55,40,93,8.55,3.25,0
P2__SORT1__path_1,P2,SORT1,path_1,56,40,94,8.65,3.25,0
P2__SORT1__path_1,P2,SORT1,path_1,57,40,95,8.75,3.25,0
P2__SORT1__path_1,P2,SORT1,path_1,58,40,96,8.85,3.25,0
P2__SORT1__path_1,P2,SORT1,path_1,59,39,97,8.95,3.15,0
P2__SORT1__path_1,P2,SORT1,path_1,60,38,98,9.05,3.05,0
P2__SORT1__path_1,P2,SORT1,path_1,61,37,99,9.15,2.95,0
P2__SORT1__path_1,P2,SORT1,path_1,62,36,100,9.25,2.85,0
P2__SORT1__path_1,P2,SORT1,path_1,63,35,101,9.35,2.75,0
P2__SORT1__path_1,P2,SORT1,path_1,64,34,102,9.45,2.65,0
P2__SORT1__path_1,P2,SORT1,path_1,65,33,103,9.55,2.55,0
P2__SORT1__path_1,P2,SORT1,path_1,66,32,104,9.65,2.45,0
P2__SORT1__path_1,P2,SORT1,path_1,67,31,104,9.65,2.35,0
P2__SORT1__path_1,P2,SORT1,path_1,68,30,104,9.65,2.25,0
P2__SORT1__path_1,P2,SORT1,path_1,69,29,105,9.75,2.15,0
P2__SORT2__path_1,P2,SORT2,path_1,0,31,53,4.55,2.35,0
P2__SORT2__path_1,P2,SORT2,path_1,1,32,53,4.55,2.45,0
P2__SORT2__path_1,P2,SORT2,path_1,2,33,53,4.55,2.55,0
P2__SORT2__path_1,P2,SORT2,path_1,3,34,53,4.55,2.65,0
P2__SORT2__path_1,P2,SORT2,path_1,4,35,53,4.55,2.75,0
P2__SORT2__path_1,P2,SORT2,path_1,5,36,53,4.55,2.85,0
P2__SORT2__path_1,P2,SORT2,path_1,6,37,53,4.55,2.95,0
P2__SORT2__path_1,P2,SORT2,path_1,7,38,53,4.55,3.05,0
P2__SORT2__path_1,P2,SORT2,path_1,8,39,53,4.55,3.15,0
P2__SORT2__path_1,P2,SORT2,path_1,9,40,53,4.55,3.25,0
P2__SORT2__path_1,P2,SORT2,path_1,10,41,53,4.55,3.35,0
P2__SORT2__path_1,P2,SORT2,path_1,11,42,53,4.55,3.45,0
P2__SORT2__path_1,P2,SORT2,path_1,12,43,54,4.65,3.55,0
P2__SORT2__path_1,P2,SORT2,path_1,13,44,55,4.75,3.65,0
P2__SORT2__path_1,P2,SORT2,path_1,14,45,55,4.75,3.75,0
P2__SORT2__path_1,P2,SORT2,path_1,15,46,55,4.75,3.85,0
P2__SORT2__path_1,P2,SORT2,path_1,16,47,55,4.75,3.95,0
P2__SORT2__path_1,P2,SORT2,path_1,17,48,55,4.75,4.05,0
P2__SORT2__path_1,P2,SORT2,path_1,18,48,56,4.85,4.05,0
P2__SORT2__path_1,P2,SORT2,path_1,19,48,57,4.95,4.05,0
P2__SORT2__path_1,P2,SORT2,path_1,20,48,58,5.05,4.05,0
P2__SORT2__path_1,P2,SORT2,path_1,21,48,59,5.15,4.05,0
P2__SORT2__path_1,P2,SORT2,path_1,22,48,60,5.25,4.05,0
P2__SORT2__path_1,P2,SORT2,path_1,23,48,61,5.35,4.05,0
P2__SORT2__path_1,P2,SORT2,path_1,24,48,62,5.45,4.05,0
P2__SORT2__path_1,P2,SORT2,path_1,25,48,63,5.55,4.05,0
P2__SORT2__path_1,P2,SORT2,path_1,26,48,64,5.65,4.05,0
P2__SORT2__path_1,P2,SORT2,path_1,27,48,65,5.75,4.05,0
P2__SORT2__path_1,P2,SORT2,path_1,28,48,66,5.85,4.05,0
P2__SORT2__path_1,P2,SORT2,path_1,29,48,67,5.95,4.05,0
P2__SORT2__path_1,P2,SORT2,path_1,30,48,68,6.05,4.05,0
P2__SORT2__path_1,P2,SORT2,path_1,31,48,69,6.15,4.05,0
P2__SORT2__path_1,P2,SORT2,path_1,32,48,70,6.25,4.05,0
P2__SORT2__path_1,P2,SORT2,path_1,33,48,71,6.35,4.05,0
P2__SORT2__path_1,P2,SORT2,path_1,34,48,72,6.45,4.05,0
P2__SORT2__path_1,P2,SORT2,path_1,35,48,73,6.55,4.05,0
P2__SORT2__path_1,P2,SORT2,path_1,36,48,74,6.65,4.05,0
P2__SORT2__path_1,P2,SORT2,path_1,37,48,75,6.75,4.05,0
P2__SORT2__path_1,P2,SORT2,path_1,38,48,76,6.85,4.05,0
P2__SORT2__path_1,P2,SORT2,path_1,39,48,77,6.95,4.05,0
P2__SORT2__path_1,P2,SORT2,path_1,40,48,78,7.05,4.05,0
P2__SORT2__path_1,P2,SORT2,path_1,41,48,79,7.15,4.05,0
P2__SORT2__path_1,P2,SORT2,path_1,42,48,80,7.25,4.05,0
P2__SORT2__path_1,P2,SORT2,path_1,43,48,81,7.35,4.05,0
P2__SORT2__path_1,P2,SORT2,path_1,44,48,82,7.45,4.05,0
P2__SORT2__path_1,P2,SORT2,path_1,45,48,83,7.55,4.05,0
P2__SORT2__path_1,P2,SORT2,path_1,46,48,84,7.65,4.05,0
P2__SORT2__path_1,P2,SORT2,path_1,47,48,85,7.75,4.05,0
P2__SORT2__path_1,P2,SORT2,path_1,48,48,86,7.85,4.05,0
P2__SORT2__path_1,P2,SORT2,path_1,49,48,87,7.95,4.05,0
P2__SORT2__path_1,P2,SORT2,path_1,50,48,88,8.05,4.05,0
P2__SORT2__path_1,P2,SORT2,path_1,51,48,89,8.15,4.05,0
P2__SORT2__path_1,P2,SORT2,path_1,52,48,90,8.25,4.05,0
P2__SORT2__path_1,P2,SORT2,path_1,53,48,91,8.35,4.05,0
P2__SORT2__path_1,P2,SORT2,path_1,54,48,92,8.45,4.05,0
P2__SORT2__path_1,P2,SORT2,path_1,55,48,93,8.55,4.05,0
P2__SORT2__path_1,P2,SORT2,path_1,56,48,94,8.65,4.05,0
P2__SORT2__path_1,P2,SORT2,path_1,57,48,95,8.75,4.05,0
P2__SORT2__path_1,P2,SORT2,path_1,58,48,96,8.85,4.05,0
P2__SORT2__path_1,P2,SORT2,path_1,59,48,97,8.95,4.05,0
P2__SORT2__path_1,P2,SORT2,path_1,60,48,98,9.05,4.05,0
P2__SORT2__path_1,P2,SORT2,path_1,61,48,99,9.15,4.05,0
P2__SORT2__path_1,P2,SORT2,path_1,62,48,100,9.25,4.05,0
P2__SORT2__path_1,P2,SORT2,path_1,63,48,101,9.35,4.05,0
P2__SORT2__path_1,P2,SORT2,path_1,64,48,102,9.45,4.05,0
P2__SORT2__path_1,P2,SORT2,path_1,65,48,103,9.55,4.05,0
P2__SORT2__path_1,P2,SORT2,path_1,66,48,104,9.65,4.05,0
P2__SORT2__path_1,P2,SORT2,path_1,67,48,105,9.75,4.05,0
P2__SORT2__path_1,P2,SORT2,path_1,68,48,106,9.85,4.05,0
P2__SORT2__path_1,P2,SORT2,path_1,69,48,107,9.95,4.05,0
P2__SORT2__path_1,P2,SORT2,path_1,70,48,108,10.05,4.05,0
P2__SORT2__path_1,P2,SORT2,path_1,71,48,109,10.15,4.05,0
P2__SORT2__path_1,P2,SORT2,path_1,72,48,110,10.25,4.05,0
P2__SORT2__path_1,P2,SORT2,path_1,73,48,111,10.35,4.05,0
P2__OUT1__path_1,P2,OUT1,path_1,0,31,53,4.55,2.35,0
P2__OUT1__path_1,P2,OUT1,path_1,1,30,53,4.55,2.25,0
P2__OUT1__path_1,P2,OUT1,path_1,2,29,53,4.55,2.15,0
P2__OUT1__path_1,P2,OUT1,path_1,3,28,53,4.55,2.05,0
P2__OUT1__path_1,P2,OUT1,path_1,4,27,53,4.55,1.95,0
P2__OUT1__path_1,P2,OUT1,path_1,5,26,53,4.55,1.85,0
P2__OUT1__path_1,P2,OUT1,path_1,6,25,53,4.55,1.75,0
P2__OUT1__path_1,P2,OUT1,path_1,7,24,53,4.55,1.65,0
P2__OUT1__path_1,P2,OUT1,path_1,8,23,53,4.55,1.55,0
P2__OUT1__path_1,P2,OUT1,path_1,9,22,53,4.55,1.45,0
P2__OUT1__path_1,P2,OUT1,path_1,10,21,53,4.55,1.35,0
P2__OUT1__path_1,P2,OUT1,path_1,11,20,53,4.55,1.25,0
P2__OUT1__path_1,P2,OUT1,path_1,12,19,54,4.65,1.15,0
P2__OUT1__path_1,P2,OUT1,path_1,13,18,55,4.75,1.05,0
P2__OUT1__path_1,P2,OUT1,path_1,14,17,56,4.85,0.95,0
P2__OUT1__path_1,P2,OUT1,path_1,15,16,57,4.95,0.85,0
P2__OUT1__path_1,P2,OUT1,path_1,16,15,57,4.95,0.75,0
P2__OUT1__path_1,P2,OUT1,path_1,17,14,57,4.95,0.65,0
P2__OUT1__path_1,P2,OUT1,path_1,18,13,57,4.95,0.55,0
P2__OUT1__path_1,P2,OUT1,path_1,19,12,57,4.95,0.45,0
P2__OUT1__path_1,P2,OUT1,path_1,20,11,57,4.95,0.35,0
P2__OUT1__path_1,P2,OUT1,path_1,21,11,58,5.05,0.35,0
P2__OUT1__path_1,P2,OUT1,path_1,22,11,59,5.15,0.35,0
P2__OUT1__path_1,P2,OUT1,path_1,23,11,60,5.25,0.35,0
P2__OUT1__path_1,P2,OUT1,path_1,24,11,61,5.35,0.35,0
P2__OUT1__path_1,P2,OUT1,path_1,25,11,62,5.45,0.35,0
P2__OUT1__path_1,P2,OUT1,path_1,26,11,63,5.55,0.35,0
P2__OUT1__path_1,P2,OUT1,path_1,27,11,64,5.65,0.35,0
P2__OUT1__path_1,P2,OUT1,path_1,28,11,65,5.75,0.35,0
P2__OUT1__path_1,P2,OUT1,path_1,29,11,66,5.85,0.35,0
P2__OUT1__path_1,P2,OUT1,path_1,30,11,67,5.95,0.35,0
P2__OUT1__path_1,P2,OUT1,path_1,31,11,68,6.05,0.35,0
P2__OUT1__path_1,P2,OUT1,path_1,32,11,69,6.15,0.35,0
P2__OUT1__path_1,P2,OUT1,path_1,33,11,70,6.25,0.35,0
P2__OUT1__path_1,P2,OUT1,path_1,34,11,71,6.35,0.35,0
P2__OUT1__path_1,P2,OUT1,path_1,35,11,72,6.45,0.35,0
P2__OUT1__path_1,P2,OUT1,path_1,36,11,73,6.55,0.35,0
P2__OUT1__path_1,P2,OUT1,path_1,37,11,74,6.65,0.35,0
P2__OUT1__path_1,P2,OUT1,path_1,38,11,75,6.75,0.35,0
P2__OUT1__path_1,P2,OUT1,path_1,39,11,76,6.85,0.35,0
P2__OUT1__path_1,P2,OUT1,path_1,40,11,77,6.95,0.35,0
P2__OUT1__path_1,P2,OUT1,path_1,41,11,78,7.05,0.35,0
P2__OUT1__path_1,P2,OUT1,path_1,42,11,79,7.15,0.35,0
P2__OUT1__path_1,P2,OUT1,path_1,43,11,80,7.25,0.35,0
P2__OUT1__path_1,P2,OUT1,path_1,44,11,81,7.35,0.35,0
P2__OUT1__path_1,P2,OUT1,path_1,45,11,82,7.45,0.35,0
P2__OUT1__path_1,P2,OUT1,path_1,46,11,83,7.55,0.35,0
P2__OUT1__path_1,P2,OUT1,path_1,47,11,84,7.65,0.35,0
P2__OUT1__path_1,P2,OUT1,path_1,48,11,85,7.75,0.35,0
P2__OUT1__path_1,P2,OUT1,path_1,49,11,86,7.85,0.35,0
P2__OUT1__path_1,P2,OUT1,path_1,50,11,87,7.95,0.35,0
P2__OUT1__path_1,P2,OUT1,path_1,51,11,88,8.05,0.35,0
P2__OUT1__path_1,P2,OUT1,path_1,52,11,89,8.15,0.35,0
P2__OUT1__path_1,P2,OUT1,path_1,53,11,90,8.25,0.35,0
P2__OUT1__path_1,P2,OUT1,path_1,54,11,91,8.35,0.35,0
P2__OUT1__path_1,P2,OUT1,path_1,55,11,92,8.45,0.35,0
P2__OUT1__path_1,P2,OUT1,path_1,56,11,93,8.55,0.35,0
P2__OUT1__path_1,P2,OUT1,path_1,57,12,94,8.65,0.45,0
P2__OUT1__path_1,P2,OUT1,path_1,58,12,95,8.75,0.45,0
P2__OUT1__path_1,P2,OUT1,path_1,59,12,96,8.85,0.45,0
P2__OUT1__path_1,P2,OUT1,path_1,60,13,97,8.95,0.55,0
P2__OUT1__path_1,P2,OUT1,path_1,61,13,98,9.05,0.55,0
P2__OUT1__path_1,P2,OUT1,path_1,62,14,99,9.15,0.65,0
P2__OUT1__path_1,P2,OUT1,path_1,63,14,100,9.25,0.65,0
P2__OUT1__path_1,P2,OUT1,path_1,64,15,101,9.35,0.75,0
P2__OUT1__path_1,P2,OUT1,path_1,65,15,102,9.45,0.75,0
P2__OUT1__path_1,P2,OUT1,path_1,66,16,103,9.55,0.85,0
P2__OUT1__path_1,P2,OUT1,path_1,67,16,104,9.65,0.85,0
P2__OUT1__path_1,P2,OUT1,path_1,68,17,105,9.75,0.95,0
P2__OUT1__path_1,P2,OUT1,path_1,69,17,106,9.85,0.95,0
P2__OUT1__path_1,P2,OUT1,path_1,70,17,107,9.95,0.95,0
P2__OUT1__path_1,P2,OUT1,path_1,71,18,108,10.05,1.05,0
P2__OUT1__path_1,P2,OUT1,path_1,72,18,109,10.15,1.05,0
P2__OUT1__path_1,P2,OUT1,path_1,73,19,110,10.25,1.15,0
P2__OUT1__path_1,P2,OUT1,path_1,74,19,111,10.35,1.15,0
P2__OUT1__path_1,P2,OUT1,path_1,75,20,112,10.45,1.25,0
P2__OUT1__path_1,P2,OUT1,path_1,76,20,113,10.55,1.25,0
P2__OUT1__path_1,P2,OUT1,path_1,77,21,114,10.65,1.35,0
P2__OUT1__path_1,P2,OUT1,path_1,78,21,115,10.75,1.35,0
P2__OUT1__path_1,P2,OUT1,path_1,79,22,116,10.85,1.45,0
P2__OUT1__path_1,P2,OUT1,path_1,80,22,117,10.95,1.45,0
P2__OUT1__path_1,P2,OUT1,path_1,81,22,118,11.05,1.45,0
P2__OUT1__path_1,P2,OUT1,path_1,82,23,119,11.15,1.55,0
P2__OUT1__path_1,P2,OUT1,path_1,83,23,120,11.25,1.55,0
P2__OUT1__path_1,P2,OUT1,path_1,84,24,121,11.35,1.65,0
P2__OUT1__path_1,P2,OUT1,path_1,85,24,122,11.45,1.65,0
P2__OUT1__path_1,P2,OUT1,path_1,86,25,123,11.55,1.75,0
P2__OUT1__path_1,P2,OUT1,path_1,87,25,124,11.65,1.75,0
P2__OUT1__path_1,P2,OUT1,path_1,88,26,125,11.75,1.85,0
P2__OUT1__path_1,P2,OUT1,path_1,89,26,126,11.85,1.85,0
P2__OUT1__path_1,P2,OUT1,path_1,90,26,127,11.95,1.85,0
P2__OUT1__path_1,P2,OUT1,path_1,91,27,128,12.05,1.95,0
P2__OUT2__path_1,P2,OUT2,path_1,0,31,53,4.55,2.35,0
P2__OUT2__path_1,P2,OUT2,path_1,1,32,53,4.55,2.45,0
P2__OUT2__path_1,P2,OUT2,path_1,2,33,53,4.55,2.55,0
P2__OUT2__path_1,P2,OUT2,path_1,3,34,53,4.55,2.65,0
P2__OUT2__path_1,P2,OUT2,path_1,4,35,53,4.55,2.75,0
P2__OUT2__path_1,P2,OUT2,path_1,5,36,53,4.55,2.85,0
P2__OUT2__path_1,P2,OUT2,path_1,6,37,53,4.55,2.95,0
P2__OUT2__path_1,P2,OUT2,path_1,7,38,53,4.55,3.05,0
P2__OUT2__path_1,P2,OUT2,path_1,8,39,53,4.55,3.15,0
P2__OUT2__path_1,P2,OUT2,path_1,9,40,53,4.55,3.25,0
P2__OUT2__path_1,P2,OUT2,path_1,10,41,53,4.55,3.35,0
P2__OUT2__path_1,P2,OUT2,path_1,11,42,53,4.55,3.45,0
P2__OUT2__path_1,P2,OUT2,path_1,12,43,54,4.65,3.55,0
P2__OUT2__path_1,P2,OUT2,path_1,13,44,55,4.75,3.65,0
P2__OUT2__path_1,P2,OUT2,path_1,14,45,55,4.75,3.75,0
P2__OUT2__path_1,P2,OUT2,path_1,15,46,55,4.75,3.85,0
P2__OUT2__path_1,P2,OUT2,path_1,16,47,55,4.75,3.95,0
P2__OUT2__path_1,P2,OUT2,path_1,17,48,55,4.75,4.05,0
P2__OUT2__path_1,P2,OUT2,path_1,18,48,56,4.85,4.05,0
P2__OUT2__path_1,P2,OUT2,path_1,19,48,57,4.95,4.05,0
P2__OUT2__path_1,P2,OUT2,path_1,20,48,58,5.05,4.05,0
P2__OUT2__path_1,P2,OUT2,path_1,21,48,59,5.15,4.05,0
P2__OUT2__path_1,P2,OUT2,path_1,22,48,60,5.25,4.05,0
P2__OUT2__path_1,P2,OUT2,path_1,23,48,61,5.35,4.05,0
P2__OUT2__path_1,P2,OUT2,path_1,24,48,62,5.45,4.05,0
P2__OUT2__path_1,P2,OUT2,path_1,25,48,63,5.55,4.05,0
P2__OUT2__path_1,P2,OUT2,path_1,26,48,64,5.65,4.05,0
P2__OUT2__path_1,P2,OUT2,path_1,27,48,65,5.75,4.05,0
P2__OUT2__path_1,P2,OUT2,path_1,28,48,66,5.85,4.05,0
P2__OUT2__path_1,P2,OUT2,path_1,29,48,67,5.95,4.05,0
P2__OUT2__path_1,P2,OUT2,path_1,30,48,68,6.05,4.05,0
P2__OUT2__path_1,P2,OUT2,path_1,31,48,69,6.15,4.05,0
P2__OUT2__path_1,P2,OUT2,path_1,32,48,70,6.25,4.05,0
P2__OUT2__path_1,P2,OUT2,path_1,33,48,71,6.35,4.05,0
P2__OUT2__path_1,P2,OUT2,path_1,34,48,72,6.45,4.05,0
P2__OUT2__path_1,P2,OUT2,path_1,35,48,73,6.55,4.05,0
P2__OUT2__path_1,P2,OUT2,path_1,36,48,74,6.65,4.05,0
P2__OUT2__path_1,P2,OUT2,path_1,37,48,75,6.75,4.05,0
P2__OUT2__path_1,P2,OUT2,path_1,38,48,76,6.85,4.05,0
P2__OUT2__path_1,P2,OUT2,path_1,39,48,77,6.95,4.05,0
P2__OUT2__path_1,P2,OUT2,path_1,40,48,78,7.05,4.05,0
P2__OUT2__path_1,P2,OUT2,path_1,41,48,79,7.15,4.05,0
P2__OUT2__path_1,P2,OUT2,path_1,42,48,80,7.25,4.05,0
P2__OUT2__path_1,P2,OUT2,path_1,43,48,81,7.35,4.05,0
P2__OUT2__path_1,P2,OUT2,path_1,44,48,82,7.45,4.05,0
P2__OUT2__path_1,P2,OUT2,path_1,45,48,83,7.55,4.05,0
P2__OUT2__path_1,P2,OUT2,path_1,46,48,84,7.65,4.05,0
P2__OUT2__path_1,P2,OUT2,path_1,47,48,85,7.75,4.05,0
P2__OUT2__path_1,P2,OUT2,path_1,48,48,86,7.85,4.05,0
P2__OUT2__path_1,P2,OUT2,path_1,49,48,87,7.95,4.05,0
P2__OUT2__path_1,P2,OUT2,path_1,50,48,88,8.05,4.05,0
P2__OUT2__path_1,P2,OUT2,path_1,51,48,89,8.15,4.05,0
P2__OUT2__path_1,P2,OUT2,path_1,52,48,90,8.25,4.05,0
P2__OUT2__path_1,P2,OUT2,path_1,53,48,91,8.35,4.05,0
P2__OUT2__path_1,P2,OUT2,path_1,54,48,92,8.45,4.05,0
P2__OUT2__path_1,P2,OUT2,path_1,55,48,93,8.55,4.05,0
P2__OUT2__path_1,P2,OUT2,path_1,56,48,94,8.65,4.05,0
P2__OUT2__path_1,P2,OUT2,path_1,57,48,95,8.75,4.05,0
P2__OUT2__path_1,P2,OUT2,path_1,58,48,96,8.85,4.05,0
P2__OUT2__path_1,P2,OUT2,path_1,59,48,97,8.95,4.05,0
P2__OUT2__path_1,P2,OUT2,path_1,60,48,98,9.05,4.05,0
P2__OUT2__path_1,P2,OUT2,path_1,61,48,99,9.15,4.05,0
P2__OUT2__path_1,P2,OUT2,path_1,62,48,100,9.25,4.05,0
P2__OUT2__path_1,P2,OUT2,path_1,63,48,101,9.35,4.05,0
P2__OUT2__path_1,P2,OUT2,path_1,64,48,102,9.45,4.05,0
P2__OUT2__path_1,P2,OUT2,path_1,65,48,103,9.55,4.05,0
P2__OUT2__path_1,P2,OUT2,path_1,66,48,104,9.65,4.05,0
P2__OUT2__path_1,P2,OUT2,path_1,67,48,105,9.75,4.05,0
P2__OUT2__path_1,P2,OUT2,path_1,68,48,106,9.85,4.05,0
P2__OUT2__path_1,P2,OUT2,path_1,69,48,107,9.95,4.05,0
P2__OUT2__path_1,P2,OUT2,path_1,70,48,108,10.05,4.05,0
P2__OUT2__path_1,P2,OUT2,path_1,71,48,109,10.15,4.05,0
P2__OUT2__path_1,P2,OUT2,path_1,72,48,110,10.25,4.05,0
P2__OUT2__path_1,P2,OUT2,path_1,73,48,111,10.35,4.05,0
P2__OUT2__path_1,P2,OUT2,path_1,74,48,112,10.45,4.05,0
P2__OUT2__path_1,P2,OUT2,path_1,75,48,113,10.55,4.05,0
P2__OUT2__path_1,P2,OUT2,path_1,76,48,114,10.65,4.05,0
P2__OUT2__path_1,P2,OUT2,path_1,77,48,115,10.75,4.05,0
P2__OUT2__path_1,P2,OUT2,path_1,78,48,116,10.85,4.05,0
P2__OUT2__path_1,P2,OUT2,path_1,79,48,117,10.95,4.05,0
P2__OUT2__path_1,P2,OUT2,path_1,80,48,118,11.05,4.05,0
P2__OUT2__path_1,P2,OUT2,path_1,81,48,119,11.15,4.05,0
P2__OUT2__path_1,P2,OUT2,path_1,82,48,120,11.25,4.05,0
P2__OUT2__path_1,P2,OUT2,path_1,83,48,121,11.35,4.05,0
P2__OUT2__path_1,P2,OUT2,path_1,84,48,122,11.45,4.05,0
P2__OUT2__path_1,P2,OUT2,path_1,85,48,123,11.55,4.05,0
P2__OUT2__path_1,P2,OUT2,path_1,86,48,124,11.65,4.05,0
P2__OUT2__path_1,P2,OUT2,path_1,87,48,125,11.75,4.05,0
P2__OUT2__path_1,P2,OUT2,path_1,88,48,126,11.85,4.05,0
P2__OUT2__path_1,P2,OUT2,path_1,89,48,127,11.95,4.05,0
P2__OUT2__path_1,P2,OUT2,path_1,90,47,128,12.05,3.95,0
P2__CHG1__path_1,P2,CHG1,path_1,0,31,53,4.55,2.35,0
P2__CHG1__path_1,P2,CHG1,path_1,1,30,53,4.55,2.25,0
P2__CHG1__path_1,P2,CHG1,path_1,2,29,53,4.55,2.15,0
P2__CHG1__path_1,P2,CHG1,path_1,3,28,53,4.55,2.05,0
P2__CHG1__path_1,P2,CHG1,path_1,4,27,53,4.55,1.95,0
P2__CHG1__path_1,P2,CHG1,path_1,5,26,53,4.55,1.85,0
P2__CHG1__path_1,P2,CHG1,path_1,6,25,53,4.55,1.75,0
P2__CHG1__path_1,P2,CHG1,path_1,7,24,53,4.55,1.65,0
P2__CHG1__path_1,P2,CHG1,path_1,8,23,53,4.55,1.55,0
P2__CHG1__path_1,P2,CHG1,path_1,9,22,53,4.55,1.45,0
P2__CHG1__path_1,P2,CHG1,path_1,10,21,53,4.55,1.35,0
P2__CHG1__path_1,P2,CHG1,path_1,11,20,53,4.55,1.25,0
P2__CHG1__path_1,P2,CHG1,path_1,12,19,53,4.55,1.15,0
P2__CHG1__path_1,P2,CHG1,path_1,13,18,53,4.55,1.05,0
P2__CHG1__path_1,P2,CHG1,path_1,14,17,53,4.55,0.95,0
P2__CHG1__path_1,P2,CHG1,path_1,15,16,53,4.55,0.85,0
P2__CHG1__path_1,P2,CHG1,path_1,16,15,53,4.55,0.75,0
P2__CHG1__path_1,P2,CHG1,path_1,17,14,53,4.55,0.65,0
P2__CHG1__path_1,P2,CHG1,path_1,18,13,53,4.55,0.55,0
P2__CHG1__path_1,P2,CHG1,path_1,19,12,53,4.55,0.45,0
P2__CHG1__path_1,P2,CHG1,path_1,20,11,53,4.55,0.35,0
P2__CHG1__path_1,P2,CHG1,path_1,21,10,53,4.55,0.25,0
P2__CHG1__path_1,P2,CHG1,path_1,22,10,52,4.45,0.25,0
P2__CHG1__path_1,P2,CHG1,path_1,23,10,51,4.35,0.25,0
P2__CHG1__path_1,P2,CHG1,path_1,24,10,50,4.25,0.25,0
P2__CHG1__path_1,P2,CHG1,path_1,25,10,49,4.15,0.25,0
P2__CHG1__path_1,P2,CHG1,path_1,26,10,48,4.05,0.25,0
P2__CHG1__path_1,P2,CHG1,path_1,27,10,47,3.95,0.25,0
P2__CHG1__path_1,P2,CHG1,path_1,28,10,46,3.85,0.25,0
P2__CHG1__path_1,P2,CHG1,path_1,29,10,45,3.75,0.25,0
P2__CHG1__path_1,P2,CHG1,path_1,30,10,44,3.65,0.25,0
P2__CHG1__path_1,P2,CHG1,path_1,31,10,43,3.55,0.25,0
P2__CHG1__path_1,P2,CHG1,path_1,32,10,42,3.45,0.25,0
P2__CHG1__path_1,P2,CHG1,path_1,33,10,41,3.35,0.25,0
P2__CHG1__path_1,P2,CHG1,path_1,34,10,40,3.25,0.25,0
P2__CHG1__path_1,P2,CHG1,path_1,35,10,39,3.15,0.25,0
P2__CHG1__path_1,P2,CHG1,path_1,36,10,38,3.05,0.25,0
P2__CHG1__path_1,P2,CHG1,path_1,37,10,37,2.95,0.25,0
P2__CHG1__path_1,P2,CHG1,path_1,38,10,36,2.85,0.25,0
P2__CHG1__path_1,P2,CHG1,path_1,39,10,35,2.75,0.25,0
P2__CHG1__path_1,P2,CHG1,path_1,40,10,34,2.65,0.25,0
P2__CHG1__path_1,P2,CHG1,path_1,41,10,33,2.55,0.25,0
P2__CHG1__path_1,P2,CHG1,path_1,42,10,32,2.45,0.25,0
P2__CHG1__path_1,P2,CHG1,path_1,43,10,31,2.35,0.25,0
P2__CHG1__path_1,P2,CHG1,path_1,44,10,30,2.25,0.25,0
P2__CHG1__path_1,P2,CHG1,path_1,45,10,29,2.15,0.25,0
P2__CHG1__path_1,P2,CHG1,path_1,46,10,28,2.05,0.25,0
P2__CHG1__path_1,P2,CHG1,path_1,47,10,27,1.95,0.25,0
P2__CHG1__path_1,P2,CHG1,path_1,48,10,26,1.85,0.25,0
P2__CHG1__path_1,P2,CHG1,path_1,49,10,25,1.75,0.25,0
P2__CHG1__path_1,P2,CHG1,path_1,50,10,24,1.65,0.25,0
P2__CHG1__path_1,P2,CHG1,path_1,51,10,23,1.55,0.25,0
P2__CHG1__path_1,P2,CHG1,path_1,52,10,22,1.45,0.25,0
P2__CHG1__path_1,P2,CHG1,path_1,53,9,21,1.35,0.15,0
P2__CHG1__path_1,P2,CHG1,path_1,54,9,20,1.25,0.15,0
P2__CHG1__path_1,P2,CHG1,path_1,55,9,19,1.15,0.15,0
P2__CHG1__path_1,P2,CHG1,path_1,56,8,18,1.05,0.05,0
P2__CHG2__path_1,P2,CHG2,path_1,0,31,53,4.55,2.35,0
P2__CHG2__path_1,P2,CHG2,path_1,1,30,53,4.55,2.25,0
P2__CHG2__path_1,P2,CHG2,path_1,2,29,53,4.55,2.15,0
P2__CHG2__path_1,P2,CHG2,path_1,3,28,53,4.55,2.05,0
P2__CHG2__path_1,P2,CHG2,path_1,4,27,53,4.55,1.95,0
P2__CHG2__path_1,P2,CHG2,path_1,5,26,53,4.55,1.85,0
P2__CHG2__path_1,P2,CHG2,path_1,6,25,53,4.55,1.75,0
P2__CHG2__path_1,P2,CHG2,path_1,7,24,53,4.55,1.65,0
P2__CHG2__path_1,P2,CHG2,path_1,8,23,53,4.55,1.55,0
P2__CHG2__path_1,P2,CHG2,path_1,9,22,53,4.55,1.45,0
P2__CHG2__path_1,P2,CHG2,path_1,10,21,53,4.55,1.35,0
P2__CHG2__path_1,P2,CHG2,path_1,11,20,53,4.55,1.25,0
P2__CHG2__path_1,P2,CHG2,path_1,12,19,54,4.65,1.15,0
P2__CHG2__path_1,P2,CHG2,path_1,13,18,55,4.75,1.05,0
P2__CHG2__path_1,P2,CHG2,path_1,14,17,56,4.85,0.95,0
P2__CHG2__path_1,P2,CHG2,path_1,15,16,57,4.95,0.85,0
P2__CHG2__path_1,P2,CHG2,path_1,16,15,57,4.95,0.75,0
P2__CHG2__path_1,P2,CHG2,path_1,17,14,57,4.95,0.65,0
P2__CHG2__path_1,P2,CHG2,path_1,18,13,57,4.95,0.55,0
P2__CHG2__path_1,P2,CHG2,path_1,19,12,57,4.95,0.45,0
P2__CHG2__path_1,P2,CHG2,path_1,20,11,57,4.95,0.35,0
P2__CHG2__path_1,P2,CHG2,path_1,21,11,58,5.05,0.35,0
P2__CHG2__path_1,P2,CHG2,path_1,22,11,59,5.15,0.35,0
P2__CHG2__path_1,P2,CHG2,path_1,23,11,60,5.25,0.35,0
P2__CHG2__path_1,P2,CHG2,path_1,24,11,61,5.35,0.35,0
P2__CHG2__path_1,P2,CHG2,path_1,25,11,62,5.45,0.35,0
P2__CHG2__path_1,P2,CHG2,path_1,26,11,63,5.55,0.35,0
P2__CHG2__path_1,P2,CHG2,path_1,27,11,64,5.65,0.35,0
P2__CHG2__path_1,P2,CHG2,path_1,28,11,65,5.75,0.35,0
P2__CHG2__path_1,P2,CHG2,path_1,29,11,66,5.85,0.35,0
P2__CHG2__path_1,P2,CHG2,path_1,30,11,67,5.95,0.35,0
P2__CHG2__path_1,P2,CHG2,path_1,31,11,68,6.05,0.35,0
P2__CHG2__path_1,P2,CHG2,path_1,32,11,69,6.15,0.35,0
P2__CHG2__path_1,P2,CHG2,path_1,33,11,70,6.25,0.35,0
P2__CHG2__path_1,P2,CHG2,path_1,34,11,71,6.35,0.35,0
P2__CHG2__path_1,P2,CHG2,path_1,35,11,72,6.45,0.35,0
P2__CHG2__path_1,P2,CHG2,path_1,36,11,73,6.55,0.35,0
P2__CHG2__path_1,P2,CHG2,path_1,37,11,74,6.65,0.35,0
P2__CHG2__path_1,P2,CHG2,path_1,38,10,75,6.75,0.25,0
P2__CHG2__path_1,P2,CHG2,path_1,39,10,76,6.85,0.25,0
P2__CHG2__path_1,P2,CHG2,path_1,40,10,77,6.95,0.25,0
P2__CHG2__path_1,P2,CHG2,path_1,41,10,78,7.05,0.25,0
P2__CHG2__path_1,P2,CHG2,path_1,42,10,79,7.15,0.25,0
P2__CHG2__path_1,P2,CHG2,path_1,43,10,80,7.25,0.25,0
P2__CHG2__path_1,P2,CHG2,path_1,44,10,81,7.35,0.25,0
P2__CHG2__path_1,P2,CHG2,path_1,45,10,82,7.45,0.25,0
P2__CHG2__path_1,P2,CHG2,path_1,46,10,83,7.55,0.25,0
P2__CHG2__path_1,P2,CHG2,path_1,47,10,84,7.65,0.25,0
P2__CHG2__path_1,P2,CHG2,path_1,48,10,85,7.75,0.25,0
P2__CHG2__path_1,P2,CHG2,path_1,49,10,86,7.85,0.25,0
P2__CHG2__path_1,P2,CHG2,path_1,50,10,87,7.95,0.25,0
P2__CHG2__path_1,P2,CHG2,path_1,51,10,88,8.05,0.25,0
P2__CHG2__path_1,P2,CHG2,path_1,52,10,89,8.15,0.25,0
P2__CHG2__path_1,P2,CHG2,path_1,53,10,90,8.25,0.25,0
P2__CHG2__path_1,P2,CHG2,path_1,54,10,91,8.35,0.25,0
P2__CHG2__path_1,P2,CHG2,path_1,55,10,92,8.45,0.25,0
P2__CHG2__path_1,P2,CHG2,path_1,56,10,93,8.55,0.25,0
P2__CHG2__path_1,P2,CHG2,path_1,57,10,94,8.65,0.25,0
P2__CHG2__path_1,P2,CHG2,path_1,58,9,95,8.75,0.15,0
P2__CHG2__path_1,P2,CHG2,path_1,59,9,96,8.85,0.15,0
P2__CHG2__path_1,P2,CHG2,path_1,60,9,97,8.95,0.15,0
P2__CHG2__path_1,P2,CHG2,path_1,61,8,98,9.05,0.05,0
P3__IN1__path_1,P3,IN1,path_1,0,60,43,3.55,5.25,0
P3__IN1__path_1,P3,IN1,path_1,1,59,42,3.45,5.15,0
P3__IN1__path_1,P3,IN1,path_1,2,58,41,3.35,5.05,0
P3__IN1__path_1,P3,IN1,path_1,3,57,40,3.25,4.95,0
P3__IN1__path_1,P3,IN1,path_1,4,56,39,3.15,4.85,0
P3__IN1__path_1,P3,IN1,path_1,5,55,38,3.05,4.75,0
P3__IN1__path_1,P3,IN1,path_1,6,54,37,2.95,4.65,0
P3__IN1__path_1,P3,IN1,path_1,7,53,36,2.85,4.55,0
P3__IN1__path_1,P3,IN1,path_1,8,52,35,2.75,4.45,0
P3__IN1__path_1,P3,IN1,path_1,9,51,34,2.65,4.35,0
P3__IN1__path_1,P3,IN1,path_1,10,50,33,2.55,4.25,0
P3__IN1__path_1,P3,IN1,path_1,11,49,32,2.45,4.15,0
P3__IN1__path_1,P3,IN1,path_1,12,48,31,2.35,4.05,0
P3__IN1__path_1,P3,IN1,path_1,13,47,30,2.25,3.95,0
P3__IN1__path_1,P3,IN1,path_1,14,46,29,2.15,3.85,0
P3__IN1__path_1,P3,IN1,path_1,15,45,28,2.05,3.75,0
P3__IN1__path_1,P3,IN1,path_1,16,44,27,1.95,3.65,0
P3__IN1__path_1,P3,IN1,path_1,17,43,26,1.85,3.55,0
P3__IN1__path_1,P3,IN1,path_1,18,42,25,1.75,3.45,0
P3__IN1__path_1,P3,IN1,path_1,19,41,24,1.65,3.35,0
P3__IN1__path_1,P3,IN1,path_1,20,40,23,1.55,3.25,0
P3__IN1__path_1,P3,IN1,path_1,21,39,22,1.45,3.15,0
P3__IN1__path_1,P3,IN1,path_1,22,38,21,1.35,3.05,0
P3__IN1__path_1,P3,IN1,path_1,23,37,20,1.25,2.95,0
P3__IN1__path_1,P3,IN1,path_1,24,36,19,1.15,2.85,0
P3__IN1__path_1,P3,IN1,path_1,25,35,18,1.05,2.75,0
P3__IN1__path_1,P3,IN1,path_1,26,34,17,0.95,2.65,0
P3__IN1__path_1,P3,IN1,path_1,27,33,16,0.85,2.55,0
P3__IN1__path_1,P3,IN1,path_1,28,32,15,0.75,2.45,0
P3__IN1__path_1,P3,IN1,path_1,29,31,14,0.65,2.35,0
P3__IN1__path_1,P3,IN1,path_1,30,30,13,0.55,2.25,0
P3__IN1__path_1,P3,IN1,path_1,31,29,13,0.55,2.15,0
P3__IN1__path_1,P3,IN1,path_1,32,28,13,0.55,2.05,0
P3__IN1__path_1,P3,IN1,path_1,33,27,12,0.45,1.95,0
P3__IN1__path_1,P3,IN1,path_1,34,26,12,0.45,1.85,0
P3__IN1__path_1,P3,IN1,path_1,35,25,11,0.35,1.75,0
P3__IN1__path_1,P3,IN1,path_1,36,24,11,0.35,1.65,0
P3__IN1__path_1,P3,IN1,path_1,37,23,10,0.25,1.55,0
P3__IN1__path_1,P3,IN1,path_1,38,22,10,0.25,1.45,0
P3__IN1__path_1,P3,IN1,path_1,39,21,9,0.15,1.35,0
P3__IN1__path_1,P3,IN1,path_1,40,20,9,0.15,1.25,0
P3__IN1__path_1,P3,IN1,path_1,41,19,9,0.15,1.15,0
P3__IN1__path_1,P3,IN1,path_1,42,18,8,0.05,1.05,0
P3__IN2__path_1,P3,IN2,path_1,0,60,43,3.55,5.25,0
P3__IN2__path_1,P3,IN2,path_1,1,60,42,3.45,5.25,0
P3__IN2__path_1,P3,IN2,path_1,2,60,41,3.35,5.25,0
P3__IN2__path_1,P3,IN2,path_1,3,60,40,3.25,5.25,0
P3__IN2__path_1,P3,IN2,path_1,4,60,39,3.15,5.25,0
P3__IN2__path_1,P3,IN2,path_1,5,60,38,3.05,5.25,0
P3__IN2__path_1,P3,IN2,path_1,6,60,37,2.95,5.25,0
P3__IN2__path_1,P3,IN2,path_1,7,60,36,2.85,5.25,0
P3__IN2__path_1,P3,IN2,path_1,8,60,35,2.75,5.25,0
P3__IN2__path_1,P3,IN2,path_1,9,60,34,2.65,5.25,0
P3__IN2__path_1,P3,IN2,path_1,10,60,33,2.55,5.25,0
P3__IN2__path_1,P3,IN2,path_1,11,60,32,2.45,5.25,0
P3__IN2__path_1,P3,IN2,path_1,12,60,31,2.35,5.25,0
P3__IN2__path_1,P3,IN2,path_1,13,60,30,2.25,5.25,0
P3__IN2__path_1,P3,IN2,path_1,14,60,29,2.15,5.25,0
P3__IN2__path_1,P3,IN2,path_1,15,60,28,2.05,5.25,0
P3__IN2__path_1,P3,IN2,path_1,16,60,27,1.95,5.25,0
P3__IN2__path_1,P3,IN2,path_1,17,60,26,1.85,5.25,0
P3__IN2__path_1,P3,IN2,path_1,18,59,25,1.75,5.15,0
P3__IN2__path_1,P3,IN2,path_1,19,58,24,1.65,5.05,0
P3__IN2__path_1,P3,IN2,path_1,20,58,23,1.55,5.05,0
P3__IN2__path_1,P3,IN2,path_1,21,58,22,1.45,5.05,0
P3__IN2__path_1,P3,IN2,path_1,22,58,21,1.35,5.05,0
P3__IN2__path_1,P3,IN2,path_1,23,58,20,1.25,5.05,0
P3__IN2__path_1,P3,IN2,path_1,24,58,19,1.15,5.05,0
P3__IN2__path_1,P3,IN2,path_1,25,58,18,1.05,5.05,0
P3__IN2__path_1,P3,IN2,path_1,26,58,17,0.95,5.05,0
P3__IN2__path_1,P3,IN2,path_1,27,58,16,0.85,5.05,0
P3__IN2__path_1,P3,IN2,path_1,28,58,15,0.75,5.05,0
P3__IN2__path_1,P3,IN2,path_1,29,58,14,0.65,5.05,0
P3__IN2__path_1,P3,IN2,path_1,30,58,13,0.55,5.05,0
P3__IN2__path_1,P3,IN2,path_1,31,58,12,0.45,5.05,0
P3__IN2__path_1,P3,IN2,path_1,32,58,11,0.35,5.05,0
P3__IN2__path_1,P3,IN2,path_1,33,58,10,0.25,5.05,0
P3__IN2__path_1,P3,IN2,path_1,34,58,9,0.15,5.05,0
P3__IN2__path_1,P3,IN2,path_1,35,57,8,0.05,4.95,0
P3__P1__path_1,P3,P1,path_1,0,60,43,3.55,5.25,0
P3__P1__path_1,P3,P1,path_1,1,59,43,3.55,5.15,0
P3__P1__path_1,P3,P1,path_1,2,58,43,3.55,5.05,0
P3__P1__path_1,P3,P1,path_1,3,57,43,3.55,4.95,0
P3__P1__path_1,P3,P1,path_1,4,56,43,3.55,4.85,0
P3__P1__path_1,P3,P1,path_1,5,55,43,3.55,4.75,0
P3__P1__path_1,P3,P1,path_1,6,54,43,3.55,4.65,0
P3__P1__path_1,P3,P1,path_1,7,53,43,3.55,4.55,0
P3__P1__path_1,P3,P1,path_1,8,52,43,3.55,4.45,0
P3__P1__path_1,P3,P1,path_1,9,51,43,3.55,4.35,0
P3__P1__path_1,P3,P1,path_1,10,50,43,3.55,4.25,0
P3__P1__path_1,P3,P1,path_1,11,49,43,3.55,4.15,0
P3__P1__path_1,P3,P1,path_1,12,48,43,3.55,4.05,0
P3__P1__path_1,P3,P1,path_1,13,47,43,3.55,3.95,0
P3__P1__path_1,P3,P1,path_1,14,46,43,3.55,3.85,0
P3__P1__path_1,P3,P1,path_1,15,45,42,3.45,3.75,0
P3__P1__path_1,P3,P1,path_1,16,44,41,3.35,3.65,0
P3__P1__path_1,P3,P1,path_1,17,43,40,3.25,3.55,0
P3__P1__path_1,P3,P1,path_1,18,42,39,3.15,3.45,0
P3__P1__path_1,P3,P1,path_1,19,41,39,3.15,3.35,0
P3__P1__path_1,P3,P1,path_1,20,40,39,3.15,3.25,0
P3__P1__path_1,P3,P1,path_1,21,39,38,3.05,3.15,0
P3__P1__path_1,P3,P1,path_1,22,38,38,3.05,3.05,0
P3__P1__path_1,P3,P1,path_1,23,37,38,3.05,2.95,0
P3__P1__path_1,P3,P1,path_1,24,36,38,3.05,2.85,0
P3__P1__path_1,P3,P1,path_1,25,35,38,3.05,2.75,0
P3__P1__path_1,P3,P1,path_1,26,34,38,3.05,2.65,0
P3__P1__path_1,P3,P1,path_1,27,33,38,3.05,2.55,0
P3__P1__path_1,P3,P1,path_1,28,32,38,3.05,2.45,0
P3__P1__path_1,P3,P1,path_1,29,31,38,3.05,2.35,0
P3__P1__path_1,P3,P1,path_1,30,30,38,3.05,2.25,0
P3__P1__path_1,P3,P1,path_1,31,29,38,3.05,2.15,0
P3__P1__path_1,P3,P1,path_1,32,28,38,3.05,2.05,0
P3__P1__path_1,P3,P1,path_1,33,27,38,3.05,1.95,0
P3__P1__path_1,P3,P1,path_1,34,26,38,3.05,1.85,0
P3__P1__path_1,P3,P1,path_1,35,25,38,3.05,1.75,0
P3__P1__path_1,P3,P1,path_1,36,24,38,3.05,1.65,0
P3__P1__path_1,P3,P1,path_1,37,23,38,3.05,1.55,0
P3__P1__path_1,P3,P1,path_1,38,22,38,3.05,1.45,0
P3__P1__path_1,P3,P1,path_1,39,21,38,3.05,1.35,0
P3__P1__path_1,P3,P1,path_1,40,20,38,3.05,1.25,0
P3__P1__path_1,P3,P1,path_1,41,19,38,3.05,1.15,0
P3__P1__path_1,P3,P1,path_1,42,18,38,3.05,1.05,0
P3__P1__path_1,P3,P1,path_1,43,17,37,2.95,0.95,0
P3__P2__path_1,P3,P2,path_1,0,60,43,3.55,5.25,0
P3__P2__path_1,P3,P2,path_1,1,59,43,3.55,5.15,0
P3__P2__path_1,P3,P2,path_1,2,58,43,3.55,5.05,0
P3__P2__path_1,P3,P2,path_1,3,57,43,3.55,4.95,0
P3__P2__path_1,P3,P2,path_1,4,56,43,3.55,4.85,0
P3__P2__path_1,P3,P2,path_1,5,55,43,3.55,4.75,0
P3__P2__path_1,P3,P2,path_1,6,54,43,3.55,4.65,0
P3__P2__path_1,P3,P2,path_1,7,53,43,3.55,4.55,0
P3__P2__path_1,P3,P2,path_1,8,52,43,3.55,4.45,0
P3__P2__path_1,P3,P2,path_1,9,51,43,3.55,4.35,0
P3__P2__path_1,P3,P2,path_1,10,50,43,3.55,4.25,0
P3__P2__path_1,P3,P2,path_1,11,49,43,3.55,4.15,0
P3__P2__path_1,P3,P2,path_1,12,48,44,3.65,4.05,0
P3__P2__path_1,P3,P2,path_1,13,47,45,3.75,3.95,0
P3__P2__path_1,P3,P2,path_1,14,46,46,3.85,3.85,0
P3__P2__path_1,P3,P2,path_1,15,45,47,3.95,3.75,0
P3__P2__path_1,P3,P2,path_1,16,44,48,4.05,3.65,0
P3__P2__path_1,P3,P2,path_1,17,43,49,4.15,3.55,0
P3__P2__path_1,P3,P2,path_1,18,42,50,4.25,3.45,0
P3__P2__path_1,P3,P2,path_1,19,41,51,4.35,3.35,0
P3__P2__path_1,P3,P2,path_1,20,40,52,4.45,3.25,0
P3__P2__path_1,P3,P2,path_1,21,39,53,4.55,3.15,0
P3__P2__path_1,P3,P2,path_1,22,38,53,4.55,3.05,0
P3__P2__path_1,P3,P2,path_1,23,37,53,4.55,2.95,0
P3__P2__path_1,P3,P2,path_1,24,36,53,4.55,2.85,0
P3__P2__path_1,P3,P2,path_1,25,35,53,4.55,2.75,0
P3__P2__path_1,P3,P2,path_1,26,34,53,4.55,2.65,0
P3__P2__path_1,P3,P2,path_1,27,33,53,4.55,2.55,0
P3__P2__path_1,P3,P2,path_1,28,32,53,4.55,2.45,0
P3__P2__path_1,P3,P2,path_1,29,31,53,4.55,2.35,0
P3__P4__path_1,P3,P4,path_1,0,60,43,3.55,5.25,0
P3__P4__path_1,P3,P4,path_1,1,59,43,3.55,5.15,0
P3__P4__path_1,P3,P4,path_1,2,58,43,3.55,5.05,0
P3__P4__path_1,P3,P4,path_1,3,57,43,3.55,4.95,0
P3__P4__path_1,P3,P4,path_1,4,56,43,3.55,4.85,0
P3__P4__path_1,P3,P4,path_1,5,55,43,3.55,4.75,0
P3__P4__path_1,P3,P4,path_1,6,54,43,3.55,4.65,0
P3__P4__path_1,P3,P4,path_1,7,53,43,3.55,4.55,0
P3__P4__path_1,P3,P4,path_1,8,52,43,3.55,4.45,0
P3__P4__path_1,P3,P4,path_1,9,51,43,3.55,4.35,0
P3__P4__path_1,P3,P4,path_1,10,50,43,3.55,4.25,0
P3__P4__path_1,P3,P4,path_1,11,49,43,3.55,4.15,0
P3__P4__path_1,P3,P4,path_1,12,48,44,3.65,4.05,0
P3__P4__path_1,P3,P4,path_1,13,47,45,3.75,3.95,0
P3__P4__path_1,P3,P4,path_1,14,46,46,3.85,3.85,0
P3__P4__path_1,P3,P4,path_1,15,45,47,3.95,3.75,0
P3__P4__path_1,P3,P4,path_1,16,44,48,4.05,3.65,0
P3__P4__path_1,P3,P4,path_1,17,43,49,4.15,3.55,0
P3__P4__path_1,P3,P4,path_1,18,42,50,4.25,3.45,0
P3__P4__path_1,P3,P4,path_1,19,41,51,4.35,3.35,0
P3__P4__path_1,P3,P4,path_1,20,40,52,4.45,3.25,0
P3__P4__path_1,P3,P4,path_1,21,39,53,4.55,3.15,0
P3__P4__path_1,P3,P4,path_1,22,38,53,4.55,3.05,0
P3__P4__path_1,P3,P4,path_1,23,37,53,4.55,2.95,0
P3__P4__path_1,P3,P4,path_1,24,36,53,4.55,2.85,0
P3__P4__path_1,P3,P4,path_1,25,35,53,4.55,2.75,0
P3__P4__path_1,P3,P4,path_1,26,34,53,4.55,2.65,0
P3__P4__path_1,P3,P4,path_1,27,33,53,4.55,2.55,0
P3__P4__path_1,P3,P4,path_1,28,32,53,4.55,2.45,0
P3__P4__path_1,P3,P4,path_1,29,31,53,4.55,2.35,0
P3__P4__path_1,P3,P4,path_1,30,30,53,4.55,2.25,0
P3__P4__path_1,P3,P4,path_1,31,29,53,4.55,2.15,0
P3__P4__path_1,P3,P4,path_1,32,28,54,4.65,2.05,0
P3__P4__path_1,P3,P4,path_1,33,27,54,4.65,1.95,0
P3__P4__path_1,P3,P4,path_1,34,26,55,4.75,1.85,0
P3__P4__path_1,P3,P4,path_1,35,25,56,4.85,1.75,0
P3__P4__path_1,P3,P4,path_1,36,24,56,4.85,1.65,0
P3__P4__path_1,P3,P4,path_1,37,23,56,4.85,1.55,0
P3__P4__path_1,P3,P4,path_1,38,22,56,4.85,1.45,0
P3__P4__path_1,P3,P4,path_1,39,21,57,4.95,1.35,0
P3__P5__path_1,P3,P5,path_1,0,60,43,3.55,5.25,0
P3__P5__path_1,P3,P5,path_1,1,59,43,3.55,5.15,0
P3__P5__path_1,P3,P5,path_1,2,58,43,3.55,5.05,0
P3__P5__path_1,P3,P5,path_1,3,57,43,3.55,4.95,0
P3__P5__path_1,P3,P5,path_1,4,56,43,3.55,4.85,0
P3__P5__path_1,P3,P5,path_1,5,55,43,3.55,4.75,0
P3__P5__path_1,P3,P5,path_1,6,54,43,3.55,4.65,0
P3__P5__path_1,P3,P5,path_1,7,53,43,3.55,4.55,0
P3__P5__path_1,P3,P5,path_1,8,52,43,3.55,4.45,0
P3__P5__path_1,P3,P5,path_1,9,51,43,3.55,4.35,0
P3__P5__path_1,P3,P5,path_1,10,50,43,3.55,4.25,0
P3__P5__path_1,P3,P5,path_1,11,49,43,3.55,4.15,0
P3__P5__path_1,P3,P5,path_1,12,49,44,3.65,4.15,0
P3__P5__path_1,P3,P5,path_1,13,49,45,3.75,4.15,0
P3__P5__path_1,P3,P5,path_1,14,49,46,3.85,4.15,0
P3__P5__path_1,P3,P5,path_1,15,49,47,3.95,4.15,0
P3__P5__path_1,P3,P5,path_1,16,49,48,4.05,4.15,0
P3__P5__path_1,P3,P5,path_1,17,49,49,4.15,4.15,0
P3__P5__path_1,P3,P5,path_1,18,49,50,4.25,4.15,0
P3__P5__path_1,P3,P5,path_1,19,49,51,4.35,4.15,0
P3__P5__path_1,P3,P5,path_1,20,49,52,4.45,4.15,0
P3__P5__path_1,P3,P5,path_1,21,49,53,4.55,4.15,0
P3__P5__path_1,P3,P5,path_1,22,49,54,4.65,4.15,0
P3__P5__path_1,P3,P5,path_1,23,49,55,4.75,4.15,0
P3__P5__path_1,P3,P5,path_1,24,49,56,4.85,4.15,0
P3__P5__path_1,P3,P5,path_1,25,49,57,4.95,4.15,0
P3__P5__path_1,P3,P5,path_1,26,49,58,5.05,4.15,0
P3__P5__path_1,P3,P5,path_1,27,49,59,5.15,4.15,0
P3__P5__path_1,P3,P5,path_1,28,49,60,5.25,4.15,0
P3__P5__path_1,P3,P5,path_1,29,49,61,5.35,4.15,0
P3__P5__path_1,P3,P5,path_1,30,49,62,5.45,4.15,0
P3__P5__path_1,P3,P5,path_1,31,49,63,5.55,4.15,0
P3__P5__path_1,P3,P5,path_1,32,48,64,5.65,4.05,0
P3__P6__path_1,P3,P6,path_1,0,60,43,3.55,5.25,0
P3__P6__path_1,P3,P6,path_1,1,59,43,3.55,5.15,0
P3__P6__path_1,P3,P6,path_1,2,58,43,3.55,5.05,0
P3__P6__path_1,P3,P6,path_1,3,57,43,3.55,4.95,0
P3__P6__path_1,P3,P6,path_1,4,56,43,3.55,4.85,0
P3__P6__path_1,P3,P6,path_1,5,55,43,3.55,4.75,0
P3__P6__path_1,P3,P6,path_1,6,54,43,3.55,4.65,0
P3__P6__path_1,P3,P6,path_1,7,53,43,3.55,4.55,0
P3__P6__path_1,P3,P6,path_1,8,52,43,3.55,4.45,0
P3__P6__path_1,P3,P6,path_1,9,51,43,3.55,4.35,0
P3__P6__path_1,P3,P6,path_1,10,50,43,3.55,4.25,0
P3__P6__path_1,P3,P6,path_1,11,49,43,3.55,4.15,0
P3__P6__path_1,P3,P6,path_1,12,49,44,3.65,4.15,0
P3__P6__path_1,P3,P6,path_1,13,49,45,3.75,4.15,0
P3__P6__path_1,P3,P6,path_1,14,49,46,3.85,4.15,0
P3__P6__path_1,P3,P6,path_1,15,49,47,3.95,4.15,0
P3__P6__path_1,P3,P6,path_1,16,49,48,4.05,4.15,0
P3__P6__path_1,P3,P6,path_1,17,49,49,4.15,4.15,0
P3__P6__path_1,P3,P6,path_1,18,49,50,4.25,4.15,0
P3__P6__path_1,P3,P6,path_1,19,49,51,4.35,4.15,0
P3__P6__path_1,P3,P6,path_1,20,49,52,4.45,4.15,0
P3__P6__path_1,P3,P6,path_1,21,49,53,4.55,4.15,0
P3__P6__path_1,P3,P6,path_1,22,49,54,4.65,4.15,0
P3__P6__path_1,P3,P6,path_1,23,49,55,4.75,4.15,0
P3__P6__path_1,P3,P6,path_1,24,49,56,4.85,4.15,0
P3__P6__path_1,P3,P6,path_1,25,49,57,4.95,4.15,0
P3__P6__path_1,P3,P6,path_1,26,49,58,5.05,4.15,0
P3__P6__path_1,P3,P6,path_1,27,49,59,5.15,4.15,0
P3__P6__path_1,P3,P6,path_1,28,49,60,5.25,4.15,0
P3__P6__path_1,P3,P6,path_1,29,49,61,5.35,4.15,0
P3__P6__path_1,P3,P6,path_1,30,49,62,5.45,4.15,0
P3__P6__path_1,P3,P6,path_1,31,49,63,5.55,4.15,0
P3__P6__path_1,P3,P6,path_1,32,50,64,5.65,4.25,0
P3__P6__path_1,P3,P6,path_1,33,51,65,5.75,4.35,0
P3__P6__path_1,P3,P6,path_1,34,52,66,5.85,4.45,0
P3__P6__path_1,P3,P6,path_1,35,53,67,5.95,4.55,0
P3__P6__path_1,P3,P6,path_1,36,54,68,6.05,4.65,0
P3__P6__path_1,P3,P6,path_1,37,55,68,6.05,4.75,0
P3__P6__path_1,P3,P6,path_1,38,56,68,6.05,4.85,0
P3__P6__path_1,P3,P6,path_1,39,57,68,6.05,4.95,0
P3__P6__path_1,P3,P6,path_1,40,58,68,6.05,5.05,0
P3__P6__path_1,P3,P6,path_1,41,59,68,6.05,5.15,0
P3__P6__path_1,P3,P6,path_1,42,60,68,6.05,5.25,0
P3__P6__path_1,P3,P6,path_1,43,61,68,6.05,5.35,0
P3__P6__path_1,P3,P6,path_1,44,62,68,6.05,5.45,0
P3__P6__path_1,P3,P6,path_1,45,63,68,6.05,5.55,0
P3__P6__path_1,P3,P6,path_1,46,64,68,6.05,5.65,0
P3__P6__path_1,P3,P6,path_1,47,65,68,6.05,5.75,0
P3__P6__path_1,P3,P6,path_1,48,65,69,6.15,5.75,0
P3__P6__path_1,P3,P6,path_1,49,65,70,6.25,5.75,0
P3__P6__path_1,P3,P6,path_1,50,65,71,6.35,5.75,0
P3__P6__path_1,P3,P6,path_1,51,65,72,6.45,5.75,0
P3__P6__path_1,P3,P6,path_1,52,65,73,6.55,5.75,0
P3__P6__path_1,P3,P6,path_1,53,65,74,6.65,5.75,0
P3__P6__path_1,P3,P6,path_1,54,65,75,6.75,5.75,0
P3__P6__path_1,P3,P6,path_1,55,65,76,6.85,5.75,0
P3__P6__path_1,P3,P6,path_1,56,65,77,6.95,5.75,0
P3__P6__path_1,P3,P6,path_1,57,65,78,7.05,5.75,0
P3__P6__path_1,P3,P6,path_1,58,65,79,7.15,5.75,0
P3__P6__path_1,P3,P6,path_1,59,65,80,7.25,5.75,0
P3__P6__path_1,P3,P6,path_1,60,65,81,7.35,5.75,0
P3__P6__path_1,P3,P6,path_1,61,65,82,7.45,5.75,0
P3__P6__path_1,P3,P6,path_1,62,65,83,7.55,5.75,0
P3__P6__path_1,P3,P6,path_1,63,65,84,7.65,5.75,0
P3__P6__path_1,P3,P6,path_1,64,65,85,7.75,5.75,0
P3__P6__path_1,P3,P6,path_1,65,65,86,7.85,5.75,0
P3__P6__path_1,P3,P6,path_1,66,65,87,7.95,5.75,0
P3__P7__path_1,P3,P7,path_1,0,60,43,3.55,5.25,0
P3__P7__path_1,P3,P7,path_1,1,59,43,3.55,5.15,0
P3__P7__path_1,P3,P7,path_1,2,58,43,3.55,5.05,0
P3__P7__path_1,P3,P7,path_1,3,57,43,3.55,4.95,0
P3__P7__path_1,P3,P7,path_1,4,56,43,3.55,4.85,0
P3__P7__path_1,P3,P7,path_1,5,55,43,3.55,4.75,0
P3__P7__path_1,P3,P7,path_1,6,54,43,3.55,4.65,0
P3__P7__path_1,P3,P7,path_1,7,53,43,3.55,4.55,0
P3__P7__path_1,P3,P7,path_1,8,52,43,3.55,4.45,0
P3__P7__path_1,P3,P7,path_1,9,51,43,3.55,4.35,0
P3__P7__path_1,P3,P7,path_1,10,50,43,3.55,4.25,0
P3__P7__path_1,P3,P7,path_1,11,49,43,3.55,4.15,0
P3__P7__path_1,P3,P7,path_1,12,48,44,3.65,4.05,0
P3__P7__path_1,P3,P7,path_1,13,48,45,3.75,4.05,0
P3__P7__path_1,P3,P7,path_1,14,48,46,3.85,4.05,0
P3__P7__path_1,P3,P7,path_1,15,48,47,3.95,4.05,0
P3__P7__path_1,P3,P7,path_1,16,48,48,4.05,4.05,0
P3__P7__path_1,P3,P7,path_1,17,48,49,4.15,4.05,0
P3__P7__path_1,P3,P7,path_1,18,48,50,4.25,4.05,0
P3__P7__path_1,P3,P7,path_1,19,48,51,4.35,4.05,0
P3__P7__path_1,P3,P7,path_1,20,48,52,4.45,4.05,0
P3__P7__path_1,P3,P7,path_1,21,48,53,4.55,4.05,0
P3__P7__path_1,P3,P7,path_1,22,48,54,4.65,4.05,0
P3__P7__path_1,P3,P7,path_1,23,48,55,4.75,4.05,0
P3__P7__path_1,P3,P7,path_1,24,48,56,4.85,4.05,0
P3__P7__path_1,P3,P7,path_1,25,48,57,4.95,4.05,0
P3__P7__path_1,P3,P7,path_1,26,48,58,5.05,4.05,0
P3__P7__path_1,P3,P7,path_1,27,48,59,5.15,4.05,0
P3__P7__path_1,P3,P7,path_1,28,48,60,5.25,4.05,0
P3__P7__path_1,P3,P7,path_1,29,48,61,5.35,4.05,0
P3__P7__path_1,P3,P7,path_1,30,48,62,5.45,4.05,0
P3__P7__path_1,P3,P7,path_1,31,48,63,5.55,4.05,0
P3__P7__path_1,P3,P7,path_1,32,48,64,5.65,4.05,0
P3__P7__path_1,P3,P7,path_1,33,48,65,5.75,4.05,0
P3__P7__path_1,P3,P7,path_1,34,48,66,5.85,4.05,0
P3__P7__path_1,P3,P7,path_1,35,48,67,5.95,4.05,0
P3__P7__path_1,P3,P7,path_1,36,48,68,6.05,4.05,0
P3__P7__path_1,P3,P7,path_1,37,48,69,6.15,4.05,0
P3__P7__path_1,P3,P7,path_1,38,48,70,6.25,4.05,0
P3__P7__path_1,P3,P7,path_1,39,48,71,6.35,4.05,0
P3__P7__path_1,P3,P7,path_1,40,48,72,6.45,4.05,0
P3__P7__path_1,P3,P7,path_1,41,48,73,6.55,4.05,0
P3__P7__path_1,P3,P7,path_1,42,47,73,6.55,3.95,0
P3__P7__path_1,P3,P7,path_1,43,46,73,6.55,3.85,0
P3__P7__path_1,P3,P7,path_1,44,45,73,6.55,3.75,0
P3__P7__path_1,P3,P7,path_1,45,44,73,6.55,3.65,0
P3__P7__path_1,P3,P7,path_1,46,43,73,6.55,3.55,0
P3__P7__path_1,P3,P7,path_1,47,42,73,6.55,3.45,0
P3__P7__path_1,P3,P7,path_1,48,41,73,6.55,3.35,0
P3__P7__path_1,P3,P7,path_1,49,40,73,6.55,3.25,0
P3__P7__path_1,P3,P7,path_1,50,39,73,6.55,3.15,0
P3__P7__path_1,P3,P7,path_1,51,38,73,6.55,3.05,0
P3__P7__path_1,P3,P7,path_1,52,37,74,6.65,2.95,0
P3__P7__path_1,P3,P7,path_1,53,36,75,6.75,2.85,0
P3__P7__path_1,P3,P7,path_1,54,35,75,6.75,2.75,0
P3__P7__path_1,P3,P7,path_1,55,34,75,6.75,2.65,0
P3__P7__path_1,P3,P7,path_1,56,33,75,6.75,2.55,0
P3__P7__path_1,P3,P7,path_1,57,32,75,6.75,2.45,0
P3__P7__path_1,P3,P7,path_1,58,31,75,6.75,2.35,0
P3__P7__path_1,P3,P7,path_1,59,30,75,6.75,2.25,0
P3__P7__path_1,P3,P7,path_1,60,29,75,6.75,2.15,0
P3__P7__path_1,P3,P7,path_1,61,28,75,6.75,2.05,0
P3__P7__path_1,P3,P7,path_1,62,27,76,6.85,1.95,0
P3__P7__path_1,P3,P7,path_1,63,26,76,6.85,1.85,0
P3__P7__path_1,P3,P7,path_1,64,25,77,6.95,1.75,0
P3__P7__path_1,P3,P7,path_1,65,24,77,6.95,1.65,0
P3__P7__path_1,P3,P7,path_1,66,23,78,7.05,1.55,0
P3__P7__path_1,P3,P7,path_1,67,22,78,7.05,1.45,0
P3__P7__path_1,P3,P7,path_1,68,21,79,7.15,1.35,0
P3__P7__path_1,P3,P7,path_1,69,20,79,7.15,1.25,0
P3__P7__path_1,P3,P7,path_1,70,19,79,7.15,1.15,0
P3__P7__path_1,P3,P7,path_1,71,18,80,7.25,1.05,0
P3__P8__path_1,P3,P8,path_1,0,60,43,3.55,5.25,0
P3__P8__path_1,P3,P8,path_1,1,59,43,3.55,5.15,0
P3__P8__path_1,P3,P8,path_1,2,58,43,3.55,5.05,0
P3__P8__path_1,P3,P8,path_1,3,57,43,3.55,4.95,0
P3__P8__path_1,P3,P8,path_1,4,56,43,3.55,4.85,0
P3__P8__path_1,P3,P8,path_1,5,55,43,3.55,4.75,0
P3__P8__path_1,P3,P8,path_1,6,54,43,3.55,4.65,0
P3__P8__path_1,P3,P8,path_1,7,53,43,3.55,4.55,0
P3__P8__path_1,P3,P8,path_1,8,52,43,3.55,4.45,0
P3__P8__path_1,P3,P8,path_1,9,51,43,3.55,4.35,0
P3__P8__path_1,P3,P8,path_1,10,50,43,3.55,4.25,0
P3__P8__path_1,P3,P8,path_1,11,49,43,3.55,4.15,0
P3__P8__path_1,P3,P8,path_1,12,49,44,3.65,4.15,0
P3__P8__path_1,P3,P8,path_1,13,49,45,3.75,4.15,0
P3__P8__path_1,P3,P8,path_1,14,49,46,3.85,4.15,0
P3__P8__path_1,P3,P8,path_1,15,49,47,3.95,4.15,0
P3__P8__path_1,P3,P8,path_1,16,49,48,4.05,4.15,0
P3__P8__path_1,P3,P8,path_1,17,49,49,4.15,4.15,0
P3__P8__path_1,P3,P8,path_1,18,49,50,4.25,4.15,0
P3__P8__path_1,P3,P8,path_1,19,49,51,4.35,4.15,0
P3__P8__path_1,P3,P8,path_1,20,49,52,4.45,4.15,0
P3__P8__path_1,P3,P8,path_1,21,49,53,4.55,4.15,0
P3__P8__path_1,P3,P8,path_1,22,49,54,4.65,4.15,0
P3__P8__path_1,P3,P8,path_1,23,49,55,4.75,4.15,0
P3__P8__path_1,P3,P8,path_1,24,49,56,4.85,4.15,0
P3__P8__path_1,P3,P8,path_1,25,49,57,4.95,4.15,0
P3__P8__path_1,P3,P8,path_1,26,48,58,5.05,4.05,0
P3__P8__path_1,P3,P8,path_1,27,48,59,5.15,4.05,0
P3__P8__path_1,P3,P8,path_1,28,48,60,5.25,4.05,0
P3__P8__path_1,P3,P8,path_1,29,48,61,5.35,4.05,0
P3__P8__path_1,P3,P8,path_1,30,48,62,5.45,4.05,0
P3__P8__path_1,P3,P8,path_1,31,48,63,5.55,4.05,0
P3__P8__path_1,P3,P8,path_1,32,48,64,5.65,4.05,0
P3__P8__path_1,P3,P8,path_1,33,48,65,5.75,4.05,0
P3__P8__path_1,P3,P8,path_1,34,48,66,5.85,4.05,0
P3__P8__path_1,P3,P8,path_1,35,48,67,5.95,4.05,0
P3__P8__path_1,P3,P8,path_1,36,48,68,6.05,4.05,0
P3__P8__path_1,P3,P8,path_1,37,48,69,6.15,4.05,0
P3__P8__path_1,P3,P8,path_1,38,48,70,6.25,4.05,0
P3__P8__path_1,P3,P8,path_1,39,48,71,6.35,4.05,0
P3__P8__path_1,P3,P8,path_1,40,48,72,6.45,4.05,0
P3__P8__path_1,P3,P8,path_1,41,48,73,6.55,4.05,0
P3__P8__path_1,P3,P8,path_1,42,47,74,6.65,3.95,0
P3__P8__path_1,P3,P8,path_1,43,46,75,6.75,3.85,0
P3__P8__path_1,P3,P8,path_1,44,45,76,6.85,3.75,0
P3__P8__path_1,P3,P8,path_1,45,44,77,6.95,3.65,0
P3__P8__path_1,P3,P8,path_1,46,43,78,7.05,3.55,0
P3__P8__path_1,P3,P8,path_1,47,42,79,7.15,3.45,0
P3__P8__path_1,P3,P8,path_1,48,41,80,7.25,3.35,0
P3__P8__path_1,P3,P8,path_1,49,40,81,7.35,3.25,0
P3__P8__path_1,P3,P8,path_1,50,40,82,7.45,3.25,0
P3__P8__path_1,P3,P8,path_1,51,40,83,7.55,3.25,0
P3__P8__path_1,P3,P8,path_1,52,40,84,7.65,3.25,0
P3__P8__path_1,P3,P8,path_1,53,40,85,7.75,3.25,0
P3__P8__path_1,P3,P8,path_1,54,40,86,7.85,3.25,0
P3__P8__path_1,P3,P8,path_1,55,40,87,7.95,3.25,0
P3__P8__path_1,P3,P8,path_1,56,40,88,8.05,3.25,0
P3__P8__path_1,P3,P8,path_1,57,40,89,8.15,3.25,0
P3__P8__path_1,P3,P8,path_1,58,40,90,8.25,3.25,0
P3__P8__path_1,P3,P8,path_1,59,40,91,8.35,3.25,0
P3__P8__path_1,P3,P8,path_1,60,40,92,8.45,3.25,0
P3__P8__path_1,P3,P8,path_1,61,40,93,8.55,3.25,0
P3__P8__path_1,P3,P8,path_1,62,40,94,8.65,3.25,0
P3__P8__path_1,P3,P8,path_1,63,40,95,8.75,3.25,0
P3__P8__path_1,P3,P8,path_1,64,40,96,8.85,3.25,0
P3__P8__path_1,P3,P8,path_1,65,39,96,8.85,3.15,0
P3__P8__path_1,P3,P8,path_1,66,38,96,8.85,3.05,0
P3__P8__path_1,P3,P8,path_1,67,37,96,8.85,2.95,0
P3__P8__path_1,P3,P8,path_1,68,36,96,8.85,2.85,0
P3__P8__path_1,P3,P8,path_1,69,35,96,8.85,2.75,0
P3__P8__path_1,P3,P8,path_1,70,34,96,8.85,2.65,0
P3__P8__path_1,P3,P8,path_1,71,33,96,8.85,2.55,0
P3__P8__path_1,P3,P8,path_1,72,32,96,8.85,2.45,0
P3__P8__path_1,P3,P8,path_1,73,31,96,8.85,2.35,0
P3__P9__path_1,P3,P9,path_1,0,60,43,3.55,5.25,0
P3__P9__path_1,P3,P9,path_1,1,59,43,3.55,5.15,0
P3__P9__path_1,P3,P9,path_1,2,58,43,3.55,5.05,0
P3__P9__path_1,P3,P9,path_1,3,57,43,3.55,4.95,0
P3__P9__path_1,P3,P9,path_1,4,56,43,3.55,4.85,0
P3__P9__path_1,P3,P9,path_1,5,55,43,3.55,4.75,0
P3__P9__path_1,P3,P9,path_1,6,54,43,3.55,4.65,0
P3__P9__path_1,P3,P9,path_1,7,53,43,3.55,4.55,0
P3__P9__path_1,P3,P9,path_1,8,52,43,3.55,4.45,0
P3__P9__path_1,P3,P9,path_1,9,51,43,3.55,4.35,0
P3__P9__path_1,P3,P9,path_1,10,50,43,3.55,4.25,0
P3__P9__path_1,P3,P9,path_1,11,49,43,3.55,4.15,0
P3__P9__path_1,P3,P9,path_1,12,49,44,3.65,4.15,0
P3__P9__path_1,P3,P9,path_1,13,49,45,3.75,4.15,0
P3__P9__path_1,P3,P9,path_1,14,49,46,3.85,4.15,0
P3__P9__path_1,P3,P9,path_1,15,49,47,3.95,4.15,0
P3__P9__path_1,P3,P9,path_1,16,49,48,4.05,4.15,0
P3__P9__path_1,P3,P9,path_1,17,49,49,4.15,4.15,0
P3__P9__path_1,P3,P9,path_1,18,49,50,4.25,4.15,0
P3__P9__path_1,P3,P9,path_1,19,49,51,4.35,4.15,0
P3__P9__path_1,P3,P9,path_1,20,49,52,4.45,4.15,0
P3__P9__path_1,P3,P9,path_1,21,49,53,4.55,4.15,0
P3__P9__path_1,P3,P9,path_1,22,49,54,4.65,4.15,0
P3__P9__path_1,P3,P9,path_1,23,49,55,4.75,4.15,0
P3__P9__path_1,P3,P9,path_1,24,49,56,4.85,4.15,0
P3__P9__path_1,P3,P9,path_1,25,49,57,4.95,4.15,0
P3__P9__path_1,P3,P9,path_1,26,49,58,5.05,4.15,0
P3__P9__path_1,P3,P9,path_1,27,49,59,5.15,4.15,0
P3__P9__path_1,P3,P9,path_1,28,49,60,5.25,4.15,0
P3__P9__path_1,P3,P9,path_1,29,49,61,5.35,4.15,0
P3__P9__path_1,P3,P9,path_1,30,49,62,5.45,4.15,0
P3__P9__path_1,P3,P9,path_1,31,49,63,5.55,4.15,0
P3__P9__path_1,P3,P9,path_1,32,50,64,5.65,4.25,0
P3__P9__path_1,P3,P9,path_1,33,51,65,5.75,4.35,0
P3__P9__path_1,P3,P9,path_1,34,52,65,5.75,4.45,0
P3__P9__path_1,P3,P9,path_1,35,53,66,5.85,4.55,0
P3__P9__path_1,P3,P9,path_1,36,54,66,5.85,4.65,0
P3__P9__path_1,P3,P9,path_1,37,55,67,5.95,4.75,0
P3__P9__path_1,P3,P9,path_1,38,56,68,6.05,4.85,0
P3__P9__path_1,P3,P9,path_1,39,57,68,6.05,4.95,0
P3__P9__path_1,P3,P9,path_1,40,58,68,6.05,5.05,0
P3__SORT1__path_1,P3,SORT1,path_1,0,60,43,3.55,5.25,0
P3__SORT1__path_1,P3,SORT1,path_1,1,59,43,3.55,5.15,0
P3__SORT1__path_1,P3,SORT1,path_1,2,58,43,3.55,5.05,0
P3__SORT1__path_1,P3,SORT1,path_1,3,57,43,3.55,4.95,0
P3__SORT1__path_1,P3,SORT1,path_1,4,56,43,3.55,4.85,0
P3__SORT1__path_1,P3,SORT1,path_1,5,55,43,3.55,4.75,0
P3__SORT1__path_1,P3,SORT1,path_1,6,54,43,3.55,4.65,0
P3__SORT1__path_1,P3,SORT1,path_1,7,53,43,3.55,4.55,0
P3__SORT1__path_1,P3,SORT1,path_1,8,52,43,3.55,4.45,0
P3__SORT1__path_1,P3,SORT1,path_1,9,51,43,3.55,4.35,0
P3__SORT1__path_1,P3,SORT1,path_1,10,50,43,3.55,4.25,0
P3__SORT1__path_1,P3,SORT1,path_1,11,49,43,3.55,4.15,0
P3__SORT1__path_1,P3,SORT1,path_1,12,49,44,3.65,4.15,0
P3__SORT1__path_1,P3,SORT1,path_1,13,49,45,3.75,4.15,0
P3__SORT1__path_1,P3,SORT1,path_1,14,49,46,3.85,4.15,0
P3__SORT1__path_1,P3,SORT1,path_1,15,49,47,3.95,4.15,0
P3__SORT1__path_1,P3,SORT1,path_1,16,49,48,4.05,4.15,0
P3__SORT1__path_1,P3,SORT1,path_1,17,49,49,4.15,4.15,0
P3__SORT1__path_1,P3,SORT1,path_1,18,49,50,4.25,4.15,0
P3__SORT1__path_1,P3,SORT1,path_1,19,49,51,4.35,4.15,0
P3__SORT1__path_1,P3,SORT1,path_1,20,49,52,4.45,4.15,0
P3__SORT1__path_1,P3,SORT1,path_1,21,49,53,4.55,4.15,0
P3__SORT1__path_1,P3,SORT1,path_1,22,49,54,4.65,4.15,0
P3__SORT1__path_1,P3,SORT1,path_1,23,49,55,4.75,4.15,0
P3__SORT1__path_1,P3,SORT1,path_1,24,49,56,4.85,4.15,0
P3__SORT1__path_1,P3,SORT1,path_1,25,49,57,4.95,4.15,0
P3__SORT1__path_1,P3,SORT1,path_1,26,49,58,5.05,4.15,0
P3__SORT1__path_1,P3,SORT1,path_1,27,49,59,5.15,4.15,0
P3__SORT1__path_1,P3,SORT1,path_1,28,49,60,5.25,4.15,0
P3__SORT1__path_1,P3,SORT1,path_1,29,49,61,5.35,4.15,0
P3__SORT1__path_1,P3,SORT1,path_1,30,49,62,5.45,4.15,0
P3__SORT1__path_1,P3,SORT1,path_1,31,48,63,5.55,4.05,0
P3__SORT1__path_1,P3,SORT1,path_1,32,48,64,5.65,4.05,0
P3__SORT1__path_1,P3,SORT1,path_1,33,48,65,5.75,4.05,0
P3__SORT1__path_1,P3,SORT1,path_1,34,48,66,5.85,4.05,0
P3__SORT1__path_1,P3,SORT1,path_1,35,48,67,5.95,4.05,0
P3__SORT1__path_1,P3,SORT1,path_1,36,48,68,6.05,4.05,0
P3__SORT1__path_1,P3,SORT1,path_1,37,48,69,6.15,4.05,0
P3__SORT1__path_1,P3,SORT1,path_1,38,48,70,6.25,4.05,0
P3__SORT1__path_1,P3,SORT1,path_1,39,48,71,6.35,4.05,0
P3__SORT1__path_1,P3,SORT1,path_1,40,48,72,6.45,4.05,0
P3__SORT1__path_1,P3,SORT1,path_1,41,48,73,6.55,4.05,0
P3__SORT1__path_1,P3,SORT1,path_1,42,47,74,6.65,3.95,0
P3__SORT1__path_1,P3,SORT1,path_1,43,46,75,6.75,3.85,0
P3__SORT1__path_1,P3,SORT1,path_1,44,45,76,6.85,3.75,0
P3__SORT1__path_1,P3,SORT1,path_1,45,44,77,6.95,3.65,0
P3__SORT1__path_1,P3,SORT1,path_1,46,43,78,7.05,3.55,0
P3__SORT1__path_1,P3,SORT1,path_1,47,42,79,7.15,3.45,0
P3__SORT1__path_1,P3,SORT1,path_1,48,41,80,7.25,3.35,0
P3__SORT1__path_1,P3,SORT1,path_1,49,40,81,7.35,3.25,0
P3__SORT1__path_1,P3,SORT1,path_1,50,40,82,7.45,3.25,0
P3__SORT1__path_1,P3,SORT1,path_1,51,40,83,7.55,3.25,0
P3__SORT1__path_1,P3,SORT1,path_1,52,40,84,7.65,3.25,0
P3__SORT1__path_1,P3,SORT1,path_1,53,40,85,7.75,3.25,0
P3__SORT1__path_1,P3,SORT1,path_1,54,40,86,7.85,3.25,0
P3__SORT1__path_1,P3,SORT1,path_1,55,40,87,7.95,3.25,0
P3__SORT1__path_1,P3,SORT1,path_1,56,40,88,8.05,3.25,0
P3__SORT1__path_1,P3,SORT1,path_1,57,40,89,8.15,3.25,0
P3__SORT1__path_1,P3,SORT1,path_1,58,40,90,8.25,3.25,0
P3__SORT1__path_1,P3,SORT1,path_1,59,40,91,8.35,3.25,0
P3__SORT1__path_1,P3,SORT1,path_1,60,40,92,8.45,3.25,0
P3__SORT1__path_1,P3,SORT1,path_1,61,40,93,8.55,3.25,0
P3__SORT1__path_1,P3,SORT1,path_1,62,40,94,8.65,3.25,0
P3__SORT1__path_1,P3,SORT1,path_1,63,40,95,8.75,3.25,0
P3__SORT1__path_1,P3,SORT1,path_1,64,40,96,8.85,3.25,0
P3__SORT1__path_1,P3,SORT1,path_1,65,39,97,8.95,3.15,0
P3__SORT1__path_1,P3,SORT1,path_1,66,38,98,9.05,3.05,0
P3__SORT1__path_1,P3,SORT1,path_1,67,37,99,9.15,2.95,0
P3__SORT1__path_1,P3,SORT1,path_1,68,36,100,9.25,2.85,0
P3__SORT1__path_1,P3,SORT1,path_1,69,35,101,9.35,2.75,0
P3__SORT1__path_1,P3,SORT1,path_1,70,34,102,9.45,2.65,0
P3__SORT1__path_1,P3,SORT1,path_1,71,33,103,9.55,2.55,0
P3__SORT1__path_1,P3,SORT1,path_1,72,32,104,9.65,2.45,0
P3__SORT1__path_1,P3,SORT1,path_1,73,31,104,9.65,2.35,0
P3__SORT1__path_1,P3,SORT1,path_1,74,30,104,9.65,2.25,0
P3__SORT1__path_1,P3,SORT1,path_1,75,29,105,9.75,2.15,0
P3__SORT2__path_1,P3,SORT2,path_1,0,60,43,3.55,5.25,0
P3__SORT2__path_1,P3,SORT2,path_1,1,59,43,3.55,5.15,0
P3__SORT2__path_1,P3,SORT2,path_1,2,58,43,3.55,5.05,0
P3__SORT2__path_1,P3,SORT2,path_1,3,57,43,3.55,4.95,0
P3__SORT2__path_1,P3,SORT2,path_1,4,56,43,3.55,4.85,0
P3__SORT2__path_1,P3,SORT2,path_1,5,55,43,3.55,4.75,0
P3__SORT2__path_1,P3,SORT2,path_1,6,54,43,3.55,4.65,0
P3__SORT2__path_1,P3,SORT2,path_1,7,53,43,3.55,4.55,0
P3__SORT2__path_1,P3,SORT2,path_1,8,52,43,3.55,4.45,0
P3__SORT2__path_1,P3,SORT2,path_1,9,51,43,3.55,4.35,0
P3__SORT2__path_1,P3,SORT2,path_1,10,50,43,3.55,4.25,0
P3__SORT2__path_1,P3,SORT2,path_1,11,49,43,3.55,4.15,0
P3__SORT2__path_1,P3,SORT2,path_1,12,49,44,3.65,4.15,0
P3__SORT2__path_1,P3,SORT2,path_1,13,49,45,3.75,4.15,0
P3__SORT2__path_1,P3,SORT2,path_1,14,49,46,3.85,4.15,0
P3__SORT2__path_1,P3,SORT2,path_1,15,49,47,3.95,4.15,0
P3__SORT2__path_1,P3,SORT2,path_1,16,49,48,4.05,4.15,0
P3__SORT2__path_1,P3,SORT2,path_1,17,49,49,4.15,4.15,0
P3__SORT2__path_1,P3,SORT2,path_1,18,49,50,4.25,4.15,0
P3__SORT2__path_1,P3,SORT2,path_1,19,49,51,4.35,4.15,0
P3__SORT2__path_1,P3,SORT2,path_1,20,49,52,4.45,4.15,0
P3__SORT2__path_1,P3,SORT2,path_1,21,49,53,4.55,4.15,0
P3__SORT2__path_1,P3,SORT2,path_1,22,49,54,4.65,4.15,0
P3__SORT2__path_1,P3,SORT2,path_1,23,49,55,4.75,4.15,0
P3__SORT2__path_1,P3,SORT2,path_1,24,49,56,4.85,4.15,0
P3__SORT2__path_1,P3,SORT2,path_1,25,49,57,4.95,4.15,0
P3__SORT2__path_1,P3,SORT2,path_1,26,49,58,5.05,4.15,0
P3__SORT2__path_1,P3,SORT2,path_1,27,49,59,5.15,4.15,0
P3__SORT2__path_1,P3,SORT2,path_1,28,49,60,5.25,4.15,0
P3__SORT2__path_1,P3,SORT2,path_1,29,49,61,5.35,4.15,0
P3__SORT2__path_1,P3,SORT2,path_1,30,49,62,5.45,4.15,0
P3__SORT2__path_1,P3,SORT2,path_1,31,49,63,5.55,4.15,0
P3__SORT2__path_1,P3,SORT2,path_1,32,49,64,5.65,4.15,0
P3__SORT2__path_1,P3,SORT2,path_1,33,49,65,5.75,4.15,0
P3__SORT2__path_1,P3,SORT2,path_1,34,49,66,5.85,4.15,0
P3__SORT2__path_1,P3,SORT2,path_1,35,49,67,5.95,4.15,0
P3__SORT2__path_1,P3,SORT2,path_1,36,48,68,6.05,4.05,0
P3__SORT2__path_1,P3,SORT2,path_1,37,48,69,6.15,4.05,0
P3__SORT2__path_1,P3,SORT2,path_1,38,48,70,6.25,4.05,0
P3__SORT2__path_1,P3,SORT2,path_1,39,48,71,6.35,4.05,0
P3__SORT2__path_1,P3,SORT2,path_1,40,48,72,6.45,4.05,0
P3__SORT2__path_1,P3,SORT2,path_1,41,48,73,6.55,4.05,0
P3__SORT2__path_1,P3,SORT2,path_1,42,48,74,6.65,4.05,0
P3__SORT2__path_1,P3,SORT2,path_1,43,48,75,6.75,4.05,0
P3__SORT2__path_1,P3,SORT2,path_1,44,48,76,6.85,4.05,0
P3__SORT2__path_1,P3,SORT2,path_1,45,48,77,6.95,4.05,0
P3__SORT2__path_1,P3,SORT2,path_1,46,48,78,7.05,4.05,0
P3__SORT2__path_1,P3,SORT2,path_1,47,48,79,7.15,4.05,0
P3__SORT2__path_1,P3,SORT2,path_1,48,48,80,7.25,4.05,0
P3__SORT2__path_1,P3,SORT2,path_1,49,48,81,7.35,4.05,0
P3__SORT2__path_1,P3,SORT2,path_1,50,48,82,7.45,4.05,0
P3__SORT2__path_1,P3,SORT2,path_1,51,48,83,7.55,4.05,0
P3__SORT2__path_1,P3,SORT2,path_1,52,48,84,7.65,4.05,0
P3__SORT2__path_1,P3,SORT2,path_1,53,48,85,7.75,4.05,0
P3__SORT2__path_1,P3,SORT2,path_1,54,48,86,7.85,4.05,0
P3__SORT2__path_1,P3,SORT2,path_1,55,48,87,7.95,4.05,0
P3__SORT2__path_1,P3,SORT2,path_1,56,48,88,8.05,4.05,0
P3__SORT2__path_1,P3,SORT2,path_1,57,48,89,8.15,4.05,0
P3__SORT2__path_1,P3,SORT2,path_1,58,48,90,8.25,4.05,0
P3__SORT2__path_1,P3,SORT2,path_1,59,48,91,8.35,4.05,0
P3__SORT2__path_1,P3,SORT2,path_1,60,48,92,8.45,4.05,0
P3__SORT2__path_1,P3,SORT2,path_1,61,48,93,8.55,4.05,0
P3__SORT2__path_1,P3,SORT2,path_1,62,48,94,8.65,4.05,0
P3__SORT2__path_1,P3,SORT2,path_1,63,48,95,8.75,4.05,0
P3__SORT2__path_1,P3,SORT2,path_1,64,48,96,8.85,4.05,0
P3__SORT2__path_1,P3,SORT2,path_1,65,48,97,8.95,4.05,0
P3__SORT2__path_1,P3,SORT2,path_1,66,48,98,9.05,4.05,0
P3__SORT2__path_1,P3,SORT2,path_1,67,48,99,9.15,4.05,0
P3__SORT2__path_1,P3,SORT2,path_1,68,48,100,9.25,4.05,0
P3__SORT2__path_1,P3,SORT2,path_1,69,48,101,9.35,4.05,0
P3__SORT2__path_1,P3,SORT2,path_1,70,48,102,9.45,4.05,0
P3__SORT2__path_1,P3,SORT2,path_1,71,48,103,9.55,4.05,0
P3__SORT2__path_1,P3,SORT2,path_1,72,48,104,9.65,4.05,0
P3__SORT2__path_1,P3,SORT2,path_1,73,48,105,9.75,4.05,0
P3__SORT2__path_1,P3,SORT2,path_1,74,48,106,9.85,4.05,0
P3__SORT2__path_1,P3,SORT2,path_1,75,48,107,9.95,4.05,0
P3__SORT2__path_1,P3,SORT2,path_1,76,48,108,10.05,4.05,0
P3__SORT2__path_1,P3,SORT2,path_1,77,48,109,10.15,4.05,0
P3__SORT2__path_1,P3,SORT2,path_1,78,48,110,10.25,4.05,0
P3__SORT2__path_1,P3,SORT2,path_1,79,48,111,10.35,4.05,0
P3__OUT1__path_1,P3,OUT1,path_1,0,60,43,3.55,5.25,0
P3__OUT1__path_1,P3,OUT1,path_1,1,59,43,3.55,5.15,0
P3__OUT1__path_1,P3,OUT1,path_1,2,58,43,3.55,5.05,0
P3__OUT1__path_1,P3,OUT1,path_1,3,57,43,3.55,4.95,0
P3__OUT1__path_1,P3,OUT1,path_1,4,56,43,3.55,4.85,0
P3__OUT1__path_1,P3,OUT1,path_1,5,55,43,3.55,4.75,0
P3__OUT1__path_1,P3,OUT1,path_1,6,54,43,3.55,4.65,0
P3__OUT1__path_1,P3,OUT1,path_1,7,53,43,3.55,4.55,0
P3__OUT1__path_1,P3,OUT1,path_1,8,52,43,3.55,4.45,0
P3__OUT1__path_1,P3,OUT1,path_1,9,51,43,3.55,4.35,0
P3__OUT1__path_1,P3,OUT1,path_1,10,50,43,3.55,4.25,0
P3__OUT1__path_1,P3,OUT1,path_1,11,49,43,3.55,4.15,0
P3__OUT1__path_1,P3,OUT1,path_1,12,49,44,3.65,4.15,0
P3__OUT1__path_1,P3,OUT1,path_1,13,49,45,3.75,4.15,0
P3__OUT1__path_1,P3,OUT1,path_1,14,49,46,3.85,4.15,0
P3__OUT1__path_1,P3,OUT1,path_1,15,49,47,3.95,4.15,0
P3__OUT1__path_1,P3,OUT1,path_1,16,49,48,4.05,4.15,0
P3__OUT1__path_1,P3,OUT1,path_1,17,49,49,4.15,4.15,0
P3__OUT1__path_1,P3,OUT1,path_1,18,49,50,4.25,4.15,0
P3__OUT1__path_1,P3,OUT1,path_1,19,49,51,4.35,4.15,0
P3__OUT1__path_1,P3,OUT1,path_1,20,49,52,4.45,4.15,0
P3__OUT1__path_1,P3,OUT1,path_1,21,49,53,4.55,4.15,0
P3__OUT1__path_1,P3,OUT1,path_1,22,49,54,4.65,4.15,0
P3__OUT1__path_1,P3,OUT1,path_1,23,49,55,4.75,4.15,0
P3__OUT1__path_1,P3,OUT1,path_1,24,49,56,4.85,4.15,0
P3__OUT1__path_1,P3,OUT1,path_1,25,49,57,4.95,4.15,0
P3__OUT1__path_1,P3,OUT1,path_1,26,49,58,5.05,4.15,0
P3__OUT1__path_1,P3,OUT1,path_1,27,49,59,5.15,4.15,0
P3__OUT1__path_1,P3,OUT1,path_1,28,49,60,5.25,4.15,0
P3__OUT1__path_1,P3,OUT1,path_1,29,49,61,5.35,4.15,0
P3__OUT1__path_1,P3,OUT1,path_1,30,49,62,5.45,4.15,0
P3__OUT1__path_1,P3,OUT1,path_1,31,49,63,5.55,4.15,0
P3__OUT1__path_1,P3,OUT1,path_1,32,49,64,5.65,4.15,0
P3__OUT1__path_1,P3,OUT1,path_1,33,49,65,5.75,4.15,0
P3__OUT1__path_1,P3,OUT1,path_1,34,49,66,5.85,4.15,0
P3__OUT1__path_1,P3,OUT1,path_1,35,49,67,5.95,4.15,0
P3__OUT1__path_1,P3,OUT1,path_1,36,48,68,6.05,4.05,0
P3__OUT1__path_1,P3,OUT1,path_1,37,48,69,6.15,4.05,0
P3__OUT1__path_1,P3,OUT1,path_1,38,48,70,6.25,4.05,0
P3__OUT1__path_1,P3,OUT1,path_1,39,48,71,6.35,4.05,0
P3__OUT1__path_1,P3,OUT1,path_1,40,48,72,6.45,4.05,0
P3__OUT1__path_1,P3,OUT1,path_1,41,48,73,6.55,4.05,0
P3__OUT1__path_1,P3,OUT1,path_1,42,48,74,6.65,4.05,0
P3__OUT1__path_1,P3,OUT1,path_1,43,48,75,6.75,4.05,0
P3__OUT1__path_1,P3,OUT1,path_1,44,48,76,6.85,4.05,0
P3__OUT1__path_1,P3,OUT1,path_1,45,48,77,6.95,4.05,0
P3__OUT1__path_1,P3,OUT1,path_1,46,48,78,7.05,4.05,0
P3__OUT1__path_1,P3,OUT1,path_1,47,48,79,7.15,4.05,0
P3__OUT1__path_1,P3,OUT1,path_1,48,48,80,7.25,4.05,0
P3__OUT1__path_1,P3,OUT1,path_1,49,48,81,7.35,4.05,0
P3__OUT1__path_1,P3,OUT1,path_1,50,48,82,7.45,4.05,0
P3__OUT1__path_1,P3,OUT1,path_1,51,47,83,7.55,3.95,0
P3__OUT1__path_1,P3,OUT1,path_1,52,47,84,7.65,3.95,0
P3__OUT1__path_1,P3,OUT1,path_1,53,47,85,7.75,3.95,0
P3__OUT1__path_1,P3,OUT1,path_1,54,46,86,7.85,3.85,0
P3__OUT1__path_1,P3,OUT1,path_1,55,46,87,7.95,3.85,0
P3__OUT1__path_1,P3,OUT1,path_1,56,45,88,8.05,3.75,0
P3__OUT1__path_1,P3,OUT1,path_1,57,45,89,8.15,3.75,0
P3__OUT1__path_1,P3,OUT1,path_1,58,44,90,8.25,3.65,0
P3__OUT1__path_1,P3,OUT1,path_1,59,44,91,8.35,3.65,0
P3__OUT1__path_1,P3,OUT1,path_1,60,43,92,8.45,3.55,0
P3__OUT1__path_1,P3,OUT1,path_1,61,43,93,8.55,3.55,0
P3__OUT1__path_1,P3,OUT1,path_1,62,42,94,8.65,3.45,0
P3__OUT1__path_1,P3,OUT1,path_1,63,42,95,8.75,3.45,0
P3__OUT1__path_1,P3,OUT1,path_1,64,42,96,8.85,3.45,0
P3__OUT1__path_1,P3,OUT1,path_1,65,41,97,8.95,3.35,0
P3__OUT1__path_1,P3,OUT1,path_1,66,41,98,9.05,3.35,0
P3__OUT1__path_1,P3,OUT1,path_1,67,40,99,9.15,3.25,0
P3__OUT1__path_1,P3,OUT1,path_1,68,40,100,9.25,3.25,0
P3__OUT1__path_1,P3,OUT1,path_1,69,39,101,9.35,3.15,0
P3__OUT1__path_1,P3,OUT1,path_1,70,39,102,9.45,3.15,0
P3__OUT1__path_1,P3,OUT1,path_1,71,38,103,9.55,3.05,0
P3__OUT1__path_1,P3,OUT1,path_1,72,38,104,9.65,3.05,0
P3__OUT1__path_1,P3,OUT1,path_1,73,37,105,9.75,2.95,0
P3__OUT1__path_1,P3,OUT1,path_1,74,37,106,9.85,2.95,0
P3__OUT1__path_1,P3,OUT1,path_1,75,37,107,9.95,2.95,0
P3__OUT1__path_1,P3,OUT1,path_1,76,36,108,10.05,2.85,0
P3__OUT1__path_1,P3,OUT1,path_1,77,36,109,10.15,2.85,0
P3__OUT1__path_1,P3,OUT1,path_1,78,35,110,10.25,2.75,0
P3__OUT1__path_1,P3,OUT1,path_1,79,35,111,10.35,2.75,0
P3__OUT1__path_1,P3,OUT1,path_1,80,34,112,10.45,2.65,0
P3__OUT1__path_1,P3,OUT1,path_1,81,34,113,10.55,2.65,0
P3__OUT1__path_1,P3,OUT1,path_1,82,33,114,10.65,2.55,0
P3__OUT1__path_1,P3,OUT1,path_1,83,33,115,10.75,2.55,0
P3__OUT1__path_1,P3,OUT1,path_1,84,32,116,10.85,2.45,0
P3__OUT1__path_1,P3,OUT1,path_1,85,32,117,10.95,2.45,0
P3__OUT1__path_1,P3,OUT1,path_1,86,32,118,11.05,2.45,0
P3__OUT1__path_1,P3,OUT1,path_1,87,31,119,11.15,2.35,0
P3__OUT1__path_1,P3,OUT1,path_1,88,31,120,11.25,2.35,0
P3__OUT1__path_1,P3,OUT1,path_1,89,30,121,11.35,2.25,0
P3__OUT1__path_1,P3,OUT1,path_1,90,30,122,11.45,2.25,0
P3__OUT1__path_1,P3,OUT1,path_1,91,29,123,11.55,2.15,0
P3__OUT1__path_1,P3,OUT1,path_1,92,29,124,11.65,2.15,0
P3__OUT1__path_1,P3,OUT1,path_1,93,28,125,11.75,2.05,0
P3__OUT1__path_1,P3,OUT1,path_1,94,28,126,11.85,2.05,0
P3__OUT1__path_1,P3,OUT1,path_1,95,28,127,11.95,2.05,0
P3__OUT1__path_1,P3,OUT1,path_1,96,27,128,12.05,1.95,0
P3__OUT2__path_1,P3,OUT2,path_1,0,60,43,3.55,5.25,0
P3__OUT2__path_1,P3,OUT2,path_1,1,59,43,3.55,5.15,0
P3__OUT2__path_1,P3,OUT2,path_1,2,58,43,3.55,5.05,0
P3__OUT2__path_1,P3,OUT2,path_1,3,57,43,3.55,4.95,0
P3__OUT2__path_1,P3,OUT2,path_1,4,56,43,3.55,4.85,0
P3__OUT2__path_1,P3,OUT2,path_1,5,55,43,3.55,4.75,0
P3__OUT2__path_1,P3,OUT2,path_1,6,54,43,3.55,4.65,0
P3__OUT2__path_1,P3,OUT2,path_1,7,53,43,3.55,4.55,0
P3__OUT2__path_1,P3,OUT2,path_1,8,52,43,3.55,4.45,0
P3__OUT2__path_1,P3,OUT2,path_1,9,51,43,3.55,4.35,0
P3__OUT2__path_1,P3,OUT2,path_1,10,50,43,3.55,4.25,0
P3__OUT2__path_1,P3,OUT2,path_1,11,49,43,3.55,4.15,0
P3__OUT2__path_1,P3,OUT2,path_1,12,49,44,3.65,4.15,0
P3__OUT2__path_1,P3,OUT2,path_1,13,49,45,3.75,4.15,0
P3__OUT2__path_1,P3,OUT2,path_1,14,49,46,3.85,4.15,0
P3__OUT2__path_1,P3,OUT2,path_1,15,49,47,3.95,4.15,0
P3__OUT2__path_1,P3,OUT2,path_1,16,49,48,4.05,4.15,0
P3__OUT2__path_1,P3,OUT2,path_1,17,49,49,4.15,4.15,0
P3__OUT2__path_1,P3,OUT2,path_1,18,49,50,4.25,4.15,0
P3__OUT2__path_1,P3,OUT2,path_1,19,49,51,4.35,4.15,0
P3__OUT2__path_1,P3,OUT2,path_1,20,49,52,4.45,4.15,0
P3__OUT2__path_1,P3,OUT2,path_1,21,49,53,4.55,4.15,0
P3__OUT2__path_1,P3,OUT2,path_1,22,49,54,4.65,4.15,0
P3__OUT2__path_1,P3,OUT2,path_1,23,49,55,4.75,4.15,0
P3__OUT2__path_1,P3,OUT2,path_1,24,49,56,4.85,4.15,0
P3__OUT2__path_1,P3,OUT2,path_1,25,49,57,4.95,4.15,0
P3__OUT2__path_1,P3,OUT2,path_1,26,49,58,5.05,4.15,0
P3__OUT2__path_1,P3,OUT2,path_1,27,49,59,5.15,4.15,0
P3__OUT2__path_1,P3,OUT2,path_1,28,49,60,5.25,4.15,0
P3__OUT2__path_1,P3,OUT2,path_1,29,49,61,5.35,4.15,0
P3__OUT2__path_1,P3,OUT2,path_1,30,49,62,5.45,4.15,0
P3__OUT2__path_1,P3,OUT2,path_1,31,49,63,5.55,4.15,0
P3__OUT2__path_1,P3,OUT2,path_1,32,49,64,5.65,4.15,0
P3__OUT2__path_1,P3,OUT2,path_1,33,49,65,5.75,4.15,0
P3__OUT2__path_1,P3,OUT2,path_1,34,49,66,5.85,4.15,0
P3__OUT2__path_1,P3,OUT2,path_1,35,49,67,5.95,4.15,0
P3__OUT2__path_1,P3,OUT2,path_1,36,48,68,6.05,4.05,0
P3__OUT2__path_1,P3,OUT2,path_1,37,48,69,6.15,4.05,0
P3__OUT2__path_1,P3,OUT2,path_1,38,48,70,6.25,4.05,0
P3__OUT2__path_1,P3,OUT2,path_1,39,48,71,6.35,4.05,0
P3__OUT2__path_1,P3,OUT2,path_1,40,48,72,6.45,4.05,0
P3__OUT2__path_1,P3,OUT2,path_1,41,48,73,6.55,4.05,0
P3__OUT2__path_1,P3,OUT2,path_1,42,48,74,6.65,4.05,0
P3__OUT2__path_1,P3,OUT2,path_1,43,48,75,6.75,4.05,0
P3__OUT2__path_1,P3,OUT2,path_1,44,48,76,6.85,4.05,0
P3__OUT2__path_1,P3,OUT2,path_1,45,48,77,6.95,4.05,0
P3__OUT2__path_1,P3,OUT2,path_1,46,48,78,7.05,4.05,0
P3__OUT2__path_1,P3,OUT2,path_1,47,48,79,7.15,4.05,0
P3__OUT2__path_1,P3,OUT2,path_1,48,48,80,7.25,4.05,0
P3__OUT2__path_1,P3,OUT2,path_1,49,48,81,7.35,4.05,0
P3__OUT2__path_1,P3,OUT2,path_1,50,48,82,7.45,4.05,0
P3__OUT2__path_1,P3,OUT2,path_1,51,48,83,7.55,4.05,0
P3__OUT2__path_1,P3,OUT2,path_1,52,48,84,7.65,4.05,0
P3__OUT2__path_1,P3,OUT2,path_1,53,48,85,7.75,4.05,0
P3__OUT2__path_1,P3,OUT2,path_1,54,48,86,7.85,4.05,0
P3__OUT2__path_1,P3,OUT2,path_1,55,48,87,7.95,4.05,0
P3__OUT2__path_1,P3,OUT2,path_1,56,48,88,8.05,4.05,0
P3__OUT2__path_1,P3,OUT2,path_1,57,48,89,8.15,4.05,0
P3__OUT2__path_1,P3,OUT2,path_1,58,48,90,8.25,4.05,0
P3__OUT2__path_1,P3,OUT2,path_1,59,48,91,8.35,4.05,0
P3__OUT2__path_1,P3,OUT2,path_1,60,48,92,8.45,4.05,0
P3__OUT2__path_1,P3,OUT2,path_1,61,48,93,8.55,4.05,0
P3__OUT2__path_1,P3,OUT2,path_1,62,48,94,8.65,4.05,0
P3__OUT2__path_1,P3,OUT2,path_1,63,48,95,8.75,4.05,0
P3__OUT2__path_1,P3,OUT2,path_1,64,48,96,8.85,4.05,0
P3__OUT2__path_1,P3,OUT2,path_1,65,48,97,8.95,4.05,0
P3__OUT2__path_1,P3,OUT2,path_1,66,48,98,9.05,4.05,0
P3__OUT2__path_1,P3,OUT2,path_1,67,48,99,9.15,4.05,0
P3__OUT2__path_1,P3,OUT2,path_1,68,48,100,9.25,4.05,0
P3__OUT2__path_1,P3,OUT2,path_1,69,48,101,9.35,4.05,0
P3__OUT2__path_1,P3,OUT2,path_1,70,48,102,9.45,4.05,0
P3__OUT2__path_1,P3,OUT2,path_1,71,48,103,9.55,4.05,0
P3__OUT2__path_1,P3,OUT2,path_1,72,48,104,9.65,4.05,0
P3__OUT2__path_1,P3,OUT2,path_1,73,48,105,9.75,4.05,0
P3__OUT2__path_1,P3,OUT2,path_1,74,48,106,9.85,4.05,0
P3__OUT2__path_1,P3,OUT2,path_1,75,48,107,9.95,4.05,0
P3__OUT2__path_1,P3,OUT2,path_1,76,48,108,10.05,4.05,0
P3__OUT2__path_1,P3,OUT2,path_1,77,48,109,10.15,4.05,0
P3__OUT2__path_1,P3,OUT2,path_1,78,48,110,10.25,4.05,0
P3__OUT2__path_1,P3,OUT2,path_1,79,48,111,10.35,4.05,0
P3__OUT2__path_1,P3,OUT2,path_1,80,48,112,10.45,4.05,0
P3__OUT2__path_1,P3,OUT2,path_1,81,48,113,10.55,4.05,0
P3__OUT2__path_1,P3,OUT2,path_1,82,48,114,10.65,4.05,0
P3__OUT2__path_1,P3,OUT2,path_1,83,48,115,10.75,4.05,0
P3__OUT2__path_1,P3,OUT2,path_1,84,48,116,10.85,4.05,0
P3__OUT2__path_1,P3,OUT2,path_1,85,48,117,10.95,4.05,0
P3__OUT2__path_1,P3,OUT2,path_1,86,48,118,11.05,4.05,0
P3__OUT2__path_1,P3,OUT2,path_1,87,48,119,11.15,4.05,0
P3__OUT2__path_1,P3,OUT2,path_1,88,48,120,11.25,4.05,0
P3__OUT2__path_1,P3,OUT2,path_1,89,48,121,11.35,4.05,0
P3__OUT2__path_1,P3,OUT2,path_1,90,48,122,11.45,4.05,0
P3__OUT2__path_1,P3,OUT2,path_1,91,48,123,11.55,4.05,0
P3__OUT2__path_1,P3,OUT2,path_1,92,48,124,11.65,4.05,0
P3__OUT2__path_1,P3,OUT2,path_1,93,48,125,11.75,4.05,0
P3__OUT2__path_1,P3,OUT2,path_1,94,48,126,11.85,4.05,0
P3__OUT2__path_1,P3,OUT2,path_1,95,48,127,11.95,4.05,0
P3__OUT2__path_1,P3,OUT2,path_1,96,47,128,12.05,3.95,0
P3__CHG1__path_1,P3,CHG1,path_1,0,60,43,3.55,5.25,0
P3__CHG1__path_1,P3,CHG1,path_1,1,59,42,3.45,5.15,0
P3__CHG1__path_1,P3,CHG1,path_1,2,58,41,3.35,5.05,0
P3__CHG1__path_1,P3,CHG1,path_1,3,57,40,3.25,4.95,0
P3__CHG1__path_1,P3,CHG1,path_1,4,56,40,3.25,4.85,0
P3__CHG1__path_1,P3,CHG1,path_1,5,55,40,3.25,4.75,0
P3__CHG1__path_1,P3,CHG1,path_1,6,54,40,3.25,4.65,0
P3__CHG1__path_1,P3,CHG1,path_1,7,53,40,3.25,4.55,0
P3__CHG1__path_1,P3,CHG1,path_1,8,52,40,3.25,4.45,0
P3__CHG1__path_1,P3,CHG1,path_1,9,51,40,3.25,4.35,0
P3__CHG1__path_1,P3,CHG1,path_1,10,50,39,3.15,4.25,0
P3__CHG1__path_1,P3,CHG1,path_1,11,49,38,3.05,4.15,0
P3__CHG1__path_1,P3,CHG1,path_1,12,48,37,2.95,4.05,0
P3__CHG1__path_1,P3,CHG1,path_1,13,47,36,2.85,3.95,0
P3__CHG1__path_1,P3,CHG1,path_1,14,46,35,2.75,3.85,0
P3__CHG1__path_1,P3,CHG1,path_1,15,45,35,2.75,3.75,0
P3__CHG1__path_1,P3,CHG1,path_1,16,44,34,2.65,3.65,0
P3__CHG1__path_1,P3,CHG1,path_1,17,43,34,2.65,3.55,0
P3__CHG1__path_1,P3,CHG1,path_1,18,42,33,2.55,3.45,0
P3__CHG1__path_1,P3,CHG1,path_1,19,41,33,2.55,3.35,0
P3__CHG1__path_1,P3,CHG1,path_1,20,40,32,2.45,3.25,0
P3__CHG1__path_1,P3,CHG1,path_1,21,39,31,2.35,3.15,0
P3__CHG1__path_1,P3,CHG1,path_1,22,38,30,2.25,3.05,0
P3__CHG1__path_1,P3,CHG1,path_1,23,37,29,2.15,2.95,0
P3__CHG1__path_1,P3,CHG1,path_1,24,36,28,2.05,2.85,0
P3__CHG1__path_1,P3,CHG1,path_1,25,35,27,1.95,2.75,0
P3__CHG1__path_1,P3,CHG1,path_1,26,34,26,1.85,2.65,0
P3__CHG1__path_1,P3,CHG1,path_1,27,33,25,1.75,2.55,0
P3__CHG1__path_1,P3,CHG1,path_1,28,32,24,1.65,2.45,0
P3__CHG1__path_1,P3,CHG1,path_1,29,31,23,1.55,2.35,0
P3__CHG1__path_1,P3,CHG1,path_1,30,30,22,1.45,2.25,0
P3__CHG1__path_1,P3,CHG1,path_1,31,29,21,1.35,2.15,0
P3__CHG1__path_1,P3,CHG1,path_1,32,28,21,1.35,2.05,0
P3__CHG1__path_1,P3,CHG1,path_1,33,27,21,1.35,1.95,0
P3__CHG1__path_1,P3,CHG1,path_1,34,26,21,1.35,1.85,0
P3__CHG1__path_1,P3,CHG1,path_1,35,25,21,1.35,1.75,0
P3__CHG1__path_1,P3,CHG1,path_1,36,24,21,1.35,1.65,0
P3__CHG1__path_1,P3,CHG1,path_1,37,23,21,1.35,1.55,0
P3__CHG1__path_1,P3,CHG1,path_1,38,22,21,1.35,1.45,0
P3__CHG1__path_1,P3,CHG1,path_1,39,21,21,1.35,1.35,0
P3__CHG1__path_1,P3,CHG1,path_1,40,20,21,1.35,1.25,0
P3__CHG1__path_1,P3,CHG1,path_1,41,19,21,1.35,1.15,0
P3__CHG1__path_1,P3,CHG1,path_1,42,18,21,1.35,1.05,0
P3__CHG1__path_1,P3,CHG1,path_1,43,17,21,1.35,0.95,0
P3__CHG1__path_1,P3,CHG1,path_1,44,16,21,1.35,0.85,0
P3__CHG1__path_1,P3,CHG1,path_1,45,15,21,1.35,0.75,0
P3__CHG1__path_1,P3,CHG1,path_1,46,14,21,1.35,0.65,0
P3__CHG1__path_1,P3,CHG1,path_1,47,13,20,1.25,0.55,0
P3__CHG1__path_1,P3,CHG1,path_1,48,12,20,1.25,0.45,0
P3__CHG1__path_1,P3,CHG1,path_1,49,11,19,1.15,0.35,0
P3__CHG1__path_1,P3,CHG1,path_1,50,10,19,1.15,0.25,0
P3__CHG1__path_1,P3,CHG1,path_1,51,9,19,1.15,0.15,0
P3__CHG1__path_1,P3,CHG1,path_1,52,8,18,1.05,0.05,0
P3__CHG2__path_1,P3,CHG2,path_1,0,60,43,3.55,5.25,0
P3__CHG2__path_1,P3,CHG2,path_1,1,59,43,3.55,5.15,0
P3__CHG2__path_1,P3,CHG2,path_1,2,58,43,3.55,5.05,0
P3__CHG2__path_1,P3,CHG2,path_1,3,57,43,3.55,4.95,0
P3__CHG2__path_1,P3,CHG2,path_1,4,56,43,3.55,4.85,0
P3__CHG2__path_1,P3,CHG2,path_1,5,55,43,3.55,4.75,0
P3__CHG2__path_1,P3,CHG2,path_1,6,54,43,3.55,4.65,0
P3__CHG2__path_1,P3,CHG2,path_1,7,53,43,3.55,4.55,0
P3__CHG2__path_1,P3,CHG2,path_1,8,52,43,3.55,4.45,0
P3__CHG2__path_1,P3,CHG2,path_1,9,51,43,3.55,4.35,0
P3__CHG2__path_1,P3,CHG2,path_1,10,50,43,3.55,4.25,0
P3__CHG2__path_1,P3,CHG2,path_1,11,49,43,3.55,4.15,0
P3__CHG2__path_1,P3,CHG2,path_1,12,48,44,3.65,4.05,0
P3__CHG2__path_1,P3,CHG2,path_1,13,47,45,3.75,3.95,0
P3__CHG2__path_1,P3,CHG2,path_1,14,46,46,3.85,3.85,0
P3__CHG2__path_1,P3,CHG2,path_1,15,45,47,3.95,3.75,0
P3__CHG2__path_1,P3,CHG2,path_1,16,44,48,4.05,3.65,0
P3__CHG2__path_1,P3,CHG2,path_1,17,43,49,4.15,3.55,0
P3__CHG2__path_1,P3,CHG2,path_1,18,42,50,4.25,3.45,0
P3__CHG2__path_1,P3,CHG2,path_1,19,41,51,4.35,3.35,0
P3__CHG2__path_1,P3,CHG2,path_1,20,40,52,4.45,3.25,0
P3__CHG2__path_1,P3,CHG2,path_1,21,39,53,4.55,3.15,0
P3__CHG2__path_1,P3,CHG2,path_1,22,38,54,4.65,3.05,0
P3__CHG2__path_1,P3,CHG2,path_1,23,37,55,4.75,2.95,0
P3__CHG2__path_1,P3,CHG2,path_1,24,36,55,4.75,2.85,0
P3__CHG2__path_1,P3,CHG2,path_1,25,35,55,4.75,2.75,0
P3__CHG2__path_1,P3,CHG2,path_1,26,34,55,4.75,2.65,0
P3__CHG2__path_1,P3,CHG2,path_1,27,33,56,4.85,2.55,0
P3__CHG2__path_1,P3,CHG2,path_1,28,32,57,4.95,2.45,0
P3__CHG2__path_1,P3,CHG2,path_1,29,31,57,4.95,2.35,0
P3__CHG2__path_1,P3,CHG2,path_1,30,30,57,4.95,2.25,0
P3__CHG2__path_1,P3,CHG2,path_1,31,29,57,4.95,2.15,0
P3__CHG2__path_1,P3,CHG2,path_1,32,28,57,4.95,2.05,0
P3__CHG2__path_1,P3,CHG2,path_1,33,27,57,4.95,1.95,0
P3__CHG2__path_1,P3,CHG2,path_1,34,26,57,4.95,1.85,0
P3__CHG2__path_1,P3,CHG2,path_1,35,25,57,4.95,1.75,0
P3__CHG2__path_1,P3,CHG2,path_1,36,24,57,4.95,1.65,0
P3__CHG2__path_1,P3,CHG2,path_1,37,23,57,4.95,1.55,0
P3__CHG2__path_1,P3,CHG2,path_1,38,22,57,4.95,1.45,0
P3__CHG2__path_1,P3,CHG2,path_1,39,21,57,4.95,1.35,0
P3__CHG2__path_1,P3,CHG2,path_1,40,20,57,4.95,1.25,0
P3__CHG2__path_1,P3,CHG2,path_1,41,19,57,4.95,1.15,0
P3__CHG2__path_1,P3,CHG2,path_1,42,18,57,4.95,1.05,0
P3__CHG2__path_1,P3,CHG2,path_1,43,17,57,4.95,0.95,0
P3__CHG2__path_1,P3,CHG2,path_1,44,16,57,4.95,0.85,0
P3__CHG2__path_1,P3,CHG2,path_1,45,15,57,4.95,0.75,0
P3__CHG2__path_1,P3,CHG2,path_1,46,14,57,4.95,0.65,0
P3__CHG2__path_1,P3,CHG2,path_1,47,13,57,4.95,0.55,0
P3__CHG2__path_1,P3,CHG2,path_1,48,12,57,4.95,0.45,0
P3__CHG2__path_1,P3,CHG2,path_1,49,11,57,4.95,0.35,0
P3__CHG2__path_1,P3,CHG2,path_1,50,11,58,5.05,0.35,0
P3__CHG2__path_1,P3,CHG2,path_1,51,11,59,5.15,0.35,0
P3__CHG2__path_1,P3,CHG2,path_1,52,11,60,5.25,0.35,0
P3__CHG2__path_1,P3,CHG2,path_1,53,11,61,5.35,0.35,0
P3__CHG2__path_1,P3,CHG2,path_1,54,11,62,5.45,0.35,0
P3__CHG2__path_1,P3,CHG2,path_1,55,11,63,5.55,0.35,0
P3__CHG2__path_1,P3,CHG2,path_1,56,11,64,5.65,0.35,0
P3__CHG2__path_1,P3,CHG2,path_1,57,11,65,5.75,0.35,0
P3__CHG2__path_1,P3,CHG2,path_1,58,11,66,5.85,0.35,0
P3__CHG2__path_1,P3,CHG2,path_1,59,11,67,5.95,0.35,0
P3__CHG2__path_1,P3,CHG2,path_1,60,11,68,6.05,0.35,0
P3__CHG2__path_1,P3,CHG2,path_1,61,11,69,6.15,0.35,0
P3__CHG2__path_1,P3,CHG2,path_1,62,11,70,6.25,0.35,0
P3__CHG2__path_1,P3,CHG2,path_1,63,11,71,6.35,0.35,0
P3__CHG2__path_1,P3,CHG2,path_1,64,11,72,6.45,0.35,0
P3__CHG2__path_1,P3,CHG2,path_1,65,11,73,6.55,0.35,0
P3__CHG2__path_1,P3,CHG2,path_1,66,11,74,6.65,0.35,0
P3__CHG2__path_1,P3,CHG2,path_1,67,11,75,6.75,0.35,0
P3__CHG2__path_1,P3,CHG2,path_1,68,11,76,6.85,0.35,0
P3__CHG2__path_1,P3,CHG2,path_1,69,11,77,6.95,0.35,0
P3__CHG2__path_1,P3,CHG2,path_1,70,11,78,7.05,0.35,0
P3__CHG2__path_1,P3,CHG2,path_1,71,11,79,7.15,0.35,0
P3__CHG2__path_1,P3,CHG2,path_1,72,11,80,7.25,0.35,0
P3__CHG2__path_1,P3,CHG2,path_1,73,11,81,7.35,0.35,0
P3__CHG2__path_1,P3,CHG2,path_1,74,11,82,7.45,0.35,0
P3__CHG2__path_1,P3,CHG2,path_1,75,11,83,7.55,0.35,0
P3__CHG2__path_1,P3,CHG2,path_1,76,11,84,7.65,0.35,0
P3__CHG2__path_1,P3,CHG2,path_1,77,11,85,7.75,0.35,0
P3__CHG2__path_1,P3,CHG2,path_1,78,11,86,7.85,0.35,0
P3__CHG2__path_1,P3,CHG2,path_1,79,11,87,7.95,0.35,0
P3__CHG2__path_1,P3,CHG2,path_1,80,11,88,8.05,0.35,0
P3__CHG2__path_1,P3,CHG2,path_1,81,11,89,8.15,0.35,0
P3__CHG2__path_1,P3,CHG2,path_1,82,11,90,8.25,0.35,0
P3__CHG2__path_1,P3,CHG2,path_1,83,11,91,8.35,0.35,0
P3__CHG2__path_1,P3,CHG2,path_1,84,11,92,8.45,0.35,0
P3__CHG2__path_1,P3,CHG2,path_1,85,10,93,8.55,0.25,0
P3__CHG2__path_1,P3,CHG2,path_1,86,10,94,8.65,0.25,0
P3__CHG2__path_1,P3,CHG2,path_1,87,9,95,8.75,0.15,0
P3__CHG2__path_1,P3,CHG2,path_1,88,9,96,8.85,0.15,0
P3__CHG2__path_1,P3,CHG2,path_1,89,9,97,8.95,0.15,0
P3__CHG2__path_1,P3,CHG2,path_1,90,8,98,9.05,0.05,0
P4__IN1__path_1,P4,IN1,path_1,0,21,57,4.95,1.35,0
P4__IN1__path_1,P4,IN1,path_1,1,20,56,4.85,1.25,0
P4__IN1__path_1,P4,IN1,path_1,2,19,55,4.75,1.15,0
P4__IN1__path_1,P4,IN1,path_1,3,18,54,4.65,1.05,0
P4__IN1__path_1,P4,IN1,path_1,4,17,54,4.65,0.95,0
P4__IN1__path_1,P4,IN1,path_1,5,16,54,4.65,0.85,0
P4__IN1__path_1,P4,IN1,path_1,6,15,54,4.65,0.75,0
P4__IN1__path_1,P4,IN1,path_1,7,14,54,4.65,0.65,0
P4__IN1__path_1,P4,IN1,path_1,8,13,54,4.65,0.55,0
P4__IN1__path_1,P4,IN1,path_1,9,12,54,4.65,0.45,0
P4__IN1__path_1,P4,IN1,path_1,10,11,53,4.55,0.35,0
P4__IN1__path_1,P4,IN1,path_1,11,10,53,4.55,0.25,0
P4__IN1__path_1,P4,IN1,path_1,12,10,52,4.45,0.25,0
P4__IN1__path_1,P4,IN1,path_1,13,10,51,4.35,0.25,0
P4__IN1__path_1,P4,IN1,path_1,14,10,50,4.25,0.25,0
P4__IN1__path_1,P4,IN1,path_1,15,10,49,4.15,0.25,0
P4__IN1__path_1,P4,IN1,path_1,16,10,48,4.05,0.25,0
P4__IN1__path_1,P4,IN1,path_1,17,10,47,3.95,0.25,0
P4__IN1__path_1,P4,IN1,path_1,18,10,46,3.85,0.25,0
P4__IN1__path_1,P4,IN1,path_1,19,10,45,3.75,0.25,0
P4__IN1__path_1,P4,IN1,path_1,20,10,44,3.65,0.25,0
P4__IN1__path_1,P4,IN1,path_1,21,10,43,3.55,0.25,0
P4__IN1__path_1,P4,IN1,path_1,22,10,42,3.45,0.25,0
P4__IN1__path_1,P4,IN1,path_1,23,10,41,3.35,0.25,0
P4__IN1__path_1,P4,IN1,path_1,24,10,40,3.25,0.25,0
P4__IN1__path_1,P4,IN1,path_1,25,10,39,3.15,0.25,0
P4__IN1__path_1,P4,IN1,path_1,26,10,38,3.05,0.25,0
P4__IN1__path_1,P4,IN1,path_1,27,10,37,2.95,0.25,0
P4__IN1__path_1,P4,IN1,path_1,28,10,36,2.85,0.25,0
P4__IN1__path_1,P4,IN1,path_1,29,10,35,2.75,0.25,0
P4__IN1__path_1,P4,IN1,path_1,30,10,34,2.65,0.25,0
P4__IN1__path_1,P4,IN1,path_1,31,11,33,2.55,0.35,0
P4__IN1__path_1,P4,IN1,path_1,32,12,32,2.45,0.45,0
P4__IN1__path_1,P4,IN1,path_1,33,13,31,2.35,0.55,0
P4__IN1__path_1,P4,IN1,path_1,34,14,30,2.25,0.65,0
P4__IN1__path_1,P4,IN1,path_1,35,15,29,2.15,0.75,0
P4__IN1__path_1,P4,IN1,path_1,36,16,28,2.05,0.85,0
P4__IN1__path_1,P4,IN1,path_1,37,16,27,1.95,0.85,0
P4__IN1__path_1,P4,IN1,path_1,38,16,26,1.85,0.85,0
P4__IN1__path_1,P4,IN1,path_1,39,16,25,1.75,0.85,0
P4__IN1__path_1,P4,IN1,path_1,40,16,24,1.65,0.85,0
P4__IN1__path_1,P4,IN1,path_1,41,16,23,1.55,0.85,0
P4__IN1__path_1,P4,IN1,path_1,42,16,22,1.45,0.85,0
P4__IN1__path_1,P4,IN1,path_1,43,16,21,1.35,0.85,0
P4__IN1__path_1,P4,IN1,path_1,44,16,20,1.25,0.85,0
P4__IN1__path_1,P4,IN1,path_1,45,16,19,1.15,0.85,0
P4__IN1__path_1,P4,IN1,path_1,46,16,18,1.05,0.85,0
P4__IN1__path_1,P4,IN1,path_1,47,16,17,0.95,0.85,0
P4__IN1__path_1,P4,IN1,path_1,48,16,16,0.85,0.85,0
P4__IN1__path_1,P4,IN1,path_1,49,16,15,0.75,0.85,0
P4__IN1__path_1,P4,IN1,path_1,50,16,14,0.65,0.85,0
P4__IN1__path_1,P4,IN1,path_1,51,16,13,0.55,0.85,0
P4__IN1__path_1,P4,IN1,path_1,52,16,12,0.45,0.85,0
P4__IN1__path_1,P4,IN1,path_1,53,17,11,0.35,0.95,0
P4__IN1__path_1,P4,IN1,path_1,54,17,10,0.25,0.95,0
P4__IN1__path_1,P4,IN1,path_1,55,17,9,0.15,0.95,0
P4__IN1__path_1,P4,IN1,path_1,56,18,8,0.05,1.05,0
P4__IN2__path_1,P4,IN2,path_1,0,21,57,4.95,1.35,0
P4__IN2__path_1,P4,IN2,path_1,1,22,57,4.95,1.45,0
P4__IN2__path_1,P4,IN2,path_1,2,23,57,4.95,1.55,0
P4__IN2__path_1,P4,IN2,path_1,3,24,57,4.95,1.65,0
P4__IN2__path_1,P4,IN2,path_1,4,25,57,4.95,1.75,0
P4__IN2__path_1,P4,IN2,path_1,5,26,57,4.95,1.85,0
P4__IN2__path_1,P4,IN2,path_1,6,27,57,4.95,1.95,0
P4__IN2__path_1,P4,IN2,path_1,7,28,57,4.95,2.05,0
P4__IN2__path_1,P4,IN2,path_1,8,29,57,4.95,2.15,0
P4__IN2__path_1,P4,IN2,path_1,9,30,57,4.95,2.25,0
P4__IN2__path_1,P4,IN2,path_1,10,31,57,4.95,2.35,0
P4__IN2__path_1,P4,IN2,path_1,11,32,57,4.95,2.45,0
P4__IN2__path_1,P4,IN2,path_1,12,33,56,4.85,2.55,0
P4__IN2__path_1,P4,IN2,path_1,13,34,55,4.75,2.65,0
P4__IN2__path_1,P4,IN2,path_1,14,35,54,4.65,2.75,0
P4__IN2__path_1,P4,IN2,path_1,15,36,53,4.55,2.85,0
P4__IN2__path_1,P4,IN2,path_1,16,37,53,4.55,2.95,0
P4__IN2__path_1,P4,IN2,path_1,17,38,53,4.55,3.05,0
P4__IN2__path_1,P4,IN2,path_1,18,39,53,4.55,3.15,0
P4__IN2__path_1,P4,IN2,path_1,19,39,52,4.45,3.15,0
P4__IN2__path_1,P4,IN2,path_1,20,39,51,4.35,3.15,0
P4__IN2__path_1,P4,IN2,path_1,21,39,50,4.25,3.15,0
P4__IN2__path_1,P4,IN2,path_1,22,39,49,4.15,3.15,0
P4__IN2__path_1,P4,IN2,path_1,23,39,48,4.05,3.15,0
P4__IN2__path_1,P4,IN2,path_1,24,40,47,3.95,3.25,0
P4__IN2__path_1,P4,IN2,path_1,25,41,46,3.85,3.35,0
P4__IN2__path_1,P4,IN2,path_1,26,42,45,3.75,3.45,0
P4__IN2__path_1,P4,IN2,path_1,27,43,44,3.65,3.55,0
P4__IN2__path_1,P4,IN2,path_1,28,44,43,3.55,3.65,0
P4__IN2__path_1,P4,IN2,path_1,29,45,42,3.45,3.75,0
P4__IN2__path_1,P4,IN2,path_1,30,46,41,3.35,3.85,0
P4__IN2__path_1,P4,IN2,path_1,31,47,40,3.25,3.95,0
P4__IN2__path_1,P4,IN2,path_1,32,48,39,3.15,4.05,0
P4__IN2__path_1,P4,IN2,path_1,33,49,38,3.05,4.15,0
P4__IN2__path_1,P4,IN2,path_1,34,50,37,2.95,4.25,0
P4__IN2__path_1,P4,IN2,path_1,35,50,36,2.85,4.25,0
P4__IN2__path_1,P4,IN2,path_1,36,50,35,2.75,4.25,0
P4__IN2__path_1,P4,IN2,path_1,37,50,34,2.65,4.25,0
P4__IN2__path_1,P4,IN2,path_1,38,50,33,2.55,4.25,0
P4__IN2__path_1,P4,IN2,path_1,39,50,32,2.45,4.25,0
P4__IN2__path_1,P4,IN2,path_1,40,50,31,2.35,4.25,0
P4__IN2__path_1,P4,IN2,path_1,41,50,30,2.25,4.25,0
P4__IN2__path_1,P4,IN2,path_1,42,50,29,2.15,4.25,0
P4__IN2__path_1,P4,IN2,path_1,43,50,28,2.05,4.25,0
P4__IN2__path_1,P4,IN2,path_1,44,50,27,1.95,4.25,0
P4__IN2__path_1,P4,IN2,path_1,45,50,26,1.85,4.25,0
P4__IN2__path_1,P4,IN2,path_1,46,50,25,1.75,4.25,0
P4__IN2__path_1,P4,IN2,path_1,47,50,24,1.65,4.25,0
P4__IN2__path_1,P4,IN2,path_1,48,50,23,1.55,4.25,0
P4__IN2__path_1,P4,IN2,path_1,49,51,22,1.45,4.35,0
P4__IN2__path_1,P4,IN2,path_1,50,51,21,1.35,4.35,0
P4__IN2__path_1,P4,IN2,path_1,51,52,20,1.25,4.45,0
P4__IN2__path_1,P4,IN2,path_1,52,52,19,1.15,4.45,0
P4__IN2__path_1,P4,IN2,path_1,53,52,18,1.05,4.45,0
P4__IN2__path_1,P4,IN2,path_1,54,53,17,0.95,4.55,0
P4__IN2__path_1,P4,IN2,path_1,55,53,16,0.85,4.55,0
P4__IN2__path_1,P4,IN2,path_1,56,54,15,0.75,4.65,0
P4__IN2__path_1,P4,IN2,path_1,57,54,14,0.65,4.65,0
P4__IN2__path_1,P4,IN2,path_1,58,55,13,0.55,4.75,0
P4__IN2__path_1,P4,IN2,path_1,59,55,12,0.45,4.75,0
P4__IN2__path_1,P4,IN2,path_1,60,56,11,0.35,4.85,0
P4__IN2__path_1,P4,IN2,path_1,61,56,10,0.25,4.85,0
P4__IN2__path_1,P4,IN2,path_1,62,56,9,0.15,4.85,0
P4__IN2__path_1,P4,IN2,path_1,63,57,8,0.05,4.95,0
P4__P1__path_1,P4,P1,path_1,0,21,57,4.95,1.35,0
P4__P1__path_1,P4,P1,path_1,1,20,56,4.85,1.25,0
P4__P1__path_1,P4,P1,path_1,2,19,55,4.75,1.15,0
P4__P1__path_1,P4,P1,path_1,3,18,54,4.65,1.05,0
P4__P1__path_1,P4,P1,path_1,4,17,54,4.65,0.95,0
P4__P1__path_1,P4,P1,path_1,5,16,54,4.65,0.85,0
P4__P1__path_1,P4,P1,path_1,6,15,54,4.65,0.75,0
P4__P1__path_1,P4,P1,path_1,7,14,54,4.65,0.65,0
P4__P1__path_1,P4,P1,path_1,8,13,54,4.65,0.55,0
P4__P1__path_1,P4,P1,path_1,9,12,54,4.65,0.45,0
P4__P1__path_1,P4,P1,path_1,10,11,53,4.55,0.35,0
P4__P1__path_1,P4,P1,path_1,11,10,53,4.55,0.25,0
P4__P1__path_1,P4,P1,path_1,12,10,52,4.45,0.25,0
P4__P1__path_1,P4,P1,path_1,13,10,51,4.35,0.25,0
P4__P1__path_1,P4,P1,path_1,14,10,50,4.25,0.25,0
P4__P1__path_1,P4,P1,path_1,15,10,49,4.15,0.25,0
P4__P1__path_1,P4,P1,path_1,16,10,48,4.05,0.25,0
P4__P1__path_1,P4,P1,path_1,17,10,47,3.95,0.25,0
P4__P1__path_1,P4,P1,path_1,18,10,46,3.85,0.25,0
P4__P1__path_1,P4,P1,path_1,19,10,45,3.75,0.25,0
P4__P1__path_1,P4,P1,path_1,20,10,44,3.65,0.25,0
P4__P1__path_1,P4,P1,path_1,21,10,43,3.55,0.25,0
P4__P1__path_1,P4,P1,path_1,22,10,42,3.45,0.25,0
P4__P1__path_1,P4,P1,path_1,23,10,41,3.35,0.25,0
P4__P1__path_1,P4,P1,path_1,24,10,40,3.25,0.25,0
P4__P1__path_1,P4,P1,path_1,25,10,39,3.15,0.25,0
P4__P1__path_1,P4,P1,path_1,26,10,38,3.05,0.25,0
P4__P1__path_1,P4,P1,path_1,27,11,38,3.05,0.35,0
P4__P1__path_1,P4,P1,path_1,28,12,38,3.05,0.45,0
P4__P1__path_1,P4,P1,path_1,29,13,38,3.05,0.55,0
P4__P1__path_1,P4,P1,path_1,30,14,38,3.05,0.65,0
P4__P1__path_1,P4,P1,path_1,31,15,38,3.05,0.75,0
P4__P1__path_1,P4,P1,path_1,32,16,38,3.05,0.85,0
P4__P1__path_1,P4,P1,path_1,33,17,37,2.95,0.95,0
P4__P2__path_1,P4,P2,path_1,0,21,57,4.95,1.35,0
P4__P2__path_1,P4,P2,path_1,1,22,56,4.85,1.45,0
P4__P2__path_1,P4,P2,path_1,2,23,55,4.75,1.55,0
P4__P2__path_1,P4,P2,path_1,3,24,54,4.65,1.65,0
P4__P2__path_1,P4,P2,path_1,4,25,54,4.65,1.75,0
P4__P2__path_1,P4,P2,path_1,5,26,54,4.65,1.85,0
P4__P2__path_1,P4,P2,path_1,6,27,54,4.65,1.95,0
P4__P2__path_1,P4,P2,path_1,7,28,54,4.65,2.05,0
P4__P2__path_1,P4,P2,path_1,8,29,54,4.65,2.15,0
P4__P2__path_1,P4,P2,path_1,9,30,54,4.65,2.25,0
P4__P2__path_1,P4,P2,path_1,10,31,53,4.55,2.35,0
P4__P3__path_1,P4,P3,path_1,0,21,57,4.95,1.35,0
P4__P3__path_1,P4,P3,path_1,1,22,57,4.95,1.45,0
P4__P3__path_1,P4,P3,path_1,2,23,57,4.95,1.55,0
P4__P3__path_1,P4,P3,path_1,3,24,57,4.95,1.65,0
P4__P3__path_1,P4,P3,path_1,4,25,57,4.95,1.75,0
P4__P3__path_1,P4,P3,path_1,5,26,57,4.95,1.85,0
P4__P3__path_1,P4,P3,path_1,6,27,57,4.95,1.95,0
P4__P3__path_1,P4,P3,path_1,7,28,57,4.95,2.05,0
P4__P3__path_1,P4,P3,path_1,8,29,57,4.95,2.15,0
P4__P3__path_1,P4,P3,path_1,9,30,57,4.95,2.25,0
P4__P3__path_1,P4,P3,path_1,10,31,57,4.95,2.35,0
P4__P3__path_1,P4,P3,path_1,11,32,57,4.95,2.45,0
P4__P3__path_1,P4,P3,path_1,12,33,56,4.85,2.55,0
P4__P3__path_1,P4,P3,path_1,13,34,55,4.75,2.65,0
P4__P3__path_1,P4,P3,path_1,14,35,54,4.65,2.75,0
P4__P3__path_1,P4,P3,path_1,15,36,54,4.65,2.85,0
P4__P3__path_1,P4,P3,path_1,16,37,53,4.55,2.95,0
P4__P3__path_1,P4,P3,path_1,17,38,53,4.55,3.05,0
P4__P3__path_1,P4,P3,path_1,18,39,53,4.55,3.15,0
P4__P3__path_1,P4,P3,path_1,19,40,52,4.45,3.25,0
P4__P3__path_1,P4,P3,path_1,20,41,51,4.35,3.35,0
P4__P3__path_1,P4,P3,path_1,21,42,50,4.25,3.45,0
P4__P3__path_1,P4,P3,path_1,22,43,49,4.15,3.55,0
P4__P3__path_1,P4,P3,path_1,23,44,48,4.05,3.65,0
P4__P3__path_1,P4,P3,path_1,24,45,47,3.95,3.75,0
P4__P3__path_1,P4,P3,path_1,25,46,46,3.85,3.85,0
P4__P3__path_1,P4,P3,path_1,26,47,45,3.75,3.95,0
P4__P3__path_1,P4,P3,path_1,27,48,44,3.65,4.05,0
P4__P3__path_1,P4,P3,path_1,28,49,43,3.55,4.15,0
P4__P3__path_1,P4,P3,path_1,29,50,43,3.55,4.25,0
P4__P3__path_1,P4,P3,path_1,30,51,43,3.55,4.35,0
P4__P3__path_1,P4,P3,path_1,31,52,43,3.55,4.45,0
P4__P3__path_1,P4,P3,path_1,32,53,43,3.55,4.55,0
P4__P3__path_1,P4,P3,path_1,33,54,43,3.55,4.65,0
P4__P3__path_1,P4,P3,path_1,34,55,43,3.55,4.75,0
P4__P3__path_1,P4,P3,path_1,35,56,43,3.55,4.85,0
P4__P3__path_1,P4,P3,path_1,36,57,43,3.55,4.95,0
P4__P3__path_1,P4,P3,path_1,37,58,43,3.55,5.05,0
P4__P3__path_1,P4,P3,path_1,38,59,43,3.55,5.15,0
P4__P3__path_1,P4,P3,path_1,39,60,43,3.55,5.25,0
P4__P5__path_1,P4,P5,path_1,0,21,57,4.95,1.35,0
P4__P5__path_1,P4,P5,path_1,1,22,57,4.95,1.45,0
P4__P5__path_1,P4,P5,path_1,2,23,57,4.95,1.55,0
P4__P5__path_1,P4,P5,path_1,3,24,57,4.95,1.65,0
P4__P5__path_1,P4,P5,path_1,4,25,57,4.95,1.75,0
P4__P5__path_1,P4,P5,path_1,5,26,57,4.95,1.85,0
P4__P5__path_1,P4,P5,path_1,6,27,57,4.95,1.95,0
P4__P5__path_1,P4,P5,path_1,7,28,57,4.95,2.05,0
P4__P5__path_1,P4,P5,path_1,8,29,57,4.95,2.15,0
P4__P5__path_1,P4,P5,path_1,9,30,57,4.95,2.25,0
P4__P5__path_1,P4,P5,path_1,10,31,57,4.95,2.35,0
P4__P5__path_1,P4,P5,path_1,11,32,57,4.95,2.45,0
P4__P5__path_1,P4,P5,path_1,12,33,56,4.85,2.55,0
P4__P5__path_1,P4,P5,path_1,13,34,55,4.75,2.65,0
P4__P5__path_1,P4,P5,path_1,14,35,55,4.75,2.75,0
P4__P5__path_1,P4,P5,path_1,15,36,55,4.75,2.85,0
P4__P5__path_1,P4,P5,path_1,16,37,55,4.75,2.95,0
P4__P5__path_1,P4,P5,path_1,17,38,55,4.75,3.05,0
P4__P5__path_1,P4,P5,path_1,18,39,55,4.75,3.15,0
P4__P5__path_1,P4,P5,path_1,19,40,55,4.75,3.25,0
P4__P5__path_1,P4,P5,path_1,20,41,55,4.75,3.35,0
P4__P5__path_1,P4,P5,path_1,21,42,55,4.75,3.45,0
P4__P5__path_1,P4,P5,path_1,22,43,55,4.75,3.55,0
P4__P5__path_1,P4,P5,path_1,23,44,55,4.75,3.65,0
P4__P5__path_1,P4,P5,path_1,24,45,55,4.75,3.75,0
P4__P5__path_1,P4,P5,path_1,25,46,55,4.75,3.85,0
P4__P5__path_1,P4,P5,path_1,26,47,55,4.75,3.95,0
P4__P5__path_1,P4,P5,path_1,27,48,55,4.75,4.05,0
P4__P5__path_1,P4,P5,path_1,28,48,56,4.85,4.05,0
P4__P5__path_1,P4,P5,path_1,29,48,57,4.95,4.05,0
P4__P5__path_1,P4,P5,path_1,30,48,58,5.05,4.05,0
P4__P5__path_1,P4,P5,path_1,31,48,59,5.15,4.05,0
P4__P5__path_1,P4,P5,path_1,32,48,60,5.25,4.05,0
P4__P5__path_1,P4,P5,path_1,33,48,61,5.35,4.05,0
P4__P5__path_1,P4,P5,path_1,34,48,62,5.45,4.05,0
P4__P5__path_1,P4,P5,path_1,35,48,63,5.55,4.05,0
P4__P5__path_1,P4,P5,path_1,36,48,64,5.65,4.05,0
P4__P6__path_1,P4,P6,path_1,0,21,57,4.95,1.35,0
P4__P6__path_1,P4,P6,path_1,1,22,57,4.95,1.45,0
P4__P6__path_1,P4,P6,path_1,2,23,57,4.95,1.55,0
P4__P6__path_1,P4,P6,path_1,3,24,57,4.95,1.65,0
P4__P6__path_1,P4,P6,path_1,4,25,57,4.95,1.75,0
P4__P6__path_1,P4,P6,path_1,5,26,57,4.95,1.85,0
P4__P6__path_1,P4,P6,path_1,6,27,57,4.95,1.95,0
P4__P6__path_1,P4,P6,path_1,7,28,57,4.95,2.05,0
P4__P6__path_1,P4,P6,path_1,8,29,57,4.95,2.15,0
P4__P6__path_1,P4,P6,path_1,9,30,57,4.95,2.25,0
P4__P6__path_1,P4,P6,path_1,10,31,57,4.95,2.35,0
P4__P6__path_1,P4,P6,path_1,11,32,57,4.95,2.45,0
P4__P6__path_1,P4,P6,path_1,12,33,56,4.85,2.55,0
P4__P6__path_1,P4,P6,path_1,13,34,55,4.75,2.65,0
P4__P6__path_1,P4,P6,path_1,14,35,55,4.75,2.75,0
P4__P6__path_1,P4,P6,path_1,15,36,55,4.75,2.85,0
P4__P6__path_1,P4,P6,path_1,16,37,55,4.75,2.95,0
P4__P6__path_1,P4,P6,path_1,17,38,55,4.75,3.05,0
P4__P6__path_1,P4,P6,path_1,18,39,55,4.75,3.15,0
P4__P6__path_1,P4,P6,path_1,19,40,55,4.75,3.25,0
P4__P6__path_1,P4,P6,path_1,20,41,55,4.75,3.35,0
P4__P6__path_1,P4,P6,path_1,21,42,55,4.75,3.45,0
P4__P6__path_1,P4,P6,path_1,22,43,55,4.75,3.55,0
P4__P6__path_1,P4,P6,path_1,23,44,55,4.75,3.65,0
P4__P6__path_1,P4,P6,path_1,24,45,55,4.75,3.75,0
P4__P6__path_1,P4,P6,path_1,25,46,55,4.75,3.85,0
P4__P6__path_1,P4,P6,path_1,26,47,55,4.75,3.95,0
P4__P6__path_1,P4,P6,path_1,27,48,55,4.75,4.05,0
P4__P6__path_1,P4,P6,path_1,28,49,56,4.85,4.15,0
P4__P6__path_1,P4,P6,path_1,29,49,57,4.95,4.15,0
P4__P6__path_1,P4,P6,path_1,30,49,58,5.05,4.15,0
P4__P6__path_1,P4,P6,path_1,31,49,59,5.15,4.15,0
P4__P6__path_1,P4,P6,path_1,32,49,60,5.25,4.15,0
P4__P6__path_1,P4,P6,path_1,33,49,61,5.35,4.15,0
P4__P6__path_1,P4,P6,path_1,34,49,62,5.45,4.15,0
P4__P6__path_1,P4,P6,path_1,35,49,63,5.55,4.15,0
P4__P6__path_1,P4,P6,path_1,36,50,64,5.65,4.25,0
P4__P6__path_1,P4,P6,path_1,37,51,65,5.75,4.35,0
P4__P6__path_1,P4,P6,path_1,38,52,66,5.85,4.45,0
P4__P6__path_1,P4,P6,path_1,39,53,67,5.95,4.55,0
P4__P6__path_1,P4,P6,path_1,40,54,68,6.05,4.65,0
P4__P6__path_1,P4,P6,path_1,41,55,68,6.05,4.75,0
P4__P6__path_1,P4,P6,path_1,42,56,68,6.05,4.85,0
P4__P6__path_1,P4,P6,path_1,43,57,68,6.05,4.95,0
P4__P6__path_1,P4,P6,path_1,44,58,68,6.05,5.05,0
P4__P6__path_1,P4,P6,path_1,45,59,68,6.05,5.15,0
P4__P6__path_1,P4,P6,path_1,46,60,68,6.05,5.25,0
P4__P6__path_1,P4,P6,path_1,47,61,68,6.05,5.35,0
P4__P6__path_1,P4,P6,path_1,48,62,68,6.05,5.45,0
P4__P6__path_1,P4,P6,path_1,49,63,68,6.05,5.55,0
P4__P6__path_1,P4,P6,path_1,50,64,68,6.05,5.65,0
P4__P6__path_1,P4,P6,path_1,51,65,68,6.05,5.75,0
P4__P6__path_1,P4,P6,path_1,52,65,69,6.15,5.75,0
P4__P6__path_1,P4,P6,path_1,53,65,70,6.25,5.75,0
P4__P6__path_1,P4,P6,path_1,54,65,71,6.35,5.75,0
P4__P6__path_1,P4,P6,path_1,55,65,72,6.45,5.75,0
P4__P6__path_1,P4,P6,path_1,56,65,73,6.55,5.75,0
P4__P6__path_1,P4,P6,path_1,57,65,74,6.65,5.75,0
P4__P6__path_1,P4,P6,path_1,58,65,75,6.75,5.75,0
P4__P6__path_1,P4,P6,path_1,59,65,76,6.85,5.75,0
P4__P6__path_1,P4,P6,path_1,60,65,77,6.95,5.75,0
P4__P6__path_1,P4,P6,path_1,61,65,78,7.05,5.75,0
P4__P6__path_1,P4,P6,path_1,62,65,79,7.15,5.75,0
P4__P6__path_1,P4,P6,path_1,63,65,80,7.25,5.75,0
P4__P6__path_1,P4,P6,path_1,64,65,81,7.35,5.75,0
P4__P6__path_1,P4,P6,path_1,65,65,82,7.45,5.75,0
P4__P6__path_1,P4,P6,path_1,66,65,83,7.55,5.75,0
P4__P6__path_1,P4,P6,path_1,67,65,84,7.65,5.75,0
P4__P6__path_1,P4,P6,path_1,68,65,85,7.75,5.75,0
P4__P6__path_1,P4,P6,path_1,69,65,86,7.85,5.75,0
P4__P6__path_1,P4,P6,path_1,70,65,87,7.95,5.75,0
P4__P7__path_1,P4,P7,path_1,0,21,57,4.95,1.35,0
P4__P7__path_1,P4,P7,path_1,1,20,57,4.95,1.25,0
P4__P7__path_1,P4,P7,path_1,2,19,57,4.95,1.15,0
P4__P7__path_1,P4,P7,path_1,3,18,57,4.95,1.05,0
P4__P7__path_1,P4,P7,path_1,4,17,57,4.95,0.95,0
P4__P7__path_1,P4,P7,path_1,5,16,57,4.95,0.85,0
P4__P7__path_1,P4,P7,path_1,6,15,57,4.95,0.75,0
P4__P7__path_1,P4,P7,path_1,7,14,57,4.95,0.65,0
P4__P7__path_1,P4,P7,path_1,8,13,57,4.95,0.55,0
P4__P7__path_1,P4,P7,path_1,9,12,57,4.95,0.45,0
P4__P7__path_1,P4,P7,path_1,10,11,57,4.95,0.35,0
P4__P7__path_1,P4,P7,path_1,11,11,58,5.05,0.35,0
P4__P7__path_1,P4,P7,path_1,12,11,59,5.15,0.35,0
P4__P7__path_1,P4,P7,path_1,13,11,60,5.25,0.35,0
P4__P7__path_1,P4,P7,path_1,14,11,61,5.35,0.35,0
P4__P7__path_1,P4,P7,path_1,15,11,62,5.45,0.35,0
P4__P7__path_1,P4,P7,path_1,16,11,63,5.55,0.35,0
P4__P7__path_1,P4,P7,path_1,17,11,64,5.65,0.35,0
P4__P7__path_1,P4,P7,path_1,18,11,65,5.75,0.35,0
P4__P7__path_1,P4,P7,path_1,19,11,66,5.85,0.35,0
P4__P7__path_1,P4,P7,path_1,20,11,67,5.95,0.35,0
P4__P7__path_1,P4,P7,path_1,21,11,68,6.05,0.35,0
P4__P7__path_1,P4,P7,path_1,22,11,69,6.15,0.35,0
P4__P7__path_1,P4,P7,path_1,23,11,70,6.25,0.35,0
P4__P7__path_1,P4,P7,path_1,24,11,71,6.35,0.35,0
P4__P7__path_1,P4,P7,path_1,25,11,72,6.45,0.35,0
P4__P7__path_1,P4,P7,path_1,26,11,73,6.55,0.35,0
P4__P7__path_1,P4,P7,path_1,27,11,74,6.65,0.35,0
P4__P7__path_1,P4,P7,path_1,28,11,75,6.75,0.35,0
P4__P7__path_1,P4,P7,path_1,29,12,76,6.85,0.45,0
P4__P7__path_1,P4,P7,path_1,30,13,77,6.95,0.55,0
P4__P7__path_1,P4,P7,path_1,31,14,78,7.05,0.65,0
P4__P7__path_1,P4,P7,path_1,32,15,79,7.15,0.75,0
P4__P7__path_1,P4,P7,path_1,33,16,79,7.15,0.85,0
P4__P7__path_1,P4,P7,path_1,34,17,79,7.15,0.95,0
P4__P7__path_1,P4,P7,path_1,35,18,80,7.25,1.05,0
P4__P8__path_1,P4,P8,path_1,0,21,57,4.95,1.35,0
P4__P8__path_1,P4,P8,path_1,1,20,57,4.95,1.25,0
P4__P8__path_1,P4,P8,path_1,2,19,57,4.95,1.15,0
P4__P8__path_1,P4,P8,path_1,3,18,57,4.95,1.05,0
P4__P8__path_1,P4,P8,path_1,4,17,57,4.95,0.95,0
P4__P8__path_1,P4,P8,path_1,5,16,57,4.95,0.85,0
P4__P8__path_1,P4,P8,path_1,6,15,57,4.95,0.75,0
P4__P8__path_1,P4,P8,path_1,7,14,57,4.95,0.65,0
P4__P8__path_1,P4,P8,path_1,8,13,57,4.95,0.55,0
P4__P8__path_1,P4,P8,path_1,9,12,57,4.95,0.45,0
P4__P8__path_1,P4,P8,path_1,10,11,57,4.95,0.35,0
P4__P8__path_1,P4,P8,path_1,11,11,58,5.05,0.35,0
P4__P8__path_1,P4,P8,path_1,12,11,59,5.15,0.35,0
P4__P8__path_1,P4,P8,path_1,13,11,60,5.25,0.35,0
P4__P8__path_1,P4,P8,path_1,14,11,61,5.35,0.35,0
P4__P8__path_1,P4,P8,path_1,15,11,62,5.45,0.35,0
P4__P8__path_1,P4,P8,path_1,16,11,63,5.55,0.35,0
P4__P8__path_1,P4,P8,path_1,17,11,64,5.65,0.35,0
P4__P8__path_1,P4,P8,path_1,18,11,65,5.75,0.35,0
P4__P8__path_1,P4,P8,path_1,19,11,66,5.85,0.35,0
P4__P8__path_1,P4,P8,path_1,20,11,67,5.95,0.35,0
P4__P8__path_1,P4,P8,path_1,21,11,68,6.05,0.35,0
P4__P8__path_1,P4,P8,path_1,22,11,69,6.15,0.35,0
P4__P8__path_1,P4,P8,path_1,23,11,70,6.25,0.35,0
P4__P8__path_1,P4,P8,path_1,24,11,71,6.35,0.35,0
P4__P8__path_1,P4,P8,path_1,25,11,72,6.45,0.35,0
P4__P8__path_1,P4,P8,path_1,26,11,73,6.55,0.35,0
P4__P8__path_1,P4,P8,path_1,27,11,74,6.65,0.35,0
P4__P8__path_1,P4,P8,path_1,28,11,75,6.75,0.35,0
P4__P8__path_1,P4,P8,path_1,29,12,76,6.85,0.45,0
P4__P8__path_1,P4,P8,path_1,30,12,77,6.95,0.45,0
P4__P8__path_1,P4,P8,path_1,31,12,78,7.05,0.45,0
P4__P8__path_1,P4,P8,path_1,32,12,79,7.15,0.45,0
P4__P8__path_1,P4,P8,path_1,33,12,80,7.25,0.45,0
P4__P8__path_1,P4,P8,path_1,34,12,81,7.35,0.45,0
P4__P8__path_1,P4,P8,path_1,35,12,82,7.45,0.45,0
P4__P8__path_1,P4,P8,path_1,36,12,83,7.55,0.45,0
P4__P8__path_1,P4,P8,path_1,37,12,84,7.65,0.45,0
P4__P8__path_1,P4,P8,path_1,38,12,85,7.75,0.45,0
P4__P8__path_1,P4,P8,path_1,39,12,86,7.85,0.45,0
P4__P8__path_1,P4,P8,path_1,40,12,87,7.95,0.45,0
P4__P8__path_1,P4,P8,path_1,41,12,88,8.05,0.45,0
P4__P8__path_1,P4,P8,path_1,42,12,89,8.15,0.45,0
P4__P8__path_1,P4,P8,path_1,43,12,90,8.25,0.45,0
P4__P8__path_1,P4,P8,path_1,44,12,91,8.35,0.45,0
P4__P8__path_1,P4,P8,path_1,45,12,92,8.45,0.45,0
P4__P8__path_1,P4,P8,path_1,46,12,93,8.55,0.45,0
P4__P8__path_1,P4,P8,path_1,47,12,94,8.65,0.45,0
P4__P8__path_1,P4,P8,path_1,48,12,95,8.75,0.45,0
P4__P8__path_1,P4,P8,path_1,49,12,96,8.85,0.45,0
P4__P8__path_1,P4,P8,path_1,50,13,96,8.85,0.55,0
P4__P8__path_1,P4,P8,path_1,51,14,96,8.85,0.65,0
P4__P8__path_1,P4,P8,path_1,52,15,96,8.85,0.75,0
P4__P8__path_1,P4,P8,path_1,53,16,96,8.85,0.85,0
P4__P8__path_1,P4,P8,path_1,54,17,96,8.85,0.95,0
P4__P8__path_1,P4,P8,path_1,55,18,96,8.85,1.05,0
P4__P8__path_1,P4,P8,path_1,56,19,96,8.85,1.15,0
P4__P8__path_1,P4,P8,path_1,57,20,96,8.85,1.25,0
P4__P8__path_1,P4,P8,path_1,58,21,96,8.85,1.35,0
P4__P8__path_1,P4,P8,path_1,59,22,96,8.85,1.45,0
P4__P8__path_1,P4,P8,path_1,60,23,96,8.85,1.55,0
P4__P8__path_1,P4,P8,path_1,61,24,96,8.85,1.65,0
P4__P8__path_1,P4,P8,path_1,62,25,96,8.85,1.75,0
P4__P8__path_1,P4,P8,path_1,63,26,96,8.85,1.85,0
P4__P8__path_1,P4,P8,path_1,64,27,96,8.85,1.95,0
P4__P8__path_1,P4,P8,path_1,65,28,96,8.85,2.05,0
P4__P8__path_1,P4,P8,path_1,66,29,96,8.85,2.15,0
P4__P8__path_1,P4,P8,path_1,67,30,96,8.85,2.25,0
P4__P8__path_1,P4,P8,path_1,68,31,96,8.85,2.35,0
P4__P9__path_1,P4,P9,path_1,0,21,57,4.95,1.35,0
P4__P9__path_1,P4,P9,path_1,1,22,57,4.95,1.45,0
P4__P9__path_1,P4,P9,path_1,2,23,57,4.95,1.55,0
P4__P9__path_1,P4,P9,path_1,3,24,57,4.95,1.65,0
P4__P9__path_1,P4,P9,path_1,4,25,57,4.95,1.75,0
P4__P9__path_1,P4,P9,path_1,5,26,57,4.95,1.85,0
P4__P9__path_1,P4,P9,path_1,6,27,57,4.95,1.95,0
P4__P9__path_1,P4,P9,path_1,7,28,57,4.95,2.05,0
P4__P9__path_1,P4,P9,path_1,8,29,57,4.95,2.15,0
P4__P9__path_1,P4,P9,path_1,9,30,57,4.95,2.25,0
P4__P9__path_1,P4,P9,path_1,10,31,57,4.95,2.35,0
P4__P9__path_1,P4,P9,path_1,11,32,57,4.95,2.45,0
P4__P9__path_1,P4,P9,path_1,12,33,56,4.85,2.55,0
P4__P9__path_1,P4,P9,path_1,13,34,55,4.75,2.65,0
P4__P9__path_1,P4,P9,path_1,14,35,55,4.75,2.75,0
P4__P9__path_1,P4,P9,path_1,15,36,55,4.75,2.85,0
P4__P9__path_1,P4,P9,path_1,16,37,55,4.75,2.95,0
P4__P9__path_1,P4,P9,path_1,17,38,55,4.75,3.05,0
P4__P9__path_1,P4,P9,path_1,18,39,55,4.75,3.15,0
P4__P9__path_1,P4,P9,path_1,19,40,55,4.75,3.25,0
P4__P9__path_1,P4,P9,path_1,20,41,55,4.75,3.35,0
P4__P9__path_1,P4,P9,path_1,21,42,55,4.75,3.45,0
P4__P9__path_1,P4,P9,path_1,22,43,55,4.75,3.55,0
P4__P9__path_1,P4,P9,path_1,23,44,55,4.75,3.65,0
P4__P9__path_1,P4,P9,path_1,24,45,55,4.75,3.75,0
P4__P9__path_1,P4,P9,path_1,25,46,55,4.75,3.85,0
P4__P9__path_1,P4,P9,path_1,26,47,55,4.75,3.95,0
P4__P9__path_1,P4,P9,path_1,27,48,55,4.75,4.05,0
P4__P9__path_1,P4,P9,path_1,28,49,56,4.85,4.15,0
P4__P9__path_1,P4,P9,path_1,29,49,57,4.95,4.15,0
P4__P9__path_1,P4,P9,path_1,30,49,58,5.05,4.15,0
P4__P9__path_1,P4,P9,path_1,31,49,59,5.15,4.15,0
P4__P9__path_1,P4,P9,path_1,32,49,60,5.25,4.15,0
P4__P9__path_1,P4,P9,path_1,33,49,61,5.35,4.15,0
P4__P9__path_1,P4,P9,path_1,34,49,62,5.45,4.15,0
P4__P9__path_1,P4,P9,path_1,35,49,63,5.55,4.15,0
P4__P9__path_1,P4,P9,path_1,36,50,64,5.65,4.25,0
P4__P9__path_1,P4,P9,path_1,37,51,65,5.75,4.35,0
P4__P9__path_1,P4,P9,path_1,38,52,65,5.75,4.45,0
P4__P9__path_1,P4,P9,path_1,39,53,66,5.85,4.55,0
P4__P9__path_1,P4,P9,path_1,40,54,66,5.85,4.65,0
P4__P9__path_1,P4,P9,path_1,41,55,67,5.95,4.75,0
P4__P9__path_1,P4,P9,path_1,42,56,67,5.95,4.85,0
P4__P9__path_1,P4,P9,path_1,43,57,67,5.95,4.95,0
P4__P9__path_1,P4,P9,path_1,44,58,68,6.05,5.05,0
P4__SORT1__path_1,P4,SORT1,path_1,0,21,57,4.95,1.35,0
P4__SORT1__path_1,P4,SORT1,path_1,1,20,57,4.95,1.25,0
P4__SORT1__path_1,P4,SORT1,path_1,2,19,57,4.95,1.15,0
P4__SORT1__path_1,P4,SORT1,path_1,3,18,57,4.95,1.05,0
P4__SORT1__path_1,P4,SORT1,path_1,4,17,57,4.95,0.95,0
P4__SORT1__path_1,P4,SORT1,path_1,5,16,57,4.95,0.85,0
P4__SORT1__path_1,P4,SORT1,path_1,6,15,57,4.95,0.75,0
P4__SORT1__path_1,P4,SORT1,path_1,7,14,57,4.95,0.65,0
P4__SORT1__path_1,P4,SORT1,path_1,8,13,57,4.95,0.55,0
P4__SORT1__path_1,P4,SORT1,path_1,9,12,57,4.95,0.45,0
P4__SORT1__path_1,P4,SORT1,path_1,10,11,57,4.95,0.35,0
P4__SORT1__path_1,P4,SORT1,path_1,11,11,58,5.05,0.35,0
P4__SORT1__path_1,P4,SORT1,path_1,12,11,59,5.15,0.35,0
P4__SORT1__path_1,P4,SORT1,path_1,13,11,60,5.25,0.35,0
P4__SORT1__path_1,P4,SORT1,path_1,14,11,61,5.35,0.35,0
P4__SORT1__path_1,P4,SORT1,path_1,15,11,62,5.45,0.35,0
P4__SORT1__path_1,P4,SORT1,path_1,16,11,63,5.55,0.35,0
P4__SORT1__path_1,P4,SORT1,path_1,17,11,64,5.65,0.35,0
P4__SORT1__path_1,P4,SORT1,path_1,18,11,65,5.75,0.35,0
P4__SORT1__path_1,P4,SORT1,path_1,19,11,66,5.85,0.35,0
P4__SORT1__path_1,P4,SORT1,path_1,20,11,67,5.95,0.35,0
P4__SORT1__path_1,P4,SORT1,path_1,21,11,68,6.05,0.35,0
P4__SORT1__path_1,P4,SORT1,path_1,22,11,69,6.15,0.35,0
P4__SORT1__path_1,P4,SORT1,path_1,23,11,70,6.25,0.35,0
P4__SORT1__path_1,P4,SORT1,path_1,24,11,71,6.35,0.35,0
P4__SORT1__path_1,P4,SORT1,path_1,25,11,72,6.45,0.35,0
P4__SORT1__path_1,P4,SORT1,path_1,26,11,73,6.55,0.35,0
P4__SORT1__path_1,P4,SORT1,path_1,27,11,74,6.65,0.35,0
P4__SORT1__path_1,P4,SORT1,path_1,28,11,75,6.75,0.35,0
P4__SORT1__path_1,P4,SORT1,path_1,29,12,76,6.85,0.45,0
P4__SORT1__path_1,P4,SORT1,path_1,30,12,77,6.95,0.45,0
P4__SORT1__path_1,P4,SORT1,path_1,31,12,78,7.05,0.45,0
P4__SORT1__path_1,P4,SORT1,path_1,32,12,79,7.15,0.45,0
P4__SORT1__path_1,P4,SORT1,path_1,33,12,80,7.25,0.45,0
P4__SORT1__path_1,P4,SORT1,path_1,34,12,81,7.35,0.45,0
P4__SORT1__path_1,P4,SORT1,path_1,35,12,82,7.45,0.45,0
P4__SORT1__path_1,P4,SORT1,path_1,36,12,83,7.55,0.45,0
P4__SORT1__path_1,P4,SORT1,path_1,37,12,84,7.65,0.45,0
P4__SORT1__path_1,P4,SORT1,path_1,38,12,85,7.75,0.45,0
P4__SORT1__path_1,P4,SORT1,path_1,39,12,86,7.85,0.45,0
P4__SORT1__path_1,P4,SORT1,path_1,40,12,87,7.95,0.45,0
P4__SORT1__path_1,P4,SORT1,path_1,41,12,88,8.05,0.45,0
P4__SORT1__path_1,P4,SORT1,path_1,42,12,89,8.15,0.45,0
P4__SORT1__path_1,P4,SORT1,path_1,43,12,90,8.25,0.45,0
P4__SORT1__path_1,P4,SORT1,path_1,44,12,91,8.35,0.45,0
P4__SORT1__path_1,P4,SORT1,path_1,45,12,92,8.45,0.45,0
P4__SORT1__path_1,P4,SORT1,path_1,46,12,93,8.55,0.45,0
P4__SORT1__path_1,P4,SORT1,path_1,47,12,94,8.65,0.45,0
P4__SORT1__path_1,P4,SORT1,path_1,48,12,95,8.75,0.45,0
P4__SORT1__path_1,P4,SORT1,path_1,49,12,96,8.85,0.45,0
P4__SORT1__path_1,P4,SORT1,path_1,50,13,97,8.95,0.55,0
P4__SORT1__path_1,P4,SORT1,path_1,51,14,98,9.05,0.65,0
P4__SORT1__path_1,P4,SORT1,path_1,52,15,99,9.15,0.75,0
P4__SORT1__path_1,P4,SORT1,path_1,53,16,99,9.15,0.85,0
P4__SORT1__path_1,P4,SORT1,path_1,54,17,100,9.25,0.95,0
P4__SORT1__path_1,P4,SORT1,path_1,55,18,100,9.25,1.05,0
P4__SORT1__path_1,P4,SORT1,path_1,56,19,100,9.25,1.15,0
P4__SORT1__path_1,P4,SORT1,path_1,57,20,101,9.35,1.25,0
P4__SORT1__path_1,P4,SORT1,path_1,58,21,101,9.35,1.35,0
P4__SORT1__path_1,P4,SORT1,path_1,59,22,102,9.45,1.45,0
P4__SORT1__path_1,P4,SORT1,path_1,60,23,102,9.45,1.55,0
P4__SORT1__path_1,P4,SORT1,path_1,61,24,103,9.55,1.65,0
P4__SORT1__path_1,P4,SORT1,path_1,62,25,103,9.55,1.75,0
P4__SORT1__path_1,P4,SORT1,path_1,63,26,104,9.65,1.85,0
P4__SORT1__path_1,P4,SORT1,path_1,64,27,104,9.65,1.95,0
P4__SORT1__path_1,P4,SORT1,path_1,65,28,104,9.65,2.05,0
P4__SORT1__path_1,P4,SORT1,path_1,66,29,105,9.75,2.15,0
P4__SORT2__path_1,P4,SORT2,path_1,0,21,57,4.95,1.35,0
P4__SORT2__path_1,P4,SORT2,path_1,1,22,57,4.95,1.45,0
P4__SORT2__path_1,P4,SORT2,path_1,2,23,57,4.95,1.55,0
P4__SORT2__path_1,P4,SORT2,path_1,3,24,57,4.95,1.65,0
P4__SORT2__path_1,P4,SORT2,path_1,4,25,57,4.95,1.75,0
P4__SORT2__path_1,P4,SORT2,path_1,5,26,57,4.95,1.85,0
P4__SORT2__path_1,P4,SORT2,path_1,6,27,57,4.95,1.95,0
P4__SORT2__path_1,P4,SORT2,path_1,7,28,57,4.95,2.05,0
P4__SORT2__path_1,P4,SORT2,path_1,8,29,57,4.95,2.15,0
P4__SORT2__path_1,P4,SORT2,path_1,9,30,57,4.95,2.25,0
P4__SORT2__path_1,P4,SORT2,path_1,10,31,57,4.95,2.35,0
P4__SORT2__path_1,P4,SORT2,path_1,11,32,57,4.95,2.45,0
P4__SORT2__path_1,P4,SORT2,path_1,12,33,56,4.85,2.55,0
P4__SORT2__path_1,P4,SORT2,path_1,13,34,55,4.75,2.65,0
P4__SORT2__path_1,P4,SORT2,path_1,14,35,55,4.75,2.75,0
P4__SORT2__path_1,P4,SORT2,path_1,15,36,55,4.75,2.85,0
P4__SORT2__path_1,P4,SORT2,path_1,16,37,55,4.75,2.95,0
P4__SORT2__path_1,P4,SORT2,path_1,17,38,55,4.75,3.05,0
P4__SORT2__path_1,P4,SORT2,path_1,18,39,55,4.75,3.15,0
P4__SORT2__path_1,P4,SORT2,path_1,19,40,55,4.75,3.25,0
P4__SORT2__path_1,P4,SORT2,path_1,20,41,55,4.75,3.35,0
P4__SORT2__path_1,P4,SORT2,path_1,21,42,55,4.75,3.45,0
P4__SORT2__path_1,P4,SORT2,path_1,22,43,55,4.75,3.55,0
P4__SORT2__path_1,P4,SORT2,path_1,23,44,55,4.75,3.65,0
P4__SORT2__path_1,P4,SORT2,path_1,24,45,55,4.75,3.75,0
P4__SORT2__path_1,P4,SORT2,path_1,25,46,55,4.75,3.85,0
P4__SORT2__path_1,P4,SORT2,path_1,26,47,55,4.75,3.95,0
P4__SORT2__path_1,P4,SORT2,path_1,27,48,55,4.75,4.05,0
P4__SORT2__path_1,P4,SORT2,path_1,28,48,56,4.85,4.05,0
P4__SORT2__path_1,P4,SORT2,path_1,29,48,57,4.95,4.05,0
P4__SORT2__path_1,P4,SORT2,path_1,30,48,58,5.05,4.05,0
P4__SORT2__path_1,P4,SORT2,path_1,31,48,59,5.15,4.05,0
P4__SORT2__path_1,P4,SORT2,path_1,32,48,60,5.25,4.05,0
P4__SORT2__path_1,P4,SORT2,path_1,33,48,61,5.35,4.05,0
P4__SORT2__path_1,P4,SORT2,path_1,34,48,62,5.45,4.05,0
P4__SORT2__path_1,P4,SORT2,path_1,35,48,63,5.55,4.05,0
P4__SORT2__path_1,P4,SORT2,path_1,36,48,64,5.65,4.05,0
P4__SORT2__path_1,P4,SORT2,path_1,37,48,65,5.75,4.05,0
P4__SORT2__path_1,P4,SORT2,path_1,38,48,66,5.85,4.05,0
P4__SORT2__path_1,P4,SORT2,path_1,39,48,67,5.95,4.05,0
P4__SORT2__path_1,P4,SORT2,path_1,40,48,68,6.05,4.05,0
P4__SORT2__path_1,P4,SORT2,path_1,41,48,69,6.15,4.05,0
P4__SORT2__path_1,P4,SORT2,path_1,42,48,70,6.25,4.05,0
P4__SORT2__path_1,P4,SORT2,path_1,43,48,71,6.35,4.05,0
P4__SORT2__path_1,P4,SORT2,path_1,44,48,72,6.45,4.05,0
P4__SORT2__path_1,P4,SORT2,path_1,45,48,73,6.55,4.05,0
P4__SORT2__path_1,P4,SORT2,path_1,46,48,74,6.65,4.05,0
P4__SORT2__path_1,P4,SORT2,path_1,47,48,75,6.75,4.05,0
P4__SORT2__path_1,P4,SORT2,path_1,48,48,76,6.85,4.05,0
P4__SORT2__path_1,P4,SORT2,path_1,49,48,77,6.95,4.05,0
P4__SORT2__path_1,P4,SORT2,path_1,50,48,78,7.05,4.05,0
P4__SORT2__path_1,P4,SORT2,path_1,51,48,79,7.15,4.05,0
P4__SORT2__path_1,P4,SORT2,path_1,52,48,80,7.25,4.05,0
P4__SORT2__path_1,P4,SORT2,path_1,53,48,81,7.35,4.05,0
P4__SORT2__path_1,P4,SORT2,path_1,54,48,82,7.45,4.05,0
P4__SORT2__path_1,P4,SORT2,path_1,55,48,83,7.55,4.05,0
P4__SORT2__path_1,P4,SORT2,path_1,56,48,84,7.65,4.05,0
P4__SORT2__path_1,P4,SORT2,path_1,57,48,85,7.75,4.05,0
P4__SORT2__path_1,P4,SORT2,path_1,58,48,86,7.85,4.05,0
P4__SORT2__path_1,P4,SORT2,path_1,59,48,87,7.95,4.05,0
P4__SORT2__path_1,P4,SORT2,path_1,60,48,88,8.05,4.05,0
P4__SORT2__path_1,P4,SORT2,path_1,61,48,89,8.15,4.05,0
P4__SORT2__path_1,P4,SORT2,path_1,62,48,90,8.25,4.05,0
P4__SORT2__path_1,P4,SORT2,path_1,63,48,91,8.35,4.05,0
P4__SORT2__path_1,P4,SORT2,path_1,64,48,92,8.45,4.05,0
P4__SORT2__path_1,P4,SORT2,path_1,65,48,93,8.55,4.05,0
P4__SORT2__path_1,P4,SORT2,path_1,66,48,94,8.65,4.05,0
P4__SORT2__path_1,P4,SORT2,path_1,67,48,95,8.75,4.05,0
P4__SORT2__path_1,P4,SORT2,path_1,68,48,96,8.85,4.05,0
P4__SORT2__path_1,P4,SORT2,path_1,69,48,97,8.95,4.05,0
P4__SORT2__path_1,P4,SORT2,path_1,70,48,98,9.05,4.05,0
P4__SORT2__path_1,P4,SORT2,path_1,71,48,99,9.15,4.05,0
P4__SORT2__path_1,P4,SORT2,path_1,72,48,100,9.25,4.05,0
P4__SORT2__path_1,P4,SORT2,path_1,73,48,101,9.35,4.05,0
P4__SORT2__path_1,P4,SORT2,path_1,74,48,102,9.45,4.05,0
P4__SORT2__path_1,P4,SORT2,path_1,75,48,103,9.55,4.05,0
P4__SORT2__path_1,P4,SORT2,path_1,76,48,104,9.65,4.05,0
P4__SORT2__path_1,P4,SORT2,path_1,77,48,105,9.75,4.05,0
P4__SORT2__path_1,P4,SORT2,path_1,78,48,106,9.85,4.05,0
P4__SORT2__path_1,P4,SORT2,path_1,79,48,107,9.95,4.05,0
P4__SORT2__path_1,P4,SORT2,path_1,80,48,108,10.05,4.05,0
P4__SORT2__path_1,P4,SORT2,path_1,81,48,109,10.15,4.05,0
P4__SORT2__path_1,P4,SORT2,path_1,82,48,110,10.25,4.05,0
P4__SORT2__path_1,P4,SORT2,path_1,83,48,111,10.35,4.05,0
P4__OUT1__path_1,P4,OUT1,path_1,0,21,57,4.95,1.35,0
P4__OUT1__path_1,P4,OUT1,path_1,1,20,57,4.95,1.25,0
P4__OUT1__path_1,P4,OUT1,path_1,2,19,57,4.95,1.15,0
P4__OUT1__path_1,P4,OUT1,path_1,3,18,57,4.95,1.05,0
P4__OUT1__path_1,P4,OUT1,path_1,4,17,57,4.95,0.95,0
P4__OUT1__path_1,P4,OUT1,path_1,5,16,57,4.95,0.85,0
P4__OUT1__path_1,P4,OUT1,path_1,6,15,57,4.95,0.75,0
P4__OUT1__path_1,P4,OUT1,path_1,7,14,57,4.95,0.65,0
P4__OUT1__path_1,P4,OUT1,path_1,8,13,57,4.95,0.55,0
P4__OUT1__path_1,P4,OUT1,path_1,9,12,57,4.95,0.45,0
P4__OUT1__path_1,P4,OUT1,path_1,10,11,57,4.95,0.35,0
P4__OUT1__path_1,P4,OUT1,path_1,11,11,58,5.05,0.35,0
P4__OUT1__path_1,P4,OUT1,path_1,12,11,59,5.15,0.35,0
P4__OUT1__path_1,P4,OUT1,path_1,13,11,60,5.25,0.35,0
P4__OUT1__path_1,P4,OUT1,path_1,14,11,61,5.35,0.35,0
P4__OUT1__path_1,P4,OUT1,path_1,15,11,62,5.45,0.35,0
P4__OUT1__path_1,P4,OUT1,path_1,16,11,63,5.55,0.35,0
P4__OUT1__path_1,P4,OUT1,path_1,17,11,64,5.65,0.35,0
P4__OUT1__path_1,P4,OUT1,path_1,18,11,65,5.75,0.35,0
P4__OUT1__path_1,P4,OUT1,path_1,19,11,66,5.85,0.35,0
P4__OUT1__path_1,P4,OUT1,path_1,20,11,67,5.95,0.35,0
P4__OUT1__path_1,P4,OUT1,path_1,21,11,68,6.05,0.35,0
P4__OUT1__path_1,P4,OUT1,path_1,22,11,69,6.15,0.35,0
P4__OUT1__path_1,P4,OUT1,path_1,23,11,70,6.25,0.35,0
P4__OUT1__path_1,P4,OUT1,path_1,24,11,71,6.35,0.35,0
P4__OUT1__path_1,P4,OUT1,path_1,25,11,72,6.45,0.35,0
P4__OUT1__path_1,P4,OUT1,path_1,26,11,73,6.55,0.35,0
P4__OUT1__path_1,P4,OUT1,path_1,27,11,74,6.65,0.35,0
P4__OUT1__path_1,P4,OUT1,path_1,28,11,75,6.75,0.35,0
P4__OUT1__path_1,P4,OUT1,path_1,29,11,76,6.85,0.35,0
P4__OUT1__path_1,P4,OUT1,path_1,30,11,77,6.95,0.35,0
P4__OUT1__path_1,P4,OUT1,path_1,31,11,78,7.05,0.35,0
P4__OUT1__path_1,P4,OUT1,path_1,32,11,79,7.15,0.35,0
P4__OUT1__path_1,P4,OUT1,path_1,33,11,80,7.25,0.35,0
P4__OUT1__path_1,P4,OUT1,path_1,34,11,81,7.35,0.35,0
P4__OUT1__path_1,P4,OUT1,path_1,35,11,82,7.45,0.35,0
P4__OUT1__path_1,P4,OUT1,path_1,36,11,83,7.55,0.35,0
P4__OUT1__path_1,P4,OUT1,path_1,37,11,84,7.65,0.35,0
P4__OUT1__path_1,P4,OUT1,path_1,38,11,85,7.75,0.35,0
P4__OUT1__path_1,P4,OUT1,path_1,39,11,86,7.85,0.35,0
P4__OUT1__path_1,P4,OUT1,path_1,40,11,87,7.95,0.35,0
P4__OUT1__path_1,P4,OUT1,path_1,41,11,88,8.05,0.35,0
P4__OUT1__path_1,P4,OUT1,path_1,42,11,89,8.15,0.35,0
P4__OUT1__path_1,P4,OUT1,path_1,43,11,90,8.25,0.35,0
P4__OUT1__path_1,P4,OUT1,path_1,44,11,91,8.35,0.35,0
P4__OUT1__path_1,P4,OUT1,path_1,45,11,92,8.45,0.35,0
P4__OUT1__path_1,P4,OUT1,path_1,46,11,93,8.55,0.35,0
P4__OUT1__path_1,P4,OUT1,path_1,47,12,94,8.65,0.45,0
P4__OUT1__path_1,P4,OUT1,path_1,48,12,95,8.75,0.45,0
P4__OUT1__path_1,P4,OUT1,path_1,49,12,96,8.85,0.45,0
P4__OUT1__path_1,P4,OUT1,path_1,50,13,97,8.95,0.55,0
P4__OUT1__path_1,P4,OUT1,path_1,51,13,98,9.05,0.55,0
P4__OUT1__path_1,P4,OUT1,path_1,52,14,99,9.15,0.65,0
P4__OUT1__path_1,P4,OUT1,path_1,53,14,100,9.25,0.65,0
P4__OUT1__path_1,P4,OUT1,path_1,54,15,101,9.35,0.75,0
P4__OUT1__path_1,P4,OUT1,path_1,55,15,102,9.45,0.75,0
P4__OUT1__path_1,P4,OUT1,path_1,56,16,103,9.55,0.85,0
P4__OUT1__path_1,P4,OUT1,path_1,57,16,104,9.65,0.85,0
P4__OUT1__path_1,P4,OUT1,path_1,58,17,105,9.75,0.95,0
P4__OUT1__path_1,P4,OUT1,path_1,59,17,106,9.85,0.95,0
P4__OUT1__path_1,P4,OUT1,path_1,60,17,107,9.95,0.95,0
P4__OUT1__path_1,P4,OUT1,path_1,61,18,108,10.05,1.05,0
P4__OUT1__path_1,P4,OUT1,path_1,62,18,109,10.15,1.05,0
P4__OUT1__path_1,P4,OUT1,path_1,63,19,110,10.25,1.15,0
P4__OUT1__path_1,P4,OUT1,path_1,64,19,111,10.35,1.15,0
P4__OUT1__path_1,P4,OUT1,path_1,65,20,112,10.45,1.25,0
P4__OUT1__path_1,P4,OUT1,path_1,66,20,113,10.55,1.25,0
P4__OUT1__path_1,P4,OUT1,path_1,67,21,114,10.65,1.35,0
P4__OUT1__path_1,P4,OUT1,path_1,68,21,115,10.75,1.35,0
P4__OUT1__path_1,P4,OUT1,path_1,69,22,116,10.85,1.45,0
P4__OUT1__path_1,P4,OUT1,path_1,70,22,117,10.95,1.45,0
P4__OUT1__path_1,P4,OUT1,path_1,71,22,118,11.05,1.45,0
P4__OUT1__path_1,P4,OUT1,path_1,72,23,119,11.15,1.55,0
P4__OUT1__path_1,P4,OUT1,path_1,73,23,120,11.25,1.55,0
P4__OUT1__path_1,P4,OUT1,path_1,74,24,121,11.35,1.65,0
P4__OUT1__path_1,P4,OUT1,path_1,75,24,122,11.45,1.65,0
P4__OUT1__path_1,P4,OUT1,path_1,76,25,123,11.55,1.75,0
P4__OUT1__path_1,P4,OUT1,path_1,77,25,124,11.65,1.75,0
P4__OUT1__path_1,P4,OUT1,path_1,78,26,125,11.75,1.85,0
P4__OUT1__path_1,P4,OUT1,path_1,79,26,126,11.85,1.85,0
P4__OUT1__path_1,P4,OUT1,path_1,80,26,127,11.95,1.85,0
P4__OUT1__path_1,P4,OUT1,path_1,81,27,128,12.05,1.95,0
P4__OUT2__path_1,P4,OUT2,path_1,0,21,57,4.95,1.35,0
P4__OUT2__path_1,P4,OUT2,path_1,1,20,57,4.95,1.25,0
P4__OUT2__path_1,P4,OUT2,path_1,2,19,57,4.95,1.15,0
P4__OUT2__path_1,P4,OUT2,path_1,3,18,57,4.95,1.05,0
P4__OUT2__path_1,P4,OUT2,path_1,4,17,57,4.95,0.95,0
P4__OUT2__path_1,P4,OUT2,path_1,5,16,57,4.95,0.85,0
P4__OUT2__path_1,P4,OUT2,path_1,6,15,57,4.95,0.75,0
P4__OUT2__path_1,P4,OUT2,path_1,7,14,57,4.95,0.65,0
P4__OUT2__path_1,P4,OUT2,path_1,8,13,57,4.95,0.55,0
P4__OUT2__path_1,P4,OUT2,path_1,9,12,57,4.95,0.45,0
P4__OUT2__path_1,P4,OUT2,path_1,10,11,57,4.95,0.35,0
P4__OUT2__path_1,P4,OUT2,path_1,11,11,58,5.05,0.35,0
P4__OUT2__path_1,P4,OUT2,path_1,12,11,59,5.15,0.35,0
P4__OUT2__path_1,P4,OUT2,path_1,13,11,60,5.25,0.35,0
P4__OUT2__path_1,P4,OUT2,path_1,14,11,61,5.35,0.35,0
P4__OUT2__path_1,P4,OUT2,path_1,15,11,62,5.45,0.35,0
P4__OUT2__path_1,P4,OUT2,path_1,16,11,63,5.55,0.35,0
P4__OUT2__path_1,P4,OUT2,path_1,17,11,64,5.65,0.35,0
P4__OUT2__path_1,P4,OUT2,path_1,18,11,65,5.75,0.35,0
P4__OUT2__path_1,P4,OUT2,path_1,19,11,66,5.85,0.35,0
P4__OUT2__path_1,P4,OUT2,path_1,20,11,67,5.95,0.35,0
P4__OUT2__path_1,P4,OUT2,path_1,21,11,68,6.05,0.35,0
P4__OUT2__path_1,P4,OUT2,path_1,22,11,69,6.15,0.35,0
P4__OUT2__path_1,P4,OUT2,path_1,23,11,70,6.25,0.35,0
P4__OUT2__path_1,P4,OUT2,path_1,24,11,71,6.35,0.35,0
P4__OUT2__path_1,P4,OUT2,path_1,25,11,72,6.45,0.35,0
P4__OUT2__path_1,P4,OUT2,path_1,26,11,73,6.55,0.35,0
P4__OUT2__path_1,P4,OUT2,path_1,27,11,74,6.65,0.35,0
P4__OUT2__path_1,P4,OUT2,path_1,28,11,75,6.75,0.35,0
P4__OUT2__path_1,P4,OUT2,path_1,29,12,76,6.85,0.45,0
P4__OUT2__path_1,P4,OUT2,path_1,30,12,77,6.95,0.45,0
P4__OUT2__path_1,P4,OUT2,path_1,31,12,78,7.05,0.45,0
P4__OUT2__path_1,P4,OUT2,path_1,32,12,79,7.15,0.45,0
P4__OUT2__path_1,P4,OUT2,path_1,33,12,80,7.25,0.45,0
P4__OUT2__path_1,P4,OUT2,path_1,34,12,81,7.35,0.45,0
P4__OUT2__path_1,P4,OUT2,path_1,35,12,82,7.45,0.45,0
P4__OUT2__path_1,P4,OUT2,path_1,36,12,83,7.55,0.45,0
P4__OUT2__path_1,P4,OUT2,path_1,37,12,84,7.65,0.45,0
P4__OUT2__path_1,P4,OUT2,path_1,38,12,85,7.75,0.45,0
P4__OUT2__path_1,P4,OUT2,path_1,39,12,86,7.85,0.45,0
P4__OUT2__path_1,P4,OUT2,path_1,40,12,87,7.95,0.45,0
P4__OUT2__path_1,P4,OUT2,path_1,41,12,88,8.05,0.45,0
P4__OUT2__path_1,P4,OUT2,path_1,42,12,89,8.15,0.45,0
P4__OUT2__path_1,P4,OUT2,path_1,43,12,90,8.25,0.45,0
P4__OUT2__path_1,P4,OUT2,path_1,44,12,91,8.35,0.45,0
P4__OUT2__path_1,P4,OUT2,path_1,45,12,92,8.45,0.45,0
P4__OUT2__path_1,P4,OUT2,path_1,46,12,93,8.55,0.45,0
P4__OUT2__path_1,P4,OUT2,path_1,47,12,94,8.65,0.45,0
P4__OUT2__path_1,P4,OUT2,path_1,48,12,95,8.75,0.45,0
P4__OUT2__path_1,P4,OUT2,path_1,49,12,96,8.85,0.45,0
P4__OUT2__path_1,P4,OUT2,path_1,50,13,97,8.95,0.55,0
P4__OUT2__path_1,P4,OUT2,path_1,51,14,98,9.05,0.65,0
P4__OUT2__path_1,P4,OUT2,path_1,52,15,99,9.15,0.75,0
P4__OUT2__path_1,P4,OUT2,path_1,53,16,100,9.25,0.85,0
P4__OUT2__path_1,P4,OUT2,path_1,54,17,101,9.35,0.95,0
P4__OUT2__path_1,P4,OUT2,path_1,55,18,102,9.45,1.05,0
P4__OUT2__path_1,P4,OUT2,path_1,56,19,103,9.55,1.15,0
P4__OUT2__path_1,P4,OUT2,path_1,57,20,104,9.65,1.25,0
P4__OUT2__path_1,P4,OUT2,path_1,58,21,105,9.75,1.35,0
P4__OUT2__path_1,P4,OUT2,path_1,59,22,106,9.85,1.45,0
P4__OUT2__path_1,P4,OUT2,path_1,60,23,107,9.95,1.55,0
P4__OUT2__path_1,P4,OUT2,path_1,61,24,108,10.05,1.65,0
P4__OUT2__path_1,P4,OUT2,path_1,62,25,109,10.15,1.75,0
P4__OUT2__path_1,P4,OUT2,path_1,63,26,110,10.25,1.85,0
P4__OUT2__path_1,P4,OUT2,path_1,64,27,111,10.35,1.95,0
P4__OUT2__path_1,P4,OUT2,path_1,65,28,112,10.45,2.05,0
P4__OUT2__path_1,P4,OUT2,path_1,66,29,113,10.55,2.15,0
P4__OUT2__path_1,P4,OUT2,path_1,67,30,114,10.65,2.25,0
P4__OUT2__path_1,P4,OUT2,path_1,68,31,115,10.75,2.35,0
P4__OUT2__path_1,P4,OUT2,path_1,69,32,116,10.85,2.45,0
P4__OUT2__path_1,P4,OUT2,path_1,70,33,117,10.95,2.55,0
P4__OUT2__path_1,P4,OUT2,path_1,71,34,118,11.05,2.65,0
P4__OUT2__path_1,P4,OUT2,path_1,72,35,119,11.15,2.75,0
P4__OUT2__path_1,P4,OUT2,path_1,73,36,120,11.25,2.85,0
P4__OUT2__path_1,P4,OUT2,path_1,74,37,121,11.35,2.95,0
P4__OUT2__path_1,P4,OUT2,path_1,75,38,122,11.45,3.05,0
P4__OUT2__path_1,P4,OUT2,path_1,76,39,123,11.55,3.15,0
P4__OUT2__path_1,P4,OUT2,path_1,77,40,124,11.65,3.25,0
P4__OUT2__path_1,P4,OUT2,path_1,78,41,125,11.75,3.35,0
P4__OUT2__path_1,P4,OUT2,path_1,79,42,126,11.85,3.45,0
P4__OUT2__path_1,P4,OUT2,path_1,80,43,126,11.85,3.55,0
P4__OUT2__path_1,P4,OUT2,path_1,81,44,127,11.95,3.65,0
P4__OUT2__path_1,P4,OUT2,path_1,82,45,127,11.95,3.75,0
P4__OUT2__path_1,P4,OUT2,path_1,83,46,127,11.95,3.85,0
P4__OUT2__path_1,P4,OUT2,path_1,84,47,128,12.05,3.95,0
P4__CHG1__path_1,P4,CHG1,path_1,0,21,57,4.95,1.35,0
P4__CHG1__path_1,P4,CHG1,path_1,1,20,56,4.85,1.25,0
P4__CHG1__path_1,P4,CHG1,path_1,2,19,55,4.75,1.15,0
P4__CHG1__path_1,P4,CHG1,path_1,3,18,54,4.65,1.05,0
P4__CHG1__path_1,P4,CHG1,path_1,4,17,54,4.65,0.95,0
P4__CHG1__path_1,P4,CHG1,path_1,5,16,54,4.65,0.85,0
P4__CHG1__path_1,P4,CHG1,path_1,6,15,54,4.65,0.75,0
P4__CHG1__path_1,P4,CHG1,path_1,7,14,54,4.65,0.65,0
P4__CHG1__path_1,P4,CHG1,path_1,8,13,54,4.65,0.55,0
P4__CHG1__path_1,P4,CHG1,path_1,9,12,54,4.65,0.45,0
P4__CHG1__path_1,P4,CHG1,path_1,10,11,53,4.55,0.35,0
P4__CHG1__path_1,P4,CHG1,path_1,11,10,53,4.55,0.25,0
P4__CHG1__path_1,P4,CHG1,path_1,12,10,52,4.45,0.25,0
P4__CHG1__path_1,P4,CHG1,path_1,13,10,51,4.35,0.25,0
P4__CHG1__path_1,P4,CHG1,path_1,14,10,50,4.25,0.25,0
P4__CHG1__path_1,P4,CHG1,path_1,15,10,49,4.15,0.25,0
P4__CHG1__path_1,P4,CHG1,path_1,16,10,48,4.05,0.25,0
P4__CHG1__path_1,P4,CHG1,path_1,17,10,47,3.95,0.25,0
P4__CHG1__path_1,P4,CHG1,path_1,18,10,46,3.85,0.25,0
P4__CHG1__path_1,P4,CHG1,path_1,19,10,45,3.75,0.25,0
P4__CHG1__path_1,P4,CHG1,path_1,20,10,44,3.65,0.25,0
P4__CHG1__path_1,P4,CHG1,path_1,21,10,43,3.55,0.25,0
P4__CHG1__path_1,P4,CHG1,path_1,22,10,42,3.45,0.25,0
P4__CHG1__path_1,P4,CHG1,path_1,23,10,41,3.35,0.25,0
P4__CHG1__path_1,P4,CHG1,path_1,24,10,40,3.25,0.25,0
P4__CHG1__path_1,P4,CHG1,path_1,25,10,39,3.15,0.25,0
P4__CHG1__path_1,P4,CHG1,path_1,26,10,38,3.05,0.25,0
P4__CHG1__path_1,P4,CHG1,path_1,27,10,37,2.95,0.25,0
P4__CHG1__path_1,P4,CHG1,path_1,28,10,36,2.85,0.25,0
P4__CHG1__path_1,P4,CHG1,path_1,29,10,35,2.75,0.25,0
P4__CHG1__path_1,P4,CHG1,path_1,30,10,34,2.65,0.25,0
P4__CHG1__path_1,P4,CHG1,path_1,31,10,33,2.55,0.25,0
P4__CHG1__path_1,P4,CHG1,path_1,32,10,32,2.45,0.25,0
P4__CHG1__path_1,P4,CHG1,path_1,33,10,31,2.35,0.25,0
P4__CHG1__path_1,P4,CHG1,path_1,34,10,30,2.25,0.25,0
P4__CHG1__path_1,P4,CHG1,path_1,35,10,29,2.15,0.25,0
P4__CHG1__path_1,P4,CHG1,path_1,36,10,28,2.05,0.25,0
P4__CHG1__path_1,P4,CHG1,path_1,37,10,27,1.95,0.25,0
P4__CHG1__path_1,P4,CHG1,path_1,38,9,26,1.85,0.15,0
P4__CHG1__path_1,P4,CHG1,path_1,39,9,25,1.75,0.15,0
P4__CHG1__path_1,P4,CHG1,path_1,40,9,24,1.65,0.15,0
P4__CHG1__path_1,P4,CHG1,path_1,41,9,23,1.55,0.15,0
P4__CHG1__path_1,P4,CHG1,path_1,42,9,22,1.45,0.15,0
P4__CHG1__path_1,P4,CHG1,path_1,43,9,21,1.35,0.15,0
P4__CHG1__path_1,P4,CHG1,path_1,44,9,20,1.25,0.15,0
P4__CHG1__path_1,P4,CHG1,path_1,45,9,19,1.15,0.15,0
P4__CHG1__path_1,P4,CHG1,path_1,46,8,18,1.05,0.05,0
P4__CHG2__path_1,P4,CHG2,path_1,0,21,57,4.95,1.35,0
P4__CHG2__path_1,P4,CHG2,path_1,1,20,57,4.95,1.25,0
P4__CHG2__path_1,P4,CHG2,path_1,2,19,57,4.95,1.15,0
P4__CHG2__path_1,P4,CHG2,path_1,3,18,57,4.95,1.05,0
P4__CHG2__path_1,P4,CHG2,path_1,4,17,57,4.95,0.95,0
P4__CHG2__path_1,P4,CHG2,path_1,5,16,57,4.95,0.85,0
P4__CHG2__path_1,P4,CHG2,path_1,6,15,57,4.95,0.75,0
P4__CHG2__path_1,P4,CHG2,path_1,7,14,57,4.95,0.65,0
P4__CHG2__path_1,P4,CHG2,path_1,8,13,57,4.95,0.55,0
P4__CHG2__path_1,P4,CHG2,path_1,9,12,57,4.95,0.45,0
P4__CHG2__path_1,P4,CHG2,path_1,10,11,57,4.95,0.35,0
P4__CHG2__path_1,P4,CHG2,path_1,11,11,58,5.05,0.35,0
P4__CHG2__path_1,P4,CHG2,path_1,12,11,59,5.15,0.35,0
P4__CHG2__path_1,P4,CHG2,path_1,13,11,60,5.25,0.35,0
P4__CHG2__path_1,P4,CHG2,path_1,14,11,61,5.35,0.35,0
P4__CHG2__path_1,P4,CHG2,path_1,15,11,62,5.45,0.35,0
P4__CHG2__path_1,P4,CHG2,path_1,16,11,63,5.55,0.35,0
P4__CHG2__path_1,P4,CHG2,path_1,17,11,64,5.65,0.35,0
P4__CHG2__path_1,P4,CHG2,path_1,18,11,65,5.75,0.35,0
P4__CHG2__path_1,P4,CHG2,path_1,19,11,66,5.85,0.35,0
P4__CHG2__path_1,P4,CHG2,path_1,20,11,67,5.95,0.35,0
P4__CHG2__path_1,P4,CHG2,path_1,21,11,68,6.05,0.35,0
P4__CHG2__path_1,P4,CHG2,path_1,22,11,69,6.15,0.35,0
P4__CHG2__path_1,P4,CHG2,path_1,23,11,70,6.25,0.35,0
P4__CHG2__path_1,P4,CHG2,path_1,24,11,71,6.35,0.35,0
P4__CHG2__path_1,P4,CHG2,path_1,25,11,72,6.45,0.35,0
P4__CHG2__path_1,P4,CHG2,path_1,26,11,73,6.55,0.35,0
P4__CHG2__path_1,P4,CHG2,path_1,27,11,74,6.65,0.35,0
P4__CHG2__path_1,P4,CHG2,path_1,28,11,75,6.75,0.35,0
P4__CHG2__path_1,P4,CHG2,path_1,29,11,76,6.85,0.35,0
P4__CHG2__path_1,P4,CHG2,path_1,30,11,77,6.95,0.35,0
P4__CHG2__path_1,P4,CHG2,path_1,31,11,78,7.05,0.35,0
P4__CHG2__path_1,P4,CHG2,path_1,32,11,79,7.15,0.35,0
P4__CHG2__path_1,P4,CHG2,path_1,33,11,80,7.25,0.35,0
P4__CHG2__path_1,P4,CHG2,path_1,34,11,81,7.35,0.35,0
P4__CHG2__path_1,P4,CHG2,path_1,35,11,82,7.45,0.35,0
P4__CHG2__path_1,P4,CHG2,path_1,36,11,83,7.55,0.35,0
P4__CHG2__path_1,P4,CHG2,path_1,37,11,84,7.65,0.35,0
P4__CHG2__path_1,P4,CHG2,path_1,38,11,85,7.75,0.35,0
P4__CHG2__path_1,P4,CHG2,path_1,39,11,86,7.85,0.35,0
P4__CHG2__path_1,P4,CHG2,path_1,40,11,87,7.95,0.35,0
P4__CHG2__path_1,P4,CHG2,path_1,41,11,88,8.05,0.35,0
P4__CHG2__path_1,P4,CHG2,path_1,42,11,89,8.15,0.35,0
P4__CHG2__path_1,P4,CHG2,path_1,43,11,90,8.25,0.35,0
P4__CHG2__path_1,P4,CHG2,path_1,44,11,91,8.35,0.35,0
P4__CHG2__path_1,P4,CHG2,path_1,45,11,92,8.45,0.35,0
P4__CHG2__path_1,P4,CHG2,path_1,46,10,93,8.55,0.25,0
P4__CHG2__path_1,P4,CHG2,path_1,47,10,94,8.65,0.25,0
P4__CHG2__path_1,P4,CHG2,path_1,48,9,95,8.75,0.15,0
P4__CHG2__path_1,P4,CHG2,path_1,49,9,96,8.85,0.15,0
P4__CHG2__path_1,P4,CHG2,path_1,50,9,97,8.95,0.15,0
P4__CHG2__path_1,P4,CHG2,path_1,51,8,98,9.05,0.05,0
P5__IN1__path_1,P5,IN1,path_1,0,48,64,5.65,4.05,0
P5__IN1__path_1,P5,IN1,path_1,1,48,63,5.55,4.05,0
P5__IN1__path_1,P5,IN1,path_1,2,48,62,5.45,4.05,0
P5__IN1__path_1,P5,IN1,path_1,3,48,61,5.35,4.05,0
P5__IN1__path_1,P5,IN1,path_1,4,48,60,5.25,4.05,0
P5__IN1__path_1,P5,IN1,path_1,5,48,59,5.15,4.05,0
P5__IN1__path_1,P5,IN1,path_1,6,48,58,5.05,4.05,0
P5__IN1__path_1,P5,IN1,path_1,7,48,57,4.95,4.05,0
P5__IN1__path_1,P5,IN1,path_1,8,48,56,4.85,4.05,0
P5__IN1__path_1,P5,IN1,path_1,9,48,55,4.75,4.05,0
P5__IN1__path_1,P5,IN1,path_1,10,47,54,4.65,3.95,0
P5__IN1__path_1,P5,IN1,path_1,11,46,53,4.55,3.85,0
P5__IN1__path_1,P5,IN1,path_1,12,45,52,4.45,3.75,0
P5__IN1__path_1,P5,IN1,path_1,13,44,51,4.35,3.65,0
P5__IN1__path_1,P5,IN1,path_1,14,43,50,4.25,3.55,0
P5__IN1__path_1,P5,IN1,path_1,15,42,49,4.15,3.45,0
P5__IN1__path_1,P5,IN1,path_1,16,41,48,4.05,3.35,0
P5__IN1__path_1,P5,IN1,path_1,17,40,47,3.95,3.25,0
P5__IN1__path_1,P5,IN1,path_1,18,39,46,3.85,3.15,0
P5__IN1__path_1,P5,IN1,path_1,19,39,45,3.75,3.15,0
P5__IN1__path_1,P5,IN1,path_1,20,39,44,3.65,3.15,0
P5__IN1__path_1,P5,IN1,path_1,21,39,43,3.55,3.15,0
P5__IN1__path_1,P5,IN1,path_1,22,39,42,3.45,3.15,0
P5__IN1__path_1,P5,IN1,path_1,23,39,41,3.35,3.15,0
P5__IN1__path_1,P5,IN1,path_1,24,39,40,3.25,3.15,0
P5__IN1__path_1,P5,IN1,path_1,25,39,39,3.15,3.15,0
P5__IN1__path_1,P5,IN1,path_1,26,39,38,3.05,3.15,0
P5__IN1__path_1,P5,IN1,path_1,27,38,37,2.95,3.05,0
P5__IN1__path_1,P5,IN1,path_1,28,37,36,2.85,2.95,0
P5__IN1__path_1,P5,IN1,path_1,29,36,35,2.75,2.85,0
P5__IN1__path_1,P5,IN1,path_1,30,35,34,2.65,2.75,0
P5__IN1__path_1,P5,IN1,path_1,31,34,33,2.55,2.65,0
P5__IN1__path_1,P5,IN1,path_1,32,33,32,2.45,2.55,0
P5__IN1__path_1,P5,IN1,path_1,33,32,31,2.35,2.45,0
P5__IN1__path_1,P5,IN1,path_1,34,31,30,2.25,2.35,0
P5__IN1__path_1,P5,IN1,path_1,35,30,29,2.15,2.25,0
P5__IN1__path_1,P5,IN1,path_1,36,29,28,2.05,2.15,0
P5__IN1__path_1,P5,IN1,path_1,37,28,27,1.95,2.05,0
P5__IN1__path_1,P5,IN1,path_1,38,27,26,1.85,1.95,0
P5__IN1__path_1,P5,IN1,path_1,39,26,25,1.75,1.85,0
P5__IN1__path_1,P5,IN1,path_1,40,25,24,1.65,1.75,0
P5__IN1__path_1,P5,IN1,path_1,41,25,23,1.55,1.75,0
P5__IN1__path_1,P5,IN1,path_1,42,24,22,1.45,1.65,0
P5__IN1__path_1,P5,IN1,path_1,43,24,21,1.35,1.65,0
P5__IN1__path_1,P5,IN1,path_1,44,23,20,1.25,1.55,0
P5__IN1__path_1,P5,IN1,path_1,45,23,19,1.15,1.55,0
P5__IN1__path_1,P5,IN1,path_1,46,23,18,1.05,1.55,0
P5__IN1__path_1,P5,IN1,path_1,47,22,17,0.95,1.45,0
P5__IN1__path_1,P5,IN1,path_1,48,22,16,0.85,1.45,0
P5__IN1__path_1,P5,IN1,path_1,49,21,15,0.75,1.35,0
P5__IN1__path_1,P5,IN1,path_1,50,21,14,0.65,1.35,0
P5__IN1__path_1,P5,IN1,path_1,51,20,13,0.55,1.25,0
P5__IN1__path_1,P5,IN1,path_1,52,20,12,0.45,1.25,0
P5__IN1__path_1,P5,IN1,path_1,53,19,11,0.35,1.15,0
P5__IN1__path_1,P5,IN1,path_1,54,19,10,0.25,1.15,0
P5__IN1__path_1,P5,IN1,path_1,55,19,9,0.15,1.15,0
P5__IN1__path_1,P5,IN1,path_1,56,18,8,0.05,1.05,0
P5__IN2__path_1,P5,IN2,path_1,0,48,64,5.65,4.05,0
P5__IN2__path_1,P5,IN2,path_1,1,48,63,5.55,4.05,0
P5__IN2__path_1,P5,IN2,path_1,2,48,62,5.45,4.05,0
P5__IN2__path_1,P5,IN2,path_1,3,48,61,5.35,4.05,0
P5__IN2__path_1,P5,IN2,path_1,4,48,60,5.25,4.05,0
P5__IN2__path_1,P5,IN2,path_1,5,48,59,5.15,4.05,0
P5__IN2__path_1,P5,IN2,path_1,6,48,58,5.05,4.05,0
P5__IN2__path_1,P5,IN2,path_1,7,48,57,4.95,4.05,0
P5__IN2__path_1,P5,IN2,path_1,8,48,56,4.85,4.05,0
P5__IN2__path_1,P5,IN2,path_1,9,48,55,4.75,4.05,0
P5__IN2__path_1,P5,IN2,path_1,10,48,54,4.65,4.05,0
P5__IN2__path_1,P5,IN2,path_1,11,48,53,4.55,4.05,0
P5__IN2__path_1,P5,IN2,path_1,12,48,52,4.45,4.05,0
P5__IN2__path_1,P5,IN2,path_1,13,48,51,4.35,4.05,0
P5__IN2__path_1,P5,IN2,path_1,14,48,50,4.25,4.05,0
P5__IN2__path_1,P5,IN2,path_1,15,48,49,4.15,4.05,0
P5__IN2__path_1,P5,IN2,path_1,16,48,48,4.05,4.05,0
P5__IN2__path_1,P5,IN2,path_1,17,48,47,3.95,4.05,0
P5__IN2__path_1,P5,IN2,path_1,18,48,46,3.85,4.05,0
P5__IN2__path_1,P5,IN2,path_1,19,48,45,3.75,4.05,0
P5__IN2__path_1,P5,IN2,path_1,20,48,44,3.65,4.05,0
P5__IN2__path_1,P5,IN2,path_1,21,48,43,3.55,4.05,0
P5__IN2__path_1,P5,IN2,path_1,22,48,42,3.45,4.05,0
P5__IN2__path_1,P5,IN2,path_1,23,48,41,3.35,4.05,0
P5__IN2__path_1,P5,IN2,path_1,24,48,40,3.25,4.05,0
P5__IN2__path_1,P5,IN2,path_1,25,48,39,3.15,4.05,0
P5__IN2__path_1,P5,IN2,path_1,26,48,38,3.05,4.05,0
P5__IN2__path_1,P5,IN2,path_1,27,48,37,2.95,4.05,0
P5__IN2__path_1,P5,IN2,path_1,28,48,36,2.85,4.05,0
P5__IN2__path_1,P5,IN2,path_1,29,48,35,2.75,4.05,0
P5__IN2__path_1,P5,IN2,path_1,30,48,34,2.65,4.05,0
P5__IN2__path_1,P5,IN2,path_1,31,48,33,2.55,4.05,0
P5__IN2__path_1,P5,IN2,path_1,32,48,32,2.45,4.05,0
P5__IN2__path_1,P5,IN2,path_1,33,48,31,2.35,4.05,0
P5__IN2__path_1,P5,IN2,path_1,34,49,30,2.25,4.15,0
P5__IN2__path_1,P5,IN2,path_1,35,50,29,2.15,4.25,0
P5__IN2__path_1,P5,IN2,path_1,36,51,28,2.05,4.35,0
P5__IN2__path_1,P5,IN2,path_1,37,52,27,1.95,4.45,0
P5__IN2__path_1,P5,IN2,path_1,38,53,26,1.85,4.55,0
P5__IN2__path_1,P5,IN2,path_1,39,53,25,1.75,4.55,0
P5__IN2__path_1,P5,IN2,path_1,40,53,24,1.65,4.55,0
P5__IN2__path_1,P5,IN2,path_1,41,53,23,1.55,4.55,0
P5__IN2__path_1,P5,IN2,path_1,42,53,22,1.45,4.55,0
P5__IN2__path_1,P5,IN2,path_1,43,53,21,1.35,4.55,0
P5__IN2__path_1,P5,IN2,path_1,44,53,20,1.25,4.55,0
P5__IN2__path_1,P5,IN2,path_1,45,53,19,1.15,4.55,0
P5__IN2__path_1,P5,IN2,path_1,46,53,18,1.05,4.55,0
P5__IN2__path_1,P5,IN2,path_1,47,53,17,0.95,4.55,0
P5__IN2__path_1,P5,IN2,path_1,48,53,16,0.85,4.55,0
P5__IN2__path_1,P5,IN2,path_1,49,54,15,0.75,4.65,0
P5__IN2__path_1,P5,IN2,path_1,50,54,14,0.65,4.65,0
P5__IN2__path_1,P5,IN2,path_1,51,55,13,0.55,4.75,0
P5__IN2__path_1,P5,IN2,path_1,52,55,12,0.45,4.75,0
P5__IN2__path_1,P5,IN2,path_1,53,56,11,0.35,4.85,0
P5__IN2__path_1,P5,IN2,path_1,54,56,10,0.25,4.85,0
P5__IN2__path_1,P5,IN2,path_1,55,56,9,0.15,4.85,0
P5__IN2__path_1,P5,IN2,path_1,56,57,8,0.05,4.95,0
P5__P1__path_1,P5,P1,path_1,0,48,64,5.65,4.05,0
P5__P1__path_1,P5,P1,path_1,1,48,63,5.55,4.05,0
P5__P1__path_1,P5,P1,path_1,2,48,62,5.45,4.05,0
P5__P1__path_1,P5,P1,path_1,3,48,61,5.35,4.05,0
P5__P1__path_1,P5,P1,path_1,4,48,60,5.25,4.05,0
P5__P1__path_1,P5,P1,path_1,5,48,59,5.15,4.05,0
P5__P1__path_1,P5,P1,path_1,6,48,58,5.05,4.05,0
P5__P1__path_1,P5,P1,path_1,7,48,57,4.95,4.05,0
P5__P1__path_1,P5,P1,path_1,8,48,56,4.85,4.05,0
P5__P1__path_1,P5,P1,path_1,9,48,55,4.75,4.05,0
P5__P1__path_1,P5,P1,path_1,10,47,54,4.65,3.95,0
P5__P1__path_1,P5,P1,path_1,11,46,53,4.55,3.85,0
P5__P1__path_1,P5,P1,path_1,12,45,52,4.45,3.75,0
P5__P1__path_1,P5,P1,path_1,13,44,51,4.35,3.65,0
P5__P1__path_1,P5,P1,path_1,14,43,50,4.25,3.55,0
P5__P1__path_1,P5,P1,path_1,15,42,49,4.15,3.45,0
P5__P1__path_1,P5,P1,path_1,16,41,48,4.05,3.35,0
P5__P1__path_1,P5,P1,path_1,17,40,47,3.95,3.25,0
P5__P1__path_1,P5,P1,path_1,18,39,46,3.85,3.15,0
P5__P1__path_1,P5,P1,path_1,19,39,45,3.75,3.15,0
P5__P1__path_1,P5,P1,path_1,20,39,44,3.65,3.15,0
P5__P1__path_1,P5,P1,path_1,21,39,43,3.55,3.15,0
P5__P1__path_1,P5,P1,path_1,22,39,42,3.45,3.15,0
P5__P1__path_1,P5,P1,path_1,23,39,41,3.35,3.15,0
P5__P1__path_1,P5,P1,path_1,24,39,40,3.25,3.15,0
P5__P1__path_1,P5,P1,path_1,25,39,39,3.15,3.15,0
P5__P1__path_1,P5,P1,path_1,26,39,38,3.05,3.15,0
P5__P1__path_1,P5,P1,path_1,27,38,38,3.05,3.05,0
P5__P1__path_1,P5,P1,path_1,28,37,38,3.05,2.95,0
P5__P1__path_1,P5,P1,path_1,29,36,38,3.05,2.85,0
P5__P1__path_1,P5,P1,path_1,30,35,38,3.05,2.75,0
P5__P1__path_1,P5,P1,path_1,31,34,38,3.05,2.65,0
P5__P1__path_1,P5,P1,path_1,32,33,38,3.05,2.55,0
P5__P1__path_1,P5,P1,path_1,33,32,38,3.05,2.45,0
P5__P1__path_1,P5,P1,path_1,34,31,38,3.05,2.35,0
P5__P1__path_1,P5,P1,path_1,35,30,38,3.05,2.25,0
P5__P1__path_1,P5,P1,path_1,36,29,38,3.05,2.15,0
P5__P1__path_1,P5,P1,path_1,37,28,38,3.05,2.05,0
P5__P1__path_1,P5,P1,path_1,38,27,38,3.05,1.95,0
P5__P1__path_1,P5,P1,path_1,39,26,38,3.05,1.85,0
P5__P1__path_1,P5,P1,path_1,40,25,38,3.05,1.75,0
P5__P1__path_1,P5,P1,path_1,41,24,38,3.05,1.65,0
P5__P1__path_1,P5,P1,path_1,42,23,38,3.05,1.55,0
P5__P1__path_1,P5,P1,path_1,43,22,38,3.05,1.45,0
P5__P1__path_1,P5,P1,path_1,44,21,38,3.05,1.35,0
P5__P1__path_1,P5,P1,path_1,45,20,38,3.05,1.25,0
P5__P1__path_1,P5,P1,path_1,46,19,38,3.05,1.15,0
P5__P1__path_1,P5,P1,path_1,47,18,38,3.05,1.05,0
P5__P1__path_1,P5,P1,path_1,48,17,37,2.95,0.95,0
P5__P2__path_1,P5,P2,path_1,0,48,64,5.65,4.05,0
P5__P2__path_1,P5,P2,path_1,1,48,63,5.55,4.05,0
P5__P2__path_1,P5,P2,path_1,2,48,62,5.45,4.05,0
P5__P2__path_1,P5,P2,path_1,3,48,61,5.35,4.05,0
P5__P2__path_1,P5,P2,path_1,4,48,60,5.25,4.05,0
P5__P2__path_1,P5,P2,path_1,5,48,59,5.15,4.05,0
P5__P2__path_1,P5,P2,path_1,6,48,58,5.05,4.05,0
P5__P2__path_1,P5,P2,path_1,7,48,57,4.95,4.05,0
P5__P2__path_1,P5,P2,path_1,8,48,56,4.85,4.05,0
P5__P2__path_1,P5,P2,path_1,9,48,55,4.75,4.05,0
P5__P2__path_1,P5,P2,path_1,10,47,55,4.75,3.95,0
P5__P2__path_1,P5,P2,path_1,11,46,55,4.75,3.85,0
P5__P2__path_1,P5,P2,path_1,12,45,55,4.75,3.75,0
P5__P2__path_1,P5,P2,path_1,13,44,55,4.75,3.65,0
P5__P2__path_1,P5,P2,path_1,14,43,55,4.75,3.55,0
P5__P2__path_1,P5,P2,path_1,15,42,55,4.75,3.45,0
P5__P2__path_1,P5,P2,path_1,16,41,55,4.75,3.35,0
P5__P2__path_1,P5,P2,path_1,17,40,55,4.75,3.25,0
P5__P2__path_1,P5,P2,path_1,18,39,54,4.65,3.15,0
P5__P2__path_1,P5,P2,path_1,19,38,53,4.55,3.05,0
P5__P2__path_1,P5,P2,path_1,20,37,53,4.55,2.95,0
P5__P2__path_1,P5,P2,path_1,21,36,53,4.55,2.85,0
P5__P2__path_1,P5,P2,path_1,22,35,53,4.55,2.75,0
P5__P2__path_1,P5,P2,path_1,23,34,53,4.55,2.65,0
P5__P2__path_1,P5,P2,path_1,24,33,53,4.55,2.55,0
P5__P2__path_1,P5,P2,path_1,25,32,53,4.55,2.45,0
P5__P2__path_1,P5,P2,path_1,26,31,53,4.55,2.35,0
P5__P3__path_1,P5,P3,path_1,0,48,64,5.65,4.05,0
P5__P3__path_1,P5,P3,path_1,1,48,63,5.55,4.05,0
P5__P3__path_1,P5,P3,path_1,2,48,62,5.45,4.05,0
P5__P3__path_1,P5,P3,path_1,3,48,61,5.35,4.05,0
P5__P3__path_1,P5,P3,path_1,4,48,60,5.25,4.05,0
P5__P3__path_1,P5,P3,path_1,5,48,59,5.15,4.05,0
P5__P3__path_1,P5,P3,path_1,6,48,58,5.05,4.05,0
P5__P3__path_1,P5,P3,path_1,7,48,57,4.95,4.05,0
P5__P3__path_1,P5,P3,path_1,8,48,56,4.85,4.05,0
P5__P3__path_1,P5,P3,path_1,9,48,55,4.75,4.05,0
P5__P3__path_1,P5,P3,path_1,10,48,54,4.65,4.05,0
P5__P3__path_1,P5,P3,path_1,11,48,53,4.55,4.05,0
P5__P3__path_1,P5,P3,path_1,12,49,52,4.45,4.15,0
P5__P3__path_1,P5,P3,path_1,13,49,51,4.35,4.15,0
P5__P3__path_1,P5,P3,path_1,14,49,50,4.25,4.15,0
P5__P3__path_1,P5,P3,path_1,15,49,49,4.15,4.15,0
P5__P3__path_1,P5,P3,path_1,16,49,48,4.05,4.15,0
P5__P3__path_1,P5,P3,path_1,17,49,47,3.95,4.15,0
P5__P3__path_1,P5,P3,path_1,18,49,46,3.85,4.15,0
P5__P3__path_1,P5,P3,path_1,19,49,45,3.75,4.15,0
P5__P3__path_1,P5,P3,path_1,20,49,44,3.65,4.15,0
P5__P3__path_1,P5,P3,path_1,21,49,43,3.55,4.15,0
P5__P3__path_1,P5,P3,path_1,22,50,43,3.55,4.25,0
P5__P3__path_1,P5,P3,path_1,23,51,43,3.55,4.35,0
P5__P3__path_1,P5,P3,path_1,24,52,43,3.55,4.45,0
P5__P3__path_1,P5,P3,path_1,25,53,43,3.55,4.55,0
P5__P3__path_1,P5,P3,path_1,26,54,43,3.55,4.65,0
P5__P3__path_1,P5,P3,path_1,27,55,43,3.55,4.75,0
P5__P3__path_1,P5,P3,path_1,28,56,43,3.55,4.85,0
P5__P3__path_1,P5,P3,path_1,29,57,43,3.55,4.95,0
P5__P3__path_1,P5,P3,path_1,30,58,43,3.55,5.05,0
P5__P3__path_1,P5,P3,path_1,31,59,43,3.55,5.15,0
P5__P3__path_1,P5,P3,path_1,32,60,43,3.55,5.25,0
P5__P4__path_1,P5,P4,path_1,0,48,64,5.65,4.05,0
P5__P4__path_1,P5,P4,path_1,1,48,63,5.55,4.05,0
P5__P4__path_1,P5,P4,path_1,2,48,62,5.45,4.05,0
P5__P4__path_1,P5,P4,path_1,3,48,61,5.35,4.05,0
P5__P4__path_1,P5,P4,path_1,4,48,60,5.25,4.05,0
P5__P4__path_1,P5,P4,path_1,5,48,59,5.15,4.05,0
P5__P4__path_1,P5,P4,path_1,6,48,58,5.05,4.05,0
P5__P4__path_1,P5,P4,path_1,7,48,57,4.95,4.05,0
P5__P4__path_1,P5,P4,path_1,8,48,56,4.85,4.05,0
P5__P4__path_1,P5,P4,path_1,9,48,55,4.75,4.05,0
P5__P4__path_1,P5,P4,path_1,10,47,55,4.75,3.95,0
P5__P4__path_1,P5,P4,path_1,11,46,55,4.75,3.85,0
P5__P4__path_1,P5,P4,path_1,12,45,55,4.75,3.75,0
P5__P4__path_1,P5,P4,path_1,13,44,55,4.75,3.65,0
P5__P4__path_1,P5,P4,path_1,14,43,55,4.75,3.55,0
P5__P4__path_1,P5,P4,path_1,15,42,55,4.75,3.45,0
P5__P4__path_1,P5,P4,path_1,16,41,55,4.75,3.35,0
P5__P4__path_1,P5,P4,path_1,17,40,55,4.75,3.25,0
P5__P4__path_1,P5,P4,path_1,18,39,55,4.75,3.15,0
P5__P4__path_1,P5,P4,path_1,19,38,55,4.75,3.05,0
P5__P4__path_1,P5,P4,path_1,20,37,55,4.75,2.95,0
P5__P4__path_1,P5,P4,path_1,21,36,55,4.75,2.85,0
P5__P4__path_1,P5,P4,path_1,22,35,55,4.75,2.75,0
P5__P4__path_1,P5,P4,path_1,23,34,55,4.75,2.65,0
P5__P4__path_1,P5,P4,path_1,24,33,55,4.75,2.55,0
P5__P4__path_1,P5,P4,path_1,25,32,55,4.75,2.45,0
P5__P4__path_1,P5,P4,path_1,26,31,55,4.75,2.35,0
P5__P4__path_1,P5,P4,path_1,27,30,55,4.75,2.25,0
P5__P4__path_1,P5,P4,path_1,28,29,55,4.75,2.15,0
P5__P4__path_1,P5,P4,path_1,29,28,55,4.75,2.05,0
P5__P4__path_1,P5,P4,path_1,30,27,55,4.75,1.95,0
P5__P4__path_1,P5,P4,path_1,31,26,55,4.75,1.85,0
P5__P4__path_1,P5,P4,path_1,32,25,55,4.75,1.75,0
P5__P4__path_1,P5,P4,path_1,33,24,56,4.85,1.65,0
P5__P4__path_1,P5,P4,path_1,34,23,56,4.85,1.55,0
P5__P4__path_1,P5,P4,path_1,35,22,56,4.85,1.45,0
P5__P4__path_1,P5,P4,path_1,36,21,57,4.95,1.35,0
P5__P6__path_1,P5,P6,path_1,0,48,64,5.65,4.05,0
P5__P6__path_1,P5,P6,path_1,1,49,64,5.65,4.15,0
P5__P6__path_1,P5,P6,path_1,2,50,64,5.65,4.25,0
P5__P6__path_1,P5,P6,path_1,3,51,64,5.65,4.35,0
P5__P6__path_1,P5,P6,path_1,4,52,64,5.65,4.45,0
P5__P6__path_1,P5,P6,path_1,5,53,64,5.65,4.55,0
P5__P6__path_1,P5,P6,path_1,6,54,64,5.65,4.65,0
P5__P6__path_1,P5,P6,path_1,7,55,64,5.65,4.75,0
P5__P6__path_1,P5,P6,path_1,8,56,64,5.65,4.85,0
P5__P6__path_1,P5,P6,path_1,9,57,64,5.65,4.95,0
P5__P6__path_1,P5,P6,path_1,10,58,64,5.65,5.05,0
P5__P6__path_1,P5,P6,path_1,11,59,64,5.65,5.15,0
P5__P6__path_1,P5,P6,path_1,12,60,65,5.75,5.25,0
P5__P6__path_1,P5,P6,path_1,13,61,66,5.85,5.35,0
P5__P6__path_1,P5,P6,path_1,14,62,67,5.95,5.45,0
P5__P6__path_1,P5,P6,path_1,15,63,68,6.05,5.55,0
P5__P6__path_1,P5,P6,path_1,16,64,68,6.05,5.65,0
P5__P6__path_1,P5,P6,path_1,17,65,68,6.05,5.75,0
P5__P6__path_1,P5,P6,path_1,18,65,69,6.15,5.75,0
P5__P6__path_1,P5,P6,path_1,19,65,70,6.25,5.75,0
P5__P6__path_1,P5,P6,path_1,20,65,71,6.35,5.75,0
P5__P6__path_1,P5,P6,path_1,21,65,72,6.45,5.75,0
P5__P6__path_1,P5,P6,path_1,22,65,73,6.55,5.75,0
P5__P6__path_1,P5,P6,path_1,23,65,74,6.65,5.75,0
P5__P6__path_1,P5,P6,path_1,24,65,75,6.75,5.75,0
P5__P6__path_1,P5,P6,path_1,25,65,76,6.85,5.75,0
P5__P6__path_1,P5,P6,path_1,26,65,77,6.95,5.75,0
P5__P6__path_1,P5,P6,path_1,27,65,78,7.05,5.75,0
P5__P6__path_1,P5,P6,path_1,28,65,79,7.15,5.75,0
P5__P6__path_1,P5,P6,path_1,29,65,80,7.25,5.75,0
P5__P6__path_1,P5,P6,path_1,30,65,81,7.35,5.75,0
P5__P6__path_1,P5,P6,path_1,31,65,82,7.45,5.75,0
P5__P6__path_1,P5,P6,path_1,32,65,83,7.55,5.75,0
P5__P6__path_1,P5,P6,path_1,33,65,84,7.65,5.75,0
P5__P6__path_1,P5,P6,path_1,34,65,85,7.75,5.75,0
P5__P6__path_1,P5,P6,path_1,35,65,86,7.85,5.75,0
P5__P6__path_1,P5,P6,path_1,36,65,87,7.95,5.75,0
P5__P7__path_1,P5,P7,path_1,0,48,64,5.65,4.05,0
P5__P7__path_1,P5,P7,path_1,1,48,65,5.75,4.05,0
P5__P7__path_1,P5,P7,path_1,2,48,66,5.85,4.05,0
P5__P7__path_1,P5,P7,path_1,3,48,67,5.95,4.05,0
P5__P7__path_1,P5,P7,path_1,4,48,68,6.05,4.05,0
P5__P7__path_1,P5,P7,path_1,5,48,69,6.15,4.05,0
P5__P7__path_1,P5,P7,path_1,6,48,70,6.25,4.05,0
P5__P7__path_1,P5,P7,path_1,7,48,71,6.35,4.05,0
P5__P7__path_1,P5,P7,path_1,8,48,72,6.45,4.05,0
P5__P7__path_1,P5,P7,path_1,9,48,73,6.55,4.05,0
P5__P7__path_1,P5,P7,path_1,10,47,73,6.55,3.95,0
P5__P7__path_1,P5,P7,path_1,11,46,73,6.55,3.85,0
P5__P7__path_1,P5,P7,path_1,12,45,74,6.65,3.75,0
P5__P7__path_1,P5,P7,path_1,13,44,75,6.75,3.65,0
P5__P7__path_1,P5,P7,path_1,14,43,76,6.85,3.55,0
P5__P7__path_1,P5,P7,path_1,15,42,77,6.95,3.45,0
P5__P7__path_1,P5,P7,path_1,16,41,78,7.05,3.35,0
P5__P7__path_1,P5,P7,path_1,17,40,79,7.15,3.25,0
P5__P7__path_1,P5,P7,path_1,18,39,79,7.15,3.15,0
P5__P7__path_1,P5,P7,path_1,19,38,79,7.15,3.05,0
P5__P7__path_1,P5,P7,path_1,20,37,79,7.15,2.95,0
P5__P7__path_1,P5,P7,path_1,21,36,79,7.15,2.85,0
P5__P7__path_1,P5,P7,path_1,22,35,79,7.15,2.75,0
P5__P7__path_1,P5,P7,path_1,23,34,79,7.15,2.65,0
P5__P7__path_1,P5,P7,path_1,24,33,79,7.15,2.55,0
P5__P7__path_1,P5,P7,path_1,25,32,79,7.15,2.45,0
P5__P7__path_1,P5,P7,path_1,26,31,79,7.15,2.35,0
P5__P7__path_1,P5,P7,path_1,27,30,79,7.15,2.25,0
P5__P7__path_1,P5,P7,path_1,28,29,79,7.15,2.15,0
P5__P7__path_1,P5,P7,path_1,29,28,79,7.15,2.05,0
P5__P7__path_1,P5,P7,path_1,30,27,79,7.15,1.95,0
P5__P7__path_1,P5,P7,path_1,31,26,79,7.15,1.85,0
P5__P7__path_1,P5,P7,path_1,32,25,79,7.15,1.75,0
P5__P7__path_1,P5,P7,path_1,33,24,79,7.15,1.65,0
P5__P7__path_1,P5,P7,path_1,34,23,79,7.15,1.55,0
P5__P7__path_1,P5,P7,path_1,35,22,79,7.15,1.45,0
P5__P7__path_1,P5,P7,path_1,36,21,79,7.15,1.35,0
P5__P7__path_1,P5,P7,path_1,37,20,79,7.15,1.25,0
P5__P7__path_1,P5,P7,path_1,38,19,79,7.15,1.15,0
P5__P7__path_1,P5,P7,path_1,39,18,80,7.25,1.05,0
P5__P8__path_1,P5,P8,path_1,0,48,64,5.65,4.05,0
P5__P8__path_1,P5,P8,path_1,1,48,65,5.75,4.05,0
P5__P8__path_1,P5,P8,path_1,2,48,66,5.85,4.05,0
P5__P8__path_1,P5,P8,path_1,3,48,67,5.95,4.05,0
P5__P8__path_1,P5,P8,path_1,4,48,68,6.05,4.05,0
P5__P8__path_1,P5,P8,path_1,5,48,69,6.15,4.05,0
P5__P8__path_1,P5,P8,path_1,6,48,70,6.25,4.05,0
P5__P8__path_1,P5,P8,path_1,7,48,71,6.35,4.05,0
P5__P8__path_1,P5,P8,path_1,8,48,72,6.45,4.05,0
P5__P8__path_1,P5,P8,path_1,9,48,73,6.55,4.05,0
P5__P8__path_1,P5,P8,path_1,10,47,74,6.65,3.95,0
P5__P8__path_1,P5,P8,path_1,11,46,75,6.75,3.85,0
P5__P8__path_1,P5,P8,path_1,12,45,76,6.85,3.75,0
P5__P8__path_1,P5,P8,path_1,13,44,77,6.95,3.65,0
P5__P8__path_1,P5,P8,path_1,14,43,78,7.05,3.55,0
P5__P8__path_1,P5,P8,path_1,15,42,79,7.15,3.45,0
P5__P8__path_1,P5,P8,path_1,16,41,80,7.25,3.35,0
P5__P8__path_1,P5,P8,path_1,17,40,81,7.35,3.25,0
P5__P8__path_1,P5,P8,path_1,18,40,82,7.45,3.25,0
P5__P8__path_1,P5,P8,path_1,19,40,83,7.55,3.25,0
P5__P8__path_1,P5,P8,path_1,20,40,84,7.65,3.25,0
P5__P8__path_1,P5,P8,path_1,21,40,85,7.75,3.25,0
P5__P8__path_1,P5,P8,path_1,22,40,86,7.85,3.25,0
P5__P8__path_1,P5,P8,path_1,23,40,87,7.95,3.25,0
P5__P8__path_1,P5,P8,path_1,24,40,88,8.05,3.25,0
P5__P8__path_1,P5,P8,path_1,25,40,89,8.15,3.25,0
P5__P8__path_1,P5,P8,path_1,26,40,90,8.25,3.25,0
P5__P8__path_1,P5,P8,path_1,27,40,91,8.35,3.25,0
P5__P8__path_1,P5,P8,path_1,28,40,92,8.45,3.25,0
P5__P8__path_1,P5,P8,path_1,29,40,93,8.55,3.25,0
P5__P8__path_1,P5,P8,path_1,30,40,94,8.65,3.25,0
P5__P8__path_1,P5,P8,path_1,31,40,95,8.75,3.25,0
P5__P8__path_1,P5,P8,path_1,32,40,96,8.85,3.25,0
P5__P8__path_1,P5,P8,path_1,33,39,96,8.85,3.15,0
P5__P8__path_1,P5,P8,path_1,34,38,96,8.85,3.05,0
P5__P8__path_1,P5,P8,path_1,35,37,96,8.85,2.95,0
P5__P8__path_1,P5,P8,path_1,36,36,96,8.85,2.85,0
P5__P8__path_1,P5,P8,path_1,37,35,96,8.85,2.75,0
P5__P8__path_1,P5,P8,path_1,38,34,96,8.85,2.65,0
P5__P8__path_1,P5,P8,path_1,39,33,96,8.85,2.55,0
P5__P8__path_1,P5,P8,path_1,40,32,96,8.85,2.45,0
P5__P8__path_1,P5,P8,path_1,41,31,96,8.85,2.35,0
P5__P9__path_1,P5,P9,path_1,0,48,64,5.65,4.05,0
P5__P9__path_1,P5,P9,path_1,1,49,65,5.75,4.15,0
P5__P9__path_1,P5,P9,path_1,2,50,66,5.85,4.25,0
P5__P9__path_1,P5,P9,path_1,3,51,67,5.95,4.35,0
P5__P9__path_1,P5,P9,path_1,4,52,67,5.95,4.45,0
P5__P9__path_1,P5,P9,path_1,5,53,67,5.95,4.55,0
P5__P9__path_1,P5,P9,path_1,6,54,67,5.95,4.65,0
P5__P9__path_1,P5,P9,path_1,7,55,67,5.95,4.75,0
P5__P9__path_1,P5,P9,path_1,8,56,67,5.95,4.85,0
P5__P9__path_1,P5,P9,path_1,9,57,67,5.95,4.95,0
P5__P9__path_1,P5,P9,path_1,10,58,68,6.05,5.05,0
P5__SORT1__path_1,P5,SORT1,path_1,0,48,64,5.65,4.05,0
P5__SORT1__path_1,P5,SORT1,path_1,1,48,65,5.75,4.05,0
P5__SORT1__path_1,P5,SORT1,path_1,2,48,66,5.85,4.05,0
P5__SORT1__path_1,P5,SORT1,path_1,3,48,67,5.95,4.05,0
P5__SORT1__path_1,P5,SORT1,path_1,4,48,68,6.05,4.05,0
P5__SORT1__path_1,P5,SORT1,path_1,5,48,69,6.15,4.05,0
P5__SORT1__path_1,P5,SORT1,path_1,6,48,70,6.25,4.05,0
P5__SORT1__path_1,P5,SORT1,path_1,7,48,71,6.35,4.05,0
P5__SORT1__path_1,P5,SORT1,path_1,8,48,72,6.45,4.05,0
P5__SORT1__path_1,P5,SORT1,path_1,9,48,73,6.55,4.05,0
P5__SORT1__path_1,P5,SORT1,path_1,10,47,74,6.65,3.95,0
P5__SORT1__path_1,P5,SORT1,path_1,11,46,75,6.75,3.85,0
P5__SORT1__path_1,P5,SORT1,path_1,12,45,76,6.85,3.75,0
P5__SORT1__path_1,P5,SORT1,path_1,13,44,77,6.95,3.65,0
P5__SORT1__path_1,P5,SORT1,path_1,14,43,78,7.05,3.55,0
P5__SORT1__path_1,P5,SORT1,path_1,15,42,79,7.15,3.45,0
P5__SORT1__path_1,P5,SORT1,path_1,16,41,80,7.25,3.35,0
P5__SORT1__path_1,P5,SORT1,path_1,17,40,81,7.35,3.25,0
P5__SORT1__path_1,P5,SORT1,path_1,18,40,82,7.45,3.25,0
P5__SORT1__path_1,P5,SORT1,path_1,19,40,83,7.55,3.25,0
P5__SORT1__path_1,P5,SORT1,path_1,20,40,84,7.65,3.25,0
P5__SORT1__path_1,P5,SORT1,path_1,21,40,85,7.75,3.25,0
P5__SORT1__path_1,P5,SORT1,path_1,22,40,86,7.85,3.25,0
P5__SORT1__path_1,P5,SORT1,path_1,23,40,87,7.95,3.25,0
P5__SORT1__path_1,P5,SORT1,path_1,24,40,88,8.05,3.25,0
P5__SORT1__path_1,P5,SORT1,path_1,25,40,89,8.15,3.25,0
P5__SORT1__path_1,P5,SORT1,path_1,26,40,90,8.25,3.25,0
P5__SORT1__path_1,P5,SORT1,path_1,27,40,91,8.35,3.25,0
P5__SORT1__path_1,P5,SORT1,path_1,28,40,92,8.45,3.25,0
P5__SORT1__path_1,P5,SORT1,path_1,29,40,93,8.55,3.25,0
P5__SORT1__path_1,P5,SORT1,path_1,30,40,94,8.65,3.25,0
P5__SORT1__path_1,P5,SORT1,path_1,31,40,95,8.75,3.25,0
P5__SORT1__path_1,P5,SORT1,path_1,32,40,96,8.85,3.25,0
P5__SORT1__path_1,P5,SORT1,path_1,33,39,97,8.95,3.15,0
P5__SORT1__path_1,P5,SORT1,path_1,34,38,98,9.05,3.05,0
P5__SORT1__path_1,P5,SORT1,path_1,35,37,99,9.15,2.95,0
P5__SORT1__path_1,P5,SORT1,path_1,36,36,100,9.25,2.85,0
P5__SORT1__path_1,P5,SORT1,path_1,37,35,101,9.35,2.75,0
P5__SORT1__path_1,P5,SORT1,path_1,38,34,102,9.45,2.65,0
P5__SORT1__path_1,P5,SORT1,path_1,39,33,103,9.55,2.55,0
P5__SORT1__path_1,P5,SORT1,path_1,40,32,104,9.65,2.45,0
P5__SORT1__path_1,P5,SORT1,path_1,41,31,104,9.65,2.35,0
P5__SORT1__path_1,P5,SORT1,path_1,42,30,104,9.65,2.25,0
P5__SORT1__path_1,P5,SORT1,path_1,43,29,105,9.75,2.15,0
P5__SORT2__path_1,P5,SORT2,path_1,0,48,64,5.65,4.05,0
P5__SORT2__path_1,P5,SORT2,path_1,1,48,65,5.75,4.05,0
P5__SORT2__path_1,P5,SORT2,path_1,2,48,66,5.85,4.05,0
P5__SORT2__path_1,P5,SORT2,path_1,3,48,67,5.95,4.05,0
P5__SORT2__path_1,P5,SORT2,path_1,4,48,68,6.05,4.05,0
P5__SORT2__path_1,P5,SORT2,path_1,5,48,69,6.15,4.05,0
P5__SORT2__path_1,P5,SORT2,path_1,6,48,70,6.25,4.05,0
P5__SORT2__path_1,P5,SORT2,path_1,7,48,71,6.35,4.05,0
P5__SORT2__path_1,P5,SORT2,path_1,8,48,72,6.45,4.05,0
P5__SORT2__path_1,P5,SORT2,path_1,9,48,73,6.55,4.05,0
P5__SORT2__path_1,P5,SORT2,path_1,10,48,74,6.65,4.05,0
P5__SORT2__path_1,P5,SORT2,path_1,11,48,75,6.75,4.05,0
P5__SORT2__path_1,P5,SORT2,path_1,12,48,76,6.85,4.05,0
P5__SORT2__path_1,P5,SORT2,path_1,13,48,77,6.95,4.05,0
P5__SORT2__path_1,P5,SORT2,path_1,14,48,78,7.05,4.05,0
P5__SORT2__path_1,P5,SORT2,path_1,15,48,79,7.15,4.05,0
P5__SORT2__path_1,P5,SORT2,path_1,16,48,80,7.25,4.05,0
P5__SORT2__path_1,P5,SORT2,path_1,17,48,81,7.35,4.05,0
P5__SORT2__path_1,P5,SORT2,path_1,18,48,82,7.45,4.05,0
P5__SORT2__path_1,P5,SORT2,path_1,19,48,83,7.55,4.05,0
P5__SORT2__path_1,P5,SORT2,path_1,20,48,84,7.65,4.05,0
P5__SORT2__path_1,P5,SORT2,path_1,21,48,85,7.75,4.05,0
P5__SORT2__path_1,P5,SORT2,path_1,22,48,86,7.85,4.05,0
P5__SORT2__path_1,P5,SORT2,path_1,23,48,87,7.95,4.05,0
P5__SORT2__path_1,P5,SORT2,path_1,24,48,88,8.05,4.05,0
P5__SORT2__path_1,P5,SORT2,path_1,25,48,89,8.15,4.05,0
P5__SORT2__path_1,P5,SORT2,path_1,26,48,90,8.25,4.05,0
P5__SORT2__path_1,P5,SORT2,path_1,27,48,91,8.35,4.05,0
P5__SORT2__path_1,P5,SORT2,path_1,28,48,92,8.45,4.05,0
P5__SORT2__path_1,P5,SORT2,path_1,29,48,93,8.55,4.05,0
P5__SORT2__path_1,P5,SORT2,path_1,30,48,94,8.65,4.05,0
P5__SORT2__path_1,P5,SORT2,path_1,31,48,95,8.75,4.05,0
P5__SORT2__path_1,P5,SORT2,path_1,32,48,96,8.85,4.05,0
P5__SORT2__path_1,P5,SORT2,path_1,33,48,97,8.95,4.05,0
P5__SORT2__path_1,P5,SORT2,path_1,34,48,98,9.05,4.05,0
P5__SORT2__path_1,P5,SORT2,path_1,35,48,99,9.15,4.05,0
P5__SORT2__path_1,P5,SORT2,path_1,36,48,100,9.25,4.05,0
P5__SORT2__path_1,P5,SORT2,path_1,37,48,101,9.35,4.05,0
P5__SORT2__path_1,P5,SORT2,path_1,38,48,102,9.45,4.05,0
P5__SORT2__path_1,P5,SORT2,path_1,39,48,103,9.55,4.05,0
P5__SORT2__path_1,P5,SORT2,path_1,40,48,104,9.65,4.05,0
P5__SORT2__path_1,P5,SORT2,path_1,41,48,105,9.75,4.05,0
P5__SORT2__path_1,P5,SORT2,path_1,42,48,106,9.85,4.05,0
P5__SORT2__path_1,P5,SORT2,path_1,43,48,107,9.95,4.05,0
P5__SORT2__path_1,P5,SORT2,path_1,44,48,108,10.05,4.05,0
P5__SORT2__path_1,P5,SORT2,path_1,45,48,109,10.15,4.05,0
P5__SORT2__path_1,P5,SORT2,path_1,46,48,110,10.25,4.05,0
P5__SORT2__path_1,P5,SORT2,path_1,47,48,111,10.35,4.05,0
P5__OUT1__path_1,P5,OUT1,path_1,0,48,64,5.65,4.05,0
P5__OUT1__path_1,P5,OUT1,path_1,1,48,65,5.75,4.05,0
P5__OUT1__path_1,P5,OUT1,path_1,2,48,66,5.85,4.05,0
P5__OUT1__path_1,P5,OUT1,path_1,3,48,67,5.95,4.05,0
P5__OUT1__path_1,P5,OUT1,path_1,4,48,68,6.05,4.05,0
P5__OUT1__path_1,P5,OUT1,path_1,5,48,69,6.15,4.05,0
P5__OUT1__path_1,P5,OUT1,path_1,6,48,70,6.25,4.05,0
P5__OUT1__path_1,P5,OUT1,path_1,7,48,71,6.35,4.05,0
P5__OUT1__path_1,P5,OUT1,path_1,8,48,72,6.45,4.05,0
P5__OUT1__path_1,P5,OUT1,path_1,9,48,73,6.55,4.05,0
P5__OUT1__path_1,P5,OUT1,path_1,10,48,74,6.65,4.05,0
P5__OUT1__path_1,P5,OUT1,path_1,11,48,75,6.75,4.05,0
P5__OUT1__path_1,P5,OUT1,path_1,12,47,76,6.85,3.95,0
P5__OUT1__path_1,P5,OUT1,path_1,13,46,77,6.95,3.85,0
P5__OUT1__path_1,P5,OUT1,path_1,14,45,78,7.05,3.75,0
P5__OUT1__path_1,P5,OUT1,path_1,15,44,79,7.15,3.65,0
P5__OUT1__path_1,P5,OUT1,path_1,16,43,80,7.25,3.55,0
P5__OUT1__path_1,P5,OUT1,path_1,17,42,81,7.35,3.45,0
P5__OUT1__path_1,P5,OUT1,path_1,18,42,82,7.45,3.45,0
P5__OUT1__path_1,P5,OUT1,path_1,19,42,83,7.55,3.45,0
P5__OUT1__path_1,P5,OUT1,path_1,20,42,84,7.65,3.45,0
P5__OUT1__path_1,P5,OUT1,path_1,21,42,85,7.75,3.45,0
P5__OUT1__path_1,P5,OUT1,path_1,22,42,86,7.85,3.45,0
P5__OUT1__path_1,P5,OUT1,path_1,23,42,87,7.95,3.45,0
P5__OUT1__path_1,P5,OUT1,path_1,24,42,88,8.05,3.45,0
P5__OUT1__path_1,P5,OUT1,path_1,25,42,89,8.15,3.45,0
P5__OUT1__path_1,P5,OUT1,path_1,26,42,90,8.25,3.45,0
P5__OUT1__path_1,P5,OUT1,path_1,27,42,91,8.35,3.45,0
P5__OUT1__path_1,P5,OUT1,path_1,28,42,92,8.45,3.45,0
P5__OUT1__path_1,P5,OUT1,path_1,29,42,93,8.55,3.45,0
P5__OUT1__path_1,P5,OUT1,path_1,30,42,94,8.65,3.45,0
P5__OUT1__path_1,P5,OUT1,path_1,31,42,95,8.75,3.45,0
P5__OUT1__path_1,P5,OUT1,path_1,32,42,96,8.85,3.45,0
P5__OUT1__path_1,P5,OUT1,path_1,33,41,97,8.95,3.35,0
P5__OUT1__path_1,P5,OUT1,path_1,34,41,98,9.05,3.35,0
P5__OUT1__path_1,P5,OUT1,path_1,35,40,99,9.15,3.25,0
P5__OUT1__path_1,P5,OUT1,path_1,36,40,100,9.25,3.25,0
P5__OUT1__path_1,P5,OUT1,path_1,37,39,101,9.35,3.15,0
P5__OUT1__path_1,P5,OUT1,path_1,38,39,102,9.45,3.15,0
P5__OUT1__path_1,P5,OUT1,path_1,39,38,103,9.55,3.05,0
P5__OUT1__path_1,P5,OUT1,path_1,40,38,104,9.65,3.05,0
P5__OUT1__path_1,P5,OUT1,path_1,41,37,105,9.75,2.95,0
P5__OUT1__path_1,P5,OUT1,path_1,42,37,106,9.85,2.95,0
P5__OUT1__path_1,P5,OUT1,path_1,43,37,107,9.95,2.95,0
P5__OUT1__path_1,P5,OUT1,path_1,44,36,108,10.05,2.85,0
P5__OUT1__path_1,P5,OUT1,path_1,45,36,109,10.15,2.85,0
P5__OUT1__path_1,P5,OUT1,path_1,46,35,110,10.25,2.75,0
P5__OUT1__path_1,P5,OUT1,path_1,47,35,111,10.35,2.75,0
P5__OUT1__path_1,P5,OUT1,path_1,48,34,112,10.45,2.65,0
P5__OUT1__path_1,P5,OUT1,path_1,49,34,113,10.55,2.65,0
P5__OUT1__path_1,P5,OUT1,path_1,50,33,114,10.65,2.55,0
P5__OUT1__path_1,P5,OUT1,path_1,51,33,115,10.75,2.55,0
P5__OUT1__path_1,P5,OUT1,path_1,52,32,116,10.85,2.45,0
P5__OUT1__path_1,P5,OUT1,path_1,53,32,117,10.95,2.45,0
P5__OUT1__path_1,P5,OUT1,path_1,54,32,118,11.05,2.45,0
P5__OUT1__path_1,P5,OUT1,path_1,55,31,119,11.15,2.35,0
P5__OUT1__path_1,P5,OUT1,path_1,56,31,120,11.25,2.35,0
P5__OUT1__path_1,P5,OUT1,path_1,57,30,121,11.35,2.25,0
P5__OUT1__path_1,P5,OUT1,path_1,58,30,122,11.45,2.25,0
P5__OUT1__path_1,P5,OUT1,path_1,59,29,123,11.55,2.15,0
P5__OUT1__path_1,P5,OUT1,path_1,60,29,124,11.65,2.15,0
P5__OUT1__path_1,P5,OUT1,path_1,61,28,125,11.75,2.05,0
P5__OUT1__path_1,P5,OUT1,path_1,62,28,126,11.85,2.05,0
P5__OUT1__path_1,P5,OUT1,path_1,63,28,127,11.95,2.05,0
P5__OUT1__path_1,P5,OUT1,path_1,64,27,128,12.05,1.95,0
P5__OUT2__path_1,P5,OUT2,path_1,0,48,64,5.65,4.05,0
P5__OUT2__path_1,P5,OUT2,path_1,1,48,65,5.75,4.05,0
P5__OUT2__path_1,P5,OUT2,path_1,2,48,66,5.85,4.05,0
P5__OUT2__path_1,P5,OUT2,path_1,3,48,67,5.95,4.05,0
P5__OUT2__path_1,P5,OUT2,path_1,4,48,68,6.05,4.05,0
P5__OUT2__path_1,P5,OUT2,path_1,5,48,69,6.15,4.05,0
P5__OUT2__path_1,P5,OUT2,path_1,6,48,70,6.25,4.05,0
P5__OUT2__path_1,P5,OUT2,path_1,7,48,71,6.35,4.05,0
P5__OUT2__path_1,P5,OUT2,path_1,8,48,72,6.45,4.05,0
P5__OUT2__path_1,P5,OUT2,path_1,9,48,73,6.55,4.05,0
P5__OUT2__path_1,P5,OUT2,path_1,10,48,74,6.65,4.05,0
P5__OUT2__path_1,P5,OUT2,path_1,11,48,75,6.75,4.05,0
P5__OUT2__path_1,P5,OUT2,path_1,12,48,76,6.85,4.05,0
P5__OUT2__path_1,P5,OUT2,path_1,13,48,77,6.95,4.05,0
P5__OUT2__path_1,P5,OUT2,path_1,14,48,78,7.05,4.05,0
P5__OUT2__path_1,P5,OUT2,path_1,15,48,79,7.15,4.05,0
P5__OUT2__path_1,P5,OUT2,path_1,16,48,80,7.25,4.05,0
P5__OUT2__path_1,P5,OUT2,path_1,17,48,81,7.35,4.05,0
P5__OUT2__path_1,P5,OUT2,path_1,18,48,82,7.45,4.05,0
P5__OUT2__path_1,P5,OUT2,path_1,19,48,83,7.55,4.05,0
P5__OUT2__path_1,P5,OUT2,path_1,20,48,84,7.65,4.05,0
P5__OUT2__path_1,P5,OUT2,path_1,21,48,85,7.75,4.05,0
P5__OUT2__path_1,P5,OUT2,path_1,22,48,86,7.85,4.05,0
P5__OUT2__path_1,P5,OUT2,path_1,23,48,87,7.95,4.05,0
P5__OUT2__path_1,P5,OUT2,path_1,24,48,88,8.05,4.05,0
P5__OUT2__path_1,P5,OUT2,path_1,25,48,89,8.15,4.05,0
P5__OUT2__path_1,P5,OUT2,path_1,26,48,90,8.25,4.05,0
P5__OUT2__path_1,P5,OUT2,path_1,27,48,91,8.35,4.05,0
P5__OUT2__path_1,P5,OUT2,path_1,28,48,92,8.45,4.05,0
P5__OUT2__path_1,P5,OUT2,path_1,29,48,93,8.55,4.05,0
P5__OUT2__path_1,P5,OUT2,path_1,30,48,94,8.65,4.05,0
P5__OUT2__path_1,P5,OUT2,path_1,31,48,95,8.75,4.05,0
P5__OUT2__path_1,P5,OUT2,path_1,32,48,96,8.85,4.05,0
P5__OUT2__path_1,P5,OUT2,path_1,33,48,97,8.95,4.05,0
P5__OUT2__path_1,P5,OUT2,path_1,34,48,98,9.05,4.05,0
P5__OUT2__path_1,P5,OUT2,path_1,35,48,99,9.15,4.05,0
P5__OUT2__path_1,P5,OUT2,path_1,36,48,100,9.25,4.05,0
P5__OUT2__path_1,P5,OUT2,path_1,37,48,101,9.35,4.05,0
P5__OUT2__path_1,P5,OUT2,path_1,38,48,102,9.45,4.05,0
P5__OUT2__path_1,P5,OUT2,path_1,39,48,103,9.55,4.05,0
P5__OUT2__path_1,P5,OUT2,path_1,40,48,104,9.65,4.05,0
P5__OUT2__path_1,P5,OUT2,path_1,41,48,105,9.75,4.05,0
P5__OUT2__path_1,P5,OUT2,path_1,42,48,106,9.85,4.05,0
P5__OUT2__path_1,P5,OUT2,path_1,43,48,107,9.95,4.05,0
P5__OUT2__path_1,P5,OUT2,path_1,44,48,108,10.05,4.05,0
P5__OUT2__path_1,P5,OUT2,path_1,45,48,109,10.15,4.05,0
P5__OUT2__path_1,P5,OUT2,path_1,46,48,110,10.25,4.05,0
P5__OUT2__path_1,P5,OUT2,path_1,47,48,111,10.35,4.05,0
P5__OUT2__path_1,P5,OUT2,path_1,48,48,112,10.45,4.05,0
P5__OUT2__path_1,P5,OUT2,path_1,49,48,113,10.55,4.05,0
P5__OUT2__path_1,P5,OUT2,path_1,50,48,114,10.65,4.05,0
P5__OUT2__path_1,P5,OUT2,path_1,51,48,115,10.75,4.05,0
P5__OUT2__path_1,P5,OUT2,path_1,52,48,116,10.85,4.05,0
P5__OUT2__path_1,P5,OUT2,path_1,53,48,117,10.95,4.05,0
P5__OUT2__path_1,P5,OUT2,path_1,54,48,118,11.05,4.05,0
P5__OUT2__path_1,P5,OUT2,path_1,55,48,119,11.15,4.05,0
P5__OUT2__path_1,P5,OUT2,path_1,56,48,120,11.25,4.05,0
P5__OUT2__path_1,P5,OUT2,path_1,57,48,121,11.35,4.05,0
P5__OUT2__path_1,P5,OUT2,path_1,58,48,122,11.45,4.05,0
P5__OUT2__path_1,P5,OUT2,path_1,59,48,123,11.55,4.05,0
P5__OUT2__path_1,P5,OUT2,path_1,60,48,124,11.65,4.05,0
P5__OUT2__path_1,P5,OUT2,path_1,61,48,125,11.75,4.05,0
P5__OUT2__path_1,P5,OUT2,path_1,62,48,126,11.85,4.05,0
P5__OUT2__path_1,P5,OUT2,path_1,63,48,127,11.95,4.05,0
P5__OUT2__path_1,P5,OUT2,path_1,64,47,128,12.05,3.95,0
P5__CHG1__path_1,P5,CHG1,path_1,0,48,64,5.65,4.05,0
P5__CHG1__path_1,P5,CHG1,path_1,1,48,63,5.55,4.05,0
P5__CHG1__path_1,P5,CHG1,path_1,2,48,62,5.45,4.05,0
P5__CHG1__path_1,P5,CHG1,path_1,3,48,61,5.35,4.05,0
P5__CHG1__path_1,P5,CHG1,path_1,4,48,60,5.25,4.05,0
P5__CHG1__path_1,P5,CHG1,path_1,5,48,59,5.15,4.05,0
P5__CHG1__path_1,P5,CHG1,path_1,6,48,58,5.05,4.05,0
P5__CHG1__path_1,P5,CHG1,path_1,7,48,57,4.95,4.05,0
P5__CHG1__path_1,P5,CHG1,path_1,8,48,56,4.85,4.05,0
P5__CHG1__path_1,P5,CHG1,path_1,9,48,55,4.75,4.05,0
P5__CHG1__path_1,P5,CHG1,path_1,10,47,54,4.65,3.95,0
P5__CHG1__path_1,P5,CHG1,path_1,11,46,53,4.55,3.85,0
P5__CHG1__path_1,P5,CHG1,path_1,12,45,52,4.45,3.75,0
P5__CHG1__path_1,P5,CHG1,path_1,13,44,51,4.35,3.65,0
P5__CHG1__path_1,P5,CHG1,path_1,14,43,50,4.25,3.55,0
P5__CHG1__path_1,P5,CHG1,path_1,15,42,49,4.15,3.45,0
P5__CHG1__path_1,P5,CHG1,path_1,16,41,48,4.05,3.35,0
P5__CHG1__path_1,P5,CHG1,path_1,17,40,47,3.95,3.25,0
P5__CHG1__path_1,P5,CHG1,path_1,18,39,46,3.85,3.15,0
P5__CHG1__path_1,P5,CHG1,path_1,19,39,45,3.75,3.15,0
P5__CHG1__path_1,P5,CHG1,path_1,20,39,44,3.65,3.15,0
P5__CHG1__path_1,P5,CHG1,path_1,21,39,43,3.55,3.15,0
P5__CHG1__path_1,P5,CHG1,path_1,22,39,42,3.45,3.15,0
P5__CHG1__path_1,P5,CHG1,path_1,23,39,41,3.35,3.15,0
P5__CHG1__path_1,P5,CHG1,path_1,24,39,40,3.25,3.15,0
P5__CHG1__path_1,P5,CHG1,path_1,25,39,39,3.15,3.15,0
P5__CHG1__path_1,P5,CHG1,path_1,26,39,38,3.05,3.15,0
P5__CHG1__path_1,P5,CHG1,path_1,27,38,37,2.95,3.05,0
P5__CHG1__path_1,P5,CHG1,path_1,28,37,36,2.85,2.95,0
P5__CHG1__path_1,P5,CHG1,path_1,29,36,35,2.75,2.85,0
P5__CHG1__path_1,P5,CHG1,path_1,30,35,34,2.65,2.75,0
P5__CHG1__path_1,P5,CHG1,path_1,31,34,33,2.55,2.65,0
P5__CHG1__path_1,P5,CHG1,path_1,32,33,32,2.45,2.55,0
P5__CHG1__path_1,P5,CHG1,path_1,33,32,31,2.35,2.45,0
P5__CHG1__path_1,P5,CHG1,path_1,34,31,30,2.25,2.35,0
P5__CHG1__path_1,P5,CHG1,path_1,35,30,29,2.15,2.25,0
P5__CHG1__path_1,P5,CHG1,path_1,36,29,28,2.05,2.15,0
P5__CHG1__path_1,P5,CHG1,path_1,37,28,27,1.95,2.05,0
P5__CHG1__path_1,P5,CHG1,path_1,38,27,27,1.95,1.95,0
P5__CHG1__path_1,P5,CHG1,path_1,39,26,26,1.85,1.85,0
P5__CHG1__path_1,P5,CHG1,path_1,40,25,26,1.85,1.75,0
P5__CHG1__path_1,P5,CHG1,path_1,41,24,25,1.75,1.65,0
P5__CHG1__path_1,P5,CHG1,path_1,42,23,25,1.75,1.55,0
P5__CHG1__path_1,P5,CHG1,path_1,43,22,24,1.65,1.45,0
P5__CHG1__path_1,P5,CHG1,path_1,44,21,24,1.65,1.35,0
P5__CHG1__path_1,P5,CHG1,path_1,45,20,23,1.55,1.25,0
P5__CHG1__path_1,P5,CHG1,path_1,46,19,23,1.55,1.15,0
P5__CHG1__path_1,P5,CHG1,path_1,47,18,23,1.55,1.05,0
P5__CHG1__path_1,P5,CHG1,path_1,48,17,22,1.45,0.95,0
P5__CHG1__path_1,P5,CHG1,path_1,49,16,22,1.45,0.85,0
P5__CHG1__path_1,P5,CHG1,path_1,50,15,21,1.35,0.75,0
P5__CHG1__path_1,P5,CHG1,path_1,51,14,21,1.35,0.65,0
P5__CHG1__path_1,P5,CHG1,path_1,52,13,20,1.25,0.55,0
P5__CHG1__path_1,P5,CHG1,path_1,53,12,20,1.25,0.45,0
P5__CHG1__path_1,P5,CHG1,path_1,54,11,19,1.15,0.35,0
P5__CHG1__path_1,P5,CHG1,path_1,55,10,19,1.15,0.25,0
P5__CHG1__path_1,P5,CHG1,path_1,56,9,19,1.15,0.15,0
P5__CHG1__path_1,P5,CHG1,path_1,57,8,18,1.05,0.05,0
P5__CHG2__path_1,P5,CHG2,path_1,0,48,64,5.65,4.05,0
P5__CHG2__path_1,P5,CHG2,path_1,1,48,65,5.75,4.05,0
P5__CHG2__path_1,P5,CHG2,path_1,2,48,66,5.85,4.05,0
P5__CHG2__path_1,P5,CHG2,path_1,3,48,67,5.95,4.05,0
P5__CHG2__path_1,P5,CHG2,path_1,4,48,68,6.05,4.05,0
P5__CHG2__path_1,P5,CHG2,path_1,5,48,69,6.15,4.05,0
P5__CHG2__path_1,P5,CHG2,path_1,6,48,70,6.25,4.05,0
P5__CHG2__path_1,P5,CHG2,path_1,7,48,71,6.35,4.05,0
P5__CHG2__path_1,P5,CHG2,path_1,8,48,72,6.45,4.05,0
P5__CHG2__path_1,P5,CHG2,path_1,9,48,73,6.55,4.05,0
P5__CHG2__path_1,P5,CHG2,path_1,10,47,74,6.65,3.95,0
P5__CHG2__path_1,P5,CHG2,path_1,11,46,75,6.75,3.85,0
P5__CHG2__path_1,P5,CHG2,path_1,12,45,76,6.85,3.75,0
P5__CHG2__path_1,P5,CHG2,path_1,13,44,77,6.95,3.65,0
P5__CHG2__path_1,P5,CHG2,path_1,14,43,78,7.05,3.55,0
P5__CHG2__path_1,P5,CHG2,path_1,15,42,79,7.15,3.45,0
P5__CHG2__path_1,P5,CHG2,path_1,16,41,80,7.25,3.35,0
P5__CHG2__path_1,P5,CHG2,path_1,17,40,80,7.25,3.25,0
P5__CHG2__path_1,P5,CHG2,path_1,18,39,80,7.25,3.15,0
P5__CHG2__path_1,P5,CHG2,path_1,19,38,80,7.25,3.05,0
P5__CHG2__path_1,P5,CHG2,path_1,20,37,80,7.25,2.95,0
P5__CHG2__path_1,P5,CHG2,path_1,21,36,80,7.25,2.85,0
P5__CHG2__path_1,P5,CHG2,path_1,22,35,80,7.25,2.75,0
P5__CHG2__path_1,P5,CHG2,path_1,23,34,80,7.25,2.65,0
P5__CHG2__path_1,P5,CHG2,path_1,24,33,80,7.25,2.55,0
P5__CHG2__path_1,P5,CHG2,path_1,25,32,80,7.25,2.45,0
P5__CHG2__path_1,P5,CHG2,path_1,26,31,80,7.25,2.35,0
P5__CHG2__path_1,P5,CHG2,path_1,27,30,80,7.25,2.25,0
P5__CHG2__path_1,P5,CHG2,path_1,28,29,80,7.25,2.15,0
P5__CHG2__path_1,P5,CHG2,path_1,29,28,80,7.25,2.05,0
P5__CHG2__path_1,P5,CHG2,path_1,30,27,80,7.25,1.95,0
P5__CHG2__path_1,P5,CHG2,path_1,31,26,80,7.25,1.85,0
P5__CHG2__path_1,P5,CHG2,path_1,32,25,80,7.25,1.75,0
P5__CHG2__path_1,P5,CHG2,path_1,33,24,80,7.25,1.65,0
P5__CHG2__path_1,P5,CHG2,path_1,34,23,80,7.25,1.55,0
P5__CHG2__path_1,P5,CHG2,path_1,35,22,80,7.25,1.45,0
P5__CHG2__path_1,P5,CHG2,path_1,36,21,80,7.25,1.35,0
P5__CHG2__path_1,P5,CHG2,path_1,37,20,80,7.25,1.25,0
P5__CHG2__path_1,P5,CHG2,path_1,38,19,80,7.25,1.15,0
P5__CHG2__path_1,P5,CHG2,path_1,39,18,80,7.25,1.05,0
P5__CHG2__path_1,P5,CHG2,path_1,40,17,80,7.25,0.95,0
P5__CHG2__path_1,P5,CHG2,path_1,41,16,80,7.25,0.85,0
P5__CHG2__path_1,P5,CHG2,path_1,42,15,80,7.25,0.75,0
P5__CHG2__path_1,P5,CHG2,path_1,43,14,80,7.25,0.65,0
P5__CHG2__path_1,P5,CHG2,path_1,44,13,80,7.25,0.55,0
P5__CHG2__path_1,P5,CHG2,path_1,45,12,80,7.25,0.45,0
P5__CHG2__path_1,P5,CHG2,path_1,46,12,81,7.35,0.45,0
P5__CHG2__path_1,P5,CHG2,path_1,47,12,82,7.45,0.45,0
P5__CHG2__path_1,P5,CHG2,path_1,48,12,83,7.55,0.45,0
P5__CHG2__path_1,P5,CHG2,path_1,49,12,84,7.65,0.45,0
P5__CHG2__path_1,P5,CHG2,path_1,50,12,85,7.75,0.45,0
P5__CHG2__path_1,P5,CHG2,path_1,51,12,86,7.85,0.45,0
P5__CHG2__path_1,P5,CHG2,path_1,52,12,87,7.95,0.45,0
P5__CHG2__path_1,P5,CHG2,path_1,53,12,88,8.05,0.45,0
P5__CHG2__path_1,P5,CHG2,path_1,54,12,89,8.15,0.45,0
P5__CHG2__path_1,P5,CHG2,path_1,55,12,90,8.25,0.45,0
P5__CHG2__path_1,P5,CHG2,path_1,56,11,91,8.35,0.35,0
P5__CHG2__path_1,P5,CHG2,path_1,57,11,92,8.45,0.35,0
P5__CHG2__path_1,P5,CHG2,path_1,58,10,93,8.55,0.25,0
P5__CHG2__path_1,P5,CHG2,path_1,59,10,94,8.65,0.25,0
P5__CHG2__path_1,P5,CHG2,path_1,60,9,95,8.75,0.15,0
P5__CHG2__path_1,P5,CHG2,path_1,61,9,96,8.85,0.15,0
P5__CHG2__path_1,P5,CHG2,path_1,62,9,97,8.95,0.15,0
P5__CHG2__path_1,P5,CHG2,path_1,63,8,98,9.05,0.05,0
P6__IN1__path_1,P6,IN1,path_1,0,65,87,7.95,5.75,0
P6__IN1__path_1,P6,IN1,path_1,1,65,86,7.85,5.75,0
P6__IN1__path_1,P6,IN1,path_1,2,65,85,7.75,5.75,0
P6__IN1__path_1,P6,IN1,path_1,3,65,84,7.65,5.75,0
P6__IN1__path_1,P6,IN1,path_1,4,65,83,7.55,5.75,0
P6__IN1__path_1,P6,IN1,path_1,5,65,82,7.45,5.75,0
P6__IN1__path_1,P6,IN1,path_1,6,65,81,7.35,5.75,0
P6__IN1__path_1,P6,IN1,path_1,7,65,80,7.25,5.75,0
P6__IN1__path_1,P6,IN1,path_1,8,65,79,7.15,5.75,0
P6__IN1__path_1,P6,IN1,path_1,9,65,78,7.05,5.75,0
P6__IN1__path_1,P6,IN1,path_1,10,65,77,6.95,5.75,0
P6__IN1__path_1,P6,IN1,path_1,11,65,76,6.85,5.75,0
P6__IN1__path_1,P6,IN1,path_1,12,65,75,6.75,5.75,0
P6__IN1__path_1,P6,IN1,path_1,13,65,74,6.65,5.75,0
P6__IN1__path_1,P6,IN1,path_1,14,65,73,6.55,5.75,0
P6__IN1__path_1,P6,IN1,path_1,15,65,72,6.45,5.75,0
P6__IN1__path_1,P6,IN1,path_1,16,65,71,6.35,5.75,0
P6__IN1__path_1,P6,IN1,path_1,17,65,70,6.25,5.75,0
P6__IN1__path_1,P6,IN1,path_1,18,65,69,6.15,5.75,0
P6__IN1__path_1,P6,IN1,path_1,19,65,68,6.05,5.75,0
P6__IN1__path_1,P6,IN1,path_1,20,64,67,5.95,5.65,0
P6__IN1__path_1,P6,IN1,path_1,21,63,66,5.85,5.55,0
P6__IN1__path_1,P6,IN1,path_1,22,62,65,5.75,5.45,0
P6__IN1__path_1,P6,IN1,path_1,23,61,64,5.65,5.35,0
P6__IN1__path_1,P6,IN1,path_1,24,60,63,5.55,5.25,0
P6__IN1__path_1,P6,IN1,path_1,25,59,63,5.55,5.15,0
P6__IN1__path_1,P6,IN1,path_1,26,58,63,5.55,5.05,0
P6__IN1__path_1,P6,IN1,path_1,27,57,63,5.55,4.95,0
P6__IN1__path_1,P6,IN1,path_1,28,56,63,5.55,4.85,0
P6__IN1__path_1,P6,IN1,path_1,29,55,63,5.55,4.75,0
P6__IN1__path_1,P6,IN1,path_1,30,54,63,5.55,4.65,0
P6__IN1__path_1,P6,IN1,path_1,31,53,63,5.55,4.55,0
P6__IN1__path_1,P6,IN1,path_1,32,52,63,5.55,4.45,0
P6__IN1__path_1,P6,IN1,path_1,33,51,63,5.55,4.35,0
P6__IN1__path_1,P6,IN1,path_1,34,50,63,5.55,4.25,0
P6__IN1__path_1,P6,IN1,path_1,35,49,63,5.55,4.15,0
P6__IN1__path_1,P6,IN1,path_1,36,48,62,5.45,4.05,0
P6__IN1__path_1,P6,IN1,path_1,37,48,61,5.35,4.05,0
P6__IN1__path_1,P6,IN1,path_1,38,48,60,5.25,4.05,0
P6__IN1__path_1,P6,IN1,path_1,39,48,59,5.15,4.05,0
P6__IN1__path_1,P6,IN1,path_1,40,48,58,5.05,4.05,0
P6__IN1__path_1,P6,IN1,path_1,41,48,57,4.95,4.05,0
P6__IN1__path_1,P6,IN1,path_1,42,48,56,4.85,4.05,0
P6__IN1__path_1,P6,IN1,path_1,43,48,55,4.75,4.05,0
P6__IN1__path_1,P6,IN1,path_1,44,47,54,4.65,3.95,0
P6__IN1__path_1,P6,IN1,path_1,45,46,53,4.55,3.85,0
P6__IN1__path_1,P6,IN1,path_1,46,45,52,4.45,3.75,0
P6__IN1__path_1,P6,IN1,path_1,47,44,51,4.35,3.65,0
P6__IN1__path_1,P6,IN1,path_1,48,43,50,4.25,3.55,0
P6__IN1__path_1,P6,IN1,path_1,49,42,49,4.15,3.45,0
P6__IN1__path_1,P6,IN1,path_1,50,41,48,4.05,3.35,0
P6__IN1__path_1,P6,IN1,path_1,51,40,47,3.95,3.25,0
P6__IN1__path_1,P6,IN1,path_1,52,39,46,3.85,3.15,0
P6__IN1__path_1,P6,IN1,path_1,53,39,45,3.75,3.15,0
P6__IN1__path_1,P6,IN1,path_1,54,39,44,3.65,3.15,0
P6__IN1__path_1,P6,IN1,path_1,55,39,43,3.55,3.15,0
P6__IN1__path_1,P6,IN1,path_1,56,39,42,3.45,3.15,0
P6__IN1__path_1,P6,IN1,path_1,57,39,41,3.35,3.15,0
P6__IN1__path_1,P6,IN1,path_1,58,39,40,3.25,3.15,0
P6__IN1__path_1,P6,IN1,path_1,59,39,39,3.15,3.15,0
P6__IN1__path_1,P6,IN1,path_1,60,39,38,3.05,3.15,0
P6__IN1__path_1,P6,IN1,path_1,61,38,37,2.95,3.05,0
P6__IN1__path_1,P6,IN1,path_1,62,37,36,2.85,2.95,0
P6__IN1__path_1,P6,IN1,path_1,63,36,35,2.75,2.85,0
P6__IN1__path_1,P6,IN1,path_1,64,35,34,2.65,2.75,0
P6__IN1__path_1,P6,IN1,path_1,65,34,33,2.55,2.65,0
P6__IN1__path_1,P6,IN1,path_1,66,33,32,2.45,2.55,0
P6__IN1__path_1,P6,IN1,path_1,67,32,31,2.35,2.45,0
P6__IN1__path_1,P6,IN1,path_1,68,31,30,2.25,2.35,0
P6__IN1__path_1,P6,IN1,path_1,69,30,29,2.15,2.25,0
P6__IN1__path_1,P6,IN1,path_1,70,29,28,2.05,2.15,0
P6__IN1__path_1,P6,IN1,path_1,71,28,27,1.95,2.05,0
P6__IN1__path_1,P6,IN1,path_1,72,27,26,1.85,1.95,0
P6__IN1__path_1,P6,IN1,path_1,73,26,25,1.75,1.85,0
P6__IN1__path_1,P6,IN1,path_1,74,25,24,1.65,1.75,0
P6__IN1__path_1,P6,IN1,path_1,75,25,23,1.55,1.75,0
P6__IN1__path_1,P6,IN1,path_1,76,24,22,1.45,1.65,0
P6__IN1__path_1,P6,IN1,path_1,77,24,21,1.35,1.65,0
P6__IN1__path_1,P6,IN1,path_1,78,23,20,1.25,1.55,0
P6__IN1__path_1,P6,IN1,path_1,79,23,19,1.15,1.55,0
P6__IN1__path_1,P6,IN1,path_1,80,23,18,1.05,1.55,0
P6__IN1__path_1,P6,IN1,path_1,81,22,17,0.95,1.45,0
P6__IN1__path_1,P6,IN1,path_1,82,22,16,0.85,1.45,0
P6__IN1__path_1,P6,IN1,path_1,83,21,15,0.75,1.35,0
P6__IN1__path_1,P6,IN1,path_1,84,21,14,0.65,1.35,0
P6__IN1__path_1,P6,IN1,path_1,85,20,13,0.55,1.25,0
P6__IN1__path_1,P6,IN1,path_1,86,20,12,0.45,1.25,0
P6__IN1__path_1,P6,IN1,path_1,87,19,11,0.35,1.15,0
P6__IN1__path_1,P6,IN1,path_1,88,19,10,0.25,1.15,0
P6__IN1__path_1,P6,IN1,path_1,89,19,9,0.15,1.15,0
P6__IN1__path_1,P6,IN1,path_1,90,18,8,0.05,1.05,0
P6__IN2__path_1,P6,IN2,path_1,0,65,87,7.95,5.75,0
P6__IN2__path_1,P6,IN2,path_1,1,65,86,7.85,5.75,0
P6__IN2__path_1,P6,IN2,path_1,2,65,85,7.75,5.75,0
P6__IN2__path_1,P6,IN2,path_1,3,65,84,7.65,5.75,0
P6__IN2__path_1,P6,IN2,path_1,4,65,83,7.55,5.75,0
P6__IN2__path_1,P6,IN2,path_1,5,65,82,7.45,5.75,0
P6__IN2__path_1,P6,IN2,path_1,6,65,81,7.35,5.75,0
P6__IN2__path_1,P6,IN2,path_1,7,65,80,7.25,5.75,0
P6__IN2__path_1,P6,IN2,path_1,8,65,79,7.15,5.75,0
P6__IN2__path_1,P6,IN2,path_1,9,65,78,7.05,5.75,0
P6__IN2__path_1,P6,IN2,path_1,10,65,77,6.95,5.75,0
P6__IN2__path_1,P6,IN2,path_1,11,65,76,6.85,5.75,0
P6__IN2__path_1,P6,IN2,path_1,12,65,75,6.75,5.75,0
P6__IN2__path_1,P6,IN2,path_1,13,65,74,6.65,5.75,0
P6__IN2__path_1,P6,IN2,path_1,14,65,73,6.55,5.75,0
P6__IN2__path_1,P6,IN2,path_1,15,65,72,6.45,5.75,0
P6__IN2__path_1,P6,IN2,path_1,16,65,71,6.35,5.75,0
P6__IN2__path_1,P6,IN2,path_1,17,65,70,6.25,5.75,0
P6__IN2__path_1,P6,IN2,path_1,18,65,69,6.15,5.75,0
P6__IN2__path_1,P6,IN2,path_1,19,65,68,6.05,5.75,0
P6__IN2__path_1,P6,IN2,path_1,20,64,67,5.95,5.65,0
P6__IN2__path_1,P6,IN2,path_1,21,63,66,5.85,5.55,0
P6__IN2__path_1,P6,IN2,path_1,22,62,65,5.75,5.45,0
P6__IN2__path_1,P6,IN2,path_1,23,61,64,5.65,5.35,0
P6__IN2__path_1,P6,IN2,path_1,24,60,63,5.55,5.25,0
P6__IN2__path_1,P6,IN2,path_1,25,59,63,5.55,5.15,0
P6__IN2__path_1,P6,IN2,path_1,26,58,63,5.55,5.05,0
P6__IN2__path_1,P6,IN2,path_1,27,57,63,5.55,4.95,0
P6__IN2__path_1,P6,IN2,path_1,28,56,63,5.55,4.85,0
P6__IN2__path_1,P6,IN2,path_1,29,55,63,5.55,4.75,0
P6__IN2__path_1,P6,IN2,path_1,30,54,63,5.55,4.65,0
P6__IN2__path_1,P6,IN2,path_1,31,53,63,5.55,4.55,0
P6__IN2__path_1,P6,IN2,path_1,32,52,63,5.55,4.45,0
P6__IN2__path_1,P6,IN2,path_1,33,51,63,5.55,4.35,0
P6__IN2__path_1,P6,IN2,path_1,34,50,63,5.55,4.25,0
P6__IN2__path_1,P6,IN2,path_1,35,49,63,5.55,4.15,0
P6__IN2__path_1,P6,IN2,path_1,36,49,62,5.45,4.15,0
P6__IN2__path_1,P6,IN2,path_1,37,49,61,5.35,4.15,0
P6__IN2__path_1,P6,IN2,path_1,38,49,60,5.25,4.15,0
P6__IN2__path_1,P6,IN2,path_1,39,49,59,5.15,4.15,0
P6__IN2__path_1,P6,IN2,path_1,40,49,58,5.05,4.15,0
P6__IN2__path_1,P6,IN2,path_1,41,49,57,4.95,4.15,0
P6__IN2__path_1,P6,IN2,path_1,42,49,56,4.85,4.15,0
P6__IN2__path_1,P6,IN2,path_1,43,49,55,4.75,4.15,0
P6__IN2__path_1,P6,IN2,path_1,44,49,54,4.65,4.15,0
P6__IN2__path_1,P6,IN2,path_1,45,49,53,4.55,4.15,0
P6__IN2__path_1,P6,IN2,path_1,46,49,52,4.45,4.15,0
P6__IN2__path_1,P6,IN2,path_1,47,49,51,4.35,4.15,0
P6__IN2__path_1,P6,IN2,path_1,48,49,50,4.25,4.15,0
P6__IN2__path_1,P6,IN2,path_1,49,49,49,4.15,4.15,0
P6__IN2__path_1,P6,IN2,path_1,50,49,48,4.05,4.15,0
P6__IN2__path_1,P6,IN2,path_1,51,49,47,3.95,4.15,0
P6__IN2__path_1,P6,IN2,path_1,52,49,46,3.85,4.15,0
P6__IN2__path_1,P6,IN2,path_1,53,49,45,3.75,4.15,0
P6__IN2__path_1,P6,IN2,path_1,54,49,44,3.65,4.15,0
P6__IN2__path_1,P6,IN2,path_1,55,49,43,3.55,4.15,0
P6__IN2__path_1,P6,IN2,path_1,56,49,42,3.45,4.15,0
P6__IN2__path_1,P6,IN2,path_1,57,49,41,3.35,4.15,0
P6__IN2__path_1,P6,IN2,path_1,58,49,40,3.25,4.15,0
P6__IN2__path_1,P6,IN2,path_1,59,49,39,3.15,4.15,0
P6__IN2__path_1,P6,IN2,path_1,60,49,38,3.05,4.15,0
P6__IN2__path_1,P6,IN2,path_1,61,49,37,2.95,4.15,0
P6__IN2__path_1,P6,IN2,path_1,62,49,36,2.85,4.15,0
P6__IN2__path_1,P6,IN2,path_1,63,49,35,2.75,4.15,0
P6__IN2__path_1,P6,IN2,path_1,64,49,34,2.65,4.15,0
P6__IN2__path_1,P6,IN2,path_1,65,49,33,2.55,4.15,0
P6__IN2__path_1,P6,IN2,path_1,66,49,32,2.45,4.15,0
P6__IN2__path_1,P6,IN2,path_1,67,49,31,2.35,4.15,0
P6__IN2__path_1,P6,IN2,path_1,68,49,30,2.25,4.15,0
P6__IN2__path_1,P6,IN2,path_1,69,49,29,2.15,4.15,0
P6__IN2__path_1,P6,IN2,path_1,70,49,28,2.05,4.15,0
P6__IN2__path_1,P6,IN2,path_1,71,49,27,1.95,4.15,0
P6__IN2__path_1,P6,IN2,path_1,72,49,26,1.85,4.15,0
P6__IN2__path_1,P6,IN2,path_1,73,49,25,1.75,4.15,0
P6__IN2__path_1,P6,IN2,path_1,74,50,24,1.65,4.25,0
P6__IN2__path_1,P6,IN2,path_1,75,50,23,1.55,4.25,0
P6__IN2__path_1,P6,IN2,path_1,76,51,22,1.45,4.35,0
P6__IN2__path_1,P6,IN2,path_1,77,51,21,1.35,4.35,0
P6__IN2__path_1,P6,IN2,path_1,78,52,20,1.25,4.45,0
P6__IN2__path_1,P6,IN2,path_1,79,52,19,1.15,4.45,0
P6__IN2__path_1,P6,IN2,path_1,80,52,18,1.05,4.45,0
P6__IN2__path_1,P6,IN2,path_1,81,53,17,0.95,4.55,0
P6__IN2__path_1,P6,IN2,path_1,82,53,16,0.85,4.55,0
P6__IN2__path_1,P6,IN2,path_1,83,54,15,0.75,4.65,0
P6__IN2__path_1,P6,IN2,path_1,84,54,14,0.65,4.65,0
P6__IN2__path_1,P6,IN2,path_1,85,55,13,0.55,4.75,0
P6__IN2__path_1,P6,IN2,path_1,86,55,12,0.45,4.75,0
P6__IN2__path_1,P6,IN2,path_1,87,56,11,0.35,4.85,0
P6__IN2__path_1,P6,IN2,path_1,88,56,10,0.25,4.85,0
P6__IN2__path_1,P6,IN2,path_1,89,56,9,0.15,4.85,0
P6__IN2__path_1,P6,IN2,path_1,90,57,8,0.05,4.95,0
P6__P1__path_1,P6,P1,path_1,0,65,87,7.95,5.75,0
P6__P1__path_1,P6,P1,path_1,1,65,86,7.85,5.75,0
P6__P1__path_1,P6,P1,path_1,2,65,85,7.75,5.75,0
P6__P1__path_1,P6,P1,path_1,3,65,84,7.65,5.75,0
P6__P1__path_1,P6,P1,path_1,4,65,83,7.55,5.75,0
P6__P1__path_1,P6,P1,path_1,5,65,82,7.45,5.75,0
P6__P1__path_1,P6,P1,path_1,6,65,81,7.35,5.75,0
P6__P1__path_1,P6,P1,path_1,7,65,80,7.25,5.75,0
P6__P1__path_1,P6,P1,path_1,8,65,79,7.15,5.75,0
P6__P1__path_1,P6,P1,path_1,9,65,78,7.05,5.75,0
P6__P1__path_1,P6,P1,path_1,10,65,77,6.95,5.75,0
P6__P1__path_1,P6,P1,path_1,11,65,76,6.85,5.75,0
P6__P1__path_1,P6,P1,path_1,12,65,75,6.75,5.75,0
P6__P1__path_1,P6,P1,path_1,13,65,74,6.65,5.75,0
P6__P1__path_1,P6,P1,path_1,14,65,73,6.55,5.75,0
P6__P1__path_1,P6,P1,path_1,15,65,72,6.45,5.75,0
P6__P1__path_1,P6,P1,path_1,16,65,71,6.35,5.75,0
P6__P1__path_1,P6,P1,path_1,17,65,70,6.25,5.75,0
P6__P1__path_1,P6,P1,path_1,18,65,69,6.15,5.75,0
P6__P1__path_1,P6,P1,path_1,19,65,68,6.05,5.75,0
P6__P1__path_1,P6,P1,path_1,20,64,67,5.95,5.65,0
P6__P1__path_1,P6,P1,path_1,21,63,66,5.85,5.55,0
P6__P1__path_1,P6,P1,path_1,22,62,65,5.75,5.45,0
P6__P1__path_1,P6,P1,path_1,23,61,64,5.65,5.35,0
P6__P1__path_1,P6,P1,path_1,24,60,63,5.55,5.25,0
P6__P1__path_1,P6,P1,path_1,25,59,63,5.55,5.15,0
P6__P1__path_1,P6,P1,path_1,26,58,63,5.55,5.05,0
P6__P1__path_1,P6,P1,path_1,27,57,63,5.55,4.95,0
P6__P1__path_1,P6,P1,path_1,28,56,63,5.55,4.85,0
P6__P1__path_1,P6,P1,path_1,29,55,63,5.55,4.75,0
P6__P1__path_1,P6,P1,path_1,30,54,63,5.55,4.65,0
P6__P1__path_1,P6,P1,path_1,31,53,63,5.55,4.55,0
P6__P1__path_1,P6,P1,path_1,32,52,63,5.55,4.45,0
P6__P1__path_1,P6,P1,path_1,33,51,63,5.55,4.35,0
P6__P1__path_1,P6,P1,path_1,34,50,63,5.55,4.25,0
P6__P1__path_1,P6,P1,path_1,35,49,63,5.55,4.15,0
P6__P1__path_1,P6,P1,path_1,36,48,62,5.45,4.05,0
P6__P1__path_1,P6,P1,path_1,37,48,61,5.35,4.05,0
P6__P1__path_1,P6,P1,path_1,38,48,60,5.25,4.05,0
P6__P1__path_1,P6,P1,path_1,39,48,59,5.15,4.05,0
P6__P1__path_1,P6,P1,path_1,40,48,58,5.05,4.05,0
P6__P1__path_1,P6,P1,path_1,41,48,57,4.95,4.05,0
P6__P1__path_1,P6,P1,path_1,42,48,56,4.85,4.05,0
P6__P1__path_1,P6,P1,path_1,43,48,55,4.75,4.05,0
P6__P1__path_1,P6,P1,path_1,44,47,54,4.65,3.95,0
P6__P1__path_1,P6,P1,path_1,45,46,53,4.55,3.85,0
P6__P1__path_1,P6,P1,path_1,46,45,52,4.45,3.75,0
P6__P1__path_1,P6,P1,path_1,47,44,51,4.35,3.65,0
P6__P1__path_1,P6,P1,path_1,48,43,50,4.25,3.55,0
P6__P1__path_1,P6,P1,path_1,49,42,49,4.15,3.45,0
P6__P1__path_1,P6,P1,path_1,50,41,48,4.05,3.35,0
P6__P1__path_1,P6,P1,path_1,51,40,47,3.95,3.25,0
P6__P1__path_1,P6,P1,path_1,52,39,46,3.85,3.15,0
P6__P1__path_1,P6,P1,path_1,53,39,45,3.75,3.15,0
P6__P1__path_1,P6,P1,path_1,54,39,44,3.65,3.15,0
P6__P1__path_1,P6,P1,path_1,55,39,43,3.55,3.15,0
P6__P1__path_1,P6,P1,path_1,56,39,42,3.45,3.15,0
P6__P1__path_1,P6,P1,path_1,57,39,41,3.35,3.15,0
P6__P1__path_1,P6,P1,path_1,58,39,40,3.25,3.15,0
P6__P1__path_1,P6,P1,path_1,59,39,39,3.15,3.15,0
P6__P1__path_1,P6,P1,path_1,60,39,38,3.05,3.15,0
P6__P1__path_1,P6,P1,path_1,61,38,38,3.05,3.05,0
P6__P1__path_1,P6,P1,path_1,62,37,38,3.05,2.95,0
P6__P1__path_1,P6,P1,path_1,63,36,38,3.05,2.85,0
P6__P1__path_1,P6,P1,path_1,64,35,38,3.05,2.75,0
P6__P1__path_1,P6,P1,path_1,65,34,38,3.05,2.65,0
P6__P1__path_1,P6,P1,path_1,66,33,38,3.05,2.55,0
P6__P1__path_1,P6,P1,path_1,67,32,38,3.05,2.45,0
P6__P1__path_1,P6,P1,path_1,68,31,38,3.05,2.35,0
P6__P1__path_1,P6,P1,path_1,69,30,38,3.05,2.25,0
P6__P1__path_1,P6,P1,path_1,70,29,38,3.05,2.15,0
P6__P1__path_1,P6,P1,path_1,71,28,38,3.05,2.05,0
P6__P1__path_1,P6,P1,path_1,72,27,38,3.05,1.95,0
P6__P1__path_1,P6,P1,path_1,73,26,38,3.05,1.85,0
P6__P1__path_1,P6,P1,path_1,74,25,38,3.05,1.75,0
P6__P1__path_1,P6,P1,path_1,75,24,38,3.05,1.65,0
P6__P1__path_1,P6,P1,path_1,76,23,38,3.05,1.55,0
P6__P1__path_1,P6,P1,path_1,77,22,38,3.05,1.45,0
P6__P1__path_1,P6,P1,path_1,78,21,38,3.05,1.35,0
P6__P1__path_1,P6,P1,path_1,79,20,38,3.05,1.25,0
P6__P1__path_1,P6,P1,path_1,80,19,38,3.05,1.15,0
P6__P1__path_1,P6,P1,path_1,81,18,38,3.05,1.05,0
P6__P1__path_1,P6,P1,path_1,82,17,37,2.95,0.95,0
P6__P2__path_1,P6,P2,path_1,0,65,87,7.95,5.75,0
P6__P2__path_1,P6,P2,path_1,1,65,86,7.85,5.75,0
P6__P2__path_1,P6,P2,path_1,2,65,85,7.75,5.75,0
P6__P2__path_1,P6,P2,path_1,3,65,84,7.65,5.75,0
P6__P2__path_1,P6,P2,path_1,4,65,83,7.55,5.75,0
P6__P2__path_1,P6,P2,path_1,5,65,82,7.45,5.75,0
P6__P2__path_1,P6,P2,path_1,6,65,81,7.35,5.75,0
P6__P2__path_1,P6,P2,path_1,7,65,80,7.25,5.75,0
P6__P2__path_1,P6,P2,path_1,8,65,79,7.15,5.75,0
P6__P2__path_1,P6,P2,path_1,9,65,78,7.05,5.75,0
P6__P2__path_1,P6,P2,path_1,10,65,77,6.95,5.75,0
P6__P2__path_1,P6,P2,path_1,11,65,76,6.85,5.75,0
P6__P2__path_1,P6,P2,path_1,12,65,75,6.75,5.75,0
P6__P2__path_1,P6,P2,path_1,13,65,74,6.65,5.75,0
P6__P2__path_1,P6,P2,path_1,14,65,73,6.55,5.75,0
P6__P2__path_1,P6,P2,path_1,15,65,72,6.45,5.75,0
P6__P2__path_1,P6,P2,path_1,16,65,71,6.35,5.75,0
P6__P2__path_1,P6,P2,path_1,17,65,70,6.25,5.75,0
P6__P2__path_1,P6,P2,path_1,18,65,69,6.15,5.75,0
P6__P2__path_1,P6,P2,path_1,19,65,68,6.05,5.75,0
P6__P2__path_1,P6,P2,path_1,20,64,68,6.05,5.65,0
P6__P2__path_1,P6,P2,path_1,21,63,68,6.05,5.55,0
P6__P2__path_1,P6,P2,path_1,22,62,67,5.95,5.45,0
P6__P2__path_1,P6,P2,path_1,23,61,67,5.95,5.35,0
P6__P2__path_1,P6,P2,path_1,24,60,66,5.85,5.25,0
P6__P2__path_1,P6,P2,path_1,25,59,66,5.85,5.15,0
P6__P2__path_1,P6,P2,path_1,26,58,65,5.75,5.05,0
P6__P2__path_1,P6,P2,path_1,27,57,65,5.75,4.95,0
P6__P2__path_1,P6,P2,path_1,28,56,64,5.65,4.85,0
P6__P2__path_1,P6,P2,path_1,29,55,64,5.65,4.75,0
P6__P2__path_1,P6,P2,path_1,30,54,63,5.55,4.65,0
P6__P2__path_1,P6,P2,path_1,31,53,63,5.55,4.55,0
P6__P2__path_1,P6,P2,path_1,32,52,63,5.55,4.45,0
P6__P2__path_1,P6,P2,path_1,33,51,63,5.55,4.35,0
P6__P2__path_1,P6,P2,path_1,34,50,63,5.55,4.25,0
P6__P2__path_1,P6,P2,path_1,35,49,63,5.55,4.15,0
P6__P2__path_1,P6,P2,path_1,36,48,62,5.45,4.05,0
P6__P2__path_1,P6,P2,path_1,37,48,61,5.35,4.05,0
P6__P2__path_1,P6,P2,path_1,38,48,60,5.25,4.05,0
P6__P2__path_1,P6,P2,path_1,39,48,59,5.15,4.05,0
P6__P2__path_1,P6,P2,path_1,40,48,58,5.05,4.05,0
P6__P2__path_1,P6,P2,path_1,41,48,57,4.95,4.05,0
P6__P2__path_1,P6,P2,path_1,42,48,56,4.85,4.05,0
P6__P2__path_1,P6,P2,path_1,43,48,55,4.75,4.05,0
P6__P2__path_1,P6,P2,path_1,44,47,55,4.75,3.95,0
P6__P2__path_1,P6,P2,path_1,45,46,55,4.75,3.85,0
P6__P2__path_1,P6,P2,path_1,46,45,55,4.75,3.75,0
P6__P2__path_1,P6,P2,path_1,47,44,55,4.75,3.65,0
P6__P2__path_1,P6,P2,path_1,48,43,55,4.75,3.55,0
P6__P2__path_1,P6,P2,path_1,49,42,55,4.75,3.45,0
P6__P2__path_1,P6,P2,path_1,50,41,55,4.75,3.35,0
P6__P2__path_1,P6,P2,path_1,51,40,55,4.75,3.25,0
P6__P2__path_1,P6,P2,path_1,52,39,55,4.75,3.15,0
P6__P2__path_1,P6,P2,path_1,53,38,55,4.75,3.05,0
P6__P2__path_1,P6,P2,path_1,54,37,55,4.75,2.95,0
P6__P2__path_1,P6,P2,path_1,55,36,55,4.75,2.85,0
P6__P2__path_1,P6,P2,path_1,56,35,55,4.75,2.75,0
P6__P2__path_1,P6,P2,path_1,57,34,54,4.65,2.65,0
P6__P2__path_1,P6,P2,path_1,58,33,54,4.65,2.55,0
P6__P2__path_1,P6,P2,path_1,59,32,54,4.65,2.45,0
P6__P2__path_1,P6,P2,path_1,60,31,53,4.55,2.35,0
P6__P3__path_1,P6,P3,path_1,0,65,87,7.95,5.75,0
P6__P3__path_1,P6,P3,path_1,1,65,86,7.85,5.75,0
P6__P3__path_1,P6,P3,path_1,2,65,85,7.75,5.75,0
P6__P3__path_1,P6,P3,path_1,3,65,84,7.65,5.75,0
P6__P3__path_1,P6,P3,path_1,4,65,83,7.55,5.75,0
P6__P3__path_1,P6,P3,path_1,5,65,82,7.45,5.75,0
P6__P3__path_1,P6,P3,path_1,6,65,81,7.35,5.75,0
P6__P3__path_1,P6,P3,path_1,7,65,80,7.25,5.75,0
P6__P3__path_1,P6,P3,path_1,8,65,79,7.15,5.75,0
P6__P3__path_1,P6,P3,path_1,9,65,78,7.05,5.75,0
P6__P3__path_1,P6,P3,path_1,10,65,77,6.95,5.75,0
P6__P3__path_1,P6,P3,path_1,11,65,76,6.85,5.75,0
P6__P3__path_1,P6,P3,path_1,12,65,75,6.75,5.75,0
P6__P3__path_1,P6,P3,path_1,13,65,74,6.65,5.75,0
P6__P3__path_1,P6,P3,path_1,14,65,73,6.55,5.75,0
P6__P3__path_1,P6,P3,path_1,15,65,72,6.45,5.75,0
P6__P3__path_1,P6,P3,path_1,16,65,71,6.35,5.75,0
P6__P3__path_1,P6,P3,path_1,17,65,70,6.25,5.75,0
P6__P3__path_1,P6,P3,path_1,18,65,69,6.15,5.75,0
P6__P3__path_1,P6,P3,path_1,19,65,68,6.05,5.75,0
P6__P3__path_1,P6,P3,path_1,20,64,67,5.95,5.65,0
P6__P3__path_1,P6,P3,path_1,21,63,66,5.85,5.55,0
P6__P3__path_1,P6,P3,path_1,22,62,65,5.75,5.45,0
P6__P3__path_1,P6,P3,path_1,23,61,64,5.65,5.35,0
P6__P3__path_1,P6,P3,path_1,24,60,63,5.55,5.25,0
P6__P3__path_1,P6,P3,path_1,25,59,63,5.55,5.15,0
P6__P3__path_1,P6,P3,path_1,26,58,63,5.55,5.05,0
P6__P3__path_1,P6,P3,path_1,27,57,63,5.55,4.95,0
P6__P3__path_1,P6,P3,path_1,28,56,63,5.55,4.85,0
P6__P3__path_1,P6,P3,path_1,29,55,63,5.55,4.75,0
P6__P3__path_1,P6,P3,path_1,30,54,63,5.55,4.65,0
P6__P3__path_1,P6,P3,path_1,31,53,63,5.55,4.55,0
P6__P3__path_1,P6,P3,path_1,32,52,63,5.55,4.45,0
P6__P3__path_1,P6,P3,path_1,33,51,63,5.55,4.35,0
P6__P3__path_1,P6,P3,path_1,34,50,63,5.55,4.25,0
P6__P3__path_1,P6,P3,path_1,35,49,63,5.55,4.15,0
P6__P3__path_1,P6,P3,path_1,36,49,62,5.45,4.15,0
P6__P3__path_1,P6,P3,path_1,37,49,61,5.35,4.15,0
P6__P3__path_1,P6,P3,path_1,38,49,60,5.25,4.15,0
P6__P3__path_1,P6,P3,path_1,39,49,59,5.15,4.15,0
P6__P3__path_1,P6,P3,path_1,40,49,58,5.05,4.15,0
P6__P3__path_1,P6,P3,path_1,41,49,57,4.95,4.15,0
P6__P3__path_1,P6,P3,path_1,42,49,56,4.85,4.15,0
P6__P3__path_1,P6,P3,path_1,43,49,55,4.75,4.15,0
P6__P3__path_1,P6,P3,path_1,44,49,54,4.65,4.15,0
P6__P3__path_1,P6,P3,path_1,45,49,53,4.55,4.15,0
P6__P3__path_1,P6,P3,path_1,46,49,52,4.45,4.15,0
P6__P3__path_1,P6,P3,path_1,47,49,51,4.35,4.15,0
P6__P3__path_1,P6,P3,path_1,48,49,50,4.25,4.15,0
P6__P3__path_1,P6,P3,path_1,49,49,49,4.15,4.15,0
P6__P3__path_1,P6,P3,path_1,50,49,48,4.05,4.15,0
P6__P3__path_1,P6,P3,path_1,51,49,47,3.95,4.15,0
P6__P3__path_1,P6,P3,path_1,52,49,46,3.85,4.15,0
P6__P3__path_1,P6,P3,path_1,53,49,45,3.75,4.15,0
P6__P3__path_1,P6,P3,path_1,54,49,44,3.65,4.15,0
P6__P3__path_1,P6,P3,path_1,55,49,43,3.55,4.15,0
P6__P3__path_1,P6,P3,path_1,56,50,43,3.55,4.25,0
P6__P3__path_1,P6,P3,path_1,57,51,43,3.55,4.35,0
P6__P3__path_1,P6,P3,path_1,58,52,43,3.55,4.45,0
P6__P3__path_1,P6,P3,path_1,59,53,43,3.55,4.55,0
P6__P3__path_1,P6,P3,path_1,60,54,43,3.55,4.65,0
P6__P3__path_1,P6,P3,path_1,61,55,43,3.55,4.75,0
P6__P3__path_1,P6,P3,path_1,62,56,43,3.55,4.85,0
P6__P3__path_1,P6,P3,path_1,63,57,43,3.55,4.95,0
P6__P3__path_1,P6,P3,path_1,64,58,43,3.55,5.05,0
P6__P3__path_1,P6,P3,path_1,65,59,43,3.55,5.15,0
P6__P3__path_1,P6,P3,path_1,66,60,43,3.55,5.25,0
P6__P4__path_1,P6,P4,path_1,0,65,87,7.95,5.75,0
P6__P4__path_1,P6,P4,path_1,1,65,86,7.85,5.75,0
P6__P4__path_1,P6,P4,path_1,2,65,85,7.75,5.75,0
P6__P4__path_1,P6,P4,path_1,3,65,84,7.65,5.75,0
P6__P4__path_1,P6,P4,path_1,4,65,83,7.55,5.75,0
P6__P4__path_1,P6,P4,path_1,5,65,82,7.45,5.75,0
P6__P4__path_1,P6,P4,path_1,6,65,81,7.35,5.75,0
P6__P4__path_1,P6,P4,path_1,7,65,80,7.25,5.75,0
P6__P4__path_1,P6,P4,path_1,8,65,79,7.15,5.75,0
P6__P4__path_1,P6,P4,path_1,9,65,78,7.05,5.75,0
P6__P4__path_1,P6,P4,path_1,10,65,77,6.95,5.75,0
P6__P4__path_1,P6,P4,path_1,11,65,76,6.85,5.75,0
P6__P4__path_1,P6,P4,path_1,12,65,75,6.75,5.75,0
P6__P4__path_1,P6,P4,path_1,13,65,74,6.65,5.75,0
P6__P4__path_1,P6,P4,path_1,14,65,73,6.55,5.75,0
P6__P4__path_1,P6,P4,path_1,15,65,72,6.45,5.75,0
P6__P4__path_1,P6,P4,path_1,16,65,71,6.35,5.75,0
P6__P4__path_1,P6,P4,path_1,17,65,70,6.25,5.75,0
P6__P4__path_1,P6,P4,path_1,18,65,69,6.15,5.75,0
P6__P4__path_1,P6,P4,path_1,19,65,68,6.05,5.75,0
P6__P4__path_1,P6,P4,path_1,20,64,68,6.05,5.65,0
P6__P4__path_1,P6,P4,path_1,21,63,68,6.05,5.55,0
P6__P4__path_1,P6,P4,path_1,22,62,68,6.05,5.45,0
P6__P4__path_1,P6,P4,path_1,23,61,68,6.05,5.35,0
P6__P4__path_1,P6,P4,path_1,24,60,68,6.05,5.25,0
P6__P4__path_1,P6,P4,path_1,25,59,68,6.05,5.15,0
P6__P4__path_1,P6,P4,path_1,26,58,68,6.05,5.05,0
P6__P4__path_1,P6,P4,path_1,27,57,68,6.05,4.95,0
P6__P4__path_1,P6,P4,path_1,28,56,68,6.05,4.85,0
P6__P4__path_1,P6,P4,path_1,29,55,68,6.05,4.75,0
P6__P4__path_1,P6,P4,path_1,30,54,68,6.05,4.65,0
P6__P4__path_1,P6,P4,path_1,31,53,67,5.95,4.55,0
P6__P4__path_1,P6,P4,path_1,32,52,66,5.85,4.45,0
P6__P4__path_1,P6,P4,path_1,33,51,65,5.75,4.35,0
P6__P4__path_1,P6,P4,path_1,34,50,64,5.65,4.25,0
P6__P4__path_1,P6,P4,path_1,35,49,63,5.55,4.15,0
P6__P4__path_1,P6,P4,path_1,36,48,62,5.45,4.05,0
P6__P4__path_1,P6,P4,path_1,37,48,61,5.35,4.05,0
P6__P4__path_1,P6,P4,path_1,38,48,60,5.25,4.05,0
P6__P4__path_1,P6,P4,path_1,39,48,59,5.15,4.05,0
P6__P4__path_1,P6,P4,path_1,40,48,58,5.05,4.05,0
P6__P4__path_1,P6,P4,path_1,41,48,57,4.95,4.05,0
P6__P4__path_1,P6,P4,path_1,42,48,56,4.85,4.05,0
P6__P4__path_1,P6,P4,path_1,43,48,55,4.75,4.05,0
P6__P4__path_1,P6,P4,path_1,44,47,55,4.75,3.95,0
P6__P4__path_1,P6,P4,path_1,45,46,55,4.75,3.85,0
P6__P4__path_1,P6,P4,path_1,46,45,55,4.75,3.75,0
P6__P4__path_1,P6,P4,path_1,47,44,55,4.75,3.65,0
P6__P4__path_1,P6,P4,path_1,48,43,55,4.75,3.55,0
P6__P4__path_1,P6,P4,path_1,49,42,55,4.75,3.45,0
P6__P4__path_1,P6,P4,path_1,50,41,55,4.75,3.35,0
P6__P4__path_1,P6,P4,path_1,51,40,55,4.75,3.25,0
P6__P4__path_1,P6,P4,path_1,52,39,55,4.75,3.15,0
P6__P4__path_1,P6,P4,path_1,53,38,55,4.75,3.05,0
P6__P4__path_1,P6,P4,path_1,54,37,55,4.75,2.95,0
P6__P4__path_1,P6,P4,path_1,55,36,55,4.75,2.85,0
P6__P4__path_1,P6,P4,path_1,56,35,55,4.75,2.75,0
P6__P4__path_1,P6,P4,path_1,57,34,55,4.75,2.65,0
P6__P4__path_1,P6,P4,path_1,58,33,55,4.75,2.55,0
P6__P4__path_1,P6,P4,path_1,59,32,55,4.75,2.45,0
P6__P4__path_1,P6,P4,path_1,60,31,55,4.75,2.35,0
P6__P4__path_1,P6,P4,path_1,61,30,55,4.75,2.25,0
P6__P4__path_1,P6,P4,path_1,62,29,55,4.75,2.15,0
P6__P4__path_1,P6,P4,path_1,63,28,55,4.75,2.05,0
P6__P4__path_1,P6,P4,path_1,64,27,55,4.75,1.95,0
P6__P4__path_1,P6,P4,path_1,65,26,55,4.75,1.85,0
P6__P4__path_1,P6,P4,path_1,66,25,55,4.75,1.75,0
P6__P4__path_1,P6,P4,path_1,67,24,56,4.85,1.65,0
P6__P4__path_1,P6,P4,path_1,68,23,56,4.85,1.55,0
P6__P4__path_1,P6,P4,path_1,69,22,56,4.85,1.45,0
P6__P4__path_1,P6,P4,path_1,70,21,57,4.95,1.35,0
P6__P5__path_1,P6,P5,path_1,0,65,87,7.95,5.75,0
P6__P5__path_1,P6,P5,path_1,1,65,86,7.85,5.75,0
P6__P5__path_1,P6,P5,path_1,2,65,85,7.75,5.75,0
P6__P5__path_1,P6,P5,path_1,3,65,84,7.65,5.75,0
P6__P5__path_1,P6,P5,path_1,4,65,83,7.55,5.75,0
P6__P5__path_1,P6,P5,path_1,5,65,82,7.45,5.75,0
P6__P5__path_1,P6,P5,path_1,6,65,81,7.35,5.75,0
P6__P5__path_1,P6,P5,path_1,7,65,80,7.25,5.75,0
P6__P5__path_1,P6,P5,path_1,8,65,79,7.15,5.75,0
P6__P5__path_1,P6,P5,path_1,9,65,78,7.05,5.75,0
P6__P5__path_1,P6,P5,path_1,10,65,77,6.95,5.75,0
P6__P5__path_1,P6,P5,path_1,11,65,76,6.85,5.75,0
P6__P5__path_1,P6,P5,path_1,12,65,75,6.75,5.75,0
P6__P5__path_1,P6,P5,path_1,13,65,74,6.65,5.75,0
P6__P5__path_1,P6,P5,path_1,14,65,73,6.55,5.75,0
P6__P5__path_1,P6,P5,path_1,15,65,72,6.45,5.75,0
P6__P5__path_1,P6,P5,path_1,16,65,71,6.35,5.75,0
P6__P5__path_1,P6,P5,path_1,17,65,70,6.25,5.75,0
P6__P5__path_1,P6,P5,path_1,18,65,69,6.15,5.75,0
P6__P5__path_1,P6,P5,path_1,19,65,68,6.05,5.75,0
P6__P5__path_1,P6,P5,path_1,20,64,68,6.05,5.65,0
P6__P5__path_1,P6,P5,path_1,21,63,68,6.05,5.55,0
P6__P5__path_1,P6,P5,path_1,22,62,68,6.05,5.45,0
P6__P5__path_1,P6,P5,path_1,23,61,68,6.05,5.35,0
P6__P5__path_1,P6,P5,path_1,24,60,68,6.05,5.25,0
P6__P5__path_1,P6,P5,path_1,25,59,68,6.05,5.15,0
P6__P5__path_1,P6,P5,path_1,26,58,68,6.05,5.05,0
P6__P5__path_1,P6,P5,path_1,27,57,68,6.05,4.95,0
P6__P5__path_1,P6,P5,path_1,28,56,68,6.05,4.85,0
P6__P5__path_1,P6,P5,path_1,29,55,67,5.95,4.75,0
P6__P5__path_1,P6,P5,path_1,30,54,67,5.95,4.65,0
P6__P5__path_1,P6,P5,path_1,31,53,66,5.85,4.55,0
P6__P5__path_1,P6,P5,path_1,32,52,66,5.85,4.45,0
P6__P5__path_1,P6,P5,path_1,33,51,65,5.75,4.35,0
P6__P5__path_1,P6,P5,path_1,34,50,65,5.75,4.25,0
P6__P5__path_1,P6,P5,path_1,35,49,65,5.75,4.15,0
P6__P5__path_1,P6,P5,path_1,36,48,64,5.65,4.05,0
P6__P7__path_1,P6,P7,path_1,0,65,87,7.95,5.75,0
P6__P7__path_1,P6,P7,path_1,1,65,88,8.05,5.75,0
P6__P7__path_1,P6,P7,path_1,2,65,89,8.15,5.75,0
P6__P7__path_1,P6,P7,path_1,3,65,90,8.25,5.75,0
P6__P7__path_1,P6,P7,path_1,4,64,90,8.25,5.65,0
P6__P7__path_1,P6,P7,path_1,5,63,90,8.25,5.55,0
P6__P7__path_1,P6,P7,path_1,6,62,90,8.25,5.45,0
P6__P7__path_1,P6,P7,path_1,7,61,90,8.25,5.35,0
P6__P7__path_1,P6,P7,path_1,8,60,90,8.25,5.25,0
P6__P7__path_1,P6,P7,path_1,9,59,90,8.25,5.15,0
P6__P7__path_1,P6,P7,path_1,10,58,90,8.25,5.05,0
P6__P7__path_1,P6,P7,path_1,11,57,90,8.25,4.95,0
P6__P7__path_1,P6,P7,path_1,12,56,90,8.25,4.85,0
P6__P7__path_1,P6,P7,path_1,13,55,90,8.25,4.75,0
P6__P7__path_1,P6,P7,path_1,14,54,90,8.25,4.65,0
P6__P7__path_1,P6,P7,path_1,15,53,90,8.25,4.55,0
P6__P7__path_1,P6,P7,path_1,16,52,90,8.25,4.45,0
P6__P7__path_1,P6,P7,path_1,17,51,90,8.25,4.35,0
P6__P7__path_1,P6,P7,path_1,18,50,90,8.25,4.25,0
P6__P7__path_1,P6,P7,path_1,19,49,90,8.25,4.15,0
P6__P7__path_1,P6,P7,path_1,20,48,90,8.25,4.05,0
P6__P7__path_1,P6,P7,path_1,21,47,89,8.15,3.95,0
P6__P7__path_1,P6,P7,path_1,22,46,88,8.05,3.85,0
P6__P7__path_1,P6,P7,path_1,23,45,87,7.95,3.75,0
P6__P7__path_1,P6,P7,path_1,24,44,86,7.85,3.65,0
P6__P7__path_1,P6,P7,path_1,25,43,85,7.75,3.55,0
P6__P7__path_1,P6,P7,path_1,26,42,84,7.65,3.45,0
P6__P7__path_1,P6,P7,path_1,27,41,83,7.55,3.35,0
P6__P7__path_1,P6,P7,path_1,28,40,82,7.45,3.25,0
P6__P7__path_1,P6,P7,path_1,29,40,81,7.35,3.25,0
P6__P7__path_1,P6,P7,path_1,30,40,80,7.25,3.25,0
P6__P7__path_1,P6,P7,path_1,31,39,80,7.25,3.15,0
P6__P7__path_1,P6,P7,path_1,32,38,80,7.25,3.05,0
P6__P7__path_1,P6,P7,path_1,33,37,80,7.25,2.95,0
P6__P7__path_1,P6,P7,path_1,34,36,80,7.25,2.85,0
P6__P7__path_1,P6,P7,path_1,35,35,80,7.25,2.75,0
P6__P7__path_1,P6,P7,path_1,36,34,80,7.25,2.65,0
P6__P7__path_1,P6,P7,path_1,37,33,80,7.25,2.55,0
P6__P7__path_1,P6,P7,path_1,38,32,80,7.25,2.45,0
P6__P7__path_1,P6,P7,path_1,39,31,80,7.25,2.35,0
P6__P7__path_1,P6,P7,path_1,40,30,80,7.25,2.25,0
P6__P7__path_1,P6,P7,path_1,41,29,80,7.25,2.15,0
P6__P7__path_1,P6,P7,path_1,42,28,80,7.25,2.05,0
P6__P7__path_1,P6,P7,path_1,43,27,80,7.25,1.95,0
P6__P7__path_1,P6,P7,path_1,44,26,80,7.25,1.85,0
P6__P7__path_1,P6,P7,path_1,45,25,80,7.25,1.75,0
P6__P7__path_1,P6,P7,path_1,46,24,80,7.25,1.65,0
P6__P7__path_1,P6,P7,path_1,47,23,80,7.25,1.55,0
P6__P7__path_1,P6,P7,path_1,48,22,80,7.25,1.45,0
P6__P7__path_1,P6,P7,path_1,49,21,80,7.25,1.35,0
P6__P7__path_1,P6,P7,path_1,50,20,80,7.25,1.25,0
P6__P7__path_1,P6,P7,path_1,51,19,80,7.25,1.15,0
P6__P7__path_1,P6,P7,path_1,52,18,80,7.25,1.05,0
P6__P8__path_1,P6,P8,path_1,0,65,87,7.95,5.75,0
P6__P8__path_1,P6,P8,path_1,1,65,88,8.05,5.75,0
P6__P8__path_1,P6,P8,path_1,2,65,89,8.15,5.75,0
P6__P8__path_1,P6,P8,path_1,3,65,90,8.25,5.75,0
P6__P8__path_1,P6,P8,path_1,4,64,90,8.25,5.65,0
P6__P8__path_1,P6,P8,path_1,5,63,90,8.25,5.55,0
P6__P8__path_1,P6,P8,path_1,6,62,90,8.25,5.45,0
P6__P8__path_1,P6,P8,path_1,7,61,90,8.25,5.35,0
P6__P8__path_1,P6,P8,path_1,8,60,90,8.25,5.25,0
P6__P8__path_1,P6,P8,path_1,9,59,90,8.25,5.15,0
P6__P8__path_1,P6,P8,path_1,10,58,90,8.25,5.05,0
P6__P8__path_1,P6,P8,path_1,11,57,90,8.25,4.95,0
P6__P8__path_1,P6,P8,path_1,12,56,91,8.35,4.85,0
P6__P8__path_1,P6,P8,path_1,13,55,92,8.45,4.75,0
P6__P8__path_1,P6,P8,path_1,14,54,93,8.55,4.65,0
P6__P8__path_1,P6,P8,path_1,15,53,94,8.65,4.55,0
P6__P8__path_1,P6,P8,path_1,16,52,95,8.75,4.45,0
P6__P8__path_1,P6,P8,path_1,17,51,96,8.85,4.35,0
P6__P8__path_1,P6,P8,path_1,18,50,96,8.85,4.25,0
P6__P8__path_1,P6,P8,path_1,19,49,96,8.85,4.15,0
P6__P8__path_1,P6,P8,path_1,20,48,96,8.85,4.05,0
P6__P8__path_1,P6,P8,path_1,21,47,96,8.85,3.95,0
P6__P8__path_1,P6,P8,path_1,22,46,96,8.85,3.85,0
P6__P8__path_1,P6,P8,path_1,23,45,96,8.85,3.75,0
P6__P8__path_1,P6,P8,path_1,24,44,96,8.85,3.65,0
P6__P8__path_1,P6,P8,path_1,25,43,96,8.85,3.55,0
P6__P8__path_1,P6,P8,path_1,26,42,96,8.85,3.45,0
P6__P8__path_1,P6,P8,path_1,27,41,96,8.85,3.35,0
P6__P8__path_1,P6,P8,path_1,28,40,96,8.85,3.25,0
P6__P8__path_1,P6,P8,path_1,29,39,96,8.85,3.15,0
P6__P8__path_1,P6,P8,path_1,30,38,96,8.85,3.05,0
P6__P8__path_1,P6,P8,path_1,31,37,96,8.85,2.95,0
P6__P8__path_1,P6,P8,path_1,32,36,96,8.85,2.85,0
P6__P8__path_1,P6,P8,path_1,33,35,96,8.85,2.75,0
P6__P8__path_1,P6,P8,path_1,34,34,96,8.85,2.65,0
P6__P8__path_1,P6,P8,path_1,35,33,96,8.85,2.55,0
P6__P8__path_1,P6,P8,path_1,36,32,96,8.85,2.45,0
P6__P8__path_1,P6,P8,path_1,37,31,96,8.85,2.35,0
P6__P9__path_1,P6,P9,path_1,0,65,87,7.95,5.75,0
P6__P9__path_1,P6,P9,path_1,1,65,86,7.85,5.75,0
P6__P9__path_1,P6,P9,path_1,2,65,85,7.75,5.75,0
P6__P9__path_1,P6,P9,path_1,3,65,84,7.65,5.75,0
P6__P9__path_1,P6,P9,path_1,4,65,83,7.55,5.75,0
P6__P9__path_1,P6,P9,path_1,5,65,82,7.45,5.75,0
P6__P9__path_1,P6,P9,path_1,6,65,81,7.35,5.75,0
P6__P9__path_1,P6,P9,path_1,7,65,80,7.25,5.75,0
P6__P9__path_1,P6,P9,path_1,8,65,79,7.15,5.75,0
P6__P9__path_1,P6,P9,path_1,9,65,78,7.05,5.75,0
P6__P9__path_1,P6,P9,path_1,10,65,77,6.95,5.75,0
P6__P9__path_1,P6,P9,path_1,11,65,76,6.85,5.75,0
P6__P9__path_1,P6,P9,path_1,12,65,75,6.75,5.75,0
P6__P9__path_1,P6,P9,path_1,13,65,74,6.65,5.75,0
P6__P9__path_1,P6,P9,path_1,14,65,73,6.55,5.75,0
P6__P9__path_1,P6,P9,path_1,15,65,72,6.45,5.75,0
P6__P9__path_1,P6,P9,path_1,16,65,71,6.35,5.75,0
P6__P9__path_1,P6,P9,path_1,17,65,70,6.25,5.75,0
P6__P9__path_1,P6,P9,path_1,18,65,69,6.15,5.75,0
P6__P9__path_1,P6,P9,path_1,19,65,68,6.05,5.75,0
P6__P9__path_1,P6,P9,path_1,20,64,68,6.05,5.65,0
P6__P9__path_1,P6,P9,path_1,21,63,68,6.05,5.55,0
P6__P9__path_1,P6,P9,path_1,22,62,68,6.05,5.45,0
P6__P9__path_1,P6,P9,path_1,23,61,68,6.05,5.35,0
P6__P9__path_1,P6,P9,path_1,24,60,68,6.05,5.25,0
P6__P9__path_1,P6,P9,path_1,25,59,68,6.05,5.15,0
P6__P9__path_1,P6,P9,path_1,26,58,68,6.05,5.05,0
P6__SORT1__path_1,P6,SORT1,path_1,0,65,87,7.95,5.75,0
P6__SORT1__path_1,P6,SORT1,path_1,1,65,88,8.05,5.75,0
P6__SORT1__path_1,P6,SORT1,path_1,2,65,89,8.15,5.75,0
P6__SORT1__path_1,P6,SORT1,path_1,3,65,90,8.25,5.75,0
P6__SORT1__path_1,P6,SORT1,path_1,4,64,90,8.25,5.65,0
P6__SORT1__path_1,P6,SORT1,path_1,5,63,90,8.25,5.55,0
P6__SORT1__path_1,P6,SORT1,path_1,6,62,90,8.25,5.45,0
P6__SORT1__path_1,P6,SORT1,path_1,7,61,90,8.25,5.35,0
P6__SORT1__path_1,P6,SORT1,path_1,8,60,90,8.25,5.25,0
P6__SORT1__path_1,P6,SORT1,path_1,9,59,90,8.25,5.15,0
P6__SORT1__path_1,P6,SORT1,path_1,10,58,90,8.25,5.05,0
P6__SORT1__path_1,P6,SORT1,path_1,11,57,90,8.25,4.95,0
P6__SORT1__path_1,P6,SORT1,path_1,12,56,91,8.35,4.85,0
P6__SORT1__path_1,P6,SORT1,path_1,13,55,92,8.45,4.75,0
P6__SORT1__path_1,P6,SORT1,path_1,14,54,93,8.55,4.65,0
P6__SORT1__path_1,P6,SORT1,path_1,15,53,94,8.65,4.55,0
P6__SORT1__path_1,P6,SORT1,path_1,16,52,95,8.75,4.45,0
P6__SORT1__path_1,P6,SORT1,path_1,17,51,96,8.85,4.35,0
P6__SORT1__path_1,P6,SORT1,path_1,18,50,96,8.85,4.25,0
P6__SORT1__path_1,P6,SORT1,path_1,19,49,96,8.85,4.15,0
P6__SORT1__path_1,P6,SORT1,path_1,20,48,96,8.85,4.05,0
P6__SORT1__path_1,P6,SORT1,path_1,21,47,97,8.95,3.95,0
P6__SORT1__path_1,P6,SORT1,path_1,22,46,97,8.95,3.85,0
P6__SORT1__path_1,P6,SORT1,path_1,23,45,98,9.05,3.75,0
P6__SORT1__path_1,P6,SORT1,path_1,24,44,98,9.05,3.65,0
P6__SORT1__path_1,P6,SORT1,path_1,25,43,99,9.15,3.55,0
P6__SORT1__path_1,P6,SORT1,path_1,26,42,99,9.15,3.45,0
P6__SORT1__path_1,P6,SORT1,path_1,27,41,100,9.25,3.35,0
P6__SORT1__path_1,P6,SORT1,path_1,28,40,100,9.25,3.25,0
P6__SORT1__path_1,P6,SORT1,path_1,29,39,100,9.25,3.15,0
P6__SORT1__path_1,P6,SORT1,path_1,30,38,101,9.35,3.05,0
P6__SORT1__path_1,P6,SORT1,path_1,31,37,101,9.35,2.95,0
P6__SORT1__path_1,P6,SORT1,path_1,32,36,102,9.45,2.85,0
P6__SORT1__path_1,P6,SORT1,path_1,33,35,102,9.45,2.75,0
P6__SORT1__path_1,P6,SORT1,path_1,34,34,103,9.55,2.65,0
P6__SORT1__path_1,P6,SORT1,path_1,35,33,103,9.55,2.55,0
P6__SORT1__path_1,P6,SORT1,path_1,36,32,104,9.65,2.45,0
P6__SORT1__path_1,P6,SORT1,path_1,37,31,104,9.65,2.35,0
P6__SORT1__path_1,P6,SORT1,path_1,38,30,104,9.65,2.25,0
P6__SORT1__path_1,P6,SORT1,path_1,39,29,105,9.75,2.15,0
P6__SORT2__path_1,P6,SORT2,path_1,0,65,87,7.95,5.75,0
P6__SORT2__path_1,P6,SORT2,path_1,1,65,88,8.05,5.75,0
P6__SORT2__path_1,P6,SORT2,path_1,2,65,89,8.15,5.75,0
P6__SORT2__path_1,P6,SORT2,path_1,3,65,90,8.25,5.75,0
P6__SORT2__path_1,P6,SORT2,path_1,4,64,91,8.35,5.65,0
P6__SORT2__path_1,P6,SORT2,path_1,5,63,92,8.45,5.55,0
P6__SORT2__path_1,P6,SORT2,path_1,6,62,93,8.55,5.45,0
P6__SORT2__path_1,P6,SORT2,path_1,7,61,94,8.65,5.35,0
P6__SORT2__path_1,P6,SORT2,path_1,8,60,95,8.75,5.25,0
P6__SORT2__path_1,P6,SORT2,path_1,9,59,96,8.85,5.15,0
P6__SORT2__path_1,P6,SORT2,path_1,10,58,97,8.95,5.05,0
P6__SORT2__path_1,P6,SORT2,path_1,11,57,98,9.05,4.95,0
P6__SORT2__path_1,P6,SORT2,path_1,12,56,99,9.15,4.85,0
P6__SORT2__path_1,P6,SORT2,path_1,13,55,100,9.25,4.75,0
P6__SORT2__path_1,P6,SORT2,path_1,14,54,101,9.35,4.65,0
P6__SORT2__path_1,P6,SORT2,path_1,15,53,102,9.45,4.55,0
P6__SORT2__path_1,P6,SORT2,path_1,16,52,103,9.55,4.45,0
P6__SORT2__path_1,P6,SORT2,path_1,17,51,104,9.65,4.35,0
P6__SORT2__path_1,P6,SORT2,path_1,18,51,105,9.75,4.35,0
P6__SORT2__path_1,P6,SORT2,path_1,19,50,106,9.85,4.25,0
P6__SORT2__path_1,P6,SORT2,path_1,20,50,107,9.95,4.25,0
P6__SORT2__path_1,P6,SORT2,path_1,21,49,108,10.05,4.15,0
P6__SORT2__path_1,P6,SORT2,path_1,22,49,109,10.15,4.15,0
P6__SORT2__path_1,P6,SORT2,path_1,23,49,110,10.25,4.15,0
P6__SORT2__path_1,P6,SORT2,path_1,24,48,111,10.35,4.05,0
P6__OUT1__path_1,P6,OUT1,path_1,0,65,87,7.95,5.75,0
P6__OUT1__path_1,P6,OUT1,path_1,1,65,88,8.05,5.75,0
P6__OUT1__path_1,P6,OUT1,path_1,2,65,89,8.15,5.75,0
P6__OUT1__path_1,P6,OUT1,path_1,3,65,90,8.25,5.75,0
P6__OUT1__path_1,P6,OUT1,path_1,4,64,91,8.35,5.65,0
P6__OUT1__path_1,P6,OUT1,path_1,5,63,92,8.45,5.55,0
P6__OUT1__path_1,P6,OUT1,path_1,6,62,93,8.55,5.45,0
P6__OUT1__path_1,P6,OUT1,path_1,7,61,94,8.65,5.35,0
P6__OUT1__path_1,P6,OUT1,path_1,8,60,95,8.75,5.25,0
P6__OUT1__path_1,P6,OUT1,path_1,9,59,96,8.85,5.15,0
P6__OUT1__path_1,P6,OUT1,path_1,10,58,97,8.95,5.05,0
P6__OUT1__path_1,P6,OUT1,path_1,11,57,98,9.05,4.95,0
P6__OUT1__path_1,P6,OUT1,path_1,12,56,99,9.15,4.85,0
P6__OUT1__path_1,P6,OUT1,path_1,13,55,100,9.25,4.75,0
P6__OUT1__path_1,P6,OUT1,path_1,14,54,101,9.35,4.65,0
P6__OUT1__path_1,P6,OUT1,path_1,15,53,102,9.45,4.55,0
P6__OUT1__path_1,P6,OUT1,path_1,16,52,103,9.55,4.45,0
P6__OUT1__path_1,P6,OUT1,path_1,17,51,104,9.65,4.35,0
P6__OUT1__path_1,P6,OUT1,path_1,18,50,105,9.75,4.25,0
P6__OUT1__path_1,P6,OUT1,path_1,19,49,106,9.85,4.15,0
P6__OUT1__path_1,P6,OUT1,path_1,20,48,107,9.95,4.05,0
P6__OUT1__path_1,P6,OUT1,path_1,21,47,108,10.05,3.95,0
P6__OUT1__path_1,P6,OUT1,path_1,22,46,109,10.15,3.85,0
P6__OUT1__path_1,P6,OUT1,path_1,23,45,110,10.25,3.75,0
P6__OUT1__path_1,P6,OUT1,path_1,24,44,111,10.35,3.65,0
P6__OUT1__path_1,P6,OUT1,path_1,25,43,112,10.45,3.55,0
P6__OUT1__path_1,P6,OUT1,path_1,26,42,113,10.55,3.45,0
P6__OUT1__path_1,P6,OUT1,path_1,27,41,114,10.65,3.35,0
P6__OUT1__path_1,P6,OUT1,path_1,28,40,115,10.75,3.25,0
P6__OUT1__path_1,P6,OUT1,path_1,29,39,116,10.85,3.15,0
P6__OUT1__path_1,P6,OUT1,path_1,30,38,117,10.95,3.05,0
P6__OUT1__path_1,P6,OUT1,path_1,31,37,118,11.05,2.95,0
P6__OUT1__path_1,P6,OUT1,path_1,32,36,119,11.15,2.85,0
P6__OUT1__path_1,P6,OUT1,path_1,33,35,120,11.25,2.75,0
P6__OUT1__path_1,P6,OUT1,path_1,34,34,121,11.35,2.65,0
P6__OUT1__path_1,P6,OUT1,path_1,35,33,122,11.45,2.55,0
P6__OUT1__path_1,P6,OUT1,path_1,36,32,123,11.55,2.45,0
P6__OUT1__path_1,P6,OUT1,path_1,37,31,124,11.65,2.35,0
P6__OUT1__path_1,P6,OUT1,path_1,38,30,125,11.75,2.25,0
P6__OUT1__path_1,P6,OUT1,path_1,39,29,126,11.85,2.15,0
P6__OUT1__path_1,P6,OUT1,path_1,40,28,127,11.95,2.05,0
P6__OUT1__path_1,P6,OUT1,path_1,41,27,128,12.05,1.95,0
P6__OUT2__path_1,P6,OUT2,path_1,0,65,87,7.95,5.75,0
P6__OUT2__path_1,P6,OUT2,path_1,1,65,88,8.05,5.75,0
P6__OUT2__path_1,P6,OUT2,path_1,2,65,89,8.15,5.75,0
P6__OUT2__path_1,P6,OUT2,path_1,3,65,90,8.25,5.75,0
P6__OUT2__path_1,P6,OUT2,path_1,4,65,91,8.35,5.75,0
P6__OUT2__path_1,P6,OUT2,path_1,5,65,92,8.45,5.75,0
P6__OUT2__path_1,P6,OUT2,path_1,6,65,93,8.55,5.75,0
P6__OUT2__path_1,P6,OUT2,path_1,7,65,94,8.65,5.75,0
P6__OUT2__path_1,P6,OUT2,path_1,8,65,95,8.75,5.75,0
P6__OUT2__path_1,P6,OUT2,path_1,9,65,96,8.85,5.75,0
P6__OUT2__path_1,P6,OUT2,path_1,10,64,97,8.95,5.65,0
P6__OUT2__path_1,P6,OUT2,path_1,11,63,98,9.05,5.55,0
P6__OUT2__path_1,P6,OUT2,path_1,12,62,99,9.15,5.45,0
P6__OUT2__path_1,P6,OUT2,path_1,13,61,100,9.25,5.35,0
P6__OUT2__path_1,P6,OUT2,path_1,14,60,101,9.35,5.25,0
P6__OUT2__path_1,P6,OUT2,path_1,15,59,102,9.45,5.15,0
P6__OUT2__path_1,P6,OUT2,path_1,16,58,103,9.55,5.05,0
P6__OUT2__path_1,P6,OUT2,path_1,17,58,104,9.65,5.05,0
P6__OUT2__path_1,P6,OUT2,path_1,18,57,105,9.75,4.95,0
P6__OUT2__path_1,P6,OUT2,path_1,19,57,106,9.85,4.95,0
P6__OUT2__path_1,P6,OUT2,path_1,20,57,107,9.95,4.95,0
P6__OUT2__path_1,P6,OUT2,path_1,21,56,108,10.05,4.85,0
P6__OUT2__path_1,P6,OUT2,path_1,22,56,109,10.15,4.85,0
P6__OUT2__path_1,P6,OUT2,path_1,23,55,110,10.25,4.75,0
P6__OUT2__path_1,P6,OUT2,path_1,24,55,111,10.35,4.75,0
P6__OUT2__path_1,P6,OUT2,path_1,25,54,112,10.45,4.65,0
P6__OUT2__path_1,P6,OUT2,path_1,26,54,113,10.55,4.65,0
P6__OUT2__path_1,P6,OUT2,path_1,27,53,114,10.65,4.55,0
P6__OUT2__path_1,P6,OUT2,path_1,28,53,115,10.75,4.55,0
P6__OUT2__path_1,P6,OUT2,path_1,29,52,116,10.85,4.45,0
P6__OUT2__path_1,P6,OUT2,path_1,30,51,117,10.95,4.35,0
P6__OUT2__path_1,P6,OUT2,path_1,31,50,118,11.05,4.25,0
P6__OUT2__path_1,P6,OUT2,path_1,32,49,119,11.15,4.15,0
P6__OUT2__path_1,P6,OUT2,path_1,33,48,120,11.25,4.05,0
P6__OUT2__path_1,P6,OUT2,path_1,34,48,121,11.35,4.05,0
P6__OUT2__path_1,P6,OUT2,path_1,35,48,122,11.45,4.05,0
P6__OUT2__path_1,P6,OUT2,path_1,36,48,123,11.55,4.05,0
P6__OUT2__path_1,P6,OUT2,path_1,37,48,124,11.65,4.05,0
P6__OUT2__path_1,P6,OUT2,path_1,38,48,125,11.75,4.05,0
P6__OUT2__path_1,P6,OUT2,path_1,39,48,126,11.85,4.05,0
P6__OUT2__path_1,P6,OUT2,path_1,40,48,127,11.95,4.05,0
P6__OUT2__path_1,P6,OUT2,path_1,41,47,128,12.05,3.95,0
P6__CHG1__path_1,P6,CHG1,path_1,0,65,87,7.95,5.75,0
P6__CHG1__path_1,P6,CHG1,path_1,1,65,86,7.85,5.75,0
P6__CHG1__path_1,P6,CHG1,path_1,2,65,85,7.75,5.75,0
P6__CHG1__path_1,P6,CHG1,path_1,3,65,84,7.65,5.75,0
P6__CHG1__path_1,P6,CHG1,path_1,4,65,83,7.55,5.75,0
P6__CHG1__path_1,P6,CHG1,path_1,5,65,82,7.45,5.75,0
P6__CHG1__path_1,P6,CHG1,path_1,6,65,81,7.35,5.75,0
P6__CHG1__path_1,P6,CHG1,path_1,7,65,80,7.25,5.75,0
P6__CHG1__path_1,P6,CHG1,path_1,8,65,79,7.15,5.75,0
P6__CHG1__path_1,P6,CHG1,path_1,9,65,78,7.05,5.75,0
P6__CHG1__path_1,P6,CHG1,path_1,10,65,77,6.95,5.75,0
P6__CHG1__path_1,P6,CHG1,path_1,11,65,76,6.85,5.75,0
P6__CHG1__path_1,P6,CHG1,path_1,12,65,75,6.75,5.75,0
P6__CHG1__path_1,P6,CHG1,path_1,13,65,74,6.65,5.75,0
P6__CHG1__path_1,P6,CHG1,path_1,14,65,73,6.55,5.75,0
P6__CHG1__path_1,P6,CHG1,path_1,15,65,72,6.45,5.75,0
P6__CHG1__path_1,P6,CHG1,path_1,16,65,71,6.35,5.75,0
P6__CHG1__path_1,P6,CHG1,path_1,17,65,70,6.25,5.75,0
P6__CHG1__path_1,P6,CHG1,path_1,18,65,69,6.15,5.75,0
P6__CHG1__path_1,P6,CHG1,path_1,19,65,68,6.05,5.75,0
P6__CHG1__path_1,P6,CHG1,path_1,20,64,67,5.95,5.65,0
P6__CHG1__path_1,P6,CHG1,path_1,21,63,66,5.85,5.55,0
P6__CHG1__path_1,P6,CHG1,path_1,22,62,65,5.75,5.45,0
P6__CHG1__path_1,P6,CHG1,path_1,23,61,64,5.65,5.35,0
P6__CHG1__path_1,P6,CHG1,path_1,24,60,63,5.55,5.25,0
P6__CHG1__path_1,P6,CHG1,path_1,25,59,63,5.55,5.15,0
P6__CHG1__path_1,P6,CHG1,path_1,26,58,63,5.55,5.05,0
P6__CHG1__path_1,P6,CHG1,path_1,27,57,63,5.55,4.95,0
P6__CHG1__path_1,P6,CHG1,path_1,28,56,63,5.55,4.85,0
P6__CHG1__path_1,P6,CHG1,path_1,29,55,63,5.55,4.75,0
P6__CHG1__path_1,P6,CHG1,path_1,30,54,63,5.55,4.65,0
P6__CHG1__path_1,P6,CHG1,path_1,31,53,63,5.55,4.55,0
P6__CHG1__path_1,P6,CHG1,path_1,32,52,63,5.55,4.45,0
P6__CHG1__path_1,P6,CHG1,path_1,33,51,63,5.55,4.35,0
P6__CHG1__path_1,P6,CHG1,path_1,34,50,63,5.55,4.25,0
P6__CHG1__path_1,P6,CHG1,path_1,35,49,63,5.55,4.15,0
P6__CHG1__path_1,P6,CHG1,path_1,36,48,62,5.45,4.05,0
P6__CHG1__path_1,P6,CHG1,path_1,37,48,61,5.35,4.05,0
P6__CHG1__path_1,P6,CHG1,path_1,38,48,60,5.25,4.05,0
P6__CHG1__path_1,P6,CHG1,path_1,39,48,59,5.15,4.05,0
P6__CHG1__path_1,P6,CHG1,path_1,40,48,58,5.05,4.05,0
P6__CHG1__path_1,P6,CHG1,path_1,41,48,57,4.95,4.05,0
P6__CHG1__path_1,P6,CHG1,path_1,42,48,56,4.85,4.05,0
P6__CHG1__path_1,P6,CHG1,path_1,43,48,55,4.75,4.05,0
P6__CHG1__path_1,P6,CHG1,path_1,44,47,54,4.65,3.95,0
P6__CHG1__path_1,P6,CHG1,path_1,45,46,53,4.55,3.85,0
P6__CHG1__path_1,P6,CHG1,path_1,46,45,52,4.45,3.75,0
P6__CHG1__path_1,P6,CHG1,path_1,47,44,51,4.35,3.65,0
P6__CHG1__path_1,P6,CHG1,path_1,48,43,50,4.25,3.55,0
P6__CHG1__path_1,P6,CHG1,path_1,49,42,49,4.15,3.45,0
P6__CHG1__path_1,P6,CHG1,path_1,50,41,48,4.05,3.35,0
P6__CHG1__path_1,P6,CHG1,path_1,51,40,47,3.95,3.25,0
P6__CHG1__path_1,P6,CHG1,path_1,52,39,46,3.85,3.15,0
P6__CHG1__path_1,P6,CHG1,path_1,53,39,45,3.75,3.15,0
P6__CHG1__path_1,P6,CHG1,path_1,54,39,44,3.65,3.15,0
P6__CHG1__path_1,P6,CHG1,path_1,55,39,43,3.55,3.15,0
P6__CHG1__path_1,P6,CHG1,path_1,56,39,42,3.45,3.15,0
P6__CHG1__path_1,P6,CHG1,path_1,57,39,41,3.35,3.15,0
P6__CHG1__path_1,P6,CHG1,path_1,58,39,40,3.25,3.15,0
P6__CHG1__path_1,P6,CHG1,path_1,59,39,39,3.15,3.15,0
P6__CHG1__path_1,P6,CHG1,path_1,60,39,38,3.05,3.15,0
P6__CHG1__path_1,P6,CHG1,path_1,61,38,37,2.95,3.05,0
P6__CHG1__path_1,P6,CHG1,path_1,62,37,36,2.85,2.95,0
P6__CHG1__path_1,P6,CHG1,path_1,63,36,35,2.75,2.85,0
P6__CHG1__path_1,P6,CHG1,path_1,64,35,34,2.65,2.75,0
P6__CHG1__path_1,P6,CHG1,path_1,65,34,33,2.55,2.65,0
P6__CHG1__path_1,P6,CHG1,path_1,66,33,32,2.45,2.55,0
P6__CHG1__path_1,P6,CHG1,path_1,67,32,31,2.35,2.45,0
P6__CHG1__path_1,P6,CHG1,path_1,68,31,30,2.25,2.35,0
P6__CHG1__path_1,P6,CHG1,path_1,69,30,29,2.15,2.25,0
P6__CHG1__path_1,P6,CHG1,path_1,70,29,28,2.05,2.15,0
P6__CHG1__path_1,P6,CHG1,path_1,71,28,27,1.95,2.05,0
P6__CHG1__path_1,P6,CHG1,path_1,72,27,27,1.95,1.95,0
P6__CHG1__path_1,P6,CHG1,path_1,73,26,26,1.85,1.85,0
P6__CHG1__path_1,P6,CHG1,path_1,74,25,26,1.85,1.75,0
P6__CHG1__path_1,P6,CHG1,path_1,75,24,25,1.75,1.65,0
P6__CHG1__path_1,P6,CHG1,path_1,76,23,25,1.75,1.55,0
P6__CHG1__path_1,P6,CHG1,path_1,77,22,24,1.65,1.45,0
P6__CHG1__path_1,P6,CHG1,path_1,78,21,24,1.65,1.35,0
P6__CHG1__path_1,P6,CHG1,path_1,79,20,23,1.55,1.25,0
P6__CHG1__path_1,P6,CHG1,path_1,80,19,23,1.55,1.15,0
P6__CHG1__path_1,P6,CHG1,path_1,81,18,23,1.55,1.05,0
P6__CHG1__path_1,P6,CHG1,path_1,82,17,22,1.45,0.95,0
P6__CHG1__path_1,P6,CHG1,path_1,83,16,22,1.45,0.85,0
P6__CHG1__path_1,P6,CHG1,path_1,84,15,21,1.35,0.75,0
P6__CHG1__path_1,P6,CHG1,path_1,85,14,21,1.35,0.65,0
P6__CHG1__path_1,P6,CHG1,path_1,86,13,20,1.25,0.55,0
P6__CHG1__path_1,P6,CHG1,path_1,87,12,20,1.25,0.45,0
P6__CHG1__path_1,P6,CHG1,path_1,88,11,19,1.15,0.35,0
P6__CHG1__path_1,P6,CHG1,path_1,89,10,19,1.15,0.25,0
P6__CHG1__path_1,P6,CHG1,path_1,90,9,19,1.15,0.15,0
P6__CHG1__path_1,P6,CHG1,path_1,91,8,18,1.05,0.05,0
P6__CHG2__path_1,P6,CHG2,path_1,0,65,87,7.95,5.75,0
P6__CHG2__path_1,P6,CHG2,path_1,1,65,88,8.05,5.75,0
P6__CHG2__path_1,P6,CHG2,path_1,2,65,89,8.15,5.75,0
P6__CHG2__path_1,P6,CHG2,path_1,3,65,90,8.25,5.75,0
P6__CHG2__path_1,P6,CHG2,path_1,4,64,90,8.25,5.65,0
P6__CHG2__path_1,P6,CHG2,path_1,5,63,90,8.25,5.55,0
P6__CHG2__path_1,P6,CHG2,path_1,6,62,90,8.25,5.45,0
P6__CHG2__path_1,P6,CHG2,path_1,7,61,90,8.25,5.35,0
P6__CHG2__path_1,P6,CHG2,path_1,8,60,90,8.25,5.25,0
P6__CHG2__path_1,P6,CHG2,path_1,9,59,90,8.25,5.15,0
P6__CHG2__path_1,P6,CHG2,path_1,10,58,90,8.25,5.05,0
P6__CHG2__path_1,P6,CHG2,path_1,11,57,90,8.25,4.95,0
P6__CHG2__path_1,P6,CHG2,path_1,12,56,91,8.35,4.85,0
P6__CHG2__path_1,P6,CHG2,path_1,13,55,92,8.45,4.75,0
P6__CHG2__path_1,P6,CHG2,path_1,14,54,93,8.55,4.65,0
P6__CHG2__path_1,P6,CHG2,path_1,15,53,94,8.65,4.55,0
P6__CHG2__path_1,P6,CHG2,path_1,16,52,95,8.75,4.45,0
P6__CHG2__path_1,P6,CHG2,path_1,17,51,96,8.85,4.35,0
P6__CHG2__path_1,P6,CHG2,path_1,18,50,96,8.85,4.25,0
P6__CHG2__path_1,P6,CHG2,path_1,19,49,96,8.85,4.15,0
P6__CHG2__path_1,P6,CHG2,path_1,20,48,96,8.85,4.05,0
P6__CHG2__path_1,P6,CHG2,path_1,21,47,96,8.85,3.95,0
P6__CHG2__path_1,P6,CHG2,path_1,22,46,96,8.85,3.85,0
P6__CHG2__path_1,P6,CHG2,path_1,23,45,96,8.85,3.75,0
P6__CHG2__path_1,P6,CHG2,path_1,24,44,96,8.85,3.65,0
P6__CHG2__path_1,P6,CHG2,path_1,25,43,96,8.85,3.55,0
P6__CHG2__path_1,P6,CHG2,path_1,26,42,96,8.85,3.45,0
P6__CHG2__path_1,P6,CHG2,path_1,27,41,96,8.85,3.35,0
P6__CHG2__path_1,P6,CHG2,path_1,28,40,96,8.85,3.25,0
P6__CHG2__path_1,P6,CHG2,path_1,29,39,96,8.85,3.15,0
P6__CHG2__path_1,P6,CHG2,path_1,30,38,96,8.85,3.05,0
P6__CHG2__path_1,P6,CHG2,path_1,31,37,96,8.85,2.95,0
P6__CHG2__path_1,P6,CHG2,path_1,32,36,96,8.85,2.85,0
P6__CHG2__path_1,P6,CHG2,path_1,33,35,96,8.85,2.75,0
P6__CHG2__path_1,P6,CHG2,path_1,34,34,96,8.85,2.65,0
P6__CHG2__path_1,P6,CHG2,path_1,35,33,96,8.85,2.55,0
P6__CHG2__path_1,P6,CHG2,path_1,36,32,96,8.85,2.45,0
P6__CHG2__path_1,P6,CHG2,path_1,37,31,96,8.85,2.35,0
P6__CHG2__path_1,P6,CHG2,path_1,38,30,96,8.85,2.25,0
P6__CHG2__path_1,P6,CHG2,path_1,39,29,96,8.85,2.15,0
P6__CHG2__path_1,P6,CHG2,path_1,40,28,96,8.85,2.05,0
P6__CHG2__path_1,P6,CHG2,path_1,41,27,96,8.85,1.95,0
P6__CHG2__path_1,P6,CHG2,path_1,42,26,96,8.85,1.85,0
P6__CHG2__path_1,P6,CHG2,path_1,43,25,96,8.85,1.75,0
P6__CHG2__path_1,P6,CHG2,path_1,44,24,96,8.85,1.65,0
P6__CHG2__path_1,P6,CHG2,path_1,45,23,96,8.85,1.55,0
P6__CHG2__path_1,P6,CHG2,path_1,46,22,96,8.85,1.45,0
P6__CHG2__path_1,P6,CHG2,path_1,47,21,96,8.85,1.35,0
P6__CHG2__path_1,P6,CHG2,path_1,48,20,96,8.85,1.25,0
P6__CHG2__path_1,P6,CHG2,path_1,49,19,96,8.85,1.15,0
P6__CHG2__path_1,P6,CHG2,path_1,50,18,96,8.85,1.05,0
P6__CHG2__path_1,P6,CHG2,path_1,51,17,96,8.85,0.95,0
P6__CHG2__path_1,P6,CHG2,path_1,52,16,96,8.85,0.85,0
P6__CHG2__path_1,P6,CHG2,path_1,53,15,96,8.85,0.75,0
P6__CHG2__path_1,P6,CHG2,path_1,54,14,96,8.85,0.65,0
P6__CHG2__path_1,P6,CHG2,path_1,55,13,96,8.85,0.55,0
P6__CHG2__path_1,P6,CHG2,path_1,56,12,96,8.85,0.45,0
P6__CHG2__path_1,P6,CHG2,path_1,57,11,97,8.95,0.35,0
P6__CHG2__path_1,P6,CHG2,path_1,58,10,97,8.95,0.25,0
P6__CHG2__path_1,P6,CHG2,path_1,59,9,97,8.95,0.15,0
P6__CHG2__path_1,P6,CHG2,path_1,60,8,98,9.05,0.05,0
P7__IN1__path_1,P7,IN1,path_1,0,18,80,7.25,1.05,0
P7__IN1__path_1,P7,IN1,path_1,1,17,79,7.15,0.95,0
P7__IN1__path_1,P7,IN1,path_1,2,16,78,7.05,0.85,0
P7__IN1__path_1,P7,IN1,path_1,3,15,77,6.95,0.75,0
P7__IN1__path_1,P7,IN1,path_1,4,14,76,6.85,0.65,0
P7__IN1__path_1,P7,IN1,path_1,5,13,75,6.75,0.55,0
P7__IN1__path_1,P7,IN1,path_1,6,12,75,6.75,0.45,0
P7__IN1__path_1,P7,IN1,path_1,7,11,75,6.75,0.35,0
P7__IN1__path_1,P7,IN1,path_1,8,11,74,6.65,0.35,0
P7__IN1__path_1,P7,IN1,path_1,9,11,73,6.55,0.35,0
P7__IN1__path_1,P7,IN1,path_1,10,11,72,6.45,0.35,0
P7__IN1__path_1,P7,IN1,path_1,11,11,71,6.35,0.35,0
P7__IN1__path_1,P7,IN1,path_1,12,11,70,6.25,0.35,0
P7__IN1__path_1,P7,IN1,path_1,13,11,69,6.15,0.35,0
P7__IN1__path_1,P7,IN1,path_1,14,11,68,6.05,0.35,0
P7__IN1__path_1,P7,IN1,path_1,15,11,67,5.95,0.35,0
P7__IN1__path_1,P7,IN1,path_1,16,11,66,5.85,0.35,0
P7__IN1__path_1,P7,IN1,path_1,17,10,65,5.75,0.25,0
P7__IN1__path_1,P7,IN1,path_1,18,10,64,5.65,0.25,0
P7__IN1__path_1,P7,IN1,path_1,19,10,63,5.55,0.25,0
P7__IN1__path_1,P7,IN1,path_1,20,10,62,5.45,0.25,0
P7__IN1__path_1,P7,IN1,path_1,21,10,61,5.35,0.25,0
P7__IN1__path_1,P7,IN1,path_1,22,10,60,5.25,0.25,0
P7__IN1__path_1,P7,IN1,path_1,23,10,59,5.15,0.25,0
P7__IN1__path_1,P7,IN1,path_1,24,10,58,5.05,0.25,0
P7__IN1__path_1,P7,IN1,path_1,25,10,57,4.95,0.25,0
P7__IN1__path_1,P7,IN1,path_1,26,10,56,4.85,0.25,0
P7__IN1__path_1,P7,IN1,path_1,27,10,55,4.75,0.25,0
P7__IN1__path_1,P7,IN1,path_1,28,10,54,4.65,0.25,0
P7__IN1__path_1,P7,IN1,path_1,29,10,53,4.55,0.25,0
P7__IN1__path_1,P7,IN1,path_1,30,10,52,4.45,0.25,0
P7__IN1__path_1,P7,IN1,path_1,31,10,51,4.35,0.25,0
P7__IN1__path_1,P7,IN1,path_1,32,10,50,4.25,0.25,0
P7__IN1__path_1,P7,IN1,path_1,33,10,49,4.15,0.25,0
P7__IN1__path_1,P7,IN1,path_1,34,10,48,4.05,0.25,0
P7__IN1__path_1,P7,IN1,path_1,35,10,47,3.95,0.25,0
P7__IN1__path_1,P7,IN1,path_1,36,10,46,3.85,0.25,0
P7__IN1__path_1,P7,IN1,path_1,37,10,45,3.75,0.25,0
P7__IN1__path_1,P7,IN1,path_1,38,10,44,3.65,0.25,0
P7__IN1__path_1,P7,IN1,path_1,39,10,43,3.55,0.25,0
P7__IN1__path_1,P7,IN1,path_1,40,10,42,3.45,0.25,0
P7__IN1__path_1,P7,IN1,path_1,41,10,41,3.35,0.25,0
P7__IN1__path_1,P7,IN1,path_1,42,10,40,3.25,0.25,0
P7__IN1__path_1,P7,IN1,path_1,43,10,39,3.15,0.25,0
P7__IN1__path_1,P7,IN1,path_1,44,10,38,3.05,0.25,0
P7__IN1__path_1,P7,IN1,path_1,45,10,37,2.95,0.25,0
P7__IN1__path_1,P7,IN1,path_1,46,10,36,2.85,0.25,0
P7__IN1__path_1,P7,IN1,path_1,47,10,35,2.75,0.25,0
P7__IN1__path_1,P7,IN1,path_1,48,10,34,2.65,0.25,0
P7__IN1__path_1,P7,IN1,path_1,49,10,33,2.55,0.25,0
P7__IN1__path_1,P7,IN1,path_1,50,10,32,2.45,0.25,0
P7__IN1__path_1,P7,IN1,path_1,51,10,31,2.35,0.25,0
P7__IN1__path_1,P7,IN1,path_1,52,10,30,2.25,0.25,0
P7__IN1__path_1,P7,IN1,path_1,53,10,29,2.15,0.25,0
P7__IN1__path_1,P7,IN1,path_1,54,10,28,2.05,0.25,0
P7__IN1__path_1,P7,IN1,path_1,55,10,27,1.95,0.25,0
P7__IN1__path_1,P7,IN1,path_1,56,10,26,1.85,0.25,0
P7__IN1__path_1,P7,IN1,path_1,57,10,25,1.75,0.25,0
P7__IN1__path_1,P7,IN1,path_1,58,11,24,1.65,0.35,0
P7__IN1__path_1,P7,IN1,path_1,59,11,23,1.55,0.35,0
P7__IN1__path_1,P7,IN1,path_1,60,12,22,1.45,0.45,0
P7__IN1__path_1,P7,IN1,path_1,61,12,21,1.35,0.45,0
P7__IN1__path_1,P7,IN1,path_1,62,13,20,1.25,0.55,0
P7__IN1__path_1,P7,IN1,path_1,63,13,19,1.15,0.55,0
P7__IN1__path_1,P7,IN1,path_1,64,13,18,1.05,0.55,0
P7__IN1__path_1,P7,IN1,path_1,65,14,17,0.95,0.65,0
P7__IN1__path_1,P7,IN1,path_1,66,14,16,0.85,0.65,0
P7__IN1__path_1,P7,IN1,path_1,67,15,15,0.75,0.75,0
P7__IN1__path_1,P7,IN1,path_1,68,15,14,0.65,0.75,0
P7__IN1__path_1,P7,IN1,path_1,69,16,13,0.55,0.85,0
P7__IN1__path_1,P7,IN1,path_1,70,16,12,0.45,0.85,0
P7__IN1__path_1,P7,IN1,path_1,71,17,11,0.35,0.95,0
P7__IN1__path_1,P7,IN1,path_1,72,17,10,0.25,0.95,0
P7__IN1__path_1,P7,IN1,path_1,73,17,9,0.15,0.95,0
P7__IN1__path_1,P7,IN1,path_1,74,18,8,0.05,1.05,0
P7__IN2__path_1,P7,IN2,path_1,0,18,80,7.25,1.05,0
P7__IN2__path_1,P7,IN2,path_1,1,19,80,7.25,1.15,0
P7__IN2__path_1,P7,IN2,path_1,2,20,80,7.25,1.25,0
P7__IN2__path_1,P7,IN2,path_1,3,21,80,7.25,1.35,0
P7__IN2__path_1,P7,IN2,path_1,4,22,80,7.25,1.45,0
P7__IN2__path_1,P7,IN2,path_1,5,23,80,7.25,1.55,0
P7__IN2__path_1,P7,IN2,path_1,6,24,80,7.25,1.65,0
P7__IN2__path_1,P7,IN2,path_1,7,25,80,7.25,1.75,0
P7__IN2__path_1,P7,IN2,path_1,8,26,80,7.25,1.85,0
P7__IN2__path_1,P7,IN2,path_1,9,27,80,7.25,1.95,0
P7__IN2__path_1,P7,IN2,path_1,10,28,80,7.25,2.05,0
P7__IN2__path_1,P7,IN2,path_1,11,29,80,7.25,2.15,0
P7__IN2__path_1,P7,IN2,path_1,12,30,79,7.15,2.25,0
P7__IN2__path_1,P7,IN2,path_1,13,31,78,7.05,2.35,0
P7__IN2__path_1,P7,IN2,path_1,14,32,77,6.95,2.45,0
P7__IN2__path_1,P7,IN2,path_1,15,33,76,6.85,2.55,0
P7__IN2__path_1,P7,IN2,path_1,16,34,75,6.75,2.65,0
P7__IN2__path_1,P7,IN2,path_1,17,35,75,6.75,2.75,0
P7__IN2__path_1,P7,IN2,path_1,18,36,75,6.75,2.85,0
P7__IN2__path_1,P7,IN2,path_1,19,37,74,6.65,2.95,0
P7__IN2__path_1,P7,IN2,path_1,20,38,73,6.55,3.05,0
P7__IN2__path_1,P7,IN2,path_1,21,39,73,6.55,3.15,0
P7__IN2__path_1,P7,IN2,path_1,22,40,73,6.55,3.25,0
P7__IN2__path_1,P7,IN2,path_1,23,41,73,6.55,3.35,0
P7__IN2__path_1,P7,IN2,path_1,24,42,73,6.55,3.45,0
P7__IN2__path_1,P7,IN2,path_1,25,43,73,6.55,3.55,0
P7__IN2__path_1,P7,IN2,path_1,26,44,73,6.55,3.65,0
P7__IN2__path_1,P7,IN2,path_1,27,45,73,6.55,3.75,0
P7__IN2__path_1,P7,IN2,path_1,28,46,73,6.55,3.85,0
P7__IN2__path_1,P7,IN2,path_1,29,47,73,6.55,3.95,0
P7__IN2__path_1,P7,IN2,path_1,30,48,73,6.55,4.05,0
P7__IN2__path_1,P7,IN2,path_1,31,48,72,6.45,4.05,0
P7__IN2__path_1,P7,IN2,path_1,32,48,71,6.35,4.05,0
P7__IN2__path_1,P7,IN2,path_1,33,48,70,6.25,4.05,0
P7__IN2__path_1,P7,IN2,path_1,34,48,69,6.15,4.05,0
P7__IN2__path_1,P7,IN2,path_1,35,48,68,6.05,4.05,0
P7__IN2__path_1,P7,IN2,path_1,36,48,67,5.95,4.05,0
P7__IN2__path_1,P7,IN2,path_1,37,48,66,5.85,4.05,0
P7__IN2__path_1,P7,IN2,path_1,38,48,65,5.75,4.05,0
P7__IN2__path_1,P7,IN2,path_1,39,48,64,5.65,4.05,0
P7__IN2__path_1,P7,IN2,path_1,40,48,63,5.55,4.05,0
P7__IN2__path_1,P7,IN2,path_1,41,48,62,5.45,4.05,0
P7__IN2__path_1,P7,IN2,path_1,42,48,61,5.35,4.05,0
P7__IN2__path_1,P7,IN2,path_1,43,48,60,5.25,4.05,0
P7__IN2__path_1,P7,IN2,path_1,44,48,59,5.15,4.05,0
P7__IN2__path_1,P7,IN2,path_1,45,48,58,5.05,4.05,0
P7__IN2__path_1,P7,IN2,path_1,46,48,57,4.95,4.05,0
P7__IN2__path_1,P7,IN2,path_1,47,48,56,4.85,4.05,0
P7__IN2__path_1,P7,IN2,path_1,48,48,55,4.75,4.05,0
P7__IN2__path_1,P7,IN2,path_1,49,48,54,4.65,4.05,0
P7__IN2__path_1,P7,IN2,path_1,50,48,53,4.55,4.05,0
P7__IN2__path_1,P7,IN2,path_1,51,48,52,4.45,4.05,0
P7__IN2__path_1,P7,IN2,path_1,52,48,51,4.35,4.05,0
P7__IN2__path_1,P7,IN2,path_1,53,48,50,4.25,4.05,0
P7__IN2__path_1,P7,IN2,path_1,54,48,49,4.15,4.05,0
P7__IN2__path_1,P7,IN2,path_1,55,48,48,4.05,4.05,0
P7__IN2__path_1,P7,IN2,path_1,56,48,47,3.95,4.05,0
P7__IN2__path_1,P7,IN2,path_1,57,48,46,3.85,4.05,0
P7__IN2__path_1,P7,IN2,path_1,58,48,45,3.75,4.05,0
P7__IN2__path_1,P7,IN2,path_1,59,48,44,3.65,4.05,0
P7__IN2__path_1,P7,IN2,path_1,60,48,43,3.55,4.05,0
P7__IN2__path_1,P7,IN2,path_1,61,48,42,3.45,4.05,0
P7__IN2__path_1,P7,IN2,path_1,62,48,41,3.35,4.05,0
P7__IN2__path_1,P7,IN2,path_1,63,48,40,3.25,4.05,0
P7__IN2__path_1,P7,IN2,path_1,64,48,39,3.15,4.05,0
P7__IN2__path_1,P7,IN2,path_1,65,48,38,3.05,4.05,0
P7__IN2__path_1,P7,IN2,path_1,66,48,37,2.95,4.05,0
P7__IN2__path_1,P7,IN2,path_1,67,48,36,2.85,4.05,0
P7__IN2__path_1,P7,IN2,path_1,68,48,35,2.75,4.05,0
P7__IN2__path_1,P7,IN2,path_1,69,48,34,2.65,4.05,0
P7__IN2__path_1,P7,IN2,path_1,70,48,33,2.55,4.05,0
P7__IN2__path_1,P7,IN2,path_1,71,48,32,2.45,4.05,0
P7__IN2__path_1,P7,IN2,path_1,72,48,31,2.35,4.05,0
P7__IN2__path_1,P7,IN2,path_1,73,48,30,2.25,4.05,0
P7__IN2__path_1,P7,IN2,path_1,74,48,29,2.15,4.05,0
P7__IN2__path_1,P7,IN2,path_1,75,48,28,2.05,4.05,0
P7__IN2__path_1,P7,IN2,path_1,76,48,27,1.95,4.05,0
P7__IN2__path_1,P7,IN2,path_1,77,49,26,1.85,4.15,0
P7__IN2__path_1,P7,IN2,path_1,78,49,25,1.75,4.15,0
P7__IN2__path_1,P7,IN2,path_1,79,50,24,1.65,4.25,0
P7__IN2__path_1,P7,IN2,path_1,80,50,23,1.55,4.25,0
P7__IN2__path_1,P7,IN2,path_1,81,51,22,1.45,4.35,0
P7__IN2__path_1,P7,IN2,path_1,82,51,21,1.35,4.35,0
P7__IN2__path_1,P7,IN2,path_1,83,52,20,1.25,4.45,0
P7__IN2__path_1,P7,IN2,path_1,84,52,19,1.15,4.45,0
P7__IN2__path_1,P7,IN2,path_1,85,52,18,1.05,4.45,0
P7__IN2__path_1,P7,IN2,path_1,86,53,17,0.95,4.55,0
P7__IN2__path_1,P7,IN2,path_1,87,53,16,0.85,4.55,0
P7__IN2__path_1,P7,IN2,path_1,88,54,15,0.75,4.65,0
P7__IN2__path_1,P7,IN2,path_1,89,54,14,0.65,4.65,0
P7__IN2__path_1,P7,IN2,path_1,90,55,13,0.55,4.75,0
P7__IN2__path_1,P7,IN2,path_1,91,55,12,0.45,4.75,0
P7__IN2__path_1,P7,IN2,path_1,92,56,11,0.35,4.85,0
P7__IN2__path_1,P7,IN2,path_1,93,56,10,0.25,4.85,0
P7__IN2__path_1,P7,IN2,path_1,94,56,9,0.15,4.85,0
P7__IN2__path_1,P7,IN2,path_1,95,57,8,0.05,4.95,0
P7__P1__path_1,P7,P1,path_1,0,18,80,7.25,1.05,0
P7__P1__path_1,P7,P1,path_1,1,17,79,7.15,0.95,0
P7__P1__path_1,P7,P1,path_1,2,16,78,7.05,0.85,0
P7__P1__path_1,P7,P1,path_1,3,15,77,6.95,0.75,0
P7__P1__path_1,P7,P1,path_1,4,14,76,6.85,0.65,0
P7__P1__path_1,P7,P1,path_1,5,13,75,6.75,0.55,0
P7__P1__path_1,P7,P1,path_1,6,12,75,6.75,0.45,0
P7__P1__path_1,P7,P1,path_1,7,11,75,6.75,0.35,0
P7__P1__path_1,P7,P1,path_1,8,11,74,6.65,0.35,0
P7__P1__path_1,P7,P1,path_1,9,11,73,6.55,0.35,0
P7__P1__path_1,P7,P1,path_1,10,11,72,6.45,0.35,0
P7__P1__path_1,P7,P1,path_1,11,11,71,6.35,0.35,0
P7__P1__path_1,P7,P1,path_1,12,11,70,6.25,0.35,0
P7__P1__path_1,P7,P1,path_1,13,11,69,6.15,0.35,0
P7__P1__path_1,P7,P1,path_1,14,11,68,6.05,0.35,0
P7__P1__path_1,P7,P1,path_1,15,11,67,5.95,0.35,0
P7__P1__path_1,P7,P1,path_1,16,11,66,5.85,0.35,0
P7__P1__path_1,P7,P1,path_1,17,10,65,5.75,0.25,0
P7__P1__path_1,P7,P1,path_1,18,10,64,5.65,0.25,0
P7__P1__path_1,P7,P1,path_1,19,10,63,5.55,0.25,0
P7__P1__path_1,P7,P1,path_1,20,10,62,5.45,0.25,0
P7__P1__path_1,P7,P1,path_1,21,10,61,5.35,0.25,0
P7__P1__path_1,P7,P1,path_1,22,10,60,5.25,0.25,0
P7__P1__path_1,P7,P1,path_1,23,10,59,5.15,0.25,0
P7__P1__path_1,P7,P1,path_1,24,10,58,5.05,0.25,0
P7__P1__path_1,P7,P1,path_1,25,10,57,4.95,0.25,0
P7__P1__path_1,P7,P1,path_1,26,10,56,4.85,0.25,0
P7__P1__path_1,P7,P1,path_1,27,10,55,4.75,0.25,0
P7__P1__path_1,P7,P1,path_1,28,10,54,4.65,0.25,0
P7__P1__path_1,P7,P1,path_1,29,10,53,4.55,0.25,0
P7__P1__path_1,P7,P1,path_1,30,10,52,4.45,0.25,0
P7__P1__path_1,P7,P1,path_1,31,10,51,4.35,0.25,0
P7__P1__path_1,P7,P1,path_1,32,10,50,4.25,0.25,0
P7__P1__path_1,P7,P1,path_1,33,10,49,4.15,0.25,0
P7__P1__path_1,P7,P1,path_1,34,10,48,4.05,0.25,0
P7__P1__path_1,P7,P1,path_1,35,10,47,3.95,0.25,0
P7__P1__path_1,P7,P1,path_1,36,10,46,3.85,0.25,0
P7__P1__path_1,P7,P1,path_1,37,10,45,3.75,0.25,0
P7__P1__path_1,P7,P1,path_1,38,10,44,3.65,0.25,0
P7__P1__path_1,P7,P1,path_1,39,10,43,3.55,0.25,0
P7__P1__path_1,P7,P1,path_1,40,10,42,3.45,0.25,0
P7__P1__path_1,P7,P1,path_1,41,10,41,3.35,0.25,0
P7__P1__path_1,P7,P1,path_1,42,10,40,3.25,0.25,0
P7__P1__path_1,P7,P1,path_1,43,10,39,3.15,0.25,0
P7__P1__path_1,P7,P1,path_1,44,10,38,3.05,0.25,0
P7__P1__path_1,P7,P1,path_1,45,11,38,3.05,0.35,0
P7__P1__path_1,P7,P1,path_1,46,12,38,3.05,0.45,0
P7__P1__path_1,P7,P1,path_1,47,13,38,3.05,0.55,0
P7__P1__path_1,P7,P1,path_1,48,14,38,3.05,0.65,0
P7__P1__path_1,P7,P1,path_1,49,15,38,3.05,0.75,0
P7__P1__path_1,P7,P1,path_1,50,16,38,3.05,0.85,0
P7__P1__path_1,P7,P1,path_1,51,17,37,2.95,0.95,0
P7__P2__path_1,P7,P2,path_1,0,18,80,7.25,1.05,0
P7__P2__path_1,P7,P2,path_1,1,17,79,7.15,0.95,0
P7__P2__path_1,P7,P2,path_1,2,16,78,7.05,0.85,0
P7__P2__path_1,P7,P2,path_1,3,15,77,6.95,0.75,0
P7__P2__path_1,P7,P2,path_1,4,14,76,6.85,0.65,0
P7__P2__path_1,P7,P2,path_1,5,13,75,6.75,0.55,0
P7__P2__path_1,P7,P2,path_1,6,12,75,6.75,0.45,0
P7__P2__path_1,P7,P2,path_1,7,11,75,6.75,0.35,0
P7__P2__path_1,P7,P2,path_1,8,11,74,6.65,0.35,0
P7__P2__path_1,P7,P2,path_1,9,11,73,6.55,0.35,0
P7__P2__path_1,P7,P2,path_1,10,11,72,6.45,0.35,0
P7__P2__path_1,P7,P2,path_1,11,11,71,6.35,0.35,0
P7__P2__path_1,P7,P2,path_1,12,11,70,6.25,0.35,0
P7__P2__path_1,P7,P2,path_1,13,11,69,6.15,0.35,0
P7__P2__path_1,P7,P2,path_1,14,11,68,6.05,0.35,0
P7__P2__path_1,P7,P2,path_1,15,11,67,5.95,0.35,0
P7__P2__path_1,P7,P2,path_1,16,11,66,5.85,0.35,0
P7__P2__path_1,P7,P2,path_1,17,11,65,5.75,0.35,0
P7__P2__path_1,P7,P2,path_1,18,11,64,5.65,0.35,0
P7__P2__path_1,P7,P2,path_1,19,11,63,5.55,0.35,0
P7__P2__path_1,P7,P2,path_1,20,11,62,5.45,0.35,0
P7__P2__path_1,P7,P2,path_1,21,11,61,5.35,0.35,0
P7__P2__path_1,P7,P2,path_1,22,11,60,5.25,0.35,0
P7__P2__path_1,P7,P2,path_1,23,11,59,5.15,0.35,0
P7__P2__path_1,P7,P2,path_1,24,11,58,5.05,0.35,0
P7__P2__path_1,P7,P2,path_1,25,11,57,4.95,0.35,0
P7__P2__path_1,P7,P2,path_1,26,12,57,4.95,0.45,0
P7__P2__path_1,P7,P2,path_1,27,13,57,4.95,0.55,0
P7__P2__path_1,P7,P2,path_1,28,14,57,4.95,0.65,0
P7__P2__path_1,P7,P2,path_1,29,15,57,4.95,0.75,0
P7__P2__path_1,P7,P2,path_1,30,16,57,4.95,0.85,0
P7__P2__path_1,P7,P2,path_1,31,17,57,4.95,0.95,0
P7__P2__path_1,P7,P2,path_1,32,18,57,4.95,1.05,0
P7__P2__path_1,P7,P2,path_1,33,19,57,4.95,1.15,0
P7__P2__path_1,P7,P2,path_1,34,20,57,4.95,1.25,0
P7__P2__path_1,P7,P2,path_1,35,21,56,4.85,1.35,0
P7__P2__path_1,P7,P2,path_1,36,22,55,4.75,1.45,0
P7__P2__path_1,P7,P2,path_1,37,23,54,4.65,1.55,0
P7__P2__path_1,P7,P2,path_1,38,24,54,4.65,1.65,0
P7__P2__path_1,P7,P2,path_1,39,25,54,4.65,1.75,0
P7__P2__path_1,P7,P2,path_1,40,26,54,4.65,1.85,0
P7__P2__path_1,P7,P2,path_1,41,27,54,4.65,1.95,0
P7__P2__path_1,P7,P2,path_1,42,28,54,4.65,2.05,0
P7__P2__path_1,P7,P2,path_1,43,29,54,4.65,2.15,0
P7__P2__path_1,P7,P2,path_1,44,30,54,4.65,2.25,0
P7__P2__path_1,P7,P2,path_1,45,31,53,4.55,2.35,0
P7__P3__path_1,P7,P3,path_1,0,18,80,7.25,1.05,0
P7__P3__path_1,P7,P3,path_1,1,19,80,7.25,1.15,0
P7__P3__path_1,P7,P3,path_1,2,20,80,7.25,1.25,0
P7__P3__path_1,P7,P3,path_1,3,21,80,7.25,1.35,0
P7__P3__path_1,P7,P3,path_1,4,22,80,7.25,1.45,0
P7__P3__path_1,P7,P3,path_1,5,23,80,7.25,1.55,0
P7__P3__path_1,P7,P3,path_1,6,24,80,7.25,1.65,0
P7__P3__path_1,P7,P3,path_1,7,25,80,7.25,1.75,0
P7__P3__path_1,P7,P3,path_1,8,26,80,7.25,1.85,0
P7__P3__path_1,P7,P3,path_1,9,27,80,7.25,1.95,0
P7__P3__path_1,P7,P3,path_1,10,28,80,7.25,2.05,0
P7__P3__path_1,P7,P3,path_1,11,29,80,7.25,2.15,0
P7__P3__path_1,P7,P3,path_1,12,30,79,7.15,2.25,0
P7__P3__path_1,P7,P3,path_1,13,31,78,7.05,2.35,0
P7__P3__path_1,P7,P3,path_1,14,32,77,6.95,2.45,0
P7__P3__path_1,P7,P3,path_1,15,33,76,6.85,2.55,0
P7__P3__path_1,P7,P3,path_1,16,34,75,6.75,2.65,0
P7__P3__path_1,P7,P3,path_1,17,35,75,6.75,2.75,0
P7__P3__path_1,P7,P3,path_1,18,36,75,6.75,2.85,0
P7__P3__path_1,P7,P3,path_1,19,37,74,6.65,2.95,0
P7__P3__path_1,P7,P3,path_1,20,38,73,6.55,3.05,0
P7__P3__path_1,P7,P3,path_1,21,39,73,6.55,3.15,0
P7__P3__path_1,P7,P3,path_1,22,40,73,6.55,3.25,0
P7__P3__path_1,P7,P3,path_1,23,41,73,6.55,3.35,0
P7__P3__path_1,P7,P3,path_1,24,42,73,6.55,3.45,0
P7__P3__path_1,P7,P3,path_1,25,43,73,6.55,3.55,0
P7__P3__path_1,P7,P3,path_1,26,44,73,6.55,3.65,0
P7__P3__path_1,P7,P3,path_1,27,45,73,6.55,3.75,0
P7__P3__path_1,P7,P3,path_1,28,46,73,6.55,3.85,0
P7__P3__path_1,P7,P3,path_1,29,47,73,6.55,3.95,0
P7__P3__path_1,P7,P3,path_1,30,48,73,6.55,4.05,0
P7__P3__path_1,P7,P3,path_1,31,48,72,6.45,4.05,0
P7__P3__path_1,P7,P3,path_1,32,48,71,6.35,4.05,0
P7__P3__path_1,P7,P3,path_1,33,48,70,6.25,4.05,0
P7__P3__path_1,P7,P3,path_1,34,48,69,6.15,4.05,0
P7__P3__path_1,P7,P3,path_1,35,48,68,6.05,4.05,0
P7__P3__path_1,P7,P3,path_1,36,49,67,5.95,4.15,0
P7__P3__path_1,P7,P3,path_1,37,49,66,5.85,4.15,0
P7__P3__path_1,P7,P3,path_1,38,49,65,5.75,4.15,0
P7__P3__path_1,P7,P3,path_1,39,49,64,5.65,4.15,0
P7__P3__path_1,P7,P3,path_1,40,49,63,5.55,4.15,0
P7__P3__path_1,P7,P3,path_1,41,49,62,5.45,4.15,0
P7__P3__path_1,P7,P3,path_1,42,49,61,5.35,4.15,0
P7__P3__path_1,P7,P3,path_1,43,49,60,5.25,4.15,0
P7__P3__path_1,P7,P3,path_1,44,49,59,5.15,4.15,0
P7__P3__path_1,P7,P3,path_1,45,49,58,5.05,4.15,0
P7__P3__path_1,P7,P3,path_1,46,49,57,4.95,4.15,0
P7__P3__path_1,P7,P3,path_1,47,49,56,4.85,4.15,0
P7__P3__path_1,P7,P3,path_1,48,49,55,4.75,4.15,0
P7__P3__path_1,P7,P3,path_1,49,49,54,4.65,4.15,0
P7__P3__path_1,P7,P3,path_1,50,49,53,4.55,4.15,0
P7__P3__path_1,P7,P3,path_1,51,49,52,4.45,4.15,0
P7__P3__path_1,P7,P3,path_1,52,49,51,4.35,4.15,0
P7__P3__path_1,P7,P3,path_1,53,49,50,4.25,4.15,0
P7__P3__path_1,P7,P3,path_1,54,49,49,4.15,4.15,0
P7__P3__path_1,P7,P3,path_1,55,49,48,4.05,4.15,0
P7__P3__path_1,P7,P3,path_1,56,49,47,3.95,4.15,0
P7__P3__path_1,P7,P3,path_1,57,49,46,3.85,4.15,0
P7__P3__path_1,P7,P3,path_1,58,49,45,3.75,4.15,0
P7__P3__path_1,P7,P3,path_1,59,49,44,3.65,4.15,0
P7__P3__path_1,P7,P3,path_1,60,49,43,3.55,4.15,0
P7__P3__path_1,P7,P3,path_1,61,50,43,3.55,4.25,0
P7__P3__path_1,P7,P3,path_1,62,51,43,3.55,4.35,0
P7__P3__path_1,P7,P3,path_1,63,52,43,3.55,4.45,0
P7__P3__path_1,P7,P3,path_1,64,53,43,3.55,4.55,0
P7__P3__path_1,P7,P3,path_1,65,54,43,3.55,4.65,0
P7__P3__path_1,P7,P3,path_1,66,55,43,3.55,4.75,0
P7__P3__path_1,P7,P3,path_1,67,56,43,3.55,4.85,0
P7__P3__path_1,P7,P3,path_1,68,57,43,3.55,4.95,0
P7__P3__path_1,P7,P3,path_1,69,58,43,3.55,5.05,0
P7__P3__path_1,P7,P3,path_1,70,59,43,3.55,5.15,0
P7__P3__path_1,P7,P3,path_1,71,60,43,3.55,5.25,0
P7__P4__path_1,P7,P4,path_1,0,18,80,7.25,1.05,0
P7__P4__path_1,P7,P4,path_1,1,17,79,7.15,0.95,0
P7__P4__path_1,P7,P4,path_1,2,16,78,7.05,0.85,0
P7__P4__path_1,P7,P4,path_1,3,15,77,6.95,0.75,0
P7__P4__path_1,P7,P4,path_1,4,14,76,6.85,0.65,0
P7__P4__path_1,P7,P4,path_1,5,13,75,6.75,0.55,0
P7__P4__path_1,P7,P4,path_1,6,12,75,6.75,0.45,0
P7__P4__path_1,P7,P4,path_1,7,11,75,6.75,0.35,0
P7__P4__path_1,P7,P4,path_1,8,11,74,6.65,0.35,0
P7__P4__path_1,P7,P4,path_1,9,11,73,6.55,0.35,0
P7__P4__path_1,P7,P4,path_1,10,11,72,6.45,0.35,0
P7__P4__path_1,P7,P4,path_1,11,11,71,6.35,0.35,0
P7__P4__path_1,P7,P4,path_1,12,11,70,6.25,0.35,0
P7__P4__path_1,P7,P4,path_1,13,11,69,6.15,0.35,0
P7__P4__path_1,P7,P4,path_1,14,11,68,6.05,0.35,0
P7__P4__path_1,P7,P4,path_1,15,11,67,5.95,0.35,0
P7__P4__path_1,P7,P4,path_1,16,11,66,5.85,0.35,0
P7__P4__path_1,P7,P4,path_1,17,11,65,5.75,0.35,0
P7__P4__path_1,P7,P4,path_1,18,11,64,5.65,0.35,0
P7__P4__path_1,P7,P4,path_1,19,11,63,5.55,0.35,0
P7__P4__path_1,P7,P4,path_1,20,11,62,5.45,0.35,0
P7__P4__path_1,P7,P4,path_1,21,11,61,5.35,0.35,0
P7__P4__path_1,P7,P4,path_1,22,11,60,5.25,0.35,0
P7__P4__path_1,P7,P4,path_1,23,11,59,5.15,0.35,0
P7__P4__path_1,P7,P4,path_1,24,11,58,5.05,0.35,0
P7__P4__path_1,P7,P4,path_1,25,11,57,4.95,0.35,0
P7__P4__path_1,P7,P4,path_1,26,12,57,4.95,0.45,0
P7__P4__path_1,P7,P4,path_1,27,13,57,4.95,0.55,0
P7__P4__path_1,P7,P4,path_1,28,14,57,4.95,0.65,0
P7__P4__path_1,P7,P4,path_1,29,15,57,4.95,0.75,0
P7__P4__path_1,P7,P4,path_1,30,16,57,4.95,0.85,0
P7__P4__path_1,P7,P4,path_1,31,17,57,4.95,0.95,0
P7__P4__path_1,P7,P4,path_1,32,18,57,4.95,1.05,0
P7__P4__path_1,P7,P4,path_1,33,19,57,4.95,1.15,0
P7__P4__path_1,P7,P4,path_1,34,20,57,4.95,1.25,0
P7__P4__path_1,P7,P4,path_1,35,21,57,4.95,1.35,0
P7__P5__path_1,P7,P5,path_1,0,18,80,7.25,1.05,0
P7__P5__path_1,P7,P5,path_1,1,19,80,7.25,1.15,0
P7__P5__path_1,P7,P5,path_1,2,20,80,7.25,1.25,0
P7__P5__path_1,P7,P5,path_1,3,21,80,7.25,1.35,0
P7__P5__path_1,P7,P5,path_1,4,22,80,7.25,1.45,0
P7__P5__path_1,P7,P5,path_1,5,23,80,7.25,1.55,0
P7__P5__path_1,P7,P5,path_1,6,24,80,7.25,1.65,0
P7__P5__path_1,P7,P5,path_1,7,25,80,7.25,1.75,0
P7__P5__path_1,P7,P5,path_1,8,26,80,7.25,1.85,0
P7__P5__path_1,P7,P5,path_1,9,27,80,7.25,1.95,0
P7__P5__path_1,P7,P5,path_1,10,28,80,7.25,2.05,0
P7__P5__path_1,P7,P5,path_1,11,29,80,7.25,2.15,0
P7__P5__path_1,P7,P5,path_1,12,30,79,7.15,2.25,0
P7__P5__path_1,P7,P5,path_1,13,31,78,7.05,2.35,0
P7__P5__path_1,P7,P5,path_1,14,32,77,6.95,2.45,0
P7__P5__path_1,P7,P5,path_1,15,33,76,6.85,2.55,0
P7__P5__path_1,P7,P5,path_1,16,34,75,6.75,2.65,0
P7__P5__path_1,P7,P5,path_1,17,35,75,6.75,2.75,0
P7__P5__path_1,P7,P5,path_1,18,36,75,6.75,2.85,0
P7__P5__path_1,P7,P5,path_1,19,37,74,6.65,2.95,0
P7__P5__path_1,P7,P5,path_1,20,38,73,6.55,3.05,0
P7__P5__path_1,P7,P5,path_1,21,39,73,6.55,3.15,0
P7__P5__path_1,P7,P5,path_1,22,40,73,6.55,3.25,0
P7__P5__path_1,P7,P5,path_1,23,41,73,6.55,3.35,0
P7__P5__path_1,P7,P5,path_1,24,42,73,6.55,3.45,0
P7__P5__path_1,P7,P5,path_1,25,43,73,6.55,3.55,0
P7__P5__path_1,P7,P5,path_1,26,44,73,6.55,3.65,0
P7__P5__path_1,P7,P5,path_1,27,45,73,6.55,3.75,0
P7__P5__path_1,P7,P5,path_1,28,46,73,6.55,3.85,0
P7__P5__path_1,P7,P5,path_1,29,47,73,6.55,3.95,0
P7__P5__path_1,P7,P5,path_1,30,48,73,6.55,4.05,0
P7__P5__path_1,P7,P5,path_1,31,48,72,6.45,4.05,0
P7__P5__path_1,P7,P5,path_1,32,48,71,6.35,4.05,0
P7__P5__path_1,P7,P5,path_1,33,48,70,6.25,4.05,0
P7__P5__path_1,P7,P5,path_1,34,48,69,6.15,4.05,0
P7__P5__path_1,P7,P5,path_1,35,48,68,6.05,4.05,0
P7__P5__path_1,P7,P5,path_1,36,48,67,5.95,4.05,0
P7__P5__path_1,P7,P5,path_1,37,48,66,5.85,4.05,0
P7__P5__path_1,P7,P5,path_1,38,48,65,5.75,4.05,0
P7__P5__path_1,P7,P5,path_1,39,48,64,5.65,4.05,0
P7__P6__path_1,P7,P6,path_1,0,18,80,7.25,1.05,0
P7__P6__path_1,P7,P6,path_1,1,19,80,7.25,1.15,0
P7__P6__path_1,P7,P6,path_1,2,20,80,7.25,1.25,0
P7__P6__path_1,P7,P6,path_1,3,21,80,7.25,1.35,0
P7__P6__path_1,P7,P6,path_1,4,22,80,7.25,1.45,0
P7__P6__path_1,P7,P6,path_1,5,23,80,7.25,1.55,0
P7__P6__path_1,P7,P6,path_1,6,24,80,7.25,1.65,0
P7__P6__path_1,P7,P6,path_1,7,25,80,7.25,1.75,0
P7__P6__path_1,P7,P6,path_1,8,26,80,7.25,1.85,0
P7__P6__path_1,P7,P6,path_1,9,27,80,7.25,1.95,0
P7__P6__path_1,P7,P6,path_1,10,28,80,7.25,2.05,0
P7__P6__path_1,P7,P6,path_1,11,29,80,7.25,2.15,0
P7__P6__path_1,P7,P6,path_1,12,30,80,7.25,2.25,0
P7__P6__path_1,P7,P6,path_1,13,31,80,7.25,2.35,0
P7__P6__path_1,P7,P6,path_1,14,32,80,7.25,2.45,0
P7__P6__path_1,P7,P6,path_1,15,33,80,7.25,2.55,0
P7__P6__path_1,P7,P6,path_1,16,34,80,7.25,2.65,0
P7__P6__path_1,P7,P6,path_1,17,35,80,7.25,2.75,0
P7__P6__path_1,P7,P6,path_1,18,36,80,7.25,2.85,0
P7__P6__path_1,P7,P6,path_1,19,37,80,7.25,2.95,0
P7__P6__path_1,P7,P6,path_1,20,38,80,7.25,3.05,0
P7__P6__path_1,P7,P6,path_1,21,39,80,7.25,3.15,0
P7__P6__path_1,P7,P6,path_1,22,40,80,7.25,3.25,0
P7__P6__path_1,P7,P6,path_1,23,41,81,7.35,3.35,0
P7__P6__path_1,P7,P6,path_1,24,42,82,7.45,3.45,0
P7__P6__path_1,P7,P6,path_1,25,43,83,7.55,3.55,0
P7__P6__path_1,P7,P6,path_1,26,44,84,7.65,3.65,0
P7__P6__path_1,P7,P6,path_1,27,45,85,7.75,3.75,0
P7__P6__path_1,P7,P6,path_1,28,46,86,7.85,3.85,0
P7__P6__path_1,P7,P6,path_1,29,47,87,7.95,3.95,0
P7__P6__path_1,P7,P6,path_1,30,48,88,8.05,4.05,0
P7__P6__path_1,P7,P6,path_1,31,48,89,8.15,4.05,0
P7__P6__path_1,P7,P6,path_1,32,48,90,8.25,4.05,0
P7__P6__path_1,P7,P6,path_1,33,49,90,8.25,4.15,0
P7__P6__path_1,P7,P6,path_1,34,50,90,8.25,4.25,0
P7__P6__path_1,P7,P6,path_1,35,51,90,8.25,4.35,0
P7__P6__path_1,P7,P6,path_1,36,52,90,8.25,4.45,0
P7__P6__path_1,P7,P6,path_1,37,53,90,8.25,4.55,0
P7__P6__path_1,P7,P6,path_1,38,54,90,8.25,4.65,0
P7__P6__path_1,P7,P6,path_1,39,55,90,8.25,4.75,0
P7__P6__path_1,P7,P6,path_1,40,56,90,8.25,4.85,0
P7__P6__path_1,P7,P6,path_1,41,57,90,8.25,4.95,0
P7__P6__path_1,P7,P6,path_1,42,58,90,8.25,5.05,0
P7__P6__path_1,P7,P6,path_1,43,59,90,8.25,5.15,0
P7__P6__path_1,P7,P6,path_1,44,60,90,8.25,5.25,0
P7__P6__path_1,P7,P6,path_1,45,61,90,8.25,5.35,0
P7__P6__path_1,P7,P6,path_1,46,62,90,8.25,5.45,0
P7__P6__path_1,P7,P6,path_1,47,63,90,8.25,5.55,0
P7__P6__path_1,P7,P6,path_1,48,64,90,8.25,5.65,0
P7__P6__path_1,P7,P6,path_1,49,65,90,8.25,5.75,0
P7__P6__path_1,P7,P6,path_1,50,65,89,8.15,5.75,0
P7__P6__path_1,P7,P6,path_1,51,65,88,8.05,5.75,0
P7__P6__path_1,P7,P6,path_1,52,65,87,7.95,5.75,0
P7__P8__path_1,P7,P8,path_1,0,18,80,7.25,1.05,0
P7__P8__path_1,P7,P8,path_1,1,17,80,7.25,0.95,0
P7__P8__path_1,P7,P8,path_1,2,16,80,7.25,0.85,0
P7__P8__path_1,P7,P8,path_1,3,15,80,7.25,0.75,0
P7__P8__path_1,P7,P8,path_1,4,14,80,7.25,0.65,0
P7__P8__path_1,P7,P8,path_1,5,13,80,7.25,0.55,0
P7__P8__path_1,P7,P8,path_1,6,12,80,7.25,0.45,0
P7__P8__path_1,P7,P8,path_1,7,12,81,7.35,0.45,0
P7__P8__path_1,P7,P8,path_1,8,12,82,7.45,0.45,0
P7__P8__path_1,P7,P8,path_1,9,12,83,7.55,0.45,0
P7__P8__path_1,P7,P8,path_1,10,12,84,7.65,0.45,0
P7__P8__path_1,P7,P8,path_1,11,12,85,7.75,0.45,0
P7__P8__path_1,P7,P8,path_1,12,12,86,7.85,0.45,0
P7__P8__path_1,P7,P8,path_1,13,12,87,7.95,0.45,0
P7__P8__path_1,P7,P8,path_1,14,12,88,8.05,0.45,0
P7__P8__path_1,P7,P8,path_1,15,12,89,8.15,0.45,0
P7__P8__path_1,P7,P8,path_1,16,12,90,8.25,0.45,0
P7__P8__path_1,P7,P8,path_1,17,12,91,8.35,0.45,0
P7__P8__path_1,P7,P8,path_1,18,12,92,8.45,0.45,0
P7__P8__path_1,P7,P8,path_1,19,12,93,8.55,0.45,0
P7__P8__path_1,P7,P8,path_1,20,12,94,8.65,0.45,0
P7__P8__path_1,P7,P8,path_1,21,12,95,8.75,0.45,0
P7__P8__path_1,P7,P8,path_1,22,12,96,8.85,0.45,0
P7__P8__path_1,P7,P8,path_1,23,13,96,8.85,0.55,0
P7__P8__path_1,P7,P8,path_1,24,14,96,8.85,0.65,0
P7__P8__path_1,P7,P8,path_1,25,15,96,8.85,0.75,0
P7__P8__path_1,P7,P8,path_1,26,16,96,8.85,0.85,0
P7__P8__path_1,P7,P8,path_1,27,17,96,8.85,0.95,0
P7__P8__path_1,P7,P8,path_1,28,18,96,8.85,1.05,0
P7__P8__path_1,P7,P8,path_1,29,19,96,8.85,1.15,0
P7__P8__path_1,P7,P8,path_1,30,20,96,8.85,1.25,0
P7__P8__path_1,P7,P8,path_1,31,21,96,8.85,1.35,0
P7__P8__path_1,P7,P8,path_1,32,22,96,8.85,1.45,0
P7__P8__path_1,P7,P8,path_1,33,23,96,8.85,1.55,0
P7__P8__path_1,P7,P8,path_1,34,24,96,8.85,1.65,0
P7__P8__path_1,P7,P8,path_1,35,25,96,8.85,1.75,0
P7__P8__path_1,P7,P8,path_1,36,26,96,8.85,1.85,0
P7__P8__path_1,P7,P8,path_1,37,27,96,8.85,1.95,0
P7__P8__path_1,P7,P8,path_1,38,28,96,8.85,2.05,0
P7__P8__path_1,P7,P8,path_1,39,29,96,8.85,2.15,0
P7__P8__path_1,P7,P8,path_1,40,30,96,8.85,2.25,0
P7__P8__path_1,P7,P8,path_1,41,31,96,8.85,2.35,0
P7__P9__path_1,P7,P9,path_1,0,18,80,7.25,1.05,0
P7__P9__path_1,P7,P9,path_1,1,19,80,7.25,1.15,0
P7__P9__path_1,P7,P9,path_1,2,20,80,7.25,1.25,0
P7__P9__path_1,P7,P9,path_1,3,21,80,7.25,1.35,0
P7__P9__path_1,P7,P9,path_1,4,22,80,7.25,1.45,0
P7__P9__path_1,P7,P9,path_1,5,23,80,7.25,1.55,0
P7__P9__path_1,P7,P9,path_1,6,24,80,7.25,1.65,0
P7__P9__path_1,P7,P9,path_1,7,25,80,7.25,1.75,0
P7__P9__path_1,P7,P9,path_1,8,26,80,7.25,1.85,0
P7__P9__path_1,P7,P9,path_1,9,27,80,7.25,1.95,0
P7__P9__path_1,P7,P9,path_1,10,28,80,7.25,2.05,0
P7__P9__path_1,P7,P9,path_1,11,29,80,7.25,2.15,0
P7__P9__path_1,P7,P9,path_1,12,30,80,7.25,2.25,0
P7__P9__path_1,P7,P9,path_1,13,31,80,7.25,2.35,0
P7__P9__path_1,P7,P9,path_1,14,32,80,7.25,2.45,0
P7__P9__path_1,P7,P9,path_1,15,33,79,7.15,2.55,0
P7__P9__path_1,P7,P9,path_1,16,34,78,7.05,2.65,0
P7__P9__path_1,P7,P9,path_1,17,35,77,6.95,2.75,0
P7__P9__path_1,P7,P9,path_1,18,36,76,6.85,2.85,0
P7__P9__path_1,P7,P9,path_1,19,37,76,6.85,2.95,0
P7__P9__path_1,P7,P9,path_1,20,38,76,6.85,3.05,0
P7__P9__path_1,P7,P9,path_1,21,39,76,6.85,3.15,0
P7__P9__path_1,P7,P9,path_1,22,40,76,6.85,3.25,0
P7__P9__path_1,P7,P9,path_1,23,41,76,6.85,3.35,0
P7__P9__path_1,P7,P9,path_1,24,42,75,6.75,3.45,0
P7__P9__path_1,P7,P9,path_1,25,43,75,6.75,3.55,0
P7__P9__path_1,P7,P9,path_1,26,44,74,6.65,3.65,0
P7__P9__path_1,P7,P9,path_1,27,45,74,6.65,3.75,0
P7__P9__path_1,P7,P9,path_1,28,46,73,6.55,3.85,0
P7__P9__path_1,P7,P9,path_1,29,47,73,6.55,3.95,0
P7__P9__path_1,P7,P9,path_1,30,48,73,6.55,4.05,0
P7__P9__path_1,P7,P9,path_1,31,48,72,6.45,4.05,0
P7__P9__path_1,P7,P9,path_1,32,48,71,6.35,4.05,0
P7__P9__path_1,P7,P9,path_1,33,48,70,6.25,4.05,0
P7__P9__path_1,P7,P9,path_1,34,48,69,6.15,4.05,0
P7__P9__path_1,P7,P9,path_1,35,48,68,6.05,4.05,0
P7__P9__path_1,P7,P9,path_1,36,49,68,6.05,4.15,0
P7__P9__path_1,P7,P9,path_1,37,50,68,6.05,4.25,0
P7__P9__path_1,P7,P9,path_1,38,51,68,6.05,4.35,0
P7__P9__path_1,P7,P9,path_1,39,52,68,6.05,4.45,0
P7__P9__path_1,P7,P9,path_1,40,53,68,6.05,4.55,0
P7__P9__path_1,P7,P9,path_1,41,54,68,6.05,4.65,0
P7__P9__path_1,P7,P9,path_1,42,55,68,6.05,4.75,0
P7__P9__path_1,P7,P9,path_1,43,56,68,6.05,4.85,0
P7__P9__path_1,P7,P9,path_1,44,57,68,6.05,4.95,0
P7__P9__path_1,P7,P9,path_1,45,58,68,6.05,5.05,0
P7__SORT1__path_1,P7,SORT1,path_1,0,18,80,7.25,1.05,0
P7__SORT1__path_1,P7,SORT1,path_1,1,17,80,7.25,0.95,0
P7__SORT1__path_1,P7,SORT1,path_1,2,16,80,7.25,0.85,0
P7__SORT1__path_1,P7,SORT1,path_1,3,15,80,7.25,0.75,0
P7__SORT1__path_1,P7,SORT1,path_1,4,14,80,7.25,0.65,0
P7__SORT1__path_1,P7,SORT1,path_1,5,13,80,7.25,0.55,0
P7__SORT1__path_1,P7,SORT1,path_1,6,12,80,7.25,0.45,0
P7__SORT1__path_1,P7,SORT1,path_1,7,12,81,7.35,0.45,0
P7__SORT1__path_1,P7,SORT1,path_1,8,12,82,7.45,0.45,0
P7__SORT1__path_1,P7,SORT1,path_1,9,12,83,7.55,0.45,0
P7__SORT1__path_1,P7,SORT1,path_1,10,12,84,7.65,0.45,0
P7__SORT1__path_1,P7,SORT1,path_1,11,12,85,7.75,0.45,0
P7__SORT1__path_1,P7,SORT1,path_1,12,12,86,7.85,0.45,0
P7__SORT1__path_1,P7,SORT1,path_1,13,12,87,7.95,0.45,0
P7__SORT1__path_1,P7,SORT1,path_1,14,12,88,8.05,0.45,0
P7__SORT1__path_1,P7,SORT1,path_1,15,12,89,8.15,0.45,0
P7__SORT1__path_1,P7,SORT1,path_1,16,12,90,8.25,0.45,0
P7__SORT1__path_1,P7,SORT1,path_1,17,12,91,8.35,0.45,0
P7__SORT1__path_1,P7,SORT1,path_1,18,12,92,8.45,0.45,0
P7__SORT1__path_1,P7,SORT1,path_1,19,12,93,8.55,0.45,0
P7__SORT1__path_1,P7,SORT1,path_1,20,12,94,8.65,0.45,0
P7__SORT1__path_1,P7,SORT1,path_1,21,12,95,8.75,0.45,0
P7__SORT1__path_1,P7,SORT1,path_1,22,12,96,8.85,0.45,0
P7__SORT1__path_1,P7,SORT1,path_1,23,13,97,8.95,0.55,0
P7__SORT1__path_1,P7,SORT1,path_1,24,14,98,9.05,0.65,0
P7__SORT1__path_1,P7,SORT1,path_1,25,15,99,9.15,0.75,0
P7__SORT1__path_1,P7,SORT1,path_1,26,16,99,9.15,0.85,0
P7__SORT1__path_1,P7,SORT1,path_1,27,17,100,9.25,0.95,0
P7__SORT1__path_1,P7,SORT1,path_1,28,18,100,9.25,1.05,0
P7__SORT1__path_1,P7,SORT1,path_1,29,19,100,9.25,1.15,0
P7__SORT1__path_1,P7,SORT1,path_1,30,20,101,9.35,1.25,0
P7__SORT1__path_1,P7,SORT1,path_1,31,21,101,9.35,1.35,0
P7__SORT1__path_1,P7,SORT1,path_1,32,22,102,9.45,1.45,0
P7__SORT1__path_1,P7,SORT1,path_1,33,23,102,9.45,1.55,0
P7__SORT1__path_1,P7,SORT1,path_1,34,24,103,9.55,1.65,0
P7__SORT1__path_1,P7,SORT1,path_1,35,25,103,9.55,1.75,0
P7__SORT1__path_1,P7,SORT1,path_1,36,26,104,9.65,1.85,0
P7__SORT1__path_1,P7,SORT1,path_1,37,27,104,9.65,1.95,0
P7__SORT1__path_1,P7,SORT1,path_1,38,28,104,9.65,2.05,0
P7__SORT1__path_1,P7,SORT1,path_1,39,29,105,9.75,2.15,0
P7__SORT2__path_1,P7,SORT2,path_1,0,18,80,7.25,1.05,0
P7__SORT2__path_1,P7,SORT2,path_1,1,19,80,7.25,1.15,0
P7__SORT2__path_1,P7,SORT2,path_1,2,20,80,7.25,1.25,0
P7__SORT2__path_1,P7,SORT2,path_1,3,21,80,7.25,1.35,0
P7__SORT2__path_1,P7,SORT2,path_1,4,22,80,7.25,1.45,0
P7__SORT2__path_1,P7,SORT2,path_1,5,23,80,7.25,1.55,0
P7__SORT2__path_1,P7,SORT2,path_1,6,24,80,7.25,1.65,0
P7__SORT2__path_1,P7,SORT2,path_1,7,25,80,7.25,1.75,0
P7__SORT2__path_1,P7,SORT2,path_1,8,26,80,7.25,1.85,0
P7__SORT2__path_1,P7,SORT2,path_1,9,27,80,7.25,1.95,0
P7__SORT2__path_1,P7,SORT2,path_1,10,28,80,7.25,2.05,0
P7__SORT2__path_1,P7,SORT2,path_1,11,29,80,7.25,2.15,0
P7__SORT2__path_1,P7,SORT2,path_1,12,30,80,7.25,2.25,0
P7__SORT2__path_1,P7,SORT2,path_1,13,31,80,7.25,2.35,0
P7__SORT2__path_1,P7,SORT2,path_1,14,32,80,7.25,2.45,0
P7__SORT2__path_1,P7,SORT2,path_1,15,33,80,7.25,2.55,0
P7__SORT2__path_1,P7,SORT2,path_1,16,34,80,7.25,2.65,0
P7__SORT2__path_1,P7,SORT2,path_1,17,35,80,7.25,2.75,0
P7__SORT2__path_1,P7,SORT2,path_1,18,36,80,7.25,2.85,0
P7__SORT2__path_1,P7,SORT2,path_1,19,37,80,7.25,2.95,0
P7__SORT2__path_1,P7,SORT2,path_1,20,38,80,7.25,3.05,0
P7__SORT2__path_1,P7,SORT2,path_1,21,39,80,7.25,3.15,0
P7__SORT2__path_1,P7,SORT2,path_1,22,40,80,7.25,3.25,0
P7__SORT2__path_1,P7,SORT2,path_1,23,40,81,7.35,3.25,0
P7__SORT2__path_1,P7,SORT2,path_1,24,40,82,7.45,3.25,0
P7__SORT2__path_1,P7,SORT2,path_1,25,40,83,7.55,3.25,0
P7__SORT2__path_1,P7,SORT2,path_1,26,40,84,7.65,3.25,0
P7__SORT2__path_1,P7,SORT2,path_1,27,40,85,7.75,3.25,0
P7__SORT2__path_1,P7,SORT2,path_1,28,40,86,7.85,3.25,0
P7__SORT2__path_1,P7,SORT2,path_1,29,40,87,7.95,3.25,0
P7__SORT2__path_1,P7,SORT2,path_1,30,40,88,8.05,3.25,0
P7__SORT2__path_1,P7,SORT2,path_1,31,40,89,8.15,3.25,0
P7__SORT2__path_1,P7,SORT2,path_1,32,40,90,8.25,3.25,0
P7__SORT2__path_1,P7,SORT2,path_1,33,40,91,8.35,3.25,0
P7__SORT2__path_1,P7,SORT2,path_1,34,41,92,8.45,3.35,0
P7__SORT2__path_1,P7,SORT2,path_1,35,42,93,8.55,3.45,0
P7__SORT2__path_1,P7,SORT2,path_1,36,43,94,8.65,3.55,0
P7__SORT2__path_1,P7,SORT2,path_1,37,44,95,8.75,3.65,0
P7__SORT2__path_1,P7,SORT2,path_1,38,45,96,8.85,3.75,0
P7__SORT2__path_1,P7,SORT2,path_1,39,45,97,8.95,3.75,0
P7__SORT2__path_1,P7,SORT2,path_1,40,45,98,9.05,3.75,0
P7__SORT2__path_1,P7,SORT2,path_1,41,45,99,9.15,3.75,0
P7__SORT2__path_1,P7,SORT2,path_1,42,45,100,9.25,3.75,0
P7__SORT2__path_1,P7,SORT2,path_1,43,45,101,9.35,3.75,0
P7__SORT2__path_1,P7,SORT2,path_1,44,45,102,9.45,3.75,0
P7__SORT2__path_1,P7,SORT2,path_1,45,45,103,9.55,3.75,0
P7__SORT2__path_1,P7,SORT2,path_1,46,45,104,9.65,3.75,0
P7__SORT2__path_1,P7,SORT2,path_1,47,45,105,9.75,3.75,0
P7__SORT2__path_1,P7,SORT2,path_1,48,46,106,9.85,3.85,0
P7__SORT2__path_1,P7,SORT2,path_1,49,46,107,9.95,3.85,0
P7__SORT2__path_1,P7,SORT2,path_1,50,47,108,10.05,3.95,0
P7__SORT2__path_1,P7,SORT2,path_1,51,47,109,10.15,3.95,0
P7__SORT2__path_1,P7,SORT2,path_1,52,47,110,10.25,3.95,0
P7__SORT2__path_1,P7,SORT2,path_1,53,48,111,10.35,4.05,0
P7__OUT1__path_1,P7,OUT1,path_1,0,18,80,7.25,1.05,0
P7__OUT1__path_1,P7,OUT1,path_1,1,17,80,7.25,0.95,0
P7__OUT1__path_1,P7,OUT1,path_1,2,16,80,7.25,0.85,0
P7__OUT1__path_1,P7,OUT1,path_1,3,15,80,7.25,0.75,0
P7__OUT1__path_1,P7,OUT1,path_1,4,14,80,7.25,0.65,0
P7__OUT1__path_1,P7,OUT1,path_1,5,13,80,7.25,0.55,0
P7__OUT1__path_1,P7,OUT1,path_1,6,12,80,7.25,0.45,0
P7__OUT1__path_1,P7,OUT1,path_1,7,12,81,7.35,0.45,0
P7__OUT1__path_1,P7,OUT1,path_1,8,12,82,7.45,0.45,0
P7__OUT1__path_1,P7,OUT1,path_1,9,12,83,7.55,0.45,0
P7__OUT1__path_1,P7,OUT1,path_1,10,12,84,7.65,0.45,0
P7__OUT1__path_1,P7,OUT1,path_1,11,12,85,7.75,0.45,0
P7__OUT1__path_1,P7,OUT1,path_1,12,12,86,7.85,0.45,0
P7__OUT1__path_1,P7,OUT1,path_1,13,12,87,7.95,0.45,0
P7__OUT1__path_1,P7,OUT1,path_1,14,12,88,8.05,0.45,0
P7__OUT1__path_1,P7,OUT1,path_1,15,12,89,8.15,0.45,0
P7__OUT1__path_1,P7,OUT1,path_1,16,12,90,8.25,0.45,0
P7__OUT1__path_1,P7,OUT1,path_1,17,12,91,8.35,0.45,0
P7__OUT1__path_1,P7,OUT1,path_1,18,12,92,8.45,0.45,0
P7__OUT1__path_1,P7,OUT1,path_1,19,12,93,8.55,0.45,0
P7__OUT1__path_1,P7,OUT1,path_1,20,12,94,8.65,0.45,0
P7__OUT1__path_1,P7,OUT1,path_1,21,12,95,8.75,0.45,0
P7__OUT1__path_1,P7,OUT1,path_1,22,12,96,8.85,0.45,0
P7__OUT1__path_1,P7,OUT1,path_1,23,13,97,8.95,0.55,0
P7__OUT1__path_1,P7,OUT1,path_1,24,13,98,9.05,0.55,0
P7__OUT1__path_1,P7,OUT1,path_1,25,14,99,9.15,0.65,0
P7__OUT1__path_1,P7,OUT1,path_1,26,14,100,9.25,0.65,0
P7__OUT1__path_1,P7,OUT1,path_1,27,15,101,9.35,0.75,0
P7__OUT1__path_1,P7,OUT1,path_1,28,15,102,9.45,0.75,0
P7__OUT1__path_1,P7,OUT1,path_1,29,16,103,9.55,0.85,0
P7__OUT1__path_1,P7,OUT1,path_1,30,16,104,9.65,0.85,0
P7__OUT1__path_1,P7,OUT1,path_1,31,17,105,9.75,0.95,0
P7__OUT1__path_1,P7,OUT1,path_1,32,18,106,9.85,1.05,0
P7__OUT1__path_1,P7,OUT1,path_1,33,19,107,9.95,1.15,0
P7__OUT1__path_1,P7,OUT1,path_1,34,20,108,10.05,1.25,0
P7__OUT1__path_1,P7,OUT1,path_1,35,21,109,10.15,1.35,0
P7__OUT1__path_1,P7,OUT1,path_1,36,22,110,10.25,1.45,0
P7__OUT1__path_1,P7,OUT1,path_1,37,22,111,10.35,1.45,0
P7__OUT1__path_1,P7,OUT1,path_1,38,22,112,10.45,1.45,0
P7__OUT1__path_1,P7,OUT1,path_1,39,22,113,10.55,1.45,0
P7__OUT1__path_1,P7,OUT1,path_1,40,22,114,10.65,1.45,0
P7__OUT1__path_1,P7,OUT1,path_1,41,22,115,10.75,1.45,0
P7__OUT1__path_1,P7,OUT1,path_1,42,22,116,10.85,1.45,0
P7__OUT1__path_1,P7,OUT1,path_1,43,22,117,10.95,1.45,0
P7__OUT1__path_1,P7,OUT1,path_1,44,22,118,11.05,1.45,0
P7__OUT1__path_1,P7,OUT1,path_1,45,23,119,11.15,1.55,0
P7__OUT1__path_1,P7,OUT1,path_1,46,23,120,11.25,1.55,0
P7__OUT1__path_1,P7,OUT1,path_1,47,24,121,11.35,1.65,0
P7__OUT1__path_1,P7,OUT1,path_1,48,24,122,11.45,1.65,0
P7__OUT1__path_1,P7,OUT1,path_1,49,25,123,11.55,1.75,0
P7__OUT1__path_1,P7,OUT1,path_1,50,25,124,11.65,1.75,0
P7__OUT1__path_1,P7,OUT1,path_1,51,26,125,11.75,1.85,0
P7__OUT1__path_1,P7,OUT1,path_1,52,26,126,11.85,1.85,0
P7__OUT1__path_1,P7,OUT1,path_1,53,26,127,11.95,1.85,0
P7__OUT1__path_1,P7,OUT1,path_1,54,27,128,12.05,1.95,0
P7__OUT2__path_1,P7,OUT2,path_1,0,18,80,7.25,1.05,0
P7__OUT2__path_1,P7,OUT2,path_1,1,17,80,7.25,0.95,0
P7__OUT2__path_1,P7,OUT2,path_1,2,16,80,7.25,0.85,0
P7__OUT2__path_1,P7,OUT2,path_1,3,15,80,7.25,0.75,0
P7__OUT2__path_1,P7,OUT2,path_1,4,14,80,7.25,0.65,0
P7__OUT2__path_1,P7,OUT2,path_1,5,13,80,7.25,0.55,0
P7__OUT2__path_1,P7,OUT2,path_1,6,12,80,7.25,0.45,0
P7__OUT2__path_1,P7,OUT2,path_1,7,12,81,7.35,0.45,0
P7__OUT2__path_1,P7,OUT2,path_1,8,12,82,7.45,0.45,0
P7__OUT2__path_1,P7,OUT2,path_1,9,12,83,7.55,0.45,0
P7__OUT2__path_1,P7,OUT2,path_1,10,12,84,7.65,0.45,0
P7__OUT2__path_1,P7,OUT2,path_1,11,12,85,7.75,0.45,0
P7__OUT2__path_1,P7,OUT2,path_1,12,12,86,7.85,0.45,0
P7__OUT2__path_1,P7,OUT2,path_1,13,12,87,7.95,0.45,0
P7__OUT2__path_1,P7,OUT2,path_1,14,12,88,8.05,0.45,0
P7__OUT2__path_1,P7,OUT2,path_1,15,12,89,8.15,0.45,0
P7__OUT2__path_1,P7,OUT2,path_1,16,12,90,8.25,0.45,0
P7__OUT2__path_1,P7,OUT2,path_1,17,12,91,8.35,0.45,0
P7__OUT2__path_1,P7,OUT2,path_1,18,12,92,8.45,0.45,0
P7__OUT2__path_1,P7,OUT2,path_1,19,12,93,8.55,0.45,0
P7__OUT2__path_1,P7,OUT2,path_1,20,12,94,8.65,0.45,0
P7__OUT2__path_1,P7,OUT2,path_1,21,12,95,8.75,0.45,0
P7__OUT2__path_1,P7,OUT2,path_1,22,12,96,8.85,0.45,0
P7__OUT2__path_1,P7,OUT2,path_1,23,13,97,8.95,0.55,0
P7__OUT2__path_1,P7,OUT2,path_1,24,14,98,9.05,0.65,0
P7__OUT2__path_1,P7,OUT2,path_1,25,15,99,9.15,0.75,0
P7__OUT2__path_1,P7,OUT2,path_1,26,16,100,9.25,0.85,0
P7__OUT2__path_1,P7,OUT2,path_1,27,17,101,9.35,0.95,0
P7__OUT2__path_1,P7,OUT2,path_1,28,18,102,9.45,1.05,0
P7__OUT2__path_1,P7,OUT2,path_1,29,19,103,9.55,1.15,0
P7__OUT2__path_1,P7,OUT2,path_1,30,20,104,9.65,1.25,0
P7__OUT2__path_1,P7,OUT2,path_1,31,21,105,9.75,1.35,0
P7__OUT2__path_1,P7,OUT2,path_1,32,22,106,9.85,1.45,0
P7__OUT2__path_1,P7,OUT2,path_1,33,23,107,9.95,1.55,0
P7__OUT2__path_1,P7,OUT2,path_1,34,24,108,10.05,1.65,0
P7__OUT2__path_1,P7,OUT2,path_1,35,25,109,10.15,1.75,0
P7__OUT2__path_1,P7,OUT2,path_1,36,26,110,10.25,1.85,0
P7__OUT2__path_1,P7,OUT2,path_1,37,27,111,10.35,1.95,0
P7__OUT2__path_1,P7,OUT2,path_1,38,28,112,10.45,2.05,0
P7__OUT2__path_1,P7,OUT2,path_1,39,29,113,10.55,2.15,0
P7__OUT2__path_1,P7,OUT2,path_1,40,30,114,10.65,2.25,0
P7__OUT2__path_1,P7,OUT2,path_1,41,31,115,10.75,2.35,0
P7__OUT2__path_1,P7,OUT2,path_1,42,32,116,10.85,2.45,0
P7__OUT2__path_1,P7,OUT2,path_1,43,33,117,10.95,2.55,0
P7__OUT2__path_1,P7,OUT2,path_1,44,34,118,11.05,2.65,0
P7__OUT2__path_1,P7,OUT2,path_1,45,35,119,11.15,2.75,0
P7__OUT2__path_1,P7,OUT2,path_1,46,36,120,11.25,2.85,0
P7__OUT2__path_1,P7,OUT2,path_1,47,37,121,11.35,2.95,0
P7__OUT2__path_1,P7,OUT2,path_1,48,38,122,11.45,3.05,0
P7__OUT2__path_1,P7,OUT2,path_1,49,39,123,11.55,3.15,0
P7__OUT2__path_1,P7,OUT2,path_1,50,40,124,11.65,3.25,0
P7__OUT2__path_1,P7,OUT2,path_1,51,41,125,11.75,3.35,0
P7__OUT2__path_1,P7,OUT2,path_1,52,42,126,11.85,3.45,0
P7__OUT2__path_1,P7,OUT2,path_1,53,43,126,11.85,3.55,0
P7__OUT2__path_1,P7,OUT2,path_1,54,44,127,11.95,3.65,0
P7__OUT2__path_1,P7,OUT2,path_1,55,45,127,11.95,3.75,0
P7__OUT2__path_1,P7,OUT2,path_1,56,46,127,11.95,3.85,0
P7__OUT2__path_1,P7,OUT2,path_1,57,47,128,12.05,3.95,0
P7__CHG1__path_1,P7,CHG1,path_1,0,18,80,7.25,1.05,0
P7__CHG1__path_1,P7,CHG1,path_1,1,17,79,7.15,0.95,0
P7__CHG1__path_1,P7,CHG1,path_1,2,16,78,7.05,0.85,0
P7__CHG1__path_1,P7,CHG1,path_1,3,15,77,6.95,0.75,0
P7__CHG1__path_1,P7,CHG1,path_1,4,14,76,6.85,0.65,0
P7__CHG1__path_1,P7,CHG1,path_1,5,13,75,6.75,0.55,0
P7__CHG1__path_1,P7,CHG1,path_1,6,12,75,6.75,0.45,0
P7__CHG1__path_1,P7,CHG1,path_1,7,11,75,6.75,0.35,0
P7__CHG1__path_1,P7,CHG1,path_1,8,11,74,6.65,0.35,0
P7__CHG1__path_1,P7,CHG1,path_1,9,11,73,6.55,0.35,0
P7__CHG1__path_1,P7,CHG1,path_1,10,11,72,6.45,0.35,0
P7__CHG1__path_1,P7,CHG1,path_1,11,11,71,6.35,0.35,0
P7__CHG1__path_1,P7,CHG1,path_1,12,11,70,6.25,0.35,0
P7__CHG1__path_1,P7,CHG1,path_1,13,11,69,6.15,0.35,0
P7__CHG1__path_1,P7,CHG1,path_1,14,11,68,6.05,0.35,0
P7__CHG1__path_1,P7,CHG1,path_1,15,11,67,5.95,0.35,0
P7__CHG1__path_1,P7,CHG1,path_1,16,11,66,5.85,0.35,0
P7__CHG1__path_1,P7,CHG1,path_1,17,10,65,5.75,0.25,0
P7__CHG1__path_1,P7,CHG1,path_1,18,10,64,5.65,0.25,0
P7__CHG1__path_1,P7,CHG1,path_1,19,10,63,5.55,0.25,0
P7__CHG1__path_1,P7,CHG1,path_1,20,10,62,5.45,0.25,0
P7__CHG1__path_1,P7,CHG1,path_1,21,10,61,5.35,0.25,0
P7__CHG1__path_1,P7,CHG1,path_1,22,10,60,5.25,0.25,0
P7__CHG1__path_1,P7,CHG1,path_1,23,10,59,5.15,0.25,0
P7__CHG1__path_1,P7,CHG1,path_1,24,10,58,5.05,0.25,0
P7__CHG1__path_1,P7,CHG1,path_1,25,10,57,4.95,0.25,0
P7__CHG1__path_1,P7,CHG1,path_1,26,10,56,4.85,0.25,0
P7__CHG1__path_1,P7,CHG1,path_1,27,10,55,4.75,0.25,0
P7__CHG1__path_1,P7,CHG1,path_1,28,10,54,4.65,0.25,0
P7__CHG1__path_1,P7,CHG1,path_1,29,10,53,4.55,0.25,0
P7__CHG1__path_1,P7,CHG1,path_1,30,10,52,4.45,0.25,0
P7__CHG1__path_1,P7,CHG1,path_1,31,10,51,4.35,0.25,0
P7__CHG1__path_1,P7,CHG1,path_1,32,10,50,4.25,0.25,0
P7__CHG1__path_1,P7,CHG1,path_1,33,10,49,4.15,0.25,0
P7__CHG1__path_1,P7,CHG1,path_1,34,10,48,4.05,0.25,0
P7__CHG1__path_1,P7,CHG1,path_1,35,10,47,3.95,0.25,0
P7__CHG1__path_1,P7,CHG1,path_1,36,10,46,3.85,0.25,0
P7__CHG1__path_1,P7,CHG1,path_1,37,10,45,3.75,0.25,0
P7__CHG1__path_1,P7,CHG1,path_1,38,10,44,3.65,0.25,0
P7__CHG1__path_1,P7,CHG1,path_1,39,10,43,3.55,0.25,0
P7__CHG1__path_1,P7,CHG1,path_1,40,10,42,3.45,0.25,0
P7__CHG1__path_1,P7,CHG1,path_1,41,10,41,3.35,0.25,0
P7__CHG1__path_1,P7,CHG1,path_1,42,10,40,3.25,0.25,0
P7__CHG1__path_1,P7,CHG1,path_1,43,10,39,3.15,0.25,0
P7__CHG1__path_1,P7,CHG1,path_1,44,10,38,3.05,0.25,0
P7__CHG1__path_1,P7,CHG1,path_1,45,10,37,2.95,0.25,0
P7__CHG1__path_1,P7,CHG1,path_1,46,10,36,2.85,0.25,0
P7__CHG1__path_1,P7,CHG1,path_1,47,10,35,2.75,0.25,0
P7__CHG1__path_1,P7,CHG1,path_1,48,10,34,2.65,0.25,0
P7__CHG1__path_1,P7,CHG1,path_1,49,10,33,2.55,0.25,0
P7__CHG1__path_1,P7,CHG1,path_1,50,10,32,2.45,0.25,0
P7__CHG1__path_1,P7,CHG1,path_1,51,10,31,2.35,0.25,0
P7__CHG1__path_1,P7,CHG1,path_1,52,10,30,2.25,0.25,0
P7__CHG1__path_1,P7,CHG1,path_1,53,10,29,2.15,0.25,0
P7__CHG1__path_1,P7,CHG1,path_1,54,10,28,2.05,0.25,0
P7__CHG1__path_1,P7,CHG1,path_1,55,10,27,1.95,0.25,0
P7__CHG1__path_1,P7,CHG1,path_1,56,10,26,1.85,0.25,0
P7__CHG1__path_1,P7,CHG1,path_1,57,10,25,1.75,0.25,0
P7__CHG1__path_1,P7,CHG1,path_1,58,10,24,1.65,0.25,0
P7__CHG1__path_1,P7,CHG1,path_1,59,10,23,1.55,0.25,0
P7__CHG1__path_1,P7,CHG1,path_1,60,10,22,1.45,0.25,0
P7__CHG1__path_1,P7,CHG1,path_1,61,9,21,1.35,0.15,0
P7__CHG1__path_1,P7,CHG1,path_1,62,9,20,1.25,0.15,0
P7__CHG1__path_1,P7,CHG1,path_1,63,9,19,1.15,0.15,0
P7__CHG1__path_1,P7,CHG1,path_1,64,8,18,1.05,0.05,0
P7__CHG2__path_1,P7,CHG2,path_1,0,18,80,7.25,1.05,0
P7__CHG2__path_1,P7,CHG2,path_1,1,17,80,7.25,0.95,0
P7__CHG2__path_1,P7,CHG2,path_1,2,16,80,7.25,0.85,0
P7__CHG2__path_1,P7,CHG2,path_1,3,15,80,7.25,0.75,0
P7__CHG2__path_1,P7,CHG2,path_1,4,14,80,7.25,0.65,0
P7__CHG2__path_1,P7,CHG2,path_1,5,13,80,7.25,0.55,0
P7__CHG2__path_1,P7,CHG2,path_1,6,12,80,7.25,0.45,0
P7__CHG2__path_1,P7,CHG2,path_1,7,12,81,7.35,0.45,0
P7__CHG2__path_1,P7,CHG2,path_1,8,12,82,7.45,0.45,0
P7__CHG2__path_1,P7,CHG2,path_1,9,12,83,7.55,0.45,0
P7__CHG2__path_1,P7,CHG2,path_1,10,12,84,7.65,0.45,0
P7__CHG2__path_1,P7,CHG2,path_1,11,12,85,7.75,0.45,0
P7__CHG2__path_1,P7,CHG2,path_1,12,12,86,7.85,0.45,0
P7__CHG2__path_1,P7,CHG2,path_1,13,12,87,7.95,0.45,0
P7__CHG2__path_1,P7,CHG2,path_1,14,12,88,8.05,0.45,0
P7__CHG2__path_1,P7,CHG2,path_1,15,11,89,8.15,0.35,0
P7__CHG2__path_1,P7,CHG2,path_1,16,10,90,8.25,0.25,0
P7__CHG2__path_1,P7,CHG2,path_1,17,9,91,8.35,0.15,0
P7__CHG2__path_1,P7,CHG2,path_1,18,8,92,8.45,0.05,0
P7__CHG2__path_1,P7,CHG2,path_1,19,8,93,8.55,0.05,0
P7__CHG2__path_1,P7,CHG2,path_1,20,8,94,8.65,0.05,0
P7__CHG2__path_1,P7,CHG2,path_1,21,8,95,8.75,0.05,0
P7__CHG2__path_1,P7,CHG2,path_1,22,8,96,8.85,0.05,0
P7__CHG2__path_1,P7,CHG2,path_1,23,8,97,8.95,0.05,0
P7__CHG2__path_1,P7,CHG2,path_1,24,8,98,9.05,0.05,0
P8__IN1__path_1,P8,IN1,path_1,0,31,96,8.85,2.35,0
P8__IN1__path_1,P8,IN1,path_1,1,30,96,8.85,2.25,0
P8__IN1__path_1,P8,IN1,path_1,2,29,96,8.85,2.15,0
P8__IN1__path_1,P8,IN1,path_1,3,28,96,8.85,2.05,0
P8__IN1__path_1,P8,IN1,path_1,4,27,96,8.85,1.95,0
P8__IN1__path_1,P8,IN1,path_1,5,26,96,8.85,1.85,0
P8__IN1__path_1,P8,IN1,path_1,6,25,96,8.85,1.75,0
P8__IN1__path_1,P8,IN1,path_1,7,24,96,8.85,1.65,0
P8__IN1__path_1,P8,IN1,path_1,8,23,96,8.85,1.55,0
P8__IN1__path_1,P8,IN1,path_1,9,22,96,8.85,1.45,0
P8__IN1__path_1,P8,IN1,path_1,10,21,96,8.85,1.35,0
P8__IN1__path_1,P8,IN1,path_1,11,20,96,8.85,1.25,0
P8__IN1__path_1,P8,IN1,path_1,12,19,96,8.85,1.15,0
P8__IN1__path_1,P8,IN1,path_1,13,18,96,8.85,1.05,0
P8__IN1__path_1,P8,IN1,path_1,14,17,96,8.85,0.95,0
P8__IN1__path_1,P8,IN1,path_1,15,16,96,8.85,0.85,0
P8__IN1__path_1,P8,IN1,path_1,16,15,96,8.85,0.75,0
P8__IN1__path_1,P8,IN1,path_1,17,14,96,8.85,0.65,0
P8__IN1__path_1,P8,IN1,path_1,18,13,96,8.85,0.55,0
P8__IN1__path_1,P8,IN1,path_1,19,12,96,8.85,0.45,0
P8__IN1__path_1,P8,IN1,path_1,20,12,95,8.75,0.45,0
P8__IN1__path_1,P8,IN1,path_1,21,12,94,8.65,0.45,0
P8__IN1__path_1,P8,IN1,path_1,22,12,93,8.55,0.45,0
P8__IN1__path_1,P8,IN1,path_1,23,12,92,8.45,0.45,0
P8__IN1__path_1,P8,IN1,path_1,24,12,91,8.35,0.45,0
P8__IN1__path_1,P8,IN1,path_1,25,12,90,8.25,0.45,0
P8__IN1__path_1,P8,IN1,path_1,26,12,89,8.15,0.45,0
P8__IN1__path_1,P8,IN1,path_1,27,12,88,8.05,0.45,0
P8__IN1__path_1,P8,IN1,path_1,28,12,87,7.95,0.45,0
P8__IN1__path_1,P8,IN1,path_1,29,12,86,7.85,0.45,0
P8__IN1__path_1,P8,IN1,path_1,30,12,85,7.75,0.45,0
P8__IN1__path_1,P8,IN1,path_1,31,12,84,7.65,0.45,0
P8__IN1__path_1,P8,IN1,path_1,32,12,83,7.55,0.45,0
P8__IN1__path_1,P8,IN1,path_1,33,12,82,7.45,0.45,0
P8__IN1__path_1,P8,IN1,path_1,34,12,81,7.35,0.45,0
P8__IN1__path_1,P8,IN1,path_1,35,12,80,7.25,0.45,0
P8__IN1__path_1,P8,IN1,path_1,36,12,79,7.15,0.45,0
P8__IN1__path_1,P8,IN1,path_1,37,12,78,7.05,0.45,0
P8__IN1__path_1,P8,IN1,path_1,38,12,77,6.95,0.45,0
P8__IN1__path_1,P8,IN1,path_1,39,12,76,6.85,0.45,0
P8__IN1__path_1,P8,IN1,path_1,40,11,75,6.75,0.35,0
P8__IN1__path_1,P8,IN1,path_1,41,11,74,6.65,0.35,0
P8__IN1__path_1,P8,IN1,path_1,42,11,73,6.55,0.35,0
P8__IN1__path_1,P8,IN1,path_1,43,11,72,6.45,0.35,0
P8__IN1__path_1,P8,IN1,path_1,44,11,71,6.35,0.35,0
P8__IN1__path_1,P8,IN1,path_1,45,11,70,6.25,0.35,0
P8__IN1__path_1,P8,IN1,path_1,46,11,69,6.15,0.35,0
P8__IN1__path_1,P8,IN1,path_1,47,11,68,6.05,0.35,0
P8__IN1__path_1,P8,IN1,path_1,48,11,67,5.95,0.35,0
P8__IN1__path_1,P8,IN1,path_1,49,11,66,5.85,0.35,0
P8__IN1__path_1,P8,IN1,path_1,50,11,65,5.75,0.35,0
P8__IN1__path_1,P8,IN1,path_1,51,11,64,5.65,0.35,0
P8__IN1__path_1,P8,IN1,path_1,52,11,63,5.55,0.35,0
P8__IN1__path_1,P8,IN1,path_1,53,11,62,5.45,0.35,0
P8__IN1__path_1,P8,IN1,path_1,54,11,61,5.35,0.35,0
P8__IN1__path_1,P8,IN1,path_1,55,11,60,5.25,0.35,0
P8__IN1__path_1,P8,IN1,path_1,56,11,59,5.15,0.35,0
P8__IN1__path_1,P8,IN1,path_1,57,11,58,5.05,0.35,0
P8__IN1__path_1,P8,IN1,path_1,58,11,57,4.95,0.35,0
P8__IN1__path_1,P8,IN1,path_1,59,11,56,4.85,0.35,0
P8__IN1__path_1,P8,IN1,path_1,60,11,55,4.75,0.35,0
P8__IN1__path_1,P8,IN1,path_1,61,11,54,4.65,0.35,0
P8__IN1__path_1,P8,IN1,path_1,62,10,53,4.55,0.25,0
P8__IN1__path_1,P8,IN1,path_1,63,10,52,4.45,0.25,0
P8__IN1__path_1,P8,IN1,path_1,64,10,51,4.35,0.25,0
P8__IN1__path_1,P8,IN1,path_1,65,10,50,4.25,0.25,0
P8__IN1__path_1,P8,IN1,path_1,66,10,49,4.15,0.25,0
P8__IN1__path_1,P8,IN1,path_1,67,10,48,4.05,0.25,0
P8__IN1__path_1,P8,IN1,path_1,68,10,47,3.95,0.25,0
P8__IN1__path_1,P8,IN1,path_1,69,10,46,3.85,0.25,0
P8__IN1__path_1,P8,IN1,path_1,70,10,45,3.75,0.25,0
P8__IN1__path_1,P8,IN1,path_1,71,10,44,3.65,0.25,0
P8__IN1__path_1,P8,IN1,path_1,72,10,43,3.55,0.25,0
P8__IN1__path_1,P8,IN1,path_1,73,10,42,3.45,0.25,0
P8__IN1__path_1,P8,IN1,path_1,74,10,41,3.35,0.25,0
P8__IN1__path_1,P8,IN1,path_1,75,10,40,3.25,0.25,0
P8__IN1__path_1,P8,IN1,path_1,76,10,39,3.15,0.25,0
P8__IN1__path_1,P8,IN1,path_1,77,10,38,3.05,0.25,0
P8__IN1__path_1,P8,IN1,path_1,78,10,37,2.95,0.25,0
P8__IN1__path_1,P8,IN1,path_1,79,10,36,2.85,0.25,0
P8__IN1__path_1,P8,IN1,path_1,80,10,35,2.75,0.25,0
P8__IN1__path_1,P8,IN1,path_1,81,10,34,2.65,0.25,0
P8__IN1__path_1,P8,IN1,path_1,82,10,33,2.55,0.25,0
P8__IN1__path_1,P8,IN1,path_1,83,10,32,2.45,0.25,0
P8__IN1__path_1,P8,IN1,path_1,84,10,31,2.35,0.25,0
P8__IN1__path_1,P8,IN1,path_1,85,10,30,2.25,0.25,0
P8__IN1__path_1,P8,IN1,path_1,86,10,29,2.15,0.25,0
P8__IN1__path_1,P8,IN1,path_1,87,10,28,2.05,0.25,0
P8__IN1__path_1,P8,IN1,path_1,88,10,27,1.95,0.25,0
P8__IN1__path_1,P8,IN1,path_1,89,10,26,1.85,0.25,0
P8__IN1__path_1,P8,IN1,path_1,90,10,25,1.75,0.25,0
P8__IN1__path_1,P8,IN1,path_1,91,11,24,1.65,0.35,0
P8__IN1__path_1,P8,IN1,path_1,92,11,23,1.55,0.35,0
P8__IN1__path_1,P8,IN1,path_1,93,12,22,1.45,0.45,0
P8__IN1__path_1,P8,IN1,path_1,94,12,21,1.35,0.45,0
P8__IN1__path_1,P8,IN1,path_1,95,13,20,1.25,0.55,0
P8__IN1__path_1,P8,IN1,path_1,96,13,19,1.15,0.55,0
P8__IN1__path_1,P8,IN1,path_1,97,13,18,1.05,0.55,0
P8__IN1__path_1,P8,IN1,path_1,98,14,17,0.95,0.65,0
P8__IN1__path_1,P8,IN1,path_1,99,14,16,0.85,0.65,0
P8__IN1__path_1,P8,IN1,path_1,100,15,15,0.75,0.75,0
P8__IN1__path_1,P8,IN1,path_1,101,15,14,0.65,0.75,0
P8__IN1__path_1,P8,IN1,path_1,102,16,13,0.55,0.85,0
P8__IN1__path_1,P8,IN1,path_1,103,16,12,0.45,0.85,0
P8__IN1__path_1,P8,IN1,path_1,104,17,11,0.35,0.95,0
P8__IN1__path_1,P8,IN1,path_1,105,17,10,0.25,0.95,0
P8__IN1__path_1,P8,IN1,path_1,106,17,9,0.15,0.95,0
P8__IN1__path_1,P8,IN1,path_1,107,18,8,0.05,1.05,0
P8__IN2__path_1,P8,IN2,path_1,0,31,96,8.85,2.35,0
P8__IN2__path_1,P8,IN2,path_1,1,32,96,8.85,2.45,0
P8__IN2__path_1,P8,IN2,path_1,2,33,96,8.85,2.55,0
P8__IN2__path_1,P8,IN2,path_1,3,34,96,8.85,2.65,0
P8__IN2__path_1,P8,IN2,path_1,4,35,96,8.85,2.75,0
P8__IN2__path_1,P8,IN2,path_1,5,36,96,8.85,2.85,0
P8__IN2__path_1,P8,IN2,path_1,6,37,96,8.85,2.95,0
P8__IN2__path_1,P8,IN2,path_1,7,38,96,8.85,3.05,0
P8__IN2__path_1,P8,IN2,path_1,8,39,96,8.85,3.15,0
P8__IN2__path_1,P8,IN2,path_1,9,40,96,8.85,3.25,0
P8__IN2__path_1,P8,IN2,path_1,10,40,95,8.75,3.25,0
P8__IN2__path_1,P8,IN2,path_1,11,40,94,8.65,3.25,0
P8__IN2__path_1,P8,IN2,path_1,12,41,93,8.55,3.35,0
P8__IN2__path_1,P8,IN2,path_1,13,42,92,8.45,3.45,0
P8__IN2__path_1,P8,IN2,path_1,14,43,91,8.35,3.55,0
P8__IN2__path_1,P8,IN2,path_1,15,44,90,8.25,3.65,0
P8__IN2__path_1,P8,IN2,path_1,16,45,89,8.15,3.75,0
P8__IN2__path_1,P8,IN2,path_1,17,46,88,8.05,3.85,0
P8__IN2__path_1,P8,IN2,path_1,18,46,87,7.95,3.85,0
P8__IN2__path_1,P8,IN2,path_1,19,46,86,7.85,3.85,0
P8__IN2__path_1,P8,IN2,path_1,20,46,85,7.75,3.85,0
P8__IN2__path_1,P8,IN2,path_1,21,46,84,7.65,3.85,0
P8__IN2__path_1,P8,IN2,path_1,22,46,83,7.55,3.85,0
P8__IN2__path_1,P8,IN2,path_1,23,46,82,7.45,3.85,0
P8__IN2__path_1,P8,IN2,path_1,24,46,81,7.35,3.85,0
P8__IN2__path_1,P8,IN2,path_1,25,46,80,7.25,3.85,0
P8__IN2__path_1,P8,IN2,path_1,26,46,79,7.15,3.85,0
P8__IN2__path_1,P8,IN2,path_1,27,46,78,7.05,3.85,0
P8__IN2__path_1,P8,IN2,path_1,28,46,77,6.95,3.85,0
P8__IN2__path_1,P8,IN2,path_1,29,46,76,6.85,3.85,0
P8__IN2__path_1,P8,IN2,path_1,30,46,75,6.75,3.85,0
P8__IN2__path_1,P8,IN2,path_1,31,47,74,6.65,3.95,0
P8__IN2__path_1,P8,IN2,path_1,32,48,73,6.55,4.05,0
P8__IN2__path_1,P8,IN2,path_1,33,48,72,6.45,4.05,0
P8__IN2__path_1,P8,IN2,path_1,34,48,71,6.35,4.05,0
P8__IN2__path_1,P8,IN2,path_1,35,48,70,6.25,4.05,0
P8__IN2__path_1,P8,IN2,path_1,36,48,69,6.15,4.05,0
P8__IN2__path_1,P8,IN2,path_1,37,48,68,6.05,4.05,0
P8__IN2__path_1,P8,IN2,path_1,38,48,67,5.95,4.05,0
P8__IN2__path_1,P8,IN2,path_1,39,48,66,5.85,4.05,0
P8__IN2__path_1,P8,IN2,path_1,40,48,65,5.75,4.05,0
P8__IN2__path_1,P8,IN2,path_1,41,48,64,5.65,4.05,0
P8__IN2__path_1,P8,IN2,path_1,42,48,63,5.55,4.05,0
P8__IN2__path_1,P8,IN2,path_1,43,48,62,5.45,4.05,0
P8__IN2__path_1,P8,IN2,path_1,44,48,61,5.35,4.05,0
P8__IN2__path_1,P8,IN2,path_1,45,48,60,5.25,4.05,0
P8__IN2__path_1,P8,IN2,path_1,46,48,59,5.15,4.05,0
P8__IN2__path_1,P8,IN2,path_1,47,48,58,5.05,4.05,0
P8__IN2__path_1,P8,IN2,path_1,48,48,57,4.95,4.05,0
P8__IN2__path_1,P8,IN2,path_1,49,48,56,4.85,4.05,0
P8__IN2__path_1,P8,IN2,path_1,50,48,55,4.75,4.05,0
P8__IN2__path_1,P8,IN2,path_1,51,48,54,4.65,4.05,0
P8__IN2__path_1,P8,IN2,path_1,52,48,53,4.55,4.05,0
P8__IN2__path_1,P8,IN2,path_1,53,48,52,4.45,4.05,0
P8__IN2__path_1,P8,IN2,path_1,54,48,51,4.35,4.05,0
P8__IN2__path_1,P8,IN2,path_1,55,48,50,4.25,4.05,0
P8__IN2__path_1,P8,IN2,path_1,56,48,49,4.15,4.05,0
P8__IN2__path_1,P8,IN2,path_1,57,48,48,4.05,4.05,0
P8__IN2__path_1,P8,IN2,path_1,58,48,47,3.95,4.05,0
P8__IN2__path_1,P8,IN2,path_1,59,48,46,3.85,4.05,0
P8__IN2__path_1,P8,IN2,path_1,60,48,45,3.75,4.05,0
P8__IN2__path_1,P8,IN2,path_1,61,48,44,3.65,4.05,0
P8__IN2__path_1,P8,IN2,path_1,62,48,43,3.55,4.05,0
P8__IN2__path_1,P8,IN2,path_1,63,48,42,3.45,4.05,0
P8__IN2__path_1,P8,IN2,path_1,64,48,41,3.35,4.05,0
P8__IN2__path_1,P8,IN2,path_1,65,48,40,3.25,4.05,0
P8__IN2__path_1,P8,IN2,path_1,66,48,39,3.15,4.05,0
P8__IN2__path_1,P8,IN2,path_1,67,48,38,3.05,4.05,0
P8__IN2__path_1,P8,IN2,path_1,68,48,37,2.95,4.05,0
P8__IN2__path_1,P8,IN2,path_1,69,48,36,2.85,4.05,0
P8__IN2__path_1,P8,IN2,path_1,70,48,35,2.75,4.05,0
P8__IN2__path_1,P8,IN2,path_1,71,48,34,2.65,4.05,0
P8__IN2__path_1,P8,IN2,path_1,72,48,33,2.55,4.05,0
P8__IN2__path_1,P8,IN2,path_1,73,48,32,2.45,4.05,0
P8__IN2__path_1,P8,IN2,path_1,74,48,31,2.35,4.05,0
P8__IN2__path_1,P8,IN2,path_1,75,48,30,2.25,4.05,0
P8__IN2__path_1,P8,IN2,path_1,76,48,29,2.15,4.05,0
P8__IN2__path_1,P8,IN2,path_1,77,48,28,2.05,4.05,0
P8__IN2__path_1,P8,IN2,path_1,78,48,27,1.95,4.05,0
P8__IN2__path_1,P8,IN2,path_1,79,49,26,1.85,4.15,0
P8__IN2__path_1,P8,IN2,path_1,80,49,25,1.75,4.15,0
P8__IN2__path_1,P8,IN2,path_1,81,50,24,1.65,4.25,0
P8__IN2__path_1,P8,IN2,path_1,82,50,23,1.55,4.25,0
P8__IN2__path_1,P8,IN2,path_1,83,51,22,1.45,4.35,0
P8__IN2__path_1,P8,IN2,path_1,84,51,21,1.35,4.35,0
P8__IN2__path_1,P8,IN2,path_1,85,52,20,1.25,4.45,0
P8__IN2__path_1,P8,IN2,path_1,86,52,19,1.15,4.45,0
P8__IN2__path_1,P8,IN2,path_1,87,52,18,1.05,4.45,0
P8__IN2__path_1,P8,IN2,path_1,88,53,17,0.95,4.55,0
P8__IN2__path_1,P8,IN2,path_1,89,53,16,0.85,4.55,0
P8__IN2__path_1,P8,IN2,path_1,90,54,15,0.75,4.65,0
P8__IN2__path_1,P8,IN2,path_1,91,54,14,0.65,4.65,0
P8__IN2__path_1,P8,IN2,path_1,92,55,13,0.55,4.75,0
P8__IN2__path_1,P8,IN2,path_1,93,55,12,0.45,4.75,0
P8__IN2__path_1,P8,IN2,path_1,94,56,11,0.35,4.85,0
P8__IN2__path_1,P8,IN2,path_1,95,56,10,0.25,4.85,0
P8__IN2__path_1,P8,IN2,path_1,96,56,9,0.15,4.85,0
P8__IN2__path_1,P8,IN2,path_1,97,57,8,0.05,4.95,0
P8__P1__path_1,P8,P1,path_1,0,31,96,8.85,2.35,0
P8__P1__path_1,P8,P1,path_1,1,30,96,8.85,2.25,0
P8__P1__path_1,P8,P1,path_1,2,29,96,8.85,2.15,0
P8__P1__path_1,P8,P1,path_1,3,28,96,8.85,2.05,0
P8__P1__path_1,P8,P1,path_1,4,27,96,8.85,1.95,0
P8__P1__path_1,P8,P1,path_1,5,26,96,8.85,1.85,0
P8__P1__path_1,P8,P1,path_1,6,25,96,8.85,1.75,0
P8__P1__path_1,P8,P1,path_1,7,24,96,8.85,1.65,0
P8__P1__path_1,P8,P1,path_1,8,23,96,8.85,1.55,0
P8__P1__path_1,P8,P1,path_1,9,22,96,8.85,1.45,0
P8__P1__path_1,P8,P1,path_1,10,21,96,8.85,1.35,0
P8__P1__path_1,P8,P1,path_1,11,20,96,8.85,1.25,0
P8__P1__path_1,P8,P1,path_1,12,19,96,8.85,1.15,0
P8__P1__path_1,P8,P1,path_1,13,18,96,8.85,1.05,0
P8__P1__path_1,P8,P1,path_1,14,17,96,8.85,0.95,0
P8__P1__path_1,P8,P1,path_1,15,16,96,8.85,0.85,0
P8__P1__path_1,P8,P1,path_1,16,15,96,8.85,0.75,0
P8__P1__path_1,P8,P1,path_1,17,14,96,8.85,0.65,0
P8__P1__path_1,P8,P1,path_1,18,13,96,8.85,0.55,0
P8__P1__path_1,P8,P1,path_1,19,12,96,8.85,0.45,0
P8__P1__path_1,P8,P1,path_1,20,12,95,8.75,0.45,0
P8__P1__path_1,P8,P1,path_1,21,12,94,8.65,0.45,0
P8__P1__path_1,P8,P1,path_1,22,12,93,8.55,0.45,0
P8__P1__path_1,P8,P1,path_1,23,12,92,8.45,0.45,0
P8__P1__path_1,P8,P1,path_1,24,12,91,8.35,0.45,0
P8__P1__path_1,P8,P1,path_1,25,12,90,8.25,0.45,0
P8__P1__path_1,P8,P1,path_1,26,12,89,8.15,0.45,0
P8__P1__path_1,P8,P1,path_1,27,12,88,8.05,0.45,0
P8__P1__path_1,P8,P1,path_1,28,12,87,7.95,0.45,0
P8__P1__path_1,P8,P1,path_1,29,12,86,7.85,0.45,0
P8__P1__path_1,P8,P1,path_1,30,12,85,7.75,0.45,0
P8__P1__path_1,P8,P1,path_1,31,12,84,7.65,0.45,0
P8__P1__path_1,P8,P1,path_1,32,12,83,7.55,0.45,0
P8__P1__path_1,P8,P1,path_1,33,12,82,7.45,0.45,0
P8__P1__path_1,P8,P1,path_1,34,12,81,7.35,0.45,0
P8__P1__path_1,P8,P1,path_1,35,12,80,7.25,0.45,0
P8__P1__path_1,P8,P1,path_1,36,12,79,7.15,0.45,0
P8__P1__path_1,P8,P1,path_1,37,12,78,7.05,0.45,0
P8__P1__path_1,P8,P1,path_1,38,12,77,6.95,0.45,0
P8__P1__path_1,P8,P1,path_1,39,12,76,6.85,0.45,0
P8__P1__path_1,P8,P1,path_1,40,11,75,6.75,0.35,0
P8__P1__path_1,P8,P1,path_1,41,11,74,6.65,0.35,0
P8__P1__path_1,P8,P1,path_1,42,11,73,6.55,0.35,0
P8__P1__path_1,P8,P1,path_1,43,11,72,6.45,0.35,0
P8__P1__path_1,P8,P1,path_1,44,11,71,6.35,0.35,0
P8__P1__path_1,P8,P1,path_1,45,11,70,6.25,0.35,0
P8__P1__path_1,P8,P1,path_1,46,11,69,6.15,0.35,0
P8__P1__path_1,P8,P1,path_1,47,11,68,6.05,0.35,0
P8__P1__path_1,P8,P1,path_1,48,11,67,5.95,0.35,0
P8__P1__path_1,P8,P1,path_1,49,11,66,5.85,0.35,0
P8__P1__path_1,P8,P1,path_1,50,11,65,5.75,0.35,0
P8__P1__path_1,P8,P1,path_1,51,11,64,5.65,0.35,0
P8__P1__path_1,P8,P1,path_1,52,11,63,5.55,0.35,0
P8__P1__path_1,P8,P1,path_1,53,11,62,5.45,0.35,0
P8__P1__path_1,P8,P1,path_1,54,11,61,5.35,0.35,0
P8__P1__path_1,P8,P1,path_1,55,11,60,5.25,0.35,0
P8__P1__path_1,P8,P1,path_1,56,11,59,5.15,0.35,0
P8__P1__path_1,P8,P1,path_1,57,11,58,5.05,0.35,0
P8__P1__path_1,P8,P1,path_1,58,11,57,4.95,0.35,0
P8__P1__path_1,P8,P1,path_1,59,11,56,4.85,0.35,0
P8__P1__path_1,P8,P1,path_1,60,11,55,4.75,0.35,0
P8__P1__path_1,P8,P1,path_1,61,11,54,4.65,0.35,0
P8__P1__path_1,P8,P1,path_1,62,10,53,4.55,0.25,0
P8__P1__path_1,P8,P1,path_1,63,10,52,4.45,0.25,0
P8__P1__path_1,P8,P1,path_1,64,10,51,4.35,0.25,0
P8__P1__path_1,P8,P1,path_1,65,10,50,4.25,0.25,0
P8__P1__path_1,P8,P1,path_1,66,10,49,4.15,0.25,0
P8__P1__path_1,P8,P1,path_1,67,10,48,4.05,0.25,0
P8__P1__path_1,P8,P1,path_1,68,10,47,3.95,0.25,0
P8__P1__path_1,P8,P1,path_1,69,10,46,3.85,0.25,0
P8__P1__path_1,P8,P1,path_1,70,10,45,3.75,0.25,0
P8__P1__path_1,P8,P1,path_1,71,10,44,3.65,0.25,0
P8__P1__path_1,P8,P1,path_1,72,10,43,3.55,0.25,0
P8__P1__path_1,P8,P1,path_1,73,10,42,3.45,0.25,0
P8__P1__path_1,P8,P1,path_1,74,10,41,3.35,0.25,0
P8__P1__path_1,P8,P1,path_1,75,10,40,3.25,0.25,0
P8__P1__path_1,P8,P1,path_1,76,10,39,3.15,0.25,0
P8__P1__path_1,P8,P1,path_1,77,10,38,3.05,0.25,0
P8__P1__path_1,P8,P1,path_1,78,11,38,3.05,0.35,0
P8__P1__path_1,P8,P1,path_1,79,12,38,3.05,0.45,0
P8__P1__path_1,P8,P1,path_1,80,13,38,3.05,0.55,0
P8__P1__path_1,P8,P1,path_1,81,14,38,3.05,0.65,0
P8__P1__path_1,P8,P1,path_1,82,15,38,3.05,0.75,0
P8__P1__path_1,P8,P1,path_1,83,16,38,3.05,0.85,0
P8__P1__path_1,P8,P1,path_1,84,17,37,2.95,0.95,0
P8__P2__path_1,P8,P2,path_1,0,31,96,8.85,2.35,0
P8__P2__path_1,P8,P2,path_1,1,32,96,8.85,2.45,0
P8__P2__path_1,P8,P2,path_1,2,33,96,8.85,2.55,0
P8__P2__path_1,P8,P2,path_1,3,34,96,8.85,2.65,0
P8__P2__path_1,P8,P2,path_1,4,35,96,8.85,2.75,0
P8__P2__path_1,P8,P2,path_1,5,36,96,8.85,2.85,0
P8__P2__path_1,P8,P2,path_1,6,37,96,8.85,2.95,0
P8__P2__path_1,P8,P2,path_1,7,38,96,8.85,3.05,0
P8__P2__path_1,P8,P2,path_1,8,39,96,8.85,3.15,0
P8__P2__path_1,P8,P2,path_1,9,40,96,8.85,3.25,0
P8__P2__path_1,P8,P2,path_1,10,40,95,8.75,3.25,0
P8__P2__path_1,P8,P2,path_1,11,40,94,8.65,3.25,0
P8__P2__path_1,P8,P2,path_1,12,41,93,8.55,3.35,0
P8__P2__path_1,P8,P2,path_1,13,42,92,8.45,3.45,0
P8__P2__path_1,P8,P2,path_1,14,43,91,8.35,3.55,0
P8__P2__path_1,P8,P2,path_1,15,44,90,8.25,3.65,0
P8__P2__path_1,P8,P2,path_1,16,45,89,8.15,3.75,0
P8__P2__path_1,P8,P2,path_1,17,46,88,8.05,3.85,0
P8__P2__path_1,P8,P2,path_1,18,46,87,7.95,3.85,0
P8__P2__path_1,P8,P2,path_1,19,46,86,7.85,3.85,0
P8__P2__path_1,P8,P2,path_1,20,46,85,7.75,3.85,0
P8__P2__path_1,P8,P2,path_1,21,46,84,7.65,3.85,0
P8__P2__path_1,P8,P2,path_1,22,46,83,7.55,3.85,0
P8__P2__path_1,P8,P2,path_1,23,46,82,7.45,3.85,0
P8__P2__path_1,P8,P2,path_1,24,46,81,7.35,3.85,0
P8__P2__path_1,P8,P2,path_1,25,46,80,7.25,3.85,0
P8__P2__path_1,P8,P2,path_1,26,46,79,7.15,3.85,0
P8__P2__path_1,P8,P2,path_1,27,46,78,7.05,3.85,0
P8__P2__path_1,P8,P2,path_1,28,46,77,6.95,3.85,0
P8__P2__path_1,P8,P2,path_1,29,46,76,6.85,3.85,0
P8__P2__path_1,P8,P2,path_1,30,46,75,6.75,3.85,0
P8__P2__path_1,P8,P2,path_1,31,47,74,6.65,3.95,0
P8__P2__path_1,P8,P2,path_1,32,48,73,6.55,4.05,0
P8__P2__path_1,P8,P2,path_1,33,48,72,6.45,4.05,0
P8__P2__path_1,P8,P2,path_1,34,48,71,6.35,4.05,0
P8__P2__path_1,P8,P2,path_1,35,48,70,6.25,4.05,0
P8__P2__path_1,P8,P2,path_1,36,48,69,6.15,4.05,0
P8__P2__path_1,P8,P2,path_1,37,48,68,6.05,4.05,0
P8__P2__path_1,P8,P2,path_1,38,48,67,5.95,4.05,0
P8__P2__path_1,P8,P2,path_1,39,48,66,5.85,4.05,0
P8__P2__path_1,P8,P2,path_1,40,48,65,5.75,4.05,0
P8__P2__path_1,P8,P2,path_1,41,48,64,5.65,4.05,0
P8__P2__path_1,P8,P2,path_1,42,48,63,5.55,4.05,0
P8__P2__path_1,P8,P2,path_1,43,48,62,5.45,4.05,0
P8__P2__path_1,P8,P2,path_1,44,48,61,5.35,4.05,0
P8__P2__path_1,P8,P2,path_1,45,48,60,5.25,4.05,0
P8__P2__path_1,P8,P2,path_1,46,48,59,5.15,4.05,0
P8__P2__path_1,P8,P2,path_1,47,48,58,5.05,4.05,0
P8__P2__path_1,P8,P2,path_1,48,48,57,4.95,4.05,0
P8__P2__path_1,P8,P2,path_1,49,48,56,4.85,4.05,0
P8__P2__path_1,P8,P2,path_1,50,48,55,4.75,4.05,0
P8__P2__path_1,P8,P2,path_1,51,47,55,4.75,3.95,0
P8__P2__path_1,P8,P2,path_1,52,46,55,4.75,3.85,0
P8__P2__path_1,P8,P2,path_1,53,45,55,4.75,3.75,0
P8__P2__path_1,P8,P2,path_1,54,44,55,4.75,3.65,0
P8__P2__path_1,P8,P2,path_1,55,43,55,4.75,3.55,0
P8__P2__path_1,P8,P2,path_1,56,42,55,4.75,3.45,0
P8__P2__path_1,P8,P2,path_1,57,41,55,4.75,3.35,0
P8__P2__path_1,P8,P2,path_1,58,40,55,4.75,3.25,0
P8__P2__path_1,P8,P2,path_1,59,39,55,4.75,3.15,0
P8__P2__path_1,P8,P2,path_1,60,38,55,4.75,3.05,0
P8__P2__path_1,P8,P2,path_1,61,37,55,4.75,2.95,0
P8__P2__path_1,P8,P2,path_1,62,36,55,4.75,2.85,0
P8__P2__path_1,P8,P2,path_1,63,35,55,4.75,2.75,0
P8__P2__path_1,P8,P2,path_1,64,34,54,4.65,2.65,0
P8__P2__path_1,P8,P2,path_1,65,33,54,4.65,2.55,0
P8__P2__path_1,P8,P2,path_1,66,32,54,4.65,2.45,0
P8__P2__path_1,P8,P2,path_1,67,31,53,4.55,2.35,0
P8__P3__path_1,P8,P3,path_1,0,31,96,8.85,2.35,0
P8__P3__path_1,P8,P3,path_1,1,32,96,8.85,2.45,0
P8__P3__path_1,P8,P3,path_1,2,33,96,8.85,2.55,0
P8__P3__path_1,P8,P3,path_1,3,34,96,8.85,2.65,0
P8__P3__path_1,P8,P3,path_1,4,35,96,8.85,2.75,0
P8__P3__path_1,P8,P3,path_1,5,36,96,8.85,2.85,0
P8__P3__path_1,P8,P3,path_1,6,37,96,8.85,2.95,0
P8__P3__path_1,P8,P3,path_1,7,38,96,8.85,3.05,0
P8__P3__path_1,P8,P3,path_1,8,39,96,8.85,3.15,0
P8__P3__path_1,P8,P3,path_1,9,40,96,8.85,3.25,0
P8__P3__path_1,P8,P3,path_1,10,40,95,8.75,3.25,0
P8__P3__path_1,P8,P3,path_1,11,40,94,8.65,3.25,0
P8__P3__path_1,P8,P3,path_1,12,41,93,8.55,3.35,0
P8__P3__path_1,P8,P3,path_1,13,42,92,8.45,3.45,0
P8__P3__path_1,P8,P3,path_1,14,43,91,8.35,3.55,0
P8__P3__path_1,P8,P3,path_1,15,44,90,8.25,3.65,0
P8__P3__path_1,P8,P3,path_1,16,45,89,8.15,3.75,0
P8__P3__path_1,P8,P3,path_1,17,46,88,8.05,3.85,0
P8__P3__path_1,P8,P3,path_1,18,46,87,7.95,3.85,0
P8__P3__path_1,P8,P3,path_1,19,46,86,7.85,3.85,0
P8__P3__path_1,P8,P3,path_1,20,46,85,7.75,3.85,0
P8__P3__path_1,P8,P3,path_1,21,46,84,7.65,3.85,0
P8__P3__path_1,P8,P3,path_1,22,46,83,7.55,3.85,0
P8__P3__path_1,P8,P3,path_1,23,46,82,7.45,3.85,0
P8__P3__path_1,P8,P3,path_1,24,46,81,7.35,3.85,0
P8__P3__path_1,P8,P3,path_1,25,46,80,7.25,3.85,0
P8__P3__path_1,P8,P3,path_1,26,46,79,7.15,3.85,0
P8__P3__path_1,P8,P3,path_1,27,46,78,7.05,3.85,0
P8__P3__path_1,P8,P3,path_1,28,46,77,6.95,3.85,0
P8__P3__path_1,P8,P3,path_1,29,46,76,6.85,3.85,0
P8__P3__path_1,P8,P3,path_1,30,46,75,6.75,3.85,0
P8__P3__path_1,P8,P3,path_1,31,47,74,6.65,3.95,0
P8__P3__path_1,P8,P3,path_1,32,48,73,6.55,4.05,0
P8__P3__path_1,P8,P3,path_1,33,48,72,6.45,4.05,0
P8__P3__path_1,P8,P3,path_1,34,48,71,6.35,4.05,0
P8__P3__path_1,P8,P3,path_1,35,48,70,6.25,4.05,0
P8__P3__path_1,P8,P3,path_1,36,48,69,6.15,4.05,0
P8__P3__path_1,P8,P3,path_1,37,48,68,6.05,4.05,0
P8__P3__path_1,P8,P3,path_1,38,49,67,5.95,4.15,0
P8__P3__path_1,P8,P3,path_1,39,49,66,5.85,4.15,0
P8__P3__path_1,P8,P3,path_1,40,49,65,5.75,4.15,0
P8__P3__path_1,P8,P3,path_1,41,49,64,5.65,4.15,0
P8__P3__path_1,P8,P3,path_1,42,49,63,5.55,4.15,0
P8__P3__path_1,P8,P3,path_1,43,49,62,5.45,4.15,0
P8__P3__path_1,P8,P3,path_1,44,49,61,5.35,4.15,0
P8__P3__path_1,P8,P3,path_1,45,49,60,5.25,4.15,0
P8__P3__path_1,P8,P3,path_1,46,49,59,5.15,4.15,0
P8__P3__path_1,P8,P3,path_1,47,49,58,5.05,4.15,0
P8__P3__path_1,P8,P3,path_1,48,49,57,4.95,4.15,0
P8__P3__path_1,P8,P3,path_1,49,49,56,4.85,4.15,0
P8__P3__path_1,P8,P3,path_1,50,49,55,4.75,4.15,0
P8__P3__path_1,P8,P3,path_1,51,49,54,4.65,4.15,0
P8__P3__path_1,P8,P3,path_1,52,49,53,4.55,4.15,0
P8__P3__path_1,P8,P3,path_1,53,49,52,4.45,4.15,0
P8__P3__path_1,P8,P3,path_1,54,49,51,4.35,4.15,0
P8__P3__path_1,P8,P3,path_1,55,49,50,4.25,4.15,0
P8__P3__path_1,P8,P3,path_1,56,49,49,4.15,4.15,0
P8__P3__path_1,P8,P3,path_1,57,49,48,4.05,4.15,0
P8__P3__path_1,P8,P3,path_1,58,49,47,3.95,4.15,0
P8__P3__path_1,P8,P3,path_1,59,49,46,3.85,4.15,0
P8__P3__path_1,P8,P3,path_1,60,49,45,3.75,4.15,0
P8__P3__path_1,P8,P3,path_1,61,49,44,3.65,4.15,0
P8__P3__path_1,P8,P3,path_1,62,49,43,3.55,4.15,0
P8__P3__path_1,P8,P3,path_1,63,50,43,3.55,4.25,0
P8__P3__path_1,P8,P3,path_1,64,51,43,3.55,4.35,0
P8__P3__path_1,P8,P3,path_1,65,52,43,3.55,4.45,0
P8__P3__path_1,P8,P3,path_1,66,53,43,3.55,4.55,0
P8__P3__path_1,P8,P3,path_1,67,54,43,3.55,4.65,0
P8__P3__path_1,P8,P3,path_1,68,55,43,3.55,4.75,0
P8__P3__path_1,P8,P3,path_1,69,56,43,3.55,4.85,0
P8__P3__path_1,P8,P3,path_1,70,57,43,3.55,4.95,0
P8__P3__path_1,P8,P3,path_1,71,58,43,3.55,5.05,0
P8__P3__path_1,P8,P3,path_1,72,59,43,3.55,5.15,0
P8__P3__path_1,P8,P3,path_1,73,60,43,3.55,5.25,0
P8__P4__path_1,P8,P4,path_1,0,31,96,8.85,2.35,0
P8__P4__path_1,P8,P4,path_1,1,30,96,8.85,2.25,0
P8__P4__path_1,P8,P4,path_1,2,29,96,8.85,2.15,0
P8__P4__path_1,P8,P4,path_1,3,28,96,8.85,2.05,0
P8__P4__path_1,P8,P4,path_1,4,27,96,8.85,1.95,0
P8__P4__path_1,P8,P4,path_1,5,26,96,8.85,1.85,0
P8__P4__path_1,P8,P4,path_1,6,25,96,8.85,1.75,0
P8__P4__path_1,P8,P4,path_1,7,24,96,8.85,1.65,0
P8__P4__path_1,P8,P4,path_1,8,23,96,8.85,1.55,0
P8__P4__path_1,P8,P4,path_1,9,22,96,8.85,1.45,0
P8__P4__path_1,P8,P4,path_1,10,21,96,8.85,1.35,0
P8__P4__path_1,P8,P4,path_1,11,20,96,8.85,1.25,0
P8__P4__path_1,P8,P4,path_1,12,19,96,8.85,1.15,0
P8__P4__path_1,P8,P4,path_1,13,18,96,8.85,1.05,0
P8__P4__path_1,P8,P4,path_1,14,17,96,8.85,0.95,0
P8__P4__path_1,P8,P4,path_1,15,16,96,8.85,0.85,0
P8__P4__path_1,P8,P4,path_1,16,15,96,8.85,0.75,0
P8__P4__path_1,P8,P4,path_1,17,14,96,8.85,0.65,0
P8__P4__path_1,P8,P4,path_1,18,13,96,8.85,0.55,0
P8__P4__path_1,P8,P4,path_1,19,12,96,8.85,0.45,0
P8__P4__path_1,P8,P4,path_1,20,12,95,8.75,0.45,0
P8__P4__path_1,P8,P4,path_1,21,12,94,8.65,0.45,0
P8__P4__path_1,P8,P4,path_1,22,12,93,8.55,0.45,0
P8__P4__path_1,P8,P4,path_1,23,12,92,8.45,0.45,0
P8__P4__path_1,P8,P4,path_1,24,12,91,8.35,0.45,0
P8__P4__path_1,P8,P4,path_1,25,12,90,8.25,0.45,0
P8__P4__path_1,P8,P4,path_1,26,12,89,8.15,0.45,0
P8__P4__path_1,P8,P4,path_1,27,12,88,8.05,0.45,0
P8__P4__path_1,P8,P4,path_1,28,12,87,7.95,0.45,0
P8__P4__path_1,P8,P4,path_1,29,12,86,7.85,0.45,0
P8__P4__path_1,P8,P4,path_1,30,12,85,7.75,0.45,0
P8__P4__path_1,P8,P4,path_1,31,12,84,7.65,0.45,0
P8__P4__path_1,P8,P4,path_1,32,12,83,7.55,0.45,0
P8__P4__path_1,P8,P4,path_1,33,12,82,7.45,0.45,0
P8__P4__path_1,P8,P4,path_1,34,12,81,7.35,0.45,0
P8__P4__path_1,P8,P4,path_1,35,12,80,7.25,0.45,0
P8__P4__path_1,P8,P4,path_1,36,12,79,7.15,0.45,0
P8__P4__path_1,P8,P4,path_1,37,12,78,7.05,0.45,0
P8__P4__path_1,P8,P4,path_1,38,12,77,6.95,0.45,0
P8__P4__path_1,P8,P4,path_1,39,12,76,6.85,0.45,0
P8__P4__path_1,P8,P4,path_1,40,11,75,6.75,0.35,0
P8__P4__path_1,P8,P4,path_1,41,11,74,6.65,0.35,0
P8__P4__path_1,P8,P4,path_1,42,11,73,6.55,0.35,0
P8__P4__path_1,P8,P4,path_1,43,11,72,6.45,0.35,0
P8__P4__path_1,P8,P4,path_1,44,11,71,6.35,0.35,0
P8__P4__path_1,P8,P4,path_1,45,11,70,6.25,0.35,0
P8__P4__path_1,P8,P4,path_1,46,11,69,6.15,0.35,0
P8__P4__path_1,P8,P4,path_1,47,11,68,6.05,0.35,0
P8__P4__path_1,P8,P4,path_1,48,11,67,5.95,0.35,0
P8__P4__path_1,P8,P4,path_1,49,11,66,5.85,0.35,0
P8__P4__path_1,P8,P4,path_1,50,11,65,5.75,0.35,0
P8__P4__path_1,P8,P4,path_1,51,11,64,5.65,0.35,0
P8__P4__path_1,P8,P4,path_1,52,11,63,5.55,0.35,0
P8__P4__path_1,P8,P4,path_1,53,11,62,5.45,0.35,0
P8__P4__path_1,P8,P4,path_1,54,11,61,5.35,0.35,0
P8__P4__path_1,P8,P4,path_1,55,11,60,5.25,0.35,0
P8__P4__path_1,P8,P4,path_1,56,11,59,5.15,0.35,0
P8__P4__path_1,P8,P4,path_1,57,11,58,5.05,0.35,0
P8__P4__path_1,P8,P4,path_1,58,11,57,4.95,0.35,0
P8__P4__path_1,P8,P4,path_1,59,12,57,4.95,0.45,0
P8__P4__path_1,P8,P4,path_1,60,13,57,4.95,0.55,0
P8__P4__path_1,P8,P4,path_1,61,14,57,4.95,0.65,0
P8__P4__path_1,P8,P4,path_1,62,15,57,4.95,0.75,0
P8__P4__path_1,P8,P4,path_1,63,16,57,4.95,0.85,0
P8__P4__path_1,P8,P4,path_1,64,17,57,4.95,0.95,0
P8__P4__path_1,P8,P4,path_1,65,18,57,4.95,1.05,0
P8__P4__path_1,P8,P4,path_1,66,19,57,4.95,1.15,0
P8__P4__path_1,P8,P4,path_1,67,20,57,4.95,1.25,0
P8__P4__path_1,P8,P4,path_1,68,21,57,4.95,1.35,0
P8__P5__path_1,P8,P5,path_1,0,31,96,8.85,2.35,0
P8__P5__path_1,P8,P5,path_1,1,32,96,8.85,2.45,0
P8__P5__path_1,P8,P5,path_1,2,33,96,8.85,2.55,0
P8__P5__path_1,P8,P5,path_1,3,34,96,8.85,2.65,0
P8__P5__path_1,P8,P5,path_1,4,35,96,8.85,2.75,0
P8__P5__path_1,P8,P5,path_1,5,36,96,8.85,2.85,0
P8__P5__path_1,P8,P5,path_1,6,37,96,8.85,2.95,0
P8__P5__path_1,P8,P5,path_1,7,38,96,8.85,3.05,0
P8__P5__path_1,P8,P5,path_1,8,39,96,8.85,3.15,0
P8__P5__path_1,P8,P5,path_1,9,40,96,8.85,3.25,0
P8__P5__path_1,P8,P5,path_1,10,40,95,8.75,3.25,0
P8__P5__path_1,P8,P5,path_1,11,40,94,8.65,3.25,0
P8__P5__path_1,P8,P5,path_1,12,41,93,8.55,3.35,0
P8__P5__path_1,P8,P5,path_1,13,42,92,8.45,3.45,0
P8__P5__path_1,P8,P5,path_1,14,43,91,8.35,3.55,0
P8__P5__path_1,P8,P5,path_1,15,44,90,8.25,3.65,0
P8__P5__path_1,P8,P5,path_1,16,45,89,8.15,3.75,0
P8__P5__path_1,P8,P5,path_1,17,46,88,8.05,3.85,0
P8__P5__path_1,P8,P5,path_1,18,46,87,7.95,3.85,0
P8__P5__path_1,P8,P5,path_1,19,46,86,7.85,3.85,0
P8__P5__path_1,P8,P5,path_1,20,46,85,7.75,3.85,0
P8__P5__path_1,P8,P5,path_1,21,46,84,7.65,3.85,0
P8__P5__path_1,P8,P5,path_1,22,46,83,7.55,3.85,0
P8__P5__path_1,P8,P5,path_1,23,46,82,7.45,3.85,0
P8__P5__path_1,P8,P5,path_1,24,46,81,7.35,3.85,0
P8__P5__path_1,P8,P5,path_1,25,46,80,7.25,3.85,0
P8__P5__path_1,P8,P5,path_1,26,46,79,7.15,3.85,0
P8__P5__path_1,P8,P5,path_1,27,46,78,7.05,3.85,0
P8__P5__path_1,P8,P5,path_1,28,46,77,6.95,3.85,0
P8__P5__path_1,P8,P5,path_1,29,46,76,6.85,3.85,0
P8__P5__path_1,P8,P5,path_1,30,46,75,6.75,3.85,0
P8__P5__path_1,P8,P5,path_1,31,47,74,6.65,3.95,0
P8__P5__path_1,P8,P5,path_1,32,48,73,6.55,4.05,0
P8__P5__path_1,P8,P5,path_1,33,48,72,6.45,4.05,0
P8__P5__path_1,P8,P5,path_1,34,48,71,6.35,4.05,0
P8__P5__path_1,P8,P5,path_1,35,48,70,6.25,4.05,0
P8__P5__path_1,P8,P5,path_1,36,48,69,6.15,4.05,0
P8__P5__path_1,P8,P5,path_1,37,48,68,6.05,4.05,0
P8__P5__path_1,P8,P5,path_1,38,48,67,5.95,4.05,0
P8__P5__path_1,P8,P5,path_1,39,48,66,5.85,4.05,0
P8__P5__path_1,P8,P5,path_1,40,48,65,5.75,4.05,0
P8__P5__path_1,P8,P5,path_1,41,48,64,5.65,4.05,0
P8__P6__path_1,P8,P6,path_1,0,31,96,8.85,2.35,0
P8__P6__path_1,P8,P6,path_1,1,32,96,8.85,2.45,0
P8__P6__path_1,P8,P6,path_1,2,33,96,8.85,2.55,0
P8__P6__path_1,P8,P6,path_1,3,34,96,8.85,2.65,0
P8__P6__path_1,P8,P6,path_1,4,35,96,8.85,2.75,0
P8__P6__path_1,P8,P6,path_1,5,36,96,8.85,2.85,0
P8__P6__path_1,P8,P6,path_1,6,37,96,8.85,2.95,0
P8__P6__path_1,P8,P6,path_1,7,38,96,8.85,3.05,0
P8__P6__path_1,P8,P6,path_1,8,39,96,8.85,3.15,0
P8__P6__path_1,P8,P6,path_1,9,40,96,8.85,3.25,0
P8__P6__path_1,P8,P6,path_1,10,41,96,8.85,3.35,0
P8__P6__path_1,P8,P6,path_1,11,42,96,8.85,3.45,0
P8__P6__path_1,P8,P6,path_1,12,43,95,8.75,3.55,0
P8__P6__path_1,P8,P6,path_1,13,44,94,8.65,3.65,0
P8__P6__path_1,P8,P6,path_1,14,45,93,8.55,3.75,0
P8__P6__path_1,P8,P6,path_1,15,46,92,8.45,3.85,0
P8__P6__path_1,P8,P6,path_1,16,47,91,8.35,3.95,0
P8__P6__path_1,P8,P6,path_1,17,48,90,8.25,4.05,0
P8__P6__path_1,P8,P6,path_1,18,49,90,8.25,4.15,0
P8__P6__path_1,P8,P6,path_1,19,50,90,8.25,4.25,0
P8__P6__path_1,P8,P6,path_1,20,51,90,8.25,4.35,0
P8__P6__path_1,P8,P6,path_1,21,52,90,8.25,4.45,0
P8__P6__path_1,P8,P6,path_1,22,53,90,8.25,4.55,0
P8__P6__path_1,P8,P6,path_1,23,54,90,8.25,4.65,0
P8__P6__path_1,P8,P6,path_1,24,55,90,8.25,4.75,0
P8__P6__path_1,P8,P6,path_1,25,56,90,8.25,4.85,0
P8__P6__path_1,P8,P6,path_1,26,57,90,8.25,4.95,0
P8__P6__path_1,P8,P6,path_1,27,58,90,8.25,5.05,0
P8__P6__path_1,P8,P6,path_1,28,59,90,8.25,5.15,0
P8__P6__path_1,P8,P6,path_1,29,60,90,8.25,5.25,0
P8__P6__path_1,P8,P6,path_1,30,61,90,8.25,5.35,0
P8__P6__path_1,P8,P6,path_1,31,62,90,8.25,5.45,0
P8__P6__path_1,P8,P6,path_1,32,63,90,8.25,5.55,0
P8__P6__path_1,P8,P6,path_1,33,64,90,8.25,5.65,0
P8__P6__path_1,P8,P6,path_1,34,65,90,8.25,5.75,0
P8__P6__path_1,P8,P6,path_1,35,65,89,8.15,5.75,0
P8__P6__path_1,P8,P6,path_1,36,65,88,8.05,5.75,0
P8__P6__path_1,P8,P6,path_1,37,65,87,7.95,5.75,0
P8__P7__path_1,P8,P7,path_1,0,31,96,8.85,2.35,0
P8__P7__path_1,P8,P7,path_1,1,30,96,8.85,2.25,0
P8__P7__path_1,P8,P7,path_1,2,29,96,8.85,2.15,0
P8__P7__path_1,P8,P7,path_1,3,28,96,8.85,2.05,0
P8__P7__path_1,P8,P7,path_1,4,27,96,8.85,1.95,0
P8__P7__path_1,P8,P7,path_1,5,26,96,8.85,1.85,0
P8__P7__path_1,P8,P7,path_1,6,25,96,8.85,1.75,0
P8__P7__path_1,P8,P7,path_1,7,24,96,8.85,1.65,0
P8__P7__path_1,P8,P7,path_1,8,23,96,8.85,1.55,0
P8__P7__path_1,P8,P7,path_1,9,22,96,8.85,1.45,0
P8__P7__path_1,P8,P7,path_1,10,21,96,8.85,1.35,0
P8__P7__path_1,P8,P7,path_1,11,20,96,8.85,1.25,0
P8__P7__path_1,P8,P7,path_1,12,19,96,8.85,1.15,0
P8__P7__path_1,P8,P7,path_1,13,18,96,8.85,1.05,0
P8__P7__path_1,P8,P7,path_1,14,17,96,8.85,0.95,0
P8__P7__path_1,P8,P7,path_1,15,16,96,8.85,0.85,0
P8__P7__path_1,P8,P7,path_1,16,15,96,8.85,0.75,0
P8__P7__path_1,P8,P7,path_1,17,14,96,8.85,0.65,0
P8__P7__path_1,P8,P7,path_1,18,13,96,8.85,0.55,0
P8__P7__path_1,P8,P7,path_1,19,12,96,8.85,0.45,0
P8__P7__path_1,P8,P7,path_1,20,12,95,8.75,0.45,0
P8__P7__path_1,P8,P7,path_1,21,12,94,8.65,0.45,0
P8__P7__path_1,P8,P7,path_1,22,12,93,8.55,0.45,0
P8__P7__path_1,P8,P7,path_1,23,12,92,8.45,0.45,0
P8__P7__path_1,P8,P7,path_1,24,12,91,8.35,0.45,0
P8__P7__path_1,P8,P7,path_1,25,12,90,8.25,0.45,0
P8__P7__path_1,P8,P7,path_1,26,12,89,8.15,0.45,0
P8__P7__path_1,P8,P7,path_1,27,12,88,8.05,0.45,0
P8__P7__path_1,P8,P7,path_1,28,12,87,7.95,0.45,0
P8__P7__path_1,P8,P7,path_1,29,12,86,7.85,0.45,0
P8__P7__path_1,P8,P7,path_1,30,12,85,7.75,0.45,0
P8__P7__path_1,P8,P7,path_1,31,12,84,7.65,0.45,0
P8__P7__path_1,P8,P7,path_1,32,12,83,7.55,0.45,0
P8__P7__path_1,P8,P7,path_1,33,12,82,7.45,0.45,0
P8__P7__path_1,P8,P7,path_1,34,12,81,7.35,0.45,0
P8__P7__path_1,P8,P7,path_1,35,12,80,7.25,0.45,0
P8__P7__path_1,P8,P7,path_1,36,13,80,7.25,0.55,0
P8__P7__path_1,P8,P7,path_1,37,14,80,7.25,0.65,0
P8__P7__path_1,P8,P7,path_1,38,15,80,7.25,0.75,0
P8__P7__path_1,P8,P7,path_1,39,16,80,7.25,0.85,0
P8__P7__path_1,P8,P7,path_1,40,17,80,7.25,0.95,0
P8__P7__path_1,P8,P7,path_1,41,18,80,7.25,1.05,0
P8__P9__path_1,P8,P9,path_1,0,31,96,8.85,2.35,0
P8__P9__path_1,P8,P9,path_1,1,32,96,8.85,2.45,0
P8__P9__path_1,P8,P9,path_1,2,33,96,8.85,2.55,0
P8__P9__path_1,P8,P9,path_1,3,34,96,8.85,2.65,0
P8__P9__path_1,P8,P9,path_1,4,35,96,8.85,2.75,0
P8__P9__path_1,P8,P9,path_1,5,36,96,8.85,2.85,0
P8__P9__path_1,P8,P9,path_1,6,37,96,8.85,2.95,0
P8__P9__path_1,P8,P9,path_1,7,38,96,8.85,3.05,0
P8__P9__path_1,P8,P9,path_1,8,39,96,8.85,3.15,0
P8__P9__path_1,P8,P9,path_1,9,40,96,8.85,3.25,0
P8__P9__path_1,P8,P9,path_1,10,41,95,8.75,3.35,0
P8__P9__path_1,P8,P9,path_1,11,42,94,8.65,3.45,0
P8__P9__path_1,P8,P9,path_1,12,43,93,8.55,3.55,0
P8__P9__path_1,P8,P9,path_1,13,44,92,8.45,3.65,0
P8__P9__path_1,P8,P9,path_1,14,45,91,8.35,3.75,0
P8__P9__path_1,P8,P9,path_1,15,46,90,8.25,3.85,0
P8__P9__path_1,P8,P9,path_1,16,47,89,8.15,3.95,0
P8__P9__path_1,P8,P9,path_1,17,48,88,8.05,4.05,0
P8__P9__path_1,P8,P9,path_1,18,48,87,7.95,4.05,0
P8__P9__path_1,P8,P9,path_1,19,48,86,7.85,4.05,0
P8__P9__path_1,P8,P9,path_1,20,48,85,7.75,4.05,0
P8__P9__path_1,P8,P9,path_1,21,48,84,7.65,4.05,0
P8__P9__path_1,P8,P9,path_1,22,48,83,7.55,4.05,0
P8__P9__path_1,P8,P9,path_1,23,48,82,7.45,4.05,0
P8__P9__path_1,P8,P9,path_1,24,48,81,7.35,4.05,0
P8__P9__path_1,P8,P9,path_1,25,48,80,7.25,4.05,0
P8__P9__path_1,P8,P9,path_1,26,48,79,7.15,4.05,0
P8__P9__path_1,P8,P9,path_1,27,48,78,7.05,4.05,0
P8__P9__path_1,P8,P9,path_1,28,48,77,6.95,4.05,0
P8__P9__path_1,P8,P9,path_1,29,48,76,6.85,4.05,0
P8__P9__path_1,P8,P9,path_1,30,48,75,6.75,4.05,0
P8__P9__path_1,P8,P9,path_1,31,48,74,6.65,4.05,0
P8__P9__path_1,P8,P9,path_1,32,48,73,6.55,4.05,0
P8__P9__path_1,P8,P9,path_1,33,48,72,6.45,4.05,0
P8__P9__path_1,P8,P9,path_1,34,48,71,6.35,4.05,0
P8__P9__path_1,P8,P9,path_1,35,48,70,6.25,4.05,0
P8__P9__path_1,P8,P9,path_1,36,48,69,6.15,4.05,0
P8__P9__path_1,P8,P9,path_1,37,48,68,6.05,4.05,0
P8__P9__path_1,P8,P9,path_1,38,49,68,6.05,4.15,0
P8__P9__path_1,P8,P9,path_1,39,50,68,6.05,4.25,0
P8__P9__path_1,P8,P9,path_1,40,51,68,6.05,4.35,0
P8__P9__path_1,P8,P9,path_1,41,52,68,6.05,4.45,0
P8__P9__path_1,P8,P9,path_1,42,53,68,6.05,4.55,0
P8__P9__path_1,P8,P9,path_1,43,54,68,6.05,4.65,0
P8__P9__path_1,P8,P9,path_1,44,55,68,6.05,4.75,0
P8__P9__path_1,P8,P9,path_1,45,56,68,6.05,4.85,0
P8__P9__path_1,P8,P9,path_1,46,57,68,6.05,4.95,0
P8__P9__path_1,P8,P9,path_1,47,58,68,6.05,5.05,0
P8__SORT1__path_1,P8,SORT1,path_1,0,31,96,8.85,2.35,0
P8__SORT1__path_1,P8,SORT1,path_1,1,31,97,8.95,2.35,0
P8__SORT1__path_1,P8,SORT1,path_1,2,31,98,9.05,2.35,0
P8__SORT1__path_1,P8,SORT1,path_1,3,30,99,9.15,2.25,0
P8__SORT1__path_1,P8,SORT1,path_1,4,30,100,9.25,2.25,0
P8__SORT1__path_1,P8,SORT1,path_1,5,30,101,9.35,2.25,0
P8__SORT1__path_1,P8,SORT1,path_1,6,30,102,9.45,2.25,0
P8__SORT1__path_1,P8,SORT1,path_1,7,30,103,9.55,2.25,0
P8__SORT1__path_1,P8,SORT1,path_1,8,30,104,9.65,2.25,0
P8__SORT1__path_1,P8,SORT1,path_1,9,29,105,9.75,2.15,0
P8__SORT2__path_1,P8,SORT2,path_1,0,31,96,8.85,2.35,0
P8__SORT2__path_1,P8,SORT2,path_1,1,32,97,8.95,2.45,0
P8__SORT2__path_1,P8,SORT2,path_1,2,33,98,9.05,2.55,0
P8__SORT2__path_1,P8,SORT2,path_1,3,34,99,9.15,2.65,0
P8__SORT2__path_1,P8,SORT2,path_1,4,35,100,9.25,2.75,0
P8__SORT2__path_1,P8,SORT2,path_1,5,36,101,9.35,2.85,0
P8__SORT2__path_1,P8,SORT2,path_1,6,37,102,9.45,2.95,0
P8__SORT2__path_1,P8,SORT2,path_1,7,38,103,9.55,3.05,0
P8__SORT2__path_1,P8,SORT2,path_1,8,39,104,9.65,3.15,0
P8__SORT2__path_1,P8,SORT2,path_1,9,40,105,9.75,3.25,0
P8__SORT2__path_1,P8,SORT2,path_1,10,41,106,9.85,3.35,0
P8__SORT2__path_1,P8,SORT2,path_1,11,42,107,9.95,3.45,0
P8__SORT2__path_1,P8,SORT2,path_1,12,43,108,10.05,3.55,0
P8__SORT2__path_1,P8,SORT2,path_1,13,44,109,10.15,3.65,0
P8__SORT2__path_1,P8,SORT2,path_1,14,45,110,10.25,3.75,0
P8__SORT2__path_1,P8,SORT2,path_1,15,46,110,10.25,3.85,0
P8__SORT2__path_1,P8,SORT2,path_1,16,47,110,10.25,3.95,0
P8__SORT2__path_1,P8,SORT2,path_1,17,48,111,10.35,4.05,0
P8__OUT1__path_1,P8,OUT1,path_1,0,31,96,8.85,2.35,0
P8__OUT1__path_1,P8,OUT1,path_1,1,31,97,8.95,2.35,0
P8__OUT1__path_1,P8,OUT1,path_1,2,31,98,9.05,2.35,0
P8__OUT1__path_1,P8,OUT1,path_1,3,31,99,9.15,2.35,0
P8__OUT1__path_1,P8,OUT1,path_1,4,31,100,9.25,2.35,0
P8__OUT1__path_1,P8,OUT1,path_1,5,31,101,9.35,2.35,0
P8__OUT1__path_1,P8,OUT1,path_1,6,31,102,9.45,2.35,0
P8__OUT1__path_1,P8,OUT1,path_1,7,31,103,9.55,2.35,0
P8__OUT1__path_1,P8,OUT1,path_1,8,31,104,9.65,2.35,0
P8__OUT1__path_1,P8,OUT1,path_1,9,31,105,9.75,2.35,0
P8__OUT1__path_1,P8,OUT1,path_1,10,31,106,9.85,2.35,0
P8__OUT1__path_1,P8,OUT1,path_1,11,31,107,9.95,2.35,0
P8__OUT1__path_1,P8,OUT1,path_1,12,31,108,10.05,2.35,0
P8__OUT1__path_1,P8,OUT1,path_1,13,31,109,10.15,2.35,0
P8__OUT1__path_1,P8,OUT1,path_1,14,31,110,10.25,2.35,0
P8__OUT1__path_1,P8,OUT1,path_1,15,30,111,10.35,2.25,0
P8__OUT1__path_1,P8,OUT1,path_1,16,29,112,10.45,2.15,0
P8__OUT1__path_1,P8,OUT1,path_1,17,28,113,10.55,2.05,0
P8__OUT1__path_1,P8,OUT1,path_1,18,27,114,10.65,1.95,0
P8__OUT1__path_1,P8,OUT1,path_1,19,27,115,10.75,1.95,0
P8__OUT1__path_1,P8,OUT1,path_1,20,27,116,10.85,1.95,0
P8__OUT1__path_1,P8,OUT1,path_1,21,27,117,10.95,1.95,0
P8__OUT1__path_1,P8,OUT1,path_1,22,27,118,11.05,1.95,0
P8__OUT1__path_1,P8,OUT1,path_1,23,27,119,11.15,1.95,0
P8__OUT1__path_1,P8,OUT1,path_1,24,27,120,11.25,1.95,0
P8__OUT1__path_1,P8,OUT1,path_1,25,27,121,11.35,1.95,0
P8__OUT1__path_1,P8,OUT1,path_1,26,27,122,11.45,1.95,0
P8__OUT1__path_1,P8,OUT1,path_1,27,27,123,11.55,1.95,0
P8__OUT1__path_1,P8,OUT1,path_1,28,27,124,11.65,1.95,0
P8__OUT1__path_1,P8,OUT1,path_1,29,27,125,11.75,1.95,0
P8__OUT1__path_1,P8,OUT1,path_1,30,27,126,11.85,1.95,0
P8__OUT1__path_1,P8,OUT1,path_1,31,27,127,11.95,1.95,0
P8__OUT1__path_1,P8,OUT1,path_1,32,27,128,12.05,1.95,0
P8__OUT2__path_1,P8,OUT2,path_1,0,31,96,8.85,2.35,0
P8__OUT2__path_1,P8,OUT2,path_1,1,32,97,8.95,2.45,0
P8__OUT2__path_1,P8,OUT2,path_1,2,33,98,9.05,2.55,0
P8__OUT2__path_1,P8,OUT2,path_1,3,34,99,9.15,2.65,0
P8__OUT2__path_1,P8,OUT2,path_1,4,34,100,9.25,2.65,0
P8__OUT2__path_1,P8,OUT2,path_1,5,34,101,9.35,2.65,0
P8__OUT2__path_1,P8,OUT2,path_1,6,34,102,9.45,2.65,0
P8__OUT2__path_1,P8,OUT2,path_1,7,34,103,9.55,2.65,0
P8__OUT2__path_1,P8,OUT2,path_1,8,34,104,9.65,2.65,0
P8__OUT2__path_1,P8,OUT2,path_1,9,34,105,9.75,2.65,0
P8__OUT2__path_1,P8,OUT2,path_1,10,35,106,9.85,2.75,0
P8__OUT2__path_1,P8,OUT2,path_1,11,36,107,9.95,2.85,0
P8__OUT2__path_1,P8,OUT2,path_1,12,37,108,10.05,2.95,0
P8__OUT2__path_1,P8,OUT2,path_1,13,38,109,10.15,3.05,0
P8__OUT2__path_1,P8,OUT2,path_1,14,39,110,10.25,3.15,0
P8__OUT2__path_1,P8,OUT2,path_1,15,39,111,10.35,3.15,0
P8__OUT2__path_1,P8,OUT2,path_1,16,40,112,10.45,3.25,0
P8__OUT2__path_1,P8,OUT2,path_1,17,40,113,10.55,3.25,0
P8__OUT2__path_1,P8,OUT2,path_1,18,41,114,10.65,3.35,0
P8__OUT2__path_1,P8,OUT2,path_1,19,41,115,10.75,3.35,0
P8__OUT2__path_1,P8,OUT2,path_1,20,42,116,10.85,3.45,0
P8__OUT2__path_1,P8,OUT2,path_1,21,42,117,10.95,3.45,0
P8__OUT2__path_1,P8,OUT2,path_1,22,42,118,11.05,3.45,0
P8__OUT2__path_1,P8,OUT2,path_1,23,43,119,11.15,3.55,0
P8__OUT2__path_1,P8,OUT2,path_1,24,43,120,11.25,3.55,0
P8__OUT2__path_1,P8,OUT2,path_1,25,44,121,11.35,3.65,0
P8__OUT2__path_1,P8,OUT2,path_1,26,44,122,11.45,3.65,0
P8__OUT2__path_1,P8,OUT2,path_1,27,45,123,11.55,3.75,0
P8__OUT2__path_1,P8,OUT2,path_1,28,45,124,11.65,3.75,0
P8__OUT2__path_1,P8,OUT2,path_1,29,46,125,11.75,3.85,0
P8__OUT2__path_1,P8,OUT2,path_1,30,46,126,11.85,3.85,0
P8__OUT2__path_1,P8,OUT2,path_1,31,46,127,11.95,3.85,0
P8__OUT2__path_1,P8,OUT2,path_1,32,47,128,12.05,3.95,0
P8__CHG1__path_1,P8,CHG1,path_1,0,31,96,8.85,2.35,0
P8__CHG1__path_1,P8,CHG1,path_1,1,30,96,8.85,2.25,0
P8__CHG1__path_1,P8,CHG1,path_1,2,29,96,8.85,2.15,0
P8__CHG1__path_1,P8,CHG1,path_1,3,28,96,8.85,2.05,0
P8__CHG1__path_1,P8,CHG1,path_1,4,27,96,8.85,1.95,0
P8__CHG1__path_1,P8,CHG1,path_1,5,26,96,8.85,1.85,0
P8__CHG1__path_1,P8,CHG1,path_1,6,25,96,8.85,1.75,0
P8__CHG1__path_1,P8,CHG1,path_1,7,24,96,8.85,1.65,0
P8__CHG1__path_1,P8,CHG1,path_1,8,23,96,8.85,1.55,0
P8__CHG1__path_1,P8,CHG1,path_1,9,22,96,8.85,1.45,0
P8__CHG1__path_1,P8,CHG1,path_1,10,21,96,8.85,1.35,0
P8__CHG1__path_1,P8,CHG1,path_1,11,20,96,8.85,1.25,0
P8__CHG1__path_1,P8,CHG1,path_1,12,19,96,8.85,1.15,0
P8__CHG1__path_1,P8,CHG1,path_1,13,18,96,8.85,1.05,0
P8__CHG1__path_1,P8,CHG1,path_1,14,17,96,8.85,0.95,0
P8__CHG1__path_1,P8,CHG1,path_1,15,16,96,8.85,0.85,0
P8__CHG1__path_1,P8,CHG1,path_1,16,15,96,8.85,0.75,0
P8__CHG1__path_1,P8,CHG1,path_1,17,14,96,8.85,0.65,0
P8__CHG1__path_1,P8,CHG1,path_1,18,13,96,8.85,0.55,0
P8__CHG1__path_1,P8,CHG1,path_1,19,12,96,8.85,0.45,0
P8__CHG1__path_1,P8,CHG1,path_1,20,12,95,8.75,0.45,0
P8__CHG1__path_1,P8,CHG1,path_1,21,12,94,8.65,0.45,0
P8__CHG1__path_1,P8,CHG1,path_1,22,12,93,8.55,0.45,0
P8__CHG1__path_1,P8,CHG1,path_1,23,12,92,8.45,0.45,0
P8__CHG1__path_1,P8,CHG1,path_1,24,12,91,8.35,0.45,0
P8__CHG1__path_1,P8,CHG1,path_1,25,12,90,8.25,0.45,0
P8__CHG1__path_1,P8,CHG1,path_1,26,12,89,8.15,0.45,0
P8__CHG1__path_1,P8,CHG1,path_1,27,12,88,8.05,0.45,0
P8__CHG1__path_1,P8,CHG1,path_1,28,12,87,7.95,0.45,0
P8__CHG1__path_1,P8,CHG1,path_1,29,12,86,7.85,0.45,0
P8__CHG1__path_1,P8,CHG1,path_1,30,12,85,7.75,0.45,0
P8__CHG1__path_1,P8,CHG1,path_1,31,12,84,7.65,0.45,0
P8__CHG1__path_1,P8,CHG1,path_1,32,12,83,7.55,0.45,0
P8__CHG1__path_1,P8,CHG1,path_1,33,12,82,7.45,0.45,0
P8__CHG1__path_1,P8,CHG1,path_1,34,12,81,7.35,0.45,0
P8__CHG1__path_1,P8,CHG1,path_1,35,12,80,7.25,0.45,0
P8__CHG1__path_1,P8,CHG1,path_1,36,12,79,7.15,0.45,0
P8__CHG1__path_1,P8,CHG1,path_1,37,12,78,7.05,0.45,0
P8__CHG1__path_1,P8,CHG1,path_1,38,12,77,6.95,0.45,0
P8__CHG1__path_1,P8,CHG1,path_1,39,12,76,6.85,0.45,0
P8__CHG1__path_1,P8,CHG1,path_1,40,11,75,6.75,0.35,0
P8__CHG1__path_1,P8,CHG1,path_1,41,11,74,6.65,0.35,0
P8__CHG1__path_1,P8,CHG1,path_1,42,11,73,6.55,0.35,0
P8__CHG1__path_1,P8,CHG1,path_1,43,11,72,6.45,0.35,0
P8__CHG1__path_1,P8,CHG1,path_1,44,11,71,6.35,0.35,0
P8__CHG1__path_1,P8,CHG1,path_1,45,11,70,6.25,0.35,0
P8__CHG1__path_1,P8,CHG1,path_1,46,11,69,6.15,0.35,0
P8__CHG1__path_1,P8,CHG1,path_1,47,11,68,6.05,0.35,0
P8__CHG1__path_1,P8,CHG1,path_1,48,11,67,5.95,0.35,0
P8__CHG1__path_1,P8,CHG1,path_1,49,11,66,5.85,0.35,0
P8__CHG1__path_1,P8,CHG1,path_1,50,11,65,5.75,0.35,0
P8__CHG1__path_1,P8,CHG1,path_1,51,11,64,5.65,0.35,0
P8__CHG1__path_1,P8,CHG1,path_1,52,11,63,5.55,0.35,0
P8__CHG1__path_1,P8,CHG1,path_1,53,11,62,5.45,0.35,0
P8__CHG1__path_1,P8,CHG1,path_1,54,11,61,5.35,0.35,0
P8__CHG1__path_1,P8,CHG1,path_1,55,11,60,5.25,0.35,0
P8__CHG1__path_1,P8,CHG1,path_1,56,11,59,5.15,0.35,0
P8__CHG1__path_1,P8,CHG1,path_1,57,11,58,5.05,0.35,0
P8__CHG1__path_1,P8,CHG1,path_1,58,11,57,4.95,0.35,0
P8__CHG1__path_1,P8,CHG1,path_1,59,11,56,4.85,0.35,0
P8__CHG1__path_1,P8,CHG1,path_1,60,11,55,4.75,0.35,0
P8__CHG1__path_1,P8,CHG1,path_1,61,11,54,4.65,0.35,0
P8__CHG1__path_1,P8,CHG1,path_1,62,10,53,4.55,0.25,0
P8__CHG1__path_1,P8,CHG1,path_1,63,10,52,4.45,0.25,0
P8__CHG1__path_1,P8,CHG1,path_1,64,10,51,4.35,0.25,0
P8__CHG1__path_1,P8,CHG1,path_1,65,10,50,4.25,0.25,0
P8__CHG1__path_1,P8,CHG1,path_1,66,10,49,4.15,0.25,0
P8__CHG1__path_1,P8,CHG1,path_1,67,10,48,4.05,0.25,0
P8__CHG1__path_1,P8,CHG1,path_1,68,10,47,3.95,0.25,0
P8__CHG1__path_1,P8,CHG1,path_1,69,10,46,3.85,0.25,0
P8__CHG1__path_1,P8,CHG1,path_1,70,10,45,3.75,0.25,0
P8__CHG1__path_1,P8,CHG1,path_1,71,10,44,3.65,0.25,0
P8__CHG1__path_1,P8,CHG1,path_1,72,10,43,3.55,0.25,0
P8__CHG1__path_1,P8,CHG1,path_1,73,10,42,3.45,0.25,0
P8__CHG1__path_1,P8,CHG1,path_1,74,10,41,3.35,0.25,0
P8__CHG1__path_1,P8,CHG1,path_1,75,10,40,3.25,0.25,0
P8__CHG1__path_1,P8,CHG1,path_1,76,10,39,3.15,0.25,0
P8__CHG1__path_1,P8,CHG1,path_1,77,10,38,3.05,0.25,0
P8__CHG1__path_1,P8,CHG1,path_1,78,10,37,2.95,0.25,0
P8__CHG1__path_1,P8,CHG1,path_1,79,10,36,2.85,0.25,0
P8__CHG1__path_1,P8,CHG1,path_1,80,10,35,2.75,0.25,0
P8__CHG1__path_1,P8,CHG1,path_1,81,10,34,2.65,0.25,0
P8__CHG1__path_1,P8,CHG1,path_1,82,10,33,2.55,0.25,0
P8__CHG1__path_1,P8,CHG1,path_1,83,10,32,2.45,0.25,0
P8__CHG1__path_1,P8,CHG1,path_1,84,10,31,2.35,0.25,0
P8__CHG1__path_1,P8,CHG1,path_1,85,10,30,2.25,0.25,0
P8__CHG1__path_1,P8,CHG1,path_1,86,10,29,2.15,0.25,0
P8__CHG1__path_1,P8,CHG1,path_1,87,10,28,2.05,0.25,0
P8__CHG1__path_1,P8,CHG1,path_1,88,10,27,1.95,0.25,0
P8__CHG1__path_1,P8,CHG1,path_1,89,10,26,1.85,0.25,0
P8__CHG1__path_1,P8,CHG1,path_1,90,10,25,1.75,0.25,0
P8__CHG1__path_1,P8,CHG1,path_1,91,10,24,1.65,0.25,0
P8__CHG1__path_1,P8,CHG1,path_1,92,10,23,1.55,0.25,0
P8__CHG1__path_1,P8,CHG1,path_1,93,10,22,1.45,0.25,0
P8__CHG1__path_1,P8,CHG1,path_1,94,9,21,1.35,0.15,0
P8__CHG1__path_1,P8,CHG1,path_1,95,9,20,1.25,0.15,0
P8__CHG1__path_1,P8,CHG1,path_1,96,9,19,1.15,0.15,0
P8__CHG1__path_1,P8,CHG1,path_1,97,8,18,1.05,0.05,0
P8__CHG2__path_1,P8,CHG2,path_1,0,31,96,8.85,2.35,0
P8__CHG2__path_1,P8,CHG2,path_1,1,30,96,8.85,2.25,0
P8__CHG2__path_1,P8,CHG2,path_1,2,29,96,8.85,2.15,0
P8__CHG2__path_1,P8,CHG2,path_1,3,28,96,8.85,2.05,0
P8__CHG2__path_1,P8,CHG2,path_1,4,27,96,8.85,1.95,0
P8__CHG2__path_1,P8,CHG2,path_1,5,26,96,8.85,1.85,0
P8__CHG2__path_1,P8,CHG2,path_1,6,25,96,8.85,1.75,0
P8__CHG2__path_1,P8,CHG2,path_1,7,24,96,8.85,1.65,0
P8__CHG2__path_1,P8,CHG2,path_1,8,23,96,8.85,1.55,0
P8__CHG2__path_1,P8,CHG2,path_1,9,22,96,8.85,1.45,0
P8__CHG2__path_1,P8,CHG2,path_1,10,21,96,8.85,1.35,0
P8__CHG2__path_1,P8,CHG2,path_1,11,20,96,8.85,1.25,0
P8__CHG2__path_1,P8,CHG2,path_1,12,19,96,8.85,1.15,0
P8__CHG2__path_1,P8,CHG2,path_1,13,18,96,8.85,1.05,0
P8__CHG2__path_1,P8,CHG2,path_1,14,17,96,8.85,0.95,0
P8__CHG2__path_1,P8,CHG2,path_1,15,16,96,8.85,0.85,0
P8__CHG2__path_1,P8,CHG2,path_1,16,15,96,8.85,0.75,0
P8__CHG2__path_1,P8,CHG2,path_1,17,14,96,8.85,0.65,0
P8__CHG2__path_1,P8,CHG2,path_1,18,13,97,8.95,0.55,0
P8__CHG2__path_1,P8,CHG2,path_1,19,12,98,9.05,0.45,0
P8__CHG2__path_1,P8,CHG2,path_1,20,11,98,9.05,0.35,0
P8__CHG2__path_1,P8,CHG2,path_1,21,10,98,9.05,0.25,0
P8__CHG2__path_1,P8,CHG2,path_1,22,9,98,9.05,0.15,0
P8__CHG2__path_1,P8,CHG2,path_1,23,8,98,9.05,0.05,0
P9__IN1__path_1,P9,IN1,path_1,0,58,68,6.05,5.05,0
P9__IN1__path_1,P9,IN1,path_1,1,57,67,5.95,4.95,0
P9__IN1__path_1,P9,IN1,path_1,2,56,66,5.85,4.85,0
P9__IN1__path_1,P9,IN1,path_1,3,55,65,5.75,4.75,0
P9__IN1__path_1,P9,IN1,path_1,4,54,64,5.65,4.65,0
P9__IN1__path_1,P9,IN1,path_1,5,53,64,5.65,4.55,0
P9__IN1__path_1,P9,IN1,path_1,6,52,64,5.65,4.45,0
P9__IN1__path_1,P9,IN1,path_1,7,51,64,5.65,4.35,0
P9__IN1__path_1,P9,IN1,path_1,8,50,63,5.55,4.25,0
P9__IN1__path_1,P9,IN1,path_1,9,49,63,5.55,4.15,0
P9__IN1__path_1,P9,IN1,path_1,10,48,62,5.45,4.05,0
P9__IN1__path_1,P9,IN1,path_1,11,48,61,5.35,4.05,0
P9__IN1__path_1,P9,IN1,path_1,12,48,60,5.25,4.05,0
P9__IN1__path_1,P9,IN1,path_1,13,48,59,5.15,4.05,0
P9__IN1__path_1,P9,IN1,path_1,14,48,58,5.05,4.05,0
P9__IN1__path_1,P9,IN1,path_1,15,48,57,4.95,4.05,0
P9__IN1__path_1,P9,IN1,path_1,16,48,56,4.85,4.05,0
P9__IN1__path_1,P9,IN1,path_1,17,48,55,4.75,4.05,0
P9__IN1__path_1,P9,IN1,path_1,18,47,54,4.65,3.95,0
P9__IN1__path_1,P9,IN1,path_1,19,46,53,4.55,3.85,0
P9__IN1__path_1,P9,IN1,path_1,20,45,52,4.45,3.75,0
P9__IN1__path_1,P9,IN1,path_1,21,44,51,4.35,3.65,0
P9__IN1__path_1,P9,IN1,path_1,22,43,50,4.25,3.55,0
P9__IN1__path_1,P9,IN1,path_1,23,42,49,4.15,3.45,0
P9__IN1__path_1,P9,IN1,path_1,24,41,48,4.05,3.35,0
P9__IN1__path_1,P9,IN1,path_1,25,40,47,3.95,3.25,0
P9__IN1__path_1,P9,IN1,path_1,26,39,46,3.85,3.15,0
P9__IN1__path_1,P9,IN1,path_1,27,39,45,3.75,3.15,0
P9__IN1__path_1,P9,IN1,path_1,28,39,44,3.65,3.15,0
P9__IN1__path_1,P9,IN1,path_1,29,39,43,3.55,3.15,0
P9__IN1__path_1,P9,IN1,path_1,30,39,42,3.45,3.15,0
P9__IN1__path_1,P9,IN1,path_1,31,39,41,3.35,3.15,0
P9__IN1__path_1,P9,IN1,path_1,32,39,40,3.25,3.15,0
P9__IN1__path_1,P9,IN1,path_1,33,39,39,3.15,3.15,0
P9__IN1__path_1,P9,IN1,path_1,34,39,38,3.05,3.15,0
P9__IN1__path_1,P9,IN1,path_1,35,38,37,2.95,3.05,0
P9__IN1__path_1,P9,IN1,path_1,36,37,36,2.85,2.95,0
P9__IN1__path_1,P9,IN1,path_1,37,36,35,2.75,2.85,0
P9__IN1__path_1,P9,IN1,path_1,38,35,34,2.65,2.75,0
P9__IN1__path_1,P9,IN1,path_1,39,34,33,2.55,2.65,0
P9__IN1__path_1,P9,IN1,path_1,40,33,32,2.45,2.55,0
P9__IN1__path_1,P9,IN1,path_1,41,32,31,2.35,2.45,0
P9__IN1__path_1,P9,IN1,path_1,42,31,30,2.25,2.35,0
P9__IN1__path_1,P9,IN1,path_1,43,30,29,2.15,2.25,0
P9__IN1__path_1,P9,IN1,path_1,44,29,28,2.05,2.15,0
P9__IN1__path_1,P9,IN1,path_1,45,28,27,1.95,2.05,0
P9__IN1__path_1,P9,IN1,path_1,46,27,26,1.85,1.95,0
P9__IN1__path_1,P9,IN1,path_1,47,26,25,1.75,1.85,0
P9__IN1__path_1,P9,IN1,path_1,48,25,24,1.65,1.75,0
P9__IN1__path_1,P9,IN1,path_1,49,25,23,1.55,1.75,0
P9__IN1__path_1,P9,IN1,path_1,50,24,22,1.45,1.65,0
P9__IN1__path_1,P9,IN1,path_1,51,24,21,1.35,1.65,0
P9__IN1__path_1,P9,IN1,path_1,52,23,20,1.25,1.55,0
P9__IN1__path_1,P9,IN1,path_1,53,23,19,1.15,1.55,0
P9__IN1__path_1,P9,IN1,path_1,54,23,18,1.05,1.55,0
P9__IN1__path_1,P9,IN1,path_1,55,22,17,0.95,1.45,0
P9__IN1__path_1,P9,IN1,path_1,56,22,16,0.85,1.45,0
P9__IN1__path_1,P9,IN1,path_1,57,21,15,0.75,1.35,0
P9__IN1__path_1,P9,IN1,path_1,58,21,14,0.65,1.35,0
P9__IN1__path_1,P9,IN1,path_1,59,20,13,0.55,1.25,0
P9__IN1__path_1,P9,IN1,path_1,60,20,12,0.45,1.25,0
P9__IN1__path_1,P9,IN1,path_1,61,19,11,0.35,1.15,0
P9__IN1__path_1,P9,IN1,path_1,62,19,10,0.25,1.15,0
P9__IN1__path_1,P9,IN1,path_1,63,19,9,0.15,1.15,0
P9__IN1__path_1,P9,IN1,path_1,64,18,8,0.05,1.05,0
P9__IN2__path_1,P9,IN2,path_1,0,58,68,6.05,5.05,0
P9__IN2__path_1,P9,IN2,path_1,1,57,67,5.95,4.95,0
P9__IN2__path_1,P9,IN2,path_1,2,56,66,5.85,4.85,0
P9__IN2__path_1,P9,IN2,path_1,3,55,65,5.75,4.75,0
P9__IN2__path_1,P9,IN2,path_1,4,54,64,5.65,4.65,0
P9__IN2__path_1,P9,IN2,path_1,5,53,64,5.65,4.55,0
P9__IN2__path_1,P9,IN2,path_1,6,52,64,5.65,4.45,0
P9__IN2__path_1,P9,IN2,path_1,7,51,64,5.65,4.35,0
P9__IN2__path_1,P9,IN2,path_1,8,50,63,5.55,4.25,0
P9__IN2__path_1,P9,IN2,path_1,9,49,63,5.55,4.15,0
P9__IN2__path_1,P9,IN2,path_1,10,49,62,5.45,4.15,0
P9__IN2__path_1,P9,IN2,path_1,11,49,61,5.35,4.15,0
P9__IN2__path_1,P9,IN2,path_1,12,49,60,5.25,4.15,0
P9__IN2__path_1,P9,IN2,path_1,13,49,59,5.15,4.15,0
P9__IN2__path_1,P9,IN2,path_1,14,49,58,5.05,4.15,0
P9__IN2__path_1,P9,IN2,path_1,15,49,57,4.95,4.15,0
P9__IN2__path_1,P9,IN2,path_1,16,49,56,4.85,4.15,0
P9__IN2__path_1,P9,IN2,path_1,17,49,55,4.75,4.15,0
P9__IN2__path_1,P9,IN2,path_1,18,49,54,4.65,4.15,0
P9__IN2__path_1,P9,IN2,path_1,19,49,53,4.55,4.15,0
P9__IN2__path_1,P9,IN2,path_1,20,49,52,4.45,4.15,0
P9__IN2__path_1,P9,IN2,path_1,21,49,51,4.35,4.15,0
P9__IN2__path_1,P9,IN2,path_1,22,49,50,4.25,4.15,0
P9__IN2__path_1,P9,IN2,path_1,23,49,49,4.15,4.15,0
P9__IN2__path_1,P9,IN2,path_1,24,49,48,4.05,4.15,0
P9__IN2__path_1,P9,IN2,path_1,25,49,47,3.95,4.15,0
P9__IN2__path_1,P9,IN2,path_1,26,49,46,3.85,4.15,0
P9__IN2__path_1,P9,IN2,path_1,27,49,45,3.75,4.15,0
P9__IN2__path_1,P9,IN2,path_1,28,49,44,3.65,4.15,0
P9__IN2__path_1,P9,IN2,path_1,29,49,43,3.55,4.15,0
P9__IN2__path_1,P9,IN2,path_1,30,49,42,3.45,4.15,0
P9__IN2__path_1,P9,IN2,path_1,31,49,41,3.35,4.15,0
P9__IN2__path_1,P9,IN2,path_1,32,50,40,3.25,4.25,0
P9__IN2__path_1,P9,IN2,path_1,33,51,39,3.15,4.35,0
P9__IN2__path_1,P9,IN2,path_1,34,52,38,3.05,4.45,0
P9__IN2__path_1,P9,IN2,path_1,35,53,37,2.95,4.55,0
P9__IN2__path_1,P9,IN2,path_1,36,54,36,2.85,4.65,0
P9__IN2__path_1,P9,IN2,path_1,37,54,35,2.75,4.65,0
P9__IN2__path_1,P9,IN2,path_1,38,54,34,2.65,4.65,0
P9__IN2__path_1,P9,IN2,path_1,39,54,33,2.55,4.65,0
P9__IN2__path_1,P9,IN2,path_1,40,54,32,2.45,4.65,0
P9__IN2__path_1,P9,IN2,path_1,41,54,31,2.35,4.65,0
P9__IN2__path_1,P9,IN2,path_1,42,54,30,2.25,4.65,0
P9__IN2__path_1,P9,IN2,path_1,43,54,29,2.15,4.65,0
P9__IN2__path_1,P9,IN2,path_1,44,54,28,2.05,4.65,0
P9__IN2__path_1,P9,IN2,path_1,45,54,27,1.95,4.65,0
P9__IN2__path_1,P9,IN2,path_1,46,54,26,1.85,4.65,0
P9__IN2__path_1,P9,IN2,path_1,47,54,25,1.75,4.65,0
P9__IN2__path_1,P9,IN2,path_1,48,54,24,1.65,4.65,0
P9__IN2__path_1,P9,IN2,path_1,49,54,23,1.55,4.65,0
P9__IN2__path_1,P9,IN2,path_1,50,54,22,1.45,4.65,0
P9__IN2__path_1,P9,IN2,path_1,51,54,21,1.35,4.65,0
P9__IN2__path_1,P9,IN2,path_1,52,54,20,1.25,4.65,0
P9__IN2__path_1,P9,IN2,path_1,53,54,19,1.15,4.65,0
P9__IN2__path_1,P9,IN2,path_1,54,54,18,1.05,4.65,0
P9__IN2__path_1,P9,IN2,path_1,55,54,17,0.95,4.65,0
P9__IN2__path_1,P9,IN2,path_1,56,54,16,0.85,4.65,0
P9__IN2__path_1,P9,IN2,path_1,57,54,15,0.75,4.65,0
P9__IN2__path_1,P9,IN2,path_1,58,54,14,0.65,4.65,0
P9__IN2__path_1,P9,IN2,path_1,59,55,13,0.55,4.75,0
P9__IN2__path_1,P9,IN2,path_1,60,55,12,0.45,4.75,0
P9__IN2__path_1,P9,IN2,path_1,61,56,11,0.35,4.85,0
P9__IN2__path_1,P9,IN2,path_1,62,56,10,0.25,4.85,0
P9__IN2__path_1,P9,IN2,path_1,63,56,9,0.15,4.85,0
P9__IN2__path_1,P9,IN2,path_1,64,57,8,0.05,4.95,0
P9__P1__path_1,P9,P1,path_1,0,58,68,6.05,5.05,0
P9__P1__path_1,P9,P1,path_1,1,57,67,5.95,4.95,0
P9__P1__path_1,P9,P1,path_1,2,56,66,5.85,4.85,0
P9__P1__path_1,P9,P1,path_1,3,55,65,5.75,4.75,0
P9__P1__path_1,P9,P1,path_1,4,54,64,5.65,4.65,0
P9__P1__path_1,P9,P1,path_1,5,53,64,5.65,4.55,0
P9__P1__path_1,P9,P1,path_1,6,52,64,5.65,4.45,0
P9__P1__path_1,P9,P1,path_1,7,51,64,5.65,4.35,0
P9__P1__path_1,P9,P1,path_1,8,50,63,5.55,4.25,0
P9__P1__path_1,P9,P1,path_1,9,49,63,5.55,4.15,0
P9__P1__path_1,P9,P1,path_1,10,48,62,5.45,4.05,0
P9__P1__path_1,P9,P1,path_1,11,48,61,5.35,4.05,0
P9__P1__path_1,P9,P1,path_1,12,48,60,5.25,4.05,0
P9__P1__path_1,P9,P1,path_1,13,48,59,5.15,4.05,0
P9__P1__path_1,P9,P1,path_1,14,48,58,5.05,4.05,0
P9__P1__path_1,P9,P1,path_1,15,48,57,4.95,4.05,0
P9__P1__path_1,P9,P1,path_1,16,48,56,4.85,4.05,0
P9__P1__path_1,P9,P1,path_1,17,48,55,4.75,4.05,0
P9__P1__path_1,P9,P1,path_1,18,47,54,4.65,3.95,0
P9__P1__path_1,P9,P1,path_1,19,46,53,4.55,3.85,0
P9__P1__path_1,P9,P1,path_1,20,45,52,4.45,3.75,0
P9__P1__path_1,P9,P1,path_1,21,44,51,4.35,3.65,0
P9__P1__path_1,P9,P1,path_1,22,43,50,4.25,3.55,0
P9__P1__path_1,P9,P1,path_1,23,42,49,4.15,3.45,0
P9__P1__path_1,P9,P1,path_1,24,41,48,4.05,3.35,0
P9__P1__path_1,P9,P1,path_1,25,40,47,3.95,3.25,0
P9__P1__path_1,P9,P1,path_1,26,39,46,3.85,3.15,0
P9__P1__path_1,P9,P1,path_1,27,39,45,3.75,3.15,0
P9__P1__path_1,P9,P1,path_1,28,39,44,3.65,3.15,0
P9__P1__path_1,P9,P1,path_1,29,39,43,3.55,3.15,0
P9__P1__path_1,P9,P1,path_1,30,39,42,3.45,3.15,0
P9__P1__path_1,P9,P1,path_1,31,39,41,3.35,3.15,0
P9__P1__path_1,P9,P1,path_1,32,39,40,3.25,3.15,0
P9__P1__path_1,P9,P1,path_1,33,39,39,3.15,3.15,0
P9__P1__path_1,P9,P1,path_1,34,39,38,3.05,3.15,0
P9__P1__path_1,P9,P1,path_1,35,38,38,3.05,3.05,0
P9__P1__path_1,P9,P1,path_1,36,37,38,3.05,2.95,0
P9__P1__path_1,P9,P1,path_1,37,36,38,3.05,2.85,0
P9__P1__path_1,P9,P1,path_1,38,35,38,3.05,2.75,0
P9__P1__path_1,P9,P1,path_1,39,34,38,3.05,2.65,0
P9__P1__path_1,P9,P1,path_1,40,33,38,3.05,2.55,0
P9__P1__path_1,P9,P1,path_1,41,32,38,3.05,2.45,0
P9__P1__path_1,P9,P1,path_1,42,31,38,3.05,2.35,0
P9__P1__path_1,P9,P1,path_1,43,30,38,3.05,2.25,0
P9__P1__path_1,P9,P1,path_1,44,29,38,3.05,2.15,0
P9__P1__path_1,P9,P1,path_1,45,28,38,3.05,2.05,0
P9__P1__path_1,P9,P1,path_1,46,27,38,3.05,1.95,0
P9__P1__path_1,P9,P1,path_1,47,26,38,3.05,1.85,0
P9__P1__path_1,P9,P1,path_1,48,25,38,3.05,1.75,0
P9__P1__path_1,P9,P1,path_1,49,24,38,3.05,1.65,0
P9__P1__path_1,P9,P1,path_1,50,23,38,3.05,1.55,0
P9__P1__path_1,P9,P1,path_1,51,22,38,3.05,1.45,0
P9__P1__path_1,P9,P1,path_1,52,21,38,3.05,1.35,0
P9__P1__path_1,P9,P1,path_1,53,20,38,3.05,1.25,0
P9__P1__path_1,P9,P1,path_1,54,19,38,3.05,1.15,0
P9__P1__path_1,P9,P1,path_1,55,18,38,3.05,1.05,0
P9__P1__path_1,P9,P1,path_1,56,17,37,2.95,0.95,0
P9__P2__path_1,P9,P2,path_1,0,58,68,6.05,5.05,0
P9__P2__path_1,P9,P2,path_1,1,57,67,5.95,4.95,0
P9__P2__path_1,P9,P2,path_1,2,56,66,5.85,4.85,0
P9__P2__path_1,P9,P2,path_1,3,55,65,5.75,4.75,0
P9__P2__path_1,P9,P2,path_1,4,54,64,5.65,4.65,0
P9__P2__path_1,P9,P2,path_1,5,53,64,5.65,4.55,0
P9__P2__path_1,P9,P2,path_1,6,52,64,5.65,4.45,0
P9__P2__path_1,P9,P2,path_1,7,51,64,5.65,4.35,0
P9__P2__path_1,P9,P2,path_1,8,50,63,5.55,4.25,0
P9__P2__path_1,P9,P2,path_1,9,49,63,5.55,4.15,0
P9__P2__path_1,P9,P2,path_1,10,48,62,5.45,4.05,0
P9__P2__path_1,P9,P2,path_1,11,48,61,5.35,4.05,0
P9__P2__path_1,P9,P2,path_1,12,48,60,5.25,4.05,0
P9__P2__path_1,P9,P2,path_1,13,48,59,5.15,4.05,0
P9__P2__path_1,P9,P2,path_1,14,48,58,5.05,4.05,0
P9__P2__path_1,P9,P2,path_1,15,48,57,4.95,4.05,0
P9__P2__path_1,P9,P2,path_1,16,48,56,4.85,4.05,0
P9__P2__path_1,P9,P2,path_1,17,48,55,4.75,4.05,0
P9__P2__path_1,P9,P2,path_1,18,47,55,4.75,3.95,0
P9__P2__path_1,P9,P2,path_1,19,46,55,4.75,3.85,0
P9__P2__path_1,P9,P2,path_1,20,45,55,4.75,3.75,0
P9__P2__path_1,P9,P2,path_1,21,44,55,4.75,3.65,0
P9__P2__path_1,P9,P2,path_1,22,43,55,4.75,3.55,0
P9__P2__path_1,P9,P2,path_1,23,42,55,4.75,3.45,0
P9__P2__path_1,P9,P2,path_1,24,41,55,4.75,3.35,0
P9__P2__path_1,P9,P2,path_1,25,40,55,4.75,3.25,0
P9__P2__path_1,P9,P2,path_1,26,39,55,4.75,3.15,0
P9__P2__path_1,P9,P2,path_1,27,38,55,4.75,3.05,0
P9__P2__path_1,P9,P2,path_1,28,37,55,4.75,2.95,0
P9__P2__path_1,P9,P2,path_1,29,36,55,4.75,2.85,0
P9__P2__path_1,P9,P2,path_1,30,35,55,4.75,2.75,0
P9__P2__path_1,P9,P2,path_1,31,34,54,4.65,2.65,0
P9__P2__path_1,P9,P2,path_1,32,33,54,4.65,2.55,0
P9__P2__path_1,P9,P2,path_1,33,32,54,4.65,2.45,0
P9__P2__path_1,P9,P2,path_1,34,31,53,4.55,2.35,0
P9__P3__path_1,P9,P3,path_1,0,58,68,6.05,5.05,0
P9__P3__path_1,P9,P3,path_1,1,57,67,5.95,4.95,0
P9__P3__path_1,P9,P3,path_1,2,56,66,5.85,4.85,0
P9__P3__path_1,P9,P3,path_1,3,55,65,5.75,4.75,0
P9__P3__path_1,P9,P3,path_1,4,54,64,5.65,4.65,0
P9__P3__path_1,P9,P3,path_1,5,53,64,5.65,4.55,0
P9__P3__path_1,P9,P3,path_1,6,52,64,5.65,4.45,0
P9__P3__path_1,P9,P3,path_1,7,51,64,5.65,4.35,0
P9__P3__path_1,P9,P3,path_1,8,50,63,5.55,4.25,0
P9__P3__path_1,P9,P3,path_1,9,49,63,5.55,4.15,0
P9__P3__path_1,P9,P3,path_1,10,49,62,5.45,4.15,0
P9__P3__path_1,P9,P3,path_1,11,49,61,5.35,4.15,0
P9__P3__path_1,P9,P3,path_1,12,49,60,5.25,4.15,0
P9__P3__path_1,P9,P3,path_1,13,49,59,5.15,4.15,0
P9__P3__path_1,P9,P3,path_1,14,49,58,5.05,4.15,0
P9__P3__path_1,P9,P3,path_1,15,49,57,4.95,4.15,0
P9__P3__path_1,P9,P3,path_1,16,49,56,4.85,4.15,0
P9__P3__path_1,P9,P3,path_1,17,49,55,4.75,4.15,0
P9__P3__path_1,P9,P3,path_1,18,49,54,4.65,4.15,0
P9__P3__path_1,P9,P3,path_1,19,49,53,4.55,4.15,0
P9__P3__path_1,P9,P3,path_1,20,49,52,4.45,4.15,0
P9__P3__path_1,P9,P3,path_1,21,49,51,4.35,4.15,0
P9__P3__path_1,P9,P3,path_1,22,49,50,4.25,4.15,0
P9__P3__path_1,P9,P3,path_1,23,49,49,4.15,4.15,0
P9__P3__path_1,P9,P3,path_1,24,49,48,4.05,4.15,0
P9__P3__path_1,P9,P3,path_1,25,49,47,3.95,4.15,0
P9__P3__path_1,P9,P3,path_1,26,49,46,3.85,4.15,0
P9__P3__path_1,P9,P3,path_1,27,49,45,3.75,4.15,0
P9__P3__path_1,P9,P3,path_1,28,49,44,3.65,4.15,0
P9__P3__path_1,P9,P3,path_1,29,49,43,3.55,4.15,0
P9__P3__path_1,P9,P3,path_1,30,50,43,3.55,4.25,0
P9__P3__path_1,P9,P3,path_1,31,51,43,3.55,4.35,0
P9__P3__path_1,P9,P3,path_1,32,52,43,3.55,4.45,0
P9__P3__path_1,P9,P3,path_1,33,53,43,3.55,4.55,0
P9__P3__path_1,P9,P3,path_1,34,54,43,3.55,4.65,0
P9__P3__path_1,P9,P3,path_1,35,55,43,3.55,4.75,0
P9__P3__path_1,P9,P3,path_1,36,56,43,3.55,4.85,0
P9__P3__path_1,P9,P3,path_1,37,57,43,3.55,4.95,0
P9__P3__path_1,P9,P3,path_1,38,58,43,3.55,5.05,0
P9__P3__path_1,P9,P3,path_1,39,59,43,3.55,5.15,0
P9__P3__path_1,P9,P3,path_1,40,60,43,3.55,5.25,0
P9__P4__path_1,P9,P4,path_1,0,58,68,6.05,5.05,0
P9__P4__path_1,P9,P4,path_1,1,57,67,5.95,4.95,0
P9__P4__path_1,P9,P4,path_1,2,56,66,5.85,4.85,0
P9__P4__path_1,P9,P4,path_1,3,55,65,5.75,4.75,0
P9__P4__path_1,P9,P4,path_1,4,54,65,5.75,4.65,0
P9__P4__path_1,P9,P4,path_1,5,53,65,5.75,4.55,0
P9__P4__path_1,P9,P4,path_1,6,52,65,5.75,4.45,0
P9__P4__path_1,P9,P4,path_1,7,51,65,5.75,4.35,0
P9__P4__path_1,P9,P4,path_1,8,50,64,5.65,4.25,0
P9__P4__path_1,P9,P4,path_1,9,49,63,5.55,4.15,0
P9__P4__path_1,P9,P4,path_1,10,48,62,5.45,4.05,0
P9__P4__path_1,P9,P4,path_1,11,48,61,5.35,4.05,0
P9__P4__path_1,P9,P4,path_1,12,48,60,5.25,4.05,0
P9__P4__path_1,P9,P4,path_1,13,48,59,5.15,4.05,0
P9__P4__path_1,P9,P4,path_1,14,48,58,5.05,4.05,0
P9__P4__path_1,P9,P4,path_1,15,48,57,4.95,4.05,0
P9__P4__path_1,P9,P4,path_1,16,48,56,4.85,4.05,0
P9__P4__path_1,P9,P4,path_1,17,48,55,4.75,4.05,0
P9__P4__path_1,P9,P4,path_1,18,47,55,4.75,3.95,0
P9__P4__path_1,P9,P4,path_1,19,46,55,4.75,3.85,0
P9__P4__path_1,P9,P4,path_1,20,45,55,4.75,3.75,0
P9__P4__path_1,P9,P4,path_1,21,44,55,4.75,3.65,0
P9__P4__path_1,P9,P4,path_1,22,43,55,4.75,3.55,0
P9__P4__path_1,P9,P4,path_1,23,42,55,4.75,3.45,0
P9__P4__path_1,P9,P4,path_1,24,41,55,4.75,3.35,0
P9__P4__path_1,P9,P4,path_1,25,40,55,4.75,3.25,0
P9__P4__path_1,P9,P4,path_1,26,39,55,4.75,3.15,0
P9__P4__path_1,P9,P4,path_1,27,38,55,4.75,3.05,0
P9__P4__path_1,P9,P4,path_1,28,37,55,4.75,2.95,0
P9__P4__path_1,P9,P4,path_1,29,36,55,4.75,2.85,0
P9__P4__path_1,P9,P4,path_1,30,35,55,4.75,2.75,0
P9__P4__path_1,P9,P4,path_1,31,34,55,4.75,2.65,0
P9__P4__path_1,P9,P4,path_1,32,33,55,4.75,2.55,0
P9__P4__path_1,P9,P4,path_1,33,32,55,4.75,2.45,0
P9__P4__path_1,P9,P4,path_1,34,31,55,4.75,2.35,0
P9__P4__path_1,P9,P4,path_1,35,30,55,4.75,2.25,0
P9__P4__path_1,P9,P4,path_1,36,29,55,4.75,2.15,0
P9__P4__path_1,P9,P4,path_1,37,28,55,4.75,2.05,0
P9__P4__path_1,P9,P4,path_1,38,27,55,4.75,1.95,0
P9__P4__path_1,P9,P4,path_1,39,26,55,4.75,1.85,0
P9__P4__path_1,P9,P4,path_1,40,25,55,4.75,1.75,0
P9__P4__path_1,P9,P4,path_1,41,24,56,4.85,1.65,0
P9__P4__path_1,P9,P4,path_1,42,23,56,4.85,1.55,0
P9__P4__path_1,P9,P4,path_1,43,22,56,4.85,1.45,0
P9__P4__path_1,P9,P4,path_1,44,21,57,4.95,1.35,0
P9__P5__path_1,P9,P5,path_1,0,58,68,6.05,5.05,0
P9__P5__path_1,P9,P5,path_1,1,57,67,5.95,4.95,0
P9__P5__path_1,P9,P5,path_1,2,56,66,5.85,4.85,0
P9__P5__path_1,P9,P5,path_1,3,55,65,5.75,4.75,0
P9__P5__path_1,P9,P5,path_1,4,54,65,5.75,4.65,0
P9__P5__path_1,P9,P5,path_1,5,53,65,5.75,4.55,0
P9__P5__path_1,P9,P5,path_1,6,52,65,5.75,4.45,0
P9__P5__path_1,P9,P5,path_1,7,51,65,5.75,4.35,0
P9__P5__path_1,P9,P5,path_1,8,50,65,5.75,4.25,0
P9__P5__path_1,P9,P5,path_1,9,49,65,5.75,4.15,0
P9__P5__path_1,P9,P5,path_1,10,48,64,5.65,4.05,0
P9__P6__path_1,P9,P6,path_1,0,58,68,6.05,5.05,0
P9__P6__path_1,P9,P6,path_1,1,59,68,6.05,5.15,0
P9__P6__path_1,P9,P6,path_1,2,60,68,6.05,5.25,0
P9__P6__path_1,P9,P6,path_1,3,61,68,6.05,5.35,0
P9__P6__path_1,P9,P6,path_1,4,62,68,6.05,5.45,0
P9__P6__path_1,P9,P6,path_1,5,63,68,6.05,5.55,0
P9__P6__path_1,P9,P6,path_1,6,64,68,6.05,5.65,0
P9__P6__path_1,P9,P6,path_1,7,65,68,6.05,5.75,0
P9__P6__path_1,P9,P6,path_1,8,65,69,6.15,5.75,0
P9__P6__path_1,P9,P6,path_1,9,65,70,6.25,5.75,0
P9__P6__path_1,P9,P6,path_1,10,65,71,6.35,5.75,0
P9__P6__path_1,P9,P6,path_1,11,65,72,6.45,5.75,0
P9__P6__path_1,P9,P6,path_1,12,65,73,6.55,5.75,0
P9__P6__path_1,P9,P6,path_1,13,65,74,6.65,5.75,0
P9__P6__path_1,P9,P6,path_1,14,65,75,6.75,5.75,0
P9__P6__path_1,P9,P6,path_1,15,65,76,6.85,5.75,0
P9__P6__path_1,P9,P6,path_1,16,65,77,6.95,5.75,0
P9__P6__path_1,P9,P6,path_1,17,65,78,7.05,5.75,0
P9__P6__path_1,P9,P6,path_1,18,65,79,7.15,5.75,0
P9__P6__path_1,P9,P6,path_1,19,65,80,7.25,5.75,0
P9__P6__path_1,P9,P6,path_1,20,65,81,7.35,5.75,0
P9__P6__path_1,P9,P6,path_1,21,65,82,7.45,5.75,0
P9__P6__path_1,P9,P6,path_1,22,65,83,7.55,5.75,0
P9__P6__path_1,P9,P6,path_1,23,65,84,7.65,5.75,0
P9__P6__path_1,P9,P6,path_1,24,65,85,7.75,5.75,0
P9__P6__path_1,P9,P6,path_1,25,65,86,7.85,5.75,0
P9__P6__path_1,P9,P6,path_1,26,65,87,7.95,5.75,0
P9__P7__path_1,P9,P7,path_1,0,58,68,6.05,5.05,0
P9__P7__path_1,P9,P7,path_1,1,57,68,6.05,4.95,0
P9__P7__path_1,P9,P7,path_1,2,56,68,6.05,4.85,0
P9__P7__path_1,P9,P7,path_1,3,55,68,6.05,4.75,0
P9__P7__path_1,P9,P7,path_1,4,54,68,6.05,4.65,0
P9__P7__path_1,P9,P7,path_1,5,53,68,6.05,4.55,0
P9__P7__path_1,P9,P7,path_1,6,52,68,6.05,4.45,0
P9__P7__path_1,P9,P7,path_1,7,51,68,6.05,4.35,0
P9__P7__path_1,P9,P7,path_1,8,50,68,6.05,4.25,0
P9__P7__path_1,P9,P7,path_1,9,49,68,6.05,4.15,0
P9__P7__path_1,P9,P7,path_1,10,48,68,6.05,4.05,0
P9__P7__path_1,P9,P7,path_1,11,48,69,6.15,4.05,0
P9__P7__path_1,P9,P7,path_1,12,48,70,6.25,4.05,0
P9__P7__path_1,P9,P7,path_1,13,48,71,6.35,4.05,0
P9__P7__path_1,P9,P7,path_1,14,48,72,6.45,4.05,0
P9__P7__path_1,P9,P7,path_1,15,48,73,6.55,4.05,0
P9__P7__path_1,P9,P7,path_1,16,47,73,6.55,3.95,0
P9__P7__path_1,P9,P7,path_1,17,46,73,6.55,3.85,0
P9__P7__path_1,P9,P7,path_1,18,45,74,6.65,3.75,0
P9__P7__path_1,P9,P7,path_1,19,44,75,6.75,3.65,0
P9__P7__path_1,P9,P7,path_1,20,43,75,6.75,3.55,0
P9__P7__path_1,P9,P7,path_1,21,42,75,6.75,3.45,0
P9__P7__path_1,P9,P7,path_1,22,41,75,6.75,3.35,0
P9__P7__path_1,P9,P7,path_1,23,40,75,6.75,3.25,0
P9__P7__path_1,P9,P7,path_1,24,39,75,6.75,3.15,0
P9__P7__path_1,P9,P7,path_1,25,38,75,6.75,3.05,0
P9__P7__path_1,P9,P7,path_1,26,37,75,6.75,2.95,0
P9__P7__path_1,P9,P7,path_1,27,36,75,6.75,2.85,0
P9__P7__path_1,P9,P7,path_1,28,35,75,6.75,2.75,0
P9__P7__path_1,P9,P7,path_1,29,34,75,6.75,2.65,0
P9__P7__path_1,P9,P7,path_1,30,33,75,6.75,2.55,0
P9__P7__path_1,P9,P7,path_1,31,32,75,6.75,2.45,0
P9__P7__path_1,P9,P7,path_1,32,31,75,6.75,2.35,0
P9__P7__path_1,P9,P7,path_1,33,30,75,6.75,2.25,0
P9__P7__path_1,P9,P7,path_1,34,29,75,6.75,2.15,0
P9__P7__path_1,P9,P7,path_1,35,28,75,6.75,2.05,0
P9__P7__path_1,P9,P7,path_1,36,27,76,6.85,1.95,0
P9__P7__path_1,P9,P7,path_1,37,26,76,6.85,1.85,0
P9__P7__path_1,P9,P7,path_1,38,25,77,6.95,1.75,0
P9__P7__path_1,P9,P7,path_1,39,24,77,6.95,1.65,0
P9__P7__path_1,P9,P7,path_1,40,23,78,7.05,1.55,0
P9__P7__path_1,P9,P7,path_1,41,22,78,7.05,1.45,0
P9__P7__path_1,P9,P7,path_1,42,21,79,7.15,1.35,0
P9__P7__path_1,P9,P7,path_1,43,20,79,7.15,1.25,0
P9__P7__path_1,P9,P7,path_1,44,19,79,7.15,1.15,0
P9__P7__path_1,P9,P7,path_1,45,18,80,7.25,1.05,0
P9__P8__path_1,P9,P8,path_1,0,58,68,6.05,5.05,0
P9__P8__path_1,P9,P8,path_1,1,57,68,6.05,4.95,0
P9__P8__path_1,P9,P8,path_1,2,56,68,6.05,4.85,0
P9__P8__path_1,P9,P8,path_1,3,55,68,6.05,4.75,0
P9__P8__path_1,P9,P8,path_1,4,54,68,6.05,4.65,0
P9__P8__path_1,P9,P8,path_1,5,53,68,6.05,4.55,0
P9__P8__path_1,P9,P8,path_1,6,52,68,6.05,4.45,0
P9__P8__path_1,P9,P8,path_1,7,51,68,6.05,4.35,0
P9__P8__path_1,P9,P8,path_1,8,50,68,6.05,4.25,0
P9__P8__path_1,P9,P8,path_1,9,49,68,6.05,4.15,0
P9__P8__path_1,P9,P8,path_1,10,48,68,6.05,4.05,0
P9__P8__path_1,P9,P8,path_1,11,48,69,6.15,4.05,0
P9__P8__path_1,P9,P8,path_1,12,48,70,6.25,4.05,0
P9__P8__path_1,P9,P8,path_1,13,48,71,6.35,4.05,0
P9__P8__path_1,P9,P8,path_1,14,48,72,6.45,4.05,0
P9__P8__path_1,P9,P8,path_1,15,48,73,6.55,4.05,0
P9__P8__path_1,P9,P8,path_1,16,47,74,6.65,3.95,0
P9__P8__path_1,P9,P8,path_1,17,46,75,6.75,3.85,0
P9__P8__path_1,P9,P8,path_1,18,45,76,6.85,3.75,0
P9__P8__path_1,P9,P8,path_1,19,44,77,6.95,3.65,0
P9__P8__path_1,P9,P8,path_1,20,43,78,7.05,3.55,0
P9__P8__path_1,P9,P8,path_1,21,42,79,7.15,3.45,0
P9__P8__path_1,P9,P8,path_1,22,41,80,7.25,3.35,0
P9__P8__path_1,P9,P8,path_1,23,40,81,7.35,3.25,0
P9__P8__path_1,P9,P8,path_1,24,40,82,7.45,3.25,0
P9__P8__path_1,P9,P8,path_1,25,40,83,7.55,3.25,0
P9__P8__path_1,P9,P8,path_1,26,40,84,7.65,3.25,0
P9__P8__path_1,P9,P8,path_1,27,40,85,7.75,3.25,0
P9__P8__path_1,P9,P8,path_1,28,40,86,7.85,3.25,0
P9__P8__path_1,P9,P8,path_1,29,40,87,7.95,3.25,0
P9__P8__path_1,P9,P8,path_1,30,40,88,8.05,3.25,0
P9__P8__path_1,P9,P8,path_1,31,40,89,8.15,3.25,0
P9__P8__path_1,P9,P8,path_1,32,40,90,8.25,3.25,0
P9__P8__path_1,P9,P8,path_1,33,40,91,8.35,3.25,0
P9__P8__path_1,P9,P8,path_1,34,40,92,8.45,3.25,0
P9__P8__path_1,P9,P8,path_1,35,40,93,8.55,3.25,0
P9__P8__path_1,P9,P8,path_1,36,40,94,8.65,3.25,0
P9__P8__path_1,P9,P8,path_1,37,40,95,8.75,3.25,0
P9__P8__path_1,P9,P8,path_1,38,40,96,8.85,3.25,0
P9__P8__path_1,P9,P8,path_1,39,39,96,8.85,3.15,0
P9__P8__path_1,P9,P8,path_1,40,38,96,8.85,3.05,0
P9__P8__path_1,P9,P8,path_1,41,37,96,8.85,2.95,0
P9__P8__path_1,P9,P8,path_1,42,36,96,8.85,2.85,0
P9__P8__path_1,P9,P8,path_1,43,35,96,8.85,2.75,0
P9__P8__path_1,P9,P8,path_1,44,34,96,8.85,2.65,0
P9__P8__path_1,P9,P8,path_1,45,33,96,8.85,2.55,0
P9__P8__path_1,P9,P8,path_1,46,32,96,8.85,2.45,0
P9__P8__path_1,P9,P8,path_1,47,31,96,8.85,2.35,0
P9__SORT1__path_1,P9,SORT1,path_1,0,58,68,6.05,5.05,0
P9__SORT1__path_1,P9,SORT1,path_1,1,57,68,6.05,4.95,0
P9__SORT1__path_1,P9,SORT1,path_1,2,56,68,6.05,4.85,0
P9__SORT1__path_1,P9,SORT1,path_1,3,55,68,6.05,4.75,0
P9__SORT1__path_1,P9,SORT1,path_1,4,54,68,6.05,4.65,0
P9__SORT1__path_1,P9,SORT1,path_1,5,53,68,6.05,4.55,0
P9__SORT1__path_1,P9,SORT1,path_1,6,52,68,6.05,4.45,0
P9__SORT1__path_1,P9,SORT1,path_1,7,51,68,6.05,4.35,0
P9__SORT1__path_1,P9,SORT1,path_1,8,50,68,6.05,4.25,0
P9__SORT1__path_1,P9,SORT1,path_1,9,49,68,6.05,4.15,0
P9__SORT1__path_1,P9,SORT1,path_1,10,48,68,6.05,4.05,0
P9__SORT1__path_1,P9,SORT1,path_1,11,48,69,6.15,4.05,0
P9__SORT1__path_1,P9,SORT1,path_1,12,48,70,6.25,4.05,0
P9__SORT1__path_1,P9,SORT1,path_1,13,48,71,6.35,4.05,0
P9__SORT1__path_1,P9,SORT1,path_1,14,48,72,6.45,4.05,0
P9__SORT1__path_1,P9,SORT1,path_1,15,48,73,6.55,4.05,0
P9__SORT1__path_1,P9,SORT1,path_1,16,47,74,6.65,3.95,0
P9__SORT1__path_1,P9,SORT1,path_1,17,46,75,6.75,3.85,0
P9__SORT1__path_1,P9,SORT1,path_1,18,45,76,6.85,3.75,0
P9__SORT1__path_1,P9,SORT1,path_1,19,44,77,6.95,3.65,0
P9__SORT1__path_1,P9,SORT1,path_1,20,43,78,7.05,3.55,0
P9__SORT1__path_1,P9,SORT1,path_1,21,42,79,7.15,3.45,0
P9__SORT1__path_1,P9,SORT1,path_1,22,41,80,7.25,3.35,0
P9__SORT1__path_1,P9,SORT1,path_1,23,40,81,7.35,3.25,0
P9__SORT1__path_1,P9,SORT1,path_1,24,40,82,7.45,3.25,0
P9__SORT1__path_1,P9,SORT1,path_1,25,40,83,7.55,3.25,0
P9__SORT1__path_1,P9,SORT1,path_1,26,40,84,7.65,3.25,0
P9__SORT1__path_1,P9,SORT1,path_1,27,40,85,7.75,3.25,0
P9__SORT1__path_1,P9,SORT1,path_1,28,40,86,7.85,3.25,0
P9__SORT1__path_1,P9,SORT1,path_1,29,40,87,7.95,3.25,0
P9__SORT1__path_1,P9,SORT1,path_1,30,40,88,8.05,3.25,0
P9__SORT1__path_1,P9,SORT1,path_1,31,40,89,8.15,3.25,0
P9__SORT1__path_1,P9,SORT1,path_1,32,40,90,8.25,3.25,0
P9__SORT1__path_1,P9,SORT1,path_1,33,40,91,8.35,3.25,0
P9__SORT1__path_1,P9,SORT1,path_1,34,40,92,8.45,3.25,0
P9__SORT1__path_1,P9,SORT1,path_1,35,40,93,8.55,3.25,0
P9__SORT1__path_1,P9,SORT1,path_1,36,40,94,8.65,3.25,0
P9__SORT1__path_1,P9,SORT1,path_1,37,40,95,8.75,3.25,0
P9__SORT1__path_1,P9,SORT1,path_1,38,40,96,8.85,3.25,0
P9__SORT1__path_1,P9,SORT1,path_1,39,39,97,8.95,3.15,0
P9__SORT1__path_1,P9,SORT1,path_1,40,38,98,9.05,3.05,0
P9__SORT1__path_1,P9,SORT1,path_1,41,37,99,9.15,2.95,0
P9__SORT1__path_1,P9,SORT1,path_1,42,36,100,9.25,2.85,0
P9__SORT1__path_1,P9,SORT1,path_1,43,35,101,9.35,2.75,0
P9__SORT1__path_1,P9,SORT1,path_1,44,34,102,9.45,2.65,0
P9__SORT1__path_1,P9,SORT1,path_1,45,33,103,9.55,2.55,0
P9__SORT1__path_1,P9,SORT1,path_1,46,32,104,9.65,2.45,0
P9__SORT1__path_1,P9,SORT1,path_1,47,31,104,9.65,2.35,0
P9__SORT1__path_1,P9,SORT1,path_1,48,30,104,9.65,2.25,0
P9__SORT1__path_1,P9,SORT1,path_1,49,29,105,9.75,2.15,0
P9__SORT2__path_1,P9,SORT2,path_1,0,58,68,6.05,5.05,0
P9__SORT2__path_1,P9,SORT2,path_1,1,57,68,6.05,4.95,0
P9__SORT2__path_1,P9,SORT2,path_1,2,56,68,6.05,4.85,0
P9__SORT2__path_1,P9,SORT2,path_1,3,55,68,6.05,4.75,0
P9__SORT2__path_1,P9,SORT2,path_1,4,54,68,6.05,4.65,0
P9__SORT2__path_1,P9,SORT2,path_1,5,53,68,6.05,4.55,0
P9__SORT2__path_1,P9,SORT2,path_1,6,52,68,6.05,4.45,0
P9__SORT2__path_1,P9,SORT2,path_1,7,51,68,6.05,4.35,0
P9__SORT2__path_1,P9,SORT2,path_1,8,50,68,6.05,4.25,0
P9__SORT2__path_1,P9,SORT2,path_1,9,49,68,6.05,4.15,0
P9__SORT2__path_1,P9,SORT2,path_1,10,48,68,6.05,4.05,0
P9__SORT2__path_1,P9,SORT2,path_1,11,48,69,6.15,4.05,0
P9__SORT2__path_1,P9,SORT2,path_1,12,48,70,6.25,4.05,0
P9__SORT2__path_1,P9,SORT2,path_1,13,48,71,6.35,4.05,0
P9__SORT2__path_1,P9,SORT2,path_1,14,48,72,6.45,4.05,0
P9__SORT2__path_1,P9,SORT2,path_1,15,48,73,6.55,4.05,0
P9__SORT2__path_1,P9,SORT2,path_1,16,48,74,6.65,4.05,0
P9__SORT2__path_1,P9,SORT2,path_1,17,48,75,6.75,4.05,0
P9__SORT2__path_1,P9,SORT2,path_1,18,48,76,6.85,4.05,0
P9__SORT2__path_1,P9,SORT2,path_1,19,48,77,6.95,4.05,0
P9__SORT2__path_1,P9,SORT2,path_1,20,48,78,7.05,4.05,0
P9__SORT2__path_1,P9,SORT2,path_1,21,48,79,7.15,4.05,0
P9__SORT2__path_1,P9,SORT2,path_1,22,48,80,7.25,4.05,0
P9__SORT2__path_1,P9,SORT2,path_1,23,48,81,7.35,4.05,0
P9__SORT2__path_1,P9,SORT2,path_1,24,48,82,7.45,4.05,0
P9__SORT2__path_1,P9,SORT2,path_1,25,48,83,7.55,4.05,0
P9__SORT2__path_1,P9,SORT2,path_1,26,48,84,7.65,4.05,0
P9__SORT2__path_1,P9,SORT2,path_1,27,48,85,7.75,4.05,0
P9__SORT2__path_1,P9,SORT2,path_1,28,48,86,7.85,4.05,0
P9__SORT2__path_1,P9,SORT2,path_1,29,48,87,7.95,4.05,0
P9__SORT2__path_1,P9,SORT2,path_1,30,48,88,8.05,4.05,0
P9__SORT2__path_1,P9,SORT2,path_1,31,48,89,8.15,4.05,0
P9__SORT2__path_1,P9,SORT2,path_1,32,48,90,8.25,4.05,0
P9__SORT2__path_1,P9,SORT2,path_1,33,48,91,8.35,4.05,0
P9__SORT2__path_1,P9,SORT2,path_1,34,48,92,8.45,4.05,0
P9__SORT2__path_1,P9,SORT2,path_1,35,48,93,8.55,4.05,0
P9__SORT2__path_1,P9,SORT2,path_1,36,48,94,8.65,4.05,0
P9__SORT2__path_1,P9,SORT2,path_1,37,48,95,8.75,4.05,0
P9__SORT2__path_1,P9,SORT2,path_1,38,48,96,8.85,4.05,0
P9__SORT2__path_1,P9,SORT2,path_1,39,48,97,8.95,4.05,0
P9__SORT2__path_1,P9,SORT2,path_1,40,48,98,9.05,4.05,0
P9__SORT2__path_1,P9,SORT2,path_1,41,48,99,9.15,4.05,0
P9__SORT2__path_1,P9,SORT2,path_1,42,48,100,9.25,4.05,0
P9__SORT2__path_1,P9,SORT2,path_1,43,48,101,9.35,4.05,0
P9__SORT2__path_1,P9,SORT2,path_1,44,48,102,9.45,4.05,0
P9__SORT2__path_1,P9,SORT2,path_1,45,48,103,9.55,4.05,0
P9__SORT2__path_1,P9,SORT2,path_1,46,48,104,9.65,4.05,0
P9__SORT2__path_1,P9,SORT2,path_1,47,48,105,9.75,4.05,0
P9__SORT2__path_1,P9,SORT2,path_1,48,48,106,9.85,4.05,0
P9__SORT2__path_1,P9,SORT2,path_1,49,48,107,9.95,4.05,0
P9__SORT2__path_1,P9,SORT2,path_1,50,48,108,10.05,4.05,0
P9__SORT2__path_1,P9,SORT2,path_1,51,48,109,10.15,4.05,0
P9__SORT2__path_1,P9,SORT2,path_1,52,48,110,10.25,4.05,0
P9__SORT2__path_1,P9,SORT2,path_1,53,48,111,10.35,4.05,0
P9__OUT1__path_1,P9,OUT1,path_1,0,58,68,6.05,5.05,0
P9__OUT1__path_1,P9,OUT1,path_1,1,57,68,6.05,4.95,0
P9__OUT1__path_1,P9,OUT1,path_1,2,56,68,6.05,4.85,0
P9__OUT1__path_1,P9,OUT1,path_1,3,55,68,6.05,4.75,0
P9__OUT1__path_1,P9,OUT1,path_1,4,54,68,6.05,4.65,0
P9__OUT1__path_1,P9,OUT1,path_1,5,53,68,6.05,4.55,0
P9__OUT1__path_1,P9,OUT1,path_1,6,52,68,6.05,4.45,0
P9__OUT1__path_1,P9,OUT1,path_1,7,51,68,6.05,4.35,0
P9__OUT1__path_1,P9,OUT1,path_1,8,50,68,6.05,4.25,0
P9__OUT1__path_1,P9,OUT1,path_1,9,49,68,6.05,4.15,0
P9__OUT1__path_1,P9,OUT1,path_1,10,48,68,6.05,4.05,0
P9__OUT1__path_1,P9,OUT1,path_1,11,48,69,6.15,4.05,0
P9__OUT1__path_1,P9,OUT1,path_1,12,48,70,6.25,4.05,0
P9__OUT1__path_1,P9,OUT1,path_1,13,48,71,6.35,4.05,0
P9__OUT1__path_1,P9,OUT1,path_1,14,48,72,6.45,4.05,0
P9__OUT1__path_1,P9,OUT1,path_1,15,48,73,6.55,4.05,0
P9__OUT1__path_1,P9,OUT1,path_1,16,48,74,6.65,4.05,0
P9__OUT1__path_1,P9,OUT1,path_1,17,48,75,6.75,4.05,0
P9__OUT1__path_1,P9,OUT1,path_1,18,47,76,6.85,3.95,0
P9__OUT1__path_1,P9,OUT1,path_1,19,46,77,6.95,3.85,0
P9__OUT1__path_1,P9,OUT1,path_1,20,46,78,7.05,3.85,0
P9__OUT1__path_1,P9,OUT1,path_1,21,46,79,7.15,3.85,0
P9__OUT1__path_1,P9,OUT1,path_1,22,46,80,7.25,3.85,0
P9__OUT1__path_1,P9,OUT1,path_1,23,46,81,7.35,3.85,0
P9__OUT1__path_1,P9,OUT1,path_1,24,46,82,7.45,3.85,0
P9__OUT1__path_1,P9,OUT1,path_1,25,46,83,7.55,3.85,0
P9__OUT1__path_1,P9,OUT1,path_1,26,46,84,7.65,3.85,0
P9__OUT1__path_1,P9,OUT1,path_1,27,46,85,7.75,3.85,0
P9__OUT1__path_1,P9,OUT1,path_1,28,46,86,7.85,3.85,0
P9__OUT1__path_1,P9,OUT1,path_1,29,46,87,7.95,3.85,0
P9__OUT1__path_1,P9,OUT1,path_1,30,45,88,8.05,3.75,0
P9__OUT1__path_1,P9,OUT1,path_1,31,45,89,8.15,3.75,0
P9__OUT1__path_1,P9,OUT1,path_1,32,44,90,8.25,3.65,0
P9__OUT1__path_1,P9,OUT1,path_1,33,44,91,8.35,3.65,0
P9__OUT1__path_1,P9,OUT1,path_1,34,43,92,8.45,3.55,0
P9__OUT1__path_1,P9,OUT1,path_1,35,42,93,8.55,3.45,0
P9__OUT1__path_1,P9,OUT1,path_1,36,41,94,8.65,3.35,0
P9__OUT1__path_1,P9,OUT1,path_1,37,40,95,8.75,3.25,0
P9__OUT1__path_1,P9,OUT1,path_1,38,40,96,8.85,3.25,0
P9__OUT1__path_1,P9,OUT1,path_1,39,40,97,8.95,3.25,0
P9__OUT1__path_1,P9,OUT1,path_1,40,40,98,9.05,3.25,0
P9__OUT1__path_1,P9,OUT1,path_1,41,40,99,9.15,3.25,0
P9__OUT1__path_1,P9,OUT1,path_1,42,40,100,9.25,3.25,0
P9__OUT1__path_1,P9,OUT1,path_1,43,39,101,9.35,3.15,0
P9__OUT1__path_1,P9,OUT1,path_1,44,39,102,9.45,3.15,0
P9__OUT1__path_1,P9,OUT1,path_1,45,38,103,9.55,3.05,0
P9__OUT1__path_1,P9,OUT1,path_1,46,38,104,9.65,3.05,0
P9__OUT1__path_1,P9,OUT1,path_1,47,37,105,9.75,2.95,0
P9__OUT1__path_1,P9,OUT1,path_1,48,37,106,9.85,2.95,0
P9__OUT1__path_1,P9,OUT1,path_1,49,37,107,9.95,2.95,0
P9__OUT1__path_1,P9,OUT1,path_1,50,36,108,10.05,2.85,0
P9__OUT1__path_1,P9,OUT1,path_1,51,36,109,10.15,2.85,0
P9__OUT1__path_1,P9,OUT1,path_1,52,35,110,10.25,2.75,0
P9__OUT1__path_1,P9,OUT1,path_1,53,35,111,10.35,2.75,0
P9__OUT1__path_1,P9,OUT1,path_1,54,34,112,10.45,2.65,0
P9__OUT1__path_1,P9,OUT1,path_1,55,34,113,10.55,2.65,0
P9__OUT1__path_1,P9,OUT1,path_1,56,33,114,10.65,2.55,0
P9__OUT1__path_1,P9,OUT1,path_1,57,33,115,10.75,2.55,0
P9__OUT1__path_1,P9,OUT1,path_1,58,32,116,10.85,2.45,0
P9__OUT1__path_1,P9,OUT1,path_1,59,32,117,10.95,2.45,0
P9__OUT1__path_1,P9,OUT1,path_1,60,32,118,11.05,2.45,0
P9__OUT1__path_1,P9,OUT1,path_1,61,31,119,11.15,2.35,0
P9__OUT1__path_1,P9,OUT1,path_1,62,31,120,11.25,2.35,0
P9__OUT1__path_1,P9,OUT1,path_1,63,30,121,11.35,2.25,0
P9__OUT1__path_1,P9,OUT1,path_1,64,30,122,11.45,2.25,0
P9__OUT1__path_1,P9,OUT1,path_1,65,29,123,11.55,2.15,0
P9__OUT1__path_1,P9,OUT1,path_1,66,29,124,11.65,2.15,0
P9__OUT1__path_1,P9,OUT1,path_1,67,28,125,11.75,2.05,0
P9__OUT1__path_1,P9,OUT1,path_1,68,28,126,11.85,2.05,0
P9__OUT1__path_1,P9,OUT1,path_1,69,28,127,11.95,2.05,0
P9__OUT1__path_1,P9,OUT1,path_1,70,27,128,12.05,1.95,0
P9__OUT2__path_1,P9,OUT2,path_1,0,58,68,6.05,5.05,0
P9__OUT2__path_1,P9,OUT2,path_1,1,57,68,6.05,4.95,0
P9__OUT2__path_1,P9,OUT2,path_1,2,56,68,6.05,4.85,0
P9__OUT2__path_1,P9,OUT2,path_1,3,55,68,6.05,4.75,0
P9__OUT2__path_1,P9,OUT2,path_1,4,54,68,6.05,4.65,0
P9__OUT2__path_1,P9,OUT2,path_1,5,53,68,6.05,4.55,0
P9__OUT2__path_1,P9,OUT2,path_1,6,52,68,6.05,4.45,0
P9__OUT2__path_1,P9,OUT2,path_1,7,51,68,6.05,4.35,0
P9__OUT2__path_1,P9,OUT2,path_1,8,50,68,6.05,4.25,0
P9__OUT2__path_1,P9,OUT2,path_1,9,49,68,6.05,4.15,0
P9__OUT2__path_1,P9,OUT2,path_1,10,48,68,6.05,4.05,0
P9__OUT2__path_1,P9,OUT2,path_1,11,48,69,6.15,4.05,0
P9__OUT2__path_1,P9,OUT2,path_1,12,48,70,6.25,4.05,0
P9__OUT2__path_1,P9,OUT2,path_1,13,48,71,6.35,4.05,0
P9__OUT2__path_1,P9,OUT2,path_1,14,48,72,6.45,4.05,0
P9__OUT2__path_1,P9,OUT2,path_1,15,48,73,6.55,4.05,0
P9__OUT2__path_1,P9,OUT2,path_1,16,48,74,6.65,4.05,0
P9__OUT2__path_1,P9,OUT2,path_1,17,48,75,6.75,4.05,0
P9__OUT2__path_1,P9,OUT2,path_1,18,48,76,6.85,4.05,0
P9__OUT2__path_1,P9,OUT2,path_1,19,48,77,6.95,4.05,0
P9__OUT2__path_1,P9,OUT2,path_1,20,48,78,7.05,4.05,0
P9__OUT2__path_1,P9,OUT2,path_1,21,48,79,7.15,4.05,0
P9__OUT2__path_1,P9,OUT2,path_1,22,48,80,7.25,4.05,0
P9__OUT2__path_1,P9,OUT2,path_1,23,48,81,7.35,4.05,0
P9__OUT2__path_1,P9,OUT2,path_1,24,48,82,7.45,4.05,0
P9__OUT2__path_1,P9,OUT2,path_1,25,48,83,7.55,4.05,0
P9__OUT2__path_1,P9,OUT2,path_1,26,48,84,7.65,4.05,0
P9__OUT2__path_1,P9,OUT2,path_1,27,48,85,7.75,4.05,0
P9__OUT2__path_1,P9,OUT2,path_1,28,48,86,7.85,4.05,0
P9__OUT2__path_1,P9,OUT2,path_1,29,48,87,7.95,4.05,0
P9__OUT2__path_1,P9,OUT2,path_1,30,48,88,8.05,4.05,0
P9__OUT2__path_1,P9,OUT2,path_1,31,48,89,8.15,4.05,0
P9__OUT2__path_1,P9,OUT2,path_1,32,48,90,8.25,4.05,0
P9__OUT2__path_1,P9,OUT2,path_1,33,48,91,8.35,4.05,0
P9__OUT2__path_1,P9,OUT2,path_1,34,48,92,8.45,4.05,0
P9__OUT2__path_1,P9,OUT2,path_1,35,48,93,8.55,4.05,0
P9__OUT2__path_1,P9,OUT2,path_1,36,48,94,8.65,4.05,0
P9__OUT2__path_1,P9,OUT2,path_1,37,48,95,8.75,4.05,0
P9__OUT2__path_1,P9,OUT2,path_1,38,48,96,8.85,4.05,0
P9__OUT2__path_1,P9,OUT2,path_1,39,48,97,8.95,4.05,0
P9__OUT2__path_1,P9,OUT2,path_1,40,48,98,9.05,4.05,0
P9__OUT2__path_1,P9,OUT2,path_1,41,48,99,9.15,4.05,0
P9__OUT2__path_1,P9,OUT2,path_1,42,48,100,9.25,4.05,0
P9__OUT2__path_1,P9,OUT2,path_1,43,48,101,9.35,4.05,0
P9__OUT2__path_1,P9,OUT2,path_1,44,48,102,9.45,4.05,0
P9__OUT2__path_1,P9,OUT2,path_1,45,48,103,9.55,4.05,0
P9__OUT2__path_1,P9,OUT2,path_1,46,48,104,9.65,4.05,0
P9__OUT2__path_1,P9,OUT2,path_1,47,48,105,9.75,4.05,0
P9__OUT2__path_1,P9,OUT2,path_1,48,48,106,9.85,4.05,0
P9__OUT2__path_1,P9,OUT2,path_1,49,48,107,9.95,4.05,0
P9__OUT2__path_1,P9,OUT2,path_1,50,48,108,10.05,4.05,0
P9__OUT2__path_1,P9,OUT2,path_1,51,48,109,10.15,4.05,0
P9__OUT2__path_1,P9,OUT2,path_1,52,48,110,10.25,4.05,0
P9__OUT2__path_1,P9,OUT2,path_1,53,48,111,10.35,4.05,0
P9__OUT2__path_1,P9,OUT2,path_1,54,48,112,10.45,4.05,0
P9__OUT2__path_1,P9,OUT2,path_1,55,48,113,10.55,4.05,0
P9__OUT2__path_1,P9,OUT2,path_1,56,48,114,10.65,4.05,0
P9__OUT2__path_1,P9,OUT2,path_1,57,48,115,10.75,4.05,0
P9__OUT2__path_1,P9,OUT2,path_1,58,48,116,10.85,4.05,0
P9__OUT2__path_1,P9,OUT2,path_1,59,48,117,10.95,4.05,0
P9__OUT2__path_1,P9,OUT2,path_1,60,48,118,11.05,4.05,0
P9__OUT2__path_1,P9,OUT2,path_1,61,48,119,11.15,4.05,0
P9__OUT2__path_1,P9,OUT2,path_1,62,48,120,11.25,4.05,0
P9__OUT2__path_1,P9,OUT2,path_1,63,48,121,11.35,4.05,0
P9__OUT2__path_1,P9,OUT2,path_1,64,48,122,11.45,4.05,0
P9__OUT2__path_1,P9,OUT2,path_1,65,48,123,11.55,4.05,0
P9__OUT2__path_1,P9,OUT2,path_1,66,48,124,11.65,4.05,0
P9__OUT2__path_1,P9,OUT2,path_1,67,48,125,11.75,4.05,0
P9__OUT2__path_1,P9,OUT2,path_1,68,48,126,11.85,4.05,0
P9__OUT2__path_1,P9,OUT2,path_1,69,48,127,11.95,4.05,0
P9__OUT2__path_1,P9,OUT2,path_1,70,47,128,12.05,3.95,0
P9__CHG1__path_1,P9,CHG1,path_1,0,58,68,6.05,5.05,0
P9__CHG1__path_1,P9,CHG1,path_1,1,57,67,5.95,4.95,0
P9__CHG1__path_1,P9,CHG1,path_1,2,56,66,5.85,4.85,0
P9__CHG1__path_1,P9,CHG1,path_1,3,55,65,5.75,4.75,0
P9__CHG1__path_1,P9,CHG1,path_1,4,54,64,5.65,4.65,0
P9__CHG1__path_1,P9,CHG1,path_1,5,53,64,5.65,4.55,0
P9__CHG1__path_1,P9,CHG1,path_1,6,52,64,5.65,4.45,0
P9__CHG1__path_1,P9,CHG1,path_1,7,51,64,5.65,4.35,0
P9__CHG1__path_1,P9,CHG1,path_1,8,50,63,5.55,4.25,0
P9__CHG1__path_1,P9,CHG1,path_1,9,49,63,5.55,4.15,0
P9__CHG1__path_1,P9,CHG1,path_1,10,48,62,5.45,4.05,0
P9__CHG1__path_1,P9,CHG1,path_1,11,48,61,5.35,4.05,0
P9__CHG1__path_1,P9,CHG1,path_1,12,48,60,5.25,4.05,0
P9__CHG1__path_1,P9,CHG1,path_1,13,48,59,5.15,4.05,0
P9__CHG1__path_1,P9,CHG1,path_1,14,48,58,5.05,4.05,0
P9__CHG1__path_1,P9,CHG1,path_1,15,48,57,4.95,4.05,0
P9__CHG1__path_1,P9,CHG1,path_1,16,48,56,4.85,4.05,0
P9__CHG1__path_1,P9,CHG1,path_1,17,48,55,4.75,4.05,0
P9__CHG1__path_1,P9,CHG1,path_1,18,47,54,4.65,3.95,0
P9__CHG1__path_1,P9,CHG1,path_1,19,46,53,4.55,3.85,0
P9__CHG1__path_1,P9,CHG1,path_1,20,45,52,4.45,3.75,0
P9__CHG1__path_1,P9,CHG1,path_1,21,44,51,4.35,3.65,0
P9__CHG1__path_1,P9,CHG1,path_1,22,43,50,4.25,3.55,0
P9__CHG1__path_1,P9,CHG1,path_1,23,42,49,4.15,3.45,0
P9__CHG1__path_1,P9,CHG1,path_1,24,41,48,4.05,3.35,0
P9__CHG1__path_1,P9,CHG1,path_1,25,40,47,3.95,3.25,0
P9__CHG1__path_1,P9,CHG1,path_1,26,39,46,3.85,3.15,0
P9__CHG1__path_1,P9,CHG1,path_1,27,39,45,3.75,3.15,0
P9__CHG1__path_1,P9,CHG1,path_1,28,39,44,3.65,3.15,0
P9__CHG1__path_1,P9,CHG1,path_1,29,39,43,3.55,3.15,0
P9__CHG1__path_1,P9,CHG1,path_1,30,39,42,3.45,3.15,0
P9__CHG1__path_1,P9,CHG1,path_1,31,39,41,3.35,3.15,0
P9__CHG1__path_1,P9,CHG1,path_1,32,39,40,3.25,3.15,0
P9__CHG1__path_1,P9,CHG1,path_1,33,39,39,3.15,3.15,0
P9__CHG1__path_1,P9,CHG1,path_1,34,39,38,3.05,3.15,0
P9__CHG1__path_1,P9,CHG1,path_1,35,38,37,2.95,3.05,0
P9__CHG1__path_1,P9,CHG1,path_1,36,37,36,2.85,2.95,0
P9__CHG1__path_1,P9,CHG1,path_1,37,36,35,2.75,2.85,0
P9__CHG1__path_1,P9,CHG1,path_1,38,35,34,2.65,2.75,0
P9__CHG1__path_1,P9,CHG1,path_1,39,34,33,2.55,2.65,0
P9__CHG1__path_1,P9,CHG1,path_1,40,33,32,2.45,2.55,0
P9__CHG1__path_1,P9,CHG1,path_1,41,32,31,2.35,2.45,0
P9__CHG1__path_1,P9,CHG1,path_1,42,31,30,2.25,2.35,0
P9__CHG1__path_1,P9,CHG1,path_1,43,30,29,2.15,2.25,0
P9__CHG1__path_1,P9,CHG1,path_1,44,29,28,2.05,2.15,0
P9__CHG1__path_1,P9,CHG1,path_1,45,28,27,1.95,2.05,0
P9__CHG1__path_1,P9,CHG1,path_1,46,27,27,1.95,1.95,0
P9__CHG1__path_1,P9,CHG1,path_1,47,26,26,1.85,1.85,0
P9__CHG1__path_1,P9,CHG1,path_1,48,25,26,1.85,1.75,0
P9__CHG1__path_1,P9,CHG1,path_1,49,24,25,1.75,1.65,0
P9__CHG1__path_1,P9,CHG1,path_1,50,23,25,1.75,1.55,0
P9__CHG1__path_1,P9,CHG1,path_1,51,22,24,1.65,1.45,0
P9__CHG1__path_1,P9,CHG1,path_1,52,21,24,1.65,1.35,0
P9__CHG1__path_1,P9,CHG1,path_1,53,20,23,1.55,1.25,0
P9__CHG1__path_1,P9,CHG1,path_1,54,19,23,1.55,1.15,0
P9__CHG1__path_1,P9,CHG1,path_1,55,18,23,1.55,1.05,0
P9__CHG1__path_1,P9,CHG1,path_1,56,17,22,1.45,0.95,0
P9__CHG1__path_1,P9,CHG1,path_1,57,16,22,1.45,0.85,0
P9__CHG1__path_1,P9,CHG1,path_1,58,15,21,1.35,0.75,0
P9__CHG1__path_1,P9,CHG1,path_1,59,14,21,1.35,0.65,0
P9__CHG1__path_1,P9,CHG1,path_1,60,13,20,1.25,0.55,0
P9__CHG1__path_1,P9,CHG1,path_1,61,12,20,1.25,0.45,0
P9__CHG1__path_1,P9,CHG1,path_1,62,11,19,1.15,0.35,0
P9__CHG1__path_1,P9,CHG1,path_1,63,10,19,1.15,0.25,0
P9__CHG1__path_1,P9,CHG1,path_1,64,9,19,1.15,0.15,0
P9__CHG1__path_1,P9,CHG1,path_1,65,8,18,1.05,0.05,0
P9__CHG2__path_1,P9,CHG2,path_1,0,58,68,6.05,5.05,0
P9__CHG2__path_1,P9,CHG2,path_1,1,57,68,6.05,4.95,0
P9__CHG2__path_1,P9,CHG2,path_1,2,56,68,6.05,4.85,0
P9__CHG2__path_1,P9,CHG2,path_1,3,55,68,6.05,4.75,0
P9__CHG2__path_1,P9,CHG2,path_1,4,54,68,6.05,4.65,0
P9__CHG2__path_1,P9,CHG2,path_1,5,53,68,6.05,4.55,0
P9__CHG2__path_1,P9,CHG2,path_1,6,52,68,6.05,4.45,0
P9__CHG2__path_1,P9,CHG2,path_1,7,51,68,6.05,4.35,0
P9__CHG2__path_1,P9,CHG2,path_1,8,50,68,6.05,4.25,0
P9__CHG2__path_1,P9,CHG2,path_1,9,49,68,6.05,4.15,0
P9__CHG2__path_1,P9,CHG2,path_1,10,48,68,6.05,4.05,0
P9__CHG2__path_1,P9,CHG2,path_1,11,48,69,6.15,4.05,0
P9__CHG2__path_1,P9,CHG2,path_1,12,48,70,6.25,4.05,0
P9__CHG2__path_1,P9,CHG2,path_1,13,48,71,6.35,4.05,0
P9__CHG2__path_1,P9,CHG2,path_1,14,48,72,6.45,4.05,0
P9__CHG2__path_1,P9,CHG2,path_1,15,48,73,6.55,4.05,0
P9__CHG2__path_1,P9,CHG2,path_1,16,47,74,6.65,3.95,0
P9__CHG2__path_1,P9,CHG2,path_1,17,46,75,6.75,3.85,0
P9__CHG2__path_1,P9,CHG2,path_1,18,45,76,6.85,3.75,0
P9__CHG2__path_1,P9,CHG2,path_1,19,44,77,6.95,3.65,0
P9__CHG2__path_1,P9,CHG2,path_1,20,43,78,7.05,3.55,0
P9__CHG2__path_1,P9,CHG2,path_1,21,42,79,7.15,3.45,0
P9__CHG2__path_1,P9,CHG2,path_1,22,41,80,7.25,3.35,0
P9__CHG2__path_1,P9,CHG2,path_1,23,40,80,7.25,3.25,0
P9__CHG2__path_1,P9,CHG2,path_1,24,39,80,7.25,3.15,0
P9__CHG2__path_1,P9,CHG2,path_1,25,38,80,7.25,3.05,0
P9__CHG2__path_1,P9,CHG2,path_1,26,37,80,7.25,2.95,0
P9__CHG2__path_1,P9,CHG2,path_1,27,36,80,7.25,2.85,0
P9__CHG2__path_1,P9,CHG2,path_1,28,35,80,7.25,2.75,0
P9__CHG2__path_1,P9,CHG2,path_1,29,34,80,7.25,2.65,0
P9__CHG2__path_1,P9,CHG2,path_1,30,33,80,7.25,2.55,0
P9__CHG2__path_1,P9,CHG2,path_1,31,32,80,7.25,2.45,0
P9__CHG2__path_1,P9,CHG2,path_1,32,31,80,7.25,2.35,0
P9__CHG2__path_1,P9,CHG2,path_1,33,30,80,7.25,2.25,0
P9__CHG2__path_1,P9,CHG2,path_1,34,29,80,7.25,2.15,0
P9__CHG2__path_1,P9,CHG2,path_1,35,28,80,7.25,2.05,0
P9__CHG2__path_1,P9,CHG2,path_1,36,27,80,7.25,1.95,0
P9__CHG2__path_1,P9,CHG2,path_1,37,26,80,7.25,1.85,0
P9__CHG2__path_1,P9,CHG2,path_1,38,25,80,7.25,1.75,0
P9__CHG2__path_1,P9,CHG2,path_1,39,24,80,7.25,1.65,0
P9__CHG2__path_1,P9,CHG2,path_1,40,23,80,7.25,1.55,0
P9__CHG2__path_1,P9,CHG2,path_1,41,22,80,7.25,1.45,0
P9__CHG2__path_1,P9,CHG2,path_1,42,21,80,7.25,1.35,0
P9__CHG2__path_1,P9,CHG2,path_1,43,20,80,7.25,1.25,0
P9__CHG2__path_1,P9,CHG2,path_1,44,19,80,7.25,1.15,0
P9__CHG2__path_1,P9,CHG2,path_1,45,18,80,7.25,1.05,0
P9__CHG2__path_1,P9,CHG2,path_1,46,17,80,7.25,0.95,0
P9__CHG2__path_1,P9,CHG2,path_1,47,16,80,7.25,0.85,0
P9__CHG2__path_1,P9,CHG2,path_1,48,15,80,7.25,0.75,0
P9__CHG2__path_1,P9,CHG2,path_1,49,14,80,7.25,0.65,0
P9__CHG2__path_1,P9,CHG2,path_1,50,13,80,7.25,0.55,0
P9__CHG2__path_1,P9,CHG2,path_1,51,12,80,7.25,0.45,0
P9__CHG2__path_1,P9,CHG2,path_1,52,12,81,7.35,0.45,0
P9__CHG2__path_1,P9,CHG2,path_1,53,12,82,7.45,0.45,0
P9__CHG2__path_1,P9,CHG2,path_1,54,12,83,7.55,0.45,0
P9__CHG2__path_1,P9,CHG2,path_1,55,12,84,7.65,0.45,0
P9__CHG2__path_1,P9,CHG2,path_1,56,12,85,7.75,0.45,0
P9__CHG2__path_1,P9,CHG2,path_1,57,12,86,7.85,0.45,0
P9__CHG2__path_1,P9,CHG2,path_1,58,12,87,7.95,0.45,0
P9__CHG2__path_1,P9,CHG2,path_1,59,12,88,8.05,0.45,0
P9__CHG2__path_1,P9,CHG2,path_1,60,12,89,8.15,0.45,0
P9__CHG2__path_1,P9,CHG2,path_1,61,12,90,8.25,0.45,0
P9__CHG2__path_1,P9,CHG2,path_1,62,11,91,8.35,0.35,0
P9__CHG2__path_1,P9,CHG2,path_1,63,11,92,8.45,0.35,0
P9__CHG2__path_1,P9,CHG2,path_1,64,10,93,8.55,0.25,0
P9__CHG2__path_1,P9,CHG2,path_1,65,10,94,8.65,0.25,0
P9__CHG2__path_1,P9,CHG2,path_1,66,9,95,8.75,0.15,0
P9__CHG2__path_1,P9,CHG2,path_1,67,9,96,8.85,0.15,0
P9__CHG2__path_1,P9,CHG2,path_1,68,9,97,8.95,0.15,0
P9__CHG2__path_1,P9,CHG2,path_1,69,8,98,9.05,0.05,0
SORT1__IN1__path_1,SORT1,IN1,path_1,0,29,105,9.75,2.15,0
SORT1__IN1__path_1,SORT1,IN1,path_1,1,28,104,9.65,2.05,0
SORT1__IN1__path_1,SORT1,IN1,path_1,2,27,103,9.55,1.95,0
SORT1__IN1__path_1,SORT1,IN1,path_1,3,26,102,9.45,1.85,0
SORT1__IN1__path_1,SORT1,IN1,path_1,4,25,102,9.45,1.75,0
SORT1__IN1__path_1,SORT1,IN1,path_1,5,24,102,9.45,1.65,0
SORT1__IN1__path_1,SORT1,IN1,path_1,6,23,102,9.45,1.55,0
SORT1__IN1__path_1,SORT1,IN1,path_1,7,22,102,9.45,1.45,0
SORT1__IN1__path_1,SORT1,IN1,path_1,8,21,102,9.45,1.35,0
SORT1__IN1__path_1,SORT1,IN1,path_1,9,20,102,9.45,1.25,0
SORT1__IN1__path_1,SORT1,IN1,path_1,10,19,101,9.35,1.15,0
SORT1__IN1__path_1,SORT1,IN1,path_1,11,18,100,9.25,1.05,0
SORT1__IN1__path_1,SORT1,IN1,path_1,12,17,99,9.15,0.95,0
SORT1__IN1__path_1,SORT1,IN1,path_1,13,16,98,9.05,0.85,0
SORT1__IN1__path_1,SORT1,IN1,path_1,14,15,97,8.95,0.75,0
SORT1__IN1__path_1,SORT1,IN1,path_1,15,14,96,8.85,0.65,0
SORT1__IN1__path_1,SORT1,IN1,path_1,16,13,96,8.85,0.55,0
SORT1__IN1__path_1,SORT1,IN1,path_1,17,12,96,8.85,0.45,0
SORT1__IN1__path_1,SORT1,IN1,path_1,18,12,95,8.75,0.45,0
SORT1__IN1__path_1,SORT1,IN1,path_1,19,12,94,8.65,0.45,0
SORT1__IN1__path_1,SORT1,IN1,path_1,20,12,93,8.55,0.45,0
SORT1__IN1__path_1,SORT1,IN1,path_1,21,12,92,8.45,0.45,0
SORT1__IN1__path_1,SORT1,IN1,path_1,22,12,91,8.35,0.45,0
SORT1__IN1__path_1,SORT1,IN1,path_1,23,12,90,8.25,0.45,0
SORT1__IN1__path_1,SORT1,IN1,path_1,24,12,89,8.15,0.45,0
SORT1__IN1__path_1,SORT1,IN1,path_1,25,12,88,8.05,0.45,0
SORT1__IN1__path_1,SORT1,IN1,path_1,26,12,87,7.95,0.45,0
SORT1__IN1__path_1,SORT1,IN1,path_1,27,12,86,7.85,0.45,0
SORT1__IN1__path_1,SORT1,IN1,path_1,28,12,85,7.75,0.45,0
SORT1__IN1__path_1,SORT1,IN1,path_1,29,12,84,7.65,0.45,0
SORT1__IN1__path_1,SORT1,IN1,path_1,30,12,83,7.55,0.45,0
SORT1__IN1__path_1,SORT1,IN1,path_1,31,12,82,7.45,0.45,0
SORT1__IN1__path_1,SORT1,IN1,path_1,32,12,81,7.35,0.45,0
SORT1__IN1__path_1,SORT1,IN1,path_1,33,12,80,7.25,0.45,0
SORT1__IN1__path_1,SORT1,IN1,path_1,34,12,79,7.15,0.45,0
SORT1__IN1__path_1,SORT1,IN1,path_1,35,12,78,7.05,0.45,0
SORT1__IN1__path_1,SORT1,IN1,path_1,36,12,77,6.95,0.45,0
SORT1__IN1__path_1,SORT1,IN1,path_1,37,12,76,6.85,0.45,0
SORT1__IN1__path_1,SORT1,IN1,path_1,38,11,75,6.75,0.35,0
SORT1__IN1__path_1,SORT1,IN1,path_1,39,11,74,6.65,0.35,0
SORT1__IN1__path_1,SORT1,IN1,path_1,40,11,73,6.55,0.35,0
SORT1__IN1__path_1,SORT1,IN1,path_1,41,11,72,6.45,0.35,0
SORT1__IN1__path_1,SORT1,IN1,path_1,42,11,71,6.35,0.35,0
SORT1__IN1__path_1,SORT1,IN1,path_1,43,11,70,6.25,0.35,0
SORT1__IN1__path_1,SORT1,IN1,path_1,44,11,69,6.15,0.35,0
SORT1__IN1__path_1,SORT1,IN1,path_1,45,11,68,6.05,0.35,0
SORT1__IN1__path_1,SORT1,IN1,path_1,46,11,67,5.95,0.35,0
SORT1__IN1__path_1,SORT1,IN1,path_1,47,11,66,5.85,0.35,0
SORT1__IN1__path_1,SORT1,IN1,path_1,48,11,65,5.75,0.35,0
SORT1__IN1__path_1,SORT1,IN1,path_1,49,11,64,5.65,0.35,0
SORT1__IN1__path_1,SORT1,IN1,path_1,50,11,63,5.55,0.35,0
SORT1__IN1__path_1,SORT1,IN1,path_1,51,11,62,5.45,0.35,0
SORT1__IN1__path_1,SORT1,IN1,path_1,52,11,61,5.35,0.35,0
SORT1__IN1__path_1,SORT1,IN1,path_1,53,11,60,5.25,0.35,0
SORT1__IN1__path_1,SORT1,IN1,path_1,54,11,59,5.15,0.35,0
SORT1__IN1__path_1,SORT1,IN1,path_1,55,11,58,5.05,0.35,0
SORT1__IN1__path_1,SORT1,IN1,path_1,56,11,57,4.95,0.35,0
SORT1__IN1__path_1,SORT1,IN1,path_1,57,11,56,4.85,0.35,0
SORT1__IN1__path_1,SORT1,IN1,path_1,58,11,55,4.75,0.35,0
SORT1__IN1__path_1,SORT1,IN1,path_1,59,11,54,4.65,0.35,0
SORT1__IN1__path_1,SORT1,IN1,path_1,60,10,53,4.55,0.25,0
SORT1__IN1__path_1,SORT1,IN1,path_1,61,10,52,4.45,0.25,0
SORT1__IN1__path_1,SORT1,IN1,path_1,62,10,51,4.35,0.25,0
SORT1__IN1__path_1,SORT1,IN1,path_1,63,10,50,4.25,0.25,0
SORT1__IN1__path_1,SORT1,IN1,path_1,64,10,49,4.15,0.25,0
SORT1__IN1__path_1,SORT1,IN1,path_1,65,10,48,4.05,0.25,0
SORT1__IN1__path_1,SORT1,IN1,path_1,66,10,47,3.95,0.25,0
SORT1__IN1__path_1,SORT1,IN1,path_1,67,10,46,3.85,0.25,0
SORT1__IN1__path_1,SORT1,IN1,path_1,68,10,45,3.75,0.25,0
SORT1__IN1__path_1,SORT1,IN1,path_1,69,10,44,3.65,0.25,0
SORT1__IN1__path_1,SORT1,IN1,path_1,70,10,43,3.55,0.25,0
SORT1__IN1__path_1,SORT1,IN1,path_1,71,10,42,3.45,0.25,0
SORT1__IN1__path_1,SORT1,IN1,path_1,72,10,41,3.35,0.25,0
SORT1__IN1__path_1,SORT1,IN1,path_1,73,10,40,3.25,0.25,0
SORT1__IN1__path_1,SORT1,IN1,path_1,74,10,39,3.15,0.25,0
SORT1__IN1__path_1,SORT1,IN1,path_1,75,10,38,3.05,0.25,0
SORT1__IN1__path_1,SORT1,IN1,path_1,76,10,37,2.95,0.25,0
SORT1__IN1__path_1,SORT1,IN1,path_1,77,10,36,2.85,0.25,0
SORT1__IN1__path_1,SORT1,IN1,path_1,78,10,35,2.75,0.25,0
SORT1__IN1__path_1,SORT1,IN1,path_1,79,10,34,2.65,0.25,0
SORT1__IN1__path_1,SORT1,IN1,path_1,80,10,33,2.55,0.25,0
SORT1__IN1__path_1,SORT1,IN1,path_1,81,10,32,2.45,0.25,0
SORT1__IN1__path_1,SORT1,IN1,path_1,82,10,31,2.35,0.25,0
SORT1__IN1__path_1,SORT1,IN1,path_1,83,10,30,2.25,0.25,0
SORT1__IN1__path_1,SORT1,IN1,path_1,84,10,29,2.15,0.25,0
SORT1__IN1__path_1,SORT1,IN1,path_1,85,10,28,2.05,0.25,0
SORT1__IN1__path_1,SORT1,IN1,path_1,86,10,27,1.95,0.25,0
SORT1__IN1__path_1,SORT1,IN1,path_1,87,10,26,1.85,0.25,0
SORT1__IN1__path_1,SORT1,IN1,path_1,88,10,25,1.75,0.25,0
SORT1__IN1__path_1,SORT1,IN1,path_1,89,11,24,1.65,0.35,0
SORT1__IN1__path_1,SORT1,IN1,path_1,90,11,23,1.55,0.35,0
SORT1__IN1__path_1,SORT1,IN1,path_1,91,12,22,1.45,0.45,0
SORT1__IN1__path_1,SORT1,IN1,path_1,92,12,21,1.35,0.45,0
SORT1__IN1__path_1,SORT1,IN1,path_1,93,13,20,1.25,0.55,0
SORT1__IN1__path_1,SORT1,IN1,path_1,94,13,19,1.15,0.55,0
SORT1__IN1__path_1,SORT1,IN1,path_1,95,13,18,1.05,0.55,0
SORT1__IN1__path_1,SORT1,IN1,path_1,96,14,17,0.95,0.65,0
SORT1__IN1__path_1,SORT1,IN1,path_1,97,14,16,0.85,0.65,0
SORT1__IN1__path_1,SORT1,IN1,path_1,98,15,15,0.75,0.75,0
SORT1__IN1__path_1,SORT1,IN1,path_1,99,15,14,0.65,0.75,0
SORT1__IN1__path_1,SORT1,IN1,path_1,100,16,13,0.55,0.85,0
SORT1__IN1__path_1,SORT1,IN1,path_1,101,16,12,0.45,0.85,0
SORT1__IN1__path_1,SORT1,IN1,path_1,102,17,11,0.35,0.95,0
SORT1__IN1__path_1,SORT1,IN1,path_1,103,17,10,0.25,0.95,0
SORT1__IN1__path_1,SORT1,IN1,path_1,104,17,9,0.15,0.95,0
SORT1__IN1__path_1,SORT1,IN1,path_1,105,18,8,0.05,1.05,0
SORT1__IN2__path_1,SORT1,IN2,path_1,0,29,105,9.75,2.15,0
SORT1__IN2__path_1,SORT1,IN2,path_1,1,30,104,9.65,2.25,0
SORT1__IN2__path_1,SORT1,IN2,path_1,2,31,103,9.55,2.35,0
SORT1__IN2__path_1,SORT1,IN2,path_1,3,32,102,9.45,2.45,0
SORT1__IN2__path_1,SORT1,IN2,path_1,4,33,101,9.35,2.55,0
SORT1__IN2__path_1,SORT1,IN2,path_1,5,34,100,9.25,2.65,0
SORT1__IN2__path_1,SORT1,IN2,path_1,6,35,100,9.25,2.75,0
SORT1__IN2__path_1,SORT1,IN2,path_1,7,36,100,9.25,2.85,0
SORT1__IN2__path_1,SORT1,IN2,path_1,8,37,99,9.15,2.95,0
SORT1__IN2__path_1,SORT1,IN2,path_1,9,38,98,9.05,3.05,0
SORT1__IN2__path_1,SORT1,IN2,path_1,10,39,97,8.95,3.15,0
SORT1__IN2__path_1,SORT1,IN2,path_1,11,40,96,8.85,3.25,0
SORT1__IN2__path_1,SORT1,IN2,path_1,12,40,95,8.75,3.25,0
SORT1__IN2__path_1,SORT1,IN2,path_1,13,41,94,8.65,3.35,0
SORT1__IN2__path_1,SORT1,IN2,path_1,14,42,93,8.55,3.45,0
SORT1__IN2__path_1,SORT1,IN2,path_1,15,43,92,8.45,3.55,0
SORT1__IN2__path_1,SORT1,IN2,path_1,16,43,91,8.35,3.55,0
SORT1__IN2__path_1,SORT1,IN2,path_1,17,43,90,8.25,3.55,0
SORT1__IN2__path_1,SORT1,IN2,path_1,18,43,89,8.15,3.55,0
SORT1__IN2__path_1,SORT1,IN2,path_1,19,43,88,8.05,3.55,0
SORT1__IN2__path_1,SORT1,IN2,path_1,20,43,87,7.95,3.55,0
SORT1__IN2__path_1,SORT1,IN2,path_1,21,43,86,7.85,3.55,0
SORT1__IN2__path_1,SORT1,IN2,path_1,22,43,85,7.75,3.55,0
SORT1__IN2__path_1,SORT1,IN2,path_1,23,43,84,7.65,3.55,0
SORT1__IN2__path_1,SORT1,IN2,path_1,24,43,83,7.55,3.55,0
SORT1__IN2__path_1,SORT1,IN2,path_1,25,43,82,7.45,3.55,0
SORT1__IN2__path_1,SORT1,IN2,path_1,26,43,81,7.35,3.55,0
SORT1__IN2__path_1,SORT1,IN2,path_1,27,43,80,7.25,3.55,0
SORT1__IN2__path_1,SORT1,IN2,path_1,28,43,79,7.15,3.55,0
SORT1__IN2__path_1,SORT1,IN2,path_1,29,44,78,7.05,3.65,0
SORT1__IN2__path_1,SORT1,IN2,path_1,30,45,77,6.95,3.75,0
SORT1__IN2__path_1,SORT1,IN2,path_1,31,46,76,6.85,3.85,0
SORT1__IN2__path_1,SORT1,IN2,path_1,32,47,75,6.75,3.95,0
SORT1__IN2__path_1,SORT1,IN2,path_1,33,48,74,6.65,4.05,0
SORT1__IN2__path_1,SORT1,IN2,path_1,34,48,73,6.55,4.05,0
SORT1__IN2__path_1,SORT1,IN2,path_1,35,48,72,6.45,4.05,0
SORT1__IN2__path_1,SORT1,IN2,path_1,36,48,71,6.35,4.05,0
SORT1__IN2__path_1,SORT1,IN2,path_1,37,48,70,6.25,4.05,0
SORT1__IN2__path_1,SORT1,IN2,path_1,38,48,69,6.15,4.05,0
SORT1__IN2__path_1,SORT1,IN2,path_1,39,48,68,6.05,4.05,0
SORT1__IN2__path_1,SORT1,IN2,path_1,40,48,67,5.95,4.05,0
SORT1__IN2__path_1,SORT1,IN2,path_1,41,48,66,5.85,4.05,0
SORT1__IN2__path_1,SORT1,IN2,path_1,42,48,65,5.75,4.05,0
SORT1__IN2__path_1,SORT1,IN2,path_1,43,48,64,5.65,4.05,0
SORT1__IN2__path_1,SORT1,IN2,path_1,44,48,63,5.55,4.05,0
SORT1__IN2__path_1,SORT1,IN2,path_1,45,48,62,5.45,4.05,0
SORT1__IN2__path_1,SORT1,IN2,path_1,46,48,61,5.35,4.05,0
SORT1__IN2__path_1,SORT1,IN2,path_1,47,48,60,5.25,4.05,0
SORT1__IN2__path_1,SORT1,IN2,path_1,48,48,59,5.15,4.05,0
SORT1__IN2__path_1,SORT1,IN2,path_1,49,48,58,5.05,4.05,0
SORT1__IN2__path_1,SORT1,IN2,path_1,50,48,57,4.95,4.05,0
SORT1__IN2__path_1,SORT1,IN2,path_1,51,48,56,4.85,4.05,0
SORT1__IN2__path_1,SORT1,IN2,path_1,52,48,55,4.75,4.05,0
SORT1__IN2__path_1,SORT1,IN2,path_1,53,48,54,4.65,4.05,0
SORT1__IN2__path_1,SORT1,IN2,path_1,54,48,53,4.55,4.05,0
SORT1__IN2__path_1,SORT1,IN2,path_1,55,48,52,4.45,4.05,0
SORT1__IN2__path_1,SORT1,IN2,path_1,56,48,51,4.35,4.05,0
SORT1__IN2__path_1,SORT1,IN2,path_1,57,48,50,4.25,4.05,0
SORT1__IN2__path_1,SORT1,IN2,path_1,58,48,49,4.15,4.05,0
SORT1__IN2__path_1,SORT1,IN2,path_1,59,48,48,4.05,4.05,0
SORT1__IN2__path_1,SORT1,IN2,path_1,60,48,47,3.95,4.05,0
SORT1__IN2__path_1,SORT1,IN2,path_1,61,48,46,3.85,4.05,0
SORT1__IN2__path_1,SORT1,IN2,path_1,62,48,45,3.75,4.05,0
SORT1__IN2__path_1,SORT1,IN2,path_1,63,48,44,3.65,4.05,0
SORT1__IN2__path_1,SORT1,IN2,path_1,64,48,43,3.55,4.05,0
SORT1__IN2__path_1,SORT1,IN2,path_1,65,48,42,3.45,4.05,0
SORT1__IN2__path_1,SORT1,IN2,path_1,66,48,41,3.35,4.05,0
SORT1__IN2__path_1,SORT1,IN2,path_1,67,48,40,3.25,4.05,0
SORT1__IN2__path_1,SORT1,IN2,path_1,68,48,39,3.15,4.05,0
SORT1__IN2__path_1,SORT1,IN2,path_1,69,48,38,3.05,4.05,0
SORT1__IN2__path_1,SORT1,IN2,path_1,70,48,37,2.95,4.05,0
SORT1__IN2__path_1,SORT1,IN2,path_1,71,48,36,2.85,4.05,0
SORT1__IN2__path_1,SORT1,IN2,path_1,72,48,35,2.75,4.05,0
SORT1__IN2__path_1,SORT1,IN2,path_1,73,48,34,2.65,4.05,0
SORT1__IN2__path_1,SORT1,IN2,path_1,74,48,33,2.55,4.05,0
SORT1__IN2__path_1,SORT1,IN2,path_1,75,48,32,2.45,4.05,0
SORT1__IN2__path_1,SORT1,IN2,path_1,76,48,31,2.35,4.05,0
SORT1__IN2__path_1,SORT1,IN2,path_1,77,48,30,2.25,4.05,0
SORT1__IN2__path_1,SORT1,IN2,path_1,78,48,29,2.15,4.05,0
SORT1__IN2__path_1,SORT1,IN2,path_1,79,48,28,2.05,4.05,0
SORT1__IN2__path_1,SORT1,IN2,path_1,80,48,27,1.95,4.05,0
SORT1__IN2__path_1,SORT1,IN2,path_1,81,49,26,1.85,4.15,0
SORT1__IN2__path_1,SORT1,IN2,path_1,82,49,25,1.75,4.15,0
SORT1__IN2__path_1,SORT1,IN2,path_1,83,50,24,1.65,4.25,0
SORT1__IN2__path_1,SORT1,IN2,path_1,84,50,23,1.55,4.25,0
SORT1__IN2__path_1,SORT1,IN2,path_1,85,51,22,1.45,4.35,0
SORT1__IN2__path_1,SORT1,IN2,path_1,86,51,21,1.35,4.35,0
SORT1__IN2__path_1,SORT1,IN2,path_1,87,52,20,1.25,4.45,0
SORT1__IN2__path_1,SORT1,IN2,path_1,88,52,19,1.15,4.45,0
SORT1__IN2__path_1,SORT1,IN2,path_1,89,52,18,1.05,4.45,0
SORT1__IN2__path_1,SORT1,IN2,path_1,90,53,17,0.95,4.55,0
SORT1__IN2__path_1,SORT1,IN2,path_1,91,53,16,0.85,4.55,0
SORT1__IN2__path_1,SORT1,IN2,path_1,92,54,15,0.75,4.65,0
SORT1__IN2__path_1,SORT1,IN2,path_1,93,54,14,0.65,4.65,0
SORT1__IN2__path_1,SORT1,IN2,path_1,94,55,13,0.55,4.75,0
SORT1__IN2__path_1,SORT1,IN2,path_1,95,55,12,0.45,4.75,0
SORT1__IN2__path_1,SORT1,IN2,path_1,96,56,11,0.35,4.85,0
SORT1__IN2__path_1,SORT1,IN2,path_1,97,56,10,0.25,4.85,0
SORT1__IN2__path_1,SORT1,IN2,path_1,98,56,9,0.15,4.85,0
SORT1__IN2__path_1,SORT1,IN2,path_1,99,57,8,0.05,4.95,0
SORT1__P1__path_1,SORT1,P1,path_1,0,29,105,9.75,2.15,0
SORT1__P1__path_1,SORT1,P1,path_1,1,28,104,9.65,2.05,0
SORT1__P1__path_1,SORT1,P1,path_1,2,27,103,9.55,1.95,0
SORT1__P1__path_1,SORT1,P1,path_1,3,26,102,9.45,1.85,0
SORT1__P1__path_1,SORT1,P1,path_1,4,25,102,9.45,1.75,0
SORT1__P1__path_1,SORT1,P1,path_1,5,24,102,9.45,1.65,0
SORT1__P1__path_1,SORT1,P1,path_1,6,23,102,9.45,1.55,0
SORT1__P1__path_1,SORT1,P1,path_1,7,22,102,9.45,1.45,0
SORT1__P1__path_1,SORT1,P1,path_1,8,21,102,9.45,1.35,0
SORT1__P1__path_1,SORT1,P1,path_1,9,20,102,9.45,1.25,0
SORT1__P1__path_1,SORT1,P1,path_1,10,19,101,9.35,1.15,0
SORT1__P1__path_1,SORT1,P1,path_1,11,18,100,9.25,1.05,0
SORT1__P1__path_1,SORT1,P1,path_1,12,17,99,9.15,0.95,0
SORT1__P1__path_1,SORT1,P1,path_1,13,16,98,9.05,0.85,0
SORT1__P1__path_1,SORT1,P1,path_1,14,15,97,8.95,0.75,0
SORT1__P1__path_1,SORT1,P1,path_1,15,14,96,8.85,0.65,0
SORT1__P1__path_1,SORT1,P1,path_1,16,13,96,8.85,0.55,0
SORT1__P1__path_1,SORT1,P1,path_1,17,12,96,8.85,0.45,0
SORT1__P1__path_1,SORT1,P1,path_1,18,12,95,8.75,0.45,0
SORT1__P1__path_1,SORT1,P1,path_1,19,12,94,8.65,0.45,0
SORT1__P1__path_1,SORT1,P1,path_1,20,12,93,8.55,0.45,0
SORT1__P1__path_1,SORT1,P1,path_1,21,12,92,8.45,0.45,0
SORT1__P1__path_1,SORT1,P1,path_1,22,12,91,8.35,0.45,0
SORT1__P1__path_1,SORT1,P1,path_1,23,12,90,8.25,0.45,0
SORT1__P1__path_1,SORT1,P1,path_1,24,12,89,8.15,0.45,0
SORT1__P1__path_1,SORT1,P1,path_1,25,12,88,8.05,0.45,0
SORT1__P1__path_1,SORT1,P1,path_1,26,12,87,7.95,0.45,0
SORT1__P1__path_1,SORT1,P1,path_1,27,12,86,7.85,0.45,0
SORT1__P1__path_1,SORT1,P1,path_1,28,12,85,7.75,0.45,0
SORT1__P1__path_1,SORT1,P1,path_1,29,12,84,7.65,0.45,0
SORT1__P1__path_1,SORT1,P1,path_1,30,12,83,7.55,0.45,0
SORT1__P1__path_1,SORT1,P1,path_1,31,12,82,7.45,0.45,0
SORT1__P1__path_1,SORT1,P1,path_1,32,12,81,7.35,0.45,0
SORT1__P1__path_1,SORT1,P1,path_1,33,12,80,7.25,0.45,0
SORT1__P1__path_1,SORT1,P1,path_1,34,12,79,7.15,0.45,0
SORT1__P1__path_1,SORT1,P1,path_1,35,12,78,7.05,0.45,0
SORT1__P1__path_1,SORT1,P1,path_1,36,12,77,6.95,0.45,0
SORT1__P1__path_1,SORT1,P1,path_1,37,12,76,6.85,0.45,0
SORT1__P1__path_1,SORT1,P1,path_1,38,11,75,6.75,0.35,0
SORT1__P1__path_1,SORT1,P1,path_1,39,11,74,6.65,0.35,0
SORT1__P1__path_1,SORT1,P1,path_1,40,11,73,6.55,0.35,0
SORT1__P1__path_1,SORT1,P1,path_1,41,11,72,6.45,0.35,0
SORT1__P1__path_1,SORT1,P1,path_1,42,11,71,6.35,0.35,0
SORT1__P1__path_1,SORT1,P1,path_1,43,11,70,6.25,0.35,0
SORT1__P1__path_1,SORT1,P1,path_1,44,11,69,6.15,0.35,0
SORT1__P1__path_1,SORT1,P1,path_1,45,11,68,6.05,0.35,0
SORT1__P1__path_1,SORT1,P1,path_1,46,11,67,5.95,0.35,0
SORT1__P1__path_1,SORT1,P1,path_1,47,11,66,5.85,0.35,0
SORT1__P1__path_1,SORT1,P1,path_1,48,11,65,5.75,0.35,0
SORT1__P1__path_1,SORT1,P1,path_1,49,11,64,5.65,0.35,0
SORT1__P1__path_1,SORT1,P1,path_1,50,11,63,5.55,0.35,0
SORT1__P1__path_1,SORT1,P1,path_1,51,11,62,5.45,0.35,0
SORT1__P1__path_1,SORT1,P1,path_1,52,11,61,5.35,0.35,0
SORT1__P1__path_1,SORT1,P1,path_1,53,11,60,5.25,0.35,0
SORT1__P1__path_1,SORT1,P1,path_1,54,11,59,5.15,0.35,0
SORT1__P1__path_1,SORT1,P1,path_1,55,11,58,5.05,0.35,0
SORT1__P1__path_1,SORT1,P1,path_1,56,11,57,4.95,0.35,0
SORT1__P1__path_1,SORT1,P1,path_1,57,11,56,4.85,0.35,0
SORT1__P1__path_1,SORT1,P1,path_1,58,11,55,4.75,0.35,0
SORT1__P1__path_1,SORT1,P1,path_1,59,11,54,4.65,0.35,0
SORT1__P1__path_1,SORT1,P1,path_1,60,10,53,4.55,0.25,0
SORT1__P1__path_1,SORT1,P1,path_1,61,10,52,4.45,0.25,0
SORT1__P1__path_1,SORT1,P1,path_1,62,10,51,4.35,0.25,0
SORT1__P1__path_1,SORT1,P1,path_1,63,10,50,4.25,0.25,0
SORT1__P1__path_1,SORT1,P1,path_1,64,10,49,4.15,0.25,0
SORT1__P1__path_1,SORT1,P1,path_1,65,10,48,4.05,0.25,0
SORT1__P1__path_1,SORT1,P1,path_1,66,10,47,3.95,0.25,0
SORT1__P1__path_1,SORT1,P1,path_1,67,10,46,3.85,0.25,0
SORT1__P1__path_1,SORT1,P1,path_1,68,10,45,3.75,0.25,0
SORT1__P1__path_1,SORT1,P1,path_1,69,10,44,3.65,0.25,0
SORT1__P1__path_1,SORT1,P1,path_1,70,10,43,3.55,0.25,0
SORT1__P1__path_1,SORT1,P1,path_1,71,10,42,3.45,0.25,0
SORT1__P1__path_1,SORT1,P1,path_1,72,10,41,3.35,0.25,0
SORT1__P1__path_1,SORT1,P1,path_1,73,10,40,3.25,0.25,0
SORT1__P1__path_1,SORT1,P1,path_1,74,10,39,3.15,0.25,0
SORT1__P1__path_1,SORT1,P1,path_1,75,10,38,3.05,0.25,0
SORT1__P1__path_1,SORT1,P1,path_1,76,11,38,3.05,0.35,0
SORT1__P1__path_1,SORT1,P1,path_1,77,12,38,3.05,0.45,0
SORT1__P1__path_1,SORT1,P1,path_1,78,13,38,3.05,0.55,0
SORT1__P1__path_1,SORT1,P1,path_1,79,14,38,3.05,0.65,0
SORT1__P1__path_1,SORT1,P1,path_1,80,15,38,3.05,0.75,0
SORT1__P1__path_1,SORT1,P1,path_1,81,16,38,3.05,0.85,0
SORT1__P1__path_1,SORT1,P1,path_1,82,17,37,2.95,0.95,0
SORT1__P2__path_1,SORT1,P2,path_1,0,29,105,9.75,2.15,0
SORT1__P2__path_1,SORT1,P2,path_1,1,30,104,9.65,2.25,0
SORT1__P2__path_1,SORT1,P2,path_1,2,31,103,9.55,2.35,0
SORT1__P2__path_1,SORT1,P2,path_1,3,32,102,9.45,2.45,0
SORT1__P2__path_1,SORT1,P2,path_1,4,33,101,9.35,2.55,0
SORT1__P2__path_1,SORT1,P2,path_1,5,34,100,9.25,2.65,0
SORT1__P2__path_1,SORT1,P2,path_1,6,35,100,9.25,2.75,0
SORT1__P2__path_1,SORT1,P2,path_1,7,36,100,9.25,2.85,0
SORT1__P2__path_1,SORT1,P2,path_1,8,37,99,9.15,2.95,0
SORT1__P2__path_1,SORT1,P2,path_1,9,38,98,9.05,3.05,0
SORT1__P2__path_1,SORT1,P2,path_1,10,39,97,8.95,3.15,0
SORT1__P2__path_1,SORT1,P2,path_1,11,40,96,8.85,3.25,0
SORT1__P2__path_1,SORT1,P2,path_1,12,40,95,8.75,3.25,0
SORT1__P2__path_1,SORT1,P2,path_1,13,41,94,8.65,3.35,0
SORT1__P2__path_1,SORT1,P2,path_1,14,42,93,8.55,3.45,0
SORT1__P2__path_1,SORT1,P2,path_1,15,43,92,8.45,3.55,0
SORT1__P2__path_1,SORT1,P2,path_1,16,43,91,8.35,3.55,0
SORT1__P2__path_1,SORT1,P2,path_1,17,43,90,8.25,3.55,0
SORT1__P2__path_1,SORT1,P2,path_1,18,43,89,8.15,3.55,0
SORT1__P2__path_1,SORT1,P2,path_1,19,43,88,8.05,3.55,0
SORT1__P2__path_1,SORT1,P2,path_1,20,43,87,7.95,3.55,0
SORT1__P2__path_1,SORT1,P2,path_1,21,43,86,7.85,3.55,0
SORT1__P2__path_1,SORT1,P2,path_1,22,43,85,7.75,3.55,0
SORT1__P2__path_1,SORT1,P2,path_1,23,43,84,7.65,3.55,0
SORT1__P2__path_1,SORT1,P2,path_1,24,43,83,7.55,3.55,0
SORT1__P2__path_1,SORT1,P2,path_1,25,43,82,7.45,3.55,0
SORT1__P2__path_1,SORT1,P2,path_1,26,43,81,7.35,3.55,0
SORT1__P2__path_1,SORT1,P2,path_1,27,43,80,7.25,3.55,0
SORT1__P2__path_1,SORT1,P2,path_1,28,43,79,7.15,3.55,0
SORT1__P2__path_1,SORT1,P2,path_1,29,44,78,7.05,3.65,0
SORT1__P2__path_1,SORT1,P2,path_1,30,45,77,6.95,3.75,0
SORT1__P2__path_1,SORT1,P2,path_1,31,46,76,6.85,3.85,0
SORT1__P2__path_1,SORT1,P2,path_1,32,47,75,6.75,3.95,0
SORT1__P2__path_1,SORT1,P2,path_1,33,48,74,6.65,4.05,0
SORT1__P2__path_1,SORT1,P2,path_1,34,48,73,6.55,4.05,0
SORT1__P2__path_1,SORT1,P2,path_1,35,48,72,6.45,4.05,0
SORT1__P2__path_1,SORT1,P2,path_1,36,48,71,6.35,4.05,0
SORT1__P2__path_1,SORT1,P2,path_1,37,48,70,6.25,4.05,0
SORT1__P2__path_1,SORT1,P2,path_1,38,48,69,6.15,4.05,0
SORT1__P2__path_1,SORT1,P2,path_1,39,48,68,6.05,4.05,0
SORT1__P2__path_1,SORT1,P2,path_1,40,48,67,5.95,4.05,0
SORT1__P2__path_1,SORT1,P2,path_1,41,48,66,5.85,4.05,0
SORT1__P2__path_1,SORT1,P2,path_1,42,48,65,5.75,4.05,0
SORT1__P2__path_1,SORT1,P2,path_1,43,48,64,5.65,4.05,0
SORT1__P2__path_1,SORT1,P2,path_1,44,48,63,5.55,4.05,0
SORT1__P2__path_1,SORT1,P2,path_1,45,48,62,5.45,4.05,0
SORT1__P2__path_1,SORT1,P2,path_1,46,48,61,5.35,4.05,0
SORT1__P2__path_1,SORT1,P2,path_1,47,48,60,5.25,4.05,0
SORT1__P2__path_1,SORT1,P2,path_1,48,48,59,5.15,4.05,0
SORT1__P2__path_1,SORT1,P2,path_1,49,48,58,5.05,4.05,0
SORT1__P2__path_1,SORT1,P2,path_1,50,48,57,4.95,4.05,0
SORT1__P2__path_1,SORT1,P2,path_1,51,48,56,4.85,4.05,0
SORT1__P2__path_1,SORT1,P2,path_1,52,48,55,4.75,4.05,0
SORT1__P2__path_1,SORT1,P2,path_1,53,47,55,4.75,3.95,0
SORT1__P2__path_1,SORT1,P2,path_1,54,46,55,4.75,3.85,0
SORT1__P2__path_1,SORT1,P2,path_1,55,45,55,4.75,3.75,0
SORT1__P2__path_1,SORT1,P2,path_1,56,44,55,4.75,3.65,0
SORT1__P2__path_1,SORT1,P2,path_1,57,43,55,4.75,3.55,0
SORT1__P2__path_1,SORT1,P2,path_1,58,42,55,4.75,3.45,0
SORT1__P2__path_1,SORT1,P2,path_1,59,41,55,4.75,3.35,0
SORT1__P2__path_1,SORT1,P2,path_1,60,40,55,4.75,3.25,0
SORT1__P2__path_1,SORT1,P2,path_1,61,39,55,4.75,3.15,0
SORT1__P2__path_1,SORT1,P2,path_1,62,38,55,4.75,3.05,0
SORT1__P2__path_1,SORT1,P2,path_1,63,37,55,4.75,2.95,0
SORT1__P2__path_1,SORT1,P2,path_1,64,36,55,4.75,2.85,0
SORT1__P2__path_1,SORT1,P2,path_1,65,35,55,4.75,2.75,0
SORT1__P2__path_1,SORT1,P2,path_1,66,34,54,4.65,2.65,0
SORT1__P2__path_1,SORT1,P2,path_1,67,33,54,4.65,2.55,0
SORT1__P2__path_1,SORT1,P2,path_1,68,32,54,4.65,2.45,0
SORT1__P2__path_1,SORT1,P2,path_1,69,31,53,4.55,2.35,0
SORT1__P3__path_1,SORT1,P3,path_1,0,29,105,9.75,2.15,0
SORT1__P3__path_1,SORT1,P3,path_1,1,30,104,9.65,2.25,0
SORT1__P3__path_1,SORT1,P3,path_1,2,31,103,9.55,2.35,0
SORT1__P3__path_1,SORT1,P3,path_1,3,32,102,9.45,2.45,0
SORT1__P3__path_1,SORT1,P3,path_1,4,33,101,9.35,2.55,0
SORT1__P3__path_1,SORT1,P3,path_1,5,34,100,9.25,2.65,0
SORT1__P3__path_1,SORT1,P3,path_1,6,35,100,9.25,2.75,0
SORT1__P3__path_1,SORT1,P3,path_1,7,36,100,9.25,2.85,0
SORT1__P3__path_1,SORT1,P3,path_1,8,37,99,9.15,2.95,0
SORT1__P3__path_1,SORT1,P3,path_1,9,38,98,9.05,3.05,0
SORT1__P3__path_1,SORT1,P3,path_1,10,39,97,8.95,3.15,0
SORT1__P3__path_1,SORT1,P3,path_1,11,40,96,8.85,3.25,0
SORT1__P3__path_1,SORT1,P3,path_1,12,40,95,8.75,3.25,0
SORT1__P3__path_1,SORT1,P3,path_1,13,41,94,8.65,3.35,0
SORT1__P3__path_1,SORT1,P3,path_1,14,42,93,8.55,3.45,0
SORT1__P3__path_1,SORT1,P3,path_1,15,43,92,8.45,3.55,0
SORT1__P3__path_1,SORT1,P3,path_1,16,43,91,8.35,3.55,0
SORT1__P3__path_1,SORT1,P3,path_1,17,43,90,8.25,3.55,0
SORT1__P3__path_1,SORT1,P3,path_1,18,43,89,8.15,3.55,0
SORT1__P3__path_1,SORT1,P3,path_1,19,43,88,8.05,3.55,0
SORT1__P3__path_1,SORT1,P3,path_1,20,43,87,7.95,3.55,0
SORT1__P3__path_1,SORT1,P3,path_1,21,43,86,7.85,3.55,0
SORT1__P3__path_1,SORT1,P3,path_1,22,43,85,7.75,3.55,0
SORT1__P3__path_1,SORT1,P3,path_1,23,43,84,7.65,3.55,0
SORT1__P3__path_1,SORT1,P3,path_1,24,43,83,7.55,3.55,0
SORT1__P3__path_1,SORT1,P3,path_1,25,43,82,7.45,3.55,0
SORT1__P3__path_1,SORT1,P3,path_1,26,43,81,7.35,3.55,0
SORT1__P3__path_1,SORT1,P3,path_1,27,43,80,7.25,3.55,0
SORT1__P3__path_1,SORT1,P3,path_1,28,44,79,7.15,3.65,0
SORT1__P3__path_1,SORT1,P3,path_1,29,44,78,7.05,3.65,0
SORT1__P3__path_1,SORT1,P3,path_1,30,45,77,6.95,3.75,0
SORT1__P3__path_1,SORT1,P3,path_1,31,46,76,6.85,3.85,0
SORT1__P3__path_1,SORT1,P3,path_1,32,47,75,6.75,3.95,0
SORT1__P3__path_1,SORT1,P3,path_1,33,48,74,6.65,4.05,0
SORT1__P3__path_1,SORT1,P3,path_1,34,48,73,6.55,4.05,0
SORT1__P3__path_1,SORT1,P3,path_1,35,48,72,6.45,4.05,0
SORT1__P3__path_1,SORT1,P3,path_1,36,48,71,6.35,4.05,0
SORT1__P3__path_1,SORT1,P3,path_1,37,48,70,6.25,4.05,0
SORT1__P3__path_1,SORT1,P3,path_1,38,48,69,6.15,4.05,0
SORT1__P3__path_1,SORT1,P3,path_1,39,48,68,6.05,4.05,0
SORT1__P3__path_1,SORT1,P3,path_1,40,49,67,5.95,4.15,0
SORT1__P3__path_1,SORT1,P3,path_1,41,49,66,5.85,4.15,0
SORT1__P3__path_1,SORT1,P3,path_1,42,49,65,5.75,4.15,0
SORT1__P3__path_1,SORT1,P3,path_1,43,49,64,5.65,4.15,0
SORT1__P3__path_1,SORT1,P3,path_1,44,49,63,5.55,4.15,0
SORT1__P3__path_1,SORT1,P3,path_1,45,49,62,5.45,4.15,0
SORT1__P3__path_1,SORT1,P3,path_1,46,49,61,5.35,4.15,0
SORT1__P3__path_1,SORT1,P3,path_1,47,49,60,5.25,4.15,0
SORT1__P3__path_1,SORT1,P3,path_1,48,49,59,5.15,4.15,0
SORT1__P3__path_1,SORT1,P3,path_1,49,49,58,5.05,4.15,0
SORT1__P3__path_1,SORT1,P3,path_1,50,49,57,4.95,4.15,0
SORT1__P3__path_1,SORT1,P3,path_1,51,49,56,4.85,4.15,0
SORT1__P3__path_1,SORT1,P3,path_1,52,49,55,4.75,4.15,0
SORT1__P3__path_1,SORT1,P3,path_1,53,49,54,4.65,4.15,0
SORT1__P3__path_1,SORT1,P3,path_1,54,49,53,4.55,4.15,0
SORT1__P3__path_1,SORT1,P3,path_1,55,49,52,4.45,4.15,0
SORT1__P3__path_1,SORT1,P3,path_1,56,49,51,4.35,4.15,0
SORT1__P3__path_1,SORT1,P3,path_1,57,49,50,4.25,4.15,0
SORT1__P3__path_1,SORT1,P3,path_1,58,49,49,4.15,4.15,0
SORT1__P3__path_1,SORT1,P3,path_1,59,49,48,4.05,4.15,0
SORT1__P3__path_1,SORT1,P3,path_1,60,49,47,3.95,4.15,0
SORT1__P3__path_1,SORT1,P3,path_1,61,49,46,3.85,4.15,0
SORT1__P3__path_1,SORT1,P3,path_1,62,49,45,3.75,4.15,0
SORT1__P3__path_1,SORT1,P3,path_1,63,49,44,3.65,4.15,0
SORT1__P3__path_1,SORT1,P3,path_1,64,49,43,3.55,4.15,0
SORT1__P3__path_1,SORT1,P3,path_1,65,50,43,3.55,4.25,0
SORT1__P3__path_1,SORT1,P3,path_1,66,51,43,3.55,4.35,0
SORT1__P3__path_1,SORT1,P3,path_1,67,52,43,3.55,4.45,0
SORT1__P3__path_1,SORT1,P3,path_1,68,53,43,3.55,4.55,0
SORT1__P3__path_1,SORT1,P3,path_1,69,54,43,3.55,4.65,0
SORT1__P3__path_1,SORT1,P3,path_1,70,55,43,3.55,4.75,0
SORT1__P3__path_1,SORT1,P3,path_1,71,56,43,3.55,4.85,0
SORT1__P3__path_1,SORT1,P3,path_1,72,57,43,3.55,4.95,0
SORT1__P3__path_1,SORT1,P3,path_1,73,58,43,3.55,5.05,0
SORT1__P3__path_1,SORT1,P3,path_1,74,59,43,3.55,5.15,0
SORT1__P3__path_1,SORT1,P3,path_1,75,60,43,3.55,5.25,0
SORT1__P4__path_1,SORT1,P4,path_1,0,29,105,9.75,2.15,0
SORT1__P4__path_1,SORT1,P4,path_1,1,28,104,9.65,2.05,0
SORT1__P4__path_1,SORT1,P4,path_1,2,27,103,9.55,1.95,0
SORT1__P4__path_1,SORT1,P4,path_1,3,26,102,9.45,1.85,0
SORT1__P4__path_1,SORT1,P4,path_1,4,25,102,9.45,1.75,0
SORT1__P4__path_1,SORT1,P4,path_1,5,24,102,9.45,1.65,0
SORT1__P4__path_1,SORT1,P4,path_1,6,23,102,9.45,1.55,0
SORT1__P4__path_1,SORT1,P4,path_1,7,22,102,9.45,1.45,0
SORT1__P4__path_1,SORT1,P4,path_1,8,21,102,9.45,1.35,0
SORT1__P4__path_1,SORT1,P4,path_1,9,20,102,9.45,1.25,0
SORT1__P4__path_1,SORT1,P4,path_1,10,19,101,9.35,1.15,0
SORT1__P4__path_1,SORT1,P4,path_1,11,18,100,9.25,1.05,0
SORT1__P4__path_1,SORT1,P4,path_1,12,17,99,9.15,0.95,0
SORT1__P4__path_1,SORT1,P4,path_1,13,16,98,9.05,0.85,0
SORT1__P4__path_1,SORT1,P4,path_1,14,15,97,8.95,0.75,0
SORT1__P4__path_1,SORT1,P4,path_1,15,14,96,8.85,0.65,0
SORT1__P4__path_1,SORT1,P4,path_1,16,13,96,8.85,0.55,0
SORT1__P4__path_1,SORT1,P4,path_1,17,12,96,8.85,0.45,0
SORT1__P4__path_1,SORT1,P4,path_1,18,12,95,8.75,0.45,0
SORT1__P4__path_1,SORT1,P4,path_1,19,12,94,8.65,0.45,0
SORT1__P4__path_1,SORT1,P4,path_1,20,12,93,8.55,0.45,0
SORT1__P4__path_1,SORT1,P4,path_1,21,12,92,8.45,0.45,0
SORT1__P4__path_1,SORT1,P4,path_1,22,12,91,8.35,0.45,0
SORT1__P4__path_1,SORT1,P4,path_1,23,12,90,8.25,0.45,0
SORT1__P4__path_1,SORT1,P4,path_1,24,12,89,8.15,0.45,0
SORT1__P4__path_1,SORT1,P4,path_1,25,12,88,8.05,0.45,0
SORT1__P4__path_1,SORT1,P4,path_1,26,12,87,7.95,0.45,0
SORT1__P4__path_1,SORT1,P4,path_1,27,12,86,7.85,0.45,0
SORT1__P4__path_1,SORT1,P4,path_1,28,12,85,7.75,0.45,0
SORT1__P4__path_1,SORT1,P4,path_1,29,12,84,7.65,0.45,0
SORT1__P4__path_1,SORT1,P4,path_1,30,12,83,7.55,0.45,0
SORT1__P4__path_1,SORT1,P4,path_1,31,12,82,7.45,0.45,0
SORT1__P4__path_1,SORT1,P4,path_1,32,12,81,7.35,0.45,0
SORT1__P4__path_1,SORT1,P4,path_1,33,12,80,7.25,0.45,0
SORT1__P4__path_1,SORT1,P4,path_1,34,12,79,7.15,0.45,0
SORT1__P4__path_1,SORT1,P4,path_1,35,12,78,7.05,0.45,0
SORT1__P4__path_1,SORT1,P4,path_1,36,12,77,6.95,0.45,0
SORT1__P4__path_1,SORT1,P4,path_1,37,12,76,6.85,0.45,0
SORT1__P4__path_1,SORT1,P4,path_1,38,11,75,6.75,0.35,0
SORT1__P4__path_1,SORT1,P4,path_1,39,11,74,6.65,0.35,0
SORT1__P4__path_1,SORT1,P4,path_1,40,11,73,6.55,0.35,0
SORT1__P4__path_1,SORT1,P4,path_1,41,11,72,6.45,0.35,0
SORT1__P4__path_1,SORT1,P4,path_1,42,11,71,6.35,0.35,0
SORT1__P4__path_1,SORT1,P4,path_1,43,11,70,6.25,0.35,0
SORT1__P4__path_1,SORT1,P4,path_1,44,11,69,6.15,0.35,0
SORT1__P4__path_1,SORT1,P4,path_1,45,11,68,6.05,0.35,0
SORT1__P4__path_1,SORT1,P4,path_1,46,11,67,5.95,0.35,0
SORT1__P4__path_1,SORT1,P4,path_1,47,11,66,5.85,0.35,0
SORT1__P4__path_1,SORT1,P4,path_1,48,11,65,5.75,0.35,0
SORT1__P4__path_1,SORT1,P4,path_1,49,11,64,5.65,0.35,0
SORT1__P4__path_1,SORT1,P4,path_1,50,11,63,5.55,0.35,0
SORT1__P4__path_1,SORT1,P4,path_1,51,11,62,5.45,0.35,0
SORT1__P4__path_1,SORT1,P4,path_1,52,11,61,5.35,0.35,0
SORT1__P4__path_1,SORT1,P4,path_1,53,11,60,5.25,0.35,0
SORT1__P4__path_1,SORT1,P4,path_1,54,11,59,5.15,0.35,0
SORT1__P4__path_1,SORT1,P4,path_1,55,11,58,5.05,0.35,0
SORT1__P4__path_1,SORT1,P4,path_1,56,11,57,4.95,0.35,0
SORT1__P4__path_1,SORT1,P4,path_1,57,12,57,4.95,0.45,0
SORT1__P4__path_1,SORT1,P4,path_1,58,13,57,4.95,0.55,0
SORT1__P4__path_1,SORT1,P4,path_1,59,14,57,4.95,0.65,0
SORT1__P4__path_1,SORT1,P4,path_1,60,15,57,4.95,0.75,0
SORT1__P4__path_1,SORT1,P4,path_1,61,16,57,4.95,0.85,0
SORT1__P4__path_1,SORT1,P4,path_1,62,17,57,4.95,0.95,0
SORT1__P4__path_1,SORT1,P4,path_1,63,18,57,4.95,1.05,0
SORT1__P4__path_1,SORT1,P4,path_1,64,19,57,4.95,1.15,0
SORT1__P4__path_1,SORT1,P4,path_1,65,20,57,4.95,1.25,0
SORT1__P4__path_1,SORT1,P4,path_1,66,21,57,4.95,1.35,0
SORT1__P5__path_1,SORT1,P5,path_1,0,29,105,9.75,2.15,0
SORT1__P5__path_1,SORT1,P5,path_1,1,30,104,9.65,2.25,0
SORT1__P5__path_1,SORT1,P5,path_1,2,31,103,9.55,2.35,0
SORT1__P5__path_1,SORT1,P5,path_1,3,32,102,9.45,2.45,0
SORT1__P5__path_1,SORT1,P5,path_1,4,33,101,9.35,2.55,0
SORT1__P5__path_1,SORT1,P5,path_1,5,34,100,9.25,2.65,0
SORT1__P5__path_1,SORT1,P5,path_1,6,35,100,9.25,2.75,0
SORT1__P5__path_1,SORT1,P5,path_1,7,36,100,9.25,2.85,0
SORT1__P5__path_1,SORT1,P5,path_1,8,37,99,9.15,2.95,0
SORT1__P5__path_1,SORT1,P5,path_1,9,38,98,9.05,3.05,0
SORT1__P5__path_1,SORT1,P5,path_1,10,39,97,8.95,3.15,0
SORT1__P5__path_1,SORT1,P5,path_1,11,40,96,8.85,3.25,0
SORT1__P5__path_1,SORT1,P5,path_1,12,40,95,8.75,3.25,0
SORT1__P5__path_1,SORT1,P5,path_1,13,41,94,8.65,3.35,0
SORT1__P5__path_1,SORT1,P5,path_1,14,42,93,8.55,3.45,0
SORT1__P5__path_1,SORT1,P5,path_1,15,43,92,8.45,3.55,0
SORT1__P5__path_1,SORT1,P5,path_1,16,43,91,8.35,3.55,0
SORT1__P5__path_1,SORT1,P5,path_1,17,43,90,8.25,3.55,0
SORT1__P5__path_1,SORT1,P5,path_1,18,43,89,8.15,3.55,0
SORT1__P5__path_1,SORT1,P5,path_1,19,43,88,8.05,3.55,0
SORT1__P5__path_1,SORT1,P5,path_1,20,43,87,7.95,3.55,0
SORT1__P5__path_1,SORT1,P5,path_1,21,43,86,7.85,3.55,0
SORT1__P5__path_1,SORT1,P5,path_1,22,43,85,7.75,3.55,0
SORT1__P5__path_1,SORT1,P5,path_1,23,43,84,7.65,3.55,0
SORT1__P5__path_1,SORT1,P5,path_1,24,43,83,7.55,3.55,0
SORT1__P5__path_1,SORT1,P5,path_1,25,43,82,7.45,3.55,0
SORT1__P5__path_1,SORT1,P5,path_1,26,43,81,7.35,3.55,0
SORT1__P5__path_1,SORT1,P5,path_1,27,43,80,7.25,3.55,0
SORT1__P5__path_1,SORT1,P5,path_1,28,43,79,7.15,3.55,0
SORT1__P5__path_1,SORT1,P5,path_1,29,44,78,7.05,3.65,0
SORT1__P5__path_1,SORT1,P5,path_1,30,45,77,6.95,3.75,0
SORT1__P5__path_1,SORT1,P5,path_1,31,46,76,6.85,3.85,0
SORT1__P5__path_1,SORT1,P5,path_1,32,47,75,6.75,3.95,0
SORT1__P5__path_1,SORT1,P5,path_1,33,48,74,6.65,4.05,0
SORT1__P5__path_1,SORT1,P5,path_1,34,48,73,6.55,4.05,0
SORT1__P5__path_1,SORT1,P5,path_1,35,48,72,6.45,4.05,0
SORT1__P5__path_1,SORT1,P5,path_1,36,48,71,6.35,4.05,0
SORT1__P5__path_1,SORT1,P5,path_1,37,48,70,6.25,4.05,0
SORT1__P5__path_1,SORT1,P5,path_1,38,48,69,6.15,4.05,0
SORT1__P5__path_1,SORT1,P5,path_1,39,48,68,6.05,4.05,0
SORT1__P5__path_1,SORT1,P5,path_1,40,48,67,5.95,4.05,0
SORT1__P5__path_1,SORT1,P5,path_1,41,48,66,5.85,4.05,0
SORT1__P5__path_1,SORT1,P5,path_1,42,48,65,5.75,4.05,0
SORT1__P5__path_1,SORT1,P5,path_1,43,48,64,5.65,4.05,0
SORT1__P6__path_1,SORT1,P6,path_1,0,29,105,9.75,2.15,0
SORT1__P6__path_1,SORT1,P6,path_1,1,30,104,9.65,2.25,0
SORT1__P6__path_1,SORT1,P6,path_1,2,31,103,9.55,2.35,0
SORT1__P6__path_1,SORT1,P6,path_1,3,32,102,9.45,2.45,0
SORT1__P6__path_1,SORT1,P6,path_1,4,33,102,9.45,2.55,0
SORT1__P6__path_1,SORT1,P6,path_1,5,34,102,9.45,2.65,0
SORT1__P6__path_1,SORT1,P6,path_1,6,35,102,9.45,2.75,0
SORT1__P6__path_1,SORT1,P6,path_1,7,36,102,9.45,2.85,0
SORT1__P6__path_1,SORT1,P6,path_1,8,37,102,9.45,2.95,0
SORT1__P6__path_1,SORT1,P6,path_1,9,38,102,9.45,3.05,0
SORT1__P6__path_1,SORT1,P6,path_1,10,39,101,9.35,3.15,0
SORT1__P6__path_1,SORT1,P6,path_1,11,40,100,9.25,3.25,0
SORT1__P6__path_1,SORT1,P6,path_1,12,41,99,9.15,3.35,0
SORT1__P6__path_1,SORT1,P6,path_1,13,42,98,9.05,3.45,0
SORT1__P6__path_1,SORT1,P6,path_1,14,43,97,8.95,3.55,0
SORT1__P6__path_1,SORT1,P6,path_1,15,44,97,8.95,3.65,0
SORT1__P6__path_1,SORT1,P6,path_1,16,45,96,8.85,3.75,0
SORT1__P6__path_1,SORT1,P6,path_1,17,46,96,8.85,3.85,0
SORT1__P6__path_1,SORT1,P6,path_1,18,47,95,8.75,3.95,0
SORT1__P6__path_1,SORT1,P6,path_1,19,48,95,8.75,4.05,0
SORT1__P6__path_1,SORT1,P6,path_1,20,49,94,8.65,4.15,0
SORT1__P6__path_1,SORT1,P6,path_1,21,50,94,8.65,4.25,0
SORT1__P6__path_1,SORT1,P6,path_1,22,51,93,8.55,4.35,0
SORT1__P6__path_1,SORT1,P6,path_1,23,52,93,8.55,4.45,0
SORT1__P6__path_1,SORT1,P6,path_1,24,53,92,8.45,4.55,0
SORT1__P6__path_1,SORT1,P6,path_1,25,54,92,8.45,4.65,0
SORT1__P6__path_1,SORT1,P6,path_1,26,55,92,8.45,4.75,0
SORT1__P6__path_1,SORT1,P6,path_1,27,56,91,8.35,4.85,0
SORT1__P6__path_1,SORT1,P6,path_1,28,57,91,8.35,4.95,0
SORT1__P6__path_1,SORT1,P6,path_1,29,58,90,8.25,5.05,0
SORT1__P6__path_1,SORT1,P6,path_1,30,59,90,8.25,5.15,0
SORT1__P6__path_1,SORT1,P6,path_1,31,60,90,8.25,5.25,0
SORT1__P6__path_1,SORT1,P6,path_1,32,61,90,8.25,5.35,0
SORT1__P6__path_1,SORT1,P6,path_1,33,62,90,8.25,5.45,0
SORT1__P6__path_1,SORT1,P6,path_1,34,63,90,8.25,5.55,0
SORT1__P6__path_1,SORT1,P6,path_1,35,64,90,8.25,5.65,0
SORT1__P6__path_1,SORT1,P6,path_1,36,65,90,8.25,5.75,0
SORT1__P6__path_1,SORT1,P6,path_1,37,65,89,8.15,5.75,0
SORT1__P6__path_1,SORT1,P6,path_1,38,65,88,8.05,5.75,0
SORT1__P6__path_1,SORT1,P6,path_1,39,65,87,7.95,5.75,0
SORT1__P7__path_1,SORT1,P7,path_1,0,29,105,9.75,2.15,0
SORT1__P7__path_1,SORT1,P7,path_1,1,28,104,9.65,2.05,0
SORT1__P7__path_1,SORT1,P7,path_1,2,27,103,9.55,1.95,0
SORT1__P7__path_1,SORT1,P7,path_1,3,26,102,9.45,1.85,0
SORT1__P7__path_1,SORT1,P7,path_1,4,25,102,9.45,1.75,0
SORT1__P7__path_1,SORT1,P7,path_1,5,24,102,9.45,1.65,0
SORT1__P7__path_1,SORT1,P7,path_1,6,23,102,9.45,1.55,0
SORT1__P7__path_1,SORT1,P7,path_1,7,22,102,9.45,1.45,0
SORT1__P7__path_1,SORT1,P7,path_1,8,21,102,9.45,1.35,0
SORT1__P7__path_1,SORT1,P7,path_1,9,20,102,9.45,1.25,0
SORT1__P7__path_1,SORT1,P7,path_1,10,19,101,9.35,1.15,0
SORT1__P7__path_1,SORT1,P7,path_1,11,18,100,9.25,1.05,0
SORT1__P7__path_1,SORT1,P7,path_1,12,17,99,9.15,0.95,0
SORT1__P7__path_1,SORT1,P7,path_1,13,16,98,9.05,0.85,0
SORT1__P7__path_1,SORT1,P7,path_1,14,15,97,8.95,0.75,0
SORT1__P7__path_1,SORT1,P7,path_1,15,14,96,8.85,0.65,0
SORT1__P7__path_1,SORT1,P7,path_1,16,13,96,8.85,0.55,0
SORT1__P7__path_1,SORT1,P7,path_1,17,12,96,8.85,0.45,0
SORT1__P7__path_1,SORT1,P7,path_1,18,12,95,8.75,0.45,0
SORT1__P7__path_1,SORT1,P7,path_1,19,12,94,8.65,0.45,0
SORT1__P7__path_1,SORT1,P7,path_1,20,12,93,8.55,0.45,0
SORT1__P7__path_1,SORT1,P7,path_1,21,12,92,8.45,0.45,0
SORT1__P7__path_1,SORT1,P7,path_1,22,12,91,8.35,0.45,0
SORT1__P7__path_1,SORT1,P7,path_1,23,12,90,8.25,0.45,0
SORT1__P7__path_1,SORT1,P7,path_1,24,12,89,8.15,0.45,0
SORT1__P7__path_1,SORT1,P7,path_1,25,12,88,8.05,0.45,0
SORT1__P7__path_1,SORT1,P7,path_1,26,12,87,7.95,0.45,0
SORT1__P7__path_1,SORT1,P7,path_1,27,12,86,7.85,0.45,0
SORT1__P7__path_1,SORT1,P7,path_1,28,12,85,7.75,0.45,0
SORT1__P7__path_1,SORT1,P7,path_1,29,12,84,7.65,0.45,0
SORT1__P7__path_1,SORT1,P7,path_1,30,12,83,7.55,0.45,0
SORT1__P7__path_1,SORT1,P7,path_1,31,12,82,7.45,0.45,0
SORT1__P7__path_1,SORT1,P7,path_1,32,12,81,7.35,0.45,0
SORT1__P7__path_1,SORT1,P7,path_1,33,12,80,7.25,0.45,0
SORT1__P7__path_1,SORT1,P7,path_1,34,13,80,7.25,0.55,0
SORT1__P7__path_1,SORT1,P7,path_1,35,14,80,7.25,0.65,0
SORT1__P7__path_1,SORT1,P7,path_1,36,15,80,7.25,0.75,0
SORT1__P7__path_1,SORT1,P7,path_1,37,16,80,7.25,0.85,0
SORT1__P7__path_1,SORT1,P7,path_1,38,17,80,7.25,0.95,0
SORT1__P7__path_1,SORT1,P7,path_1,39,18,80,7.25,1.05,0
SORT1__P8__path_1,SORT1,P8,path_1,0,29,105,9.75,2.15,0
SORT1__P8__path_1,SORT1,P8,path_1,1,29,104,9.65,2.15,0
SORT1__P8__path_1,SORT1,P8,path_1,2,29,103,9.55,2.15,0
SORT1__P8__path_1,SORT1,P8,path_1,3,30,102,9.45,2.25,0
SORT1__P8__path_1,SORT1,P8,path_1,4,30,101,9.35,2.25,0
SORT1__P8__path_1,SORT1,P8,path_1,5,30,100,9.25,2.25,0
SORT1__P8__path_1,SORT1,P8,path_1,6,30,99,9.15,2.25,0
SORT1__P8__path_1,SORT1,P8,path_1,7,30,98,9.05,2.25,0
SORT1__P8__path_1,SORT1,P8,path_1,8,30,97,8.95,2.25,0
SORT1__P8__path_1,SORT1,P8,path_1,9,31,96,8.85,2.35,0
SORT1__P9__path_1,SORT1,P9,path_1,0,29,105,9.75,2.15,0
SORT1__P9__path_1,SORT1,P9,path_1,1,30,104,9.65,2.25,0
SORT1__P9__path_1,SORT1,P9,path_1,2,31,103,9.55,2.35,0
SORT1__P9__path_1,SORT1,P9,path_1,3,32,102,9.45,2.45,0
SORT1__P9__path_1,SORT1,P9,path_1,4,33,101,9.35,2.55,0
SORT1__P9__path_1,SORT1,P9,path_1,5,34,100,9.25,2.65,0
SORT1__P9__path_1,SORT1,P9,path_1,6,35,100,9.25,2.75,0
SORT1__P9__path_1,SORT1,P9,path_1,7,36,100,9.25,2.85,0
SORT1__P9__path_1,SORT1,P9,path_1,8,37,99,9.15,2.95,0
SORT1__P9__path_1,SORT1,P9,path_1,9,38,98,9.05,3.05,0
SORT1__P9__path_1,SORT1,P9,path_1,10,39,97,8.95,3.15,0
SORT1__P9__path_1,SORT1,P9,path_1,11,40,96,8.85,3.25,0
SORT1__P9__path_1,SORT1,P9,path_1,12,41,95,8.75,3.35,0
SORT1__P9__path_1,SORT1,P9,path_1,13,42,94,8.65,3.45,0
SORT1__P9__path_1,SORT1,P9,path_1,14,43,93,8.55,3.55,0
SORT1__P9__path_1,SORT1,P9,path_1,15,44,92,8.45,3.65,0
SORT1__P9__path_1,SORT1,P9,path_1,16,45,91,8.35,3.75,0
SORT1__P9__path_1,SORT1,P9,path_1,17,46,90,8.25,3.85,0
SORT1__P9__path_1,SORT1,P9,path_1,18,47,89,8.15,3.95,0
SORT1__P9__path_1,SORT1,P9,path_1,19,48,88,8.05,4.05,0
SORT1__P9__path_1,SORT1,P9,path_1,20,48,87,7.95,4.05,0
SORT1__P9__path_1,SORT1,P9,path_1,21,48,86,7.85,4.05,0
SORT1__P9__path_1,SORT1,P9,path_1,22,48,85,7.75,4.05,0
SORT1__P9__path_1,SORT1,P9,path_1,23,48,84,7.65,4.05,0
SORT1__P9__path_1,SORT1,P9,path_1,24,48,83,7.55,4.05,0
SORT1__P9__path_1,SORT1,P9,path_1,25,48,82,7.45,4.05,0
SORT1__P9__path_1,SORT1,P9,path_1,26,48,81,7.35,4.05,0
SORT1__P9__path_1,SORT1,P9,path_1,27,48,80,7.25,4.05,0
SORT1__P9__path_1,SORT1,P9,path_1,28,48,79,7.15,4.05,0
SORT1__P9__path_1,SORT1,P9,path_1,29,48,78,7.05,4.05,0
SORT1__P9__path_1,SORT1,P9,path_1,30,48,77,6.95,4.05,0
SORT1__P9__path_1,SORT1,P9,path_1,31,48,76,6.85,4.05,0
SORT1__P9__path_1,SORT1,P9,path_1,32,48,75,6.75,4.05,0
SORT1__P9__path_1,SORT1,P9,path_1,33,48,74,6.65,4.05,0
SORT1__P9__path_1,SORT1,P9,path_1,34,48,73,6.55,4.05,0
SORT1__P9__path_1,SORT1,P9,path_1,35,48,72,6.45,4.05,0
SORT1__P9__path_1,SORT1,P9,path_1,36,48,71,6.35,4.05,0
SORT1__P9__path_1,SORT1,P9,path_1,37,48,70,6.25,4.05,0
SORT1__P9__path_1,SORT1,P9,path_1,38,48,69,6.15,4.05,0
SORT1__P9__path_1,SORT1,P9,path_1,39,48,68,6.05,4.05,0
SORT1__P9__path_1,SORT1,P9,path_1,40,49,68,6.05,4.15,0
SORT1__P9__path_1,SORT1,P9,path_1,41,50,68,6.05,4.25,0
SORT1__P9__path_1,SORT1,P9,path_1,42,51,68,6.05,4.35,0
SORT1__P9__path_1,SORT1,P9,path_1,43,52,68,6.05,4.45,0
SORT1__P9__path_1,SORT1,P9,path_1,44,53,68,6.05,4.55,0
SORT1__P9__path_1,SORT1,P9,path_1,45,54,68,6.05,4.65,0
SORT1__P9__path_1,SORT1,P9,path_1,46,55,68,6.05,4.75,0
SORT1__P9__path_1,SORT1,P9,path_1,47,56,68,6.05,4.85,0
SORT1__P9__path_1,SORT1,P9,path_1,48,57,68,6.05,4.95,0
SORT1__P9__path_1,SORT1,P9,path_1,49,58,68,6.05,5.05,0
SORT1__SORT2__path_1,SORT1,SORT2,path_1,0,29,105,9.75,2.15,0
SORT1__SORT2__path_1,SORT1,SORT2,path_1,1,30,105,9.75,2.25,0
SORT1__SORT2__path_1,SORT1,SORT2,path_1,2,31,105,9.75,2.35,0
SORT1__SORT2__path_1,SORT1,SORT2,path_1,3,32,105,9.75,2.45,0
SORT1__SORT2__path_1,SORT1,SORT2,path_1,4,33,105,9.75,2.55,0
SORT1__SORT2__path_1,SORT1,SORT2,path_1,5,34,105,9.75,2.65,0
SORT1__SORT2__path_1,SORT1,SORT2,path_1,6,35,105,9.75,2.75,0
SORT1__SORT2__path_1,SORT1,SORT2,path_1,7,36,105,9.75,2.85,0
SORT1__SORT2__path_1,SORT1,SORT2,path_1,8,37,105,9.75,2.95,0
SORT1__SORT2__path_1,SORT1,SORT2,path_1,9,38,105,9.75,3.05,0
SORT1__SORT2__path_1,SORT1,SORT2,path_1,10,39,105,9.75,3.15,0
SORT1__SORT2__path_1,SORT1,SORT2,path_1,11,40,105,9.75,3.25,0
SORT1__SORT2__path_1,SORT1,SORT2,path_1,12,41,106,9.85,3.35,0
SORT1__SORT2__path_1,SORT1,SORT2,path_1,13,42,107,9.95,3.45,0
SORT1__SORT2__path_1,SORT1,SORT2,path_1,14,43,108,10.05,3.55,0
SORT1__SORT2__path_1,SORT1,SORT2,path_1,15,44,109,10.15,3.65,0
SORT1__SORT2__path_1,SORT1,SORT2,path_1,16,45,110,10.25,3.75,0
SORT1__SORT2__path_1,SORT1,SORT2,path_1,17,46,111,10.35,3.85,0
SORT1__SORT2__path_1,SORT1,SORT2,path_1,18,47,111,10.35,3.95,0
SORT1__SORT2__path_1,SORT1,SORT2,path_1,19,48,111,10.35,4.05,0
SORT1__OUT1__path_1,SORT1,OUT1,path_1,0,29,105,9.75,2.15,0
SORT1__OUT1__path_1,SORT1,OUT1,path_1,1,29,106,9.85,2.15,0
SORT1__OUT1__path_1,SORT1,OUT1,path_1,2,29,107,9.95,2.15,0
SORT1__OUT1__path_1,SORT1,OUT1,path_1,3,29,108,10.05,2.15,0
SORT1__OUT1__path_1,SORT1,OUT1,path_1,4,29,109,10.15,2.15,0
SORT1__OUT1__path_1,SORT1,OUT1,path_1,5,29,110,10.25,2.15,0
SORT1__OUT1__path_1,SORT1,OUT1,path_1,6,29,111,10.35,2.15,0
SORT1__OUT1__path_1,SORT1,OUT1,path_1,7,29,112,10.45,2.15,0
SORT1__OUT1__path_1,SORT1,OUT1,path_1,8,29,113,10.55,2.15,0
SORT1__OUT1__path_1,SORT1,OUT1,path_1,9,29,114,10.65,2.15,0
SORT1__OUT1__path_1,SORT1,OUT1,path_1,10,29,115,10.75,2.15,0
SORT1__OUT1__path_1,SORT1,OUT1,path_1,11,29,116,10.85,2.15,0
SORT1__OUT1__path_1,SORT1,OUT1,path_1,12,29,117,10.95,2.15,0
SORT1__OUT1__path_1,SORT1,OUT1,path_1,13,29,118,11.05,2.15,0
SORT1__OUT1__path_1,SORT1,OUT1,path_1,14,29,119,11.15,2.15,0
SORT1__OUT1__path_1,SORT1,OUT1,path_1,15,29,120,11.25,2.15,0
SORT1__OUT1__path_1,SORT1,OUT1,path_1,16,29,121,11.35,2.15,0
SORT1__OUT1__path_1,SORT1,OUT1,path_1,17,29,122,11.45,2.15,0
SORT1__OUT1__path_1,SORT1,OUT1,path_1,18,28,123,11.55,2.05,0
SORT1__OUT1__path_1,SORT1,OUT1,path_1,19,27,124,11.65,1.95,0
SORT1__OUT1__path_1,SORT1,OUT1,path_1,20,27,125,11.75,1.95,0
SORT1__OUT1__path_1,SORT1,OUT1,path_1,21,27,126,11.85,1.95,0
SORT1__OUT1__path_1,SORT1,OUT1,path_1,22,27,127,11.95,1.95,0
SORT1__OUT1__path_1,SORT1,OUT1,path_1,23,27,128,12.05,1.95,0
SORT1__OUT2__path_1,SORT1,OUT2,path_1,0,29,105,9.75,2.15,0
SORT1__OUT2__path_1,SORT1,OUT2,path_1,1,30,106,9.85,2.25,0
SORT1__OUT2__path_1,SORT1,OUT2,path_1,2,31,107,9.95,2.35,0
SORT1__OUT2__path_1,SORT1,OUT2,path_1,3,32,108,10.05,2.45,0
SORT1__OUT2__path_1,SORT1,OUT2,path_1,4,33,109,10.15,2.55,0
SORT1__OUT2__path_1,SORT1,OUT2,path_1,5,34,110,10.25,2.65,0
SORT1__OUT2__path_1,SORT1,OUT2,path_1,6,35,111,10.35,2.75,0
SORT1__OUT2__path_1,SORT1,OUT2,path_1,7,36,112,10.45,2.85,0
SORT1__OUT2__path_1,SORT1,OUT2,path_1,8,37,113,10.55,2.95,0
SORT1__OUT2__path_1,SORT1,OUT2,path_1,9,38,114,10.65,3.05,0
SORT1__OUT2__path_1,SORT1,OUT2,path_1,10,39,115,10.75,3.15,0
SORT1__OUT2__path_1,SORT1,OUT2,path_1,11,40,116,10.85,3.25,0
SORT1__OUT2__path_1,SORT1,OUT2,path_1,12,41,117,10.95,3.35,0
SORT1__OUT2__path_1,SORT1,OUT2,path_1,13,42,118,11.05,3.45,0
SORT1__OUT2__path_1,SORT1,OUT2,path_1,14,43,119,11.15,3.55,0
SORT1__OUT2__path_1,SORT1,OUT2,path_1,15,43,120,11.25,3.55,0
SORT1__OUT2__path_1,SORT1,OUT2,path_1,16,44,121,11.35,3.65,0
SORT1__OUT2__path_1,SORT1,OUT2,path_1,17,44,122,11.45,3.65,0
SORT1__OUT2__path_1,SORT1,OUT2,path_1,18,45,123,11.55,3.75,0
SORT1__OUT2__path_1,SORT1,OUT2,path_1,19,45,124,11.65,3.75,0
SORT1__OUT2__path_1,SORT1,OUT2,path_1,20,46,125,11.75,3.85,0
SORT1__OUT2__path_1,SORT1,OUT2,path_1,21,46,126,11.85,3.85,0
SORT1__OUT2__path_1,SORT1,OUT2,path_1,22,46,127,11.95,3.85,0
SORT1__OUT2__path_1,SORT1,OUT2,path_1,23,47,128,12.05,3.95,0
SORT1__CHG1__path_1,SORT1,CHG1,path_1,0,29,105,9.75,2.15,0
SORT1__CHG1__path_1,SORT1,CHG1,path_1,1,28,104,9.65,2.05,0
SORT1__CHG1__path_1,SORT1,CHG1,path_1,2,27,103,9.55,1.95,0
SORT1__CHG1__path_1,SORT1,CHG1,path_1,3,26,102,9.45,1.85,0
SORT1__CHG1__path_1,SORT1,CHG1,path_1,4,25,102,9.45,1.75,0
SORT1__CHG1__path_1,SORT1,CHG1,path_1,5,24,102,9.45,1.65,0
SORT1__CHG1__path_1,SORT1,CHG1,path_1,6,23,102,9.45,1.55,0
SORT1__CHG1__path_1,SORT1,CHG1,path_1,7,22,102,9.45,1.45,0
SORT1__CHG1__path_1,SORT1,CHG1,path_1,8,21,102,9.45,1.35,0
SORT1__CHG1__path_1,SORT1,CHG1,path_1,9,20,102,9.45,1.25,0
SORT1__CHG1__path_1,SORT1,CHG1,path_1,10,19,101,9.35,1.15,0
SORT1__CHG1__path_1,SORT1,CHG1,path_1,11,18,100,9.25,1.05,0
SORT1__CHG1__path_1,SORT1,CHG1,path_1,12,17,99,9.15,0.95,0
SORT1__CHG1__path_1,SORT1,CHG1,path_1,13,16,98,9.05,0.85,0
SORT1__CHG1__path_1,SORT1,CHG1,path_1,14,15,97,8.95,0.75,0
SORT1__CHG1__path_1,SORT1,CHG1,path_1,15,14,96,8.85,0.65,0
SORT1__CHG1__path_1,SORT1,CHG1,path_1,16,13,96,8.85,0.55,0
SORT1__CHG1__path_1,SORT1,CHG1,path_1,17,12,96,8.85,0.45,0
SORT1__CHG1__path_1,SORT1,CHG1,path_1,18,12,95,8.75,0.45,0
SORT1__CHG1__path_1,SORT1,CHG1,path_1,19,12,94,8.65,0.45,0
SORT1__CHG1__path_1,SORT1,CHG1,path_1,20,12,93,8.55,0.45,0
SORT1__CHG1__path_1,SORT1,CHG1,path_1,21,12,92,8.45,0.45,0
SORT1__CHG1__path_1,SORT1,CHG1,path_1,22,12,91,8.35,0.45,0
SORT1__CHG1__path_1,SORT1,CHG1,path_1,23,12,90,8.25,0.45,0
SORT1__CHG1__path_1,SORT1,CHG1,path_1,24,12,89,8.15,0.45,0
SORT1__CHG1__path_1,SORT1,CHG1,path_1,25,12,88,8.05,0.45,0
SORT1__CHG1__path_1,SORT1,CHG1,path_1,26,12,87,7.95,0.45,0
SORT1__CHG1__path_1,SORT1,CHG1,path_1,27,12,86,7.85,0.45,0
SORT1__CHG1__path_1,SORT1,CHG1,path_1,28,12,85,7.75,0.45,0
SORT1__CHG1__path_1,SORT1,CHG1,path_1,29,12,84,7.65,0.45,0
SORT1__CHG1__path_1,SORT1,CHG1,path_1,30,12,83,7.55,0.45,0
SORT1__CHG1__path_1,SORT1,CHG1,path_1,31,12,82,7.45,0.45,0
SORT1__CHG1__path_1,SORT1,CHG1,path_1,32,12,81,7.35,0.45,0
SORT1__CHG1__path_1,SORT1,CHG1,path_1,33,12,80,7.25,0.45,0
SORT1__CHG1__path_1,SORT1,CHG1,path_1,34,12,79,7.15,0.45,0
SORT1__CHG1__path_1,SORT1,CHG1,path_1,35,12,78,7.05,0.45,0
SORT1__CHG1__path_1,SORT1,CHG1,path_1,36,12,77,6.95,0.45,0
SORT1__CHG1__path_1,SORT1,CHG1,path_1,37,12,76,6.85,0.45,0
SORT1__CHG1__path_1,SORT1,CHG1,path_1,38,11,75,6.75,0.35,0
SORT1__CHG1__path_1,SORT1,CHG1,path_1,39,11,74,6.65,0.35,0
SORT1__CHG1__path_1,SORT1,CHG1,path_1,40,11,73,6.55,0.35,0
SORT1__CHG1__path_1,SORT1,CHG1,path_1,41,11,72,6.45,0.35,0
SORT1__CHG1__path_1,SORT1,CHG1,path_1,42,11,71,6.35,0.35,0
SORT1__CHG1__path_1,SORT1,CHG1,path_1,43,11,70,6.25,0.35,0
SORT1__CHG1__path_1,SORT1,CHG1,path_1,44,11,69,6.15,0.35,0
SORT1__CHG1__path_1,SORT1,CHG1,path_1,45,11,68,6.05,0.35,0
SORT1__CHG1__path_1,SORT1,CHG1,path_1,46,11,67,5.95,0.35,0
SORT1__CHG1__path_1,SORT1,CHG1,path_1,47,11,66,5.85,0.35,0
SORT1__CHG1__path_1,SORT1,CHG1,path_1,48,11,65,5.75,0.35,0
SORT1__CHG1__path_1,SORT1,CHG1,path_1,49,11,64,5.65,0.35,0
SORT1__CHG1__path_1,SORT1,CHG1,path_1,50,11,63,5.55,0.35,0
SORT1__CHG1__path_1,SORT1,CHG1,path_1,51,11,62,5.45,0.35,0
SORT1__CHG1__path_1,SORT1,CHG1,path_1,52,11,61,5.35,0.35,0
SORT1__CHG1__path_1,SORT1,CHG1,path_1,53,11,60,5.25,0.35,0
SORT1__CHG1__path_1,SORT1,CHG1,path_1,54,11,59,5.15,0.35,0
SORT1__CHG1__path_1,SORT1,CHG1,path_1,55,11,58,5.05,0.35,0
SORT1__CHG1__path_1,SORT1,CHG1,path_1,56,11,57,4.95,0.35,0
SORT1__CHG1__path_1,SORT1,CHG1,path_1,57,11,56,4.85,0.35,0
SORT1__CHG1__path_1,SORT1,CHG1,path_1,58,11,55,4.75,0.35,0
SORT1__CHG1__path_1,SORT1,CHG1,path_1,59,11,54,4.65,0.35,0
SORT1__CHG1__path_1,SORT1,CHG1,path_1,60,10,53,4.55,0.25,0
SORT1__CHG1__path_1,SORT1,CHG1,path_1,61,10,52,4.45,0.25,0
SORT1__CHG1__path_1,SORT1,CHG1,path_1,62,10,51,4.35,0.25,0
SORT1__CHG1__path_1,SORT1,CHG1,path_1,63,10,50,4.25,0.25,0
SORT1__CHG1__path_1,SORT1,CHG1,path_1,64,10,49,4.15,0.25,0
SORT1__CHG1__path_1,SORT1,CHG1,path_1,65,10,48,4.05,0.25,0
SORT1__CHG1__path_1,SORT1,CHG1,path_1,66,10,47,3.95,0.25,0
SORT1__CHG1__path_1,SORT1,CHG1,path_1,67,10,46,3.85,0.25,0
SORT1__CHG1__path_1,SORT1,CHG1,path_1,68,10,45,3.75,0.25,0
SORT1__CHG1__path_1,SORT1,CHG1,path_1,69,10,44,3.65,0.25,0
SORT1__CHG1__path_1,SORT1,CHG1,path_1,70,10,43,3.55,0.25,0
SORT1__CHG1__path_1,SORT1,CHG1,path_1,71,10,42,3.45,0.25,0
SORT1__CHG1__path_1,SORT1,CHG1,path_1,72,10,41,3.35,0.25,0
SORT1__CHG1__path_1,SORT1,CHG1,path_1,73,10,40,3.25,0.25,0
SORT1__CHG1__path_1,SORT1,CHG1,path_1,74,10,39,3.15,0.25,0
SORT1__CHG1__path_1,SORT1,CHG1,path_1,75,10,38,3.05,0.25,0
SORT1__CHG1__path_1,SORT1,CHG1,path_1,76,10,37,2.95,0.25,0
SORT1__CHG1__path_1,SORT1,CHG1,path_1,77,10,36,2.85,0.25,0
SORT1__CHG1__path_1,SORT1,CHG1,path_1,78,10,35,2.75,0.25,0
SORT1__CHG1__path_1,SORT1,CHG1,path_1,79,10,34,2.65,0.25,0
SORT1__CHG1__path_1,SORT1,CHG1,path_1,80,10,33,2.55,0.25,0
SORT1__CHG1__path_1,SORT1,CHG1,path_1,81,10,32,2.45,0.25,0
SORT1__CHG1__path_1,SORT1,CHG1,path_1,82,10,31,2.35,0.25,0
SORT1__CHG1__path_1,SORT1,CHG1,path_1,83,10,30,2.25,0.25,0
SORT1__CHG1__path_1,SORT1,CHG1,path_1,84,10,29,2.15,0.25,0
SORT1__CHG1__path_1,SORT1,CHG1,path_1,85,10,28,2.05,0.25,0
SORT1__CHG1__path_1,SORT1,CHG1,path_1,86,10,27,1.95,0.25,0
SORT1__CHG1__path_1,SORT1,CHG1,path_1,87,10,26,1.85,0.25,0
SORT1__CHG1__path_1,SORT1,CHG1,path_1,88,10,25,1.75,0.25,0
SORT1__CHG1__path_1,SORT1,CHG1,path_1,89,10,24,1.65,0.25,0
SORT1__CHG1__path_1,SORT1,CHG1,path_1,90,10,23,1.55,0.25,0
SORT1__CHG1__path_1,SORT1,CHG1,path_1,91,10,22,1.45,0.25,0
SORT1__CHG1__path_1,SORT1,CHG1,path_1,92,9,21,1.35,0.15,0
SORT1__CHG1__path_1,SORT1,CHG1,path_1,93,9,20,1.25,0.15,0
SORT1__CHG1__path_1,SORT1,CHG1,path_1,94,9,19,1.15,0.15,0
SORT1__CHG1__path_1,SORT1,CHG1,path_1,95,8,18,1.05,0.05,0
SORT1__CHG2__path_1,SORT1,CHG2,path_1,0,29,105,9.75,2.15,0
SORT1__CHG2__path_1,SORT1,CHG2,path_1,1,28,105,9.75,2.05,0
SORT1__CHG2__path_1,SORT1,CHG2,path_1,2,27,105,9.75,1.95,0
SORT1__CHG2__path_1,SORT1,CHG2,path_1,3,26,105,9.75,1.85,0
SORT1__CHG2__path_1,SORT1,CHG2,path_1,4,25,105,9.75,1.75,0
SORT1__CHG2__path_1,SORT1,CHG2,path_1,5,24,105,9.75,1.65,0
SORT1__CHG2__path_1,SORT1,CHG2,path_1,6,23,105,9.75,1.55,0
SORT1__CHG2__path_1,SORT1,CHG2,path_1,7,22,105,9.75,1.45,0
SORT1__CHG2__path_1,SORT1,CHG2,path_1,8,21,105,9.75,1.35,0
SORT1__CHG2__path_1,SORT1,CHG2,path_1,9,20,105,9.75,1.25,0
SORT1__CHG2__path_1,SORT1,CHG2,path_1,10,19,105,9.75,1.15,0
SORT1__CHG2__path_1,SORT1,CHG2,path_1,11,18,105,9.75,1.05,0
SORT1__CHG2__path_1,SORT1,CHG2,path_1,12,17,104,9.65,0.95,0
SORT1__CHG2__path_1,SORT1,CHG2,path_1,13,16,103,9.55,0.85,0
SORT1__CHG2__path_1,SORT1,CHG2,path_1,14,15,102,9.45,0.75,0
SORT1__CHG2__path_1,SORT1,CHG2,path_1,15,14,101,9.35,0.65,0
SORT1__CHG2__path_1,SORT1,CHG2,path_1,16,13,100,9.25,0.55,0
SORT1__CHG2__path_1,SORT1,CHG2,path_1,17,12,99,9.15,0.45,0
SORT1__CHG2__path_1,SORT1,CHG2,path_1,18,11,99,9.15,0.35,0
SORT1__CHG2__path_1,SORT1,CHG2,path_1,19,10,99,9.15,0.25,0
SORT1__CHG2__path_1,SORT1,CHG2,path_1,20,9,99,9.15,0.15,0
SORT1__CHG2__path_1,SORT1,CHG2,path_1,21,8,98,9.05,0.05,0
SORT2__IN1__path_1,SORT2,IN1,path_1,0,48,111,10.35,4.05,0
SORT2__IN1__path_1,SORT2,IN1,path_1,1,48,110,10.25,4.05,0
SORT2__IN1__path_1,SORT2,IN1,path_1,2,48,109,10.15,4.05,0
SORT2__IN1__path_1,SORT2,IN1,path_1,3,48,108,10.05,4.05,0
SORT2__IN1__path_1,SORT2,IN1,path_1,4,48,107,9.95,4.05,0
SORT2__IN1__path_1,SORT2,IN1,path_1,5,48,106,9.85,4.05,0
SORT2__IN1__path_1,SORT2,IN1,path_1,6,48,105,9.75,4.05,0
SORT2__IN1__path_1,SORT2,IN1,path_1,7,48,104,9.65,4.05,0
SORT2__IN1__path_1,SORT2,IN1,path_1,8,48,103,9.55,4.05,0
SORT2__IN1__path_1,SORT2,IN1,path_1,9,48,102,9.45,4.05,0
SORT2__IN1__path_1,SORT2,IN1,path_1,10,48,101,9.35,4.05,0
SORT2__IN1__path_1,SORT2,IN1,path_1,11,48,100,9.25,4.05,0
SORT2__IN1__path_1,SORT2,IN1,path_1,12,48,99,9.15,4.05,0
SORT2__IN1__path_1,SORT2,IN1,path_1,13,48,98,9.05,4.05,0
SORT2__IN1__path_1,SORT2,IN1,path_1,14,48,97,8.95,4.05,0
SORT2__IN1__path_1,SORT2,IN1,path_1,15,48,96,8.85,4.05,0
SORT2__IN1__path_1,SORT2,IN1,path_1,16,48,95,8.75,4.05,0
SORT2__IN1__path_1,SORT2,IN1,path_1,17,48,94,8.65,4.05,0
SORT2__IN1__path_1,SORT2,IN1,path_1,18,48,93,8.55,4.05,0
SORT2__IN1__path_1,SORT2,IN1,path_1,19,48,92,8.45,4.05,0
SORT2__IN1__path_1,SORT2,IN1,path_1,20,48,91,8.35,4.05,0
SORT2__IN1__path_1,SORT2,IN1,path_1,21,48,90,8.25,4.05,0
SORT2__IN1__path_1,SORT2,IN1,path_1,22,48,89,8.15,4.05,0
SORT2__IN1__path_1,SORT2,IN1,path_1,23,48,88,8.05,4.05,0
SORT2__IN1__path_1,SORT2,IN1,path_1,24,48,87,7.95,4.05,0
SORT2__IN1__path_1,SORT2,IN1,path_1,25,48,86,7.85,4.05,0
SORT2__IN1__path_1,SORT2,IN1,path_1,26,48,85,7.75,4.05,0
SORT2__IN1__path_1,SORT2,IN1,path_1,27,48,84,7.65,4.05,0
SORT2__IN1__path_1,SORT2,IN1,path_1,28,48,83,7.55,4.05,0
SORT2__IN1__path_1,SORT2,IN1,path_1,29,48,82,7.45,4.05,0
SORT2__IN1__path_1,SORT2,IN1,path_1,30,48,81,7.35,4.05,0
SORT2__IN1__path_1,SORT2,IN1,path_1,31,48,80,7.25,4.05,0
SORT2__IN1__path_1,SORT2,IN1,path_1,32,48,79,7.15,4.05,0
SORT2__IN1__path_1,SORT2,IN1,path_1,33,48,78,7.05,4.05,0
SORT2__IN1__path_1,SORT2,IN1,path_1,34,48,77,6.95,4.05,0
SORT2__IN1__path_1,SORT2,IN1,path_1,35,48,76,6.85,4.05,0
SORT2__IN1__path_1,SORT2,IN1,path_1,36,48,75,6.75,4.05,0
SORT2__IN1__path_1,SORT2,IN1,path_1,37,48,74,6.65,4.05,0
SORT2__IN1__path_1,SORT2,IN1,path_1,38,48,73,6.55,4.05,0
SORT2__IN1__path_1,SORT2,IN1,path_1,39,48,72,6.45,4.05,0
SORT2__IN1__path_1,SORT2,IN1,path_1,40,48,71,6.35,4.05,0
SORT2__IN1__path_1,SORT2,IN1,path_1,41,48,70,6.25,4.05,0
SORT2__IN1__path_1,SORT2,IN1,path_1,42,48,69,6.15,4.05,0
SORT2__IN1__path_1,SORT2,IN1,path_1,43,48,68,6.05,4.05,0
SORT2__IN1__path_1,SORT2,IN1,path_1,44,48,67,5.95,4.05,0
SORT2__IN1__path_1,SORT2,IN1,path_1,45,48,66,5.85,4.05,0
SORT2__IN1__path_1,SORT2,IN1,path_1,46,48,65,5.75,4.05,0
SORT2__IN1__path_1,SORT2,IN1,path_1,47,48,64,5.65,4.05,0
SORT2__IN1__path_1,SORT2,IN1,path_1,48,48,63,5.55,4.05,0
SORT2__IN1__path_1,SORT2,IN1,path_1,49,48,62,5.45,4.05,0
SORT2__IN1__path_1,SORT2,IN1,path_1,50,48,61,5.35,4.05,0
SORT2__IN1__path_1,SORT2,IN1,path_1,51,48,60,5.25,4.05,0
SORT2__IN1__path_1,SORT2,IN1,path_1,52,48,59,5.15,4.05,0
SORT2__IN1__path_1,SORT2,IN1,path_1,53,48,58,5.05,4.05,0
SORT2__IN1__path_1,SORT2,IN1,path_1,54,48,57,4.95,4.05,0
SORT2__IN1__path_1,SORT2,IN1,path_1,55,48,56,4.85,4.05,0
SORT2__IN1__path_1,SORT2,IN1,path_1,56,48,55,4.75,4.05,0
SORT2__IN1__path_1,SORT2,IN1,path_1,57,47,54,4.65,3.95,0
SORT2__IN1__path_1,SORT2,IN1,path_1,58,46,53,4.55,3.85,0
SORT2__IN1__path_1,SORT2,IN1,path_1,59,45,52,4.45,3.75,0
SORT2__IN1__path_1,SORT2,IN1,path_1,60,44,51,4.35,3.65,0
SORT2__IN1__path_1,SORT2,IN1,path_1,61,43,50,4.25,3.55,0
SORT2__IN1__path_1,SORT2,IN1,path_1,62,42,49,4.15,3.45,0
SORT2__IN1__path_1,SORT2,IN1,path_1,63,41,48,4.05,3.35,0
SORT2__IN1__path_1,SORT2,IN1,path_1,64,40,47,3.95,3.25,0
SORT2__IN1__path_1,SORT2,IN1,path_1,65,39,46,3.85,3.15,0
SORT2__IN1__path_1,SORT2,IN1,path_1,66,39,45,3.75,3.15,0
SORT2__IN1__path_1,SORT2,IN1,path_1,67,39,44,3.65,3.15,0
SORT2__IN1__path_1,SORT2,IN1,path_1,68,39,43,3.55,3.15,0
SORT2__IN1__path_1,SORT2,IN1,path_1,69,39,42,3.45,3.15,0
SORT2__IN1__path_1,SORT2,IN1,path_1,70,39,41,3.35,3.15,0
SORT2__IN1__path_1,SORT2,IN1,path_1,71,39,40,3.25,3.15,0
SORT2__IN1__path_1,SORT2,IN1,path_1,72,39,39,3.15,3.15,0
SORT2__IN1__path_1,SORT2,IN1,path_1,73,39,38,3.05,3.15,0
SORT2__IN1__path_1,SORT2,IN1,path_1,74,38,37,2.95,3.05,0
SORT2__IN1__path_1,SORT2,IN1,path_1,75,37,36,2.85,2.95,0
SORT2__IN1__path_1,SORT2,IN1,path_1,76,36,35,2.75,2.85,0
SORT2__IN1__path_1,SORT2,IN1,path_1,77,35,34,2.65,2.75,0
SORT2__IN1__path_1,SORT2,IN1,path_1,78,34,33,2.55,2.65,0
SORT2__IN1__path_1,SORT2,IN1,path_1,79,33,32,2.45,2.55,0
SORT2__IN1__path_1,SORT2,IN1,path_1,80,32,31,2.35,2.45,0
SORT2__IN1__path_1,SORT2,IN1,path_1,81,31,30,2.25,2.35,0
SORT2__IN1__path_1,SORT2,IN1,path_1,82,30,29,2.15,2.25,0
SORT2__IN1__path_1,SORT2,IN1,path_1,83,29,28,2.05,2.15,0
SORT2__IN1__path_1,SORT2,IN1,path_1,84,28,27,1.95,2.05,0
SORT2__IN1__path_1,SORT2,IN1,path_1,85,27,26,1.85,1.95,0
SORT2__IN1__path_1,SORT2,IN1,path_1,86,26,25,1.75,1.85,0
SORT2__IN1__path_1,SORT2,IN1,path_1,87,25,24,1.65,1.75,0
SORT2__IN1__path_1,SORT2,IN1,path_1,88,25,23,1.55,1.75,0
SORT2__IN1__path_1,SORT2,IN1,path_1,89,24,22,1.45,1.65,0
SORT2__IN1__path_1,SORT2,IN1,path_1,90,24,21,1.35,1.65,0
SORT2__IN1__path_1,SORT2,IN1,path_1,91,23,20,1.25,1.55,0
SORT2__IN1__path_1,SORT2,IN1,path_1,92,23,19,1.15,1.55,0
SORT2__IN1__path_1,SORT2,IN1,path_1,93,23,18,1.05,1.55,0
SORT2__IN1__path_1,SORT2,IN1,path_1,94,22,17,0.95,1.45,0
SORT2__IN1__path_1,SORT2,IN1,path_1,95,22,16,0.85,1.45,0
SORT2__IN1__path_1,SORT2,IN1,path_1,96,21,15,0.75,1.35,0
SORT2__IN1__path_1,SORT2,IN1,path_1,97,21,14,0.65,1.35,0
SORT2__IN1__path_1,SORT2,IN1,path_1,98,20,13,0.55,1.25,0
SORT2__IN1__path_1,SORT2,IN1,path_1,99,20,12,0.45,1.25,0
SORT2__IN1__path_1,SORT2,IN1,path_1,100,19,11,0.35,1.15,0
SORT2__IN1__path_1,SORT2,IN1,path_1,101,19,10,0.25,1.15,0
SORT2__IN1__path_1,SORT2,IN1,path_1,102,19,9,0.15,1.15,0
SORT2__IN1__path_1,SORT2,IN1,path_1,103,18,8,0.05,1.05,0
SORT2__IN2__path_1,SORT2,IN2,path_1,0,48,111,10.35,4.05,0
SORT2__IN2__path_1,SORT2,IN2,path_1,1,48,110,10.25,4.05,0
SORT2__IN2__path_1,SORT2,IN2,path_1,2,48,109,10.15,4.05,0
SORT2__IN2__path_1,SORT2,IN2,path_1,3,48,108,10.05,4.05,0
SORT2__IN2__path_1,SORT2,IN2,path_1,4,48,107,9.95,4.05,0
SORT2__IN2__path_1,SORT2,IN2,path_1,5,48,106,9.85,4.05,0
SORT2__IN2__path_1,SORT2,IN2,path_1,6,48,105,9.75,4.05,0
SORT2__IN2__path_1,SORT2,IN2,path_1,7,48,104,9.65,4.05,0
SORT2__IN2__path_1,SORT2,IN2,path_1,8,48,103,9.55,4.05,0
SORT2__IN2__path_1,SORT2,IN2,path_1,9,48,102,9.45,4.05,0
SORT2__IN2__path_1,SORT2,IN2,path_1,10,48,101,9.35,4.05,0
SORT2__IN2__path_1,SORT2,IN2,path_1,11,48,100,9.25,4.05,0
SORT2__IN2__path_1,SORT2,IN2,path_1,12,48,99,9.15,4.05,0
SORT2__IN2__path_1,SORT2,IN2,path_1,13,48,98,9.05,4.05,0
SORT2__IN2__path_1,SORT2,IN2,path_1,14,48,97,8.95,4.05,0
SORT2__IN2__path_1,SORT2,IN2,path_1,15,48,96,8.85,4.05,0
SORT2__IN2__path_1,SORT2,IN2,path_1,16,48,95,8.75,4.05,0
SORT2__IN2__path_1,SORT2,IN2,path_1,17,48,94,8.65,4.05,0
SORT2__IN2__path_1,SORT2,IN2,path_1,18,48,93,8.55,4.05,0
SORT2__IN2__path_1,SORT2,IN2,path_1,19,48,92,8.45,4.05,0
SORT2__IN2__path_1,SORT2,IN2,path_1,20,48,91,8.35,4.05,0
SORT2__IN2__path_1,SORT2,IN2,path_1,21,48,90,8.25,4.05,0
SORT2__IN2__path_1,SORT2,IN2,path_1,22,48,89,8.15,4.05,0
SORT2__IN2__path_1,SORT2,IN2,path_1,23,48,88,8.05,4.05,0
SORT2__IN2__path_1,SORT2,IN2,path_1,24,48,87,7.95,4.05,0
SORT2__IN2__path_1,SORT2,IN2,path_1,25,48,86,7.85,4.05,0
SORT2__IN2__path_1,SORT2,IN2,path_1,26,48,85,7.75,4.05,0
SORT2__IN2__path_1,SORT2,IN2,path_1,27,48,84,7.65,4.05,0
SORT2__IN2__path_1,SORT2,IN2,path_1,28,48,83,7.55,4.05,0
SORT2__IN2__path_1,SORT2,IN2,path_1,29,48,82,7.45,4.05,0
SORT2__IN2__path_1,SORT2,IN2,path_1,30,48,81,7.35,4.05,0
SORT2__IN2__path_1,SORT2,IN2,path_1,31,48,80,7.25,4.05,0
SORT2__IN2__path_1,SORT2,IN2,path_1,32,48,79,7.15,4.05,0
SORT2__IN2__path_1,SORT2,IN2,path_1,33,48,78,7.05,4.05,0
SORT2__IN2__path_1,SORT2,IN2,path_1,34,48,77,6.95,4.05,0
SORT2__IN2__path_1,SORT2,IN2,path_1,35,48,76,6.85,4.05,0
SORT2__IN2__path_1,SORT2,IN2,path_1,36,48,75,6.75,4.05,0
SORT2__IN2__path_1,SORT2,IN2,path_1,37,48,74,6.65,4.05,0
SORT2__IN2__path_1,SORT2,IN2,path_1,38,48,73,6.55,4.05,0
SORT2__IN2__path_1,SORT2,IN2,path_1,39,48,72,6.45,4.05,0
SORT2__IN2__path_1,SORT2,IN2,path_1,40,48,71,6.35,4.05,0
SORT2__IN2__path_1,SORT2,IN2,path_1,41,48,70,6.25,4.05,0
SORT2__IN2__path_1,SORT2,IN2,path_1,42,48,69,6.15,4.05,0
SORT2__IN2__path_1,SORT2,IN2,path_1,43,48,68,6.05,4.05,0
SORT2__IN2__path_1,SORT2,IN2,path_1,44,48,67,5.95,4.05,0
SORT2__IN2__path_1,SORT2,IN2,path_1,45,48,66,5.85,4.05,0
SORT2__IN2__path_1,SORT2,IN2,path_1,46,48,65,5.75,4.05,0
SORT2__IN2__path_1,SORT2,IN2,path_1,47,48,64,5.65,4.05,0
SORT2__IN2__path_1,SORT2,IN2,path_1,48,48,63,5.55,4.05,0
SORT2__IN2__path_1,SORT2,IN2,path_1,49,48,62,5.45,4.05,0
SORT2__IN2__path_1,SORT2,IN2,path_1,50,48,61,5.35,4.05,0
SORT2__IN2__path_1,SORT2,IN2,path_1,51,48,60,5.25,4.05,0
SORT2__IN2__path_1,SORT2,IN2,path_1,52,48,59,5.15,4.05,0
SORT2__IN2__path_1,SORT2,IN2,path_1,53,48,58,5.05,4.05,0
SORT2__IN2__path_1,SORT2,IN2,path_1,54,48,57,4.95,4.05,0
SORT2__IN2__path_1,SORT2,IN2,path_1,55,48,56,4.85,4.05,0
SORT2__IN2__path_1,SORT2,IN2,path_1,56,48,55,4.75,4.05,0
SORT2__IN2__path_1,SORT2,IN2,path_1,57,48,54,4.65,4.05,0
SORT2__IN2__path_1,SORT2,IN2,path_1,58,48,53,4.55,4.05,0
SORT2__IN2__path_1,SORT2,IN2,path_1,59,48,52,4.45,4.05,0
SORT2__IN2__path_1,SORT2,IN2,path_1,60,48,51,4.35,4.05,0
SORT2__IN2__path_1,SORT2,IN2,path_1,61,48,50,4.25,4.05,0
SORT2__IN2__path_1,SORT2,IN2,path_1,62,48,49,4.15,4.05,0
SORT2__IN2__path_1,SORT2,IN2,path_1,63,48,48,4.05,4.05,0
SORT2__IN2__path_1,SORT2,IN2,path_1,64,48,47,3.95,4.05,0
SORT2__IN2__path_1,SORT2,IN2,path_1,65,48,46,3.85,4.05,0
SORT2__IN2__path_1,SORT2,IN2,path_1,66,48,45,3.75,4.05,0
SORT2__IN2__path_1,SORT2,IN2,path_1,67,48,44,3.65,4.05,0
SORT2__IN2__path_1,SORT2,IN2,path_1,68,48,43,3.55,4.05,0
SORT2__IN2__path_1,SORT2,IN2,path_1,69,48,42,3.45,4.05,0
SORT2__IN2__path_1,SORT2,IN2,path_1,70,48,41,3.35,4.05,0
SORT2__IN2__path_1,SORT2,IN2,path_1,71,48,40,3.25,4.05,0
SORT2__IN2__path_1,SORT2,IN2,path_1,72,48,39,3.15,4.05,0
SORT2__IN2__path_1,SORT2,IN2,path_1,73,48,38,3.05,4.05,0
SORT2__IN2__path_1,SORT2,IN2,path_1,74,48,37,2.95,4.05,0
SORT2__IN2__path_1,SORT2,IN2,path_1,75,48,36,2.85,4.05,0
SORT2__IN2__path_1,SORT2,IN2,path_1,76,48,35,2.75,4.05,0
SORT2__IN2__path_1,SORT2,IN2,path_1,77,48,34,2.65,4.05,0
SORT2__IN2__path_1,SORT2,IN2,path_1,78,48,33,2.55,4.05,0
SORT2__IN2__path_1,SORT2,IN2,path_1,79,48,32,2.45,4.05,0
SORT2__IN2__path_1,SORT2,IN2,path_1,80,48,31,2.35,4.05,0
SORT2__IN2__path_1,SORT2,IN2,path_1,81,48,30,2.25,4.05,0
SORT2__IN2__path_1,SORT2,IN2,path_1,82,48,29,2.15,4.05,0
SORT2__IN2__path_1,SORT2,IN2,path_1,83,48,28,2.05,4.05,0
SORT2__IN2__path_1,SORT2,IN2,path_1,84,48,27,1.95,4.05,0
SORT2__IN2__path_1,SORT2,IN2,path_1,85,49,26,1.85,4.15,0
SORT2__IN2__path_1,SORT2,IN2,path_1,86,49,25,1.75,4.15,0
SORT2__IN2__path_1,SORT2,IN2,path_1,87,50,24,1.65,4.25,0
SORT2__IN2__path_1,SORT2,IN2,path_1,88,50,23,1.55,4.25,0
SORT2__IN2__path_1,SORT2,IN2,path_1,89,51,22,1.45,4.35,0
SORT2__IN2__path_1,SORT2,IN2,path_1,90,51,21,1.35,4.35,0
SORT2__IN2__path_1,SORT2,IN2,path_1,91,52,20,1.25,4.45,0
SORT2__IN2__path_1,SORT2,IN2,path_1,92,52,19,1.15,4.45,0
SORT2__IN2__path_1,SORT2,IN2,path_1,93,52,18,1.05,4.45,0
SORT2__IN2__path_1,SORT2,IN2,path_1,94,53,17,0.95,4.55,0
SORT2__IN2__path_1,SORT2,IN2,path_1,95,53,16,0.85,4.55,0
SORT2__IN2__path_1,SORT2,IN2,path_1,96,54,15,0.75,4.65,0
SORT2__IN2__path_1,SORT2,IN2,path_1,97,54,14,0.65,4.65,0
SORT2__IN2__path_1,SORT2,IN2,path_1,98,55,13,0.55,4.75,0
SORT2__IN2__path_1,SORT2,IN2,path_1,99,55,12,0.45,4.75,0
SORT2__IN2__path_1,SORT2,IN2,path_1,100,56,11,0.35,4.85,0
SORT2__IN2__path_1,SORT2,IN2,path_1,101,56,10,0.25,4.85,0
SORT2__IN2__path_1,SORT2,IN2,path_1,102,56,9,0.15,4.85,0
SORT2__IN2__path_1,SORT2,IN2,path_1,103,57,8,0.05,4.95,0
SORT2__P1__path_1,SORT2,P1,path_1,0,48,111,10.35,4.05,0
SORT2__P1__path_1,SORT2,P1,path_1,1,48,110,10.25,4.05,0
SORT2__P1__path_1,SORT2,P1,path_1,2,48,109,10.15,4.05,0
SORT2__P1__path_1,SORT2,P1,path_1,3,48,108,10.05,4.05,0
SORT2__P1__path_1,SORT2,P1,path_1,4,48,107,9.95,4.05,0
SORT2__P1__path_1,SORT2,P1,path_1,5,48,106,9.85,4.05,0
SORT2__P1__path_1,SORT2,P1,path_1,6,48,105,9.75,4.05,0
SORT2__P1__path_1,SORT2,P1,path_1,7,48,104,9.65,4.05,0
SORT2__P1__path_1,SORT2,P1,path_1,8,48,103,9.55,4.05,0
SORT2__P1__path_1,SORT2,P1,path_1,9,48,102,9.45,4.05,0
SORT2__P1__path_1,SORT2,P1,path_1,10,48,101,9.35,4.05,0
SORT2__P1__path_1,SORT2,P1,path_1,11,48,100,9.25,4.05,0
SORT2__P1__path_1,SORT2,P1,path_1,12,48,99,9.15,4.05,0
SORT2__P1__path_1,SORT2,P1,path_1,13,48,98,9.05,4.05,0
SORT2__P1__path_1,SORT2,P1,path_1,14,48,97,8.95,4.05,0
SORT2__P1__path_1,SORT2,P1,path_1,15,48,96,8.85,4.05,0
SORT2__P1__path_1,SORT2,P1,path_1,16,48,95,8.75,4.05,0
SORT2__P1__path_1,SORT2,P1,path_1,17,48,94,8.65,4.05,0
SORT2__P1__path_1,SORT2,P1,path_1,18,48,93,8.55,4.05,0
SORT2__P1__path_1,SORT2,P1,path_1,19,48,92,8.45,4.05,0
SORT2__P1__path_1,SORT2,P1,path_1,20,48,91,8.35,4.05,0
SORT2__P1__path_1,SORT2,P1,path_1,21,48,90,8.25,4.05,0
SORT2__P1__path_1,SORT2,P1,path_1,22,48,89,8.15,4.05,0
SORT2__P1__path_1,SORT2,P1,path_1,23,48,88,8.05,4.05,0
SORT2__P1__path_1,SORT2,P1,path_1,24,48,87,7.95,4.05,0
SORT2__P1__path_1,SORT2,P1,path_1,25,48,86,7.85,4.05,0
SORT2__P1__path_1,SORT2,P1,path_1,26,48,85,7.75,4.05,0
SORT2__P1__path_1,SORT2,P1,path_1,27,48,84,7.65,4.05,0
SORT2__P1__path_1,SORT2,P1,path_1,28,48,83,7.55,4.05,0
SORT2__P1__path_1,SORT2,P1,path_1,29,48,82,7.45,4.05,0
SORT2__P1__path_1,SORT2,P1,path_1,30,48,81,7.35,4.05,0
SORT2__P1__path_1,SORT2,P1,path_1,31,48,80,7.25,4.05,0
SORT2__P1__path_1,SORT2,P1,path_1,32,48,79,7.15,4.05,0
SORT2__P1__path_1,SORT2,P1,path_1,33,48,78,7.05,4.05,0
SORT2__P1__path_1,SORT2,P1,path_1,34,48,77,6.95,4.05,0
SORT2__P1__path_1,SORT2,P1,path_1,35,48,76,6.85,4.05,0
SORT2__P1__path_1,SORT2,P1,path_1,36,48,75,6.75,4.05,0
SORT2__P1__path_1,SORT2,P1,path_1,37,48,74,6.65,4.05,0
SORT2__P1__path_1,SORT2,P1,path_1,38,48,73,6.55,4.05,0
SORT2__P1__path_1,SORT2,P1,path_1,39,48,72,6.45,4.05,0
SORT2__P1__path_1,SORT2,P1,path_1,40,48,71,6.35,4.05,0
SORT2__P1__path_1,SORT2,P1,path_1,41,48,70,6.25,4.05,0
SORT2__P1__path_1,SORT2,P1,path_1,42,48,69,6.15,4.05,0
SORT2__P1__path_1,SORT2,P1,path_1,43,48,68,6.05,4.05,0
SORT2__P1__path_1,SORT2,P1,path_1,44,48,67,5.95,4.05,0
SORT2__P1__path_1,SORT2,P1,path_1,45,48,66,5.85,4.05,0
SORT2__P1__path_1,SORT2,P1,path_1,46,48,65,5.75,4.05,0
SORT2__P1__path_1,SORT2,P1,path_1,47,48,64,5.65,4.05,0
SORT2__P1__path_1,SORT2,P1,path_1,48,48,63,5.55,4.05,0
SORT2__P1__path_1,SORT2,P1,path_1,49,48,62,5.45,4.05,0
SORT2__P1__path_1,SORT2,P1,path_1,50,48,61,5.35,4.05,0
SORT2__P1__path_1,SORT2,P1,path_1,51,48,60,5.25,4.05,0
SORT2__P1__path_1,SORT2,P1,path_1,52,48,59,5.15,4.05,0
SORT2__P1__path_1,SORT2,P1,path_1,53,48,58,5.05,4.05,0
SORT2__P1__path_1,SORT2,P1,path_1,54,48,57,4.95,4.05,0
SORT2__P1__path_1,SORT2,P1,path_1,55,48,56,4.85,4.05,0
SORT2__P1__path_1,SORT2,P1,path_1,56,48,55,4.75,4.05,0
SORT2__P1__path_1,SORT2,P1,path_1,57,47,54,4.65,3.95,0
SORT2__P1__path_1,SORT2,P1,path_1,58,46,53,4.55,3.85,0
SORT2__P1__path_1,SORT2,P1,path_1,59,45,52,4.45,3.75,0
SORT2__P1__path_1,SORT2,P1,path_1,60,44,51,4.35,3.65,0
SORT2__P1__path_1,SORT2,P1,path_1,61,43,50,4.25,3.55,0
SORT2__P1__path_1,SORT2,P1,path_1,62,42,49,4.15,3.45,0
SORT2__P1__path_1,SORT2,P1,path_1,63,41,48,4.05,3.35,0
SORT2__P1__path_1,SORT2,P1,path_1,64,40,47,3.95,3.25,0
SORT2__P1__path_1,SORT2,P1,path_1,65,39,46,3.85,3.15,0
SORT2__P1__path_1,SORT2,P1,path_1,66,39,45,3.75,3.15,0
SORT2__P1__path_1,SORT2,P1,path_1,67,39,44,3.65,3.15,0
SORT2__P1__path_1,SORT2,P1,path_1,68,39,43,3.55,3.15,0
SORT2__P1__path_1,SORT2,P1,path_1,69,39,42,3.45,3.15,0
SORT2__P1__path_1,SORT2,P1,path_1,70,39,41,3.35,3.15,0
SORT2__P1__path_1,SORT2,P1,path_1,71,39,40,3.25,3.15,0
SORT2__P1__path_1,SORT2,P1,path_1,72,39,39,3.15,3.15,0
SORT2__P1__path_1,SORT2,P1,path_1,73,39,38,3.05,3.15,0
SORT2__P1__path_1,SORT2,P1,path_1,74,38,38,3.05,3.05,0
SORT2__P1__path_1,SORT2,P1,path_1,75,37,38,3.05,2.95,0
SORT2__P1__path_1,SORT2,P1,path_1,76,36,38,3.05,2.85,0
SORT2__P1__path_1,SORT2,P1,path_1,77,35,38,3.05,2.75,0
SORT2__P1__path_1,SORT2,P1,path_1,78,34,38,3.05,2.65,0
SORT2__P1__path_1,SORT2,P1,path_1,79,33,38,3.05,2.55,0
SORT2__P1__path_1,SORT2,P1,path_1,80,32,38,3.05,2.45,0
SORT2__P1__path_1,SORT2,P1,path_1,81,31,38,3.05,2.35,0
SORT2__P1__path_1,SORT2,P1,path_1,82,30,38,3.05,2.25,0
SORT2__P1__path_1,SORT2,P1,path_1,83,29,38,3.05,2.15,0
SORT2__P1__path_1,SORT2,P1,path_1,84,28,38,3.05,2.05,0
SORT2__P1__path_1,SORT2,P1,path_1,85,27,38,3.05,1.95,0
SORT2__P1__path_1,SORT2,P1,path_1,86,26,38,3.05,1.85,0
SORT2__P1__path_1,SORT2,P1,path_1,87,25,38,3.05,1.75,0
SORT2__P1__path_1,SORT2,P1,path_1,88,24,38,3.05,1.65,0
SORT2__P1__path_1,SORT2,P1,path_1,89,23,38,3.05,1.55,0
SORT2__P1__path_1,SORT2,P1,path_1,90,22,38,3.05,1.45,0
SORT2__P1__path_1,SORT2,P1,path_1,91,21,38,3.05,1.35,0
SORT2__P1__path_1,SORT2,P1,path_1,92,20,38,3.05,1.25,0
SORT2__P1__path_1,SORT2,P1,path_1,93,19,38,3.05,1.15,0
SORT2__P1__path_1,SORT2,P1,path_1,94,18,38,3.05,1.05,0
SORT2__P1__path_1,SORT2,P1,path_1,95,17,37,2.95,0.95,0
SORT2__P2__path_1,SORT2,P2,path_1,0,48,111,10.35,4.05,0
SORT2__P2__path_1,SORT2,P2,path_1,1,48,110,10.25,4.05,0
SORT2__P2__path_1,SORT2,P2,path_1,2,48,109,10.15,4.05,0
SORT2__P2__path_1,SORT2,P2,path_1,3,48,108,10.05,4.05,0
SORT2__P2__path_1,SORT2,P2,path_1,4,48,107,9.95,4.05,0
SORT2__P2__path_1,SORT2,P2,path_1,5,48,106,9.85,4.05,0
SORT2__P2__path_1,SORT2,P2,path_1,6,48,105,9.75,4.05,0
SORT2__P2__path_1,SORT2,P2,path_1,7,48,104,9.65,4.05,0
SORT2__P2__path_1,SORT2,P2,path_1,8,48,103,9.55,4.05,0
SORT2__P2__path_1,SORT2,P2,path_1,9,48,102,9.45,4.05,0
SORT2__P2__path_1,SORT2,P2,path_1,10,48,101,9.35,4.05,0
SORT2__P2__path_1,SORT2,P2,path_1,11,48,100,9.25,4.05,0
SORT2__P2__path_1,SORT2,P2,path_1,12,48,99,9.15,4.05,0
SORT2__P2__path_1,SORT2,P2,path_1,13,48,98,9.05,4.05,0
SORT2__P2__path_1,SORT2,P2,path_1,14,48,97,8.95,4.05,0
SORT2__P2__path_1,SORT2,P2,path_1,15,48,96,8.85,4.05,0
SORT2__P2__path_1,SORT2,P2,path_1,16,48,95,8.75,4.05,0
SORT2__P2__path_1,SORT2,P2,path_1,17,48,94,8.65,4.05,0
SORT2__P2__path_1,SORT2,P2,path_1,18,48,93,8.55,4.05,0
SORT2__P2__path_1,SORT2,P2,path_1,19,48,92,8.45,4.05,0
SORT2__P2__path_1,SORT2,P2,path_1,20,48,91,8.35,4.05,0
SORT2__P2__path_1,SORT2,P2,path_1,21,48,90,8.25,4.05,0
SORT2__P2__path_1,SORT2,P2,path_1,22,48,89,8.15,4.05,0
SORT2__P2__path_1,SORT2,P2,path_1,23,48,88,8.05,4.05,0
SORT2__P2__path_1,SORT2,P2,path_1,24,48,87,7.95,4.05,0
SORT2__P2__path_1,SORT2,P2,path_1,25,48,86,7.85,4.05,0
SORT2__P2__path_1,SORT2,P2,path_1,26,48,85,7.75,4.05,0
SORT2__P2__path_1,SORT2,P2,path_1,27,48,84,7.65,4.05,0
SORT2__P2__path_1,SORT2,P2,path_1,28,48,83,7.55,4.05,0
SORT2__P2__path_1,SORT2,P2,path_1,29,48,82,7.45,4.05,0
SORT2__P2__path_1,SORT2,P2,path_1,30,48,81,7.35,4.05,0
SORT2__P2__path_1,SORT2,P2,path_1,31,48,80,7.25,4.05,0
SORT2__P2__path_1,SORT2,P2,path_1,32,48,79,7.15,4.05,0
SORT2__P2__path_1,SORT2,P2,path_1,33,48,78,7.05,4.05,0
SORT2__P2__path_1,SORT2,P2,path_1,34,48,77,6.95,4.05,0
SORT2__P2__path_1,SORT2,P2,path_1,35,48,76,6.85,4.05,0
SORT2__P2__path_1,SORT2,P2,path_1,36,48,75,6.75,4.05,0
SORT2__P2__path_1,SORT2,P2,path_1,37,48,74,6.65,4.05,0
SORT2__P2__path_1,SORT2,P2,path_1,38,48,73,6.55,4.05,0
SORT2__P2__path_1,SORT2,P2,path_1,39,48,72,6.45,4.05,0
SORT2__P2__path_1,SORT2,P2,path_1,40,48,71,6.35,4.05,0
SORT2__P2__path_1,SORT2,P2,path_1,41,48,70,6.25,4.05,0
SORT2__P2__path_1,SORT2,P2,path_1,42,48,69,6.15,4.05,0
SORT2__P2__path_1,SORT2,P2,path_1,43,48,68,6.05,4.05,0
SORT2__P2__path_1,SORT2,P2,path_1,44,48,67,5.95,4.05,0
SORT2__P2__path_1,SORT2,P2,path_1,45,48,66,5.85,4.05,0
SORT2__P2__path_1,SORT2,P2,path_1,46,48,65,5.75,4.05,0
SORT2__P2__path_1,SORT2,P2,path_1,47,48,64,5.65,4.05,0
SORT2__P2__path_1,SORT2,P2,path_1,48,48,63,5.55,4.05,0
SORT2__P2__path_1,SORT2,P2,path_1,49,48,62,5.45,4.05,0
SORT2__P2__path_1,SORT2,P2,path_1,50,48,61,5.35,4.05,0
SORT2__P2__path_1,SORT2,P2,path_1,51,48,60,5.25,4.05,0
SORT2__P2__path_1,SORT2,P2,path_1,52,48,59,5.15,4.05,0
SORT2__P2__path_1,SORT2,P2,path_1,53,48,58,5.05,4.05,0
SORT2__P2__path_1,SORT2,P2,path_1,54,48,57,4.95,4.05,0
SORT2__P2__path_1,SORT2,P2,path_1,55,48,56,4.85,4.05,0
SORT2__P2__path_1,SORT2,P2,path_1,56,48,55,4.75,4.05,0
SORT2__P2__path_1,SORT2,P2,path_1,57,47,55,4.75,3.95,0
SORT2__P2__path_1,SORT2,P2,path_1,58,46,55,4.75,3.85,0
SORT2__P2__path_1,SORT2,P2,path_1,59,45,55,4.75,3.75,0
SORT2__P2__path_1,SORT2,P2,path_1,60,44,55,4.75,3.65,0
SORT2__P2__path_1,SORT2,P2,path_1,61,43,55,4.75,3.55,0
SORT2__P2__path_1,SORT2,P2,path_1,62,42,55,4.75,3.45,0
SORT2__P2__path_1,SORT2,P2,path_1,63,41,55,4.75,3.35,0
SORT2__P2__path_1,SORT2,P2,path_1,64,40,55,4.75,3.25,0
SORT2__P2__path_1,SORT2,P2,path_1,65,39,55,4.75,3.15,0
SORT2__P2__path_1,SORT2,P2,path_1,66,38,55,4.75,3.05,0
SORT2__P2__path_1,SORT2,P2,path_1,67,37,55,4.75,2.95,0
SORT2__P2__path_1,SORT2,P2,path_1,68,36,55,4.75,2.85,0
SORT2__P2__path_1,SORT2,P2,path_1,69,35,55,4.75,2.75,0
SORT2__P2__path_1,SORT2,P2,path_1,70,34,54,4.65,2.65,0
SORT2__P2__path_1,SORT2,P2,path_1,71,33,54,4.65,2.55,0
SORT2__P2__path_1,SORT2,P2,path_1,72,32,54,4.65,2.45,0
SORT2__P2__path_1,SORT2,P2,path_1,73,31,53,4.55,2.35,0
SORT2__P3__path_1,SORT2,P3,path_1,0,48,111,10.35,4.05,0
SORT2__P3__path_1,SORT2,P3,path_1,1,48,110,10.25,4.05,0
SORT2__P3__path_1,SORT2,P3,path_1,2,48,109,10.15,4.05,0
SORT2__P3__path_1,SORT2,P3,path_1,3,48,108,10.05,4.05,0
SORT2__P3__path_1,SORT2,P3,path_1,4,48,107,9.95,4.05,0
SORT2__P3__path_1,SORT2,P3,path_1,5,48,106,9.85,4.05,0
SORT2__P3__path_1,SORT2,P3,path_1,6,48,105,9.75,4.05,0
SORT2__P3__path_1,SORT2,P3,path_1,7,48,104,9.65,4.05,0
SORT2__P3__path_1,SORT2,P3,path_1,8,48,103,9.55,4.05,0
SORT2__P3__path_1,SORT2,P3,path_1,9,48,102,9.45,4.05,0
SORT2__P3__path_1,SORT2,P3,path_1,10,48,101,9.35,4.05,0
SORT2__P3__path_1,SORT2,P3,path_1,11,48,100,9.25,4.05,0
SORT2__P3__path_1,SORT2,P3,path_1,12,48,99,9.15,4.05,0
SORT2__P3__path_1,SORT2,P3,path_1,13,48,98,9.05,4.05,0
SORT2__P3__path_1,SORT2,P3,path_1,14,48,97,8.95,4.05,0
SORT2__P3__path_1,SORT2,P3,path_1,15,48,96,8.85,4.05,0
SORT2__P3__path_1,SORT2,P3,path_1,16,48,95,8.75,4.05,0
SORT2__P3__path_1,SORT2,P3,path_1,17,48,94,8.65,4.05,0
SORT2__P3__path_1,SORT2,P3,path_1,18,48,93,8.55,4.05,0
SORT2__P3__path_1,SORT2,P3,path_1,19,48,92,8.45,4.05,0
SORT2__P3__path_1,SORT2,P3,path_1,20,48,91,8.35,4.05,0
SORT2__P3__path_1,SORT2,P3,path_1,21,48,90,8.25,4.05,0
SORT2__P3__path_1,SORT2,P3,path_1,22,48,89,8.15,4.05,0
SORT2__P3__path_1,SORT2,P3,path_1,23,48,88,8.05,4.05,0
SORT2__P3__path_1,SORT2,P3,path_1,24,48,87,7.95,4.05,0
SORT2__P3__path_1,SORT2,P3,path_1,25,48,86,7.85,4.05,0
SORT2__P3__path_1,SORT2,P3,path_1,26,48,85,7.75,4.05,0
SORT2__P3__path_1,SORT2,P3,path_1,27,48,84,7.65,4.05,0
SORT2__P3__path_1,SORT2,P3,path_1,28,48,83,7.55,4.05,0
SORT2__P3__path_1,SORT2,P3,path_1,29,48,82,7.45,4.05,0
SORT2__P3__path_1,SORT2,P3,path_1,30,48,81,7.35,4.05,0
SORT2__P3__path_1,SORT2,P3,path_1,31,48,80,7.25,4.05,0
SORT2__P3__path_1,SORT2,P3,path_1,32,48,79,7.15,4.05,0
SORT2__P3__path_1,SORT2,P3,path_1,33,48,78,7.05,4.05,0
SORT2__P3__path_1,SORT2,P3,path_1,34,48,77,6.95,4.05,0
SORT2__P3__path_1,SORT2,P3,path_1,35,48,76,6.85,4.05,0
SORT2__P3__path_1,SORT2,P3,path_1,36,48,75,6.75,4.05,0
SORT2__P3__path_1,SORT2,P3,path_1,37,48,74,6.65,4.05,0
SORT2__P3__path_1,SORT2,P3,path_1,38,48,73,6.55,4.05,0
SORT2__P3__path_1,SORT2,P3,path_1,39,48,72,6.45,4.05,0
SORT2__P3__path_1,SORT2,P3,path_1,40,48,71,6.35,4.05,0
SORT2__P3__path_1,SORT2,P3,path_1,41,48,70,6.25,4.05,0
SORT2__P3__path_1,SORT2,P3,path_1,42,48,69,6.15,4.05,0
SORT2__P3__path_1,SORT2,P3,path_1,43,48,68,6.05,4.05,0
SORT2__P3__path_1,SORT2,P3,path_1,44,49,67,5.95,4.15,0
SORT2__P3__path_1,SORT2,P3,path_1,45,49,66,5.85,4.15,0
SORT2__P3__path_1,SORT2,P3,path_1,46,49,65,5.75,4.15,0
SORT2__P3__path_1,SORT2,P3,path_1,47,49,64,5.65,4.15,0
SORT2__P3__path_1,SORT2,P3,path_1,48,49,63,5.55,4.15,0
SORT2__P3__path_1,SORT2,P3,path_1,49,49,62,5.45,4.15,0
SORT2__P3__path_1,SORT2,P3,path_1,50,49,61,5.35,4.15,0
SORT2__P3__path_1,SORT2,P3,path_1,51,49,60,5.25,4.15,0
SORT2__P3__path_1,SORT2,P3,path_1,52,49,59,5.15,4.15,0
SORT2__P3__path_1,SORT2,P3,path_1,53,49,58,5.05,4.15,0
SORT2__P3__path_1,SORT2,P3,path_1,54,49,57,4.95,4.15,0
SORT2__P3__path_1,SORT2,P3,path_1,55,49,56,4.85,4.15,0
SORT2__P3__path_1,SORT2,P3,path_1,56,49,55,4.75,4.15,0
SORT2__P3__path_1,SORT2,P3,path_1,57,49,54,4.65,4.15,0
SORT2__P3__path_1,SORT2,P3,path_1,58,49,53,4.55,4.15,0
SORT2__P3__path_1,SORT2,P3,path_1,59,49,52,4.45,4.15,0
SORT2__P3__path_1,SORT2,P3,path_1,60,49,51,4.35,4.15,0
SORT2__P3__path_1,SORT2,P3,path_1,61,49,50,4.25,4.15,0
SORT2__P3__path_1,SORT2,P3,path_1,62,49,49,4.15,4.15,0
SORT2__P3__path_1,SORT2,P3,path_1,63,49,48,4.05,4.15,0
SORT2__P3__path_1,SORT2,P3,path_1,64,49,47,3.95,4.15,0
SORT2__P3__path_1,SORT2,P3,path_1,65,49,46,3.85,4.15,0
SORT2__P3__path_1,SORT2,P3,path_1,66,49,45,3.75,4.15,0
SORT2__P3__path_1,SORT2,P3,path_1,67,49,44,3.65,4.15,0
SORT2__P3__path_1,SORT2,P3,path_1,68,49,43,3.55,4.15,0
SORT2__P3__path_1,SORT2,P3,path_1,69,50,43,3.55,4.25,0
SORT2__P3__path_1,SORT2,P3,path_1,70,51,43,3.55,4.35,0
SORT2__P3__path_1,SORT2,P3,path_1,71,52,43,3.55,4.45,0
SORT2__P3__path_1,SORT2,P3,path_1,72,53,43,3.55,4.55,0
SORT2__P3__path_1,SORT2,P3,path_1,73,54,43,3.55,4.65,0
SORT2__P3__path_1,SORT2,P3,path_1,74,55,43,3.55,4.75,0
SORT2__P3__path_1,SORT2,P3,path_1,75,56,43,3.55,4.85,0
SORT2__P3__path_1,SORT2,P3,path_1,76,57,43,3.55,4.95,0
SORT2__P3__path_1,SORT2,P3,path_1,77,58,43,3.55,5.05,0
SORT2__P3__path_1,SORT2,P3,path_1,78,59,43,3.55,5.15,0
SORT2__P3__path_1,SORT2,P3,path_1,79,60,43,3.55,5.25,0
SORT2__P4__path_1,SORT2,P4,path_1,0,48,111,10.35,4.05,0
SORT2__P4__path_1,SORT2,P4,path_1,1,48,110,10.25,4.05,0
SORT2__P4__path_1,SORT2,P4,path_1,2,48,109,10.15,4.05,0
SORT2__P4__path_1,SORT2,P4,path_1,3,48,108,10.05,4.05,0
SORT2__P4__path_1,SORT2,P4,path_1,4,48,107,9.95,4.05,0
SORT2__P4__path_1,SORT2,P4,path_1,5,48,106,9.85,4.05,0
SORT2__P4__path_1,SORT2,P4,path_1,6,48,105,9.75,4.05,0
SORT2__P4__path_1,SORT2,P4,path_1,7,48,104,9.65,4.05,0
SORT2__P4__path_1,SORT2,P4,path_1,8,48,103,9.55,4.05,0
SORT2__P4__path_1,SORT2,P4,path_1,9,48,102,9.45,4.05,0
SORT2__P4__path_1,SORT2,P4,path_1,10,48,101,9.35,4.05,0
SORT2__P4__path_1,SORT2,P4,path_1,11,48,100,9.25,4.05,0
SORT2__P4__path_1,SORT2,P4,path_1,12,48,99,9.15,4.05,0
SORT2__P4__path_1,SORT2,P4,path_1,13,48,98,9.05,4.05,0
SORT2__P4__path_1,SORT2,P4,path_1,14,48,97,8.95,4.05,0
SORT2__P4__path_1,SORT2,P4,path_1,15,48,96,8.85,4.05,0
SORT2__P4__path_1,SORT2,P4,path_1,16,48,95,8.75,4.05,0
SORT2__P4__path_1,SORT2,P4,path_1,17,48,94,8.65,4.05,0
SORT2__P4__path_1,SORT2,P4,path_1,18,48,93,8.55,4.05,0
SORT2__P4__path_1,SORT2,P4,path_1,19,48,92,8.45,4.05,0
SORT2__P4__path_1,SORT2,P4,path_1,20,48,91,8.35,4.05,0
SORT2__P4__path_1,SORT2,P4,path_1,21,48,90,8.25,4.05,0
SORT2__P4__path_1,SORT2,P4,path_1,22,48,89,8.15,4.05,0
SORT2__P4__path_1,SORT2,P4,path_1,23,48,88,8.05,4.05,0
SORT2__P4__path_1,SORT2,P4,path_1,24,48,87,7.95,4.05,0
SORT2__P4__path_1,SORT2,P4,path_1,25,48,86,7.85,4.05,0
SORT2__P4__path_1,SORT2,P4,path_1,26,48,85,7.75,4.05,0
SORT2__P4__path_1,SORT2,P4,path_1,27,48,84,7.65,4.05,0
SORT2__P4__path_1,SORT2,P4,path_1,28,48,83,7.55,4.05,0
SORT2__P4__path_1,SORT2,P4,path_1,29,48,82,7.45,4.05,0
SORT2__P4__path_1,SORT2,P4,path_1,30,48,81,7.35,4.05,0
SORT2__P4__path_1,SORT2,P4,path_1,31,48,80,7.25,4.05,0
SORT2__P4__path_1,SORT2,P4,path_1,32,48,79,7.15,4.05,0
SORT2__P4__path_1,SORT2,P4,path_1,33,48,78,7.05,4.05,0
SORT2__P4__path_1,SORT2,P4,path_1,34,48,77,6.95,4.05,0
SORT2__P4__path_1,SORT2,P4,path_1,35,48,76,6.85,4.05,0
SORT2__P4__path_1,SORT2,P4,path_1,36,48,75,6.75,4.05,0
SORT2__P4__path_1,SORT2,P4,path_1,37,48,74,6.65,4.05,0
SORT2__P4__path_1,SORT2,P4,path_1,38,48,73,6.55,4.05,0
SORT2__P4__path_1,SORT2,P4,path_1,39,48,72,6.45,4.05,0
SORT2__P4__path_1,SORT2,P4,path_1,40,48,71,6.35,4.05,0
SORT2__P4__path_1,SORT2,P4,path_1,41,48,70,6.25,4.05,0
SORT2__P4__path_1,SORT2,P4,path_1,42,48,69,6.15,4.05,0
SORT2__P4__path_1,SORT2,P4,path_1,43,48,68,6.05,4.05,0
SORT2__P4__path_1,SORT2,P4,path_1,44,48,67,5.95,4.05,0
SORT2__P4__path_1,SORT2,P4,path_1,45,48,66,5.85,4.05,0
SORT2__P4__path_1,SORT2,P4,path_1,46,48,65,5.75,4.05,0
SORT2__P4__path_1,SORT2,P4,path_1,47,48,64,5.65,4.05,0
SORT2__P4__path_1,SORT2,P4,path_1,48,48,63,5.55,4.05,0
SORT2__P4__path_1,SORT2,P4,path_1,49,48,62,5.45,4.05,0
SORT2__P4__path_1,SORT2,P4,path_1,50,48,61,5.35,4.05,0
SORT2__P4__path_1,SORT2,P4,path_1,51,48,60,5.25,4.05,0
SORT2__P4__path_1,SORT2,P4,path_1,52,48,59,5.15,4.05,0
SORT2__P4__path_1,SORT2,P4,path_1,53,48,58,5.05,4.05,0
SORT2__P4__path_1,SORT2,P4,path_1,54,48,57,4.95,4.05,0
SORT2__P4__path_1,SORT2,P4,path_1,55,48,56,4.85,4.05,0
SORT2__P4__path_1,SORT2,P4,path_1,56,48,55,4.75,4.05,0
SORT2__P4__path_1,SORT2,P4,path_1,57,47,55,4.75,3.95,0
SORT2__P4__path_1,SORT2,P4,path_1,58,46,55,4.75,3.85,0
SORT2__P4__path_1,SORT2,P4,path_1,59,45,55,4.75,3.75,0
SORT2__P4__path_1,SORT2,P4,path_1,60,44,55,4.75,3.65,0
SORT2__P4__path_1,SORT2,P4,path_1,61,43,55,4.75,3.55,0
SORT2__P4__path_1,SORT2,P4,path_1,62,42,55,4.75,3.45,0
SORT2__P4__path_1,SORT2,P4,path_1,63,41,55,4.75,3.35,0
SORT2__P4__path_1,SORT2,P4,path_1,64,40,55,4.75,3.25,0
SORT2__P4__path_1,SORT2,P4,path_1,65,39,55,4.75,3.15,0
SORT2__P4__path_1,SORT2,P4,path_1,66,38,55,4.75,3.05,0
SORT2__P4__path_1,SORT2,P4,path_1,67,37,55,4.75,2.95,0
SORT2__P4__path_1,SORT2,P4,path_1,68,36,55,4.75,2.85,0
SORT2__P4__path_1,SORT2,P4,path_1,69,35,55,4.75,2.75,0
SORT2__P4__path_1,SORT2,P4,path_1,70,34,55,4.75,2.65,0
SORT2__P4__path_1,SORT2,P4,path_1,71,33,55,4.75,2.55,0
SORT2__P4__path_1,SORT2,P4,path_1,72,32,55,4.75,2.45,0
SORT2__P4__path_1,SORT2,P4,path_1,73,31,55,4.75,2.35,0
SORT2__P4__path_1,SORT2,P4,path_1,74,30,55,4.75,2.25,0
SORT2__P4__path_1,SORT2,P4,path_1,75,29,55,4.75,2.15,0
SORT2__P4__path_1,SORT2,P4,path_1,76,28,55,4.75,2.05,0
SORT2__P4__path_1,SORT2,P4,path_1,77,27,55,4.75,1.95,0
SORT2__P4__path_1,SORT2,P4,path_1,78,26,55,4.75,1.85,0
SORT2__P4__path_1,SORT2,P4,path_1,79,25,55,4.75,1.75,0
SORT2__P4__path_1,SORT2,P4,path_1,80,24,56,4.85,1.65,0
SORT2__P4__path_1,SORT2,P4,path_1,81,23,56,4.85,1.55,0
SORT2__P4__path_1,SORT2,P4,path_1,82,22,56,4.85,1.45,0
SORT2__P4__path_1,SORT2,P4,path_1,83,21,57,4.95,1.35,0
SORT2__P5__path_1,SORT2,P5,path_1,0,48,111,10.35,4.05,0
SORT2__P5__path_1,SORT2,P5,path_1,1,48,110,10.25,4.05,0
SORT2__P5__path_1,SORT2,P5,path_1,2,48,109,10.15,4.05,0
SORT2__P5__path_1,SORT2,P5,path_1,3,48,108,10.05,4.05,0
SORT2__P5__path_1,SORT2,P5,path_1,4,48,107,9.95,4.05,0
SORT2__P5__path_1,SORT2,P5,path_1,5,48,106,9.85,4.05,0
SORT2__P5__path_1,SORT2,P5,path_1,6,48,105,9.75,4.05,0
SORT2__P5__path_1,SORT2,P5,path_1,7,48,104,9.65,4.05,0
SORT2__P5__path_1,SORT2,P5,path_1,8,48,103,9.55,4.05,0
SORT2__P5__path_1,SORT2,P5,path_1,9,48,102,9.45,4.05,0
SORT2__P5__path_1,SORT2,P5,path_1,10,48,101,9.35,4.05,0
SORT2__P5__path_1,SORT2,P5,path_1,11,48,100,9.25,4.05,0
SORT2__P5__path_1,SORT2,P5,path_1,12,48,99,9.15,4.05,0
SORT2__P5__path_1,SORT2,P5,path_1,13,48,98,9.05,4.05,0
SORT2__P5__path_1,SORT2,P5,path_1,14,48,97,8.95,4.05,0
SORT2__P5__path_1,SORT2,P5,path_1,15,48,96,8.85,4.05,0
SORT2__P5__path_1,SORT2,P5,path_1,16,48,95,8.75,4.05,0
SORT2__P5__path_1,SORT2,P5,path_1,17,48,94,8.65,4.05,0
SORT2__P5__path_1,SORT2,P5,path_1,18,48,93,8.55,4.05,0
SORT2__P5__path_1,SORT2,P5,path_1,19,48,92,8.45,4.05,0
SORT2__P5__path_1,SORT2,P5,path_1,20,48,91,8.35,4.05,0
SORT2__P5__path_1,SORT2,P5,path_1,21,48,90,8.25,4.05,0
SORT2__P5__path_1,SORT2,P5,path_1,22,48,89,8.15,4.05,0
SORT2__P5__path_1,SORT2,P5,path_1,23,48,88,8.05,4.05,0
SORT2__P5__path_1,SORT2,P5,path_1,24,48,87,7.95,4.05,0
SORT2__P5__path_1,SORT2,P5,path_1,25,48,86,7.85,4.05,0
SORT2__P5__path_1,SORT2,P5,path_1,26,48,85,7.75,4.05,0
SORT2__P5__path_1,SORT2,P5,path_1,27,48,84,7.65,4.05,0
SORT2__P5__path_1,SORT2,P5,path_1,28,48,83,7.55,4.05,0
SORT2__P5__path_1,SORT2,P5,path_1,29,48,82,7.45,4.05,0
SORT2__P5__path_1,SORT2,P5,path_1,30,48,81,7.35,4.05,0
SORT2__P5__path_1,SORT2,P5,path_1,31,48,80,7.25,4.05,0
SORT2__P5__path_1,SORT2,P5,path_1,32,48,79,7.15,4.05,0
SORT2__P5__path_1,SORT2,P5,path_1,33,48,78,7.05,4.05,0
SORT2__P5__path_1,SORT2,P5,path_1,34,48,77,6.95,4.05,0
SORT2__P5__path_1,SORT2,P5,path_1,35,48,76,6.85,4.05,0
SORT2__P5__path_1,SORT2,P5,path_1,36,48,75,6.75,4.05,0
SORT2__P5__path_1,SORT2,P5,path_1,37,48,74,6.65,4.05,0
SORT2__P5__path_1,SORT2,P5,path_1,38,48,73,6.55,4.05,0
SORT2__P5__path_1,SORT2,P5,path_1,39,48,72,6.45,4.05,0
SORT2__P5__path_1,SORT2,P5,path_1,40,48,71,6.35,4.05,0
SORT2__P5__path_1,SORT2,P5,path_1,41,48,70,6.25,4.05,0
SORT2__P5__path_1,SORT2,P5,path_1,42,48,69,6.15,4.05,0
SORT2__P5__path_1,SORT2,P5,path_1,43,48,68,6.05,4.05,0
SORT2__P5__path_1,SORT2,P5,path_1,44,48,67,5.95,4.05,0
SORT2__P5__path_1,SORT2,P5,path_1,45,48,66,5.85,4.05,0
SORT2__P5__path_1,SORT2,P5,path_1,46,48,65,5.75,4.05,0
SORT2__P5__path_1,SORT2,P5,path_1,47,48,64,5.65,4.05,0
SORT2__P6__path_1,SORT2,P6,path_1,0,48,111,10.35,4.05,0
SORT2__P6__path_1,SORT2,P6,path_1,1,49,110,10.25,4.15,0
SORT2__P6__path_1,SORT2,P6,path_1,2,50,109,10.15,4.25,0
SORT2__P6__path_1,SORT2,P6,path_1,3,51,108,10.05,4.35,0
SORT2__P6__path_1,SORT2,P6,path_1,4,52,107,9.95,4.45,0
SORT2__P6__path_1,SORT2,P6,path_1,5,53,106,9.85,4.55,0
SORT2__P6__path_1,SORT2,P6,path_1,6,53,105,9.75,4.55,0
SORT2__P6__path_1,SORT2,P6,path_1,7,53,104,9.65,4.55,0
SORT2__P6__path_1,SORT2,P6,path_1,8,54,103,9.55,4.65,0
SORT2__P6__path_1,SORT2,P6,path_1,9,55,102,9.45,4.75,0
SORT2__P6__path_1,SORT2,P6,path_1,10,56,101,9.35,4.85,0
SORT2__P6__path_1,SORT2,P6,path_1,11,57,100,9.25,4.95,0
SORT2__P6__path_1,SORT2,P6,path_1,12,58,99,9.15,5.05,0
SORT2__P6__path_1,SORT2,P6,path_1,13,59,98,9.05,5.15,0
SORT2__P6__path_1,SORT2,P6,path_1,14,60,97,8.95,5.25,0
SORT2__P6__path_1,SORT2,P6,path_1,15,61,96,8.85,5.35,0
SORT2__P6__path_1,SORT2,P6,path_1,16,61,95,8.75,5.35,0
SORT2__P6__path_1,SORT2,P6,path_1,17,62,94,8.65,5.45,0
SORT2__P6__path_1,SORT2,P6,path_1,18,62,93,8.55,5.45,0
SORT2__P6__path_1,SORT2,P6,path_1,19,63,92,8.45,5.55,0
SORT2__P6__path_1,SORT2,P6,path_1,20,64,91,8.35,5.65,0
SORT2__P6__path_1,SORT2,P6,path_1,21,65,90,8.25,5.75,0
SORT2__P6__path_1,SORT2,P6,path_1,22,65,89,8.15,5.75,0
SORT2__P6__path_1,SORT2,P6,path_1,23,65,88,8.05,5.75,0
SORT2__P6__path_1,SORT2,P6,path_1,24,65,87,7.95,5.75,0
SORT2__P7__path_1,SORT2,P7,path_1,0,48,111,10.35,4.05,0
SORT2__P7__path_1,SORT2,P7,path_1,1,47,110,10.25,3.95,0
SORT2__P7__path_1,SORT2,P7,path_1,2,46,109,10.15,3.85,0
SORT2__P7__path_1,SORT2,P7,path_1,3,46,108,10.05,3.85,0
SORT2__P7__path_1,SORT2,P7,path_1,4,46,107,9.95,3.85,0
SORT2__P7__path_1,SORT2,P7,path_1,5,46,106,9.85,3.85,0
SORT2__P7__path_1,SORT2,P7,path_1,6,46,105,9.75,3.85,0
SORT2__P7__path_1,SORT2,P7,path_1,7,46,104,9.65,3.85,0
SORT2__P7__path_1,SORT2,P7,path_1,8,46,103,9.55,3.85,0
SORT2__P7__path_1,SORT2,P7,path_1,9,46,102,9.45,3.85,0
SORT2__P7__path_1,SORT2,P7,path_1,10,46,101,9.35,3.85,0
SORT2__P7__path_1,SORT2,P7,path_1,11,45,100,9.25,3.75,0
SORT2__P7__path_1,SORT2,P7,path_1,12,44,99,9.15,3.65,0
SORT2__P7__path_1,SORT2,P7,path_1,13,43,98,9.05,3.55,0
SORT2__P7__path_1,SORT2,P7,path_1,14,42,97,8.95,3.45,0
SORT2__P7__path_1,SORT2,P7,path_1,15,41,96,8.85,3.35,0
SORT2__P7__path_1,SORT2,P7,path_1,16,40,95,8.75,3.25,0
SORT2__P7__path_1,SORT2,P7,path_1,17,40,94,8.65,3.25,0
SORT2__P7__path_1,SORT2,P7,path_1,18,40,93,8.55,3.25,0
SORT2__P7__path_1,SORT2,P7,path_1,19,40,92,8.45,3.25,0
SORT2__P7__path_1,SORT2,P7,path_1,20,40,91,8.35,3.25,0
SORT2__P7__path_1,SORT2,P7,path_1,21,40,90,8.25,3.25,0
SORT2__P7__path_1,SORT2,P7,path_1,22,40,89,8.15,3.25,0
SORT2__P7__path_1,SORT2,P7,path_1,23,40,88,8.05,3.25,0
SORT2__P7__path_1,SORT2,P7,path_1,24,40,87,7.95,3.25,0
SORT2__P7__path_1,SORT2,P7,path_1,25,40,86,7.85,3.25,0
SORT2__P7__path_1,SORT2,P7,path_1,26,40,85,7.75,3.25,0
SORT2__P7__path_1,SORT2,P7,path_1,27,40,84,7.65,3.25,0
SORT2__P7__path_1,SORT2,P7,path_1,28,40,83,7.55,3.25,0
SORT2__P7__path_1,SORT2,P7,path_1,29,40,82,7.45,3.25,0
SORT2__P7__path_1,SORT2,P7,path_1,30,40,81,7.35,3.25,0
SORT2__P7__path_1,SORT2,P7,path_1,31,40,80,7.25,3.25,0
SORT2__P7__path_1,SORT2,P7,path_1,32,39,80,7.25,3.15,0
SORT2__P7__path_1,SORT2,P7,path_1,33,38,80,7.25,3.05,0
SORT2__P7__path_1,SORT2,P7,path_1,34,37,80,7.25,2.95,0
SORT2__P7__path_1,SORT2,P7,path_1,35,36,80,7.25,2.85,0
SORT2__P7__path_1,SORT2,P7,path_1,36,35,80,7.25,2.75,0
SORT2__P7__path_1,SORT2,P7,path_1,37,34,80,7.25,2.65,0
SORT2__P7__path_1,SORT2,P7,path_1,38,33,80,7.25,2.55,0
SORT2__P7__path_1,SORT2,P7,path_1,39,32,80,7.25,2.45,0
SORT2__P7__path_1,SORT2,P7,path_1,40,31,80,7.25,2.35,0
SORT2__P7__path_1,SORT2,P7,path_1,41,30,80,7.25,2.25,0
SORT2__P7__path_1,SORT2,P7,path_1,42,29,80,7.25,2.15,0
SORT2__P7__path_1,SORT2,P7,path_1,43,28,80,7.25,2.05,0
SORT2__P7__path_1,SORT2,P7,path_1,44,27,80,7.25,1.95,0
SORT2__P7__path_1,SORT2,P7,path_1,45,26,80,7.25,1.85,0
SORT2__P7__path_1,SORT2,P7,path_1,46,25,80,7.25,1.75,0
SORT2__P7__path_1,SORT2,P7,path_1,47,24,80,7.25,1.65,0
SORT2__P7__path_1,SORT2,P7,path_1,48,23,80,7.25,1.55,0
SORT2__P7__path_1,SORT2,P7,path_1,49,22,80,7.25,1.45,0
SORT2__P7__path_1,SORT2,P7,path_1,50,21,80,7.25,1.35,0
SORT2__P7__path_1,SORT2,P7,path_1,51,20,80,7.25,1.25,0
SORT2__P7__path_1,SORT2,P7,path_1,52,19,80,7.25,1.15,0
SORT2__P7__path_1,SORT2,P7,path_1,53,18,80,7.25,1.05,0
SORT2__P8__path_1,SORT2,P8,path_1,0,48,111,10.35,4.05,0
SORT2__P8__path_1,SORT2,P8,path_1,1,47,110,10.25,3.95,0
SORT2__P8__path_1,SORT2,P8,path_1,2,46,109,10.15,3.85,0
SORT2__P8__path_1,SORT2,P8,path_1,3,45,108,10.05,3.75,0
SORT2__P8__path_1,SORT2,P8,path_1,4,44,107,9.95,3.65,0
SORT2__P8__path_1,SORT2,P8,path_1,5,43,106,9.85,3.55,0
SORT2__P8__path_1,SORT2,P8,path_1,6,42,105,9.75,3.45,0
SORT2__P8__path_1,SORT2,P8,path_1,7,41,104,9.65,3.35,0
SORT2__P8__path_1,SORT2,P8,path_1,8,40,103,9.55,3.25,0
SORT2__P8__path_1,SORT2,P8,path_1,9,39,102,9.45,3.15,0
SORT2__P8__path_1,SORT2,P8,path_1,10,38,101,9.35,3.05,0
SORT2__P8__path_1,SORT2,P8,path_1,11,37,100,9.25,2.95,0
SORT2__P8__path_1,SORT2,P8,path_1,12,36,99,9.15,2.85,0
SORT2__P8__path_1,SORT2,P8,path_1,13,35,98,9.05,2.75,0
SORT2__P8__path_1,SORT2,P8,path_1,14,34,97,8.95,2.65,0
SORT2__P8__path_1,SORT2,P8,path_1,15,33,97,8.95,2.55,0
SORT2__P8__path_1,SORT2,P8,path_1,16,32,97,8.95,2.45,0
SORT2__P8__path_1,SORT2,P8,path_1,17,31,96,8.85,2.35,0
SORT2__P9__path_1,SORT2,P9,path_1,0,48,111,10.35,4.05,0
SORT2__P9__path_1,SORT2,P9,path_1,1,48,110,10.25,4.05,0
SORT2__P9__path_1,SORT2,P9,path_1,2,48,109,10.15,4.05,0
SORT2__P9__path_1,SORT2,P9,path_1,3,48,108,10.05,4.05,0
SORT2__P9__path_1,SORT2,P9,path_1,4,48,107,9.95,4.05,0
SORT2__P9__path_1,SORT2,P9,path_1,5,48,106,9.85,4.05,0
SORT2__P9__path_1,SORT2,P9,path_1,6,48,105,9.75,4.05,0
SORT2__P9__path_1,SORT2,P9,path_1,7,48,104,9.65,4.05,0
SORT2__P9__path_1,SORT2,P9,path_1,8,48,103,9.55,4.05,0
SORT2__P9__path_1,SORT2,P9,path_1,9,48,102,9.45,4.05,0
SORT2__P9__path_1,SORT2,P9,path_1,10,48,101,9.35,4.05,0
SORT2__P9__path_1,SORT2,P9,path_1,11,48,100,9.25,4.05,0
SORT2__P9__path_1,SORT2,P9,path_1,12,48,99,9.15,4.05,0
SORT2__P9__path_1,SORT2,P9,path_1,13,48,98,9.05,4.05,0
SORT2__P9__path_1,SORT2,P9,path_1,14,48,97,8.95,4.05,0
SORT2__P9__path_1,SORT2,P9,path_1,15,48,96,8.85,4.05,0
SORT2__P9__path_1,SORT2,P9,path_1,16,48,95,8.75,4.05,0
SORT2__P9__path_1,SORT2,P9,path_1,17,48,94,8.65,4.05,0
SORT2__P9__path_1,SORT2,P9,path_1,18,48,93,8.55,4.05,0
SORT2__P9__path_1,SORT2,P9,path_1,19,48,92,8.45,4.05,0
SORT2__P9__path_1,SORT2,P9,path_1,20,48,91,8.35,4.05,0
SORT2__P9__path_1,SORT2,P9,path_1,21,48,90,8.25,4.05,0
SORT2__P9__path_1,SORT2,P9,path_1,22,48,89,8.15,4.05,0
SORT2__P9__path_1,SORT2,P9,path_1,23,48,88,8.05,4.05,0
SORT2__P9__path_1,SORT2,P9,path_1,24,48,87,7.95,4.05,0
SORT2__P9__path_1,SORT2,P9,path_1,25,48,86,7.85,4.05,0
SORT2__P9__path_1,SORT2,P9,path_1,26,48,85,7.75,4.05,0
SORT2__P9__path_1,SORT2,P9,path_1,27,48,84,7.65,4.05,0
SORT2__P9__path_1,SORT2,P9,path_1,28,48,83,7.55,4.05,0
SORT2__P9__path_1,SORT2,P9,path_1,29,48,82,7.45,4.05,0
SORT2__P9__path_1,SORT2,P9,path_1,30,48,81,7.35,4.05,0
SORT2__P9__path_1,SORT2,P9,path_1,31,48,80,7.25,4.05,0
SORT2__P9__path_1,SORT2,P9,path_1,32,48,79,7.15,4.05,0
SORT2__P9__path_1,SORT2,P9,path_1,33,48,78,7.05,4.05,0
SORT2__P9__path_1,SORT2,P9,path_1,34,48,77,6.95,4.05,0
SORT2__P9__path_1,SORT2,P9,path_1,35,48,76,6.85,4.05,0
SORT2__P9__path_1,SORT2,P9,path_1,36,48,75,6.75,4.05,0
SORT2__P9__path_1,SORT2,P9,path_1,37,48,74,6.65,4.05,0
SORT2__P9__path_1,SORT2,P9,path_1,38,48,73,6.55,4.05,0
SORT2__P9__path_1,SORT2,P9,path_1,39,48,72,6.45,4.05,0
SORT2__P9__path_1,SORT2,P9,path_1,40,48,71,6.35,4.05,0
SORT2__P9__path_1,SORT2,P9,path_1,41,48,70,6.25,4.05,0
SORT2__P9__path_1,SORT2,P9,path_1,42,48,69,6.15,4.05,0
SORT2__P9__path_1,SORT2,P9,path_1,43,48,68,6.05,4.05,0
SORT2__P9__path_1,SORT2,P9,path_1,44,49,68,6.05,4.15,0
SORT2__P9__path_1,SORT2,P9,path_1,45,50,68,6.05,4.25,0
SORT2__P9__path_1,SORT2,P9,path_1,46,51,68,6.05,4.35,0
SORT2__P9__path_1,SORT2,P9,path_1,47,52,68,6.05,4.45,0
SORT2__P9__path_1,SORT2,P9,path_1,48,53,68,6.05,4.55,0
SORT2__P9__path_1,SORT2,P9,path_1,49,54,68,6.05,4.65,0
SORT2__P9__path_1,SORT2,P9,path_1,50,55,68,6.05,4.75,0
SORT2__P9__path_1,SORT2,P9,path_1,51,56,68,6.05,4.85,0
SORT2__P9__path_1,SORT2,P9,path_1,52,57,68,6.05,4.95,0
SORT2__P9__path_1,SORT2,P9,path_1,53,58,68,6.05,5.05,0
SORT2__SORT1__path_1,SORT2,SORT1,path_1,0,48,111,10.35,4.05,0
SORT2__SORT1__path_1,SORT2,SORT1,path_1,1,47,111,10.35,3.95,0
SORT2__SORT1__path_1,SORT2,SORT1,path_1,2,46,111,10.35,3.85,0
SORT2__SORT1__path_1,SORT2,SORT1,path_1,3,45,111,10.35,3.75,0
SORT2__SORT1__path_1,SORT2,SORT1,path_1,4,44,111,10.35,3.65,0
SORT2__SORT1__path_1,SORT2,SORT1,path_1,5,43,111,10.35,3.55,0
SORT2__SORT1__path_1,SORT2,SORT1,path_1,6,42,111,10.35,3.45,0
SORT2__SORT1__path_1,SORT2,SORT1,path_1,7,41,111,10.35,3.35,0
SORT2__SORT1__path_1,SORT2,SORT1,path_1,8,40,111,10.35,3.25,0
SORT2__SORT1__path_1,SORT2,SORT1,path_1,9,39,111,10.35,3.15,0
SORT2__SORT1__path_1,SORT2,SORT1,path_1,10,38,111,10.35,3.05,0
SORT2__SORT1__path_1,SORT2,SORT1,path_1,11,37,111,10.35,2.95,0
SORT2__SORT1__path_1,SORT2,SORT1,path_1,12,36,110,10.25,2.85,0
SORT2__SORT1__path_1,SORT2,SORT1,path_1,13,35,109,10.15,2.75,0
SORT2__SORT1__path_1,SORT2,SORT1,path_1,14,34,108,10.05,2.65,0
SORT2__SORT1__path_1,SORT2,SORT1,path_1,15,33,107,9.95,2.55,0
SORT2__SORT1__path_1,SORT2,SORT1,path_1,16,32,106,9.85,2.45,0
SORT2__SORT1__path_1,SORT2,SORT1,path_1,17,31,105,9.75,2.35,0
SORT2__SORT1__path_1,SORT2,SORT1,path_1,18,30,105,9.75,2.25,0
SORT2__SORT1__path_1,SORT2,SORT1,path_1,19,29,105,9.75,2.15,0
SORT2__OUT1__path_1,SORT2,OUT1,path_1,0,48,111,10.35,4.05,0
SORT2__OUT1__path_1,SORT2,OUT1,path_1,1,47,112,10.45,3.95,0
SORT2__OUT1__path_1,SORT2,OUT1,path_1,2,46,113,10.55,3.85,0
SORT2__OUT1__path_1,SORT2,OUT1,path_1,3,45,114,10.65,3.75,0
SORT2__OUT1__path_1,SORT2,OUT1,path_1,4,44,115,10.75,3.65,0
SORT2__OUT1__path_1,SORT2,OUT1,path_1,5,43,116,10.85,3.55,0
SORT2__OUT1__path_1,SORT2,OUT1,path_1,6,42,117,10.95,3.45,0
SORT2__OUT1__path_1,SORT2,OUT1,path_1,7,41,118,11.05,3.35,0
SORT2__OUT1__path_1,SORT2,OUT1,path_1,8,40,119,11.15,3.25,0
SORT2__OUT1__path_1,SORT2,OUT1,path_1,9,39,120,11.25,3.15,0
SORT2__OUT1__path_1,SORT2,OUT1,path_1,10,38,121,11.35,3.05,0
SORT2__OUT1__path_1,SORT2,OUT1,path_1,11,37,122,11.45,2.95,0
SORT2__OUT1__path_1,SORT2,OUT1,path_1,12,36,123,11.55,2.85,0
SORT2__OUT1__path_1,SORT2,OUT1,path_1,13,35,124,11.65,2.75,0
SORT2__OUT1__path_1,SORT2,OUT1,path_1,14,34,125,11.75,2.65,0
SORT2__OUT1__path_1,SORT2,OUT1,path_1,15,33,125,11.75,2.55,0
SORT2__OUT1__path_1,SORT2,OUT1,path_1,16,32,126,11.85,2.45,0
SORT2__OUT1__path_1,SORT2,OUT1,path_1,17,31,126,11.85,2.35,0
SORT2__OUT1__path_1,SORT2,OUT1,path_1,18,30,127,11.95,2.25,0
SORT2__OUT1__path_1,SORT2,OUT1,path_1,19,29,127,11.95,2.15,0
SORT2__OUT1__path_1,SORT2,OUT1,path_1,20,28,127,11.95,2.05,0
SORT2__OUT1__path_1,SORT2,OUT1,path_1,21,27,128,12.05,1.95,0
SORT2__OUT2__path_1,SORT2,OUT2,path_1,0,48,111,10.35,4.05,0
SORT2__OUT2__path_1,SORT2,OUT2,path_1,1,48,112,10.45,4.05,0
SORT2__OUT2__path_1,SORT2,OUT2,path_1,2,48,113,10.55,4.05,0
SORT2__OUT2__path_1,SORT2,OUT2,path_1,3,48,114,10.65,4.05,0
SORT2__OUT2__path_1,SORT2,OUT2,path_1,4,48,115,10.75,4.05,0
SORT2__OUT2__path_1,SORT2,OUT2,path_1,5,48,116,10.85,4.05,0
SORT2__OUT2__path_1,SORT2,OUT2,path_1,6,48,117,10.95,4.05,0
SORT2__OUT2__path_1,SORT2,OUT2,path_1,7,48,118,11.05,4.05,0
SORT2__OUT2__path_1,SORT2,OUT2,path_1,8,48,119,11.15,4.05,0
SORT2__OUT2__path_1,SORT2,OUT2,path_1,9,48,120,11.25,4.05,0
SORT2__OUT2__path_1,SORT2,OUT2,path_1,10,48,121,11.35,4.05,0
SORT2__OUT2__path_1,SORT2,OUT2,path_1,11,48,122,11.45,4.05,0
SORT2__OUT2__path_1,SORT2,OUT2,path_1,12,48,123,11.55,4.05,0
SORT2__OUT2__path_1,SORT2,OUT2,path_1,13,48,124,11.65,4.05,0
SORT2__OUT2__path_1,SORT2,OUT2,path_1,14,48,125,11.75,4.05,0
SORT2__OUT2__path_1,SORT2,OUT2,path_1,15,48,126,11.85,4.05,0
SORT2__OUT2__path_1,SORT2,OUT2,path_1,16,48,127,11.95,4.05,0
SORT2__OUT2__path_1,SORT2,OUT2,path_1,17,47,128,12.05,3.95,0
SORT2__CHG1__path_1,SORT2,CHG1,path_1,0,48,111,10.35,4.05,0
SORT2__CHG1__path_1,SORT2,CHG1,path_1,1,48,110,10.25,4.05,0
SORT2__CHG1__path_1,SORT2,CHG1,path_1,2,48,109,10.15,4.05,0
SORT2__CHG1__path_1,SORT2,CHG1,path_1,3,48,108,10.05,4.05,0
SORT2__CHG1__path_1,SORT2,CHG1,path_1,4,48,107,9.95,4.05,0
SORT2__CHG1__path_1,SORT2,CHG1,path_1,5,48,106,9.85,4.05,0
SORT2__CHG1__path_1,SORT2,CHG1,path_1,6,48,105,9.75,4.05,0
SORT2__CHG1__path_1,SORT2,CHG1,path_1,7,48,104,9.65,4.05,0
SORT2__CHG1__path_1,SORT2,CHG1,path_1,8,48,103,9.55,4.05,0
SORT2__CHG1__path_1,SORT2,CHG1,path_1,9,48,102,9.45,4.05,0
SORT2__CHG1__path_1,SORT2,CHG1,path_1,10,48,101,9.35,4.05,0
SORT2__CHG1__path_1,SORT2,CHG1,path_1,11,48,100,9.25,4.05,0
SORT2__CHG1__path_1,SORT2,CHG1,path_1,12,48,99,9.15,4.05,0
SORT2__CHG1__path_1,SORT2,CHG1,path_1,13,48,98,9.05,4.05,0
SORT2__CHG1__path_1,SORT2,CHG1,path_1,14,48,97,8.95,4.05,0
SORT2__CHG1__path_1,SORT2,CHG1,path_1,15,48,96,8.85,4.05,0
SORT2__CHG1__path_1,SORT2,CHG1,path_1,16,48,95,8.75,4.05,0
SORT2__CHG1__path_1,SORT2,CHG1,path_1,17,48,94,8.65,4.05,0
SORT2__CHG1__path_1,SORT2,CHG1,path_1,18,48,93,8.55,4.05,0
SORT2__CHG1__path_1,SORT2,CHG1,path_1,19,48,92,8.45,4.05,0
SORT2__CHG1__path_1,SORT2,CHG1,path_1,20,48,91,8.35,4.05,0
SORT2__CHG1__path_1,SORT2,CHG1,path_1,21,48,90,8.25,4.05,0
SORT2__CHG1__path_1,SORT2,CHG1,path_1,22,48,89,8.15,4.05,0
SORT2__CHG1__path_1,SORT2,CHG1,path_1,23,48,88,8.05,4.05,0
SORT2__CHG1__path_1,SORT2,CHG1,path_1,24,48,87,7.95,4.05,0
SORT2__CHG1__path_1,SORT2,CHG1,path_1,25,48,86,7.85,4.05,0
SORT2__CHG1__path_1,SORT2,CHG1,path_1,26,48,85,7.75,4.05,0
SORT2__CHG1__path_1,SORT2,CHG1,path_1,27,48,84,7.65,4.05,0
SORT2__CHG1__path_1,SORT2,CHG1,path_1,28,48,83,7.55,4.05,0
SORT2__CHG1__path_1,SORT2,CHG1,path_1,29,48,82,7.45,4.05,0
SORT2__CHG1__path_1,SORT2,CHG1,path_1,30,48,81,7.35,4.05,0
SORT2__CHG1__path_1,SORT2,CHG1,path_1,31,48,80,7.25,4.05,0
SORT2__CHG1__path_1,SORT2,CHG1,path_1,32,48,79,7.15,4.05,0
SORT2__CHG1__path_1,SORT2,CHG1,path_1,33,48,78,7.05,4.05,0
SORT2__CHG1__path_1,SORT2,CHG1,path_1,34,48,77,6.95,4.05,0
SORT2__CHG1__path_1,SORT2,CHG1,path_1,35,48,76,6.85,4.05,0
SORT2__CHG1__path_1,SORT2,CHG1,path_1,36,48,75,6.75,4.05,0
SORT2__CHG1__path_1,SORT2,CHG1,path_1,37,48,74,6.65,4.05,0
SORT2__CHG1__path_1,SORT2,CHG1,path_1,38,48,73,6.55,4.05,0
SORT2__CHG1__path_1,SORT2,CHG1,path_1,39,48,72,6.45,4.05,0
SORT2__CHG1__path_1,SORT2,CHG1,path_1,40,48,71,6.35,4.05,0
SORT2__CHG1__path_1,SORT2,CHG1,path_1,41,48,70,6.25,4.05,0
SORT2__CHG1__path_1,SORT2,CHG1,path_1,42,48,69,6.15,4.05,0
SORT2__CHG1__path_1,SORT2,CHG1,path_1,43,48,68,6.05,4.05,0
SORT2__CHG1__path_1,SORT2,CHG1,path_1,44,48,67,5.95,4.05,0
SORT2__CHG1__path_1,SORT2,CHG1,path_1,45,48,66,5.85,4.05,0
SORT2__CHG1__path_1,SORT2,CHG1,path_1,46,48,65,5.75,4.05,0
SORT2__CHG1__path_1,SORT2,CHG1,path_1,47,48,64,5.65,4.05,0
SORT2__CHG1__path_1,SORT2,CHG1,path_1,48,48,63,5.55,4.05,0
SORT2__CHG1__path_1,SORT2,CHG1,path_1,49,48,62,5.45,4.05,0
SORT2__CHG1__path_1,SORT2,CHG1,path_1,50,48,61,5.35,4.05,0
SORT2__CHG1__path_1,SORT2,CHG1,path_1,51,48,60,5.25,4.05,0
SORT2__CHG1__path_1,SORT2,CHG1,path_1,52,48,59,5.15,4.05,0
SORT2__CHG1__path_1,SORT2,CHG1,path_1,53,48,58,5.05,4.05,0
SORT2__CHG1__path_1,SORT2,CHG1,path_1,54,48,57,4.95,4.05,0
SORT2__CHG1__path_1,SORT2,CHG1,path_1,55,48,56,4.85,4.05,0
SORT2__CHG1__path_1,SORT2,CHG1,path_1,56,48,55,4.75,4.05,0
SORT2__CHG1__path_1,SORT2,CHG1,path_1,57,47,54,4.65,3.95,0
SORT2__CHG1__path_1,SORT2,CHG1,path_1,58,46,53,4.55,3.85,0
SORT2__CHG1__path_1,SORT2,CHG1,path_1,59,45,52,4.45,3.75,0
SORT2__CHG1__path_1,SORT2,CHG1,path_1,60,44,51,4.35,3.65,0
SORT2__CHG1__path_1,SORT2,CHG1,path_1,61,43,50,4.25,3.55,0
SORT2__CHG1__path_1,SORT2,CHG1,path_1,62,42,49,4.15,3.45,0
SORT2__CHG1__path_1,SORT2,CHG1,path_1,63,41,48,4.05,3.35,0
SORT2__CHG1__path_1,SORT2,CHG1,path_1,64,40,47,3.95,3.25,0
SORT2__CHG1__path_1,SORT2,CHG1,path_1,65,39,46,3.85,3.15,0
SORT2__CHG1__path_1,SORT2,CHG1,path_1,66,39,45,3.75,3.15,0
SORT2__CHG1__path_1,SORT2,CHG1,path_1,67,39,44,3.65,3.15,0
SORT2__CHG1__path_1,SORT2,CHG1,path_1,68,39,43,3.55,3.15,0
SORT2__CHG1__path_1,SORT2,CHG1,path_1,69,39,42,3.45,3.15,0
SORT2__CHG1__path_1,SORT2,CHG1,path_1,70,39,41,3.35,3.15,0
SORT2__CHG1__path_1,SORT2,CHG1,path_1,71,39,40,3.25,3.15,0
SORT2__CHG1__path_1,SORT2,CHG1,path_1,72,39,39,3.15,3.15,0
SORT2__CHG1__path_1,SORT2,CHG1,path_1,73,39,38,3.05,3.15,0
SORT2__CHG1__path_1,SORT2,CHG1,path_1,74,38,37,2.95,3.05,0
SORT2__CHG1__path_1,SORT2,CHG1,path_1,75,37,36,2.85,2.95,0
SORT2__CHG1__path_1,SORT2,CHG1,path_1,76,36,35,2.75,2.85,0
SORT2__CHG1__path_1,SORT2,CHG1,path_1,77,35,34,2.65,2.75,0
SORT2__CHG1__path_1,SORT2,CHG1,path_1,78,34,33,2.55,2.65,0
SORT2__CHG1__path_1,SORT2,CHG1,path_1,79,33,32,2.45,2.55,0
SORT2__CHG1__path_1,SORT2,CHG1,path_1,80,32,31,2.35,2.45,0
SORT2__CHG1__path_1,SORT2,CHG1,path_1,81,31,30,2.25,2.35,0
SORT2__CHG1__path_1,SORT2,CHG1,path_1,82,30,29,2.15,2.25,0
SORT2__CHG1__path_1,SORT2,CHG1,path_1,83,29,28,2.05,2.15,0
SORT2__CHG1__path_1,SORT2,CHG1,path_1,84,28,27,1.95,2.05,0
SORT2__CHG1__path_1,SORT2,CHG1,path_1,85,27,27,1.95,1.95,0
SORT2__CHG1__path_1,SORT2,CHG1,path_1,86,26,26,1.85,1.85,0
SORT2__CHG1__path_1,SORT2,CHG1,path_1,87,25,26,1.85,1.75,0
SORT2__CHG1__path_1,SORT2,CHG1,path_1,88,24,25,1.75,1.65,0
SORT2__CHG1__path_1,SORT2,CHG1,path_1,89,23,25,1.75,1.55,0
SORT2__CHG1__path_1,SORT2,CHG1,path_1,90,22,24,1.65,1.45,0
SORT2__CHG1__path_1,SORT2,CHG1,path_1,91,21,24,1.65,1.35,0
SORT2__CHG1__path_1,SORT2,CHG1,path_1,92,20,23,1.55,1.25,0
SORT2__CHG1__path_1,SORT2,CHG1,path_1,93,19,23,1.55,1.15,0
SORT2__CHG1__path_1,SORT2,CHG1,path_1,94,18,23,1.55,1.05,0
SORT2__CHG1__path_1,SORT2,CHG1,path_1,95,17,22,1.45,0.95,0
SORT2__CHG1__path_1,SORT2,CHG1,path_1,96,16,22,1.45,0.85,0
SORT2__CHG1__path_1,SORT2,CHG1,path_1,97,15,21,1.35,0.75,0
SORT2__CHG1__path_1,SORT2,CHG1,path_1,98,14,21,1.35,0.65,0
SORT2__CHG1__path_1,SORT2,CHG1,path_1,99,13,20,1.25,0.55,0
SORT2__CHG1__path_1,SORT2,CHG1,path_1,100,12,20,1.25,0.45,0
SORT2__CHG1__path_1,SORT2,CHG1,path_1,101,11,19,1.15,0.35,0
SORT2__CHG1__path_1,SORT2,CHG1,path_1,102,10,19,1.15,0.25,0
SORT2__CHG1__path_1,SORT2,CHG1,path_1,103,9,19,1.15,0.15,0
SORT2__CHG1__path_1,SORT2,CHG1,path_1,104,8,18,1.05,0.05,0
SORT2__CHG2__path_1,SORT2,CHG2,path_1,0,48,111,10.35,4.05,0
SORT2__CHG2__path_1,SORT2,CHG2,path_1,1,47,111,10.35,3.95,0
SORT2__CHG2__path_1,SORT2,CHG2,path_1,2,46,111,10.35,3.85,0
SORT2__CHG2__path_1,SORT2,CHG2,path_1,3,45,111,10.35,3.75,0
SORT2__CHG2__path_1,SORT2,CHG2,path_1,4,44,111,10.35,3.65,0
SORT2__CHG2__path_1,SORT2,CHG2,path_1,5,43,111,10.35,3.55,0
SORT2__CHG2__path_1,SORT2,CHG2,path_1,6,42,111,10.35,3.45,0
SORT2__CHG2__path_1,SORT2,CHG2,path_1,7,41,111,10.35,3.35,0
SORT2__CHG2__path_1,SORT2,CHG2,path_1,8,40,111,10.35,3.25,0
SORT2__CHG2__path_1,SORT2,CHG2,path_1,9,39,111,10.35,3.15,0
SORT2__CHG2__path_1,SORT2,CHG2,path_1,10,38,111,10.35,3.05,0
SORT2__CHG2__path_1,SORT2,CHG2,path_1,11,37,111,10.35,2.95,0
SORT2__CHG2__path_1,SORT2,CHG2,path_1,12,36,110,10.25,2.85,0
SORT2__CHG2__path_1,SORT2,CHG2,path_1,13,35,109,10.15,2.75,0
SORT2__CHG2__path_1,SORT2,CHG2,path_1,14,34,108,10.05,2.65,0
SORT2__CHG2__path_1,SORT2,CHG2,path_1,15,33,107,9.95,2.55,0
SORT2__CHG2__path_1,SORT2,CHG2,path_1,16,32,106,9.85,2.45,0
SORT2__CHG2__path_1,SORT2,CHG2,path_1,17,31,105,9.75,2.35,0
SORT2__CHG2__path_1,SORT2,CHG2,path_1,18,30,105,9.75,2.25,0
SORT2__CHG2__path_1,SORT2,CHG2,path_1,19,29,105,9.75,2.15,0
SORT2__CHG2__path_1,SORT2,CHG2,path_1,20,28,105,9.75,2.05,0
SORT2__CHG2__path_1,SORT2,CHG2,path_1,21,27,105,9.75,1.95,0
SORT2__CHG2__path_1,SORT2,CHG2,path_1,22,26,105,9.75,1.85,0
SORT2__CHG2__path_1,SORT2,CHG2,path_1,23,25,105,9.75,1.75,0
SORT2__CHG2__path_1,SORT2,CHG2,path_1,24,24,105,9.75,1.65,0
SORT2__CHG2__path_1,SORT2,CHG2,path_1,25,23,105,9.75,1.55,0
SORT2__CHG2__path_1,SORT2,CHG2,path_1,26,22,104,9.65,1.45,0
SORT2__CHG2__path_1,SORT2,CHG2,path_1,27,21,104,9.65,1.35,0
SORT2__CHG2__path_1,SORT2,CHG2,path_1,28,20,103,9.55,1.25,0
SORT2__CHG2__path_1,SORT2,CHG2,path_1,29,19,103,9.55,1.15,0
SORT2__CHG2__path_1,SORT2,CHG2,path_1,30,18,103,9.55,1.05,0
SORT2__CHG2__path_1,SORT2,CHG2,path_1,31,17,102,9.45,0.95,0
SORT2__CHG2__path_1,SORT2,CHG2,path_1,32,16,102,9.45,0.85,0
SORT2__CHG2__path_1,SORT2,CHG2,path_1,33,15,101,9.35,0.75,0
SORT2__CHG2__path_1,SORT2,CHG2,path_1,34,14,101,9.35,0.65,0
SORT2__CHG2__path_1,SORT2,CHG2,path_1,35,13,100,9.25,0.55,0
SORT2__CHG2__path_1,SORT2,CHG2,path_1,36,12,100,9.25,0.45,0
SORT2__CHG2__path_1,SORT2,CHG2,path_1,37,11,99,9.15,0.35,0
SORT2__CHG2__path_1,SORT2,CHG2,path_1,38,10,99,9.15,0.25,0
SORT2__CHG2__path_1,SORT2,CHG2,path_1,39,9,99,9.15,0.15,0
SORT2__CHG2__path_1,SORT2,CHG2,path_1,40,8,98,9.05,0.05,0
OUT1__IN1__path_1,OUT1,IN1,path_1,0,27,128,12.05,1.95,0
OUT1__IN1__path_1,OUT1,IN1,path_1,1,27,127,11.95,1.95,0
OUT1__IN1__path_1,OUT1,IN1,path_1,2,27,126,11.85,1.95,0
OUT1__IN1__path_1,OUT1,IN1,path_1,3,27,125,11.75,1.95,0
OUT1__IN1__path_1,OUT1,IN1,path_1,4,27,124,11.65,1.95,0
OUT1__IN1__path_1,OUT1,IN1,path_1,5,27,123,11.55,1.95,0
OUT1__IN1__path_1,OUT1,IN1,path_1,6,27,122,11.45,1.95,0
OUT1__IN1__path_1,OUT1,IN1,path_1,7,27,121,11.35,1.95,0
OUT1__IN1__path_1,OUT1,IN1,path_1,8,27,120,11.25,1.95,0
OUT1__IN1__path_1,OUT1,IN1,path_1,9,27,119,11.15,1.95,0
OUT1__IN1__path_1,OUT1,IN1,path_1,10,27,118,11.05,1.95,0
OUT1__IN1__path_1,OUT1,IN1,path_1,11,27,117,10.95,1.95,0
OUT1__IN1__path_1,OUT1,IN1,path_1,12,26,116,10.85,1.85,0
OUT1__IN1__path_1,OUT1,IN1,path_1,13,25,115,10.75,1.75,0
OUT1__IN1__path_1,OUT1,IN1,path_1,14,24,114,10.65,1.65,0
OUT1__IN1__path_1,OUT1,IN1,path_1,15,23,113,10.55,1.55,0
OUT1__IN1__path_1,OUT1,IN1,path_1,16,22,112,10.45,1.45,0
OUT1__IN1__path_1,OUT1,IN1,path_1,17,21,111,10.35,1.35,0
OUT1__IN1__path_1,OUT1,IN1,path_1,18,21,110,10.25,1.35,0
OUT1__IN1__path_1,OUT1,IN1,path_1,19,21,109,10.15,1.35,0
OUT1__IN1__path_1,OUT1,IN1,path_1,20,21,108,10.05,1.35,0
OUT1__IN1__path_1,OUT1,IN1,path_1,21,21,107,9.95,1.35,0
OUT1__IN1__path_1,OUT1,IN1,path_1,22,21,106,9.85,1.35,0
OUT1__IN1__path_1,OUT1,IN1,path_1,23,21,105,9.75,1.35,0
OUT1__IN1__path_1,OUT1,IN1,path_1,24,20,104,9.65,1.25,0
OUT1__IN1__path_1,OUT1,IN1,path_1,25,19,103,9.55,1.15,0
OUT1__IN1__path_1,OUT1,IN1,path_1,26,18,102,9.45,1.05,0
OUT1__IN1__path_1,OUT1,IN1,path_1,27,17,101,9.35,0.95,0
OUT1__IN1__path_1,OUT1,IN1,path_1,28,16,100,9.25,0.85,0
OUT1__IN1__path_1,OUT1,IN1,path_1,29,15,99,9.15,0.75,0
OUT1__IN1__path_1,OUT1,IN1,path_1,30,14,98,9.05,0.65,0
OUT1__IN1__path_1,OUT1,IN1,path_1,31,13,97,8.95,0.55,0
OUT1__IN1__path_1,OUT1,IN1,path_1,32,12,96,8.85,0.45,0
OUT1__IN1__path_1,OUT1,IN1,path_1,33,12,95,8.75,0.45,0
OUT1__IN1__path_1,OUT1,IN1,path_1,34,12,94,8.65,0.45,0
OUT1__IN1__path_1,OUT1,IN1,path_1,35,12,93,8.55,0.45,0
OUT1__IN1__path_1,OUT1,IN1,path_1,36,12,92,8.45,0.45,0
OUT1__IN1__path_1,OUT1,IN1,path_1,37,12,91,8.35,0.45,0
OUT1__IN1__path_1,OUT1,IN1,path_1,38,12,90,8.25,0.45,0
OUT1__IN1__path_1,OUT1,IN1,path_1,39,12,89,8.15,0.45,0
OUT1__IN1__path_1,OUT1,IN1,path_1,40,12,88,8.05,0.45,0
OUT1__IN1__path_1,OUT1,IN1,path_1,41,12,87,7.95,0.45,0
OUT1__IN1__path_1,OUT1,IN1,path_1,42,12,86,7.85,0.45,0
OUT1__IN1__path_1,OUT1,IN1,path_1,43,12,85,7.75,0.45,0
OUT1__IN1__path_1,OUT1,IN1,path_1,44,12,84,7.65,0.45,0
OUT1__IN1__path_1,OUT1,IN1,path_1,45,12,83,7.55,0.45,0
OUT1__IN1__path_1,OUT1,IN1,path_1,46,12,82,7.45,0.45,0
OUT1__IN1__path_1,OUT1,IN1,path_1,47,12,81,7.35,0.45,0
OUT1__IN1__path_1,OUT1,IN1,path_1,48,12,80,7.25,0.45,0
OUT1__IN1__path_1,OUT1,IN1,path_1,49,12,79,7.15,0.45,0
OUT1__IN1__path_1,OUT1,IN1,path_1,50,12,78,7.05,0.45,0
OUT1__IN1__path_1,OUT1,IN1,path_1,51,12,77,6.95,0.45,0
OUT1__IN1__path_1,OUT1,IN1,path_1,52,12,76,6.85,0.45,0
OUT1__IN1__path_1,OUT1,IN1,path_1,53,11,75,6.75,0.35,0
OUT1__IN1__path_1,OUT1,IN1,path_1,54,11,74,6.65,0.35,0
OUT1__IN1__path_1,OUT1,IN1,path_1,55,11,73,6.55,0.35,0
OUT1__IN1__path_1,OUT1,IN1,path_1,56,11,72,6.45,0.35,0
OUT1__IN1__path_1,OUT1,IN1,path_1,57,11,71,6.35,0.35,0
OUT1__IN1__path_1,OUT1,IN1,path_1,58,11,70,6.25,0.35,0
OUT1__IN1__path_1,OUT1,IN1,path_1,59,11,69,6.15,0.35,0
OUT1__IN1__path_1,OUT1,IN1,path_1,60,11,68,6.05,0.35,0
OUT1__IN1__path_1,OUT1,IN1,path_1,61,11,67,5.95,0.35,0
OUT1__IN1__path_1,OUT1,IN1,path_1,62,11,66,5.85,0.35,0
OUT1__IN1__path_1,OUT1,IN1,path_1,63,11,65,5.75,0.35,0
OUT1__IN1__path_1,OUT1,IN1,path_1,64,11,64,5.65,0.35,0
OUT1__IN1__path_1,OUT1,IN1,path_1,65,11,63,5.55,0.35,0
OUT1__IN1__path_1,OUT1,IN1,path_1,66,11,62,5.45,0.35,0
OUT1__IN1__path_1,OUT1,IN1,path_1,67,11,61,5.35,0.35,0
OUT1__IN1__path_1,OUT1,IN1,path_1,68,11,60,5.25,0.35,0
OUT1__IN1__path_1,OUT1,IN1,path_1,69,11,59,5.15,0.35,0
OUT1__IN1__path_1,OUT1,IN1,path_1,70,11,58,5.05,0.35,0
OUT1__IN1__path_1,OUT1,IN1,path_1,71,11,57,4.95,0.35,0
OUT1__IN1__path_1,OUT1,IN1,path_1,72,11,56,4.85,0.35,0
OUT1__IN1__path_1,OUT1,IN1,path_1,73,11,55,4.75,0.35,0
OUT1__IN1__path_1,OUT1,IN1,path_1,74,11,54,4.65,0.35,0
OUT1__IN1__path_1,OUT1,IN1,path_1,75,10,53,4.55,0.25,0
OUT1__IN1__path_1,OUT1,IN1,path_1,76,10,52,4.45,0.25,0
OUT1__IN1__path_1,OUT1,IN1,path_1,77,10,51,4.35,0.25,0
OUT1__IN1__path_1,OUT1,IN1,path_1,78,10,50,4.25,0.25,0
OUT1__IN1__path_1,OUT1,IN1,path_1,79,10,49,4.15,0.25,0
OUT1__IN1__path_1,OUT1,IN1,path_1,80,10,48,4.05,0.25,0
OUT1__IN1__path_1,OUT1,IN1,path_1,81,10,47,3.95,0.25,0
OUT1__IN1__path_1,OUT1,IN1,path_1,82,10,46,3.85,0.25,0
OUT1__IN1__path_1,OUT1,IN1,path_1,83,10,45,3.75,0.25,0
OUT1__IN1__path_1,OUT1,IN1,path_1,84,10,44,3.65,0.25,0
OUT1__IN1__path_1,OUT1,IN1,path_1,85,10,43,3.55,0.25,0
OUT1__IN1__path_1,OUT1,IN1,path_1,86,10,42,3.45,0.25,0
OUT1__IN1__path_1,OUT1,IN1,path_1,87,10,41,3.35,0.25,0
OUT1__IN1__path_1,OUT1,IN1,path_1,88,10,40,3.25,0.25,0
OUT1__IN1__path_1,OUT1,IN1,path_1,89,10,39,3.15,0.25,0
OUT1__IN1__path_1,OUT1,IN1,path_1,90,10,38,3.05,0.25,0
OUT1__IN1__path_1,OUT1,IN1,path_1,91,10,37,2.95,0.25,0
OUT1__IN1__path_1,OUT1,IN1,path_1,92,10,36,2.85,0.25,0
OUT1__IN1__path_1,OUT1,IN1,path_1,93,10,35,2.75,0.25,0
OUT1__IN1__path_1,OUT1,IN1,path_1,94,10,34,2.65,0.25,0
OUT1__IN1__path_1,OUT1,IN1,path_1,95,10,33,2.55,0.25,0
OUT1__IN1__path_1,OUT1,IN1,path_1,96,10,32,2.45,0.25,0
OUT1__IN1__path_1,OUT1,IN1,path_1,97,10,31,2.35,0.25,0
OUT1__IN1__path_1,OUT1,IN1,path_1,98,10,30,2.25,0.25,0
OUT1__IN1__path_1,OUT1,IN1,path_1,99,10,29,2.15,0.25,0
OUT1__IN1__path_1,OUT1,IN1,path_1,100,10,28,2.05,0.25,0
OUT1__IN1__path_1,OUT1,IN1,path_1,101,10,27,1.95,0.25,0
OUT1__IN1__path_1,OUT1,IN1,path_1,102,10,26,1.85,0.25,0
OUT1__IN1__path_1,OUT1,IN1,path_1,103,10,25,1.75,0.25,0
OUT1__IN1__path_1,OUT1,IN1,path_1,104,11,24,1.65,0.35,0
OUT1__IN1__path_1,OUT1,IN1,path_1,105,11,23,1.55,0.35,0
OUT1__IN1__path_1,OUT1,IN1,path_1,106,12,22,1.45,0.45,0
OUT1__IN1__path_1,OUT1,IN1,path_1,107,12,21,1.35,0.45,0
OUT1__IN1__path_1,OUT1,IN1,path_1,108,13,20,1.25,0.55,0
OUT1__IN1__path_1,OUT1,IN1,path_1,109,13,19,1.15,0.55,0
OUT1__IN1__path_1,OUT1,IN1,path_1,110,13,18,1.05,0.55,0
OUT1__IN1__path_1,OUT1,IN1,path_1,111,14,17,0.95,0.65,0
OUT1__IN1__path_1,OUT1,IN1,path_1,112,14,16,0.85,0.65,0
OUT1__IN1__path_1,OUT1,IN1,path_1,113,15,15,0.75,0.75,0
OUT1__IN1__path_1,OUT1,IN1,path_1,114,15,14,0.65,0.75,0
OUT1__IN1__path_1,OUT1,IN1,path_1,115,16,13,0.55,0.85,0
OUT1__IN1__path_1,OUT1,IN1,path_1,116,16,12,0.45,0.85,0
OUT1__IN1__path_1,OUT1,IN1,path_1,117,17,11,0.35,0.95,0
OUT1__IN1__path_1,OUT1,IN1,path_1,118,17,10,0.25,0.95,0
OUT1__IN1__path_1,OUT1,IN1,path_1,119,17,9,0.15,0.95,0
OUT1__IN1__path_1,OUT1,IN1,path_1,120,18,8,0.05,1.05,0
OUT1__IN2__path_1,OUT1,IN2,path_1,0,27,128,12.05,1.95,0
OUT1__IN2__path_1,OUT1,IN2,path_1,1,27,127,11.95,1.95,0
OUT1__IN2__path_1,OUT1,IN2,path_1,2,27,126,11.85,1.95,0
OUT1__IN2__path_1,OUT1,IN2,path_1,3,27,125,11.75,1.95,0
OUT1__IN2__path_1,OUT1,IN2,path_1,4,27,124,11.65,1.95,0
OUT1__IN2__path_1,OUT1,IN2,path_1,5,27,123,11.55,1.95,0
OUT1__IN2__path_1,OUT1,IN2,path_1,6,27,122,11.45,1.95,0
OUT1__IN2__path_1,OUT1,IN2,path_1,7,27,121,11.35,1.95,0
OUT1__IN2__path_1,OUT1,IN2,path_1,8,27,120,11.25,1.95,0
OUT1__IN2__path_1,OUT1,IN2,path_1,9,27,119,11.15,1.95,0
OUT1__IN2__path_1,OUT1,IN2,path_1,10,27,118,11.05,1.95,0
OUT1__IN2__path_1,OUT1,IN2,path_1,11,27,117,10.95,1.95,0
OUT1__IN2__path_1,OUT1,IN2,path_1,12,28,116,10.85,2.05,0
OUT1__IN2__path_1,OUT1,IN2,path_1,13,29,115,10.75,2.15,0
OUT1__IN2__path_1,OUT1,IN2,path_1,14,30,114,10.65,2.25,0
OUT1__IN2__path_1,OUT1,IN2,path_1,15,31,113,10.55,2.35,0
OUT1__IN2__path_1,OUT1,IN2,path_1,16,32,112,10.45,2.45,0
OUT1__IN2__path_1,OUT1,IN2,path_1,17,33,111,10.35,2.55,0
OUT1__IN2__path_1,OUT1,IN2,path_1,18,33,110,10.25,2.55,0
OUT1__IN2__path_1,OUT1,IN2,path_1,19,33,109,10.15,2.55,0
OUT1__IN2__path_1,OUT1,IN2,path_1,20,33,108,10.05,2.55,0
OUT1__IN2__path_1,OUT1,IN2,path_1,21,33,107,9.95,2.55,0
OUT1__IN2__path_1,OUT1,IN2,path_1,22,33,106,9.85,2.55,0
OUT1__IN2__path_1,OUT1,IN2,path_1,23,34,105,9.75,2.65,0
OUT1__IN2__path_1,OUT1,IN2,path_1,24,35,104,9.65,2.75,0
OUT1__IN2__path_1,OUT1,IN2,path_1,25,36,103,9.55,2.85,0
OUT1__IN2__path_1,OUT1,IN2,path_1,26,37,102,9.45,2.95,0
OUT1__IN2__path_1,OUT1,IN2,path_1,27,38,101,9.35,3.05,0
OUT1__IN2__path_1,OUT1,IN2,path_1,28,39,100,9.25,3.15,0
OUT1__IN2__path_1,OUT1,IN2,path_1,29,40,99,9.15,3.25,0
OUT1__IN2__path_1,OUT1,IN2,path_1,30,41,98,9.05,3.35,0
OUT1__IN2__path_1,OUT1,IN2,path_1,31,42,97,8.95,3.45,0
OUT1__IN2__path_1,OUT1,IN2,path_1,32,43,96,8.85,3.55,0
OUT1__IN2__path_1,OUT1,IN2,path_1,33,44,95,8.75,3.65,0
OUT1__IN2__path_1,OUT1,IN2,path_1,34,44,94,8.65,3.65,0
OUT1__IN2__path_1,OUT1,IN2,path_1,35,44,93,8.55,3.65,0
OUT1__IN2__path_1,OUT1,IN2,path_1,36,44,92,8.45,3.65,0
OUT1__IN2__path_1,OUT1,IN2,path_1,37,44,91,8.35,3.65,0
OUT1__IN2__path_1,OUT1,IN2,path_1,38,44,90,8.25,3.65,0
OUT1__IN2__path_1,OUT1,IN2,path_1,39,44,89,8.15,3.65,0
OUT1__IN2__path_1,OUT1,IN2,path_1,40,44,88,8.05,3.65,0
OUT1__IN2__path_1,OUT1,IN2,path_1,41,44,87,7.95,3.65,0
OUT1__IN2__path_1,OUT1,IN2,path_1,42,44,86,7.85,3.65,0
OUT1__IN2__path_1,OUT1,IN2,path_1,43,44,85,7.75,3.65,0
OUT1__IN2__path_1,OUT1,IN2,path_1,44,44,84,7.65,3.65,0
OUT1__IN2__path_1,OUT1,IN2,path_1,45,44,83,7.55,3.65,0
OUT1__IN2__path_1,OUT1,IN2,path_1,46,44,82,7.45,3.65,0
OUT1__IN2__path_1,OUT1,IN2,path_1,47,44,81,7.35,3.65,0
OUT1__IN2__path_1,OUT1,IN2,path_1,48,44,80,7.25,3.65,0
OUT1__IN2__path_1,OUT1,IN2,path_1,49,44,79,7.15,3.65,0
OUT1__IN2__path_1,OUT1,IN2,path_1,50,44,78,7.05,3.65,0
OUT1__IN2__path_1,OUT1,IN2,path_1,51,44,77,6.95,3.65,0
OUT1__IN2__path_1,OUT1,IN2,path_1,52,45,76,6.85,3.75,0
OUT1__IN2__path_1,OUT1,IN2,path_1,53,46,75,6.75,3.85,0
OUT1__IN2__path_1,OUT1,IN2,path_1,54,47,74,6.65,3.95,0
OUT1__IN2__path_1,OUT1,IN2,path_1,55,48,73,6.55,4.05,0
OUT1__IN2__path_1,OUT1,IN2,path_1,56,48,72,6.45,4.05,0
OUT1__IN2__path_1,OUT1,IN2,path_1,57,48,71,6.35,4.05,0
OUT1__IN2__path_1,OUT1,IN2,path_1,58,48,70,6.25,4.05,0
OUT1__IN2__path_1,OUT1,IN2,path_1,59,48,69,6.15,4.05,0
OUT1__IN2__path_1,OUT1,IN2,path_1,60,48,68,6.05,4.05,0
OUT1__IN2__path_1,OUT1,IN2,path_1,61,48,67,5.95,4.05,0
OUT1__IN2__path_1,OUT1,IN2,path_1,62,48,66,5.85,4.05,0
OUT1__IN2__path_1,OUT1,IN2,path_1,63,48,65,5.75,4.05,0
OUT1__IN2__path_1,OUT1,IN2,path_1,64,48,64,5.65,4.05,0
OUT1__IN2__path_1,OUT1,IN2,path_1,65,48,63,5.55,4.05,0
OUT1__IN2__path_1,OUT1,IN2,path_1,66,48,62,5.45,4.05,0
OUT1__IN2__path_1,OUT1,IN2,path_1,67,48,61,5.35,4.05,0
OUT1__IN2__path_1,OUT1,IN2,path_1,68,48,60,5.25,4.05,0
OUT1__IN2__path_1,OUT1,IN2,path_1,69,48,59,5.15,4.05,0
OUT1__IN2__path_1,OUT1,IN2,path_1,70,48,58,5.05,4.05,0
OUT1__IN2__path_1,OUT1,IN2,path_1,71,48,57,4.95,4.05,0
OUT1__IN2__path_1,OUT1,IN2,path_1,72,48,56,4.85,4.05,0
OUT1__IN2__path_1,OUT1,IN2,path_1,73,48,55,4.75,4.05,0
OUT1__IN2__path_1,OUT1,IN2,path_1,74,48,54,4.65,4.05,0
OUT1__IN2__path_1,OUT1,IN2,path_1,75,48,53,4.55,4.05,0
OUT1__IN2__path_1,OUT1,IN2,path_1,76,48,52,4.45,4.05,0
OUT1__IN2__path_1,OUT1,IN2,path_1,77,48,51,4.35,4.05,0
OUT1__IN2__path_1,OUT1,IN2,path_1,78,48,50,4.25,4.05,0
OUT1__IN2__path_1,OUT1,IN2,path_1,79,48,49,4.15,4.05,0
OUT1__IN2__path_1,OUT1,IN2,path_1,80,48,48,4.05,4.05,0
OUT1__IN2__path_1,OUT1,IN2,path_1,81,48,47,3.95,4.05,0
OUT1__IN2__path_1,OUT1,IN2,path_1,82,48,46,3.85,4.05,0
OUT1__IN2__path_1,OUT1,IN2,path_1,83,48,45,3.75,4.05,0
OUT1__IN2__path_1,OUT1,IN2,path_1,84,48,44,3.65,4.05,0
OUT1__IN2__path_1,OUT1,IN2,path_1,85,48,43,3.55,4.05,0
OUT1__IN2__path_1,OUT1,IN2,path_1,86,48,42,3.45,4.05,0
OUT1__IN2__path_1,OUT1,IN2,path_1,87,48,41,3.35,4.05,0
OUT1__IN2__path_1,OUT1,IN2,path_1,88,48,40,3.25,4.05,0
OUT1__IN2__path_1,OUT1,IN2,path_1,89,48,39,3.15,4.05,0
OUT1__IN2__path_1,OUT1,IN2,path_1,90,48,38,3.05,4.05,0
OUT1__IN2__path_1,OUT1,IN2,path_1,91,48,37,2.95,4.05,0
OUT1__IN2__path_1,OUT1,IN2,path_1,92,48,36,2.85,4.05,0
OUT1__IN2__path_1,OUT1,IN2,path_1,93,48,35,2.75,4.05,0
OUT1__IN2__path_1,OUT1,IN2,path_1,94,48,34,2.65,4.05,0
OUT1__IN2__path_1,OUT1,IN2,path_1,95,48,33,2.55,4.05,0
OUT1__IN2__path_1,OUT1,IN2,path_1,96,48,32,2.45,4.05,0
OUT1__IN2__path_1,OUT1,IN2,path_1,97,48,31,2.35,4.05,0
OUT1__IN2__path_1,OUT1,IN2,path_1,98,48,30,2.25,4.05,0
OUT1__IN2__path_1,OUT1,IN2,path_1,99,48,29,2.15,4.05,0
OUT1__IN2__path_1,OUT1,IN2,path_1,100,48,28,2.05,4.05,0
OUT1__IN2__path_1,OUT1,IN2,path_1,101,48,27,1.95,4.05,0
OUT1__IN2__path_1,OUT1,IN2,path_1,102,49,26,1.85,4.15,0
OUT1__IN2__path_1,OUT1,IN2,path_1,103,49,25,1.75,4.15,0
OUT1__IN2__path_1,OUT1,IN2,path_1,104,50,24,1.65,4.25,0
OUT1__IN2__path_1,OUT1,IN2,path_1,105,50,23,1.55,4.25,0
OUT1__IN2__path_1,OUT1,IN2,path_1,106,51,22,1.45,4.35,0
OUT1__IN2__path_1,OUT1,IN2,path_1,107,51,21,1.35,4.35,0
OUT1__IN2__path_1,OUT1,IN2,path_1,108,52,20,1.25,4.45,0
OUT1__IN2__path_1,OUT1,IN2,path_1,109,52,19,1.15,4.45,0
OUT1__IN2__path_1,OUT1,IN2,path_1,110,52,18,1.05,4.45,0
OUT1__IN2__path_1,OUT1,IN2,path_1,111,53,17,0.95,4.55,0
OUT1__IN2__path_1,OUT1,IN2,path_1,112,53,16,0.85,4.55,0
OUT1__IN2__path_1,OUT1,IN2,path_1,113,54,15,0.75,4.65,0
OUT1__IN2__path_1,OUT1,IN2,path_1,114,54,14,0.65,4.65,0
OUT1__IN2__path_1,OUT1,IN2,path_1,115,55,13,0.55,4.75,0
OUT1__IN2__path_1,OUT1,IN2,path_1,116,55,12,0.45,4.75,0
OUT1__IN2__path_1,OUT1,IN2,path_1,117,56,11,0.35,4.85,0
OUT1__IN2__path_1,OUT1,IN2,path_1,118,56,10,0.25,4.85,0
OUT1__IN2__path_1,OUT1,IN2,path_1,119,56,9,0.15,4.85,0
OUT1__IN2__path_1,OUT1,IN2,path_1,120,57,8,0.05,4.95,0
OUT1__P1__path_1,OUT1,P1,path_1,0,27,128,12.05,1.95,0
OUT1__P1__path_1,OUT1,P1,path_1,1,27,127,11.95,1.95,0
OUT1__P1__path_1,OUT1,P1,path_1,2,27,126,11.85,1.95,0
OUT1__P1__path_1,OUT1,P1,path_1,3,27,125,11.75,1.95,0
OUT1__P1__path_1,OUT1,P1,path_1,4,27,124,11.65,1.95,0
OUT1__P1__path_1,OUT1,P1,path_1,5,27,123,11.55,1.95,0
OUT1__P1__path_1,OUT1,P1,path_1,6,27,122,11.45,1.95,0
OUT1__P1__path_1,OUT1,P1,path_1,7,27,121,11.35,1.95,0
OUT1__P1__path_1,OUT1,P1,path_1,8,27,120,11.25,1.95,0
OUT1__P1__path_1,OUT1,P1,path_1,9,27,119,11.15,1.95,0
OUT1__P1__path_1,OUT1,P1,path_1,10,27,118,11.05,1.95,0
OUT1__P1__path_1,OUT1,P1,path_1,11,27,117,10.95,1.95,0
OUT1__P1__path_1,OUT1,P1,path_1,12,26,116,10.85,1.85,0
OUT1__P1__path_1,OUT1,P1,path_1,13,25,115,10.75,1.75,0
OUT1__P1__path_1,OUT1,P1,path_1,14,24,114,10.65,1.65,0
OUT1__P1__path_1,OUT1,P1,path_1,15,23,113,10.55,1.55,0
OUT1__P1__path_1,OUT1,P1,path_1,16,22,112,10.45,1.45,0
OUT1__P1__path_1,OUT1,P1,path_1,17,21,111,10.35,1.35,0
OUT1__P1__path_1,OUT1,P1,path_1,18,21,110,10.25,1.35,0
OUT1__P1__path_1,OUT1,P1,path_1,19,21,109,10.15,1.35,0
OUT1__P1__path_1,OUT1,P1,path_1,20,21,108,10.05,1.35,0
OUT1__P1__path_1,OUT1,P1,path_1,21,21,107,9.95,1.35,0
OUT1__P1__path_1,OUT1,P1,path_1,22,21,106,9.85,1.35,0
OUT1__P1__path_1,OUT1,P1,path_1,23,21,105,9.75,1.35,0
OUT1__P1__path_1,OUT1,P1,path_1,24,20,104,9.65,1.25,0
OUT1__P1__path_1,OUT1,P1,path_1,25,19,103,9.55,1.15,0
OUT1__P1__path_1,OUT1,P1,path_1,26,18,102,9.45,1.05,0
OUT1__P1__path_1,OUT1,P1,path_1,27,17,101,9.35,0.95,0
OUT1__P1__path_1,OUT1,P1,path_1,28,16,100,9.25,0.85,0
OUT1__P1__path_1,OUT1,P1,path_1,29,15,99,9.15,0.75,0
OUT1__P1__path_1,OUT1,P1,path_1,30,14,98,9.05,0.65,0
OUT1__P1__path_1,OUT1,P1,path_1,31,13,97,8.95,0.55,0
OUT1__P1__path_1,OUT1,P1,path_1,32,12,96,8.85,0.45,0
OUT1__P1__path_1,OUT1,P1,path_1,33,12,95,8.75,0.45,0
OUT1__P1__path_1,OUT1,P1,path_1,34,12,94,8.65,0.45,0
OUT1__P1__path_1,OUT1,P1,path_1,35,12,93,8.55,0.45,0
OUT1__P1__path_1,OUT1,P1,path_1,36,12,92,8.45,0.45,0
OUT1__P1__path_1,OUT1,P1,path_1,37,12,91,8.35,0.45,0
OUT1__P1__path_1,OUT1,P1,path_1,38,12,90,8.25,0.45,0
OUT1__P1__path_1,OUT1,P1,path_1,39,12,89,8.15,0.45,0
OUT1__P1__path_1,OUT1,P1,path_1,40,12,88,8.05,0.45,0
OUT1__P1__path_1,OUT1,P1,path_1,41,12,87,7.95,0.45,0
OUT1__P1__path_1,OUT1,P1,path_1,42,12,86,7.85,0.45,0
OUT1__P1__path_1,OUT1,P1,path_1,43,12,85,7.75,0.45,0
OUT1__P1__path_1,OUT1,P1,path_1,44,12,84,7.65,0.45,0
OUT1__P1__path_1,OUT1,P1,path_1,45,12,83,7.55,0.45,0
OUT1__P1__path_1,OUT1,P1,path_1,46,12,82,7.45,0.45,0
OUT1__P1__path_1,OUT1,P1,path_1,47,12,81,7.35,0.45,0
OUT1__P1__path_1,OUT1,P1,path_1,48,12,80,7.25,0.45,0
OUT1__P1__path_1,OUT1,P1,path_1,49,12,79,7.15,0.45,0
OUT1__P1__path_1,OUT1,P1,path_1,50,12,78,7.05,0.45,0
OUT1__P1__path_1,OUT1,P1,path_1,51,12,77,6.95,0.45,0
OUT1__P1__path_1,OUT1,P1,path_1,52,12,76,6.85,0.45,0
OUT1__P1__path_1,OUT1,P1,path_1,53,11,75,6.75,0.35,0
OUT1__P1__path_1,OUT1,P1,path_1,54,11,74,6.65,0.35,0
OUT1__P1__path_1,OUT1,P1,path_1,55,11,73,6.55,0.35,0
OUT1__P1__path_1,OUT1,P1,path_1,56,11,72,6.45,0.35,0
OUT1__P1__path_1,OUT1,P1,path_1,57,11,71,6.35,0.35,0
OUT1__P1__path_1,OUT1,P1,path_1,58,11,70,6.25,0.35,0
OUT1__P1__path_1,OUT1,P1,path_1,59,11,69,6.15,0.35,0
OUT1__P1__path_1,OUT1,P1,path_1,60,11,68,6.05,0.35,0
OUT1__P1__path_1,OUT1,P1,path_1,61,11,67,5.95,0.35,0
OUT1__P1__path_1,OUT1,P1,path_1,62,11,66,5.85,0.35,0
OUT1__P1__path_1,OUT1,P1,path_1,63,11,65,5.75,0.35,0
OUT1__P1__path_1,OUT1,P1,path_1,64,11,64,5.65,0.35,0
OUT1__P1__path_1,OUT1,P1,path_1,65,11,63,5.55,0.35,0
OUT1__P1__path_1,OUT1,P1,path_1,66,11,62,5.45,0.35,0
OUT1__P1__path_1,OUT1,P1,path_1,67,11,61,5.35,0.35,0
OUT1__P1__path_1,OUT1,P1,path_1,68,11,60,5.25,0.35,0
OUT1__P1__path_1,OUT1,P1,path_1,69,11,59,5.15,0.35,0
OUT1__P1__path_1,OUT1,P1,path_1,70,11,58,5.05,0.35,0
OUT1__P1__path_1,OUT1,P1,path_1,71,11,57,4.95,0.35,0
OUT1__P1__path_1,OUT1,P1,path_1,72,11,56,4.85,0.35,0
OUT1__P1__path_1,OUT1,P1,path_1,73,11,55,4.75,0.35,0
OUT1__P1__path_1,OUT1,P1,path_1,74,11,54,4.65,0.35,0
OUT1__P1__path_1,OUT1,P1,path_1,75,10,53,4.55,0.25,0
OUT1__P1__path_1,OUT1,P1,path_1,76,10,52,4.45,0.25,0
OUT1__P1__path_1,OUT1,P1,path_1,77,10,51,4.35,0.25,0
OUT1__P1__path_1,OUT1,P1,path_1,78,10,50,4.25,0.25,0
OUT1__P1__path_1,OUT1,P1,path_1,79,10,49,4.15,0.25,0
OUT1__P1__path_1,OUT1,P1,path_1,80,10,48,4.05,0.25,0
OUT1__P1__path_1,OUT1,P1,path_1,81,10,47,3.95,0.25,0
OUT1__P1__path_1,OUT1,P1,path_1,82,10,46,3.85,0.25,0
OUT1__P1__path_1,OUT1,P1,path_1,83,10,45,3.75,0.25,0
OUT1__P1__path_1,OUT1,P1,path_1,84,10,44,3.65,0.25,0
OUT1__P1__path_1,OUT1,P1,path_1,85,10,43,3.55,0.25,0
OUT1__P1__path_1,OUT1,P1,path_1,86,10,42,3.45,0.25,0
OUT1__P1__path_1,OUT1,P1,path_1,87,10,41,3.35,0.25,0
OUT1__P1__path_1,OUT1,P1,path_1,88,10,40,3.25,0.25,0
OUT1__P1__path_1,OUT1,P1,path_1,89,10,39,3.15,0.25,0
OUT1__P1__path_1,OUT1,P1,path_1,90,10,38,3.05,0.25,0
OUT1__P1__path_1,OUT1,P1,path_1,91,11,38,3.05,0.35,0
OUT1__P1__path_1,OUT1,P1,path_1,92,12,38,3.05,0.45,0
OUT1__P1__path_1,OUT1,P1,path_1,93,13,38,3.05,0.55,0
OUT1__P1__path_1,OUT1,P1,path_1,94,14,38,3.05,0.65,0
OUT1__P1__path_1,OUT1,P1,path_1,95,15,38,3.05,0.75,0
OUT1__P1__path_1,OUT1,P1,path_1,96,16,38,3.05,0.85,0
OUT1__P1__path_1,OUT1,P1,path_1,97,17,37,2.95,0.95,0
OUT1__P2__path_1,OUT1,P2,path_1,0,27,128,12.05,1.95,0
OUT1__P2__path_1,OUT1,P2,path_1,1,27,127,11.95,1.95,0
OUT1__P2__path_1,OUT1,P2,path_1,2,27,126,11.85,1.95,0
OUT1__P2__path_1,OUT1,P2,path_1,3,27,125,11.75,1.95,0
OUT1__P2__path_1,OUT1,P2,path_1,4,27,124,11.65,1.95,0
OUT1__P2__path_1,OUT1,P2,path_1,5,27,123,11.55,1.95,0
OUT1__P2__path_1,OUT1,P2,path_1,6,27,122,11.45,1.95,0
OUT1__P2__path_1,OUT1,P2,path_1,7,27,121,11.35,1.95,0
OUT1__P2__path_1,OUT1,P2,path_1,8,27,120,11.25,1.95,0
OUT1__P2__path_1,OUT1,P2,path_1,9,27,119,11.15,1.95,0
OUT1__P2__path_1,OUT1,P2,path_1,10,27,118,11.05,1.95,0
OUT1__P2__path_1,OUT1,P2,path_1,11,27,117,10.95,1.95,0
OUT1__P2__path_1,OUT1,P2,path_1,12,26,116,10.85,1.85,0
OUT1__P2__path_1,OUT1,P2,path_1,13,25,115,10.75,1.75,0
OUT1__P2__path_1,OUT1,P2,path_1,14,24,114,10.65,1.65,0
OUT1__P2__path_1,OUT1,P2,path_1,15,23,113,10.55,1.55,0
OUT1__P2__path_1,OUT1,P2,path_1,16,22,112,10.45,1.45,0
OUT1__P2__path_1,OUT1,P2,path_1,17,21,111,10.35,1.35,0
OUT1__P2__path_1,OUT1,P2,path_1,18,21,110,10.25,1.35,0
OUT1__P2__path_1,OUT1,P2,path_1,19,21,109,10.15,1.35,0
OUT1__P2__path_1,OUT1,P2,path_1,20,21,108,10.05,1.35,0
OUT1__P2__path_1,OUT1,P2,path_1,21,21,107,9.95,1.35,0
OUT1__P2__path_1,OUT1,P2,path_1,22,21,106,9.85,1.35,0
OUT1__P2__path_1,OUT1,P2,path_1,23,21,105,9.75,1.35,0
OUT1__P2__path_1,OUT1,P2,path_1,24,20,104,9.65,1.25,0
OUT1__P2__path_1,OUT1,P2,path_1,25,19,103,9.55,1.15,0
OUT1__P2__path_1,OUT1,P2,path_1,26,18,102,9.45,1.05,0
OUT1__P2__path_1,OUT1,P2,path_1,27,17,101,9.35,0.95,0
OUT1__P2__path_1,OUT1,P2,path_1,28,16,100,9.25,0.85,0
OUT1__P2__path_1,OUT1,P2,path_1,29,15,99,9.15,0.75,0
OUT1__P2__path_1,OUT1,P2,path_1,30,14,98,9.05,0.65,0
OUT1__P2__path_1,OUT1,P2,path_1,31,13,97,8.95,0.55,0
OUT1__P2__path_1,OUT1,P2,path_1,32,12,96,8.85,0.45,0
OUT1__P2__path_1,OUT1,P2,path_1,33,12,95,8.75,0.45,0
OUT1__P2__path_1,OUT1,P2,path_1,34,12,94,8.65,0.45,0
OUT1__P2__path_1,OUT1,P2,path_1,35,12,93,8.55,0.45,0
OUT1__P2__path_1,OUT1,P2,path_1,36,12,92,8.45,0.45,0
OUT1__P2__path_1,OUT1,P2,path_1,37,12,91,8.35,0.45,0
OUT1__P2__path_1,OUT1,P2,path_1,38,12,90,8.25,0.45,0
OUT1__P2__path_1,OUT1,P2,path_1,39,12,89,8.15,0.45,0
OUT1__P2__path_1,OUT1,P2,path_1,40,12,88,8.05,0.45,0
OUT1__P2__path_1,OUT1,P2,path_1,41,12,87,7.95,0.45,0
OUT1__P2__path_1,OUT1,P2,path_1,42,12,86,7.85,0.45,0
OUT1__P2__path_1,OUT1,P2,path_1,43,12,85,7.75,0.45,0
OUT1__P2__path_1,OUT1,P2,path_1,44,12,84,7.65,0.45,0
OUT1__P2__path_1,OUT1,P2,path_1,45,12,83,7.55,0.45,0
OUT1__P2__path_1,OUT1,P2,path_1,46,12,82,7.45,0.45,0
OUT1__P2__path_1,OUT1,P2,path_1,47,12,81,7.35,0.45,0
OUT1__P2__path_1,OUT1,P2,path_1,48,12,80,7.25,0.45,0
OUT1__P2__path_1,OUT1,P2,path_1,49,12,79,7.15,0.45,0
OUT1__P2__path_1,OUT1,P2,path_1,50,12,78,7.05,0.45,0
OUT1__P2__path_1,OUT1,P2,path_1,51,12,77,6.95,0.45,0
OUT1__P2__path_1,OUT1,P2,path_1,52,12,76,6.85,0.45,0
OUT1__P2__path_1,OUT1,P2,path_1,53,11,75,6.75,0.35,0
OUT1__P2__path_1,OUT1,P2,path_1,54,11,74,6.65,0.35,0
OUT1__P2__path_1,OUT1,P2,path_1,55,11,73,6.55,0.35,0
OUT1__P2__path_1,OUT1,P2,path_1,56,11,72,6.45,0.35,0
OUT1__P2__path_1,OUT1,P2,path_1,57,11,71,6.35,0.35,0
OUT1__P2__path_1,OUT1,P2,path_1,58,11,70,6.25,0.35,0
OUT1__P2__path_1,OUT1,P2,path_1,59,11,69,6.15,0.35,0
OUT1__P2__path_1,OUT1,P2,path_1,60,11,68,6.05,0.35,0
OUT1__P2__path_1,OUT1,P2,path_1,61,11,67,5.95,0.35,0
OUT1__P2__path_1,OUT1,P2,path_1,62,11,66,5.85,0.35,0
OUT1__P2__path_1,OUT1,P2,path_1,63,11,65,5.75,0.35,0
OUT1__P2__path_1,OUT1,P2,path_1,64,11,64,5.65,0.35,0
OUT1__P2__path_1,OUT1,P2,path_1,65,11,63,5.55,0.35,0
OUT1__P2__path_1,OUT1,P2,path_1,66,11,62,5.45,0.35,0
OUT1__P2__path_1,OUT1,P2,path_1,67,11,61,5.35,0.35,0
OUT1__P2__path_1,OUT1,P2,path_1,68,11,60,5.25,0.35,0
OUT1__P2__path_1,OUT1,P2,path_1,69,11,59,5.15,0.35,0
OUT1__P2__path_1,OUT1,P2,path_1,70,11,58,5.05,0.35,0
OUT1__P2__path_1,OUT1,P2,path_1,71,11,57,4.95,0.35,0
OUT1__P2__path_1,OUT1,P2,path_1,72,12,57,4.95,0.45,0
OUT1__P2__path_1,OUT1,P2,path_1,73,13,57,4.95,0.55,0
OUT1__P2__path_1,OUT1,P2,path_1,74,14,57,4.95,0.65,0
OUT1__P2__path_1,OUT1,P2,path_1,75,15,57,4.95,0.75,0
OUT1__P2__path_1,OUT1,P2,path_1,76,16,57,4.95,0.85,0
OUT1__P2__path_1,OUT1,P2,path_1,77,17,57,4.95,0.95,0
OUT1__P2__path_1,OUT1,P2,path_1,78,18,57,4.95,1.05,0
OUT1__P2__path_1,OUT1,P2,path_1,79,19,57,4.95,1.15,0
OUT1__P2__path_1,OUT1,P2,path_1,80,20,57,4.95,1.25,0
OUT1__P2__path_1,OUT1,P2,path_1,81,21,57,4.95,1.35,0
OUT1__P2__path_1,OUT1,P2,path_1,82,22,57,4.95,1.45,0
OUT1__P2__path_1,OUT1,P2,path_1,83,23,57,4.95,1.55,0
OUT1__P2__path_1,OUT1,P2,path_1,84,24,56,4.85,1.65,0
OUT1__P2__path_1,OUT1,P2,path_1,85,25,56,4.85,1.75,0
OUT1__P2__path_1,OUT1,P2,path_1,86,26,55,4.75,1.85,0
OUT1__P2__path_1,OUT1,P2,path_1,87,27,55,4.75,1.95,0
OUT1__P2__path_1,OUT1,P2,path_1,88,28,54,4.65,2.05,0
OUT1__P2__path_1,OUT1,P2,path_1,89,29,54,4.65,2.15,0
OUT1__P2__path_1,OUT1,P2,path_1,90,30,54,4.65,2.25,0
OUT1__P2__path_1,OUT1,P2,path_1,91,31,53,4.55,2.35,0
OUT1__P3__path_1,OUT1,P3,path_1,0,27,128,12.05,1.95,0
OUT1__P3__path_1,OUT1,P3,path_1,1,27,127,11.95,1.95,0
OUT1__P3__path_1,OUT1,P3,path_1,2,27,126,11.85,1.95,0
OUT1__P3__path_1,OUT1,P3,path_1,3,27,125,11.75,1.95,0
OUT1__P3__path_1,OUT1,P3,path_1,4,27,124,11.65,1.95,0
OUT1__P3__path_1,OUT1,P3,path_1,5,27,123,11.55,1.95,0
OUT1__P3__path_1,OUT1,P3,path_1,6,27,122,11.45,1.95,0
OUT1__P3__path_1,OUT1,P3,path_1,7,27,121,11.35,1.95,0
OUT1__P3__path_1,OUT1,P3,path_1,8,27,120,11.25,1.95,0
OUT1__P3__path_1,OUT1,P3,path_1,9,27,119,11.15,1.95,0
OUT1__P3__path_1,OUT1,P3,path_1,10,27,118,11.05,1.95,0
OUT1__P3__path_1,OUT1,P3,path_1,11,27,117,10.95,1.95,0
OUT1__P3__path_1,OUT1,P3,path_1,12,28,116,10.85,2.05,0
OUT1__P3__path_1,OUT1,P3,path_1,13,29,115,10.75,2.15,0
OUT1__P3__path_1,OUT1,P3,path_1,14,30,114,10.65,2.25,0
OUT1__P3__path_1,OUT1,P3,path_1,15,31,113,10.55,2.35,0
OUT1__P3__path_1,OUT1,P3,path_1,16,32,112,10.45,2.45,0
OUT1__P3__path_1,OUT1,P3,path_1,17,33,111,10.35,2.55,0
OUT1__P3__path_1,OUT1,P3,path_1,18,33,110,10.25,2.55,0
OUT1__P3__path_1,OUT1,P3,path_1,19,33,109,10.15,2.55,0
OUT1__P3__path_1,OUT1,P3,path_1,20,33,108,10.05,2.55,0
OUT1__P3__path_1,OUT1,P3,path_1,21,33,107,9.95,2.55,0
OUT1__P3__path_1,OUT1,P3,path_1,22,33,106,9.85,2.55,0
OUT1__P3__path_1,OUT1,P3,path_1,23,34,105,9.75,2.65,0
OUT1__P3__path_1,OUT1,P3,path_1,24,35,104,9.65,2.75,0
OUT1__P3__path_1,OUT1,P3,path_1,25,36,103,9.55,2.85,0
OUT1__P3__path_1,OUT1,P3,path_1,26,37,102,9.45,2.95,0
OUT1__P3__path_1,OUT1,P3,path_1,27,38,101,9.35,3.05,0
OUT1__P3__path_1,OUT1,P3,path_1,28,39,100,9.25,3.15,0
OUT1__P3__path_1,OUT1,P3,path_1,29,40,99,9.15,3.25,0
OUT1__P3__path_1,OUT1,P3,path_1,30,41,98,9.05,3.35,0
OUT1__P3__path_1,OUT1,P3,path_1,31,42,97,8.95,3.45,0
OUT1__P3__path_1,OUT1,P3,path_1,32,43,96,8.85,3.55,0
OUT1__P3__path_1,OUT1,P3,path_1,33,44,95,8.75,3.65,0
OUT1__P3__path_1,OUT1,P3,path_1,34,44,94,8.65,3.65,0
OUT1__P3__path_1,OUT1,P3,path_1,35,44,93,8.55,3.65,0
OUT1__P3__path_1,OUT1,P3,path_1,36,44,92,8.45,3.65,0
OUT1__P3__path_1,OUT1,P3,path_1,37,44,91,8.35,3.65,0
OUT1__P3__path_1,OUT1,P3,path_1,38,44,90,8.25,3.65,0
OUT1__P3__path_1,OUT1,P3,path_1,39,44,89,8.15,3.65,0
OUT1__P3__path_1,OUT1,P3,path_1,40,44,88,8.05,3.65,0
OUT1__P3__path_1,OUT1,P3,path_1,41,44,87,7.95,3.65,0
OUT1__P3__path_1,OUT1,P3,path_1,42,44,86,7.85,3.65,0
OUT1__P3__path_1,OUT1,P3,path_1,43,44,85,7.75,3.65,0
OUT1__P3__path_1,OUT1,P3,path_1,44,44,84,7.65,3.65,0
OUT1__P3__path_1,OUT1,P3,path_1,45,44,83,7.55,3.65,0
OUT1__P3__path_1,OUT1,P3,path_1,46,44,82,7.45,3.65,0
OUT1__P3__path_1,OUT1,P3,path_1,47,44,81,7.35,3.65,0
OUT1__P3__path_1,OUT1,P3,path_1,48,44,80,7.25,3.65,0
OUT1__P3__path_1,OUT1,P3,path_1,49,44,79,7.15,3.65,0
OUT1__P3__path_1,OUT1,P3,path_1,50,44,78,7.05,3.65,0
OUT1__P3__path_1,OUT1,P3,path_1,51,45,77,6.95,3.75,0
OUT1__P3__path_1,OUT1,P3,path_1,52,45,76,6.85,3.75,0
OUT1__P3__path_1,OUT1,P3,path_1,53,46,75,6.75,3.85,0
OUT1__P3__path_1,OUT1,P3,path_1,54,47,74,6.65,3.95,0
OUT1__P3__path_1,OUT1,P3,path_1,55,48,73,6.55,4.05,0
OUT1__P3__path_1,OUT1,P3,path_1,56,48,72,6.45,4.05,0
OUT1__P3__path_1,OUT1,P3,path_1,57,48,71,6.35,4.05,0
OUT1__P3__path_1,OUT1,P3,path_1,58,48,70,6.25,4.05,0
OUT1__P3__path_1,OUT1,P3,path_1,59,48,69,6.15,4.05,0
OUT1__P3__path_1,OUT1,P3,path_1,60,48,68,6.05,4.05,0
OUT1__P3__path_1,OUT1,P3,path_1,61,49,67,5.95,4.15,0
OUT1__P3__path_1,OUT1,P3,path_1,62,49,66,5.85,4.15,0
OUT1__P3__path_1,OUT1,P3,path_1,63,49,65,5.75,4.15,0
OUT1__P3__path_1,OUT1,P3,path_1,64,49,64,5.65,4.15,0
OUT1__P3__path_1,OUT1,P3,path_1,65,49,63,5.55,4.15,0
OUT1__P3__path_1,OUT1,P3,path_1,66,49,62,5.45,4.15,0
OUT1__P3__path_1,OUT1,P3,path_1,67,49,61,5.35,4.15,0
OUT1__P3__path_1,OUT1,P3,path_1,68,49,60,5.25,4.15,0
OUT1__P3__path_1,OUT1,P3,path_1,69,49,59,5.15,4.15,0
OUT1__P3__path_1,OUT1,P3,path_1,70,49,58,5.05,4.15,0
OUT1__P3__path_1,OUT1,P3,path_1,71,49,57,4.95,4.15,0
OUT1__P3__path_1,OUT1,P3,path_1,72,49,56,4.85,4.15,0
OUT1__P3__path_1,OUT1,P3,path_1,73,49,55,4.75,4.15,0
OUT1__P3__path_1,OUT1,P3,path_1,74,49,54,4.65,4.15,0
OUT1__P3__path_1,OUT1,P3,path_1,75,49,53,4.55,4.15,0
OUT1__P3__path_1,OUT1,P3,path_1,76,49,52,4.45,4.15,0
OUT1__P3__path_1,OUT1,P3,path_1,77,49,51,4.35,4.15,0
OUT1__P3__path_1,OUT1,P3,path_1,78,49,50,4.25,4.15,0
OUT1__P3__path_1,OUT1,P3,path_1,79,49,49,4.15,4.15,0
OUT1__P3__path_1,OUT1,P3,path_1,80,49,48,4.05,4.15,0
OUT1__P3__path_1,OUT1,P3,path_1,81,49,47,3.95,4.15,0
OUT1__P3__path_1,OUT1,P3,path_1,82,49,46,3.85,4.15,0
OUT1__P3__path_1,OUT1,P3,path_1,83,49,45,3.75,4.15,0
OUT1__P3__path_1,OUT1,P3,path_1,84,49,44,3.65,4.15,0
OUT1__P3__path_1,OUT1,P3,path_1,85,49,43,3.55,4.15,0
OUT1__P3__path_1,OUT1,P3,path_1,86,50,43,3.55,4.25,0
OUT1__P3__path_1,OUT1,P3,path_1,87,51,43,3.55,4.35,0
OUT1__P3__path_1,OUT1,P3,path_1,88,52,43,3.55,4.45,0
OUT1__P3__path_1,OUT1,P3,path_1,89,53,43,3.55,4.55,0
OUT1__P3__path_1,OUT1,P3,path_1,90,54,43,3.55,4.65,0
OUT1__P3__path_1,OUT1,P3,path_1,91,55,43,3.55,4.75,0
OUT1__P3__path_1,OUT1,P3,path_1,92,56,43,3.55,4.85,0
OUT1__P3__path_1,OUT1,P3,path_1,93,57,43,3.55,4.95,0
OUT1__P3__path_1,OUT1,P3,path_1,94,58,43,3.55,5.05,0
OUT1__P3__path_1,OUT1,P3,path_1,95,59,43,3.55,5.15,0
OUT1__P3__path_1,OUT1,P3,path_1,96,60,43,3.55,5.25,0
OUT1__P4__path_1,OUT1,P4,path_1,0,27,128,12.05,1.95,0
OUT1__P4__path_1,OUT1,P4,path_1,1,27,127,11.95,1.95,0
OUT1__P4__path_1,OUT1,P4,path_1,2,27,126,11.85,1.95,0
OUT1__P4__path_1,OUT1,P4,path_1,3,27,125,11.75,1.95,0
OUT1__P4__path_1,OUT1,P4,path_1,4,27,124,11.65,1.95,0
OUT1__P4__path_1,OUT1,P4,path_1,5,27,123,11.55,1.95,0
OUT1__P4__path_1,OUT1,P4,path_1,6,27,122,11.45,1.95,0
OUT1__P4__path_1,OUT1,P4,path_1,7,27,121,11.35,1.95,0
OUT1__P4__path_1,OUT1,P4,path_1,8,27,120,11.25,1.95,0
OUT1__P4__path_1,OUT1,P4,path_1,9,27,119,11.15,1.95,0
OUT1__P4__path_1,OUT1,P4,path_1,10,27,118,11.05,1.95,0
OUT1__P4__path_1,OUT1,P4,path_1,11,27,117,10.95,1.95,0
OUT1__P4__path_1,OUT1,P4,path_1,12,26,116,10.85,1.85,0
OUT1__P4__path_1,OUT1,P4,path_1,13,25,115,10.75,1.75,0
OUT1__P4__path_1,OUT1,P4,path_1,14,24,114,10.65,1.65,0
OUT1__P4__path_1,OUT1,P4,path_1,15,23,113,10.55,1.55,0
OUT1__P4__path_1,OUT1,P4,path_1,16,22,112,10.45,1.45,0
OUT1__P4__path_1,OUT1,P4,path_1,17,21,111,10.35,1.35,0
OUT1__P4__path_1,OUT1,P4,path_1,18,21,110,10.25,1.35,0
OUT1__P4__path_1,OUT1,P4,path_1,19,21,109,10.15,1.35,0
OUT1__P4__path_1,OUT1,P4,path_1,20,21,108,10.05,1.35,0
OUT1__P4__path_1,OUT1,P4,path_1,21,21,107,9.95,1.35,0
OUT1__P4__path_1,OUT1,P4,path_1,22,21,106,9.85,1.35,0
OUT1__P4__path_1,OUT1,P4,path_1,23,21,105,9.75,1.35,0
OUT1__P4__path_1,OUT1,P4,path_1,24,20,104,9.65,1.25,0
OUT1__P4__path_1,OUT1,P4,path_1,25,19,103,9.55,1.15,0
OUT1__P4__path_1,OUT1,P4,path_1,26,18,102,9.45,1.05,0
OUT1__P4__path_1,OUT1,P4,path_1,27,17,101,9.35,0.95,0
OUT1__P4__path_1,OUT1,P4,path_1,28,16,100,9.25,0.85,0
OUT1__P4__path_1,OUT1,P4,path_1,29,15,99,9.15,0.75,0
OUT1__P4__path_1,OUT1,P4,path_1,30,14,98,9.05,0.65,0
OUT1__P4__path_1,OUT1,P4,path_1,31,13,97,8.95,0.55,0
OUT1__P4__path_1,OUT1,P4,path_1,32,12,96,8.85,0.45,0
OUT1__P4__path_1,OUT1,P4,path_1,33,12,95,8.75,0.45,0
OUT1__P4__path_1,OUT1,P4,path_1,34,12,94,8.65,0.45,0
OUT1__P4__path_1,OUT1,P4,path_1,35,12,93,8.55,0.45,0
OUT1__P4__path_1,OUT1,P4,path_1,36,12,92,8.45,0.45,0
OUT1__P4__path_1,OUT1,P4,path_1,37,12,91,8.35,0.45,0
OUT1__P4__path_1,OUT1,P4,path_1,38,12,90,8.25,0.45,0
OUT1__P4__path_1,OUT1,P4,path_1,39,12,89,8.15,0.45,0
OUT1__P4__path_1,OUT1,P4,path_1,40,12,88,8.05,0.45,0
OUT1__P4__path_1,OUT1,P4,path_1,41,12,87,7.95,0.45,0
OUT1__P4__path_1,OUT1,P4,path_1,42,12,86,7.85,0.45,0
OUT1__P4__path_1,OUT1,P4,path_1,43,12,85,7.75,0.45,0
OUT1__P4__path_1,OUT1,P4,path_1,44,12,84,7.65,0.45,0
OUT1__P4__path_1,OUT1,P4,path_1,45,12,83,7.55,0.45,0
OUT1__P4__path_1,OUT1,P4,path_1,46,12,82,7.45,0.45,0
OUT1__P4__path_1,OUT1,P4,path_1,47,12,81,7.35,0.45,0
OUT1__P4__path_1,OUT1,P4,path_1,48,12,80,7.25,0.45,0
OUT1__P4__path_1,OUT1,P4,path_1,49,12,79,7.15,0.45,0
OUT1__P4__path_1,OUT1,P4,path_1,50,12,78,7.05,0.45,0
OUT1__P4__path_1,OUT1,P4,path_1,51,12,77,6.95,0.45,0
OUT1__P4__path_1,OUT1,P4,path_1,52,12,76,6.85,0.45,0
OUT1__P4__path_1,OUT1,P4,path_1,53,11,75,6.75,0.35,0
OUT1__P4__path_1,OUT1,P4,path_1,54,11,74,6.65,0.35,0
OUT1__P4__path_1,OUT1,P4,path_1,55,11,73,6.55,0.35,0
OUT1__P4__path_1,OUT1,P4,path_1,56,11,72,6.45,0.35,0
OUT1__P4__path_1,OUT1,P4,path_1,57,11,71,6.35,0.35,0
OUT1__P4__path_1,OUT1,P4,path_1,58,11,70,6.25,0.35,0
OUT1__P4__path_1,OUT1,P4,path_1,59,11,69,6.15,0.35,0
OUT1__P4__path_1,OUT1,P4,path_1,60,11,68,6.05,0.35,0
OUT1__P4__path_1,OUT1,P4,path_1,61,11,67,5.95,0.35,0
OUT1__P4__path_1,OUT1,P4,path_1,62,11,66,5.85,0.35,0
OUT1__P4__path_1,OUT1,P4,path_1,63,11,65,5.75,0.35,0
OUT1__P4__path_1,OUT1,P4,path_1,64,11,64,5.65,0.35,0
OUT1__P4__path_1,OUT1,P4,path_1,65,11,63,5.55,0.35,0
OUT1__P4__path_1,OUT1,P4,path_1,66,11,62,5.45,0.35,0
OUT1__P4__path_1,OUT1,P4,path_1,67,11,61,5.35,0.35,0
OUT1__P4__path_1,OUT1,P4,path_1,68,11,60,5.25,0.35,0
OUT1__P4__path_1,OUT1,P4,path_1,69,11,59,5.15,0.35,0
OUT1__P4__path_1,OUT1,P4,path_1,70,11,58,5.05,0.35,0
OUT1__P4__path_1,OUT1,P4,path_1,71,11,57,4.95,0.35,0
OUT1__P4__path_1,OUT1,P4,path_1,72,12,57,4.95,0.45,0
OUT1__P4__path_1,OUT1,P4,path_1,73,13,57,4.95,0.55,0
OUT1__P4__path_1,OUT1,P4,path_1,74,14,57,4.95,0.65,0
OUT1__P4__path_1,OUT1,P4,path_1,75,15,57,4.95,0.75,0
OUT1__P4__path_1,OUT1,P4,path_1,76,16,57,4.95,0.85,0
OUT1__P4__path_1,OUT1,P4,path_1,77,17,57,4.95,0.95,0
OUT1__P4__path_1,OUT1,P4,path_1,78,18,57,4.95,1.05,0
OUT1__P4__path_1,OUT1,P4,path_1,79,19,57,4.95,1.15,0
OUT1__P4__path_1,OUT1,P4,path_1,80,20,57,4.95,1.25,0
OUT1__P4__path_1,OUT1,P4,path_1,81,21,57,4.95,1.35,0
OUT1__P5__path_1,OUT1,P5,path_1,0,27,128,12.05,1.95,0
OUT1__P5__path_1,OUT1,P5,path_1,1,27,127,11.95,1.95,0
OUT1__P5__path_1,OUT1,P5,path_1,2,27,126,11.85,1.95,0
OUT1__P5__path_1,OUT1,P5,path_1,3,27,125,11.75,1.95,0
OUT1__P5__path_1,OUT1,P5,path_1,4,27,124,11.65,1.95,0
OUT1__P5__path_1,OUT1,P5,path_1,5,27,123,11.55,1.95,0
OUT1__P5__path_1,OUT1,P5,path_1,6,27,122,11.45,1.95,0
OUT1__P5__path_1,OUT1,P5,path_1,7,27,121,11.35,1.95,0
OUT1__P5__path_1,OUT1,P5,path_1,8,27,120,11.25,1.95,0
OUT1__P5__path_1,OUT1,P5,path_1,9,27,119,11.15,1.95,0
OUT1__P5__path_1,OUT1,P5,path_1,10,27,118,11.05,1.95,0
OUT1__P5__path_1,OUT1,P5,path_1,11,27,117,10.95,1.95,0
OUT1__P5__path_1,OUT1,P5,path_1,12,28,116,10.85,2.05,0
OUT1__P5__path_1,OUT1,P5,path_1,13,29,115,10.75,2.15,0
OUT1__P5__path_1,OUT1,P5,path_1,14,30,114,10.65,2.25,0
OUT1__P5__path_1,OUT1,P5,path_1,15,31,113,10.55,2.35,0
OUT1__P5__path_1,OUT1,P5,path_1,16,32,112,10.45,2.45,0
OUT1__P5__path_1,OUT1,P5,path_1,17,33,111,10.35,2.55,0
OUT1__P5__path_1,OUT1,P5,path_1,18,33,110,10.25,2.55,0
OUT1__P5__path_1,OUT1,P5,path_1,19,33,109,10.15,2.55,0
OUT1__P5__path_1,OUT1,P5,path_1,20,33,108,10.05,2.55,0
OUT1__P5__path_1,OUT1,P5,path_1,21,33,107,9.95,2.55,0
OUT1__P5__path_1,OUT1,P5,path_1,22,33,106,9.85,2.55,0
OUT1__P5__path_1,OUT1,P5,path_1,23,34,105,9.75,2.65,0
OUT1__P5__path_1,OUT1,P5,path_1,24,35,104,9.65,2.75,0
OUT1__P5__path_1,OUT1,P5,path_1,25,36,103,9.55,2.85,0
OUT1__P5__path_1,OUT1,P5,path_1,26,37,102,9.45,2.95,0
OUT1__P5__path_1,OUT1,P5,path_1,27,38,101,9.35,3.05,0
OUT1__P5__path_1,OUT1,P5,path_1,28,39,100,9.25,3.15,0
OUT1__P5__path_1,OUT1,P5,path_1,29,40,99,9.15,3.25,0
OUT1__P5__path_1,OUT1,P5,path_1,30,41,98,9.05,3.35,0
OUT1__P5__path_1,OUT1,P5,path_1,31,42,97,8.95,3.45,0
OUT1__P5__path_1,OUT1,P5,path_1,32,43,96,8.85,3.55,0
OUT1__P5__path_1,OUT1,P5,path_1,33,44,95,8.75,3.65,0
OUT1__P5__path_1,OUT1,P5,path_1,34,44,94,8.65,3.65,0
OUT1__P5__path_1,OUT1,P5,path_1,35,44,93,8.55,3.65,0
OUT1__P5__path_1,OUT1,P5,path_1,36,44,92,8.45,3.65,0
OUT1__P5__path_1,OUT1,P5,path_1,37,44,91,8.35,3.65,0
OUT1__P5__path_1,OUT1,P5,path_1,38,44,90,8.25,3.65,0
OUT1__P5__path_1,OUT1,P5,path_1,39,44,89,8.15,3.65,0
OUT1__P5__path_1,OUT1,P5,path_1,40,44,88,8.05,3.65,0
OUT1__P5__path_1,OUT1,P5,path_1,41,44,87,7.95,3.65,0
OUT1__P5__path_1,OUT1,P5,path_1,42,44,86,7.85,3.65,0
OUT1__P5__path_1,OUT1,P5,path_1,43,44,85,7.75,3.65,0
OUT1__P5__path_1,OUT1,P5,path_1,44,44,84,7.65,3.65,0
OUT1__P5__path_1,OUT1,P5,path_1,45,44,83,7.55,3.65,0
OUT1__P5__path_1,OUT1,P5,path_1,46,44,82,7.45,3.65,0
OUT1__P5__path_1,OUT1,P5,path_1,47,44,81,7.35,3.65,0
OUT1__P5__path_1,OUT1,P5,path_1,48,44,80,7.25,3.65,0
OUT1__P5__path_1,OUT1,P5,path_1,49,44,79,7.15,3.65,0
OUT1__P5__path_1,OUT1,P5,path_1,50,44,78,7.05,3.65,0
OUT1__P5__path_1,OUT1,P5,path_1,51,44,77,6.95,3.65,0
OUT1__P5__path_1,OUT1,P5,path_1,52,45,76,6.85,3.75,0
OUT1__P5__path_1,OUT1,P5,path_1,53,46,75,6.75,3.85,0
OUT1__P5__path_1,OUT1,P5,path_1,54,47,74,6.65,3.95,0
OUT1__P5__path_1,OUT1,P5,path_1,55,48,73,6.55,4.05,0
OUT1__P5__path_1,OUT1,P5,path_1,56,48,72,6.45,4.05,0
OUT1__P5__path_1,OUT1,P5,path_1,57,48,71,6.35,4.05,0
OUT1__P5__path_1,OUT1,P5,path_1,58,48,70,6.25,4.05,0
OUT1__P5__path_1,OUT1,P5,path_1,59,48,69,6.15,4.05,0
OUT1__P5__path_1,OUT1,P5,path_1,60,48,68,6.05,4.05,0
OUT1__P5__path_1,OUT1,P5,path_1,61,48,67,5.95,4.05,0
OUT1__P5__path_1,OUT1,P5,path_1,62,48,66,5.85,4.05,0
OUT1__P5__path_1,OUT1,P5,path_1,63,48,65,5.75,4.05,0
OUT1__P5__path_1,OUT1,P5,path_1,64,48,64,5.65,4.05,0
OUT1__P6__path_1,OUT1,P6,path_1,0,27,128,12.05,1.95,0
OUT1__P6__path_1,OUT1,P6,path_1,1,28,127,11.95,2.05,0
OUT1__P6__path_1,OUT1,P6,path_1,2,29,126,11.85,2.15,0
OUT1__P6__path_1,OUT1,P6,path_1,3,30,125,11.75,2.25,0
OUT1__P6__path_1,OUT1,P6,path_1,4,31,124,11.65,2.35,0
OUT1__P6__path_1,OUT1,P6,path_1,5,32,123,11.55,2.45,0
OUT1__P6__path_1,OUT1,P6,path_1,6,33,122,11.45,2.55,0
OUT1__P6__path_1,OUT1,P6,path_1,7,34,121,11.35,2.65,0
OUT1__P6__path_1,OUT1,P6,path_1,8,35,120,11.25,2.75,0
OUT1__P6__path_1,OUT1,P6,path_1,9,36,119,11.15,2.85,0
OUT1__P6__path_1,OUT1,P6,path_1,10,37,118,11.05,2.95,0
OUT1__P6__path_1,OUT1,P6,path_1,11,38,117,10.95,3.05,0
OUT1__P6__path_1,OUT1,P6,path_1,12,39,116,10.85,3.15,0
OUT1__P6__path_1,OUT1,P6,path_1,13,40,115,10.75,3.25,0
OUT1__P6__path_1,OUT1,P6,path_1,14,41,114,10.65,3.35,0
OUT1__P6__path_1,OUT1,P6,path_1,15,42,113,10.55,3.45,0
OUT1__P6__path_1,OUT1,P6,path_1,16,43,112,10.45,3.55,0
OUT1__P6__path_1,OUT1,P6,path_1,17,44,111,10.35,3.65,0
OUT1__P6__path_1,OUT1,P6,path_1,18,45,110,10.25,3.75,0
OUT1__P6__path_1,OUT1,P6,path_1,19,46,109,10.15,3.85,0
OUT1__P6__path_1,OUT1,P6,path_1,20,47,108,10.05,3.95,0
OUT1__P6__path_1,OUT1,P6,path_1,21,48,107,9.95,4.05,0
OUT1__P6__path_1,OUT1,P6,path_1,22,49,106,9.85,4.15,0
OUT1__P6__path_1,OUT1,P6,path_1,23,50,105,9.75,4.25,0
OUT1__P6__path_1,OUT1,P6,path_1,24,51,104,9.65,4.35,0
OUT1__P6__path_1,OUT1,P6,path_1,25,52,103,9.55,4.45,0
OUT1__P6__path_1,OUT1,P6,path_1,26,53,102,9.45,4.55,0
OUT1__P6__path_1,OUT1,P6,path_1,27,54,101,9.35,4.65,0
OUT1__P6__path_1,OUT1,P6,path_1,28,55,100,9.25,4.75,0
OUT1__P6__path_1,OUT1,P6,path_1,29,56,99,9.15,4.85,0
OUT1__P6__path_1,OUT1,P6,path_1,30,57,98,9.05,4.95,0
OUT1__P6__path_1,OUT1,P6,path_1,31,58,97,8.95,5.05,0
OUT1__P6__path_1,OUT1,P6,path_1,32,59,96,8.85,5.15,0
OUT1__P6__path_1,OUT1,P6,path_1,33,60,95,8.75,5.25,0
OUT1__P6__path_1,OUT1,P6,path_1,34,61,94,8.65,5.35,0
OUT1__P6__path_1,OUT1,P6,path_1,35,62,93,8.55,5.45,0
OUT1__P6__path_1,OUT1,P6,path_1,36,63,92,8.45,5.55,0
OUT1__P6__path_1,OUT1,P6,path_1,37,64,91,8.35,5.65,0
OUT1__P6__path_1,OUT1,P6,path_1,38,65,90,8.25,5.75,0
OUT1__P6__path_1,OUT1,P6,path_1,39,65,89,8.15,5.75,0
OUT1__P6__path_1,OUT1,P6,path_1,40,65,88,8.05,5.75,0
OUT1__P6__path_1,OUT1,P6,path_1,41,65,87,7.95,5.75,0
OUT1__P7__path_1,OUT1,P7,path_1,0,27,128,12.05,1.95,0
OUT1__P7__path_1,OUT1,P7,path_1,1,27,127,11.95,1.95,0
OUT1__P7__path_1,OUT1,P7,path_1,2,27,126,11.85,1.95,0
OUT1__P7__path_1,OUT1,P7,path_1,3,27,125,11.75,1.95,0
OUT1__P7__path_1,OUT1,P7,path_1,4,27,124,11.65,1.95,0
OUT1__P7__path_1,OUT1,P7,path_1,5,27,123,11.55,1.95,0
OUT1__P7__path_1,OUT1,P7,path_1,6,27,122,11.45,1.95,0
OUT1__P7__path_1,OUT1,P7,path_1,7,27,121,11.35,1.95,0
OUT1__P7__path_1,OUT1,P7,path_1,8,27,120,11.25,1.95,0
OUT1__P7__path_1,OUT1,P7,path_1,9,27,119,11.15,1.95,0
OUT1__P7__path_1,OUT1,P7,path_1,10,27,118,11.05,1.95,0
OUT1__P7__path_1,OUT1,P7,path_1,11,27,117,10.95,1.95,0
OUT1__P7__path_1,OUT1,P7,path_1,12,26,116,10.85,1.85,0
OUT1__P7__path_1,OUT1,P7,path_1,13,25,115,10.75,1.75,0
OUT1__P7__path_1,OUT1,P7,path_1,14,24,114,10.65,1.65,0
OUT1__P7__path_1,OUT1,P7,path_1,15,23,113,10.55,1.55,0
OUT1__P7__path_1,OUT1,P7,path_1,16,22,112,10.45,1.45,0
OUT1__P7__path_1,OUT1,P7,path_1,17,21,111,10.35,1.35,0
OUT1__P7__path_1,OUT1,P7,path_1,18,21,110,10.25,1.35,0
OUT1__P7__path_1,OUT1,P7,path_1,19,21,109,10.15,1.35,0
OUT1__P7__path_1,OUT1,P7,path_1,20,21,108,10.05,1.35,0
OUT1__P7__path_1,OUT1,P7,path_1,21,21,107,9.95,1.35,0
OUT1__P7__path_1,OUT1,P7,path_1,22,21,106,9.85,1.35,0
OUT1__P7__path_1,OUT1,P7,path_1,23,21,105,9.75,1.35,0
OUT1__P7__path_1,OUT1,P7,path_1,24,20,104,9.65,1.25,0
OUT1__P7__path_1,OUT1,P7,path_1,25,19,103,9.55,1.15,0
OUT1__P7__path_1,OUT1,P7,path_1,26,18,102,9.45,1.05,0
OUT1__P7__path_1,OUT1,P7,path_1,27,17,101,9.35,0.95,0
OUT1__P7__path_1,OUT1,P7,path_1,28,16,100,9.25,0.85,0
OUT1__P7__path_1,OUT1,P7,path_1,29,15,99,9.15,0.75,0
OUT1__P7__path_1,OUT1,P7,path_1,30,14,98,9.05,0.65,0
OUT1__P7__path_1,OUT1,P7,path_1,31,13,97,8.95,0.55,0
OUT1__P7__path_1,OUT1,P7,path_1,32,12,96,8.85,0.45,0
OUT1__P7__path_1,OUT1,P7,path_1,33,12,95,8.75,0.45,0
OUT1__P7__path_1,OUT1,P7,path_1,34,12,94,8.65,0.45,0
OUT1__P7__path_1,OUT1,P7,path_1,35,12,93,8.55,0.45,0
OUT1__P7__path_1,OUT1,P7,path_1,36,12,92,8.45,0.45,0
OUT1__P7__path_1,OUT1,P7,path_1,37,12,91,8.35,0.45,0
OUT1__P7__path_1,OUT1,P7,path_1,38,12,90,8.25,0.45,0
OUT1__P7__path_1,OUT1,P7,path_1,39,12,89,8.15,0.45,0
OUT1__P7__path_1,OUT1,P7,path_1,40,12,88,8.05,0.45,0
OUT1__P7__path_1,OUT1,P7,path_1,41,12,87,7.95,0.45,0
OUT1__P7__path_1,OUT1,P7,path_1,42,12,86,7.85,0.45,0
OUT1__P7__path_1,OUT1,P7,path_1,43,12,85,7.75,0.45,0
OUT1__P7__path_1,OUT1,P7,path_1,44,12,84,7.65,0.45,0
OUT1__P7__path_1,OUT1,P7,path_1,45,12,83,7.55,0.45,0
OUT1__P7__path_1,OUT1,P7,path_1,46,12,82,7.45,0.45,0
OUT1__P7__path_1,OUT1,P7,path_1,47,12,81,7.35,0.45,0
OUT1__P7__path_1,OUT1,P7,path_1,48,12,80,7.25,0.45,0
OUT1__P7__path_1,OUT1,P7,path_1,49,13,80,7.25,0.55,0
OUT1__P7__path_1,OUT1,P7,path_1,50,14,80,7.25,0.65,0
OUT1__P7__path_1,OUT1,P7,path_1,51,15,80,7.25,0.75,0
OUT1__P7__path_1,OUT1,P7,path_1,52,16,80,7.25,0.85,0
OUT1__P7__path_1,OUT1,P7,path_1,53,17,80,7.25,0.95,0
OUT1__P7__path_1,OUT1,P7,path_1,54,18,80,7.25,1.05,0
OUT1__P8__path_1,OUT1,P8,path_1,0,27,128,12.05,1.95,0
OUT1__P8__path_1,OUT1,P8,path_1,1,27,127,11.95,1.95,0
OUT1__P8__path_1,OUT1,P8,path_1,2,27,126,11.85,1.95,0
OUT1__P8__path_1,OUT1,P8,path_1,3,27,125,11.75,1.95,0
OUT1__P8__path_1,OUT1,P8,path_1,4,27,124,11.65,1.95,0
OUT1__P8__path_1,OUT1,P8,path_1,5,27,123,11.55,1.95,0
OUT1__P8__path_1,OUT1,P8,path_1,6,27,122,11.45,1.95,0
OUT1__P8__path_1,OUT1,P8,path_1,7,27,121,11.35,1.95,0
OUT1__P8__path_1,OUT1,P8,path_1,8,27,120,11.25,1.95,0
OUT1__P8__path_1,OUT1,P8,path_1,9,27,119,11.15,1.95,0
OUT1__P8__path_1,OUT1,P8,path_1,10,27,118,11.05,1.95,0
OUT1__P8__path_1,OUT1,P8,path_1,11,27,117,10.95,1.95,0
OUT1__P8__path_1,OUT1,P8,path_1,12,27,116,10.85,1.95,0
OUT1__P8__path_1,OUT1,P8,path_1,13,27,115,10.75,1.95,0
OUT1__P8__path_1,OUT1,P8,path_1,14,27,114,10.65,1.95,0
OUT1__P8__path_1,OUT1,P8,path_1,15,28,113,10.55,2.05,0
OUT1__P8__path_1,OUT1,P8,path_1,16,29,112,10.45,2.15,0
OUT1__P8__path_1,OUT1,P8,path_1,17,30,111,10.35,2.25,0
OUT1__P8__path_1,OUT1,P8,path_1,18,31,110,10.25,2.35,0
OUT1__P8__path_1,OUT1,P8,path_1,19,31,109,10.15,2.35,0
OUT1__P8__path_1,OUT1,P8,path_1,20,31,108,10.05,2.35,0
OUT1__P8__path_1,OUT1,P8,path_1,21,31,107,9.95,2.35,0
OUT1__P8__path_1,OUT1,P8,path_1,22,31,106,9.85,2.35,0
OUT1__P8__path_1,OUT1,P8,path_1,23,31,105,9.75,2.35,0
OUT1__P8__path_1,OUT1,P8,path_1,24,31,104,9.65,2.35,0
OUT1__P8__path_1,OUT1,P8,path_1,25,31,103,9.55,2.35,0
OUT1__P8__path_1,OUT1,P8,path_1,26,31,102,9.45,2.35,0
OUT1__P8__path_1,OUT1,P8,path_1,27,31,101,9.35,2.35,0
OUT1__P8__path_1,OUT1,P8,path_1,28,31,100,9.25,2.35,0
OUT1__P8__path_1,OUT1,P8,path_1,29,31,99,9.15,2.35,0
OUT1__P8__path_1,OUT1,P8,path_1,30,31,98,9.05,2.35,0
OUT1__P8__path_1,OUT1,P8,path_1,31,31,97,8.95,2.35,0
OUT1__P8__path_1,OUT1,P8,path_1,32,31,96,8.85,2.35,0
OUT1__P9__path_1,OUT1,P9,path_1,0,27,128,12.05,1.95,0
OUT1__P9__path_1,OUT1,P9,path_1,1,28,127,11.95,2.05,0
OUT1__P9__path_1,OUT1,P9,path_1,2,29,126,11.85,2.15,0
OUT1__P9__path_1,OUT1,P9,path_1,3,30,125,11.75,2.25,0
OUT1__P9__path_1,OUT1,P9,path_1,4,31,124,11.65,2.35,0
OUT1__P9__path_1,OUT1,P9,path_1,5,31,123,11.55,2.35,0
OUT1__P9__path_1,OUT1,P9,path_1,6,31,122,11.45,2.35,0
OUT1__P9__path_1,OUT1,P9,path_1,7,31,121,11.35,2.35,0
OUT1__P9__path_1,OUT1,P9,path_1,8,32,120,11.25,2.45,0
OUT1__P9__path_1,OUT1,P9,path_1,9,33,119,11.15,2.55,0
OUT1__P9__path_1,OUT1,P9,path_1,10,34,118,11.05,2.65,0
OUT1__P9__path_1,OUT1,P9,path_1,11,35,117,10.95,2.75,0
OUT1__P9__path_1,OUT1,P9,path_1,12,36,116,10.85,2.85,0
OUT1__P9__path_1,OUT1,P9,path_1,13,37,115,10.75,2.95,0
OUT1__P9__path_1,OUT1,P9,path_1,14,37,114,10.65,2.95,0
OUT1__P9__path_1,OUT1,P9,path_1,15,38,113,10.55,3.05,0
OUT1__P9__path_1,OUT1,P9,path_1,16,38,112,10.45,3.05,0
OUT1__P9__path_1,OUT1,P9,path_1,17,38,111,10.35,3.05,0
OUT1__P9__path_1,OUT1,P9,path_1,18,39,110,10.25,3.15,0
OUT1__P9__path_1,OUT1,P9,path_1,19,39,109,10.15,3.15,0
OUT1__P9__path_1,OUT1,P9,path_1,20,40,108,10.05,3.25,0
OUT1__P9__path_1,OUT1,P9,path_1,21,40,107,9.95,3.25,0
OUT1__P9__path_1,OUT1,P9,path_1,22,41,106,9.85,3.35,0
OUT1__P9__path_1,OUT1,P9,path_1,23,41,105,9.75,3.35,0
OUT1__P9__path_1,OUT1,P9,path_1,24,42,104,9.65,3.45,0
OUT1__P9__path_1,OUT1,P9,path_1,25,42,103,9.55,3.45,0
OUT1__P9__path_1,OUT1,P9,path_1,26,43,102,9.45,3.55,0
OUT1__P9__path_1,OUT1,P9,path_1,27,43,101,9.35,3.55,0
OUT1__P9__path_1,OUT1,P9,path_1,28,43,100,9.25,3.55,0
OUT1__P9__path_1,OUT1,P9,path_1,29,44,99,9.15,3.65,0
OUT1__P9__path_1,OUT1,P9,path_1,30,44,98,9.05,3.65,0
OUT1__P9__path_1,OUT1,P9,path_1,31,45,97,8.95,3.75,0
OUT1__P9__path_1,OUT1,P9,path_1,32,45,96,8.85,3.75,0
OUT1__P9__path_1,OUT1,P9,path_1,33,46,95,8.75,3.85,0
OUT1__P9__path_1,OUT1,P9,path_1,34,46,94,8.65,3.85,0
OUT1__P9__path_1,OUT1,P9,path_1,35,47,93,8.55,3.95,0
OUT1__P9__path_1,OUT1,P9,path_1,36,47,92,8.45,3.95,0
OUT1__P9__path_1,OUT1,P9,path_1,37,48,91,8.35,4.05,0
OUT1__P9__path_1,OUT1,P9,path_1,38,48,90,8.25,4.05,0
OUT1__P9__path_1,OUT1,P9,path_1,39,48,89,8.15,4.05,0
OUT1__P9__path_1,OUT1,P9,path_1,40,48,88,8.05,4.05,0
OUT1__P9__path_1,OUT1,P9,path_1,41,48,87,7.95,4.05,0
OUT1__P9__path_1,OUT1,P9,path_1,42,48,86,7.85,4.05,0
OUT1__P9__path_1,OUT1,P9,path_1,43,48,85,7.75,4.05,0
OUT1__P9__path_1,OUT1,P9,path_1,44,48,84,7.65,4.05,0
OUT1__P9__path_1,OUT1,P9,path_1,45,48,83,7.55,4.05,0
OUT1__P9__path_1,OUT1,P9,path_1,46,48,82,7.45,4.05,0
OUT1__P9__path_1,OUT1,P9,path_1,47,48,81,7.35,4.05,0
OUT1__P9__path_1,OUT1,P9,path_1,48,48,80,7.25,4.05,0
OUT1__P9__path_1,OUT1,P9,path_1,49,48,79,7.15,4.05,0
OUT1__P9__path_1,OUT1,P9,path_1,50,48,78,7.05,4.05,0
OUT1__P9__path_1,OUT1,P9,path_1,51,48,77,6.95,4.05,0
OUT1__P9__path_1,OUT1,P9,path_1,52,48,76,6.85,4.05,0
OUT1__P9__path_1,OUT1,P9,path_1,53,48,75,6.75,4.05,0
OUT1__P9__path_1,OUT1,P9,path_1,54,48,74,6.65,4.05,0
OUT1__P9__path_1,OUT1,P9,path_1,55,48,73,6.55,4.05,0
OUT1__P9__path_1,OUT1,P9,path_1,56,48,72,6.45,4.05,0
OUT1__P9__path_1,OUT1,P9,path_1,57,48,71,6.35,4.05,0
OUT1__P9__path_1,OUT1,P9,path_1,58,48,70,6.25,4.05,0
OUT1__P9__path_1,OUT1,P9,path_1,59,48,69,6.15,4.05,0
OUT1__P9__path_1,OUT1,P9,path_1,60,48,68,6.05,4.05,0
OUT1__P9__path_1,OUT1,P9,path_1,61,49,68,6.05,4.15,0
OUT1__P9__path_1,OUT1,P9,path_1,62,50,68,6.05,4.25,0
OUT1__P9__path_1,OUT1,P9,path_1,63,51,68,6.05,4.35,0
OUT1__P9__path_1,OUT1,P9,path_1,64,52,68,6.05,4.45,0
OUT1__P9__path_1,OUT1,P9,path_1,65,53,68,6.05,4.55,0
OUT1__P9__path_1,OUT1,P9,path_1,66,54,68,6.05,4.65,0
OUT1__P9__path_1,OUT1,P9,path_1,67,55,68,6.05,4.75,0
OUT1__P9__path_1,OUT1,P9,path_1,68,56,68,6.05,4.85,0
OUT1__P9__path_1,OUT1,P9,path_1,69,57,68,6.05,4.95,0
OUT1__P9__path_1,OUT1,P9,path_1,70,58,68,6.05,5.05,0
OUT1__SORT1__path_1,OUT1,SORT1,path_1,0,27,128,12.05,1.95,0
OUT1__SORT1__path_1,OUT1,SORT1,path_1,1,27,127,11.95,1.95,0
OUT1__SORT1__path_1,OUT1,SORT1,path_1,2,27,126,11.85,1.95,0
OUT1__SORT1__path_1,OUT1,SORT1,path_1,3,27,125,11.75,1.95,0
OUT1__SORT1__path_1,OUT1,SORT1,path_1,4,27,124,11.65,1.95,0
OUT1__SORT1__path_1,OUT1,SORT1,path_1,5,27,123,11.55,1.95,0
OUT1__SORT1__path_1,OUT1,SORT1,path_1,6,27,122,11.45,1.95,0
OUT1__SORT1__path_1,OUT1,SORT1,path_1,7,27,121,11.35,1.95,0
OUT1__SORT1__path_1,OUT1,SORT1,path_1,8,27,120,11.25,1.95,0
OUT1__SORT1__path_1,OUT1,SORT1,path_1,9,27,119,11.15,1.95,0
OUT1__SORT1__path_1,OUT1,SORT1,path_1,10,27,118,11.05,1.95,0
OUT1__SORT1__path_1,OUT1,SORT1,path_1,11,27,117,10.95,1.95,0
OUT1__SORT1__path_1,OUT1,SORT1,path_1,12,27,116,10.85,1.95,0
OUT1__SORT1__path_1,OUT1,SORT1,path_1,13,27,115,10.75,1.95,0
OUT1__SORT1__path_1,OUT1,SORT1,path_1,14,27,114,10.65,1.95,0
OUT1__SORT1__path_1,OUT1,SORT1,path_1,15,27,113,10.55,1.95,0
OUT1__SORT1__path_1,OUT1,SORT1,path_1,16,27,112,10.45,1.95,0
OUT1__SORT1__path_1,OUT1,SORT1,path_1,17,27,111,10.35,1.95,0
OUT1__SORT1__path_1,OUT1,SORT1,path_1,18,28,110,10.25,2.05,0
OUT1__SORT1__path_1,OUT1,SORT1,path_1,19,29,109,10.15,2.15,0
OUT1__SORT1__path_1,OUT1,SORT1,path_1,20,29,108,10.05,2.15,0
OUT1__SORT1__path_1,OUT1,SORT1,path_1,21,29,107,9.95,2.15,0
OUT1__SORT1__path_1,OUT1,SORT1,path_1,22,29,106,9.85,2.15,0
OUT1__SORT1__path_1,OUT1,SORT1,path_1,23,29,105,9.75,2.15,0
OUT1__SORT2__path_1,OUT1,SORT2,path_1,0,27,128,12.05,1.95,0
OUT1__SORT2__path_1,OUT1,SORT2,path_1,1,28,127,11.95,2.05,0
OUT1__SORT2__path_1,OUT1,SORT2,path_1,2,29,126,11.85,2.15,0
OUT1__SORT2__path_1,OUT1,SORT2,path_1,3,30,125,11.75,2.25,0
OUT1__SORT2__path_1,OUT1,SORT2,path_1,4,31,124,11.65,2.35,0
OUT1__SORT2__path_1,OUT1,SORT2,path_1,5,32,123,11.55,2.45,0
OUT1__SORT2__path_1,OUT1,SORT2,path_1,6,33,122,11.45,2.55,0
OUT1__SORT2__path_1,OUT1,SORT2,path_1,7,34,121,11.35,2.65,0
OUT1__SORT2__path_1,OUT1,SORT2,path_1,8,35,120,11.25,2.75,0
OUT1__SORT2__path_1,OUT1,SORT2,path_1,9,36,119,11.15,2.85,0
OUT1__SORT2__path_1,OUT1,SORT2,path_1,10,37,118,11.05,2.95,0
OUT1__SORT2__path_1,OUT1,SORT2,path_1,11,38,117,10.95,3.05,0
OUT1__SORT2__path_1,OUT1,SORT2,path_1,12,39,116,10.85,3.15,0
OUT1__SORT2__path_1,OUT1,SORT2,path_1,13,40,115,10.75,3.25,0
OUT1__SORT2__path_1,OUT1,SORT2,path_1,14,41,114,10.65,3.35,0
OUT1__SORT2__path_1,OUT1,SORT2,path_1,15,42,114,10.65,3.45,0
OUT1__SORT2__path_1,OUT1,SORT2,path_1,16,43,113,10.55,3.55,0
OUT1__SORT2__path_1,OUT1,SORT2,path_1,17,44,113,10.55,3.65,0
OUT1__SORT2__path_1,OUT1,SORT2,path_1,18,45,112,10.45,3.75,0
OUT1__SORT2__path_1,OUT1,SORT2,path_1,19,46,112,10.45,3.85,0
OUT1__SORT2__path_1,OUT1,SORT2,path_1,20,47,112,10.45,3.95,0
OUT1__SORT2__path_1,OUT1,SORT2,path_1,21,48,111,10.35,4.05,0
OUT1__OUT2__path_1,OUT1,OUT2,path_1,0,27,128,12.05,1.95,0
OUT1__OUT2__path_1,OUT1,OUT2,path_1,1,28,128,12.05,2.05,0
OUT1__OUT2__path_1,OUT1,OUT2,path_1,2,29,128,12.05,2.15,0
OUT1__OUT2__path_1,OUT1,OUT2,path_1,3,30,128,12.05,2.25,0
OUT1__OUT2__path_1,OUT1,OUT2,path_1,4,31,128,12.05,2.35,0
OUT1__OUT2__path_1,OUT1,OUT2,path_1,5,32,128,12.05,2.45,0
OUT1__OUT2__path_1,OUT1,OUT2,path_1,6,33,128,12.05,2.55,0
OUT1__OUT2__path_1,OUT1,OUT2,path_1,7,34,128,12.05,2.65,0
OUT1__OUT2__path_1,OUT1,OUT2,path_1,8,35,128,12.05,2.75,0
OUT1__OUT2__path_1,OUT1,OUT2,path_1,9,36,128,12.05,2.85,0
OUT1__OUT2__path_1,OUT1,OUT2,path_1,10,37,128,12.05,2.95,0
OUT1__OUT2__path_1,OUT1,OUT2,path_1,11,38,128,12.05,3.05,0
OUT1__OUT2__path_1,OUT1,OUT2,path_1,12,39,128,12.05,3.15,0
OUT1__OUT2__path_1,OUT1,OUT2,path_1,13,40,128,12.05,3.25,0
OUT1__OUT2__path_1,OUT1,OUT2,path_1,14,41,128,12.05,3.35,0
OUT1__OUT2__path_1,OUT1,OUT2,path_1,15,42,128,12.05,3.45,0
OUT1__OUT2__path_1,OUT1,OUT2,path_1,16,43,128,12.05,3.55,0
OUT1__OUT2__path_1,OUT1,OUT2,path_1,17,44,128,12.05,3.65,0
OUT1__OUT2__path_1,OUT1,OUT2,path_1,18,45,128,12.05,3.75,0
OUT1__OUT2__path_1,OUT1,OUT2,path_1,19,46,128,12.05,3.85,0
OUT1__OUT2__path_1,OUT1,OUT2,path_1,20,47,128,12.05,3.95,0
OUT1__CHG1__path_1,OUT1,CHG1,path_1,0,27,128,12.05,1.95,0
OUT1__CHG1__path_1,OUT1,CHG1,path_1,1,27,127,11.95,1.95,0
OUT1__CHG1__path_1,OUT1,CHG1,path_1,2,27,126,11.85,1.95,0
OUT1__CHG1__path_1,OUT1,CHG1,path_1,3,27,125,11.75,1.95,0
OUT1__CHG1__path_1,OUT1,CHG1,path_1,4,27,124,11.65,1.95,0
OUT1__CHG1__path_1,OUT1,CHG1,path_1,5,27,123,11.55,1.95,0
OUT1__CHG1__path_1,OUT1,CHG1,path_1,6,27,122,11.45,1.95,0
OUT1__CHG1__path_1,OUT1,CHG1,path_1,7,27,121,11.35,1.95,0
OUT1__CHG1__path_1,OUT1,CHG1,path_1,8,27,120,11.25,1.95,0
OUT1__CHG1__path_1,OUT1,CHG1,path_1,9,27,119,11.15,1.95,0
OUT1__CHG1__path_1,OUT1,CHG1,path_1,10,27,118,11.05,1.95,0
OUT1__CHG1__path_1,OUT1,CHG1,path_1,11,27,117,10.95,1.95,0
OUT1__CHG1__path_1,OUT1,CHG1,path_1,12,26,116,10.85,1.85,0
OUT1__CHG1__path_1,OUT1,CHG1,path_1,13,25,115,10.75,1.75,0
OUT1__CHG1__path_1,OUT1,CHG1,path_1,14,24,114,10.65,1.65,0
OUT1__CHG1__path_1,OUT1,CHG1,path_1,15,23,113,10.55,1.55,0
OUT1__CHG1__path_1,OUT1,CHG1,path_1,16,22,112,10.45,1.45,0
OUT1__CHG1__path_1,OUT1,CHG1,path_1,17,21,111,10.35,1.35,0
OUT1__CHG1__path_1,OUT1,CHG1,path_1,18,21,110,10.25,1.35,0
OUT1__CHG1__path_1,OUT1,CHG1,path_1,19,21,109,10.15,1.35,0
OUT1__CHG1__path_1,OUT1,CHG1,path_1,20,21,108,10.05,1.35,0
OUT1__CHG1__path_1,OUT1,CHG1,path_1,21,21,107,9.95,1.35,0
OUT1__CHG1__path_1,OUT1,CHG1,path_1,22,21,106,9.85,1.35,0
OUT1__CHG1__path_1,OUT1,CHG1,path_1,23,21,105,9.75,1.35,0
OUT1__CHG1__path_1,OUT1,CHG1,path_1,24,20,104,9.65,1.25,0
OUT1__CHG1__path_1,OUT1,CHG1,path_1,25,19,103,9.55,1.15,0
OUT1__CHG1__path_1,OUT1,CHG1,path_1,26,18,102,9.45,1.05,0
OUT1__CHG1__path_1,OUT1,CHG1,path_1,27,17,101,9.35,0.95,0
OUT1__CHG1__path_1,OUT1,CHG1,path_1,28,16,100,9.25,0.85,0
OUT1__CHG1__path_1,OUT1,CHG1,path_1,29,15,99,9.15,0.75,0
OUT1__CHG1__path_1,OUT1,CHG1,path_1,30,14,98,9.05,0.65,0
OUT1__CHG1__path_1,OUT1,CHG1,path_1,31,13,97,8.95,0.55,0
OUT1__CHG1__path_1,OUT1,CHG1,path_1,32,12,96,8.85,0.45,0
OUT1__CHG1__path_1,OUT1,CHG1,path_1,33,12,95,8.75,0.45,0
OUT1__CHG1__path_1,OUT1,CHG1,path_1,34,12,94,8.65,0.45,0
OUT1__CHG1__path_1,OUT1,CHG1,path_1,35,12,93,8.55,0.45,0
OUT1__CHG1__path_1,OUT1,CHG1,path_1,36,12,92,8.45,0.45,0
OUT1__CHG1__path_1,OUT1,CHG1,path_1,37,12,91,8.35,0.45,0
OUT1__CHG1__path_1,OUT1,CHG1,path_1,38,12,90,8.25,0.45,0
OUT1__CHG1__path_1,OUT1,CHG1,path_1,39,12,89,8.15,0.45,0
OUT1__CHG1__path_1,OUT1,CHG1,path_1,40,12,88,8.05,0.45,0
OUT1__CHG1__path_1,OUT1,CHG1,path_1,41,12,87,7.95,0.45,0
OUT1__CHG1__path_1,OUT1,CHG1,path_1,42,12,86,7.85,0.45,0
OUT1__CHG1__path_1,OUT1,CHG1,path_1,43,12,85,7.75,0.45,0
OUT1__CHG1__path_1,OUT1,CHG1,path_1,44,12,84,7.65,0.45,0
OUT1__CHG1__path_1,OUT1,CHG1,path_1,45,12,83,7.55,0.45,0
OUT1__CHG1__path_1,OUT1,CHG1,path_1,46,12,82,7.45,0.45,0
OUT1__CHG1__path_1,OUT1,CHG1,path_1,47,12,81,7.35,0.45,0
OUT1__CHG1__path_1,OUT1,CHG1,path_1,48,12,80,7.25,0.45,0
OUT1__CHG1__path_1,OUT1,CHG1,path_1,49,12,79,7.15,0.45,0
OUT1__CHG1__path_1,OUT1,CHG1,path_1,50,12,78,7.05,0.45,0
OUT1__CHG1__path_1,OUT1,CHG1,path_1,51,12,77,6.95,0.45,0
OUT1__CHG1__path_1,OUT1,CHG1,path_1,52,12,76,6.85,0.45,0
OUT1__CHG1__path_1,OUT1,CHG1,path_1,53,11,75,6.75,0.35,0
OUT1__CHG1__path_1,OUT1,CHG1,path_1,54,11,74,6.65,0.35,0
OUT1__CHG1__path_1,OUT1,CHG1,path_1,55,11,73,6.55,0.35,0
OUT1__CHG1__path_1,OUT1,CHG1,path_1,56,11,72,6.45,0.35,0
OUT1__CHG1__path_1,OUT1,CHG1,path_1,57,11,71,6.35,0.35,0
OUT1__CHG1__path_1,OUT1,CHG1,path_1,58,11,70,6.25,0.35,0
OUT1__CHG1__path_1,OUT1,CHG1,path_1,59,11,69,6.15,0.35,0
OUT1__CHG1__path_1,OUT1,CHG1,path_1,60,11,68,6.05,0.35,0
OUT1__CHG1__path_1,OUT1,CHG1,path_1,61,11,67,5.95,0.35,0
OUT1__CHG1__path_1,OUT1,CHG1,path_1,62,11,66,5.85,0.35,0
OUT1__CHG1__path_1,OUT1,CHG1,path_1,63,11,65,5.75,0.35,0
OUT1__CHG1__path_1,OUT1,CHG1,path_1,64,11,64,5.65,0.35,0
OUT1__CHG1__path_1,OUT1,CHG1,path_1,65,11,63,5.55,0.35,0
OUT1__CHG1__path_1,OUT1,CHG1,path_1,66,11,62,5.45,0.35,0
OUT1__CHG1__path_1,OUT1,CHG1,path_1,67,11,61,5.35,0.35,0
OUT1__CHG1__path_1,OUT1,CHG1,path_1,68,11,60,5.25,0.35,0
OUT1__CHG1__path_1,OUT1,CHG1,path_1,69,11,59,5.15,0.35,0
OUT1__CHG1__path_1,OUT1,CHG1,path_1,70,11,58,5.05,0.35,0
OUT1__CHG1__path_1,OUT1,CHG1,path_1,71,11,57,4.95,0.35,0
OUT1__CHG1__path_1,OUT1,CHG1,path_1,72,11,56,4.85,0.35,0
OUT1__CHG1__path_1,OUT1,CHG1,path_1,73,11,55,4.75,0.35,0
OUT1__CHG1__path_1,OUT1,CHG1,path_1,74,11,54,4.65,0.35,0
OUT1__CHG1__path_1,OUT1,CHG1,path_1,75,10,53,4.55,0.25,0
OUT1__CHG1__path_1,OUT1,CHG1,path_1,76,10,52,4.45,0.25,0
OUT1__CHG1__path_1,OUT1,CHG1,path_1,77,10,51,4.35,0.25,0
OUT1__CHG1__path_1,OUT1,CHG1,path_1,78,10,50,4.25,0.25,0
OUT1__CHG1__path_1,OUT1,CHG1,path_1,79,10,49,4.15,0.25,0
OUT1__CHG1__path_1,OUT1,CHG1,path_1,80,10,48,4.05,0.25,0
OUT1__CHG1__path_1,OUT1,CHG1,path_1,81,10,47,3.95,0.25,0
OUT1__CHG1__path_1,OUT1,CHG1,path_1,82,10,46,3.85,0.25,0
OUT1__CHG1__path_1,OUT1,CHG1,path_1,83,10,45,3.75,0.25,0
OUT1__CHG1__path_1,OUT1,CHG1,path_1,84,10,44,3.65,0.25,0
OUT1__CHG1__path_1,OUT1,CHG1,path_1,85,10,43,3.55,0.25,0
OUT1__CHG1__path_1,OUT1,CHG1,path_1,86,10,42,3.45,0.25,0
OUT1__CHG1__path_1,OUT1,CHG1,path_1,87,10,41,3.35,0.25,0
OUT1__CHG1__path_1,OUT1,CHG1,path_1,88,10,40,3.25,0.25,0
OUT1__CHG1__path_1,OUT1,CHG1,path_1,89,10,39,3.15,0.25,0
OUT1__CHG1__path_1,OUT1,CHG1,path_1,90,10,38,3.05,0.25,0
OUT1__CHG1__path_1,OUT1,CHG1,path_1,91,10,37,2.95,0.25,0
OUT1__CHG1__path_1,OUT1,CHG1,path_1,92,10,36,2.85,0.25,0
OUT1__CHG1__path_1,OUT1,CHG1,path_1,93,10,35,2.75,0.25,0
OUT1__CHG1__path_1,OUT1,CHG1,path_1,94,10,34,2.65,0.25,0
OUT1__CHG1__path_1,OUT1,CHG1,path_1,95,10,33,2.55,0.25,0
OUT1__CHG1__path_1,OUT1,CHG1,path_1,96,10,32,2.45,0.25,0
OUT1__CHG1__path_1,OUT1,CHG1,path_1,97,10,31,2.35,0.25,0
OUT1__CHG1__path_1,OUT1,CHG1,path_1,98,10,30,2.25,0.25,0
OUT1__CHG1__path_1,OUT1,CHG1,path_1,99,10,29,2.15,0.25,0
OUT1__CHG1__path_1,OUT1,CHG1,path_1,100,10,28,2.05,0.25,0
OUT1__CHG1__path_1,OUT1,CHG1,path_1,101,10,27,1.95,0.25,0
OUT1__CHG1__path_1,OUT1,CHG1,path_1,102,10,26,1.85,0.25,0
OUT1__CHG1__path_1,OUT1,CHG1,path_1,103,10,25,1.75,0.25,0
OUT1__CHG1__path_1,OUT1,CHG1,path_1,104,10,24,1.65,0.25,0
OUT1__CHG1__path_1,OUT1,CHG1,path_1,105,10,23,1.55,0.25,0
OUT1__CHG1__path_1,OUT1,CHG1,path_1,106,10,22,1.45,0.25,0
OUT1__CHG1__path_1,OUT1,CHG1,path_1,107,9,21,1.35,0.15,0
OUT1__CHG1__path_1,OUT1,CHG1,path_1,108,9,20,1.25,0.15,0
OUT1__CHG1__path_1,OUT1,CHG1,path_1,109,9,19,1.15,0.15,0
OUT1__CHG1__path_1,OUT1,CHG1,path_1,110,8,18,1.05,0.05,0
OUT1__CHG2__path_1,OUT1,CHG2,path_1,0,27,128,12.05,1.95,0
OUT1__CHG2__path_1,OUT1,CHG2,path_1,1,26,127,11.95,1.85,0
OUT1__CHG2__path_1,OUT1,CHG2,path_1,2,25,126,11.85,1.75,0
OUT1__CHG2__path_1,OUT1,CHG2,path_1,3,24,125,11.75,1.65,0
OUT1__CHG2__path_1,OUT1,CHG2,path_1,4,23,124,11.65,1.55,0
OUT1__CHG2__path_1,OUT1,CHG2,path_1,5,23,123,11.55,1.55,0
OUT1__CHG2__path_1,OUT1,CHG2,path_1,6,23,122,11.45,1.55,0
OUT1__CHG2__path_1,OUT1,CHG2,path_1,7,23,121,11.35,1.55,0
OUT1__CHG2__path_1,OUT1,CHG2,path_1,8,22,120,11.25,1.45,0
OUT1__CHG2__path_1,OUT1,CHG2,path_1,9,21,119,11.15,1.35,0
OUT1__CHG2__path_1,OUT1,CHG2,path_1,10,20,118,11.05,1.25,0
OUT1__CHG2__path_1,OUT1,CHG2,path_1,11,19,117,10.95,1.15,0
OUT1__CHG2__path_1,OUT1,CHG2,path_1,12,18,116,10.85,1.05,0
OUT1__CHG2__path_1,OUT1,CHG2,path_1,13,17,115,10.75,0.95,0
OUT1__CHG2__path_1,OUT1,CHG2,path_1,14,16,114,10.65,0.85,0
OUT1__CHG2__path_1,OUT1,CHG2,path_1,15,15,113,10.55,0.75,0
OUT1__CHG2__path_1,OUT1,CHG2,path_1,16,14,112,10.45,0.65,0
OUT1__CHG2__path_1,OUT1,CHG2,path_1,17,14,111,10.35,0.65,0
OUT1__CHG2__path_1,OUT1,CHG2,path_1,18,13,110,10.25,0.55,0
OUT1__CHG2__path_1,OUT1,CHG2,path_1,19,13,109,10.15,0.55,0
OUT1__CHG2__path_1,OUT1,CHG2,path_1,20,13,108,10.05,0.55,0
OUT1__CHG2__path_1,OUT1,CHG2,path_1,21,12,107,9.95,0.45,0
OUT1__CHG2__path_1,OUT1,CHG2,path_1,22,12,106,9.85,0.45,0
OUT1__CHG2__path_1,OUT1,CHG2,path_1,23,11,105,9.75,0.35,0
OUT1__CHG2__path_1,OUT1,CHG2,path_1,24,11,104,9.65,0.35,0
OUT1__CHG2__path_1,OUT1,CHG2,path_1,25,10,103,9.55,0.25,0
OUT1__CHG2__path_1,OUT1,CHG2,path_1,26,10,102,9.45,0.25,0
OUT1__CHG2__path_1,OUT1,CHG2,path_1,27,9,101,9.35,0.15,0
OUT1__CHG2__path_1,OUT1,CHG2,path_1,28,9,100,9.25,0.15,0
OUT1__CHG2__path_1,OUT1,CHG2,path_1,29,9,99,9.15,0.15,0
OUT1__CHG2__path_1,OUT1,CHG2,path_1,30,8,98,9.05,0.05,0
OUT2__IN1__path_1,OUT2,IN1,path_1,0,47,128,12.05,3.95,0
OUT2__IN1__path_1,OUT2,IN1,path_1,1,47,127,11.95,3.95,0
OUT2__IN1__path_1,OUT2,IN1,path_1,2,47,126,11.85,3.95,0
OUT2__IN1__path_1,OUT2,IN1,path_1,3,47,125,11.75,3.95,0
OUT2__IN1__path_1,OUT2,IN1,path_1,4,47,124,11.65,3.95,0
OUT2__IN1__path_1,OUT2,IN1,path_1,5,47,123,11.55,3.95,0
OUT2__IN1__path_1,OUT2,IN1,path_1,6,47,122,11.45,3.95,0
OUT2__IN1__path_1,OUT2,IN1,path_1,7,47,121,11.35,3.95,0
OUT2__IN1__path_1,OUT2,IN1,path_1,8,47,120,11.25,3.95,0
OUT2__IN1__path_1,OUT2,IN1,path_1,9,47,119,11.15,3.95,0
OUT2__IN1__path_1,OUT2,IN1,path_1,10,47,118,11.05,3.95,0
OUT2__IN1__path_1,OUT2,IN1,path_1,11,47,117,10.95,3.95,0
OUT2__IN1__path_1,OUT2,IN1,path_1,12,47,116,10.85,3.95,0
OUT2__IN1__path_1,OUT2,IN1,path_1,13,47,115,10.75,3.95,0
OUT2__IN1__path_1,OUT2,IN1,path_1,14,47,114,10.65,3.95,0
OUT2__IN1__path_1,OUT2,IN1,path_1,15,47,113,10.55,3.95,0
OUT2__IN1__path_1,OUT2,IN1,path_1,16,47,112,10.45,3.95,0
OUT2__IN1__path_1,OUT2,IN1,path_1,17,47,111,10.35,3.95,0
OUT2__IN1__path_1,OUT2,IN1,path_1,18,47,110,10.25,3.95,0
OUT2__IN1__path_1,OUT2,IN1,path_1,19,47,109,10.15,3.95,0
OUT2__IN1__path_1,OUT2,IN1,path_1,20,47,108,10.05,3.95,0
OUT2__IN1__path_1,OUT2,IN1,path_1,21,47,107,9.95,3.95,0
OUT2__IN1__path_1,OUT2,IN1,path_1,22,47,106,9.85,3.95,0
OUT2__IN1__path_1,OUT2,IN1,path_1,23,47,105,9.75,3.95,0
OUT2__IN1__path_1,OUT2,IN1,path_1,24,47,104,9.65,3.95,0
OUT2__IN1__path_1,OUT2,IN1,path_1,25,47,103,9.55,3.95,0
OUT2__IN1__path_1,OUT2,IN1,path_1,26,47,102,9.45,3.95,0
OUT2__IN1__path_1,OUT2,IN1,path_1,27,47,101,9.35,3.95,0
OUT2__IN1__path_1,OUT2,IN1,path_1,28,47,100,9.25,3.95,0
OUT2__IN1__path_1,OUT2,IN1,path_1,29,47,99,9.15,3.95,0
OUT2__IN1__path_1,OUT2,IN1,path_1,30,47,98,9.05,3.95,0
OUT2__IN1__path_1,OUT2,IN1,path_1,31,47,97,8.95,3.95,0
OUT2__IN1__path_1,OUT2,IN1,path_1,32,47,96,8.85,3.95,0
OUT2__IN1__path_1,OUT2,IN1,path_1,33,47,95,8.75,3.95,0
OUT2__IN1__path_1,OUT2,IN1,path_1,34,47,94,8.65,3.95,0
OUT2__IN1__path_1,OUT2,IN1,path_1,35,47,93,8.55,3.95,0
OUT2__IN1__path_1,OUT2,IN1,path_1,36,47,92,8.45,3.95,0
OUT2__IN1__path_1,OUT2,IN1,path_1,37,47,91,8.35,3.95,0
OUT2__IN1__path_1,OUT2,IN1,path_1,38,47,90,8.25,3.95,0
OUT2__IN1__path_1,OUT2,IN1,path_1,39,47,89,8.15,3.95,0
OUT2__IN1__path_1,OUT2,IN1,path_1,40,47,88,8.05,3.95,0
OUT2__IN1__path_1,OUT2,IN1,path_1,41,47,87,7.95,3.95,0
OUT2__IN1__path_1,OUT2,IN1,path_1,42,47,86,7.85,3.95,0
OUT2__IN1__path_1,OUT2,IN1,path_1,43,47,85,7.75,3.95,0
OUT2__IN1__path_1,OUT2,IN1,path_1,44,47,84,7.65,3.95,0
OUT2__IN1__path_1,OUT2,IN1,path_1,45,47,83,7.55,3.95,0
OUT2__IN1__path_1,OUT2,IN1,path_1,46,47,82,7.45,3.95,0
OUT2__IN1__path_1,OUT2,IN1,path_1,47,47,81,7.35,3.95,0
OUT2__IN1__path_1,OUT2,IN1,path_1,48,47,80,7.25,3.95,0
OUT2__IN1__path_1,OUT2,IN1,path_1,49,47,79,7.15,3.95,0
OUT2__IN1__path_1,OUT2,IN1,path_1,50,47,78,7.05,3.95,0
OUT2__IN1__path_1,OUT2,IN1,path_1,51,47,77,6.95,3.95,0
OUT2__IN1__path_1,OUT2,IN1,path_1,52,47,76,6.85,3.95,0
OUT2__IN1__path_1,OUT2,IN1,path_1,53,47,75,6.75,3.95,0
OUT2__IN1__path_1,OUT2,IN1,path_1,54,47,74,6.65,3.95,0
OUT2__IN1__path_1,OUT2,IN1,path_1,55,48,73,6.55,4.05,0
OUT2__IN1__path_1,OUT2,IN1,path_1,56,48,72,6.45,4.05,0
OUT2__IN1__path_1,OUT2,IN1,path_1,57,48,71,6.35,4.05,0
OUT2__IN1__path_1,OUT2,IN1,path_1,58,48,70,6.25,4.05,0
OUT2__IN1__path_1,OUT2,IN1,path_1,59,48,69,6.15,4.05,0
OUT2__IN1__path_1,OUT2,IN1,path_1,60,48,68,6.05,4.05,0
OUT2__IN1__path_1,OUT2,IN1,path_1,61,48,67,5.95,4.05,0
OUT2__IN1__path_1,OUT2,IN1,path_1,62,48,66,5.85,4.05,0
OUT2__IN1__path_1,OUT2,IN1,path_1,63,48,65,5.75,4.05,0
OUT2__IN1__path_1,OUT2,IN1,path_1,64,48,64,5.65,4.05,0
OUT2__IN1__path_1,OUT2,IN1,path_1,65,48,63,5.55,4.05,0
OUT2__IN1__path_1,OUT2,IN1,path_1,66,48,62,5.45,4.05,0
OUT2__IN1__path_1,OUT2,IN1,path_1,67,48,61,5.35,4.05,0
OUT2__IN1__path_1,OUT2,IN1,path_1,68,48,60,5.25,4.05,0
OUT2__IN1__path_1,OUT2,IN1,path_1,69,48,59,5.15,4.05,0
OUT2__IN1__path_1,OUT2,IN1,path_1,70,48,58,5.05,4.05,0
OUT2__IN1__path_1,OUT2,IN1,path_1,71,48,57,4.95,4.05,0
OUT2__IN1__path_1,OUT2,IN1,path_1,72,48,56,4.85,4.05,0
OUT2__IN1__path_1,OUT2,IN1,path_1,73,48,55,4.75,4.05,0
OUT2__IN1__path_1,OUT2,IN1,path_1,74,47,54,4.65,3.95,0
OUT2__IN1__path_1,OUT2,IN1,path_1,75,46,53,4.55,3.85,0
OUT2__IN1__path_1,OUT2,IN1,path_1,76,45,52,4.45,3.75,0
OUT2__IN1__path_1,OUT2,IN1,path_1,77,44,51,4.35,3.65,0
OUT2__IN1__path_1,OUT2,IN1,path_1,78,43,50,4.25,3.55,0
OUT2__IN1__path_1,OUT2,IN1,path_1,79,42,49,4.15,3.45,0
OUT2__IN1__path_1,OUT2,IN1,path_1,80,41,48,4.05,3.35,0
OUT2__IN1__path_1,OUT2,IN1,path_1,81,40,47,3.95,3.25,0
OUT2__IN1__path_1,OUT2,IN1,path_1,82,39,46,3.85,3.15,0
OUT2__IN1__path_1,OUT2,IN1,path_1,83,39,45,3.75,3.15,0
OUT2__IN1__path_1,OUT2,IN1,path_1,84,39,44,3.65,3.15,0
OUT2__IN1__path_1,OUT2,IN1,path_1,85,39,43,3.55,3.15,0
OUT2__IN1__path_1,OUT2,IN1,path_1,86,39,42,3.45,3.15,0
OUT2__IN1__path_1,OUT2,IN1,path_1,87,39,41,3.35,3.15,0
OUT2__IN1__path_1,OUT2,IN1,path_1,88,39,40,3.25,3.15,0
OUT2__IN1__path_1,OUT2,IN1,path_1,89,39,39,3.15,3.15,0
OUT2__IN1__path_1,OUT2,IN1,path_1,90,39,38,3.05,3.15,0
OUT2__IN1__path_1,OUT2,IN1,path_1,91,38,37,2.95,3.05,0
OUT2__IN1__path_1,OUT2,IN1,path_1,92,37,36,2.85,2.95,0
OUT2__IN1__path_1,OUT2,IN1,path_1,93,36,35,2.75,2.85,0
OUT2__IN1__path_1,OUT2,IN1,path_1,94,35,34,2.65,2.75,0
OUT2__IN1__path_1,OUT2,IN1,path_1,95,34,33,2.55,2.65,0
OUT2__IN1__path_1,OUT2,IN1,path_1,96,33,32,2.45,2.55,0
OUT2__IN1__path_1,OUT2,IN1,path_1,97,32,31,2.35,2.45,0
OUT2__IN1__path_1,OUT2,IN1,path_1,98,31,30,2.25,2.35,0
OUT2__IN1__path_1,OUT2,IN1,path_1,99,30,29,2.15,2.25,0
OUT2__IN1__path_1,OUT2,IN1,path_1,100,29,28,2.05,2.15,0
OUT2__IN1__path_1,OUT2,IN1,path_1,101,28,27,1.95,2.05,0
OUT2__IN1__path_1,OUT2,IN1,path_1,102,27,26,1.85,1.95,0
OUT2__IN1__path_1,OUT2,IN1,path_1,103,26,25,1.75,1.85,0
OUT2__IN1__path_1,OUT2,IN1,path_1,104,25,24,1.65,1.75,0
OUT2__IN1__path_1,OUT2,IN1,path_1,105,25,23,1.55,1.75,0
OUT2__IN1__path_1,OUT2,IN1,path_1,106,24,22,1.45,1.65,0
OUT2__IN1__path_1,OUT2,IN1,path_1,107,24,21,1.35,1.65,0
OUT2__IN1__path_1,OUT2,IN1,path_1,108,23,20,1.25,1.55,0
OUT2__IN1__path_1,OUT2,IN1,path_1,109,23,19,1.15,1.55,0
OUT2__IN1__path_1,OUT2,IN1,path_1,110,23,18,1.05,1.55,0
OUT2__IN1__path_1,OUT2,IN1,path_1,111,22,17,0.95,1.45,0
OUT2__IN1__path_1,OUT2,IN1,path_1,112,22,16,0.85,1.45,0
OUT2__IN1__path_1,OUT2,IN1,path_1,113,21,15,0.75,1.35,0
OUT2__IN1__path_1,OUT2,IN1,path_1,114,21,14,0.65,1.35,0
OUT2__IN1__path_1,OUT2,IN1,path_1,115,20,13,0.55,1.25,0
OUT2__IN1__path_1,OUT2,IN1,path_1,116,20,12,0.45,1.25,0
OUT2__IN1__path_1,OUT2,IN1,path_1,117,19,11,0.35,1.15,0
OUT2__IN1__path_1,OUT2,IN1,path_1,118,19,10,0.25,1.15,0
OUT2__IN1__path_1,OUT2,IN1,path_1,119,19,9,0.15,1.15,0
OUT2__IN1__path_1,OUT2,IN1,path_1,120,18,8,0.05,1.05,0
OUT2__IN2__path_1,OUT2,IN2,path_1,0,47,128,12.05,3.95,0
OUT2__IN2__path_1,OUT2,IN2,path_1,1,47,127,11.95,3.95,0
OUT2__IN2__path_1,OUT2,IN2,path_1,2,47,126,11.85,3.95,0
OUT2__IN2__path_1,OUT2,IN2,path_1,3,47,125,11.75,3.95,0
OUT2__IN2__path_1,OUT2,IN2,path_1,4,47,124,11.65,3.95,0
OUT2__IN2__path_1,OUT2,IN2,path_1,5,47,123,11.55,3.95,0
OUT2__IN2__path_1,OUT2,IN2,path_1,6,47,122,11.45,3.95,0
OUT2__IN2__path_1,OUT2,IN2,path_1,7,47,121,11.35,3.95,0
OUT2__IN2__path_1,OUT2,IN2,path_1,8,47,120,11.25,3.95,0
OUT2__IN2__path_1,OUT2,IN2,path_1,9,47,119,11.15,3.95,0
OUT2__IN2__path_1,OUT2,IN2,path_1,10,47,118,11.05,3.95,0
OUT2__IN2__path_1,OUT2,IN2,path_1,11,47,117,10.95,3.95,0
OUT2__IN2__path_1,OUT2,IN2,path_1,12,47,116,10.85,3.95,0
OUT2__IN2__path_1,OUT2,IN2,path_1,13,47,115,10.75,3.95,0
OUT2__IN2__path_1,OUT2,IN2,path_1,14,47,114,10.65,3.95,0
OUT2__IN2__path_1,OUT2,IN2,path_1,15,47,113,10.55,3.95,0
OUT2__IN2__path_1,OUT2,IN2,path_1,16,47,112,10.45,3.95,0
OUT2__IN2__path_1,OUT2,IN2,path_1,17,47,111,10.35,3.95,0
OUT2__IN2__path_1,OUT2,IN2,path_1,18,47,110,10.25,3.95,0
OUT2__IN2__path_1,OUT2,IN2,path_1,19,47,109,10.15,3.95,0
OUT2__IN2__path_1,OUT2,IN2,path_1,20,47,108,10.05,3.95,0
OUT2__IN2__path_1,OUT2,IN2,path_1,21,47,107,9.95,3.95,0
OUT2__IN2__path_1,OUT2,IN2,path_1,22,47,106,9.85,3.95,0
OUT2__IN2__path_1,OUT2,IN2,path_1,23,47,105,9.75,3.95,0
OUT2__IN2__path_1,OUT2,IN2,path_1,24,47,104,9.65,3.95,0
OUT2__IN2__path_1,OUT2,IN2,path_1,25,47,103,9.55,3.95,0
OUT2__IN2__path_1,OUT2,IN2,path_1,26,47,102,9.45,3.95,0
OUT2__IN2__path_1,OUT2,IN2,path_1,27,47,101,9.35,3.95,0
OUT2__IN2__path_1,OUT2,IN2,path_1,28,47,100,9.25,3.95,0
OUT2__IN2__path_1,OUT2,IN2,path_1,29,47,99,9.15,3.95,0
OUT2__IN2__path_1,OUT2,IN2,path_1,30,47,98,9.05,3.95,0
OUT2__IN2__path_1,OUT2,IN2,path_1,31,47,97,8.95,3.95,0
OUT2__IN2__path_1,OUT2,IN2,path_1,32,47,96,8.85,3.95,0
OUT2__IN2__path_1,OUT2,IN2,path_1,33,47,95,8.75,3.95,0
OUT2__IN2__path_1,OUT2,IN2,path_1,34,47,94,8.65,3.95,0
OUT2__IN2__path_1,OUT2,IN2,path_1,35,47,93,8.55,3.95,0
OUT2__IN2__path_1,OUT2,IN2,path_1,36,47,92,8.45,3.95,0
OUT2__IN2__path_1,OUT2,IN2,path_1,37,47,91,8.35,3.95,0
OUT2__IN2__path_1,OUT2,IN2,path_1,38,47,90,8.25,3.95,0
OUT2__IN2__path_1,OUT2,IN2,path_1,39,47,89,8.15,3.95,0
OUT2__IN2__path_1,OUT2,IN2,path_1,40,47,88,8.05,3.95,0
OUT2__IN2__path_1,OUT2,IN2,path_1,41,47,87,7.95,3.95,0
OUT2__IN2__path_1,OUT2,IN2,path_1,42,47,86,7.85,3.95,0
OUT2__IN2__path_1,OUT2,IN2,path_1,43,47,85,7.75,3.95,0
OUT2__IN2__path_1,OUT2,IN2,path_1,44,47,84,7.65,3.95,0
OUT2__IN2__path_1,OUT2,IN2,path_1,45,47,83,7.55,3.95,0
OUT2__IN2__path_1,OUT2,IN2,path_1,46,47,82,7.45,3.95,0
OUT2__IN2__path_1,OUT2,IN2,path_1,47,47,81,7.35,3.95,0
OUT2__IN2__path_1,OUT2,IN2,path_1,48,47,80,7.25,3.95,0
OUT2__IN2__path_1,OUT2,IN2,path_1,49,47,79,7.15,3.95,0
OUT2__IN2__path_1,OUT2,IN2,path_1,50,47,78,7.05,3.95,0
OUT2__IN2__path_1,OUT2,IN2,path_1,51,47,77,6.95,3.95,0
OUT2__IN2__path_1,OUT2,IN2,path_1,52,47,76,6.85,3.95,0
OUT2__IN2__path_1,OUT2,IN2,path_1,53,47,75,6.75,3.95,0
OUT2__IN2__path_1,OUT2,IN2,path_1,54,47,74,6.65,3.95,0
OUT2__IN2__path_1,OUT2,IN2,path_1,55,48,73,6.55,4.05,0
OUT2__IN2__path_1,OUT2,IN2,path_1,56,48,72,6.45,4.05,0
OUT2__IN2__path_1,OUT2,IN2,path_1,57,48,71,6.35,4.05,0
OUT2__IN2__path_1,OUT2,IN2,path_1,58,48,70,6.25,4.05,0
OUT2__IN2__path_1,OUT2,IN2,path_1,59,48,69,6.15,4.05,0
OUT2__IN2__path_1,OUT2,IN2,path_1,60,48,68,6.05,4.05,0
OUT2__IN2__path_1,OUT2,IN2,path_1,61,48,67,5.95,4.05,0
OUT2__IN2__path_1,OUT2,IN2,path_1,62,48,66,5.85,4.05,0
OUT2__IN2__path_1,OUT2,IN2,path_1,63,48,65,5.75,4.05,0
OUT2__IN2__path_1,OUT2,IN2,path_1,64,48,64,5.65,4.05,0
OUT2__IN2__path_1,OUT2,IN2,path_1,65,48,63,5.55,4.05,0
OUT2__IN2__path_1,OUT2,IN2,path_1,66,48,62,5.45,4.05,0
OUT2__IN2__path_1,OUT2,IN2,path_1,67,48,61,5.35,4.05,0
OUT2__IN2__path_1,OUT2,IN2,path_1,68,48,60,5.25,4.05,0
OUT2__IN2__path_1,OUT2,IN2,path_1,69,48,59,5.15,4.05,0
OUT2__IN2__path_1,OUT2,IN2,path_1,70,48,58,5.05,4.05,0
OUT2__IN2__path_1,OUT2,IN2,path_1,71,48,57,4.95,4.05,0
OUT2__IN2__path_1,OUT2,IN2,path_1,72,48,56,4.85,4.05,0
OUT2__IN2__path_1,OUT2,IN2,path_1,73,48,55,4.75,4.05,0
OUT2__IN2__path_1,OUT2,IN2,path_1,74,48,54,4.65,4.05,0
OUT2__IN2__path_1,OUT2,IN2,path_1,75,48,53,4.55,4.05,0
OUT2__IN2__path_1,OUT2,IN2,path_1,76,48,52,4.45,4.05,0
OUT2__IN2__path_1,OUT2,IN2,path_1,77,48,51,4.35,4.05,0
OUT2__IN2__path_1,OUT2,IN2,path_1,78,48,50,4.25,4.05,0
OUT2__IN2__path_1,OUT2,IN2,path_1,79,48,49,4.15,4.05,0
OUT2__IN2__path_1,OUT2,IN2,path_1,80,48,48,4.05,4.05,0
OUT2__IN2__path_1,OUT2,IN2,path_1,81,48,47,3.95,4.05,0
OUT2__IN2__path_1,OUT2,IN2,path_1,82,48,46,3.85,4.05,0
OUT2__IN2__path_1,OUT2,IN2,path_1,83,48,45,3.75,4.05,0
OUT2__IN2__path_1,OUT2,IN2,path_1,84,48,44,3.65,4.05,0
OUT2__IN2__path_1,OUT2,IN2,path_1,85,48,43,3.55,4.05,0
OUT2__IN2__path_1,OUT2,IN2,path_1,86,48,42,3.45,4.05,0
OUT2__IN2__path_1,OUT2,IN2,path_1,87,48,41,3.35,4.05,0
OUT2__IN2__path_1,OUT2,IN2,path_1,88,48,40,3.25,4.05,0
OUT2__IN2__path_1,OUT2,IN2,path_1,89,48,39,3.15,4.05,0
OUT2__IN2__path_1,OUT2,IN2,path_1,90,48,38,3.05,4.05,0
OUT2__IN2__path_1,OUT2,IN2,path_1,91,48,37,2.95,4.05,0
OUT2__IN2__path_1,OUT2,IN2,path_1,92,48,36,2.85,4.05,0
OUT2__IN2__path_1,OUT2,IN2,path_1,93,48,35,2.75,4.05,0
OUT2__IN2__path_1,OUT2,IN2,path_1,94,48,34,2.65,4.05,0
OUT2__IN2__path_1,OUT2,IN2,path_1,95,48,33,2.55,4.05,0
OUT2__IN2__path_1,OUT2,IN2,path_1,96,48,32,2.45,4.05,0
OUT2__IN2__path_1,OUT2,IN2,path_1,97,48,31,2.35,4.05,0
OUT2__IN2__path_1,OUT2,IN2,path_1,98,48,30,2.25,4.05,0
OUT2__IN2__path_1,OUT2,IN2,path_1,99,48,29,2.15,4.05,0
OUT2__IN2__path_1,OUT2,IN2,path_1,100,48,28,2.05,4.05,0
OUT2__IN2__path_1,OUT2,IN2,path_1,101,48,27,1.95,4.05,0
OUT2__IN2__path_1,OUT2,IN2,path_1,102,49,26,1.85,4.15,0
OUT2__IN2__path_1,OUT2,IN2,path_1,103,49,25,1.75,4.15,0
OUT2__IN2__path_1,OUT2,IN2,path_1,104,50,24,1.65,4.25,0
OUT2__IN2__path_1,OUT2,IN2,path_1,105,50,23,1.55,4.25,0
OUT2__IN2__path_1,OUT2,IN2,path_1,106,51,22,1.45,4.35,0
OUT2__IN2__path_1,OUT2,IN2,path_1,107,51,21,1.35,4.35,0
OUT2__IN2__path_1,OUT2,IN2,path_1,108,52,20,1.25,4.45,0
OUT2__IN2__path_1,OUT2,IN2,path_1,109,52,19,1.15,4.45,0
OUT2__IN2__path_1,OUT2,IN2,path_1,110,52,18,1.05,4.45,0
OUT2__IN2__path_1,OUT2,IN2,path_1,111,53,17,0.95,4.55,0
OUT2__IN2__path_1,OUT2,IN2,path_1,112,53,16,0.85,4.55,0
OUT2__IN2__path_1,OUT2,IN2,path_1,113,54,15,0.75,4.65,0
OUT2__IN2__path_1,OUT2,IN2,path_1,114,54,14,0.65,4.65,0
OUT2__IN2__path_1,OUT2,IN2,path_1,115,55,13,0.55,4.75,0
OUT2__IN2__path_1,OUT2,IN2,path_1,116,55,12,0.45,4.75,0
OUT2__IN2__path_1,OUT2,IN2,path_1,117,56,11,0.35,4.85,0
OUT2__IN2__path_1,OUT2,IN2,path_1,118,56,10,0.25,4.85,0
OUT2__IN2__path_1,OUT2,IN2,path_1,119,56,9,0.15,4.85,0
OUT2__IN2__path_1,OUT2,IN2,path_1,120,57,8,0.05,4.95,0
OUT2__P1__path_1,OUT2,P1,path_1,0,47,128,12.05,3.95,0
OUT2__P1__path_1,OUT2,P1,path_1,1,46,127,11.95,3.85,0
OUT2__P1__path_1,OUT2,P1,path_1,2,45,126,11.85,3.75,0
OUT2__P1__path_1,OUT2,P1,path_1,3,44,125,11.75,3.65,0
OUT2__P1__path_1,OUT2,P1,path_1,4,43,124,11.65,3.55,0
OUT2__P1__path_1,OUT2,P1,path_1,5,42,123,11.55,3.45,0
OUT2__P1__path_1,OUT2,P1,path_1,6,41,122,11.45,3.35,0
OUT2__P1__path_1,OUT2,P1,path_1,7,40,121,11.35,3.25,0
OUT2__P1__path_1,OUT2,P1,path_1,8,39,120,11.25,3.15,0
OUT2__P1__path_1,OUT2,P1,path_1,9,38,119,11.15,3.05,0
OUT2__P1__path_1,OUT2,P1,path_1,10,37,118,11.05,2.95,0
OUT2__P1__path_1,OUT2,P1,path_1,11,36,117,10.95,2.85,0
OUT2__P1__path_1,OUT2,P1,path_1,12,35,116,10.85,2.75,0
OUT2__P1__path_1,OUT2,P1,path_1,13,34,115,10.75,2.65,0
OUT2__P1__path_1,OUT2,P1,path_1,14,33,114,10.65,2.55,0
OUT2__P1__path_1,OUT2,P1,path_1,15,32,113,10.55,2.45,0
OUT2__P1__path_1,OUT2,P1,path_1,16,31,112,10.45,2.35,0
OUT2__P1__path_1,OUT2,P1,path_1,17,30,111,10.35,2.25,0
OUT2__P1__path_1,OUT2,P1,path_1,18,29,110,10.25,2.15,0
OUT2__P1__path_1,OUT2,P1,path_1,19,28,109,10.15,2.05,0
OUT2__P1__path_1,OUT2,P1,path_1,20,27,108,10.05,1.95,0
OUT2__P1__path_1,OUT2,P1,path_1,21,26,107,9.95,1.85,0
OUT2__P1__path_1,OUT2,P1,path_1,22,25,106,9.85,1.75,0
OUT2__P1__path_1,OUT2,P1,path_1,23,24,105,9.75,1.65,0
OUT2__P1__path_1,OUT2,P1,path_1,24,23,104,9.65,1.55,0
OUT2__P1__path_1,OUT2,P1,path_1,25,22,103,9.55,1.45,0
OUT2__P1__path_1,OUT2,P1,path_1,26,21,102,9.45,1.35,0
OUT2__P1__path_1,OUT2,P1,path_1,27,20,101,9.35,1.25,0
OUT2__P1__path_1,OUT2,P1,path_1,28,19,100,9.25,1.15,0
OUT2__P1__path_1,OUT2,P1,path_1,29,18,99,9.15,1.05,0
OUT2__P1__path_1,OUT2,P1,path_1,30,17,98,9.05,0.95,0
OUT2__P1__path_1,OUT2,P1,path_1,31,16,97,8.95,0.85,0
OUT2__P1__path_1,OUT2,P1,path_1,32,15,96,8.85,0.75,0
OUT2__P1__path_1,OUT2,P1,path_1,33,14,96,8.85,0.65,0
OUT2__P1__path_1,OUT2,P1,path_1,34,13,96,8.85,0.55,0
OUT2__P1__path_1,OUT2,P1,path_1,35,12,96,8.85,0.45,0
OUT2__P1__path_1,OUT2,P1,path_1,36,12,95,8.75,0.45,0
OUT2__P1__path_1,OUT2,P1,path_1,37,12,94,8.65,0.45,0
OUT2__P1__path_1,OUT2,P1,path_1,38,12,93,8.55,0.45,0
OUT2__P1__path_1,OUT2,P1,path_1,39,12,92,8.45,0.45,0
OUT2__P1__path_1,OUT2,P1,path_1,40,12,91,8.35,0.45,0
OUT2__P1__path_1,OUT2,P1,path_1,41,12,90,8.25,0.45,0
OUT2__P1__path_1,OUT2,P1,path_1,42,12,89,8.15,0.45,0
OUT2__P1__path_1,OUT2,P1,path_1,43,12,88,8.05,0.45,0
OUT2__P1__path_1,OUT2,P1,path_1,44,12,87,7.95,0.45,0
OUT2__P1__path_1,OUT2,P1,path_1,45,12,86,7.85,0.45,0
OUT2__P1__path_1,OUT2,P1,path_1,46,12,85,7.75,0.45,0
OUT2__P1__path_1,OUT2,P1,path_1,47,12,84,7.65,0.45,0
OUT2__P1__path_1,OUT2,P1,path_1,48,12,83,7.55,0.45,0
OUT2__P1__path_1,OUT2,P1,path_1,49,12,82,7.45,0.45,0
OUT2__P1__path_1,OUT2,P1,path_1,50,12,81,7.35,0.45,0
OUT2__P1__path_1,OUT2,P1,path_1,51,12,80,7.25,0.45,0
OUT2__P1__path_1,OUT2,P1,path_1,52,12,79,7.15,0.45,0
OUT2__P1__path_1,OUT2,P1,path_1,53,12,78,7.05,0.45,0
OUT2__P1__path_1,OUT2,P1,path_1,54,12,77,6.95,0.45,0
OUT2__P1__path_1,OUT2,P1,path_1,55,12,76,6.85,0.45,0
OUT2__P1__path_1,OUT2,P1,path_1,56,11,75,6.75,0.35,0
OUT2__P1__path_1,OUT2,P1,path_1,57,11,74,6.65,0.35,0
OUT2__P1__path_1,OUT2,P1,path_1,58,11,73,6.55,0.35,0
OUT2__P1__path_1,OUT2,P1,path_1,59,11,72,6.45,0.35,0
OUT2__P1__path_1,OUT2,P1,path_1,60,11,71,6.35,0.35,0
OUT2__P1__path_1,OUT2,P1,path_1,61,11,70,6.25,0.35,0
OUT2__P1__path_1,OUT2,P1,path_1,62,11,69,6.15,0.35,0
OUT2__P1__path_1,OUT2,P1,path_1,63,11,68,6.05,0.35,0
OUT2__P1__path_1,OUT2,P1,path_1,64,11,67,5.95,0.35,0
OUT2__P1__path_1,OUT2,P1,path_1,65,11,66,5.85,0.35,0
OUT2__P1__path_1,OUT2,P1,path_1,66,11,65,5.75,0.35,0
OUT2__P1__path_1,OUT2,P1,path_1,67,11,64,5.65,0.35,0
OUT2__P1__path_1,OUT2,P1,path_1,68,11,63,5.55,0.35,0
OUT2__P1__path_1,OUT2,P1,path_1,69,11,62,5.45,0.35,0
OUT2__P1__path_1,OUT2,P1,path_1,70,11,61,5.35,0.35,0
OUT2__P1__path_1,OUT2,P1,path_1,71,11,60,5.25,0.35,0
OUT2__P1__path_1,OUT2,P1,path_1,72,11,59,5.15,0.35,0
OUT2__P1__path_1,OUT2,P1,path_1,73,11,58,5.05,0.35,0
OUT2__P1__path_1,OUT2,P1,path_1,74,11,57,4.95,0.35,0
OUT2__P1__path_1,OUT2,P1,path_1,75,11,56,4.85,0.35,0
OUT2__P1__path_1,OUT2,P1,path_1,76,11,55,4.75,0.35,0
OUT2__P1__path_1,OUT2,P1,path_1,77,11,54,4.65,0.35,0
OUT2__P1__path_1,OUT2,P1,path_1,78,10,53,4.55,0.25,0
OUT2__P1__path_1,OUT2,P1,path_1,79,10,52,4.45,0.25,0
OUT2__P1__path_1,OUT2,P1,path_1,80,10,51,4.35,0.25,0
OUT2__P1__path_1,OUT2,P1,path_1,81,10,50,4.25,0.25,0
OUT2__P1__path_1,OUT2,P1,path_1,82,10,49,4.15,0.25,0
OUT2__P1__path_1,OUT2,P1,path_1,83,10,48,4.05,0.25,0
OUT2__P1__path_1,OUT2,P1,path_1,84,10,47,3.95,0.25,0
OUT2__P1__path_1,OUT2,P1,path_1,85,10,46,3.85,0.25,0
OUT2__P1__path_1,OUT2,P1,path_1,86,10,45,3.75,0.25,0
OUT2__P1__path_1,OUT2,P1,path_1,87,10,44,3.65,0.25,0
OUT2__P1__path_1,OUT2,P1,path_1,88,10,43,3.55,0.25,0
OUT2__P1__path_1,OUT2,P1,path_1,89,10,42,3.45,0.25,0
OUT2__P1__path_1,OUT2,P1,path_1,90,10,41,3.35,0.25,0
OUT2__P1__path_1,OUT2,P1,path_1,91,10,40,3.25,0.25,0
OUT2__P1__path_1,OUT2,P1,path_1,92,10,39,3.15,0.25,0
OUT2__P1__path_1,OUT2,P1,path_1,93,10,38,3.05,0.25,0
OUT2__P1__path_1,OUT2,P1,path_1,94,11,38,3.05,0.35,0
OUT2__P1__path_1,OUT2,P1,path_1,95,12,38,3.05,0.45,0
OUT2__P1__path_1,OUT2,P1,path_1,96,13,38,3.05,0.55,0
OUT2__P1__path_1,OUT2,P1,path_1,97,14,38,3.05,0.65,0
OUT2__P1__path_1,OUT2,P1,path_1,98,15,38,3.05,0.75,0
OUT2__P1__path_1,OUT2,P1,path_1,99,16,38,3.05,0.85,0
OUT2__P1__path_1,OUT2,P1,path_1,100,17,37,2.95,0.95,0
OUT2__P2__path_1,OUT2,P2,path_1,0,47,128,12.05,3.95,0
OUT2__P2__path_1,OUT2,P2,path_1,1,47,127,11.95,3.95,0
OUT2__P2__path_1,OUT2,P2,path_1,2,47,126,11.85,3.95,0
OUT2__P2__path_1,OUT2,P2,path_1,3,47,125,11.75,3.95,0
OUT2__P2__path_1,OUT2,P2,path_1,4,47,124,11.65,3.95,0
OUT2__P2__path_1,OUT2,P2,path_1,5,47,123,11.55,3.95,0
OUT2__P2__path_1,OUT2,P2,path_1,6,47,122,11.45,3.95,0
OUT2__P2__path_1,OUT2,P2,path_1,7,47,121,11.35,3.95,0
OUT2__P2__path_1,OUT2,P2,path_1,8,47,120,11.25,3.95,0
OUT2__P2__path_1,OUT2,P2,path_1,9,47,119,11.15,3.95,0
OUT2__P2__path_1,OUT2,P2,path_1,10,47,118,11.05,3.95,0
OUT2__P2__path_1,OUT2,P2,path_1,11,47,117,10.95,3.95,0
OUT2__P2__path_1,OUT2,P2,path_1,12,47,116,10.85,3.95,0
OUT2__P2__path_1,OUT2,P2,path_1,13,47,115,10.75,3.95,0
OUT2__P2__path_1,OUT2,P2,path_1,14,47,114,10.65,3.95,0
OUT2__P2__path_1,OUT2,P2,path_1,15,47,113,10.55,3.95,0
OUT2__P2__path_1,OUT2,P2,path_1,16,47,112,10.45,3.95,0
OUT2__P2__path_1,OUT2,P2,path_1,17,47,111,10.35,3.95,0
OUT2__P2__path_1,OUT2,P2,path_1,18,47,110,10.25,3.95,0
OUT2__P2__path_1,OUT2,P2,path_1,19,47,109,10.15,3.95,0
OUT2__P2__path_1,OUT2,P2,path_1,20,47,108,10.05,3.95,0
OUT2__P2__path_1,OUT2,P2,path_1,21,47,107,9.95,3.95,0
OUT2__P2__path_1,OUT2,P2,path_1,22,47,106,9.85,3.95,0
OUT2__P2__path_1,OUT2,P2,path_1,23,47,105,9.75,3.95,0
OUT2__P2__path_1,OUT2,P2,path_1,24,47,104,9.65,3.95,0
OUT2__P2__path_1,OUT2,P2,path_1,25,47,103,9.55,3.95,0
OUT2__P2__path_1,OUT2,P2,path_1,26,47,102,9.45,3.95,0
OUT2__P2__path_1,OUT2,P2,path_1,27,47,101,9.35,3.95,0
OUT2__P2__path_1,OUT2,P2,path_1,28,47,100,9.25,3.95,0
OUT2__P2__path_1,OUT2,P2,path_1,29,47,99,9.15,3.95,0
OUT2__P2__path_1,OUT2,P2,path_1,30,47,98,9.05,3.95,0
OUT2__P2__path_1,OUT2,P2,path_1,31,47,97,8.95,3.95,0
OUT2__P2__path_1,OUT2,P2,path_1,32,47,96,8.85,3.95,0
OUT2__P2__path_1,OUT2,P2,path_1,33,47,95,8.75,3.95,0
OUT2__P2__path_1,OUT2,P2,path_1,34,47,94,8.65,3.95,0
OUT2__P2__path_1,OUT2,P2,path_1,35,47,93,8.55,3.95,0
OUT2__P2__path_1,OUT2,P2,path_1,36,47,92,8.45,3.95,0
OUT2__P2__path_1,OUT2,P2,path_1,37,47,91,8.35,3.95,0
OUT2__P2__path_1,OUT2,P2,path_1,38,47,90,8.25,3.95,0
OUT2__P2__path_1,OUT2,P2,path_1,39,47,89,8.15,3.95,0
OUT2__P2__path_1,OUT2,P2,path_1,40,47,88,8.05,3.95,0
OUT2__P2__path_1,OUT2,P2,path_1,41,47,87,7.95,3.95,0
OUT2__P2__path_1,OUT2,P2,path_1,42,47,86,7.85,3.95,0
OUT2__P2__path_1,OUT2,P2,path_1,43,47,85,7.75,3.95,0
OUT2__P2__path_1,OUT2,P2,path_1,44,47,84,7.65,3.95,0
OUT2__P2__path_1,OUT2,P2,path_1,45,47,83,7.55,3.95,0
OUT2__P2__path_1,OUT2,P2,path_1,46,47,82,7.45,3.95,0
OUT2__P2__path_1,OUT2,P2,path_1,47,47,81,7.35,3.95,0
OUT2__P2__path_1,OUT2,P2,path_1,48,47,80,7.25,3.95,0
OUT2__P2__path_1,OUT2,P2,path_1,49,47,79,7.15,3.95,0
OUT2__P2__path_1,OUT2,P2,path_1,50,47,78,7.05,3.95,0
OUT2__P2__path_1,OUT2,P2,path_1,51,47,77,6.95,3.95,0
OUT2__P2__path_1,OUT2,P2,path_1,52,47,76,6.85,3.95,0
OUT2__P2__path_1,OUT2,P2,path_1,53,47,75,6.75,3.95,0
OUT2__P2__path_1,OUT2,P2,path_1,54,47,74,6.65,3.95,0
OUT2__P2__path_1,OUT2,P2,path_1,55,48,73,6.55,4.05,0
OUT2__P2__path_1,OUT2,P2,path_1,56,48,72,6.45,4.05,0
OUT2__P2__path_1,OUT2,P2,path_1,57,48,71,6.35,4.05,0
OUT2__P2__path_1,OUT2,P2,path_1,58,48,70,6.25,4.05,0
OUT2__P2__path_1,OUT2,P2,path_1,59,48,69,6.15,4.05,0
OUT2__P2__path_1,OUT2,P2,path_1,60,48,68,6.05,4.05,0
OUT2__P2__path_1,OUT2,P2,path_1,61,48,67,5.95,4.05,0
OUT2__P2__path_1,OUT2,P2,path_1,62,48,66,5.85,4.05,0
OUT2__P2__path_1,OUT2,P2,path_1,63,48,65,5.75,4.05,0
OUT2__P2__path_1,OUT2,P2,path_1,64,48,64,5.65,4.05,0
OUT2__P2__path_1,OUT2,P2,path_1,65,48,63,5.55,4.05,0
OUT2__P2__path_1,OUT2,P2,path_1,66,48,62,5.45,4.05,0
OUT2__P2__path_1,OUT2,P2,path_1,67,48,61,5.35,4.05,0
OUT2__P2__path_1,OUT2,P2,path_1,68,48,60,5.25,4.05,0
OUT2__P2__path_1,OUT2,P2,path_1,69,48,59,5.15,4.05,0
OUT2__P2__path_1,OUT2,P2,path_1,70,48,58,5.05,4.05,0
OUT2__P2__path_1,OUT2,P2,path_1,71,48,57,4.95,4.05,0
OUT2__P2__path_1,OUT2,P2,path_1,72,48,56,4.85,4.05,0
OUT2__P2__path_1,OUT2,P2,path_1,73,48,55,4.75,4.05,0
OUT2__P2__path_1,OUT2,P2,path_1,74,47,55,4.75,3.95,0
OUT2__P2__path_1,OUT2,P2,path_1,75,46,55,4.75,3.85,0
OUT2__P2__path_1,OUT2,P2,path_1,76,45,55,4.75,3.75,0
OUT2__P2__path_1,OUT2,P2,path_1,77,44,55,4.75,3.65,0
OUT2__P2__path_1,OUT2,P2,path_1,78,43,55,4.75,3.55,0
OUT2__P2__path_1,OUT2,P2,path_1,79,42,55,4.75,3.45,0
OUT2__P2__path_1,OUT2,P2,path_1,80,41,55,4.75,3.35,0
OUT2__P2__path_1,OUT2,P2,path_1,81,40,55,4.75,3.25,0
OUT2__P2__path_1,OUT2,P2,path_1,82,39,55,4.75,3.15,0
OUT2__P2__path_1,OUT2,P2,path_1,83,38,55,4.75,3.05,0
OUT2__P2__path_1,OUT2,P2,path_1,84,37,55,4.75,2.95,0
OUT2__P2__path_1,OUT2,P2,path_1,85,36,55,4.75,2.85,0
OUT2__P2__path_1,OUT2,P2,path_1,86,35,55,4.75,2.75,0
OUT2__P2__path_1,OUT2,P2,path_1,87,34,54,4.65,2.65,0
OUT2__P2__path_1,OUT2,P2,path_1,88,33,54,4.65,2.55,0
OUT2__P2__path_1,OUT2,P2,path_1,89,32,54,4.65,2.45,0
OUT2__P2__path_1,OUT2,P2,path_1,90,31,53,4.55,2.35,0
OUT2__P3__path_1,OUT2,P3,path_1,0,47,128,12.05,3.95,0
OUT2__P3__path_1,OUT2,P3,path_1,1,47,127,11.95,3.95,0
OUT2__P3__path_1,OUT2,P3,path_1,2,47,126,11.85,3.95,0
OUT2__P3__path_1,OUT2,P3,path_1,3,47,125,11.75,3.95,0
OUT2__P3__path_1,OUT2,P3,path_1,4,47,124,11.65,3.95,0
OUT2__P3__path_1,OUT2,P3,path_1,5,47,123,11.55,3.95,0
OUT2__P3__path_1,OUT2,P3,path_1,6,47,122,11.45,3.95,0
OUT2__P3__path_1,OUT2,P3,path_1,7,47,121,11.35,3.95,0
OUT2__P3__path_1,OUT2,P3,path_1,8,47,120,11.25,3.95,0
OUT2__P3__path_1,OUT2,P3,path_1,9,47,119,11.15,3.95,0
OUT2__P3__path_1,OUT2,P3,path_1,10,47,118,11.05,3.95,0
OUT2__P3__path_1,OUT2,P3,path_1,11,47,117,10.95,3.95,0
OUT2__P3__path_1,OUT2,P3,path_1,12,47,116,10.85,3.95,0
OUT2__P3__path_1,OUT2,P3,path_1,13,47,115,10.75,3.95,0
OUT2__P3__path_1,OUT2,P3,path_1,14,47,114,10.65,3.95,0
OUT2__P3__path_1,OUT2,P3,path_1,15,47,113,10.55,3.95,0
OUT2__P3__path_1,OUT2,P3,path_1,16,47,112,10.45,3.95,0
OUT2__P3__path_1,OUT2,P3,path_1,17,47,111,10.35,3.95,0
OUT2__P3__path_1,OUT2,P3,path_1,18,47,110,10.25,3.95,0
OUT2__P3__path_1,OUT2,P3,path_1,19,47,109,10.15,3.95,0
OUT2__P3__path_1,OUT2,P3,path_1,20,47,108,10.05,3.95,0
OUT2__P3__path_1,OUT2,P3,path_1,21,47,107,9.95,3.95,0
OUT2__P3__path_1,OUT2,P3,path_1,22,47,106,9.85,3.95,0
OUT2__P3__path_1,OUT2,P3,path_1,23,47,105,9.75,3.95,0
OUT2__P3__path_1,OUT2,P3,path_1,24,47,104,9.65,3.95,0
OUT2__P3__path_1,OUT2,P3,path_1,25,47,103,9.55,3.95,0
OUT2__P3__path_1,OUT2,P3,path_1,26,47,102,9.45,3.95,0
OUT2__P3__path_1,OUT2,P3,path_1,27,47,101,9.35,3.95,0
OUT2__P3__path_1,OUT2,P3,path_1,28,47,100,9.25,3.95,0
OUT2__P3__path_1,OUT2,P3,path_1,29,47,99,9.15,3.95,0
OUT2__P3__path_1,OUT2,P3,path_1,30,47,98,9.05,3.95,0
OUT2__P3__path_1,OUT2,P3,path_1,31,47,97,8.95,3.95,0
OUT2__P3__path_1,OUT2,P3,path_1,32,47,96,8.85,3.95,0
OUT2__P3__path_1,OUT2,P3,path_1,33,47,95,8.75,3.95,0
OUT2__P3__path_1,OUT2,P3,path_1,34,47,94,8.65,3.95,0
OUT2__P3__path_1,OUT2,P3,path_1,35,47,93,8.55,3.95,0
OUT2__P3__path_1,OUT2,P3,path_1,36,47,92,8.45,3.95,0
OUT2__P3__path_1,OUT2,P3,path_1,37,47,91,8.35,3.95,0
OUT2__P3__path_1,OUT2,P3,path_1,38,47,90,8.25,3.95,0
OUT2__P3__path_1,OUT2,P3,path_1,39,47,89,8.15,3.95,0
OUT2__P3__path_1,OUT2,P3,path_1,40,47,88,8.05,3.95,0
OUT2__P3__path_1,OUT2,P3,path_1,41,47,87,7.95,3.95,0
OUT2__P3__path_1,OUT2,P3,path_1,42,47,86,7.85,3.95,0
OUT2__P3__path_1,OUT2,P3,path_1,43,47,85,7.75,3.95,0
OUT2__P3__path_1,OUT2,P3,path_1,44,47,84,7.65,3.95,0
OUT2__P3__path_1,OUT2,P3,path_1,45,47,83,7.55,3.95,0
OUT2__P3__path_1,OUT2,P3,path_1,46,47,82,7.45,3.95,0
OUT2__P3__path_1,OUT2,P3,path_1,47,47,81,7.35,3.95,0
OUT2__P3__path_1,OUT2,P3,path_1,48,47,80,7.25,3.95,0
OUT2__P3__path_1,OUT2,P3,path_1,49,47,79,7.15,3.95,0
OUT2__P3__path_1,OUT2,P3,path_1,50,47,78,7.05,3.95,0
OUT2__P3__path_1,OUT2,P3,path_1,51,47,77,6.95,3.95,0
OUT2__P3__path_1,OUT2,P3,path_1,52,47,76,6.85,3.95,0
OUT2__P3__path_1,OUT2,P3,path_1,53,47,75,6.75,3.95,0
OUT2__P3__path_1,OUT2,P3,path_1,54,47,74,6.65,3.95,0
OUT2__P3__path_1,OUT2,P3,path_1,55,48,73,6.55,4.05,0
OUT2__P3__path_1,OUT2,P3,path_1,56,48,72,6.45,4.05,0
OUT2__P3__path_1,OUT2,P3,path_1,57,48,71,6.35,4.05,0
OUT2__P3__path_1,OUT2,P3,path_1,58,48,70,6.25,4.05,0
OUT2__P3__path_1,OUT2,P3,path_1,59,48,69,6.15,4.05,0
OUT2__P3__path_1,OUT2,P3,path_1,60,48,68,6.05,4.05,0
OUT2__P3__path_1,OUT2,P3,path_1,61,49,67,5.95,4.15,0
OUT2__P3__path_1,OUT2,P3,path_1,62,49,66,5.85,4.15,0
OUT2__P3__path_1,OUT2,P3,path_1,63,49,65,5.75,4.15,0
OUT2__P3__path_1,OUT2,P3,path_1,64,49,64,5.65,4.15,0
OUT2__P3__path_1,OUT2,P3,path_1,65,49,63,5.55,4.15,0
OUT2__P3__path_1,OUT2,P3,path_1,66,49,62,5.45,4.15,0
OUT2__P3__path_1,OUT2,P3,path_1,67,49,61,5.35,4.15,0
OUT2__P3__path_1,OUT2,P3,path_1,68,49,60,5.25,4.15,0
OUT2__P3__path_1,OUT2,P3,path_1,69,49,59,5.15,4.15,0
OUT2__P3__path_1,OUT2,P3,path_1,70,49,58,5.05,4.15,0
OUT2__P3__path_1,OUT2,P3,path_1,71,49,57,4.95,4.15,0
OUT2__P3__path_1,OUT2,P3,path_1,72,49,56,4.85,4.15,0
OUT2__P3__path_1,OUT2,P3,path_1,73,49,55,4.75,4.15,0
OUT2__P3__path_1,OUT2,P3,path_1,74,49,54,4.65,4.15,0
OUT2__P3__path_1,OUT2,P3,path_1,75,49,53,4.55,4.15,0
OUT2__P3__path_1,OUT2,P3,path_1,76,49,52,4.45,4.15,0
OUT2__P3__path_1,OUT2,P3,path_1,77,49,51,4.35,4.15,0
OUT2__P3__path_1,OUT2,P3,path_1,78,49,50,4.25,4.15,0
OUT2__P3__path_1,OUT2,P3,path_1,79,49,49,4.15,4.15,0
OUT2__P3__path_1,OUT2,P3,path_1,80,49,48,4.05,4.15,0
OUT2__P3__path_1,OUT2,P3,path_1,81,49,47,3.95,4.15,0
OUT2__P3__path_1,OUT2,P3,path_1,82,49,46,3.85,4.15,0
OUT2__P3__path_1,OUT2,P3,path_1,83,49,45,3.75,4.15,0
OUT2__P3__path_1,OUT2,P3,path_1,84,49,44,3.65,4.15,0
OUT2__P3__path_1,OUT2,P3,path_1,85,49,43,3.55,4.15,0
OUT2__P3__path_1,OUT2,P3,path_1,86,50,43,3.55,4.25,0
OUT2__P3__path_1,OUT2,P3,path_1,87,51,43,3.55,4.35,0
OUT2__P3__path_1,OUT2,P3,path_1,88,52,43,3.55,4.45,0
OUT2__P3__path_1,OUT2,P3,path_1,89,53,43,3.55,4.55,0
OUT2__P3__path_1,OUT2,P3,path_1,90,54,43,3.55,4.65,0
OUT2__P3__path_1,OUT2,P3,path_1,91,55,43,3.55,4.75,0
OUT2__P3__path_1,OUT2,P3,path_1,92,56,43,3.55,4.85,0
OUT2__P3__path_1,OUT2,P3,path_1,93,57,43,3.55,4.95,0
OUT2__P3__path_1,OUT2,P3,path_1,94,58,43,3.55,5.05,0
OUT2__P3__path_1,OUT2,P3,path_1,95,59,43,3.55,5.15,0
OUT2__P3__path_1,OUT2,P3,path_1,96,60,43,3.55,5.25,0
OUT2__P4__path_1,OUT2,P4,path_1,0,47,128,12.05,3.95,0
OUT2__P4__path_1,OUT2,P4,path_1,1,46,127,11.95,3.85,0
OUT2__P4__path_1,OUT2,P4,path_1,2,45,126,11.85,3.75,0
OUT2__P4__path_1,OUT2,P4,path_1,3,44,125,11.75,3.65,0
OUT2__P4__path_1,OUT2,P4,path_1,4,43,124,11.65,3.55,0
OUT2__P4__path_1,OUT2,P4,path_1,5,42,123,11.55,3.45,0
OUT2__P4__path_1,OUT2,P4,path_1,6,41,122,11.45,3.35,0
OUT2__P4__path_1,OUT2,P4,path_1,7,40,121,11.35,3.25,0
OUT2__P4__path_1,OUT2,P4,path_1,8,39,120,11.25,3.15,0
OUT2__P4__path_1,OUT2,P4,path_1,9,38,119,11.15,3.05,0
OUT2__P4__path_1,OUT2,P4,path_1,10,37,118,11.05,2.95,0
OUT2__P4__path_1,OUT2,P4,path_1,11,36,117,10.95,2.85,0
OUT2__P4__path_1,OUT2,P4,path_1,12,35,116,10.85,2.75,0
OUT2__P4__path_1,OUT2,P4,path_1,13,34,115,10.75,2.65,0
OUT2__P4__path_1,OUT2,P4,path_1,14,33,114,10.65,2.55,0
OUT2__P4__path_1,OUT2,P4,path_1,15,32,113,10.55,2.45,0
OUT2__P4__path_1,OUT2,P4,path_1,16,31,112,10.45,2.35,0
OUT2__P4__path_1,OUT2,P4,path_1,17,30,111,10.35,2.25,0
OUT2__P4__path_1,OUT2,P4,path_1,18,29,110,10.25,2.15,0
OUT2__P4__path_1,OUT2,P4,path_1,19,28,109,10.15,2.05,0
OUT2__P4__path_1,OUT2,P4,path_1,20,27,108,10.05,1.95,0
OUT2__P4__path_1,OUT2,P4,path_1,21,26,107,9.95,1.85,0
OUT2__P4__path_1,OUT2,P4,path_1,22,25,106,9.85,1.75,0
OUT2__P4__path_1,OUT2,P4,path_1,23,24,105,9.75,1.65,0
OUT2__P4__path_1,OUT2,P4,path_1,24,23,104,9.65,1.55,0
OUT2__P4__path_1,OUT2,P4,path_1,25,22,103,9.55,1.45,0
OUT2__P4__path_1,OUT2,P4,path_1,26,21,102,9.45,1.35,0
OUT2__P4__path_1,OUT2,P4,path_1,27,20,101,9.35,1.25,0
OUT2__P4__path_1,OUT2,P4,path_1,28,19,100,9.25,1.15,0
OUT2__P4__path_1,OUT2,P4,path_1,29,18,99,9.15,1.05,0
OUT2__P4__path_1,OUT2,P4,path_1,30,17,98,9.05,0.95,0
OUT2__P4__path_1,OUT2,P4,path_1,31,16,97,8.95,0.85,0
OUT2__P4__path_1,OUT2,P4,path_1,32,15,96,8.85,0.75,0
OUT2__P4__path_1,OUT2,P4,path_1,33,14,96,8.85,0.65,0
OUT2__P4__path_1,OUT2,P4,path_1,34,13,96,8.85,0.55,0
OUT2__P4__path_1,OUT2,P4,path_1,35,12,96,8.85,0.45,0
OUT2__P4__path_1,OUT2,P4,path_1,36,12,95,8.75,0.45,0
OUT2__P4__path_1,OUT2,P4,path_1,37,12,94,8.65,0.45,0
OUT2__P4__path_1,OUT2,P4,path_1,38,12,93,8.55,0.45,0
OUT2__P4__path_1,OUT2,P4,path_1,39,12,92,8.45,0.45,0
OUT2__P4__path_1,OUT2,P4,path_1,40,12,91,8.35,0.45,0
OUT2__P4__path_1,OUT2,P4,path_1,41,12,90,8.25,0.45,0
OUT2__P4__path_1,OUT2,P4,path_1,42,12,89,8.15,0.45,0
OUT2__P4__path_1,OUT2,P4,path_1,43,12,88,8.05,0.45,0
OUT2__P4__path_1,OUT2,P4,path_1,44,12,87,7.95,0.45,0
OUT2__P4__path_1,OUT2,P4,path_1,45,12,86,7.85,0.45,0
OUT2__P4__path_1,OUT2,P4,path_1,46,12,85,7.75,0.45,0
OUT2__P4__path_1,OUT2,P4,path_1,47,12,84,7.65,0.45,0
OUT2__P4__path_1,OUT2,P4,path_1,48,12,83,7.55,0.45,0
OUT2__P4__path_1,OUT2,P4,path_1,49,12,82,7.45,0.45,0
OUT2__P4__path_1,OUT2,P4,path_1,50,12,81,7.35,0.45,0
OUT2__P4__path_1,OUT2,P4,path_1,51,12,80,7.25,0.45,0
OUT2__P4__path_1,OUT2,P4,path_1,52,12,79,7.15,0.45,0
OUT2__P4__path_1,OUT2,P4,path_1,53,12,78,7.05,0.45,0
OUT2__P4__path_1,OUT2,P4,path_1,54,12,77,6.95,0.45,0
OUT2__P4__path_1,OUT2,P4,path_1,55,12,76,6.85,0.45,0
OUT2__P4__path_1,OUT2,P4,path_1,56,11,75,6.75,0.35,0
OUT2__P4__path_1,OUT2,P4,path_1,57,11,74,6.65,0.35,0
OUT2__P4__path_1,OUT2,P4,path_1,58,11,73,6.55,0.35,0
OUT2__P4__path_1,OUT2,P4,path_1,59,11,72,6.45,0.35,0
OUT2__P4__path_1,OUT2,P4,path_1,60,11,71,6.35,0.35,0
OUT2__P4__path_1,OUT2,P4,path_1,61,11,70,6.25,0.35,0
OUT2__P4__path_1,OUT2,P4,path_1,62,11,69,6.15,0.35,0
OUT2__P4__path_1,OUT2,P4,path_1,63,11,68,6.05,0.35,0
OUT2__P4__path_1,OUT2,P4,path_1,64,11,67,5.95,0.35,0
OUT2__P4__path_1,OUT2,P4,path_1,65,11,66,5.85,0.35,0
OUT2__P4__path_1,OUT2,P4,path_1,66,11,65,5.75,0.35,0
OUT2__P4__path_1,OUT2,P4,path_1,67,11,64,5.65,0.35,0
OUT2__P4__path_1,OUT2,P4,path_1,68,11,63,5.55,0.35,0
OUT2__P4__path_1,OUT2,P4,path_1,69,11,62,5.45,0.35,0
OUT2__P4__path_1,OUT2,P4,path_1,70,11,61,5.35,0.35,0
OUT2__P4__path_1,OUT2,P4,path_1,71,11,60,5.25,0.35,0
OUT2__P4__path_1,OUT2,P4,path_1,72,11,59,5.15,0.35,0
OUT2__P4__path_1,OUT2,P4,path_1,73,11,58,5.05,0.35,0
OUT2__P4__path_1,OUT2,P4,path_1,74,11,57,4.95,0.35,0
OUT2__P4__path_1,OUT2,P4,path_1,75,12,57,4.95,0.45,0
OUT2__P4__path_1,OUT2,P4,path_1,76,13,57,4.95,0.55,0
OUT2__P4__path_1,OUT2,P4,path_1,77,14,57,4.95,0.65,0
OUT2__P4__path_1,OUT2,P4,path_1,78,15,57,4.95,0.75,0
OUT2__P4__path_1,OUT2,P4,path_1,79,16,57,4.95,0.85,0
OUT2__P4__path_1,OUT2,P4,path_1,80,17,57,4.95,0.95,0
OUT2__P4__path_1,OUT2,P4,path_1,81,18,57,4.95,1.05,0
OUT2__P4__path_1,OUT2,P4,path_1,82,19,57,4.95,1.15,0
OUT2__P4__path_1,OUT2,P4,path_1,83,20,57,4.95,1.25,0
OUT2__P4__path_1,OUT2,P4,path_1,84,21,57,4.95,1.35,0
OUT2__P5__path_1,OUT2,P5,path_1,0,47,128,12.05,3.95,0
OUT2__P5__path_1,OUT2,P5,path_1,1,47,127,11.95,3.95,0
OUT2__P5__path_1,OUT2,P5,path_1,2,47,126,11.85,3.95,0
OUT2__P5__path_1,OUT2,P5,path_1,3,47,125,11.75,3.95,0
OUT2__P5__path_1,OUT2,P5,path_1,4,47,124,11.65,3.95,0
OUT2__P5__path_1,OUT2,P5,path_1,5,47,123,11.55,3.95,0
OUT2__P5__path_1,OUT2,P5,path_1,6,47,122,11.45,3.95,0
OUT2__P5__path_1,OUT2,P5,path_1,7,47,121,11.35,3.95,0
OUT2__P5__path_1,OUT2,P5,path_1,8,47,120,11.25,3.95,0
OUT2__P5__path_1,OUT2,P5,path_1,9,47,119,11.15,3.95,0
OUT2__P5__path_1,OUT2,P5,path_1,10,47,118,11.05,3.95,0
OUT2__P5__path_1,OUT2,P5,path_1,11,47,117,10.95,3.95,0
OUT2__P5__path_1,OUT2,P5,path_1,12,47,116,10.85,3.95,0
OUT2__P5__path_1,OUT2,P5,path_1,13,47,115,10.75,3.95,0
OUT2__P5__path_1,OUT2,P5,path_1,14,47,114,10.65,3.95,0
OUT2__P5__path_1,OUT2,P5,path_1,15,47,113,10.55,3.95,0
OUT2__P5__path_1,OUT2,P5,path_1,16,47,112,10.45,3.95,0
OUT2__P5__path_1,OUT2,P5,path_1,17,47,111,10.35,3.95,0
OUT2__P5__path_1,OUT2,P5,path_1,18,47,110,10.25,3.95,0
OUT2__P5__path_1,OUT2,P5,path_1,19,47,109,10.15,3.95,0
OUT2__P5__path_1,OUT2,P5,path_1,20,47,108,10.05,3.95,0
OUT2__P5__path_1,OUT2,P5,path_1,21,47,107,9.95,3.95,0
OUT2__P5__path_1,OUT2,P5,path_1,22,47,106,9.85,3.95,0
OUT2__P5__path_1,OUT2,P5,path_1,23,47,105,9.75,3.95,0
OUT2__P5__path_1,OUT2,P5,path_1,24,47,104,9.65,3.95,0
OUT2__P5__path_1,OUT2,P5,path_1,25,47,103,9.55,3.95,0
OUT2__P5__path_1,OUT2,P5,path_1,26,47,102,9.45,3.95,0
OUT2__P5__path_1,OUT2,P5,path_1,27,47,101,9.35,3.95,0
OUT2__P5__path_1,OUT2,P5,path_1,28,47,100,9.25,3.95,0
OUT2__P5__path_1,OUT2,P5,path_1,29,47,99,9.15,3.95,0
OUT2__P5__path_1,OUT2,P5,path_1,30,47,98,9.05,3.95,0
OUT2__P5__path_1,OUT2,P5,path_1,31,47,97,8.95,3.95,0
OUT2__P5__path_1,OUT2,P5,path_1,32,47,96,8.85,3.95,0
OUT2__P5__path_1,OUT2,P5,path_1,33,47,95,8.75,3.95,0
OUT2__P5__path_1,OUT2,P5,path_1,34,47,94,8.65,3.95,0
OUT2__P5__path_1,OUT2,P5,path_1,35,47,93,8.55,3.95,0
OUT2__P5__path_1,OUT2,P5,path_1,36,47,92,8.45,3.95,0
OUT2__P5__path_1,OUT2,P5,path_1,37,47,91,8.35,3.95,0
OUT2__P5__path_1,OUT2,P5,path_1,38,47,90,8.25,3.95,0
OUT2__P5__path_1,OUT2,P5,path_1,39,47,89,8.15,3.95,0
OUT2__P5__path_1,OUT2,P5,path_1,40,47,88,8.05,3.95,0
OUT2__P5__path_1,OUT2,P5,path_1,41,47,87,7.95,3.95,0
OUT2__P5__path_1,OUT2,P5,path_1,42,47,86,7.85,3.95,0
OUT2__P5__path_1,OUT2,P5,path_1,43,47,85,7.75,3.95,0
OUT2__P5__path_1,OUT2,P5,path_1,44,47,84,7.65,3.95,0
OUT2__P5__path_1,OUT2,P5,path_1,45,47,83,7.55,3.95,0
OUT2__P5__path_1,OUT2,P5,path_1,46,47,82,7.45,3.95,0
OUT2__P5__path_1,OUT2,P5,path_1,47,47,81,7.35,3.95,0
OUT2__P5__path_1,OUT2,P5,path_1,48,47,80,7.25,3.95,0
OUT2__P5__path_1,OUT2,P5,path_1,49,47,79,7.15,3.95,0
OUT2__P5__path_1,OUT2,P5,path_1,50,47,78,7.05,3.95,0
OUT2__P5__path_1,OUT2,P5,path_1,51,47,77,6.95,3.95,0
OUT2__P5__path_1,OUT2,P5,path_1,52,47,76,6.85,3.95,0
OUT2__P5__path_1,OUT2,P5,path_1,53,47,75,6.75,3.95,0
OUT2__P5__path_1,OUT2,P5,path_1,54,47,74,6.65,3.95,0
OUT2__P5__path_1,OUT2,P5,path_1,55,48,73,6.55,4.05,0
OUT2__P5__path_1,OUT2,P5,path_1,56,48,72,6.45,4.05,0
OUT2__P5__path_1,OUT2,P5,path_1,57,48,71,6.35,4.05,0
OUT2__P5__path_1,OUT2,P5,path_1,58,48,70,6.25,4.05,0
OUT2__P5__path_1,OUT2,P5,path_1,59,48,69,6.15,4.05,0
OUT2__P5__path_1,OUT2,P5,path_1,60,48,68,6.05,4.05,0
OUT2__P5__path_1,OUT2,P5,path_1,61,48,67,5.95,4.05,0
OUT2__P5__path_1,OUT2,P5,path_1,62,48,66,5.85,4.05,0
OUT2__P5__path_1,OUT2,P5,path_1,63,48,65,5.75,4.05,0
OUT2__P5__path_1,OUT2,P5,path_1,64,48,64,5.65,4.05,0
OUT2__P6__path_1,OUT2,P6,path_1,0,47,128,12.05,3.95,0
OUT2__P6__path_1,OUT2,P6,path_1,1,47,127,11.95,3.95,0
OUT2__P6__path_1,OUT2,P6,path_1,2,47,126,11.85,3.95,0
OUT2__P6__path_1,OUT2,P6,path_1,3,48,125,11.75,4.05,0
OUT2__P6__path_1,OUT2,P6,path_1,4,48,124,11.65,4.05,0
OUT2__P6__path_1,OUT2,P6,path_1,5,48,123,11.55,4.05,0
OUT2__P6__path_1,OUT2,P6,path_1,6,48,122,11.45,4.05,0
OUT2__P6__path_1,OUT2,P6,path_1,7,48,121,11.35,4.05,0
OUT2__P6__path_1,OUT2,P6,path_1,8,48,120,11.25,4.05,0
OUT2__P6__path_1,OUT2,P6,path_1,9,48,119,11.15,4.05,0
OUT2__P6__path_1,OUT2,P6,path_1,10,48,118,11.05,4.05,0
OUT2__P6__path_1,OUT2,P6,path_1,11,49,117,10.95,4.15,0
OUT2__P6__path_1,OUT2,P6,path_1,12,50,116,10.85,4.25,0
OUT2__P6__path_1,OUT2,P6,path_1,13,51,115,10.75,4.35,0
OUT2__P6__path_1,OUT2,P6,path_1,14,52,114,10.65,4.45,0
OUT2__P6__path_1,OUT2,P6,path_1,15,53,113,10.55,4.55,0
OUT2__P6__path_1,OUT2,P6,path_1,16,54,112,10.45,4.65,0
OUT2__P6__path_1,OUT2,P6,path_1,17,54,111,10.35,4.65,0
OUT2__P6__path_1,OUT2,P6,path_1,18,55,110,10.25,4.75,0
OUT2__P6__path_1,OUT2,P6,path_1,19,55,109,10.15,4.75,0
OUT2__P6__path_1,OUT2,P6,path_1,20,55,108,10.05,4.75,0
OUT2__P6__path_1,OUT2,P6,path_1,21,56,107,9.95,4.85,0
OUT2__P6__path_1,OUT2,P6,path_1,22,56,106,9.85,4.85,0
OUT2__P6__path_1,OUT2,P6,path_1,23,57,105,9.75,4.95,0
OUT2__P6__path_1,OUT2,P6,path_1,24,57,104,9.65,4.95,0
OUT2__P6__path_1,OUT2,P6,path_1,25,58,103,9.55,5.05,0
OUT2__P6__path_1,OUT2,P6,path_1,26,58,102,9.45,5.05,0
OUT2__P6__path_1,OUT2,P6,path_1,27,59,101,9.35,5.15,0
OUT2__P6__path_1,OUT2,P6,path_1,28,59,100,9.25,5.15,0
OUT2__P6__path_1,OUT2,P6,path_1,29,60,99,9.15,5.25,0
OUT2__P6__path_1,OUT2,P6,path_1,30,61,98,9.05,5.35,0
OUT2__P6__path_1,OUT2,P6,path_1,31,62,97,8.95,5.45,0
OUT2__P6__path_1,OUT2,P6,path_1,32,63,96,8.85,5.55,0
OUT2__P6__path_1,OUT2,P6,path_1,33,64,95,8.75,5.65,0
OUT2__P6__path_1,OUT2,P6,path_1,34,64,94,8.65,5.65,0
OUT2__P6__path_1,OUT2,P6,path_1,35,64,93,8.55,5.65,0
OUT2__P6__path_1,OUT2,P6,path_1,36,64,92,8.45,5.65,0
OUT2__P6__path_1,OUT2,P6,path_1,37,64,91,8.35,5.65,0
OUT2__P6__path_1,OUT2,P6,path_1,38,65,90,8.25,5.75,0
OUT2__P6__path_1,OUT2,P6,path_1,39,65,89,8.15,5.75,0
OUT2__P6__path_1,OUT2,P6,path_1,40,65,88,8.05,5.75,0
OUT2__P6__path_1,OUT2,P6,path_1,41,65,87,7.95,5.75,0
OUT2__P7__path_1,OUT2,P7,path_1,0,47,128,12.05,3.95,0
OUT2__P7__path_1,OUT2,P7,path_1,1,46,127,11.95,3.85,0
OUT2__P7__path_1,OUT2,P7,path_1,2,45,126,11.85,3.75,0
OUT2__P7__path_1,OUT2,P7,path_1,3,44,125,11.75,3.65,0
OUT2__P7__path_1,OUT2,P7,path_1,4,43,124,11.65,3.55,0
OUT2__P7__path_1,OUT2,P7,path_1,5,42,123,11.55,3.45,0
OUT2__P7__path_1,OUT2,P7,path_1,6,41,122,11.45,3.35,0
OUT2__P7__path_1,OUT2,P7,path_1,7,40,121,11.35,3.25,0
OUT2__P7__path_1,OUT2,P7,path_1,8,39,120,11.25,3.15,0
OUT2__P7__path_1,OUT2,P7,path_1,9,38,119,11.15,3.05,0
OUT2__P7__path_1,OUT2,P7,path_1,10,37,118,11.05,2.95,0
OUT2__P7__path_1,OUT2,P7,path_1,11,36,117,10.95,2.85,0
OUT2__P7__path_1,OUT2,P7,path_1,12,35,116,10.85,2.75,0
OUT2__P7__path_1,OUT2,P7,path_1,13,34,115,10.75,2.65,0
OUT2__P7__path_1,OUT2,P7,path_1,14,33,114,10.65,2.55,0
OUT2__P7__path_1,OUT2,P7,path_1,15,32,113,10.55,2.45,0
OUT2__P7__path_1,OUT2,P7,path_1,16,31,112,10.45,2.35,0
OUT2__P7__path_1,OUT2,P7,path_1,17,30,111,10.35,2.25,0
OUT2__P7__path_1,OUT2,P7,path_1,18,29,110,10.25,2.15,0
OUT2__P7__path_1,OUT2,P7,path_1,19,28,109,10.15,2.05,0
OUT2__P7__path_1,OUT2,P7,path_1,20,27,108,10.05,1.95,0
OUT2__P7__path_1,OUT2,P7,path_1,21,26,107,9.95,1.85,0
OUT2__P7__path_1,OUT2,P7,path_1,22,25,106,9.85,1.75,0
OUT2__P7__path_1,OUT2,P7,path_1,23,24,105,9.75,1.65,0
OUT2__P7__path_1,OUT2,P7,path_1,24,23,104,9.65,1.55,0
OUT2__P7__path_1,OUT2,P7,path_1,25,22,103,9.55,1.45,0
OUT2__P7__path_1,OUT2,P7,path_1,26,21,102,9.45,1.35,0
OUT2__P7__path_1,OUT2,P7,path_1,27,20,101,9.35,1.25,0
OUT2__P7__path_1,OUT2,P7,path_1,28,19,100,9.25,1.15,0
OUT2__P7__path_1,OUT2,P7,path_1,29,18,99,9.15,1.05,0
OUT2__P7__path_1,OUT2,P7,path_1,30,17,98,9.05,0.95,0
OUT2__P7__path_1,OUT2,P7,path_1,31,16,97,8.95,0.85,0
OUT2__P7__path_1,OUT2,P7,path_1,32,15,96,8.85,0.75,0
OUT2__P7__path_1,OUT2,P7,path_1,33,14,96,8.85,0.65,0
OUT2__P7__path_1,OUT2,P7,path_1,34,13,96,8.85,0.55,0
OUT2__P7__path_1,OUT2,P7,path_1,35,12,96,8.85,0.45,0
OUT2__P7__path_1,OUT2,P7,path_1,36,12,95,8.75,0.45,0
OUT2__P7__path_1,OUT2,P7,path_1,37,12,94,8.65,0.45,0
OUT2__P7__path_1,OUT2,P7,path_1,38,12,93,8.55,0.45,0
OUT2__P7__path_1,OUT2,P7,path_1,39,12,92,8.45,0.45,0
OUT2__P7__path_1,OUT2,P7,path_1,40,12,91,8.35,0.45,0
OUT2__P7__path_1,OUT2,P7,path_1,41,12,90,8.25,0.45,0
OUT2__P7__path_1,OUT2,P7,path_1,42,12,89,8.15,0.45,0
OUT2__P7__path_1,OUT2,P7,path_1,43,12,88,8.05,0.45,0
OUT2__P7__path_1,OUT2,P7,path_1,44,12,87,7.95,0.45,0
OUT2__P7__path_1,OUT2,P7,path_1,45,12,86,7.85,0.45,0
OUT2__P7__path_1,OUT2,P7,path_1,46,12,85,7.75,0.45,0
OUT2__P7__path_1,OUT2,P7,path_1,47,12,84,7.65,0.45,0
OUT2__P7__path_1,OUT2,P7,path_1,48,12,83,7.55,0.45,0
OUT2__P7__path_1,OUT2,P7,path_1,49,12,82,7.45,0.45,0
OUT2__P7__path_1,OUT2,P7,path_1,50,12,81,7.35,0.45,0
OUT2__P7__path_1,OUT2,P7,path_1,51,12,80,7.25,0.45,0
OUT2__P7__path_1,OUT2,P7,path_1,52,13,80,7.25,0.55,0
OUT2__P7__path_1,OUT2,P7,path_1,53,14,80,7.25,0.65,0
OUT2__P7__path_1,OUT2,P7,path_1,54,15,80,7.25,0.75,0
OUT2__P7__path_1,OUT2,P7,path_1,55,16,80,7.25,0.85,0
OUT2__P7__path_1,OUT2,P7,path_1,56,17,80,7.25,0.95,0
OUT2__P7__path_1,OUT2,P7,path_1,57,18,80,7.25,1.05,0
OUT2__P8__path_1,OUT2,P8,path_1,0,47,128,12.05,3.95,0
OUT2__P8__path_1,OUT2,P8,path_1,1,46,127,11.95,3.85,0
OUT2__P8__path_1,OUT2,P8,path_1,2,45,126,11.85,3.75,0
OUT2__P8__path_1,OUT2,P8,path_1,3,44,125,11.75,3.65,0
OUT2__P8__path_1,OUT2,P8,path_1,4,44,124,11.65,3.65,0
OUT2__P8__path_1,OUT2,P8,path_1,5,44,123,11.55,3.65,0
OUT2__P8__path_1,OUT2,P8,path_1,6,44,122,11.45,3.65,0
OUT2__P8__path_1,OUT2,P8,path_1,7,44,121,11.35,3.65,0
OUT2__P8__path_1,OUT2,P8,path_1,8,44,120,11.25,3.65,0
OUT2__P8__path_1,OUT2,P8,path_1,9,44,119,11.15,3.65,0
OUT2__P8__path_1,OUT2,P8,path_1,10,43,118,11.05,3.55,0
OUT2__P8__path_1,OUT2,P8,path_1,11,42,117,10.95,3.45,0
OUT2__P8__path_1,OUT2,P8,path_1,12,41,116,10.85,3.35,0
OUT2__P8__path_1,OUT2,P8,path_1,13,40,115,10.75,3.25,0
OUT2__P8__path_1,OUT2,P8,path_1,14,39,114,10.65,3.15,0
OUT2__P8__path_1,OUT2,P8,path_1,15,39,113,10.55,3.15,0
OUT2__P8__path_1,OUT2,P8,path_1,16,38,112,10.45,3.05,0
OUT2__P8__path_1,OUT2,P8,path_1,17,38,111,10.35,3.05,0
OUT2__P8__path_1,OUT2,P8,path_1,18,37,110,10.25,2.95,0
OUT2__P8__path_1,OUT2,P8,path_1,19,37,109,10.15,2.95,0
OUT2__P8__path_1,OUT2,P8,path_1,20,36,108,10.05,2.85,0
OUT2__P8__path_1,OUT2,P8,path_1,21,36,107,9.95,2.85,0
OUT2__P8__path_1,OUT2,P8,path_1,22,36,106,9.85,2.85,0
OUT2__P8__path_1,OUT2,P8,path_1,23,35,105,9.75,2.75,0
OUT2__P8__path_1,OUT2,P8,path_1,24,35,104,9.65,2.75,0
OUT2__P8__path_1,OUT2,P8,path_1,25,34,103,9.55,2.65,0
OUT2__P8__path_1,OUT2,P8,path_1,26,34,102,9.45,2.65,0
OUT2__P8__path_1,OUT2,P8,path_1,27,33,101,9.35,2.55,0
OUT2__P8__path_1,OUT2,P8,path_1,28,33,100,9.25,2.55,0
OUT2__P8__path_1,OUT2,P8,path_1,29,32,99,9.15,2.45,0
OUT2__P8__path_1,OUT2,P8,path_1,30,32,98,9.05,2.45,0
OUT2__P8__path_1,OUT2,P8,path_1,31,32,97,8.95,2.45,0
OUT2__P8__path_1,OUT2,P8,path_1,32,31,96,8.85,2.35,0
OUT2__P9__path_1,OUT2,P9,path_1,0,47,128,12.05,3.95,0
OUT2__P9__path_1,OUT2,P9,path_1,1,47,127,11.95,3.95,0
OUT2__P9__path_1,OUT2,P9,path_1,2,47,126,11.85,3.95,0
OUT2__P9__path_1,OUT2,P9,path_1,3,47,125,11.75,3.95,0
OUT2__P9__path_1,OUT2,P9,path_1,4,47,124,11.65,3.95,0
OUT2__P9__path_1,OUT2,P9,path_1,5,47,123,11.55,3.95,0
OUT2__P9__path_1,OUT2,P9,path_1,6,47,122,11.45,3.95,0
OUT2__P9__path_1,OUT2,P9,path_1,7,47,121,11.35,3.95,0
OUT2__P9__path_1,OUT2,P9,path_1,8,47,120,11.25,3.95,0
OUT2__P9__path_1,OUT2,P9,path_1,9,47,119,11.15,3.95,0
OUT2__P9__path_1,OUT2,P9,path_1,10,47,118,11.05,3.95,0
OUT2__P9__path_1,OUT2,P9,path_1,11,47,117,10.95,3.95,0
OUT2__P9__path_1,OUT2,P9,path_1,12,47,116,10.85,3.95,0
OUT2__P9__path_1,OUT2,P9,path_1,13,47,115,10.75,3.95,0
OUT2__P9__path_1,OUT2,P9,path_1,14,47,114,10.65,3.95,0
OUT2__P9__path_1,OUT2,P9,path_1,15,47,113,10.55,3.95,0
OUT2__P9__path_1,OUT2,P9,path_1,16,47,112,10.45,3.95,0
OUT2__P9__path_1,OUT2,P9,path_1,17,47,111,10.35,3.95,0
OUT2__P9__path_1,OUT2,P9,path_1,18,47,110,10.25,3.95,0
OUT2__P9__path_1,OUT2,P9,path_1,19,47,109,10.15,3.95,0
OUT2__P9__path_1,OUT2,P9,path_1,20,47,108,10.05,3.95,0
OUT2__P9__path_1,OUT2,P9,path_1,21,47,107,9.95,3.95,0
OUT2__P9__path_1,OUT2,P9,path_1,22,47,106,9.85,3.95,0
OUT2__P9__path_1,OUT2,P9,path_1,23,47,105,9.75,3.95,0
OUT2__P9__path_1,OUT2,P9,path_1,24,47,104,9.65,3.95,0
OUT2__P9__path_1,OUT2,P9,path_1,25,47,103,9.55,3.95,0
OUT2__P9__path_1,OUT2,P9,path_1,26,47,102,9.45,3.95,0
OUT2__P9__path_1,OUT2,P9,path_1,27,47,101,9.35,3.95,0
OUT2__P9__path_1,OUT2,P9,path_1,28,47,100,9.25,3.95,0
OUT2__P9__path_1,OUT2,P9,path_1,29,47,99,9.15,3.95,0
OUT2__P9__path_1,OUT2,P9,path_1,30,47,98,9.05,3.95,0
OUT2__P9__path_1,OUT2,P9,path_1,31,47,97,8.95,3.95,0
OUT2__P9__path_1,OUT2,P9,path_1,32,47,96,8.85,3.95,0
OUT2__P9__path_1,OUT2,P9,path_1,33,47,95,8.75,3.95,0
OUT2__P9__path_1,OUT2,P9,path_1,34,47,94,8.65,3.95,0
OUT2__P9__path_1,OUT2,P9,path_1,35,47,93,8.55,3.95,0
OUT2__P9__path_1,OUT2,P9,path_1,36,47,92,8.45,3.95,0
OUT2__P9__path_1,OUT2,P9,path_1,37,48,91,8.35,4.05,0
OUT2__P9__path_1,OUT2,P9,path_1,38,48,90,8.25,4.05,0
OUT2__P9__path_1,OUT2,P9,path_1,39,48,89,8.15,4.05,0
OUT2__P9__path_1,OUT2,P9,path_1,40,48,88,8.05,4.05,0
OUT2__P9__path_1,OUT2,P9,path_1,41,48,87,7.95,4.05,0
OUT2__P9__path_1,OUT2,P9,path_1,42,48,86,7.85,4.05,0
OUT2__P9__path_1,OUT2,P9,path_1,43,48,85,7.75,4.05,0
OUT2__P9__path_1,OUT2,P9,path_1,44,48,84,7.65,4.05,0
OUT2__P9__path_1,OUT2,P9,path_1,45,48,83,7.55,4.05,0
OUT2__P9__path_1,OUT2,P9,path_1,46,48,82,7.45,4.05,0
OUT2__P9__path_1,OUT2,P9,path_1,47,48,81,7.35,4.05,0
OUT2__P9__path_1,OUT2,P9,path_1,48,48,80,7.25,4.05,0
OUT2__P9__path_1,OUT2,P9,path_1,49,48,79,7.15,4.05,0
OUT2__P9__path_1,OUT2,P9,path_1,50,48,78,7.05,4.05,0
OUT2__P9__path_1,OUT2,P9,path_1,51,48,77,6.95,4.05,0
OUT2__P9__path_1,OUT2,P9,path_1,52,48,76,6.85,4.05,0
OUT2__P9__path_1,OUT2,P9,path_1,53,48,75,6.75,4.05,0
OUT2__P9__path_1,OUT2,P9,path_1,54,48,74,6.65,4.05,0
OUT2__P9__path_1,OUT2,P9,path_1,55,48,73,6.55,4.05,0
OUT2__P9__path_1,OUT2,P9,path_1,56,48,72,6.45,4.05,0
OUT2__P9__path_1,OUT2,P9,path_1,57,48,71,6.35,4.05,0
OUT2__P9__path_1,OUT2,P9,path_1,58,48,70,6.25,4.05,0
OUT2__P9__path_1,OUT2,P9,path_1,59,48,69,6.15,4.05,0
OUT2__P9__path_1,OUT2,P9,path_1,60,48,68,6.05,4.05,0
OUT2__P9__path_1,OUT2,P9,path_1,61,49,68,6.05,4.15,0
OUT2__P9__path_1,OUT2,P9,path_1,62,50,68,6.05,4.25,0
OUT2__P9__path_1,OUT2,P9,path_1,63,51,68,6.05,4.35,0
OUT2__P9__path_1,OUT2,P9,path_1,64,52,68,6.05,4.45,0
OUT2__P9__path_1,OUT2,P9,path_1,65,53,68,6.05,4.55,0
OUT2__P9__path_1,OUT2,P9,path_1,66,54,68,6.05,4.65,0
OUT2__P9__path_1,OUT2,P9,path_1,67,55,68,6.05,4.75,0
OUT2__P9__path_1,OUT2,P9,path_1,68,56,68,6.05,4.85,0
OUT2__P9__path_1,OUT2,P9,path_1,69,57,68,6.05,4.95,0
OUT2__P9__path_1,OUT2,P9,path_1,70,58,68,6.05,5.05,0
OUT2__SORT1__path_1,OUT2,SORT1,path_1,0,47,128,12.05,3.95,0
OUT2__SORT1__path_1,OUT2,SORT1,path_1,1,46,127,11.95,3.85,0
OUT2__SORT1__path_1,OUT2,SORT1,path_1,2,45,126,11.85,3.75,0
OUT2__SORT1__path_1,OUT2,SORT1,path_1,3,44,125,11.75,3.65,0
OUT2__SORT1__path_1,OUT2,SORT1,path_1,4,43,124,11.65,3.55,0
OUT2__SORT1__path_1,OUT2,SORT1,path_1,5,42,123,11.55,3.45,0
OUT2__SORT1__path_1,OUT2,SORT1,path_1,6,41,122,11.45,3.35,0
OUT2__SORT1__path_1,OUT2,SORT1,path_1,7,40,121,11.35,3.25,0
OUT2__SORT1__path_1,OUT2,SORT1,path_1,8,39,120,11.25,3.15,0
OUT2__SORT1__path_1,OUT2,SORT1,path_1,9,38,119,11.15,3.05,0
OUT2__SORT1__path_1,OUT2,SORT1,path_1,10,37,118,11.05,2.95,0
OUT2__SORT1__path_1,OUT2,SORT1,path_1,11,36,117,10.95,2.85,0
OUT2__SORT1__path_1,OUT2,SORT1,path_1,12,35,116,10.85,2.75,0
OUT2__SORT1__path_1,OUT2,SORT1,path_1,13,34,115,10.75,2.65,0
OUT2__SORT1__path_1,OUT2,SORT1,path_1,14,33,114,10.65,2.55,0
OUT2__SORT1__path_1,OUT2,SORT1,path_1,15,33,113,10.55,2.55,0
OUT2__SORT1__path_1,OUT2,SORT1,path_1,16,32,112,10.45,2.45,0
OUT2__SORT1__path_1,OUT2,SORT1,path_1,17,32,111,10.35,2.45,0
OUT2__SORT1__path_1,OUT2,SORT1,path_1,18,31,110,10.25,2.35,0
OUT2__SORT1__path_1,OUT2,SORT1,path_1,19,31,109,10.15,2.35,0
OUT2__SORT1__path_1,OUT2,SORT1,path_1,20,30,108,10.05,2.25,0
OUT2__SORT1__path_1,OUT2,SORT1,path_1,21,30,107,9.95,2.25,0
OUT2__SORT1__path_1,OUT2,SORT1,path_1,22,30,106,9.85,2.25,0
OUT2__SORT1__path_1,OUT2,SORT1,path_1,23,29,105,9.75,2.15,0
OUT2__SORT2__path_1,OUT2,SORT2,path_1,0,47,128,12.05,3.95,0
OUT2__SORT2__path_1,OUT2,SORT2,path_1,1,47,127,11.95,3.95,0
OUT2__SORT2__path_1,OUT2,SORT2,path_1,2,47,126,11.85,3.95,0
OUT2__SORT2__path_1,OUT2,SORT2,path_1,3,47,125,11.75,3.95,0
OUT2__SORT2__path_1,OUT2,SORT2,path_1,4,47,124,11.65,3.95,0
OUT2__SORT2__path_1,OUT2,SORT2,path_1,5,47,123,11.55,3.95,0
OUT2__SORT2__path_1,OUT2,SORT2,path_1,6,47,122,11.45,3.95,0
OUT2__SORT2__path_1,OUT2,SORT2,path_1,7,47,121,11.35,3.95,0
OUT2__SORT2__path_1,OUT2,SORT2,path_1,8,47,120,11.25,3.95,0
OUT2__SORT2__path_1,OUT2,SORT2,path_1,9,47,119,11.15,3.95,0
OUT2__SORT2__path_1,OUT2,SORT2,path_1,10,47,118,11.05,3.95,0
OUT2__SORT2__path_1,OUT2,SORT2,path_1,11,47,117,10.95,3.95,0
OUT2__SORT2__path_1,OUT2,SORT2,path_1,12,47,116,10.85,3.95,0
OUT2__SORT2__path_1,OUT2,SORT2,path_1,13,47,115,10.75,3.95,0
OUT2__SORT2__path_1,OUT2,SORT2,path_1,14,47,114,10.65,3.95,0
OUT2__SORT2__path_1,OUT2,SORT2,path_1,15,47,113,10.55,3.95,0
OUT2__SORT2__path_1,OUT2,SORT2,path_1,16,47,112,10.45,3.95,0
OUT2__SORT2__path_1,OUT2,SORT2,path_1,17,48,111,10.35,4.05,0
OUT2__OUT1__path_1,OUT2,OUT1,path_1,0,47,128,12.05,3.95,0
OUT2__OUT1__path_1,OUT2,OUT1,path_1,1,46,128,12.05,3.85,0
OUT2__OUT1__path_1,OUT2,OUT1,path_1,2,45,128,12.05,3.75,0
OUT2__OUT1__path_1,OUT2,OUT1,path_1,3,44,128,12.05,3.65,0
OUT2__OUT1__path_1,OUT2,OUT1,path_1,4,43,128,12.05,3.55,0
OUT2__OUT1__path_1,OUT2,OUT1,path_1,5,42,128,12.05,3.45,0
OUT2__OUT1__path_1,OUT2,OUT1,path_1,6,41,128,12.05,3.35,0
OUT2__OUT1__path_1,OUT2,OUT1,path_1,7,40,128,12.05,3.25,0
OUT2__OUT1__path_1,OUT2,OUT1,path_1,8,39,128,12.05,3.15,0
OUT2__OUT1__path_1,OUT2,OUT1,path_1,9,38,128,12.05,3.05,0
OUT2__OUT1__path_1,OUT2,OUT1,path_1,10,37,128,12.05,2.95,0
OUT2__OUT1__path_1,OUT2,OUT1,path_1,11,36,128,12.05,2.85,0
OUT2__OUT1__path_1,OUT2,OUT1,path_1,12,35,128,12.05,2.75,0
OUT2__OUT1__path_1,OUT2,OUT1,path_1,13,34,128,12.05,2.65,0
OUT2__OUT1__path_1,OUT2,OUT1,path_1,14,33,128,12.05,2.55,0
OUT2__OUT1__path_1,OUT2,OUT1,path_1,15,32,128,12.05,2.45,0
OUT2__OUT1__path_1,OUT2,OUT1,path_1,16,31,128,12.05,2.35,0
OUT2__OUT1__path_1,OUT2,OUT1,path_1,17,30,128,12.05,2.25,0
OUT2__OUT1__path_1,OUT2,OUT1,path_1,18,29,128,12.05,2.15,0
OUT2__OUT1__path_1,OUT2,OUT1,path_1,19,28,128,12.05,2.05,0
OUT2__OUT1__path_1,OUT2,OUT1,path_1,20,27,128,12.05,1.95,0
OUT2__CHG1__path_1,OUT2,CHG1,path_1,0,47,128,12.05,3.95,0
OUT2__CHG1__path_1,OUT2,CHG1,path_1,1,46,127,11.95,3.85,0
OUT2__CHG1__path_1,OUT2,CHG1,path_1,2,45,126,11.85,3.75,0
OUT2__CHG1__path_1,OUT2,CHG1,path_1,3,44,125,11.75,3.65,0
OUT2__CHG1__path_1,OUT2,CHG1,path_1,4,43,124,11.65,3.55,0
OUT2__CHG1__path_1,OUT2,CHG1,path_1,5,42,123,11.55,3.45,0
OUT2__CHG1__path_1,OUT2,CHG1,path_1,6,41,122,11.45,3.35,0
OUT2__CHG1__path_1,OUT2,CHG1,path_1,7,40,121,11.35,3.25,0
OUT2__CHG1__path_1,OUT2,CHG1,path_1,8,39,120,11.25,3.15,0
OUT2__CHG1__path_1,OUT2,CHG1,path_1,9,38,119,11.15,3.05,0
OUT2__CHG1__path_1,OUT2,CHG1,path_1,10,37,118,11.05,2.95,0
OUT2__CHG1__path_1,OUT2,CHG1,path_1,11,36,117,10.95,2.85,0
OUT2__CHG1__path_1,OUT2,CHG1,path_1,12,35,116,10.85,2.75,0
OUT2__CHG1__path_1,OUT2,CHG1,path_1,13,34,115,10.75,2.65,0
OUT2__CHG1__path_1,OUT2,CHG1,path_1,14,33,114,10.65,2.55,0
OUT2__CHG1__path_1,OUT2,CHG1,path_1,15,32,113,10.55,2.45,0
OUT2__CHG1__path_1,OUT2,CHG1,path_1,16,31,112,10.45,2.35,0
OUT2__CHG1__path_1,OUT2,CHG1,path_1,17,30,111,10.35,2.25,0
OUT2__CHG1__path_1,OUT2,CHG1,path_1,18,29,110,10.25,2.15,0
OUT2__CHG1__path_1,OUT2,CHG1,path_1,19,28,109,10.15,2.05,0
OUT2__CHG1__path_1,OUT2,CHG1,path_1,20,27,108,10.05,1.95,0
OUT2__CHG1__path_1,OUT2,CHG1,path_1,21,26,107,9.95,1.85,0
OUT2__CHG1__path_1,OUT2,CHG1,path_1,22,25,106,9.85,1.75,0
OUT2__CHG1__path_1,OUT2,CHG1,path_1,23,24,105,9.75,1.65,0
OUT2__CHG1__path_1,OUT2,CHG1,path_1,24,23,104,9.65,1.55,0
OUT2__CHG1__path_1,OUT2,CHG1,path_1,25,22,103,9.55,1.45,0
OUT2__CHG1__path_1,OUT2,CHG1,path_1,26,21,102,9.45,1.35,0
OUT2__CHG1__path_1,OUT2,CHG1,path_1,27,20,101,9.35,1.25,0
OUT2__CHG1__path_1,OUT2,CHG1,path_1,28,19,100,9.25,1.15,0
OUT2__CHG1__path_1,OUT2,CHG1,path_1,29,18,99,9.15,1.05,0
OUT2__CHG1__path_1,OUT2,CHG1,path_1,30,17,98,9.05,0.95,0
OUT2__CHG1__path_1,OUT2,CHG1,path_1,31,16,97,8.95,0.85,0
OUT2__CHG1__path_1,OUT2,CHG1,path_1,32,15,96,8.85,0.75,0
OUT2__CHG1__path_1,OUT2,CHG1,path_1,33,14,96,8.85,0.65,0
OUT2__CHG1__path_1,OUT2,CHG1,path_1,34,13,96,8.85,0.55,0
OUT2__CHG1__path_1,OUT2,CHG1,path_1,35,12,96,8.85,0.45,0
OUT2__CHG1__path_1,OUT2,CHG1,path_1,36,12,95,8.75,0.45,0
OUT2__CHG1__path_1,OUT2,CHG1,path_1,37,12,94,8.65,0.45,0
OUT2__CHG1__path_1,OUT2,CHG1,path_1,38,12,93,8.55,0.45,0
OUT2__CHG1__path_1,OUT2,CHG1,path_1,39,12,92,8.45,0.45,0
OUT2__CHG1__path_1,OUT2,CHG1,path_1,40,12,91,8.35,0.45,0
OUT2__CHG1__path_1,OUT2,CHG1,path_1,41,12,90,8.25,0.45,0
OUT2__CHG1__path_1,OUT2,CHG1,path_1,42,12,89,8.15,0.45,0
OUT2__CHG1__path_1,OUT2,CHG1,path_1,43,12,88,8.05,0.45,0
OUT2__CHG1__path_1,OUT2,CHG1,path_1,44,12,87,7.95,0.45,0
OUT2__CHG1__path_1,OUT2,CHG1,path_1,45,12,86,7.85,0.45,0
OUT2__CHG1__path_1,OUT2,CHG1,path_1,46,12,85,7.75,0.45,0
OUT2__CHG1__path_1,OUT2,CHG1,path_1,47,12,84,7.65,0.45,0
OUT2__CHG1__path_1,OUT2,CHG1,path_1,48,12,83,7.55,0.45,0
OUT2__CHG1__path_1,OUT2,CHG1,path_1,49,12,82,7.45,0.45,0
OUT2__CHG1__path_1,OUT2,CHG1,path_1,50,12,81,7.35,0.45,0
OUT2__CHG1__path_1,OUT2,CHG1,path_1,51,12,80,7.25,0.45,0
OUT2__CHG1__path_1,OUT2,CHG1,path_1,52,12,79,7.15,0.45,0
OUT2__CHG1__path_1,OUT2,CHG1,path_1,53,12,78,7.05,0.45,0
OUT2__CHG1__path_1,OUT2,CHG1,path_1,54,12,77,6.95,0.45,0
OUT2__CHG1__path_1,OUT2,CHG1,path_1,55,12,76,6.85,0.45,0
OUT2__CHG1__path_1,OUT2,CHG1,path_1,56,11,75,6.75,0.35,0
OUT2__CHG1__path_1,OUT2,CHG1,path_1,57,11,74,6.65,0.35,0
OUT2__CHG1__path_1,OUT2,CHG1,path_1,58,11,73,6.55,0.35,0
OUT2__CHG1__path_1,OUT2,CHG1,path_1,59,11,72,6.45,0.35,0
OUT2__CHG1__path_1,OUT2,CHG1,path_1,60,11,71,6.35,0.35,0
OUT2__CHG1__path_1,OUT2,CHG1,path_1,61,11,70,6.25,0.35,0
OUT2__CHG1__path_1,OUT2,CHG1,path_1,62,11,69,6.15,0.35,0
OUT2__CHG1__path_1,OUT2,CHG1,path_1,63,11,68,6.05,0.35,0
OUT2__CHG1__path_1,OUT2,CHG1,path_1,64,11,67,5.95,0.35,0
OUT2__CHG1__path_1,OUT2,CHG1,path_1,65,11,66,5.85,0.35,0
OUT2__CHG1__path_1,OUT2,CHG1,path_1,66,11,65,5.75,0.35,0
OUT2__CHG1__path_1,OUT2,CHG1,path_1,67,11,64,5.65,0.35,0
OUT2__CHG1__path_1,OUT2,CHG1,path_1,68,11,63,5.55,0.35,0
OUT2__CHG1__path_1,OUT2,CHG1,path_1,69,11,62,5.45,0.35,0
OUT2__CHG1__path_1,OUT2,CHG1,path_1,70,11,61,5.35,0.35,0
OUT2__CHG1__path_1,OUT2,CHG1,path_1,71,11,60,5.25,0.35,0
OUT2__CHG1__path_1,OUT2,CHG1,path_1,72,11,59,5.15,0.35,0
OUT2__CHG1__path_1,OUT2,CHG1,path_1,73,11,58,5.05,0.35,0
OUT2__CHG1__path_1,OUT2,CHG1,path_1,74,11,57,4.95,0.35,0
OUT2__CHG1__path_1,OUT2,CHG1,path_1,75,11,56,4.85,0.35,0
OUT2__CHG1__path_1,OUT2,CHG1,path_1,76,11,55,4.75,0.35,0
OUT2__CHG1__path_1,OUT2,CHG1,path_1,77,11,54,4.65,0.35,0
OUT2__CHG1__path_1,OUT2,CHG1,path_1,78,10,53,4.55,0.25,0
OUT2__CHG1__path_1,OUT2,CHG1,path_1,79,10,52,4.45,0.25,0
OUT2__CHG1__path_1,OUT2,CHG1,path_1,80,10,51,4.35,0.25,0
OUT2__CHG1__path_1,OUT2,CHG1,path_1,81,10,50,4.25,0.25,0
OUT2__CHG1__path_1,OUT2,CHG1,path_1,82,10,49,4.15,0.25,0
OUT2__CHG1__path_1,OUT2,CHG1,path_1,83,10,48,4.05,0.25,0
OUT2__CHG1__path_1,OUT2,CHG1,path_1,84,10,47,3.95,0.25,0
OUT2__CHG1__path_1,OUT2,CHG1,path_1,85,10,46,3.85,0.25,0
OUT2__CHG1__path_1,OUT2,CHG1,path_1,86,10,45,3.75,0.25,0
OUT2__CHG1__path_1,OUT2,CHG1,path_1,87,10,44,3.65,0.25,0
OUT2__CHG1__path_1,OUT2,CHG1,path_1,88,10,43,3.55,0.25,0
OUT2__CHG1__path_1,OUT2,CHG1,path_1,89,10,42,3.45,0.25,0
OUT2__CHG1__path_1,OUT2,CHG1,path_1,90,10,41,3.35,0.25,0
OUT2__CHG1__path_1,OUT2,CHG1,path_1,91,10,40,3.25,0.25,0
OUT2__CHG1__path_1,OUT2,CHG1,path_1,92,10,39,3.15,0.25,0
OUT2__CHG1__path_1,OUT2,CHG1,path_1,93,10,38,3.05,0.25,0
OUT2__CHG1__path_1,OUT2,CHG1,path_1,94,10,37,2.95,0.25,0
OUT2__CHG1__path_1,OUT2,CHG1,path_1,95,10,36,2.85,0.25,0
OUT2__CHG1__path_1,OUT2,CHG1,path_1,96,10,35,2.75,0.25,0
OUT2__CHG1__path_1,OUT2,CHG1,path_1,97,10,34,2.65,0.25,0
OUT2__CHG1__path_1,OUT2,CHG1,path_1,98,10,33,2.55,0.25,0
OUT2__CHG1__path_1,OUT2,CHG1,path_1,99,10,32,2.45,0.25,0
OUT2__CHG1__path_1,OUT2,CHG1,path_1,100,10,31,2.35,0.25,0
OUT2__CHG1__path_1,OUT2,CHG1,path_1,101,10,30,2.25,0.25,0
OUT2__CHG1__path_1,OUT2,CHG1,path_1,102,10,29,2.15,0.25,0
OUT2__CHG1__path_1,OUT2,CHG1,path_1,103,10,28,2.05,0.25,0
OUT2__CHG1__path_1,OUT2,CHG1,path_1,104,10,27,1.95,0.25,0
OUT2__CHG1__path_1,OUT2,CHG1,path_1,105,10,26,1.85,0.25,0
OUT2__CHG1__path_1,OUT2,CHG1,path_1,106,10,25,1.75,0.25,0
OUT2__CHG1__path_1,OUT2,CHG1,path_1,107,10,24,1.65,0.25,0
OUT2__CHG1__path_1,OUT2,CHG1,path_1,108,10,23,1.55,0.25,0
OUT2__CHG1__path_1,OUT2,CHG1,path_1,109,10,22,1.45,0.25,0
OUT2__CHG1__path_1,OUT2,CHG1,path_1,110,9,21,1.35,0.15,0
OUT2__CHG1__path_1,OUT2,CHG1,path_1,111,9,20,1.25,0.15,0
OUT2__CHG1__path_1,OUT2,CHG1,path_1,112,9,19,1.15,0.15,0
OUT2__CHG1__path_1,OUT2,CHG1,path_1,113,8,18,1.05,0.05,0
OUT2__CHG2__path_1,OUT2,CHG2,path_1,0,47,128,12.05,3.95,0
OUT2__CHG2__path_1,OUT2,CHG2,path_1,1,46,127,11.95,3.85,0
OUT2__CHG2__path_1,OUT2,CHG2,path_1,2,45,126,11.85,3.75,0
OUT2__CHG2__path_1,OUT2,CHG2,path_1,3,44,125,11.75,3.65,0
OUT2__CHG2__path_1,OUT2,CHG2,path_1,4,43,124,11.65,3.55,0
OUT2__CHG2__path_1,OUT2,CHG2,path_1,5,42,123,11.55,3.45,0
OUT2__CHG2__path_1,OUT2,CHG2,path_1,6,41,122,11.45,3.35,0
OUT2__CHG2__path_1,OUT2,CHG2,path_1,7,40,121,11.35,3.25,0
OUT2__CHG2__path_1,OUT2,CHG2,path_1,8,39,120,11.25,3.15,0
OUT2__CHG2__path_1,OUT2,CHG2,path_1,9,38,119,11.15,3.05,0
OUT2__CHG2__path_1,OUT2,CHG2,path_1,10,37,118,11.05,2.95,0
OUT2__CHG2__path_1,OUT2,CHG2,path_1,11,36,117,10.95,2.85,0
OUT2__CHG2__path_1,OUT2,CHG2,path_1,12,35,116,10.85,2.75,0
OUT2__CHG2__path_1,OUT2,CHG2,path_1,13,34,115,10.75,2.65,0
OUT2__CHG2__path_1,OUT2,CHG2,path_1,14,33,114,10.65,2.55,0
OUT2__CHG2__path_1,OUT2,CHG2,path_1,15,32,113,10.55,2.45,0
OUT2__CHG2__path_1,OUT2,CHG2,path_1,16,31,112,10.45,2.35,0
OUT2__CHG2__path_1,OUT2,CHG2,path_1,17,30,111,10.35,2.25,0
OUT2__CHG2__path_1,OUT2,CHG2,path_1,18,29,110,10.25,2.15,0
OUT2__CHG2__path_1,OUT2,CHG2,path_1,19,28,109,10.15,2.05,0
OUT2__CHG2__path_1,OUT2,CHG2,path_1,20,27,108,10.05,1.95,0
OUT2__CHG2__path_1,OUT2,CHG2,path_1,21,26,107,9.95,1.85,0
OUT2__CHG2__path_1,OUT2,CHG2,path_1,22,25,106,9.85,1.75,0
OUT2__CHG2__path_1,OUT2,CHG2,path_1,23,24,105,9.75,1.65,0
OUT2__CHG2__path_1,OUT2,CHG2,path_1,24,23,105,9.75,1.55,0
OUT2__CHG2__path_1,OUT2,CHG2,path_1,25,22,104,9.65,1.45,0
OUT2__CHG2__path_1,OUT2,CHG2,path_1,26,21,104,9.65,1.35,0
OUT2__CHG2__path_1,OUT2,CHG2,path_1,27,20,103,9.55,1.25,0
OUT2__CHG2__path_1,OUT2,CHG2,path_1,28,19,102,9.45,1.15,0
OUT2__CHG2__path_1,OUT2,CHG2,path_1,29,18,101,9.35,1.05,0
OUT2__CHG2__path_1,OUT2,CHG2,path_1,30,17,101,9.35,0.95,0
OUT2__CHG2__path_1,OUT2,CHG2,path_1,31,16,101,9.35,0.85,0
OUT2__CHG2__path_1,OUT2,CHG2,path_1,32,15,101,9.35,0.75,0
OUT2__CHG2__path_1,OUT2,CHG2,path_1,33,14,101,9.35,0.65,0
OUT2__CHG2__path_1,OUT2,CHG2,path_1,34,13,100,9.25,0.55,0
OUT2__CHG2__path_1,OUT2,CHG2,path_1,35,12,100,9.25,0.45,0
OUT2__CHG2__path_1,OUT2,CHG2,path_1,36,11,99,9.15,0.35,0
OUT2__CHG2__path_1,OUT2,CHG2,path_1,37,10,99,9.15,0.25,0
OUT2__CHG2__path_1,OUT2,CHG2,path_1,38,9,99,9.15,0.15,0
OUT2__CHG2__path_1,OUT2,CHG2,path_1,39,8,98,9.05,0.05,0
CHG1__IN1__path_1,CHG1,IN1,path_1,0,8,18,1.05,0.05,0
CHG1__IN1__path_1,CHG1,IN1,path_1,1,9,17,0.95,0.15,0
CHG1__IN1__path_1,CHG1,IN1,path_1,2,10,16,0.85,0.25,0
CHG1__IN1__path_1,CHG1,IN1,path_1,3,11,15,0.75,0.35,0
CHG1__IN1__path_1,CHG1,IN1,path_1,4,12,14,0.65,0.45,0
CHG1__IN1__path_1,CHG1,IN1,path_1,5,13,13,0.55,0.55,0
CHG1__IN1__path_1,CHG1,IN1,path_1,6,14,12,0.45,0.65,0
CHG1__IN1__path_1,CHG1,IN1,path_1,7,15,11,0.35,0.75,0
CHG1__IN1__path_1,CHG1,IN1,path_1,8,16,10,0.25,0.85,0
CHG1__IN1__path_1,CHG1,IN1,path_1,9,17,9,0.15,0.95,0
CHG1__IN1__path_1,CHG1,IN1,path_1,10,18,8,0.05,1.05,0
CHG1__IN2__path_1,CHG1,IN2,path_1,0,8,18,1.05,0.05,0
CHG1__IN2__path_1,CHG1,IN2,path_1,1,9,18,1.05,0.15,0
CHG1__IN2__path_1,CHG1,IN2,path_1,2,10,18,1.05,0.25,0
CHG1__IN2__path_1,CHG1,IN2,path_1,3,11,18,1.05,0.35,0
CHG1__IN2__path_1,CHG1,IN2,path_1,4,12,18,1.05,0.45,0
CHG1__IN2__path_1,CHG1,IN2,path_1,5,13,18,1.05,0.55,0
CHG1__IN2__path_1,CHG1,IN2,path_1,6,14,18,1.05,0.65,0
CHG1__IN2__path_1,CHG1,IN2,path_1,7,15,18,1.05,0.75,0
CHG1__IN2__path_1,CHG1,IN2,path_1,8,16,18,1.05,0.85,0
CHG1__IN2__path_1,CHG1,IN2,path_1,9,17,18,1.05,0.95,0
CHG1__IN2__path_1,CHG1,IN2,path_1,10,18,18,1.05,1.05,0
CHG1__IN2__path_1,CHG1,IN2,path_1,11,19,18,1.05,1.15,0
CHG1__IN2__path_1,CHG1,IN2,path_1,12,20,17,0.95,1.25,0
CHG1__IN2__path_1,CHG1,IN2,path_1,13,21,16,0.85,1.35,0
CHG1__IN2__path_1,CHG1,IN2,path_1,14,22,15,0.75,1.45,0
CHG1__IN2__path_1,CHG1,IN2,path_1,15,23,14,0.65,1.55,0
CHG1__IN2__path_1,CHG1,IN2,path_1,16,24,13,0.55,1.65,0
CHG1__IN2__path_1,CHG1,IN2,path_1,17,25,12,0.45,1.75,0
CHG1__IN2__path_1,CHG1,IN2,path_1,18,26,12,0.45,1.85,0
CHG1__IN2__path_1,CHG1,IN2,path_1,19,27,12,0.45,1.95,0
CHG1__IN2__path_1,CHG1,IN2,path_1,20,28,12,0.45,2.05,0
CHG1__IN2__path_1,CHG1,IN2,path_1,21,29,12,0.45,2.15,0
CHG1__IN2__path_1,CHG1,IN2,path_1,22,30,12,0.45,2.25,0
CHG1__IN2__path_1,CHG1,IN2,path_1,23,31,12,0.45,2.35,0
CHG1__IN2__path_1,CHG1,IN2,path_1,24,32,12,0.45,2.45,0
CHG1__IN2__path_1,CHG1,IN2,path_1,25,33,12,0.45,2.55,0
CHG1__IN2__path_1,CHG1,IN2,path_1,26,34,12,0.45,2.65,0
CHG1__IN2__path_1,CHG1,IN2,path_1,27,35,12,0.45,2.75,0
CHG1__IN2__path_1,CHG1,IN2,path_1,28,36,12,0.45,2.85,0
CHG1__IN2__path_1,CHG1,IN2,path_1,29,37,12,0.45,2.95,0
CHG1__IN2__path_1,CHG1,IN2,path_1,30,38,12,0.45,3.05,0
CHG1__IN2__path_1,CHG1,IN2,path_1,31,39,12,0.45,3.15,0
CHG1__IN2__path_1,CHG1,IN2,path_1,32,40,12,0.45,3.25,0
CHG1__IN2__path_1,CHG1,IN2,path_1,33,41,12,0.45,3.35,0
CHG1__IN2__path_1,CHG1,IN2,path_1,34,42,12,0.45,3.45,0
CHG1__IN2__path_1,CHG1,IN2,path_1,35,43,12,0.45,3.55,0
CHG1__IN2__path_1,CHG1,IN2,path_1,36,44,11,0.35,3.65,0
CHG1__IN2__path_1,CHG1,IN2,path_1,37,45,10,0.25,3.75,0
CHG1__IN2__path_1,CHG1,IN2,path_1,38,46,10,0.25,3.85,0
CHG1__IN2__path_1,CHG1,IN2,path_1,39,47,10,0.25,3.95,0
CHG1__IN2__path_1,CHG1,IN2,path_1,40,48,10,0.25,4.05,0
CHG1__IN2__path_1,CHG1,IN2,path_1,41,49,10,0.25,4.15,0
CHG1__IN2__path_1,CHG1,IN2,path_1,42,50,10,0.25,4.25,0
CHG1__IN2__path_1,CHG1,IN2,path_1,43,51,10,0.25,4.35,0
CHG1__IN2__path_1,CHG1,IN2,path_1,44,52,10,0.25,4.45,0
CHG1__IN2__path_1,CHG1,IN2,path_1,45,53,10,0.25,4.55,0
CHG1__IN2__path_1,CHG1,IN2,path_1,46,54,9,0.15,4.65,0
CHG1__IN2__path_1,CHG1,IN2,path_1,47,55,9,0.15,4.75,0
CHG1__IN2__path_1,CHG1,IN2,path_1,48,56,9,0.15,4.85,0
CHG1__IN2__path_1,CHG1,IN2,path_1,49,57,8,0.05,4.95,0
CHG1__P1__path_1,CHG1,P1,path_1,0,8,18,1.05,0.05,0
CHG1__P1__path_1,CHG1,P1,path_1,1,9,19,1.15,0.15,0
CHG1__P1__path_1,CHG1,P1,path_1,2,9,20,1.25,0.15,0
CHG1__P1__path_1,CHG1,P1,path_1,3,10,21,1.35,0.25,0
CHG1__P1__path_1,CHG1,P1,path_1,4,10,22,1.45,0.25,0
CHG1__P1__path_1,CHG1,P1,path_1,5,10,23,1.55,0.25,0
CHG1__P1__path_1,CHG1,P1,path_1,6,10,24,1.65,0.25,0
CHG1__P1__path_1,CHG1,P1,path_1,7,10,25,1.75,0.25,0
CHG1__P1__path_1,CHG1,P1,path_1,8,10,26,1.85,0.25,0
CHG1__P1__path_1,CHG1,P1,path_1,9,10,27,1.95,0.25,0
CHG1__P1__path_1,CHG1,P1,path_1,10,10,28,2.05,0.25,0
CHG1__P1__path_1,CHG1,P1,path_1,11,11,29,2.15,0.35,0
CHG1__P1__path_1,CHG1,P1,path_1,12,12,30,2.25,0.45,0
CHG1__P1__path_1,CHG1,P1,path_1,13,13,31,2.35,0.55,0
CHG1__P1__path_1,CHG1,P1,path_1,14,14,32,2.45,0.65,0
CHG1__P1__path_1,CHG1,P1,path_1,15,15,33,2.55,0.75,0
CHG1__P1__path_1,CHG1,P1,path_1,16,16,34,2.65,0.85,0
CHG1__P1__path_1,CHG1,P1,path_1,17,16,35,2.75,0.85,0
CHG1__P1__path_1,CHG1,P1,path_1,18,16,36,2.85,0.85,0
CHG1__P1__path_1,CHG1,P1,path_1,19,17,37,2.95,0.95,0
CHG1__P2__path_1,CHG1,P2,path_1,0,8,18,1.05,0.05,0
CHG1__P2__path_1,CHG1,P2,path_1,1,8,19,1.15,0.05,0
CHG1__P2__path_1,CHG1,P2,path_1,2,8,20,1.25,0.05,0
CHG1__P2__path_1,CHG1,P2,path_1,3,8,21,1.35,0.05,0
CHG1__P2__path_1,CHG1,P2,path_1,4,8,22,1.45,0.05,0
CHG1__P2__path_1,CHG1,P2,path_1,5,8,23,1.55,0.05,0
CHG1__P2__path_1,CHG1,P2,path_1,6,8,24,1.65,0.05,0
CHG1__P2__path_1,CHG1,P2,path_1,7,8,25,1.75,0.05,0
CHG1__P2__path_1,CHG1,P2,path_1,8,8,26,1.85,0.05,0
CHG1__P2__path_1,CHG1,P2,path_1,9,8,27,1.95,0.05,0
CHG1__P2__path_1,CHG1,P2,path_1,10,8,28,2.05,0.05,0
CHG1__P2__path_1,CHG1,P2,path_1,11,8,29,2.15,0.05,0
CHG1__P2__path_1,CHG1,P2,path_1,12,9,30,2.25,0.15,0
CHG1__P2__path_1,CHG1,P2,path_1,13,10,31,2.35,0.25,0
CHG1__P2__path_1,CHG1,P2,path_1,14,10,32,2.45,0.25,0
CHG1__P2__path_1,CHG1,P2,path_1,15,10,33,2.55,0.25,0
CHG1__P2__path_1,CHG1,P2,path_1,16,10,34,2.65,0.25,0
CHG1__P2__path_1,CHG1,P2,path_1,17,10,35,2.75,0.25,0
CHG1__P2__path_1,CHG1,P2,path_1,18,10,36,2.85,0.25,0
CHG1__P2__path_1,CHG1,P2,path_1,19,10,37,2.95,0.25,0
CHG1__P2__path_1,CHG1,P2,path_1,20,10,38,3.05,0.25,0
CHG1__P2__path_1,CHG1,P2,path_1,21,10,39,3.15,0.25,0
CHG1__P2__path_1,CHG1,P2,path_1,22,10,40,3.25,0.25,0
CHG1__P2__path_1,CHG1,P2,path_1,23,10,41,3.35,0.25,0
CHG1__P2__path_1,CHG1,P2,path_1,24,10,42,3.45,0.25,0
CHG1__P2__path_1,CHG1,P2,path_1,25,10,43,3.55,0.25,0
CHG1__P2__path_1,CHG1,P2,path_1,26,10,44,3.65,0.25,0
CHG1__P2__path_1,CHG1,P2,path_1,27,10,45,3.75,0.25,0
CHG1__P2__path_1,CHG1,P2,path_1,28,10,46,3.85,0.25,0
CHG1__P2__path_1,CHG1,P2,path_1,29,10,47,3.95,0.25,0
CHG1__P2__path_1,CHG1,P2,path_1,30,10,48,4.05,0.25,0
CHG1__P2__path_1,CHG1,P2,path_1,31,10,49,4.15,0.25,0
CHG1__P2__path_1,CHG1,P2,path_1,32,10,50,4.25,0.25,0
CHG1__P2__path_1,CHG1,P2,path_1,33,10,51,4.35,0.25,0
CHG1__P2__path_1,CHG1,P2,path_1,34,10,52,4.45,0.25,0
CHG1__P2__path_1,CHG1,P2,path_1,35,10,53,4.55,0.25,0
CHG1__P2__path_1,CHG1,P2,path_1,36,11,53,4.55,0.35,0
CHG1__P2__path_1,CHG1,P2,path_1,37,12,53,4.55,0.45,0
CHG1__P2__path_1,CHG1,P2,path_1,38,13,53,4.55,0.55,0
CHG1__P2__path_1,CHG1,P2,path_1,39,14,53,4.55,0.65,0
CHG1__P2__path_1,CHG1,P2,path_1,40,15,53,4.55,0.75,0
CHG1__P2__path_1,CHG1,P2,path_1,41,16,53,4.55,0.85,0
CHG1__P2__path_1,CHG1,P2,path_1,42,17,53,4.55,0.95,0
CHG1__P2__path_1,CHG1,P2,path_1,43,18,53,4.55,1.05,0
CHG1__P2__path_1,CHG1,P2,path_1,44,19,53,4.55,1.15,0
CHG1__P2__path_1,CHG1,P2,path_1,45,20,53,4.55,1.25,0
CHG1__P2__path_1,CHG1,P2,path_1,46,21,53,4.55,1.35,0
CHG1__P2__path_1,CHG1,P2,path_1,47,22,53,4.55,1.45,0
CHG1__P2__path_1,CHG1,P2,path_1,48,23,53,4.55,1.55,0
CHG1__P2__path_1,CHG1,P2,path_1,49,24,53,4.55,1.65,0
CHG1__P2__path_1,CHG1,P2,path_1,50,25,53,4.55,1.75,0
CHG1__P2__path_1,CHG1,P2,path_1,51,26,53,4.55,1.85,0
CHG1__P2__path_1,CHG1,P2,path_1,52,27,53,4.55,1.95,0
CHG1__P2__path_1,CHG1,P2,path_1,53,28,53,4.55,2.05,0
CHG1__P2__path_1,CHG1,P2,path_1,54,29,53,4.55,2.15,0
CHG1__P2__path_1,CHG1,P2,path_1,55,30,53,4.55,2.25,0
CHG1__P2__path_1,CHG1,P2,path_1,56,31,53,4.55,2.35,0
CHG1__P3__path_1,CHG1,P3,path_1,0,8,18,1.05,0.05,0
CHG1__P3__path_1,CHG1,P3,path_1,1,9,19,1.15,0.15,0
CHG1__P3__path_1,CHG1,P3,path_1,2,10,20,1.25,0.25,0
CHG1__P3__path_1,CHG1,P3,path_1,3,11,21,1.35,0.35,0
CHG1__P3__path_1,CHG1,P3,path_1,4,12,21,1.35,0.45,0
CHG1__P3__path_1,CHG1,P3,path_1,5,13,21,1.35,0.55,0
CHG1__P3__path_1,CHG1,P3,path_1,6,14,21,1.35,0.65,0
CHG1__P3__path_1,CHG1,P3,path_1,7,15,21,1.35,0.75,0
CHG1__P3__path_1,CHG1,P3,path_1,8,16,21,1.35,0.85,0
CHG1__P3__path_1,CHG1,P3,path_1,9,17,21,1.35,0.95,0
CHG1__P3__path_1,CHG1,P3,path_1,10,18,22,1.45,1.05,0
CHG1__P3__path_1,CHG1,P3,path_1,11,19,23,1.55,1.15,0
CHG1__P3__path_1,CHG1,P3,path_1,12,20,24,1.65,1.25,0
CHG1__P3__path_1,CHG1,P3,path_1,13,21,25,1.75,1.35,0
CHG1__P3__path_1,CHG1,P3,path_1,14,22,26,1.85,1.45,0
CHG1__P3__path_1,CHG1,P3,path_1,15,23,26,1.85,1.55,0
CHG1__P3__path_1,CHG1,P3,path_1,16,24,27,1.95,1.65,0
CHG1__P3__path_1,CHG1,P3,path_1,17,25,27,1.95,1.75,0
CHG1__P3__path_1,CHG1,P3,path_1,18,26,28,2.05,1.85,0
CHG1__P3__path_1,CHG1,P3,path_1,19,27,28,2.05,1.95,0
CHG1__P3__path_1,CHG1,P3,path_1,20,28,28,2.05,2.05,0
CHG1__P3__path_1,CHG1,P3,path_1,21,29,29,2.15,2.15,0
CHG1__P3__path_1,CHG1,P3,path_1,22,30,29,2.15,2.25,0
CHG1__P3__path_1,CHG1,P3,path_1,23,31,30,2.25,2.35,0
CHG1__P3__path_1,CHG1,P3,path_1,24,32,30,2.25,2.45,0
CHG1__P3__path_1,CHG1,P3,path_1,25,33,31,2.35,2.55,0
CHG1__P3__path_1,CHG1,P3,path_1,26,34,31,2.35,2.65,0
CHG1__P3__path_1,CHG1,P3,path_1,27,35,32,2.45,2.75,0
CHG1__P3__path_1,CHG1,P3,path_1,28,36,32,2.45,2.85,0
CHG1__P3__path_1,CHG1,P3,path_1,29,37,33,2.55,2.95,0
CHG1__P3__path_1,CHG1,P3,path_1,30,38,33,2.55,3.05,0
CHG1__P3__path_1,CHG1,P3,path_1,31,39,33,2.55,3.15,0
CHG1__P3__path_1,CHG1,P3,path_1,32,40,34,2.65,3.25,0
CHG1__P3__path_1,CHG1,P3,path_1,33,41,35,2.75,3.35,0
CHG1__P3__path_1,CHG1,P3,path_1,34,42,35,2.75,3.45,0
CHG1__P3__path_1,CHG1,P3,path_1,35,43,35,2.75,3.55,0
CHG1__P3__path_1,CHG1,P3,path_1,36,44,36,2.85,3.65,0
CHG1__P3__path_1,CHG1,P3,path_1,37,45,36,2.85,3.75,0
CHG1__P3__path_1,CHG1,P3,path_1,38,46,37,2.95,3.85,0
CHG1__P3__path_1,CHG1,P3,path_1,39,47,37,2.95,3.95,0
CHG1__P3__path_1,CHG1,P3,path_1,40,48,38,3.05,4.05,0
CHG1__P3__path_1,CHG1,P3,path_1,41,49,38,3.05,4.15,0
CHG1__P3__path_1,CHG1,P3,path_1,42,50,38,3.05,4.25,0
CHG1__P3__path_1,CHG1,P3,path_1,43,51,39,3.15,4.35,0
CHG1__P3__path_1,CHG1,P3,path_1,44,52,39,3.15,4.45,0
CHG1__P3__path_1,CHG1,P3,path_1,45,53,40,3.25,4.55,0
CHG1__P3__path_1,CHG1,P3,path_1,46,54,40,3.25,4.65,0
CHG1__P3__path_1,CHG1,P3,path_1,47,55,41,3.35,4.75,0
CHG1__P3__path_1,CHG1,P3,path_1,48,56,41,3.35,4.85,0
CHG1__P3__path_1,CHG1,P3,path_1,49,57,42,3.45,4.95,0
CHG1__P3__path_1,CHG1,P3,path_1,50,58,42,3.45,5.05,0
CHG1__P3__path_1,CHG1,P3,path_1,51,59,42,3.45,5.15,0
CHG1__P3__path_1,CHG1,P3,path_1,52,60,43,3.55,5.25,0
CHG1__P4__path_1,CHG1,P4,path_1,0,8,18,1.05,0.05,0
CHG1__P4__path_1,CHG1,P4,path_1,1,8,19,1.15,0.05,0
CHG1__P4__path_1,CHG1,P4,path_1,2,8,20,1.25,0.05,0
CHG1__P4__path_1,CHG1,P4,path_1,3,8,21,1.35,0.05,0
CHG1__P4__path_1,CHG1,P4,path_1,4,8,22,1.45,0.05,0
CHG1__P4__path_1,CHG1,P4,path_1,5,8,23,1.55,0.05,0
CHG1__P4__path_1,CHG1,P4,path_1,6,8,24,1.65,0.05,0
CHG1__P4__path_1,CHG1,P4,path_1,7,8,25,1.75,0.05,0
CHG1__P4__path_1,CHG1,P4,path_1,8,8,26,1.85,0.05,0
CHG1__P4__path_1,CHG1,P4,path_1,9,8,27,1.95,0.05,0
CHG1__P4__path_1,CHG1,P4,path_1,10,8,28,2.05,0.05,0
CHG1__P4__path_1,CHG1,P4,path_1,11,8,29,2.15,0.05,0
CHG1__P4__path_1,CHG1,P4,path_1,12,9,30,2.25,0.15,0
CHG1__P4__path_1,CHG1,P4,path_1,13,9,31,2.35,0.15,0
CHG1__P4__path_1,CHG1,P4,path_1,14,10,32,2.45,0.25,0
CHG1__P4__path_1,CHG1,P4,path_1,15,10,33,2.55,0.25,0
CHG1__P4__path_1,CHG1,P4,path_1,16,10,34,2.65,0.25,0
CHG1__P4__path_1,CHG1,P4,path_1,17,10,35,2.75,0.25,0
CHG1__P4__path_1,CHG1,P4,path_1,18,10,36,2.85,0.25,0
CHG1__P4__path_1,CHG1,P4,path_1,19,10,37,2.95,0.25,0
CHG1__P4__path_1,CHG1,P4,path_1,20,10,38,3.05,0.25,0
CHG1__P4__path_1,CHG1,P4,path_1,21,10,39,3.15,0.25,0
CHG1__P4__path_1,CHG1,P4,path_1,22,10,40,3.25,0.25,0
CHG1__P4__path_1,CHG1,P4,path_1,23,10,41,3.35,0.25,0
CHG1__P4__path_1,CHG1,P4,path_1,24,10,42,3.45,0.25,0
CHG1__P4__path_1,CHG1,P4,path_1,25,10,43,3.55,0.25,0
CHG1__P4__path_1,CHG1,P4,path_1,26,10,44,3.65,0.25,0
CHG1__P4__path_1,CHG1,P4,path_1,27,10,45,3.75,0.25,0
CHG1__P4__path_1,CHG1,P4,path_1,28,10,46,3.85,0.25,0
CHG1__P4__path_1,CHG1,P4,path_1,29,10,47,3.95,0.25,0
CHG1__P4__path_1,CHG1,P4,path_1,30,10,48,4.05,0.25,0
CHG1__P4__path_1,CHG1,P4,path_1,31,10,49,4.15,0.25,0
CHG1__P4__path_1,CHG1,P4,path_1,32,10,50,4.25,0.25,0
CHG1__P4__path_1,CHG1,P4,path_1,33,10,51,4.35,0.25,0
CHG1__P4__path_1,CHG1,P4,path_1,34,10,52,4.45,0.25,0
CHG1__P4__path_1,CHG1,P4,path_1,35,10,53,4.55,0.25,0
CHG1__P4__path_1,CHG1,P4,path_1,36,11,53,4.55,0.35,0
CHG1__P4__path_1,CHG1,P4,path_1,37,12,53,4.55,0.45,0
CHG1__P4__path_1,CHG1,P4,path_1,38,13,53,4.55,0.55,0
CHG1__P4__path_1,CHG1,P4,path_1,39,14,54,4.65,0.65,0
CHG1__P4__path_1,CHG1,P4,path_1,40,15,54,4.65,0.75,0
CHG1__P4__path_1,CHG1,P4,path_1,41,16,55,4.75,0.85,0
CHG1__P4__path_1,CHG1,P4,path_1,42,17,55,4.75,0.95,0
CHG1__P4__path_1,CHG1,P4,path_1,43,18,56,4.85,1.05,0
CHG1__P4__path_1,CHG1,P4,path_1,44,19,56,4.85,1.15,0
CHG1__P4__path_1,CHG1,P4,path_1,45,20,56,4.85,1.25,0
CHG1__P4__path_1,CHG1,P4,path_1,46,21,57,4.95,1.35,0
CHG1__P5__path_1,CHG1,P5,path_1,0,8,18,1.05,0.05,0
CHG1__P5__path_1,CHG1,P5,path_1,1,9,19,1.15,0.15,0
CHG1__P5__path_1,CHG1,P5,path_1,2,10,20,1.25,0.25,0
CHG1__P5__path_1,CHG1,P5,path_1,3,11,21,1.35,0.35,0
CHG1__P5__path_1,CHG1,P5,path_1,4,12,22,1.45,0.45,0
CHG1__P5__path_1,CHG1,P5,path_1,5,13,23,1.55,0.55,0
CHG1__P5__path_1,CHG1,P5,path_1,6,14,24,1.65,0.65,0
CHG1__P5__path_1,CHG1,P5,path_1,7,15,25,1.75,0.75,0
CHG1__P5__path_1,CHG1,P5,path_1,8,16,26,1.85,0.85,0
CHG1__P5__path_1,CHG1,P5,path_1,9,17,27,1.95,0.95,0
CHG1__P5__path_1,CHG1,P5,path_1,10,18,28,2.05,1.05,0
CHG1__P5__path_1,CHG1,P5,path_1,11,19,29,2.15,1.15,0
CHG1__P5__path_1,CHG1,P5,path_1,12,20,30,2.25,1.25,0
CHG1__P5__path_1,CHG1,P5,path_1,13,21,31,2.35,1.35,0
CHG1__P5__path_1,CHG1,P5,path_1,14,22,32,2.45,1.45,0
CHG1__P5__path_1,CHG1,P5,path_1,15,23,33,2.55,1.55,0
CHG1__P5__path_1,CHG1,P5,path_1,16,24,34,2.65,1.65,0
CHG1__P5__path_1,CHG1,P5,path_1,17,25,35,2.75,1.75,0
CHG1__P5__path_1,CHG1,P5,path_1,18,26,36,2.85,1.85,0
CHG1__P5__path_1,CHG1,P5,path_1,19,27,37,2.95,1.95,0
CHG1__P5__path_1,CHG1,P5,path_1,20,28,38,3.05,2.05,0
CHG1__P5__path_1,CHG1,P5,path_1,21,29,38,3.05,2.15,0
CHG1__P5__path_1,CHG1,P5,path_1,22,30,38,3.05,2.25,0
CHG1__P5__path_1,CHG1,P5,path_1,23,31,38,3.05,2.35,0
CHG1__P5__path_1,CHG1,P5,path_1,24,32,38,3.05,2.45,0
CHG1__P5__path_1,CHG1,P5,path_1,25,33,38,3.05,2.55,0
CHG1__P5__path_1,CHG1,P5,path_1,26,34,38,3.05,2.65,0
CHG1__P5__path_1,CHG1,P5,path_1,27,35,38,3.05,2.75,0
CHG1__P5__path_1,CHG1,P5,path_1,28,36,38,3.05,2.85,0
CHG1__P5__path_1,CHG1,P5,path_1,29,37,38,3.05,2.95,0
CHG1__P5__path_1,CHG1,P5,path_1,30,38,38,3.05,3.05,0
CHG1__P5__path_1,CHG1,P5,path_1,31,39,38,3.05,3.15,0
CHG1__P5__path_1,CHG1,P5,path_1,32,39,39,3.15,3.15,0
CHG1__P5__path_1,CHG1,P5,path_1,33,39,40,3.25,3.15,0
CHG1__P5__path_1,CHG1,P5,path_1,34,39,41,3.35,3.15,0
CHG1__P5__path_1,CHG1,P5,path_1,35,39,42,3.45,3.15,0
CHG1__P5__path_1,CHG1,P5,path_1,36,39,43,3.55,3.15,0
CHG1__P5__path_1,CHG1,P5,path_1,37,39,44,3.65,3.15,0
CHG1__P5__path_1,CHG1,P5,path_1,38,39,45,3.75,3.15,0
CHG1__P5__path_1,CHG1,P5,path_1,39,40,46,3.85,3.25,0
CHG1__P5__path_1,CHG1,P5,path_1,40,40,47,3.95,3.25,0
CHG1__P5__path_1,CHG1,P5,path_1,41,41,48,4.05,3.35,0
CHG1__P5__path_1,CHG1,P5,path_1,42,42,49,4.15,3.45,0
CHG1__P5__path_1,CHG1,P5,path_1,43,43,50,4.25,3.55,0
CHG1__P5__path_1,CHG1,P5,path_1,44,44,51,4.35,3.65,0
CHG1__P5__path_1,CHG1,P5,path_1,45,45,52,4.45,3.75,0
CHG1__P5__path_1,CHG1,P5,path_1,46,46,53,4.55,3.85,0
CHG1__P5__path_1,CHG1,P5,path_1,47,47,54,4.65,3.95,0
CHG1__P5__path_1,CHG1,P5,path_1,48,48,55,4.75,4.05,0
CHG1__P5__path_1,CHG1,P5,path_1,49,48,56,4.85,4.05,0
CHG1__P5__path_1,CHG1,P5,path_1,50,48,57,4.95,4.05,0
CHG1__P5__path_1,CHG1,P5,path_1,51,48,58,5.05,4.05,0
CHG1__P5__path_1,CHG1,P5,path_1,52,48,59,5.15,4.05,0
CHG1__P5__path_1,CHG1,P5,path_1,53,48,60,5.25,4.05,0
CHG1__P5__path_1,CHG1,P5,path_1,54,48,61,5.35,4.05,0
CHG1__P5__path_1,CHG1,P5,path_1,55,48,62,5.45,4.05,0
CHG1__P5__path_1,CHG1,P5,path_1,56,48,63,5.55,4.05,0
CHG1__P5__path_1,CHG1,P5,path_1,57,48,64,5.65,4.05,0
CHG1__P6__path_1,CHG1,P6,path_1,0,8,18,1.05,0.05,0
CHG1__P6__path_1,CHG1,P6,path_1,1,9,19,1.15,0.15,0
CHG1__P6__path_1,CHG1,P6,path_1,2,10,20,1.25,0.25,0
CHG1__P6__path_1,CHG1,P6,path_1,3,11,21,1.35,0.35,0
CHG1__P6__path_1,CHG1,P6,path_1,4,12,22,1.45,0.45,0
CHG1__P6__path_1,CHG1,P6,path_1,5,13,23,1.55,0.55,0
CHG1__P6__path_1,CHG1,P6,path_1,6,14,24,1.65,0.65,0
CHG1__P6__path_1,CHG1,P6,path_1,7,15,25,1.75,0.75,0
CHG1__P6__path_1,CHG1,P6,path_1,8,16,26,1.85,0.85,0
CHG1__P6__path_1,CHG1,P6,path_1,9,17,27,1.95,0.95,0
CHG1__P6__path_1,CHG1,P6,path_1,10,18,28,2.05,1.05,0
CHG1__P6__path_1,CHG1,P6,path_1,11,19,29,2.15,1.15,0
CHG1__P6__path_1,CHG1,P6,path_1,12,20,30,2.25,1.25,0
CHG1__P6__path_1,CHG1,P6,path_1,13,21,31,2.35,1.35,0
CHG1__P6__path_1,CHG1,P6,path_1,14,22,32,2.45,1.45,0
CHG1__P6__path_1,CHG1,P6,path_1,15,23,33,2.55,1.55,0
CHG1__P6__path_1,CHG1,P6,path_1,16,24,34,2.65,1.65,0
CHG1__P6__path_1,CHG1,P6,path_1,17,25,35,2.75,1.75,0
CHG1__P6__path_1,CHG1,P6,path_1,18,26,36,2.85,1.85,0
CHG1__P6__path_1,CHG1,P6,path_1,19,27,37,2.95,1.95,0
CHG1__P6__path_1,CHG1,P6,path_1,20,28,38,3.05,2.05,0
CHG1__P6__path_1,CHG1,P6,path_1,21,29,38,3.05,2.15,0
CHG1__P6__path_1,CHG1,P6,path_1,22,30,38,3.05,2.25,0
CHG1__P6__path_1,CHG1,P6,path_1,23,31,38,3.05,2.35,0
CHG1__P6__path_1,CHG1,P6,path_1,24,32,38,3.05,2.45,0
CHG1__P6__path_1,CHG1,P6,path_1,25,33,38,3.05,2.55,0
CHG1__P6__path_1,CHG1,P6,path_1,26,34,38,3.05,2.65,0
CHG1__P6__path_1,CHG1,P6,path_1,27,35,38,3.05,2.75,0
CHG1__P6__path_1,CHG1,P6,path_1,28,36,38,3.05,2.85,0
CHG1__P6__path_1,CHG1,P6,path_1,29,37,38,3.05,2.95,0
CHG1__P6__path_1,CHG1,P6,path_1,30,38,38,3.05,3.05,0
CHG1__P6__path_1,CHG1,P6,path_1,31,39,38,3.05,3.15,0
CHG1__P6__path_1,CHG1,P6,path_1,32,40,39,3.15,3.25,0
CHG1__P6__path_1,CHG1,P6,path_1,33,41,40,3.25,3.35,0
CHG1__P6__path_1,CHG1,P6,path_1,34,42,41,3.35,3.45,0
CHG1__P6__path_1,CHG1,P6,path_1,35,43,42,3.45,3.55,0
CHG1__P6__path_1,CHG1,P6,path_1,36,44,43,3.55,3.65,0
CHG1__P6__path_1,CHG1,P6,path_1,37,45,44,3.65,3.75,0
CHG1__P6__path_1,CHG1,P6,path_1,38,46,45,3.75,3.85,0
CHG1__P6__path_1,CHG1,P6,path_1,39,46,46,3.85,3.85,0
CHG1__P6__path_1,CHG1,P6,path_1,40,47,47,3.95,3.95,0
CHG1__P6__path_1,CHG1,P6,path_1,41,47,48,4.05,3.95,0
CHG1__P6__path_1,CHG1,P6,path_1,42,48,49,4.15,4.05,0
CHG1__P6__path_1,CHG1,P6,path_1,43,48,50,4.25,4.05,0
CHG1__P6__path_1,CHG1,P6,path_1,44,49,51,4.35,4.15,0
CHG1__P6__path_1,CHG1,P6,path_1,45,49,52,4.45,4.15,0
CHG1__P6__path_1,CHG1,P6,path_1,46,49,53,4.55,4.15,0
CHG1__P6__path_1,CHG1,P6,path_1,47,49,54,4.65,4.15,0
CHG1__P6__path_1,CHG1,P6,path_1,48,49,55,4.75,4.15,0
CHG1__P6__path_1,CHG1,P6,path_1,49,49,56,4.85,4.15,0
CHG1__P6__path_1,CHG1,P6,path_1,50,49,57,4.95,4.15,0
CHG1__P6__path_1,CHG1,P6,path_1,51,49,58,5.05,4.15,0
CHG1__P6__path_1,CHG1,P6,path_1,52,49,59,5.15,4.15,0
CHG1__P6__path_1,CHG1,P6,path_1,53,49,60,5.25,4.15,0
CHG1__P6__path_1,CHG1,P6,path_1,54,49,61,5.35,4.15,0
CHG1__P6__path_1,CHG1,P6,path_1,55,49,62,5.45,4.15,0
CHG1__P6__path_1,CHG1,P6,path_1,56,49,63,5.55,4.15,0
CHG1__P6__path_1,CHG1,P6,path_1,57,50,64,5.65,4.25,0
CHG1__P6__path_1,CHG1,P6,path_1,58,51,65,5.75,4.35,0
CHG1__P6__path_1,CHG1,P6,path_1,59,52,66,5.85,4.45,0
CHG1__P6__path_1,CHG1,P6,path_1,60,53,67,5.95,4.55,0
CHG1__P6__path_1,CHG1,P6,path_1,61,54,68,6.05,4.65,0
CHG1__P6__path_1,CHG1,P6,path_1,62,55,68,6.05,4.75,0
CHG1__P6__path_1,CHG1,P6,path_1,63,56,68,6.05,4.85,0
CHG1__P6__path_1,CHG1,P6,path_1,64,57,68,6.05,4.95,0
CHG1__P6__path_1,CHG1,P6,path_1,65,58,68,6.05,5.05,0
CHG1__P6__path_1,CHG1,P6,path_1,66,59,68,6.05,5.15,0
CHG1__P6__path_1,CHG1,P6,path_1,67,60,68,6.05,5.25,0
CHG1__P6__path_1,CHG1,P6,path_1,68,61,68,6.05,5.35,0
CHG1__P6__path_1,CHG1,P6,path_1,69,62,68,6.05,5.45,0
CHG1__P6__path_1,CHG1,P6,path_1,70,63,68,6.05,5.55,0
CHG1__P6__path_1,CHG1,P6,path_1,71,64,68,6.05,5.65,0
CHG1__P6__path_1,CHG1,P6,path_1,72,65,68,6.05,5.75,0
CHG1__P6__path_1,CHG1,P6,path_1,73,65,69,6.15,5.75,0
CHG1__P6__path_1,CHG1,P6,path_1,74,65,70,6.25,5.75,0
CHG1__P6__path_1,CHG1,P6,path_1,75,65,71,6.35,5.75,0
CHG1__P6__path_1,CHG1,P6,path_1,76,65,72,6.45,5.75,0
CHG1__P6__path_1,CHG1,P6,path_1,77,65,73,6.55,5.75,0
CHG1__P6__path_1,CHG1,P6,path_1,78,65,74,6.65,5.75,0
CHG1__P6__path_1,CHG1,P6,path_1,79,65,75,6.75,5.75,0
CHG1__P6__path_1,CHG1,P6,path_1,80,65,76,6.85,5.75,0
CHG1__P6__path_1,CHG1,P6,path_1,81,65,77,6.95,5.75,0
CHG1__P6__path_1,CHG1,P6,path_1,82,65,78,7.05,5.75,0
CHG1__P6__path_1,CHG1,P6,path_1,83,65,79,7.15,5.75,0
CHG1__P6__path_1,CHG1,P6,path_1,84,65,80,7.25,5.75,0
CHG1__P6__path_1,CHG1,P6,path_1,85,65,81,7.35,5.75,0
CHG1__P6__path_1,CHG1,P6,path_1,86,65,82,7.45,5.75,0
CHG1__P6__path_1,CHG1,P6,path_1,87,65,83,7.55,5.75,0
CHG1__P6__path_1,CHG1,P6,path_1,88,65,84,7.65,5.75,0
CHG1__P6__path_1,CHG1,P6,path_1,89,65,85,7.75,5.75,0
CHG1__P6__path_1,CHG1,P6,path_1,90,65,86,7.85,5.75,0
CHG1__P6__path_1,CHG1,P6,path_1,91,65,87,7.95,5.75,0
CHG1__P7__path_1,CHG1,P7,path_1,0,8,18,1.05,0.05,0
CHG1__P7__path_1,CHG1,P7,path_1,1,8,19,1.15,0.05,0
CHG1__P7__path_1,CHG1,P7,path_1,2,8,20,1.25,0.05,0
CHG1__P7__path_1,CHG1,P7,path_1,3,8,21,1.35,0.05,0
CHG1__P7__path_1,CHG1,P7,path_1,4,8,22,1.45,0.05,0
CHG1__P7__path_1,CHG1,P7,path_1,5,8,23,1.55,0.05,0
CHG1__P7__path_1,CHG1,P7,path_1,6,8,24,1.65,0.05,0
CHG1__P7__path_1,CHG1,P7,path_1,7,8,25,1.75,0.05,0
CHG1__P7__path_1,CHG1,P7,path_1,8,8,26,1.85,0.05,0
CHG1__P7__path_1,CHG1,P7,path_1,9,8,27,1.95,0.05,0
CHG1__P7__path_1,CHG1,P7,path_1,10,8,28,2.05,0.05,0
CHG1__P7__path_1,CHG1,P7,path_1,11,8,29,2.15,0.05,0
CHG1__P7__path_1,CHG1,P7,path_1,12,8,30,2.25,0.05,0
CHG1__P7__path_1,CHG1,P7,path_1,13,8,31,2.35,0.05,0
CHG1__P7__path_1,CHG1,P7,path_1,14,8,32,2.45,0.05,0
CHG1__P7__path_1,CHG1,P7,path_1,15,8,33,2.55,0.05,0
CHG1__P7__path_1,CHG1,P7,path_1,16,8,34,2.65,0.05,0
CHG1__P7__path_1,CHG1,P7,path_1,17,8,35,2.75,0.05,0
CHG1__P7__path_1,CHG1,P7,path_1,18,9,36,2.85,0.15,0
CHG1__P7__path_1,CHG1,P7,path_1,19,10,37,2.95,0.25,0
CHG1__P7__path_1,CHG1,P7,path_1,20,10,38,3.05,0.25,0
CHG1__P7__path_1,CHG1,P7,path_1,21,10,39,3.15,0.25,0
CHG1__P7__path_1,CHG1,P7,path_1,22,10,40,3.25,0.25,0
CHG1__P7__path_1,CHG1,P7,path_1,23,10,41,3.35,0.25,0
CHG1__P7__path_1,CHG1,P7,path_1,24,10,42,3.45,0.25,0
CHG1__P7__path_1,CHG1,P7,path_1,25,10,43,3.55,0.25,0
CHG1__P7__path_1,CHG1,P7,path_1,26,10,44,3.65,0.25,0
CHG1__P7__path_1,CHG1,P7,path_1,27,10,45,3.75,0.25,0
CHG1__P7__path_1,CHG1,P7,path_1,28,10,46,3.85,0.25,0
CHG1__P7__path_1,CHG1,P7,path_1,29,10,47,3.95,0.25,0
CHG1__P7__path_1,CHG1,P7,path_1,30,10,48,4.05,0.25,0
CHG1__P7__path_1,CHG1,P7,path_1,31,10,49,4.15,0.25,0
CHG1__P7__path_1,CHG1,P7,path_1,32,10,50,4.25,0.25,0
CHG1__P7__path_1,CHG1,P7,path_1,33,10,51,4.35,0.25,0
CHG1__P7__path_1,CHG1,P7,path_1,34,10,52,4.45,0.25,0
CHG1__P7__path_1,CHG1,P7,path_1,35,10,53,4.55,0.25,0
CHG1__P7__path_1,CHG1,P7,path_1,36,10,54,4.65,0.25,0
CHG1__P7__path_1,CHG1,P7,path_1,37,10,55,4.75,0.25,0
CHG1__P7__path_1,CHG1,P7,path_1,38,10,56,4.85,0.25,0
CHG1__P7__path_1,CHG1,P7,path_1,39,11,57,4.95,0.35,0
CHG1__P7__path_1,CHG1,P7,path_1,40,11,58,5.05,0.35,0
CHG1__P7__path_1,CHG1,P7,path_1,41,11,59,5.15,0.35,0
CHG1__P7__path_1,CHG1,P7,path_1,42,11,60,5.25,0.35,0
CHG1__P7__path_1,CHG1,P7,path_1,43,11,61,5.35,0.35,0
CHG1__P7__path_1,CHG1,P7,path_1,44,11,62,5.45,0.35,0
CHG1__P7__path_1,CHG1,P7,path_1,45,11,63,5.55,0.35,0
CHG1__P7__path_1,CHG1,P7,path_1,46,11,64,5.65,0.35,0
CHG1__P7__path_1,CHG1,P7,path_1,47,11,65,5.75,0.35,0
CHG1__P7__path_1,CHG1,P7,path_1,48,11,66,5.85,0.35,0
CHG1__P7__path_1,CHG1,P7,path_1,49,11,67,5.95,0.35,0
CHG1__P7__path_1,CHG1,P7,path_1,50,11,68,6.05,0.35,0
CHG1__P7__path_1,CHG1,P7,path_1,51,11,69,6.15,0.35,0
CHG1__P7__path_1,CHG1,P7,path_1,52,11,70,6.25,0.35,0
CHG1__P7__path_1,CHG1,P7,path_1,53,11,71,6.35,0.35,0
CHG1__P7__path_1,CHG1,P7,path_1,54,11,72,6.45,0.35,0
CHG1__P7__path_1,CHG1,P7,path_1,55,11,73,6.55,0.35,0
CHG1__P7__path_1,CHG1,P7,path_1,56,11,74,6.65,0.35,0
CHG1__P7__path_1,CHG1,P7,path_1,57,11,75,6.75,0.35,0
CHG1__P7__path_1,CHG1,P7,path_1,58,12,76,6.85,0.45,0
CHG1__P7__path_1,CHG1,P7,path_1,59,13,77,6.95,0.55,0
CHG1__P7__path_1,CHG1,P7,path_1,60,14,78,7.05,0.65,0
CHG1__P7__path_1,CHG1,P7,path_1,61,15,79,7.15,0.75,0
CHG1__P7__path_1,CHG1,P7,path_1,62,16,79,7.15,0.85,0
CHG1__P7__path_1,CHG1,P7,path_1,63,17,79,7.15,0.95,0
CHG1__P7__path_1,CHG1,P7,path_1,64,18,80,7.25,1.05,0
CHG1__P8__path_1,CHG1,P8,path_1,0,8,18,1.05,0.05,0
CHG1__P8__path_1,CHG1,P8,path_1,1,8,19,1.15,0.05,0
CHG1__P8__path_1,CHG1,P8,path_1,2,8,20,1.25,0.05,0
CHG1__P8__path_1,CHG1,P8,path_1,3,8,21,1.35,0.05,0
CHG1__P8__path_1,CHG1,P8,path_1,4,8,22,1.45,0.05,0
CHG1__P8__path_1,CHG1,P8,path_1,5,8,23,1.55,0.05,0
CHG1__P8__path_1,CHG1,P8,path_1,6,8,24,1.65,0.05,0
CHG1__P8__path_1,CHG1,P8,path_1,7,8,25,1.75,0.05,0
CHG1__P8__path_1,CHG1,P8,path_1,8,8,26,1.85,0.05,0
CHG1__P8__path_1,CHG1,P8,path_1,9,8,27,1.95,0.05,0
CHG1__P8__path_1,CHG1,P8,path_1,10,8,28,2.05,0.05,0
CHG1__P8__path_1,CHG1,P8,path_1,11,8,29,2.15,0.05,0
CHG1__P8__path_1,CHG1,P8,path_1,12,8,30,2.25,0.05,0
CHG1__P8__path_1,CHG1,P8,path_1,13,8,31,2.35,0.05,0
CHG1__P8__path_1,CHG1,P8,path_1,14,8,32,2.45,0.05,0
CHG1__P8__path_1,CHG1,P8,path_1,15,8,33,2.55,0.05,0
CHG1__P8__path_1,CHG1,P8,path_1,16,8,34,2.65,0.05,0
CHG1__P8__path_1,CHG1,P8,path_1,17,8,35,2.75,0.05,0
CHG1__P8__path_1,CHG1,P8,path_1,18,9,36,2.85,0.15,0
CHG1__P8__path_1,CHG1,P8,path_1,19,10,37,2.95,0.25,0
CHG1__P8__path_1,CHG1,P8,path_1,20,10,38,3.05,0.25,0
CHG1__P8__path_1,CHG1,P8,path_1,21,10,39,3.15,0.25,0
CHG1__P8__path_1,CHG1,P8,path_1,22,10,40,3.25,0.25,0
CHG1__P8__path_1,CHG1,P8,path_1,23,10,41,3.35,0.25,0
CHG1__P8__path_1,CHG1,P8,path_1,24,10,42,3.45,0.25,0
CHG1__P8__path_1,CHG1,P8,path_1,25,10,43,3.55,0.25,0
CHG1__P8__path_1,CHG1,P8,path_1,26,10,44,3.65,0.25,0
CHG1__P8__path_1,CHG1,P8,path_1,27,10,45,3.75,0.25,0
CHG1__P8__path_1,CHG1,P8,path_1,28,10,46,3.85,0.25,0
CHG1__P8__path_1,CHG1,P8,path_1,29,10,47,3.95,0.25,0
CHG1__P8__path_1,CHG1,P8,path_1,30,10,48,4.05,0.25,0
CHG1__P8__path_1,CHG1,P8,path_1,31,10,49,4.15,0.25,0
CHG1__P8__path_1,CHG1,P8,path_1,32,10,50,4.25,0.25,0
CHG1__P8__path_1,CHG1,P8,path_1,33,10,51,4.35,0.25,0
CHG1__P8__path_1,CHG1,P8,path_1,34,10,52,4.45,0.25,0
CHG1__P8__path_1,CHG1,P8,path_1,35,10,53,4.55,0.25,0
CHG1__P8__path_1,CHG1,P8,path_1,36,11,54,4.65,0.35,0
CHG1__P8__path_1,CHG1,P8,path_1,37,11,55,4.75,0.35,0
CHG1__P8__path_1,CHG1,P8,path_1,38,11,56,4.85,0.35,0
CHG1__P8__path_1,CHG1,P8,path_1,39,11,57,4.95,0.35,0
CHG1__P8__path_1,CHG1,P8,path_1,40,11,58,5.05,0.35,0
CHG1__P8__path_1,CHG1,P8,path_1,41,11,59,5.15,0.35,0
CHG1__P8__path_1,CHG1,P8,path_1,42,11,60,5.25,0.35,0
CHG1__P8__path_1,CHG1,P8,path_1,43,11,61,5.35,0.35,0
CHG1__P8__path_1,CHG1,P8,path_1,44,11,62,5.45,0.35,0
CHG1__P8__path_1,CHG1,P8,path_1,45,11,63,5.55,0.35,0
CHG1__P8__path_1,CHG1,P8,path_1,46,11,64,5.65,0.35,0
CHG1__P8__path_1,CHG1,P8,path_1,47,11,65,5.75,0.35,0
CHG1__P8__path_1,CHG1,P8,path_1,48,11,66,5.85,0.35,0
CHG1__P8__path_1,CHG1,P8,path_1,49,11,67,5.95,0.35,0
CHG1__P8__path_1,CHG1,P8,path_1,50,11,68,6.05,0.35,0
CHG1__P8__path_1,CHG1,P8,path_1,51,11,69,6.15,0.35,0
CHG1__P8__path_1,CHG1,P8,path_1,52,11,70,6.25,0.35,0
CHG1__P8__path_1,CHG1,P8,path_1,53,11,71,6.35,0.35,0
CHG1__P8__path_1,CHG1,P8,path_1,54,11,72,6.45,0.35,0
CHG1__P8__path_1,CHG1,P8,path_1,55,11,73,6.55,0.35,0
CHG1__P8__path_1,CHG1,P8,path_1,56,11,74,6.65,0.35,0
CHG1__P8__path_1,CHG1,P8,path_1,57,11,75,6.75,0.35,0
CHG1__P8__path_1,CHG1,P8,path_1,58,12,76,6.85,0.45,0
CHG1__P8__path_1,CHG1,P8,path_1,59,12,77,6.95,0.45,0
CHG1__P8__path_1,CHG1,P8,path_1,60,12,78,7.05,0.45,0
CHG1__P8__path_1,CHG1,P8,path_1,61,12,79,7.15,0.45,0
CHG1__P8__path_1,CHG1,P8,path_1,62,12,80,7.25,0.45,0
CHG1__P8__path_1,CHG1,P8,path_1,63,12,81,7.35,0.45,0
CHG1__P8__path_1,CHG1,P8,path_1,64,12,82,7.45,0.45,0
CHG1__P8__path_1,CHG1,P8,path_1,65,12,83,7.55,0.45,0
CHG1__P8__path_1,CHG1,P8,path_1,66,12,84,7.65,0.45,0
CHG1__P8__path_1,CHG1,P8,path_1,67,12,85,7.75,0.45,0
CHG1__P8__path_1,CHG1,P8,path_1,68,12,86,7.85,0.45,0
CHG1__P8__path_1,CHG1,P8,path_1,69,12,87,7.95,0.45,0
CHG1__P8__path_1,CHG1,P8,path_1,70,12,88,8.05,0.45,0
CHG1__P8__path_1,CHG1,P8,path_1,71,12,89,8.15,0.45,0
CHG1__P8__path_1,CHG1,P8,path_1,72,12,90,8.25,0.45,0
CHG1__P8__path_1,CHG1,P8,path_1,73,12,91,8.35,0.45,0
CHG1__P8__path_1,CHG1,P8,path_1,74,12,92,8.45,0.45,0
CHG1__P8__path_1,CHG1,P8,path_1,75,12,93,8.55,0.45,0
CHG1__P8__path_1,CHG1,P8,path_1,76,12,94,8.65,0.45,0
CHG1__P8__path_1,CHG1,P8,path_1,77,12,95,8.75,0.45,0
CHG1__P8__path_1,CHG1,P8,path_1,78,12,96,8.85,0.45,0
CHG1__P8__path_1,CHG1,P8,path_1,79,13,96,8.85,0.55,0
CHG1__P8__path_1,CHG1,P8,path_1,80,14,96,8.85,0.65,0
CHG1__P8__path_1,CHG1,P8,path_1,81,15,96,8.85,0.75,0
CHG1__P8__path_1,CHG1,P8,path_1,82,16,96,8.85,0.85,0
CHG1__P8__path_1,CHG1,P8,path_1,83,17,96,8.85,0.95,0
CHG1__P8__path_1,CHG1,P8,path_1,84,18,96,8.85,1.05,0
CHG1__P8__path_1,CHG1,P8,path_1,85,19,96,8.85,1.15,0
CHG1__P8__path_1,CHG1,P8,path_1,86,20,96,8.85,1.25,0
CHG1__P8__path_1,CHG1,P8,path_1,87,21,96,8.85,1.35,0
CHG1__P8__path_1,CHG1,P8,path_1,88,22,96,8.85,1.45,0
CHG1__P8__path_1,CHG1,P8,path_1,89,23,96,8.85,1.55,0
CHG1__P8__path_1,CHG1,P8,path_1,90,24,96,8.85,1.65,0
CHG1__P8__path_1,CHG1,P8,path_1,91,25,96,8.85,1.75,0
CHG1__P8__path_1,CHG1,P8,path_1,92,26,96,8.85,1.85,0
CHG1__P8__path_1,CHG1,P8,path_1,93,27,96,8.85,1.95,0
CHG1__P8__path_1,CHG1,P8,path_1,94,28,96,8.85,2.05,0
CHG1__P8__path_1,CHG1,P8,path_1,95,29,96,8.85,2.15,0
CHG1__P8__path_1,CHG1,P8,path_1,96,30,96,8.85,2.25,0
CHG1__P8__path_1,CHG1,P8,path_1,97,31,96,8.85,2.35,0
CHG1__P9__path_1,CHG1,P9,path_1,0,8,18,1.05,0.05,0
CHG1__P9__path_1,CHG1,P9,path_1,1,9,19,1.15,0.15,0
CHG1__P9__path_1,CHG1,P9,path_1,2,10,20,1.25,0.25,0
CHG1__P9__path_1,CHG1,P9,path_1,3,11,21,1.35,0.35,0
CHG1__P9__path_1,CHG1,P9,path_1,4,12,22,1.45,0.45,0
CHG1__P9__path_1,CHG1,P9,path_1,5,13,23,1.55,0.55,0
CHG1__P9__path_1,CHG1,P9,path_1,6,14,24,1.65,0.65,0
CHG1__P9__path_1,CHG1,P9,path_1,7,15,25,1.75,0.75,0
CHG1__P9__path_1,CHG1,P9,path_1,8,16,26,1.85,0.85,0
CHG1__P9__path_1,CHG1,P9,path_1,9,17,27,1.95,0.95,0
CHG1__P9__path_1,CHG1,P9,path_1,10,18,28,2.05,1.05,0
CHG1__P9__path_1,CHG1,P9,path_1,11,19,29,2.15,1.15,0
CHG1__P9__path_1,CHG1,P9,path_1,12,20,30,2.25,1.25,0
CHG1__P9__path_1,CHG1,P9,path_1,13,21,31,2.35,1.35,0
CHG1__P9__path_1,CHG1,P9,path_1,14,22,32,2.45,1.45,0
CHG1__P9__path_1,CHG1,P9,path_1,15,23,33,2.55,1.55,0
CHG1__P9__path_1,CHG1,P9,path_1,16,24,34,2.65,1.65,0
CHG1__P9__path_1,CHG1,P9,path_1,17,25,35,2.75,1.75,0
CHG1__P9__path_1,CHG1,P9,path_1,18,26,36,2.85,1.85,0
CHG1__P9__path_1,CHG1,P9,path_1,19,27,37,2.95,1.95,0
CHG1__P9__path_1,CHG1,P9,path_1,20,28,38,3.05,2.05,0
CHG1__P9__path_1,CHG1,P9,path_1,21,29,38,3.05,2.15,0
CHG1__P9__path_1,CHG1,P9,path_1,22,30,38,3.05,2.25,0
CHG1__P9__path_1,CHG1,P9,path_1,23,31,38,3.05,2.35,0
CHG1__P9__path_1,CHG1,P9,path_1,24,32,38,3.05,2.45,0
CHG1__P9__path_1,CHG1,P9,path_1,25,33,38,3.05,2.55,0
CHG1__P9__path_1,CHG1,P9,path_1,26,34,38,3.05,2.65,0
CHG1__P9__path_1,CHG1,P9,path_1,27,35,38,3.05,2.75,0
CHG1__P9__path_1,CHG1,P9,path_1,28,36,38,3.05,2.85,0
CHG1__P9__path_1,CHG1,P9,path_1,29,37,38,3.05,2.95,0
CHG1__P9__path_1,CHG1,P9,path_1,30,38,38,3.05,3.05,0
CHG1__P9__path_1,CHG1,P9,path_1,31,39,38,3.05,3.15,0
CHG1__P9__path_1,CHG1,P9,path_1,32,40,39,3.15,3.25,0
CHG1__P9__path_1,CHG1,P9,path_1,33,41,40,3.25,3.35,0
CHG1__P9__path_1,CHG1,P9,path_1,34,42,41,3.35,3.45,0
CHG1__P9__path_1,CHG1,P9,path_1,35,43,42,3.45,3.55,0
CHG1__P9__path_1,CHG1,P9,path_1,36,44,43,3.55,3.65,0
CHG1__P9__path_1,CHG1,P9,path_1,37,45,44,3.65,3.75,0
CHG1__P9__path_1,CHG1,P9,path_1,38,46,45,3.75,3.85,0
CHG1__P9__path_1,CHG1,P9,path_1,39,47,46,3.85,3.95,0
CHG1__P9__path_1,CHG1,P9,path_1,40,48,47,3.95,4.05,0
CHG1__P9__path_1,CHG1,P9,path_1,41,49,48,4.05,4.15,0
CHG1__P9__path_1,CHG1,P9,path_1,42,49,49,4.15,4.15,0
CHG1__P9__path_1,CHG1,P9,path_1,43,49,50,4.25,4.15,0
CHG1__P9__path_1,CHG1,P9,path_1,44,49,51,4.35,4.15,0
CHG1__P9__path_1,CHG1,P9,path_1,45,49,52,4.45,4.15,0
CHG1__P9__path_1,CHG1,P9,path_1,46,49,53,4.55,4.15,0
CHG1__P9__path_1,CHG1,P9,path_1,47,49,54,4.65,4.15,0
CHG1__P9__path_1,CHG1,P9,path_1,48,49,55,4.75,4.15,0
CHG1__P9__path_1,CHG1,P9,path_1,49,49,56,4.85,4.15,0
CHG1__P9__path_1,CHG1,P9,path_1,50,49,57,4.95,4.15,0
CHG1__P9__path_1,CHG1,P9,path_1,51,49,58,5.05,4.15,0
CHG1__P9__path_1,CHG1,P9,path_1,52,49,59,5.15,4.15,0
CHG1__P9__path_1,CHG1,P9,path_1,53,49,60,5.25,4.15,0
CHG1__P9__path_1,CHG1,P9,path_1,54,49,61,5.35,4.15,0
CHG1__P9__path_1,CHG1,P9,path_1,55,49,62,5.45,4.15,0
CHG1__P9__path_1,CHG1,P9,path_1,56,49,63,5.55,4.15,0
CHG1__P9__path_1,CHG1,P9,path_1,57,50,64,5.65,4.25,0
CHG1__P9__path_1,CHG1,P9,path_1,58,51,65,5.75,4.35,0
CHG1__P9__path_1,CHG1,P9,path_1,59,52,65,5.75,4.45,0
CHG1__P9__path_1,CHG1,P9,path_1,60,53,66,5.85,4.55,0
CHG1__P9__path_1,CHG1,P9,path_1,61,54,66,5.85,4.65,0
CHG1__P9__path_1,CHG1,P9,path_1,62,55,67,5.95,4.75,0
CHG1__P9__path_1,CHG1,P9,path_1,63,56,67,5.95,4.85,0
CHG1__P9__path_1,CHG1,P9,path_1,64,57,67,5.95,4.95,0
CHG1__P9__path_1,CHG1,P9,path_1,65,58,68,6.05,5.05,0
CHG1__SORT1__path_1,CHG1,SORT1,path_1,0,8,18,1.05,0.05,0
CHG1__SORT1__path_1,CHG1,SORT1,path_1,1,8,19,1.15,0.05,0
CHG1__SORT1__path_1,CHG1,SORT1,path_1,2,8,20,1.25,0.05,0
CHG1__SORT1__path_1,CHG1,SORT1,path_1,3,8,21,1.35,0.05,0
CHG1__SORT1__path_1,CHG1,SORT1,path_1,4,8,22,1.45,0.05,0
CHG1__SORT1__path_1,CHG1,SORT1,path_1,5,8,23,1.55,0.05,0
CHG1__SORT1__path_1,CHG1,SORT1,path_1,6,8,24,1.65,0.05,0
CHG1__SORT1__path_1,CHG1,SORT1,path_1,7,8,25,1.75,0.05,0
CHG1__SORT1__path_1,CHG1,SORT1,path_1,8,8,26,1.85,0.05,0
CHG1__SORT1__path_1,CHG1,SORT1,path_1,9,8,27,1.95,0.05,0
CHG1__SORT1__path_1,CHG1,SORT1,path_1,10,8,28,2.05,0.05,0
CHG1__SORT1__path_1,CHG1,SORT1,path_1,11,8,29,2.15,0.05,0
CHG1__SORT1__path_1,CHG1,SORT1,path_1,12,8,30,2.25,0.05,0
CHG1__SORT1__path_1,CHG1,SORT1,path_1,13,8,31,2.35,0.05,0
CHG1__SORT1__path_1,CHG1,SORT1,path_1,14,8,32,2.45,0.05,0
CHG1__SORT1__path_1,CHG1,SORT1,path_1,15,8,33,2.55,0.05,0
CHG1__SORT1__path_1,CHG1,SORT1,path_1,16,8,34,2.65,0.05,0
CHG1__SORT1__path_1,CHG1,SORT1,path_1,17,8,35,2.75,0.05,0
CHG1__SORT1__path_1,CHG1,SORT1,path_1,18,9,36,2.85,0.15,0
CHG1__SORT1__path_1,CHG1,SORT1,path_1,19,10,37,2.95,0.25,0
CHG1__SORT1__path_1,CHG1,SORT1,path_1,20,10,38,3.05,0.25,0
CHG1__SORT1__path_1,CHG1,SORT1,path_1,21,10,39,3.15,0.25,0
CHG1__SORT1__path_1,CHG1,SORT1,path_1,22,10,40,3.25,0.25,0
CHG1__SORT1__path_1,CHG1,SORT1,path_1,23,10,41,3.35,0.25,0
CHG1__SORT1__path_1,CHG1,SORT1,path_1,24,10,42,3.45,0.25,0
CHG1__SORT1__path_1,CHG1,SORT1,path_1,25,10,43,3.55,0.25,0
CHG1__SORT1__path_1,CHG1,SORT1,path_1,26,10,44,3.65,0.25,0
CHG1__SORT1__path_1,CHG1,SORT1,path_1,27,10,45,3.75,0.25,0
CHG1__SORT1__path_1,CHG1,SORT1,path_1,28,10,46,3.85,0.25,0
CHG1__SORT1__path_1,CHG1,SORT1,path_1,29,10,47,3.95,0.25,0
CHG1__SORT1__path_1,CHG1,SORT1,path_1,30,10,48,4.05,0.25,0
CHG1__SORT1__path_1,CHG1,SORT1,path_1,31,10,49,4.15,0.25,0
CHG1__SORT1__path_1,CHG1,SORT1,path_1,32,10,50,4.25,0.25,0
CHG1__SORT1__path_1,CHG1,SORT1,path_1,33,10,51,4.35,0.25,0
CHG1__SORT1__path_1,CHG1,SORT1,path_1,34,10,52,4.45,0.25,0
CHG1__SORT1__path_1,CHG1,SORT1,path_1,35,10,53,4.55,0.25,0
CHG1__SORT1__path_1,CHG1,SORT1,path_1,36,10,54,4.65,0.25,0
CHG1__SORT1__path_1,CHG1,SORT1,path_1,37,10,55,4.75,0.25,0
CHG1__SORT1__path_1,CHG1,SORT1,path_1,38,10,56,4.85,0.25,0
CHG1__SORT1__path_1,CHG1,SORT1,path_1,39,11,57,4.95,0.35,0
CHG1__SORT1__path_1,CHG1,SORT1,path_1,40,11,58,5.05,0.35,0
CHG1__SORT1__path_1,CHG1,SORT1,path_1,41,11,59,5.15,0.35,0
CHG1__SORT1__path_1,CHG1,SORT1,path_1,42,11,60,5.25,0.35,0
CHG1__SORT1__path_1,CHG1,SORT1,path_1,43,11,61,5.35,0.35,0
CHG1__SORT1__path_1,CHG1,SORT1,path_1,44,11,62,5.45,0.35,0
CHG1__SORT1__path_1,CHG1,SORT1,path_1,45,11,63,5.55,0.35,0
CHG1__SORT1__path_1,CHG1,SORT1,path_1,46,11,64,5.65,0.35,0
CHG1__SORT1__path_1,CHG1,SORT1,path_1,47,11,65,5.75,0.35,0
CHG1__SORT1__path_1,CHG1,SORT1,path_1,48,11,66,5.85,0.35,0
CHG1__SORT1__path_1,CHG1,SORT1,path_1,49,11,67,5.95,0.35,0
CHG1__SORT1__path_1,CHG1,SORT1,path_1,50,11,68,6.05,0.35,0
CHG1__SORT1__path_1,CHG1,SORT1,path_1,51,11,69,6.15,0.35,0
CHG1__SORT1__path_1,CHG1,SORT1,path_1,52,11,70,6.25,0.35,0
CHG1__SORT1__path_1,CHG1,SORT1,path_1,53,11,71,6.35,0.35,0
CHG1__SORT1__path_1,CHG1,SORT1,path_1,54,11,72,6.45,0.35,0
CHG1__SORT1__path_1,CHG1,SORT1,path_1,55,11,73,6.55,0.35,0
CHG1__SORT1__path_1,CHG1,SORT1,path_1,56,11,74,6.65,0.35,0
CHG1__SORT1__path_1,CHG1,SORT1,path_1,57,11,75,6.75,0.35,0
CHG1__SORT1__path_1,CHG1,SORT1,path_1,58,12,76,6.85,0.45,0
CHG1__SORT1__path_1,CHG1,SORT1,path_1,59,12,77,6.95,0.45,0
CHG1__SORT1__path_1,CHG1,SORT1,path_1,60,12,78,7.05,0.45,0
CHG1__SORT1__path_1,CHG1,SORT1,path_1,61,12,79,7.15,0.45,0
CHG1__SORT1__path_1,CHG1,SORT1,path_1,62,12,80,7.25,0.45,0
CHG1__SORT1__path_1,CHG1,SORT1,path_1,63,12,81,7.35,0.45,0
CHG1__SORT1__path_1,CHG1,SORT1,path_1,64,12,82,7.45,0.45,0
CHG1__SORT1__path_1,CHG1,SORT1,path_1,65,12,83,7.55,0.45,0
CHG1__SORT1__path_1,CHG1,SORT1,path_1,66,12,84,7.65,0.45,0
CHG1__SORT1__path_1,CHG1,SORT1,path_1,67,12,85,7.75,0.45,0
CHG1__SORT1__path_1,CHG1,SORT1,path_1,68,12,86,7.85,0.45,0
CHG1__SORT1__path_1,CHG1,SORT1,path_1,69,12,87,7.95,0.45,0
CHG1__SORT1__path_1,CHG1,SORT1,path_1,70,12,88,8.05,0.45,0
CHG1__SORT1__path_1,CHG1,SORT1,path_1,71,12,89,8.15,0.45,0
CHG1__SORT1__path_1,CHG1,SORT1,path_1,72,12,90,8.25,0.45,0
CHG1__SORT1__path_1,CHG1,SORT1,path_1,73,12,91,8.35,0.45,0
CHG1__SORT1__path_1,CHG1,SORT1,path_1,74,12,92,8.45,0.45,0
CHG1__SORT1__path_1,CHG1,SORT1,path_1,75,12,93,8.55,0.45,0
CHG1__SORT1__path_1,CHG1,SORT1,path_1,76,12,94,8.65,0.45,0
CHG1__SORT1__path_1,CHG1,SORT1,path_1,77,12,95,8.75,0.45,0
CHG1__SORT1__path_1,CHG1,SORT1,path_1,78,12,96,8.85,0.45,0
CHG1__SORT1__path_1,CHG1,SORT1,path_1,79,13,97,8.95,0.55,0
CHG1__SORT1__path_1,CHG1,SORT1,path_1,80,14,98,9.05,0.65,0
CHG1__SORT1__path_1,CHG1,SORT1,path_1,81,15,99,9.15,0.75,0
CHG1__SORT1__path_1,CHG1,SORT1,path_1,82,16,99,9.15,0.85,0
CHG1__SORT1__path_1,CHG1,SORT1,path_1,83,17,100,9.25,0.95,0
CHG1__SORT1__path_1,CHG1,SORT1,path_1,84,18,100,9.25,1.05,0
CHG1__SORT1__path_1,CHG1,SORT1,path_1,85,19,100,9.25,1.15,0
CHG1__SORT1__path_1,CHG1,SORT1,path_1,86,20,101,9.35,1.25,0
CHG1__SORT1__path_1,CHG1,SORT1,path_1,87,21,101,9.35,1.35,0
CHG1__SORT1__path_1,CHG1,SORT1,path_1,88,22,102,9.45,1.45,0
CHG1__SORT1__path_1,CHG1,SORT1,path_1,89,23,102,9.45,1.55,0
CHG1__SORT1__path_1,CHG1,SORT1,path_1,90,24,103,9.55,1.65,0
CHG1__SORT1__path_1,CHG1,SORT1,path_1,91,25,103,9.55,1.75,0
CHG1__SORT1__path_1,CHG1,SORT1,path_1,92,26,104,9.65,1.85,0
CHG1__SORT1__path_1,CHG1,SORT1,path_1,93,27,104,9.65,1.95,0
CHG1__SORT1__path_1,CHG1,SORT1,path_1,94,28,104,9.65,2.05,0
CHG1__SORT1__path_1,CHG1,SORT1,path_1,95,29,105,9.75,2.15,0
CHG1__SORT2__path_1,CHG1,SORT2,path_1,0,8,18,1.05,0.05,0
CHG1__SORT2__path_1,CHG1,SORT2,path_1,1,9,19,1.15,0.15,0
CHG1__SORT2__path_1,CHG1,SORT2,path_1,2,10,20,1.25,0.25,0
CHG1__SORT2__path_1,CHG1,SORT2,path_1,3,11,21,1.35,0.35,0
CHG1__SORT2__path_1,CHG1,SORT2,path_1,4,12,22,1.45,0.45,0
CHG1__SORT2__path_1,CHG1,SORT2,path_1,5,13,23,1.55,0.55,0
CHG1__SORT2__path_1,CHG1,SORT2,path_1,6,14,24,1.65,0.65,0
CHG1__SORT2__path_1,CHG1,SORT2,path_1,7,15,25,1.75,0.75,0
CHG1__SORT2__path_1,CHG1,SORT2,path_1,8,16,26,1.85,0.85,0
CHG1__SORT2__path_1,CHG1,SORT2,path_1,9,17,27,1.95,0.95,0
CHG1__SORT2__path_1,CHG1,SORT2,path_1,10,18,28,2.05,1.05,0
CHG1__SORT2__path_1,CHG1,SORT2,path_1,11,19,29,2.15,1.15,0
CHG1__SORT2__path_1,CHG1,SORT2,path_1,12,20,30,2.25,1.25,0
CHG1__SORT2__path_1,CHG1,SORT2,path_1,13,21,31,2.35,1.35,0
CHG1__SORT2__path_1,CHG1,SORT2,path_1,14,22,32,2.45,1.45,0
CHG1__SORT2__path_1,CHG1,SORT2,path_1,15,23,33,2.55,1.55,0
CHG1__SORT2__path_1,CHG1,SORT2,path_1,16,24,34,2.65,1.65,0
CHG1__SORT2__path_1,CHG1,SORT2,path_1,17,25,35,2.75,1.75,0
CHG1__SORT2__path_1,CHG1,SORT2,path_1,18,26,36,2.85,1.85,0
CHG1__SORT2__path_1,CHG1,SORT2,path_1,19,27,37,2.95,1.95,0
CHG1__SORT2__path_1,CHG1,SORT2,path_1,20,28,38,3.05,2.05,0
CHG1__SORT2__path_1,CHG1,SORT2,path_1,21,29,38,3.05,2.15,0
CHG1__SORT2__path_1,CHG1,SORT2,path_1,22,30,38,3.05,2.25,0
CHG1__SORT2__path_1,CHG1,SORT2,path_1,23,31,38,3.05,2.35,0
CHG1__SORT2__path_1,CHG1,SORT2,path_1,24,32,38,3.05,2.45,0
CHG1__SORT2__path_1,CHG1,SORT2,path_1,25,33,38,3.05,2.55,0
CHG1__SORT2__path_1,CHG1,SORT2,path_1,26,34,38,3.05,2.65,0
CHG1__SORT2__path_1,CHG1,SORT2,path_1,27,35,38,3.05,2.75,0
CHG1__SORT2__path_1,CHG1,SORT2,path_1,28,36,38,3.05,2.85,0
CHG1__SORT2__path_1,CHG1,SORT2,path_1,29,37,38,3.05,2.95,0
CHG1__SORT2__path_1,CHG1,SORT2,path_1,30,38,38,3.05,3.05,0
CHG1__SORT2__path_1,CHG1,SORT2,path_1,31,39,38,3.05,3.15,0
CHG1__SORT2__path_1,CHG1,SORT2,path_1,32,39,39,3.15,3.15,0
CHG1__SORT2__path_1,CHG1,SORT2,path_1,33,39,40,3.25,3.15,0
CHG1__SORT2__path_1,CHG1,SORT2,path_1,34,39,41,3.35,3.15,0
CHG1__SORT2__path_1,CHG1,SORT2,path_1,35,39,42,3.45,3.15,0
CHG1__SORT2__path_1,CHG1,SORT2,path_1,36,39,43,3.55,3.15,0
CHG1__SORT2__path_1,CHG1,SORT2,path_1,37,39,44,3.65,3.15,0
CHG1__SORT2__path_1,CHG1,SORT2,path_1,38,39,45,3.75,3.15,0
CHG1__SORT2__path_1,CHG1,SORT2,path_1,39,39,46,3.85,3.15,0
CHG1__SORT2__path_1,CHG1,SORT2,path_1,40,40,47,3.95,3.25,0
CHG1__SORT2__path_1,CHG1,SORT2,path_1,41,41,48,4.05,3.35,0
CHG1__SORT2__path_1,CHG1,SORT2,path_1,42,42,49,4.15,3.45,0
CHG1__SORT2__path_1,CHG1,SORT2,path_1,43,43,50,4.25,3.55,0
CHG1__SORT2__path_1,CHG1,SORT2,path_1,44,44,51,4.35,3.65,0
CHG1__SORT2__path_1,CHG1,SORT2,path_1,45,45,52,4.45,3.75,0
CHG1__SORT2__path_1,CHG1,SORT2,path_1,46,46,53,4.55,3.85,0
CHG1__SORT2__path_1,CHG1,SORT2,path_1,47,47,54,4.65,3.95,0
CHG1__SORT2__path_1,CHG1,SORT2,path_1,48,48,55,4.75,4.05,0
CHG1__SORT2__path_1,CHG1,SORT2,path_1,49,48,56,4.85,4.05,0
CHG1__SORT2__path_1,CHG1,SORT2,path_1,50,48,57,4.95,4.05,0
CHG1__SORT2__path_1,CHG1,SORT2,path_1,51,48,58,5.05,4.05,0
CHG1__SORT2__path_1,CHG1,SORT2,path_1,52,48,59,5.15,4.05,0
CHG1__SORT2__path_1,CHG1,SORT2,path_1,53,48,60,5.25,4.05,0
CHG1__SORT2__path_1,CHG1,SORT2,path_1,54,48,61,5.35,4.05,0
CHG1__SORT2__path_1,CHG1,SORT2,path_1,55,48,62,5.45,4.05,0
CHG1__SORT2__path_1,CHG1,SORT2,path_1,56,48,63,5.55,4.05,0
CHG1__SORT2__path_1,CHG1,SORT2,path_1,57,48,64,5.65,4.05,0
CHG1__SORT2__path_1,CHG1,SORT2,path_1,58,48,65,5.75,4.05,0
CHG1__SORT2__path_1,CHG1,SORT2,path_1,59,48,66,5.85,4.05,0
CHG1__SORT2__path_1,CHG1,SORT2,path_1,60,48,67,5.95,4.05,0
CHG1__SORT2__path_1,CHG1,SORT2,path_1,61,48,68,6.05,4.05,0
CHG1__SORT2__path_1,CHG1,SORT2,path_1,62,48,69,6.15,4.05,0
CHG1__SORT2__path_1,CHG1,SORT2,path_1,63,48,70,6.25,4.05,0
CHG1__SORT2__path_1,CHG1,SORT2,path_1,64,48,71,6.35,4.05,0
CHG1__SORT2__path_1,CHG1,SORT2,path_1,65,48,72,6.45,4.05,0
CHG1__SORT2__path_1,CHG1,SORT2,path_1,66,48,73,6.55,4.05,0
CHG1__SORT2__path_1,CHG1,SORT2,path_1,67,48,74,6.65,4.05,0
CHG1__SORT2__path_1,CHG1,SORT2,path_1,68,48,75,6.75,4.05,0
CHG1__SORT2__path_1,CHG1,SORT2,path_1,69,48,76,6.85,4.05,0
CHG1__SORT2__path_1,CHG1,SORT2,path_1,70,48,77,6.95,4.05,0
CHG1__SORT2__path_1,CHG1,SORT2,path_1,71,48,78,7.05,4.05,0
CHG1__SORT2__path_1,CHG1,SORT2,path_1,72,48,79,7.15,4.05,0
CHG1__SORT2__path_1,CHG1,SORT2,path_1,73,48,80,7.25,4.05,0
CHG1__SORT2__path_1,CHG1,SORT2,path_1,74,48,81,7.35,4.05,0
CHG1__SORT2__path_1,CHG1,SORT2,path_1,75,48,82,7.45,4.05,0
CHG1__SORT2__path_1,CHG1,SORT2,path_1,76,48,83,7.55,4.05,0
CHG1__SORT2__path_1,CHG1,SORT2,path_1,77,48,84,7.65,4.05,0
CHG1__SORT2__path_1,CHG1,SORT2,path_1,78,48,85,7.75,4.05,0
CHG1__SORT2__path_1,CHG1,SORT2,path_1,79,48,86,7.85,4.05,0
CHG1__SORT2__path_1,CHG1,SORT2,path_1,80,48,87,7.95,4.05,0
CHG1__SORT2__path_1,CHG1,SORT2,path_1,81,48,88,8.05,4.05,0
CHG1__SORT2__path_1,CHG1,SORT2,path_1,82,48,89,8.15,4.05,0
CHG1__SORT2__path_1,CHG1,SORT2,path_1,83,48,90,8.25,4.05,0
CHG1__SORT2__path_1,CHG1,SORT2,path_1,84,48,91,8.35,4.05,0
CHG1__SORT2__path_1,CHG1,SORT2,path_1,85,48,92,8.45,4.05,0
CHG1__SORT2__path_1,CHG1,SORT2,path_1,86,48,93,8.55,4.05,0
CHG1__SORT2__path_1,CHG1,SORT2,path_1,87,48,94,8.65,4.05,0
CHG1__SORT2__path_1,CHG1,SORT2,path_1,88,48,95,8.75,4.05,0
CHG1__SORT2__path_1,CHG1,SORT2,path_1,89,48,96,8.85,4.05,0
CHG1__SORT2__path_1,CHG1,SORT2,path_1,90,48,97,8.95,4.05,0
CHG1__SORT2__path_1,CHG1,SORT2,path_1,91,48,98,9.05,4.05,0
CHG1__SORT2__path_1,CHG1,SORT2,path_1,92,48,99,9.15,4.05,0
CHG1__SORT2__path_1,CHG1,SORT2,path_1,93,48,100,9.25,4.05,0
CHG1__SORT2__path_1,CHG1,SORT2,path_1,94,48,101,9.35,4.05,0
CHG1__SORT2__path_1,CHG1,SORT2,path_1,95,48,102,9.45,4.05,0
CHG1__SORT2__path_1,CHG1,SORT2,path_1,96,48,103,9.55,4.05,0
CHG1__SORT2__path_1,CHG1,SORT2,path_1,97,48,104,9.65,4.05,0
CHG1__SORT2__path_1,CHG1,SORT2,path_1,98,48,105,9.75,4.05,0
CHG1__SORT2__path_1,CHG1,SORT2,path_1,99,48,106,9.85,4.05,0
CHG1__SORT2__path_1,CHG1,SORT2,path_1,100,48,107,9.95,4.05,0
CHG1__SORT2__path_1,CHG1,SORT2,path_1,101,48,108,10.05,4.05,0
CHG1__SORT2__path_1,CHG1,SORT2,path_1,102,48,109,10.15,4.05,0
CHG1__SORT2__path_1,CHG1,SORT2,path_1,103,48,110,10.25,4.05,0
CHG1__SORT2__path_1,CHG1,SORT2,path_1,104,48,111,10.35,4.05,0
CHG1__OUT1__path_1,CHG1,OUT1,path_1,0,8,18,1.05,0.05,0
CHG1__OUT1__path_1,CHG1,OUT1,path_1,1,8,19,1.15,0.05,0
CHG1__OUT1__path_1,CHG1,OUT1,path_1,2,8,20,1.25,0.05,0
CHG1__OUT1__path_1,CHG1,OUT1,path_1,3,8,21,1.35,0.05,0
CHG1__OUT1__path_1,CHG1,OUT1,path_1,4,8,22,1.45,0.05,0
CHG1__OUT1__path_1,CHG1,OUT1,path_1,5,8,23,1.55,0.05,0
CHG1__OUT1__path_1,CHG1,OUT1,path_1,6,8,24,1.65,0.05,0
CHG1__OUT1__path_1,CHG1,OUT1,path_1,7,8,25,1.75,0.05,0
CHG1__OUT1__path_1,CHG1,OUT1,path_1,8,8,26,1.85,0.05,0
CHG1__OUT1__path_1,CHG1,OUT1,path_1,9,8,27,1.95,0.05,0
CHG1__OUT1__path_1,CHG1,OUT1,path_1,10,8,28,2.05,0.05,0
CHG1__OUT1__path_1,CHG1,OUT1,path_1,11,8,29,2.15,0.05,0
CHG1__OUT1__path_1,CHG1,OUT1,path_1,12,8,30,2.25,0.05,0
CHG1__OUT1__path_1,CHG1,OUT1,path_1,13,8,31,2.35,0.05,0
CHG1__OUT1__path_1,CHG1,OUT1,path_1,14,8,32,2.45,0.05,0
CHG1__OUT1__path_1,CHG1,OUT1,path_1,15,8,33,2.55,0.05,0
CHG1__OUT1__path_1,CHG1,OUT1,path_1,16,8,34,2.65,0.05,0
CHG1__OUT1__path_1,CHG1,OUT1,path_1,17,8,35,2.75,0.05,0
CHG1__OUT1__path_1,CHG1,OUT1,path_1,18,9,36,2.85,0.15,0
CHG1__OUT1__path_1,CHG1,OUT1,path_1,19,10,37,2.95,0.25,0
CHG1__OUT1__path_1,CHG1,OUT1,path_1,20,10,38,3.05,0.25,0
CHG1__OUT1__path_1,CHG1,OUT1,path_1,21,10,39,3.15,0.25,0
CHG1__OUT1__path_1,CHG1,OUT1,path_1,22,10,40,3.25,0.25,0
CHG1__OUT1__path_1,CHG1,OUT1,path_1,23,10,41,3.35,0.25,0
CHG1__OUT1__path_1,CHG1,OUT1,path_1,24,10,42,3.45,0.25,0
CHG1__OUT1__path_1,CHG1,OUT1,path_1,25,10,43,3.55,0.25,0
CHG1__OUT1__path_1,CHG1,OUT1,path_1,26,10,44,3.65,0.25,0
CHG1__OUT1__path_1,CHG1,OUT1,path_1,27,10,45,3.75,0.25,0
CHG1__OUT1__path_1,CHG1,OUT1,path_1,28,10,46,3.85,0.25,0
CHG1__OUT1__path_1,CHG1,OUT1,path_1,29,10,47,3.95,0.25,0
CHG1__OUT1__path_1,CHG1,OUT1,path_1,30,10,48,4.05,0.25,0
CHG1__OUT1__path_1,CHG1,OUT1,path_1,31,10,49,4.15,0.25,0
CHG1__OUT1__path_1,CHG1,OUT1,path_1,32,10,50,4.25,0.25,0
CHG1__OUT1__path_1,CHG1,OUT1,path_1,33,10,51,4.35,0.25,0
CHG1__OUT1__path_1,CHG1,OUT1,path_1,34,10,52,4.45,0.25,0
CHG1__OUT1__path_1,CHG1,OUT1,path_1,35,10,53,4.55,0.25,0
CHG1__OUT1__path_1,CHG1,OUT1,path_1,36,10,54,4.65,0.25,0
CHG1__OUT1__path_1,CHG1,OUT1,path_1,37,10,55,4.75,0.25,0
CHG1__OUT1__path_1,CHG1,OUT1,path_1,38,10,56,4.85,0.25,0
CHG1__OUT1__path_1,CHG1,OUT1,path_1,39,11,57,4.95,0.35,0
CHG1__OUT1__path_1,CHG1,OUT1,path_1,40,11,58,5.05,0.35,0
CHG1__OUT1__path_1,CHG1,OUT1,path_1,41,11,59,5.15,0.35,0
CHG1__OUT1__path_1,CHG1,OUT1,path_1,42,11,60,5.25,0.35,0
CHG1__OUT1__path_1,CHG1,OUT1,path_1,43,11,61,5.35,0.35,0
CHG1__OUT1__path_1,CHG1,OUT1,path_1,44,11,62,5.45,0.35,0
CHG1__OUT1__path_1,CHG1,OUT1,path_1,45,11,63,5.55,0.35,0
CHG1__OUT1__path_1,CHG1,OUT1,path_1,46,11,64,5.65,0.35,0
CHG1__OUT1__path_1,CHG1,OUT1,path_1,47,11,65,5.75,0.35,0
CHG1__OUT1__path_1,CHG1,OUT1,path_1,48,11,66,5.85,0.35,0
CHG1__OUT1__path_1,CHG1,OUT1,path_1,49,11,67,5.95,0.35,0
CHG1__OUT1__path_1,CHG1,OUT1,path_1,50,11,68,6.05,0.35,0
CHG1__OUT1__path_1,CHG1,OUT1,path_1,51,11,69,6.15,0.35,0
CHG1__OUT1__path_1,CHG1,OUT1,path_1,52,11,70,6.25,0.35,0
CHG1__OUT1__path_1,CHG1,OUT1,path_1,53,11,71,6.35,0.35,0
CHG1__OUT1__path_1,CHG1,OUT1,path_1,54,11,72,6.45,0.35,0
CHG1__OUT1__path_1,CHG1,OUT1,path_1,55,11,73,6.55,0.35,0
CHG1__OUT1__path_1,CHG1,OUT1,path_1,56,11,74,6.65,0.35,0
CHG1__OUT1__path_1,CHG1,OUT1,path_1,57,11,75,6.75,0.35,0
CHG1__OUT1__path_1,CHG1,OUT1,path_1,58,11,76,6.85,0.35,0
CHG1__OUT1__path_1,CHG1,OUT1,path_1,59,11,77,6.95,0.35,0
CHG1__OUT1__path_1,CHG1,OUT1,path_1,60,11,78,7.05,0.35,0
CHG1__OUT1__path_1,CHG1,OUT1,path_1,61,11,79,7.15,0.35,0
CHG1__OUT1__path_1,CHG1,OUT1,path_1,62,11,80,7.25,0.35,0
CHG1__OUT1__path_1,CHG1,OUT1,path_1,63,11,81,7.35,0.35,0
CHG1__OUT1__path_1,CHG1,OUT1,path_1,64,11,82,7.45,0.35,0
CHG1__OUT1__path_1,CHG1,OUT1,path_1,65,11,83,7.55,0.35,0
CHG1__OUT1__path_1,CHG1,OUT1,path_1,66,11,84,7.65,0.35,0
CHG1__OUT1__path_1,CHG1,OUT1,path_1,67,11,85,7.75,0.35,0
CHG1__OUT1__path_1,CHG1,OUT1,path_1,68,11,86,7.85,0.35,0
CHG1__OUT1__path_1,CHG1,OUT1,path_1,69,11,87,7.95,0.35,0
CHG1__OUT1__path_1,CHG1,OUT1,path_1,70,11,88,8.05,0.35,0
CHG1__OUT1__path_1,CHG1,OUT1,path_1,71,11,89,8.15,0.35,0
CHG1__OUT1__path_1,CHG1,OUT1,path_1,72,11,90,8.25,0.35,0
CHG1__OUT1__path_1,CHG1,OUT1,path_1,73,11,91,8.35,0.35,0
CHG1__OUT1__path_1,CHG1,OUT1,path_1,74,11,92,8.45,0.35,0
CHG1__OUT1__path_1,CHG1,OUT1,path_1,75,11,93,8.55,0.35,0
CHG1__OUT1__path_1,CHG1,OUT1,path_1,76,12,94,8.65,0.45,0
CHG1__OUT1__path_1,CHG1,OUT1,path_1,77,12,95,8.75,0.45,0
CHG1__OUT1__path_1,CHG1,OUT1,path_1,78,12,96,8.85,0.45,0
CHG1__OUT1__path_1,CHG1,OUT1,path_1,79,13,97,8.95,0.55,0
CHG1__OUT1__path_1,CHG1,OUT1,path_1,80,13,98,9.05,0.55,0
CHG1__OUT1__path_1,CHG1,OUT1,path_1,81,14,99,9.15,0.65,0
CHG1__OUT1__path_1,CHG1,OUT1,path_1,82,14,100,9.25,0.65,0
CHG1__OUT1__path_1,CHG1,OUT1,path_1,83,15,101,9.35,0.75,0
CHG1__OUT1__path_1,CHG1,OUT1,path_1,84,15,102,9.45,0.75,0
CHG1__OUT1__path_1,CHG1,OUT1,path_1,85,16,103,9.55,0.85,0
CHG1__OUT1__path_1,CHG1,OUT1,path_1,86,16,104,9.65,0.85,0
CHG1__OUT1__path_1,CHG1,OUT1,path_1,87,17,105,9.75,0.95,0
CHG1__OUT1__path_1,CHG1,OUT1,path_1,88,17,106,9.85,0.95,0
CHG1__OUT1__path_1,CHG1,OUT1,path_1,89,17,107,9.95,0.95,0
CHG1__OUT1__path_1,CHG1,OUT1,path_1,90,18,108,10.05,1.05,0
CHG1__OUT1__path_1,CHG1,OUT1,path_1,91,18,109,10.15,1.05,0
CHG1__OUT1__path_1,CHG1,OUT1,path_1,92,19,110,10.25,1.15,0
CHG1__OUT1__path_1,CHG1,OUT1,path_1,93,19,111,10.35,1.15,0
CHG1__OUT1__path_1,CHG1,OUT1,path_1,94,20,112,10.45,1.25,0
CHG1__OUT1__path_1,CHG1,OUT1,path_1,95,20,113,10.55,1.25,0
CHG1__OUT1__path_1,CHG1,OUT1,path_1,96,21,114,10.65,1.35,0
CHG1__OUT1__path_1,CHG1,OUT1,path_1,97,21,115,10.75,1.35,0
CHG1__OUT1__path_1,CHG1,OUT1,path_1,98,22,116,10.85,1.45,0
CHG1__OUT1__path_1,CHG1,OUT1,path_1,99,22,117,10.95,1.45,0
CHG1__OUT1__path_1,CHG1,OUT1,path_1,100,22,118,11.05,1.45,0
CHG1__OUT1__path_1,CHG1,OUT1,path_1,101,23,119,11.15,1.55,0
CHG1__OUT1__path_1,CHG1,OUT1,path_1,102,23,120,11.25,1.55,0
CHG1__OUT1__path_1,CHG1,OUT1,path_1,103,24,121,11.35,1.65,0
CHG1__OUT1__path_1,CHG1,OUT1,path_1,104,24,122,11.45,1.65,0
CHG1__OUT1__path_1,CHG1,OUT1,path_1,105,25,123,11.55,1.75,0
CHG1__OUT1__path_1,CHG1,OUT1,path_1,106,25,124,11.65,1.75,0
CHG1__OUT1__path_1,CHG1,OUT1,path_1,107,26,125,11.75,1.85,0
CHG1__OUT1__path_1,CHG1,OUT1,path_1,108,26,126,11.85,1.85,0
CHG1__OUT1__path_1,CHG1,OUT1,path_1,109,26,127,11.95,1.85,0
CHG1__OUT1__path_1,CHG1,OUT1,path_1,110,27,128,12.05,1.95,0
CHG1__OUT2__path_1,CHG1,OUT2,path_1,0,8,18,1.05,0.05,0
CHG1__OUT2__path_1,CHG1,OUT2,path_1,1,8,19,1.15,0.05,0
CHG1__OUT2__path_1,CHG1,OUT2,path_1,2,8,20,1.25,0.05,0
CHG1__OUT2__path_1,CHG1,OUT2,path_1,3,8,21,1.35,0.05,0
CHG1__OUT2__path_1,CHG1,OUT2,path_1,4,8,22,1.45,0.05,0
CHG1__OUT2__path_1,CHG1,OUT2,path_1,5,8,23,1.55,0.05,0
CHG1__OUT2__path_1,CHG1,OUT2,path_1,6,8,24,1.65,0.05,0
CHG1__OUT2__path_1,CHG1,OUT2,path_1,7,8,25,1.75,0.05,0
CHG1__OUT2__path_1,CHG1,OUT2,path_1,8,8,26,1.85,0.05,0
CHG1__OUT2__path_1,CHG1,OUT2,path_1,9,8,27,1.95,0.05,0
CHG1__OUT2__path_1,CHG1,OUT2,path_1,10,8,28,2.05,0.05,0
CHG1__OUT2__path_1,CHG1,OUT2,path_1,11,8,29,2.15,0.05,0
CHG1__OUT2__path_1,CHG1,OUT2,path_1,12,8,30,2.25,0.05,0
CHG1__OUT2__path_1,CHG1,OUT2,path_1,13,8,31,2.35,0.05,0
CHG1__OUT2__path_1,CHG1,OUT2,path_1,14,8,32,2.45,0.05,0
CHG1__OUT2__path_1,CHG1,OUT2,path_1,15,8,33,2.55,0.05,0
CHG1__OUT2__path_1,CHG1,OUT2,path_1,16,8,34,2.65,0.05,0
CHG1__OUT2__path_1,CHG1,OUT2,path_1,17,8,35,2.75,0.05,0
CHG1__OUT2__path_1,CHG1,OUT2,path_1,18,9,36,2.85,0.15,0
CHG1__OUT2__path_1,CHG1,OUT2,path_1,19,10,37,2.95,0.25,0
CHG1__OUT2__path_1,CHG1,OUT2,path_1,20,10,38,3.05,0.25,0
CHG1__OUT2__path_1,CHG1,OUT2,path_1,21,10,39,3.15,0.25,0
CHG1__OUT2__path_1,CHG1,OUT2,path_1,22,10,40,3.25,0.25,0
CHG1__OUT2__path_1,CHG1,OUT2,path_1,23,10,41,3.35,0.25,0
CHG1__OUT2__path_1,CHG1,OUT2,path_1,24,10,42,3.45,0.25,0
CHG1__OUT2__path_1,CHG1,OUT2,path_1,25,10,43,3.55,0.25,0
CHG1__OUT2__path_1,CHG1,OUT2,path_1,26,10,44,3.65,0.25,0
CHG1__OUT2__path_1,CHG1,OUT2,path_1,27,10,45,3.75,0.25,0
CHG1__OUT2__path_1,CHG1,OUT2,path_1,28,10,46,3.85,0.25,0
CHG1__OUT2__path_1,CHG1,OUT2,path_1,29,10,47,3.95,0.25,0
CHG1__OUT2__path_1,CHG1,OUT2,path_1,30,10,48,4.05,0.25,0
CHG1__OUT2__path_1,CHG1,OUT2,path_1,31,10,49,4.15,0.25,0
CHG1__OUT2__path_1,CHG1,OUT2,path_1,32,10,50,4.25,0.25,0
CHG1__OUT2__path_1,CHG1,OUT2,path_1,33,10,51,4.35,0.25,0
CHG1__OUT2__path_1,CHG1,OUT2,path_1,34,10,52,4.45,0.25,0
CHG1__OUT2__path_1,CHG1,OUT2,path_1,35,10,53,4.55,0.25,0
CHG1__OUT2__path_1,CHG1,OUT2,path_1,36,11,54,4.65,0.35,0
CHG1__OUT2__path_1,CHG1,OUT2,path_1,37,11,55,4.75,0.35,0
CHG1__OUT2__path_1,CHG1,OUT2,path_1,38,11,56,4.85,0.35,0
CHG1__OUT2__path_1,CHG1,OUT2,path_1,39,11,57,4.95,0.35,0
CHG1__OUT2__path_1,CHG1,OUT2,path_1,40,11,58,5.05,0.35,0
CHG1__OUT2__path_1,CHG1,OUT2,path_1,41,11,59,5.15,0.35,0
CHG1__OUT2__path_1,CHG1,OUT2,path_1,42,11,60,5.25,0.35,0
CHG1__OUT2__path_1,CHG1,OUT2,path_1,43,11,61,5.35,0.35,0
CHG1__OUT2__path_1,CHG1,OUT2,path_1,44,11,62,5.45,0.35,0
CHG1__OUT2__path_1,CHG1,OUT2,path_1,45,11,63,5.55,0.35,0
CHG1__OUT2__path_1,CHG1,OUT2,path_1,46,11,64,5.65,0.35,0
CHG1__OUT2__path_1,CHG1,OUT2,path_1,47,11,65,5.75,0.35,0
CHG1__OUT2__path_1,CHG1,OUT2,path_1,48,11,66,5.85,0.35,0
CHG1__OUT2__path_1,CHG1,OUT2,path_1,49,11,67,5.95,0.35,0
CHG1__OUT2__path_1,CHG1,OUT2,path_1,50,11,68,6.05,0.35,0
CHG1__OUT2__path_1,CHG1,OUT2,path_1,51,11,69,6.15,0.35,0
CHG1__OUT2__path_1,CHG1,OUT2,path_1,52,11,70,6.25,0.35,0
CHG1__OUT2__path_1,CHG1,OUT2,path_1,53,11,71,6.35,0.35,0
CHG1__OUT2__path_1,CHG1,OUT2,path_1,54,11,72,6.45,0.35,0
CHG1__OUT2__path_1,CHG1,OUT2,path_1,55,11,73,6.55,0.35,0
CHG1__OUT2__path_1,CHG1,OUT2,path_1,56,11,74,6.65,0.35,0
CHG1__OUT2__path_1,CHG1,OUT2,path_1,57,11,75,6.75,0.35,0
CHG1__OUT2__path_1,CHG1,OUT2,path_1,58,12,76,6.85,0.45,0
CHG1__OUT2__path_1,CHG1,OUT2,path_1,59,12,77,6.95,0.45,0
CHG1__OUT2__path_1,CHG1,OUT2,path_1,60,12,78,7.05,0.45,0
CHG1__OUT2__path_1,CHG1,OUT2,path_1,61,12,79,7.15,0.45,0
CHG1__OUT2__path_1,CHG1,OUT2,path_1,62,12,80,7.25,0.45,0
CHG1__OUT2__path_1,CHG1,OUT2,path_1,63,12,81,7.35,0.45,0
CHG1__OUT2__path_1,CHG1,OUT2,path_1,64,12,82,7.45,0.45,0
CHG1__OUT2__path_1,CHG1,OUT2,path_1,65,12,83,7.55,0.45,0
CHG1__OUT2__path_1,CHG1,OUT2,path_1,66,12,84,7.65,0.45,0
CHG1__OUT2__path_1,CHG1,OUT2,path_1,67,12,85,7.75,0.45,0
CHG1__OUT2__path_1,CHG1,OUT2,path_1,68,12,86,7.85,0.45,0
CHG1__OUT2__path_1,CHG1,OUT2,path_1,69,12,87,7.95,0.45,0
CHG1__OUT2__path_1,CHG1,OUT2,path_1,70,12,88,8.05,0.45,0
CHG1__OUT2__path_1,CHG1,OUT2,path_1,71,12,89,8.15,0.45,0
CHG1__OUT2__path_1,CHG1,OUT2,path_1,72,12,90,8.25,0.45,0
CHG1__OUT2__path_1,CHG1,OUT2,path_1,73,12,91,8.35,0.45,0
CHG1__OUT2__path_1,CHG1,OUT2,path_1,74,12,92,8.45,0.45,0
CHG1__OUT2__path_1,CHG1,OUT2,path_1,75,12,93,8.55,0.45,0
CHG1__OUT2__path_1,CHG1,OUT2,path_1,76,12,94,8.65,0.45,0
CHG1__OUT2__path_1,CHG1,OUT2,path_1,77,12,95,8.75,0.45,0
CHG1__OUT2__path_1,CHG1,OUT2,path_1,78,12,96,8.85,0.45,0
CHG1__OUT2__path_1,CHG1,OUT2,path_1,79,13,97,8.95,0.55,0
CHG1__OUT2__path_1,CHG1,OUT2,path_1,80,14,98,9.05,0.65,0
CHG1__OUT2__path_1,CHG1,OUT2,path_1,81,15,99,9.15,0.75,0
CHG1__OUT2__path_1,CHG1,OUT2,path_1,82,16,100,9.25,0.85,0
CHG1__OUT2__path_1,CHG1,OUT2,path_1,83,17,101,9.35,0.95,0
CHG1__OUT2__path_1,CHG1,OUT2,path_1,84,18,102,9.45,1.05,0
CHG1__OUT2__path_1,CHG1,OUT2,path_1,85,19,103,9.55,1.15,0
CHG1__OUT2__path_1,CHG1,OUT2,path_1,86,20,104,9.65,1.25,0
CHG1__OUT2__path_1,CHG1,OUT2,path_1,87,21,105,9.75,1.35,0
CHG1__OUT2__path_1,CHG1,OUT2,path_1,88,22,106,9.85,1.45,0
CHG1__OUT2__path_1,CHG1,OUT2,path_1,89,23,107,9.95,1.55,0
CHG1__OUT2__path_1,CHG1,OUT2,path_1,90,24,108,10.05,1.65,0
CHG1__OUT2__path_1,CHG1,OUT2,path_1,91,25,109,10.15,1.75,0
CHG1__OUT2__path_1,CHG1,OUT2,path_1,92,26,110,10.25,1.85,0
CHG1__OUT2__path_1,CHG1,OUT2,path_1,93,27,111,10.35,1.95,0
CHG1__OUT2__path_1,CHG1,OUT2,path_1,94,28,112,10.45,2.05,0
CHG1__OUT2__path_1,CHG1,OUT2,path_1,95,29,113,10.55,2.15,0
CHG1__OUT2__path_1,CHG1,OUT2,path_1,96,30,114,10.65,2.25,0
CHG1__OUT2__path_1,CHG1,OUT2,path_1,97,31,115,10.75,2.35,0
CHG1__OUT2__path_1,CHG1,OUT2,path_1,98,32,116,10.85,2.45,0
CHG1__OUT2__path_1,CHG1,OUT2,path_1,99,33,117,10.95,2.55,0
CHG1__OUT2__path_1,CHG1,OUT2,path_1,100,34,118,11.05,2.65,0
CHG1__OUT2__path_1,CHG1,OUT2,path_1,101,35,119,11.15,2.75,0
CHG1__OUT2__path_1,CHG1,OUT2,path_1,102,36,120,11.25,2.85,0
CHG1__OUT2__path_1,CHG1,OUT2,path_1,103,37,121,11.35,2.95,0
CHG1__OUT2__path_1,CHG1,OUT2,path_1,104,38,122,11.45,3.05,0
CHG1__OUT2__path_1,CHG1,OUT2,path_1,105,39,123,11.55,3.15,0
CHG1__OUT2__path_1,CHG1,OUT2,path_1,106,40,124,11.65,3.25,0
CHG1__OUT2__path_1,CHG1,OUT2,path_1,107,41,125,11.75,3.35,0
CHG1__OUT2__path_1,CHG1,OUT2,path_1,108,42,126,11.85,3.45,0
CHG1__OUT2__path_1,CHG1,OUT2,path_1,109,43,126,11.85,3.55,0
CHG1__OUT2__path_1,CHG1,OUT2,path_1,110,44,127,11.95,3.65,0
CHG1__OUT2__path_1,CHG1,OUT2,path_1,111,45,127,11.95,3.75,0
CHG1__OUT2__path_1,CHG1,OUT2,path_1,112,46,127,11.95,3.85,0
CHG1__OUT2__path_1,CHG1,OUT2,path_1,113,47,128,12.05,3.95,0
CHG1__CHG2__path_1,CHG1,CHG2,path_1,0,8,18,1.05,0.05,0
CHG1__CHG2__path_1,CHG1,CHG2,path_1,1,8,19,1.15,0.05,0
CHG1__CHG2__path_1,CHG1,CHG2,path_1,2,8,20,1.25,0.05,0
CHG1__CHG2__path_1,CHG1,CHG2,path_1,3,8,21,1.35,0.05,0
CHG1__CHG2__path_1,CHG1,CHG2,path_1,4,8,22,1.45,0.05,0
CHG1__CHG2__path_1,CHG1,CHG2,path_1,5,8,23,1.55,0.05,0
CHG1__CHG2__path_1,CHG1,CHG2,path_1,6,8,24,1.65,0.05,0
CHG1__CHG2__path_1,CHG1,CHG2,path_1,7,8,25,1.75,0.05,0
CHG1__CHG2__path_1,CHG1,CHG2,path_1,8,8,26,1.85,0.05,0
CHG1__CHG2__path_1,CHG1,CHG2,path_1,9,8,27,1.95,0.05,0
CHG1__CHG2__path_1,CHG1,CHG2,path_1,10,8,28,2.05,0.05,0
CHG1__CHG2__path_1,CHG1,CHG2,path_1,11,8,29,2.15,0.05,0
CHG1__CHG2__path_1,CHG1,CHG2,path_1,12,8,30,2.25,0.05,0
CHG1__CHG2__path_1,CHG1,CHG2,path_1,13,8,31,2.35,0.05,0
CHG1__CHG2__path_1,CHG1,CHG2,path_1,14,8,32,2.45,0.05,0
CHG1__CHG2__path_1,CHG1,CHG2,path_1,15,8,33,2.55,0.05,0
CHG1__CHG2__path_1,CHG1,CHG2,path_1,16,8,34,2.65,0.05,0
CHG1__CHG2__path_1,CHG1,CHG2,path_1,17,8,35,2.75,0.05,0
CHG1__CHG2__path_1,CHG1,CHG2,path_1,18,8,36,2.85,0.05,0
CHG1__CHG2__path_1,CHG1,CHG2,path_1,19,8,37,2.95,0.05,0
CHG1__CHG2__path_1,CHG1,CHG2,path_1,20,8,38,3.05,0.05,0
CHG1__CHG2__path_1,CHG1,CHG2,path_1,21,8,39,3.15,0.05,0
CHG1__CHG2__path_1,CHG1,CHG2,path_1,22,8,40,3.25,0.05,0
CHG1__CHG2__path_1,CHG1,CHG2,path_1,23,8,41,3.35,0.05,0
CHG1__CHG2__path_1,CHG1,CHG2,path_1,24,8,42,3.45,0.05,0
CHG1__CHG2__path_1,CHG1,CHG2,path_1,25,8,43,3.55,0.05,0
CHG1__CHG2__path_1,CHG1,CHG2,path_1,26,8,44,3.65,0.05,0
CHG1__CHG2__path_1,CHG1,CHG2,path_1,27,8,45,3.75,0.05,0
CHG1__CHG2__path_1,CHG1,CHG2,path_1,28,8,46,3.85,0.05,0
CHG1__CHG2__path_1,CHG1,CHG2,path_1,29,8,47,3.95,0.05,0
CHG1__CHG2__path_1,CHG1,CHG2,path_1,30,8,48,4.05,0.05,0
CHG1__CHG2__path_1,CHG1,CHG2,path_1,31,8,49,4.15,0.05,0
CHG1__CHG2__path_1,CHG1,CHG2,path_1,32,8,50,4.25,0.05,0
CHG1__CHG2__path_1,CHG1,CHG2,path_1,33,8,51,4.35,0.05,0
CHG1__CHG2__path_1,CHG1,CHG2,path_1,34,8,52,4.45,0.05,0
CHG1__CHG2__path_1,CHG1,CHG2,path_1,35,8,53,4.55,0.05,0
CHG1__CHG2__path_1,CHG1,CHG2,path_1,36,8,54,4.65,0.05,0
CHG1__CHG2__path_1,CHG1,CHG2,path_1,37,8,55,4.75,0.05,0
CHG1__CHG2__path_1,CHG1,CHG2,path_1,38,8,56,4.85,0.05,0
CHG1__CHG2__path_1,CHG1,CHG2,path_1,39,8,57,4.95,0.05,0
CHG1__CHG2__path_1,CHG1,CHG2,path_1,40,8,58,5.05,0.05,0
CHG1__CHG2__path_1,CHG1,CHG2,path_1,41,8,59,5.15,0.05,0
CHG1__CHG2__path_1,CHG1,CHG2,path_1,42,8,60,5.25,0.05,0
CHG1__CHG2__path_1,CHG1,CHG2,path_1,43,8,61,5.35,0.05,0
CHG1__CHG2__path_1,CHG1,CHG2,path_1,44,8,62,5.45,0.05,0
CHG1__CHG2__path_1,CHG1,CHG2,path_1,45,8,63,5.55,0.05,0
CHG1__CHG2__path_1,CHG1,CHG2,path_1,46,8,64,5.65,0.05,0
CHG1__CHG2__path_1,CHG1,CHG2,path_1,47,8,65,5.75,0.05,0
CHG1__CHG2__path_1,CHG1,CHG2,path_1,48,8,66,5.85,0.05,0
CHG1__CHG2__path_1,CHG1,CHG2,path_1,49,8,67,5.95,0.05,0
CHG1__CHG2__path_1,CHG1,CHG2,path_1,50,8,68,6.05,0.05,0
CHG1__CHG2__path_1,CHG1,CHG2,path_1,51,8,69,6.15,0.05,0
CHG1__CHG2__path_1,CHG1,CHG2,path_1,52,8,70,6.25,0.05,0
CHG1__CHG2__path_1,CHG1,CHG2,path_1,53,8,71,6.35,0.05,0
CHG1__CHG2__path_1,CHG1,CHG2,path_1,54,8,72,6.45,0.05,0
CHG1__CHG2__path_1,CHG1,CHG2,path_1,55,8,73,6.55,0.05,0
CHG1__CHG2__path_1,CHG1,CHG2,path_1,56,8,74,6.65,0.05,0
CHG1__CHG2__path_1,CHG1,CHG2,path_1,57,8,75,6.75,0.05,0
CHG1__CHG2__path_1,CHG1,CHG2,path_1,58,8,76,6.85,0.05,0
CHG1__CHG2__path_1,CHG1,CHG2,path_1,59,8,77,6.95,0.05,0
CHG1__CHG2__path_1,CHG1,CHG2,path_1,60,8,78,7.05,0.05,0
CHG1__CHG2__path_1,CHG1,CHG2,path_1,61,8,79,7.15,0.05,0
CHG1__CHG2__path_1,CHG1,CHG2,path_1,62,8,80,7.25,0.05,0
CHG1__CHG2__path_1,CHG1,CHG2,path_1,63,8,81,7.35,0.05,0
CHG1__CHG2__path_1,CHG1,CHG2,path_1,64,8,82,7.45,0.05,0
CHG1__CHG2__path_1,CHG1,CHG2,path_1,65,8,83,7.55,0.05,0
CHG1__CHG2__path_1,CHG1,CHG2,path_1,66,8,84,7.65,0.05,0
CHG1__CHG2__path_1,CHG1,CHG2,path_1,67,8,85,7.75,0.05,0
CHG1__CHG2__path_1,CHG1,CHG2,path_1,68,8,86,7.85,0.05,0
CHG1__CHG2__path_1,CHG1,CHG2,path_1,69,8,87,7.95,0.05,0
CHG1__CHG2__path_1,CHG1,CHG2,path_1,70,8,88,8.05,0.05,0
CHG1__CHG2__path_1,CHG1,CHG2,path_1,71,8,89,8.15,0.05,0
CHG1__CHG2__path_1,CHG1,CHG2,path_1,72,8,90,8.25,0.05,0
CHG1__CHG2__path_1,CHG1,CHG2,path_1,73,8,91,8.35,0.05,0
CHG1__CHG2__path_1,CHG1,CHG2,path_1,74,8,92,8.45,0.05,0
CHG1__CHG2__path_1,CHG1,CHG2,path_1,75,8,93,8.55,0.05,0
CHG1__CHG2__path_1,CHG1,CHG2,path_1,76,8,94,8.65,0.05,0
CHG1__CHG2__path_1,CHG1,CHG2,path_1,77,8,95,8.75,0.05,0
CHG1__CHG2__path_1,CHG1,CHG2,path_1,78,8,96,8.85,0.05,0
CHG1__CHG2__path_1,CHG1,CHG2,path_1,79,8,97,8.95,0.05,0
CHG1__CHG2__path_1,CHG1,CHG2,path_1,80,8,98,9.05,0.05,0
CHG2__IN1__path_1,CHG2,IN1,path_1,0,8,98,9.05,0.05,0
CHG2__IN1__path_1,CHG2,IN1,path_1,1,8,97,8.95,0.05,0
CHG2__IN1__path_1,CHG2,IN1,path_1,2,8,96,8.85,0.05,0
CHG2__IN1__path_1,CHG2,IN1,path_1,3,8,95,8.75,0.05,0
CHG2__IN1__path_1,CHG2,IN1,path_1,4,8,94,8.65,0.05,0
CHG2__IN1__path_1,CHG2,IN1,path_1,5,8,93,8.55,0.05,0
CHG2__IN1__path_1,CHG2,IN1,path_1,6,8,92,8.45,0.05,0
CHG2__IN1__path_1,CHG2,IN1,path_1,7,8,91,8.35,0.05,0
CHG2__IN1__path_1,CHG2,IN1,path_1,8,8,90,8.25,0.05,0
CHG2__IN1__path_1,CHG2,IN1,path_1,9,8,89,8.15,0.05,0
CHG2__IN1__path_1,CHG2,IN1,path_1,10,8,88,8.05,0.05,0
CHG2__IN1__path_1,CHG2,IN1,path_1,11,8,87,7.95,0.05,0
CHG2__IN1__path_1,CHG2,IN1,path_1,12,8,86,7.85,0.05,0
CHG2__IN1__path_1,CHG2,IN1,path_1,13,8,85,7.75,0.05,0
CHG2__IN1__path_1,CHG2,IN1,path_1,14,8,84,7.65,0.05,0
CHG2__IN1__path_1,CHG2,IN1,path_1,15,8,83,7.55,0.05,0
CHG2__IN1__path_1,CHG2,IN1,path_1,16,8,82,7.45,0.05,0
CHG2__IN1__path_1,CHG2,IN1,path_1,17,8,81,7.35,0.05,0
CHG2__IN1__path_1,CHG2,IN1,path_1,18,8,80,7.25,0.05,0
CHG2__IN1__path_1,CHG2,IN1,path_1,19,8,79,7.15,0.05,0
CHG2__IN1__path_1,CHG2,IN1,path_1,20,8,78,7.05,0.05,0
CHG2__IN1__path_1,CHG2,IN1,path_1,21,8,77,6.95,0.05,0
CHG2__IN1__path_1,CHG2,IN1,path_1,22,8,76,6.85,0.05,0
CHG2__IN1__path_1,CHG2,IN1,path_1,23,8,75,6.75,0.05,0
CHG2__IN1__path_1,CHG2,IN1,path_1,24,8,74,6.65,0.05,0
CHG2__IN1__path_1,CHG2,IN1,path_1,25,8,73,6.55,0.05,0
CHG2__IN1__path_1,CHG2,IN1,path_1,26,8,72,6.45,0.05,0
CHG2__IN1__path_1,CHG2,IN1,path_1,27,8,71,6.35,0.05,0
CHG2__IN1__path_1,CHG2,IN1,path_1,28,8,70,6.25,0.05,0
CHG2__IN1__path_1,CHG2,IN1,path_1,29,8,69,6.15,0.05,0
CHG2__IN1__path_1,CHG2,IN1,path_1,30,8,68,6.05,0.05,0
CHG2__IN1__path_1,CHG2,IN1,path_1,31,8,67,5.95,0.05,0
CHG2__IN1__path_1,CHG2,IN1,path_1,32,8,66,5.85,0.05,0
CHG2__IN1__path_1,CHG2,IN1,path_1,33,8,65,5.75,0.05,0
CHG2__IN1__path_1,CHG2,IN1,path_1,34,8,64,5.65,0.05,0
CHG2__IN1__path_1,CHG2,IN1,path_1,35,8,63,5.55,0.05,0
CHG2__IN1__path_1,CHG2,IN1,path_1,36,8,62,5.45,0.05,0
CHG2__IN1__path_1,CHG2,IN1,path_1,37,8,61,5.35,0.05,0
CHG2__IN1__path_1,CHG2,IN1,path_1,38,8,60,5.25,0.05,0
CHG2__IN1__path_1,CHG2,IN1,path_1,39,8,59,5.15,0.05,0
CHG2__IN1__path_1,CHG2,IN1,path_1,40,8,58,5.05,0.05,0
CHG2__IN1__path_1,CHG2,IN1,path_1,41,8,57,4.95,0.05,0
CHG2__IN1__path_1,CHG2,IN1,path_1,42,8,56,4.85,0.05,0
CHG2__IN1__path_1,CHG2,IN1,path_1,43,8,55,4.75,0.05,0
CHG2__IN1__path_1,CHG2,IN1,path_1,44,8,54,4.65,0.05,0
CHG2__IN1__path_1,CHG2,IN1,path_1,45,8,53,4.55,0.05,0
CHG2__IN1__path_1,CHG2,IN1,path_1,46,8,52,4.45,0.05,0
CHG2__IN1__path_1,CHG2,IN1,path_1,47,8,51,4.35,0.05,0
CHG2__IN1__path_1,CHG2,IN1,path_1,48,8,50,4.25,0.05,0
CHG2__IN1__path_1,CHG2,IN1,path_1,49,8,49,4.15,0.05,0
CHG2__IN1__path_1,CHG2,IN1,path_1,50,8,48,4.05,0.05,0
CHG2__IN1__path_1,CHG2,IN1,path_1,51,8,47,3.95,0.05,0
CHG2__IN1__path_1,CHG2,IN1,path_1,52,8,46,3.85,0.05,0
CHG2__IN1__path_1,CHG2,IN1,path_1,53,8,45,3.75,0.05,0
CHG2__IN1__path_1,CHG2,IN1,path_1,54,8,44,3.65,0.05,0
CHG2__IN1__path_1,CHG2,IN1,path_1,55,8,43,3.55,0.05,0
CHG2__IN1__path_1,CHG2,IN1,path_1,56,8,42,3.45,0.05,0
CHG2__IN1__path_1,CHG2,IN1,path_1,57,8,41,3.35,0.05,0
CHG2__IN1__path_1,CHG2,IN1,path_1,58,8,40,3.25,0.05,0
CHG2__IN1__path_1,CHG2,IN1,path_1,59,8,39,3.15,0.05,0
CHG2__IN1__path_1,CHG2,IN1,path_1,60,8,38,3.05,0.05,0
CHG2__IN1__path_1,CHG2,IN1,path_1,61,8,37,2.95,0.05,0
CHG2__IN1__path_1,CHG2,IN1,path_1,62,8,36,2.85,0.05,0
CHG2__IN1__path_1,CHG2,IN1,path_1,63,8,35,2.75,0.05,0
CHG2__IN1__path_1,CHG2,IN1,path_1,64,8,34,2.65,0.05,0
CHG2__IN1__path_1,CHG2,IN1,path_1,65,8,33,2.55,0.05,0
CHG2__IN1__path_1,CHG2,IN1,path_1,66,8,32,2.45,0.05,0
CHG2__IN1__path_1,CHG2,IN1,path_1,67,8,31,2.35,0.05,0
CHG2__IN1__path_1,CHG2,IN1,path_1,68,8,30,2.25,0.05,0
CHG2__IN1__path_1,CHG2,IN1,path_1,69,8,29,2.15,0.05,0
CHG2__IN1__path_1,CHG2,IN1,path_1,70,9,28,2.05,0.15,0
CHG2__IN1__path_1,CHG2,IN1,path_1,71,9,27,1.95,0.15,0
CHG2__IN1__path_1,CHG2,IN1,path_1,72,10,26,1.85,0.25,0
CHG2__IN1__path_1,CHG2,IN1,path_1,73,10,25,1.75,0.25,0
CHG2__IN1__path_1,CHG2,IN1,path_1,74,11,24,1.65,0.35,0
CHG2__IN1__path_1,CHG2,IN1,path_1,75,11,23,1.55,0.35,0
CHG2__IN1__path_1,CHG2,IN1,path_1,76,12,22,1.45,0.45,0
CHG2__IN1__path_1,CHG2,IN1,path_1,77,12,21,1.35,0.45,0
CHG2__IN1__path_1,CHG2,IN1,path_1,78,13,20,1.25,0.55,0
CHG2__IN1__path_1,CHG2,IN1,path_1,79,13,19,1.15,0.55,0
CHG2__IN1__path_1,CHG2,IN1,path_1,80,13,18,1.05,0.55,0
CHG2__IN1__path_1,CHG2,IN1,path_1,81,14,17,0.95,0.65,0
CHG2__IN1__path_1,CHG2,IN1,path_1,82,14,16,0.85,0.65,0
CHG2__IN1__path_1,CHG2,IN1,path_1,83,15,15,0.75,0.75,0
CHG2__IN1__path_1,CHG2,IN1,path_1,84,15,14,0.65,0.75,0
CHG2__IN1__path_1,CHG2,IN1,path_1,85,16,13,0.55,0.85,0
CHG2__IN1__path_1,CHG2,IN1,path_1,86,16,12,0.45,0.85,0
CHG2__IN1__path_1,CHG2,IN1,path_1,87,17,11,0.35,0.95,0
CHG2__IN1__path_1,CHG2,IN1,path_1,88,17,10,0.25,0.95,0
CHG2__IN1__path_1,CHG2,IN1,path_1,89,17,9,0.15,0.95,0
CHG2__IN1__path_1,CHG2,IN1,path_1,90,18,8,0.05,1.05,0
CHG2__IN2__path_1,CHG2,IN2,path_1,0,8,98,9.05,0.05,0
CHG2__IN2__path_1,CHG2,IN2,path_1,1,8,97,8.95,0.05,0
CHG2__IN2__path_1,CHG2,IN2,path_1,2,8,96,8.85,0.05,0
CHG2__IN2__path_1,CHG2,IN2,path_1,3,8,95,8.75,0.05,0
CHG2__IN2__path_1,CHG2,IN2,path_1,4,8,94,8.65,0.05,0
CHG2__IN2__path_1,CHG2,IN2,path_1,5,8,93,8.55,0.05,0
CHG2__IN2__path_1,CHG2,IN2,path_1,6,8,92,8.45,0.05,0
CHG2__IN2__path_1,CHG2,IN2,path_1,7,8,91,8.35,0.05,0
CHG2__IN2__path_1,CHG2,IN2,path_1,8,8,90,8.25,0.05,0
CHG2__IN2__path_1,CHG2,IN2,path_1,9,8,89,8.15,0.05,0
CHG2__IN2__path_1,CHG2,IN2,path_1,10,8,88,8.05,0.05,0
CHG2__IN2__path_1,CHG2,IN2,path_1,11,8,87,7.95,0.05,0
CHG2__IN2__path_1,CHG2,IN2,path_1,12,9,86,7.85,0.15,0
CHG2__IN2__path_1,CHG2,IN2,path_1,13,10,85,7.75,0.25,0
CHG2__IN2__path_1,CHG2,IN2,path_1,14,10,84,7.65,0.25,0
CHG2__IN2__path_1,CHG2,IN2,path_1,15,10,83,7.55,0.25,0
CHG2__IN2__path_1,CHG2,IN2,path_1,16,10,82,7.45,0.25,0
CHG2__IN2__path_1,CHG2,IN2,path_1,17,10,81,7.35,0.25,0
CHG2__IN2__path_1,CHG2,IN2,path_1,18,10,80,7.25,0.25,0
CHG2__IN2__path_1,CHG2,IN2,path_1,19,10,79,7.15,0.25,0
CHG2__IN2__path_1,CHG2,IN2,path_1,20,10,78,7.05,0.25,0
CHG2__IN2__path_1,CHG2,IN2,path_1,21,10,77,6.95,0.25,0
CHG2__IN2__path_1,CHG2,IN2,path_1,22,10,76,6.85,0.25,0
CHG2__IN2__path_1,CHG2,IN2,path_1,23,10,75,6.75,0.25,0
CHG2__IN2__path_1,CHG2,IN2,path_1,24,10,74,6.65,0.25,0
CHG2__IN2__path_1,CHG2,IN2,path_1,25,10,73,6.55,0.25,0
CHG2__IN2__path_1,CHG2,IN2,path_1,26,10,72,6.45,0.25,0
CHG2__IN2__path_1,CHG2,IN2,path_1,27,10,71,6.35,0.25,0
CHG2__IN2__path_1,CHG2,IN2,path_1,28,10,70,6.25,0.25,0
CHG2__IN2__path_1,CHG2,IN2,path_1,29,10,69,6.15,0.25,0
CHG2__IN2__path_1,CHG2,IN2,path_1,30,10,68,6.05,0.25,0
CHG2__IN2__path_1,CHG2,IN2,path_1,31,10,67,5.95,0.25,0
CHG2__IN2__path_1,CHG2,IN2,path_1,32,10,66,5.85,0.25,0
CHG2__IN2__path_1,CHG2,IN2,path_1,33,10,65,5.75,0.25,0
CHG2__IN2__path_1,CHG2,IN2,path_1,34,10,64,5.65,0.25,0
CHG2__IN2__path_1,CHG2,IN2,path_1,35,10,63,5.55,0.25,0
CHG2__IN2__path_1,CHG2,IN2,path_1,36,10,62,5.45,0.25,0
CHG2__IN2__path_1,CHG2,IN2,path_1,37,10,61,5.35,0.25,0
CHG2__IN2__path_1,CHG2,IN2,path_1,38,10,60,5.25,0.25,0
CHG2__IN2__path_1,CHG2,IN2,path_1,39,10,59,5.15,0.25,0
CHG2__IN2__path_1,CHG2,IN2,path_1,40,10,58,5.05,0.25,0
CHG2__IN2__path_1,CHG2,IN2,path_1,41,10,57,4.95,0.25,0
CHG2__IN2__path_1,CHG2,IN2,path_1,42,10,56,4.85,0.25,0
CHG2__IN2__path_1,CHG2,IN2,path_1,43,10,55,4.75,0.25,0
CHG2__IN2__path_1,CHG2,IN2,path_1,44,10,54,4.65,0.25,0
CHG2__IN2__path_1,CHG2,IN2,path_1,45,10,53,4.55,0.25,0
CHG2__IN2__path_1,CHG2,IN2,path_1,46,10,52,4.45,0.25,0
CHG2__IN2__path_1,CHG2,IN2,path_1,47,10,51,4.35,0.25,0
CHG2__IN2__path_1,CHG2,IN2,path_1,48,10,50,4.25,0.25,0
CHG2__IN2__path_1,CHG2,IN2,path_1,49,10,49,4.15,0.25,0
CHG2__IN2__path_1,CHG2,IN2,path_1,50,10,48,4.05,0.25,0
CHG2__IN2__path_1,CHG2,IN2,path_1,51,10,47,3.95,0.25,0
CHG2__IN2__path_1,CHG2,IN2,path_1,52,10,46,3.85,0.25,0
CHG2__IN2__path_1,CHG2,IN2,path_1,53,10,45,3.75,0.25,0
CHG2__IN2__path_1,CHG2,IN2,path_1,54,10,44,3.65,0.25,0
CHG2__IN2__path_1,CHG2,IN2,path_1,55,10,43,3.55,0.25,0
CHG2__IN2__path_1,CHG2,IN2,path_1,56,10,42,3.45,0.25,0
CHG2__IN2__path_1,CHG2,IN2,path_1,57,10,41,3.35,0.25,0
CHG2__IN2__path_1,CHG2,IN2,path_1,58,10,40,3.25,0.25,0
CHG2__IN2__path_1,CHG2,IN2,path_1,59,10,39,3.15,0.25,0
CHG2__IN2__path_1,CHG2,IN2,path_1,60,10,38,3.05,0.25,0
CHG2__IN2__path_1,CHG2,IN2,path_1,61,11,37,2.95,0.35,0
CHG2__IN2__path_1,CHG2,IN2,path_1,62,12,36,2.85,0.45,0
CHG2__IN2__path_1,CHG2,IN2,path_1,63,13,35,2.75,0.55,0
CHG2__IN2__path_1,CHG2,IN2,path_1,64,14,34,2.65,0.65,0
CHG2__IN2__path_1,CHG2,IN2,path_1,65,15,33,2.55,0.75,0
CHG2__IN2__path_1,CHG2,IN2,path_1,66,16,32,2.45,0.85,0
CHG2__IN2__path_1,CHG2,IN2,path_1,67,17,31,2.35,0.95,0
CHG2__IN2__path_1,CHG2,IN2,path_1,68,18,30,2.25,1.05,0
CHG2__IN2__path_1,CHG2,IN2,path_1,69,19,29,2.15,1.15,0
CHG2__IN2__path_1,CHG2,IN2,path_1,70,20,28,2.05,1.25,0
CHG2__IN2__path_1,CHG2,IN2,path_1,71,21,27,1.95,1.35,0
CHG2__IN2__path_1,CHG2,IN2,path_1,72,22,26,1.85,1.45,0
CHG2__IN2__path_1,CHG2,IN2,path_1,73,23,25,1.75,1.55,0
CHG2__IN2__path_1,CHG2,IN2,path_1,74,24,24,1.65,1.65,0
CHG2__IN2__path_1,CHG2,IN2,path_1,75,25,23,1.55,1.75,0
CHG2__IN2__path_1,CHG2,IN2,path_1,76,26,22,1.45,1.85,0
CHG2__IN2__path_1,CHG2,IN2,path_1,77,27,22,1.45,1.95,0
CHG2__IN2__path_1,CHG2,IN2,path_1,78,28,21,1.35,2.05,0
CHG2__IN2__path_1,CHG2,IN2,path_1,79,29,21,1.35,2.15,0
CHG2__IN2__path_1,CHG2,IN2,path_1,80,30,20,1.25,2.25,0
CHG2__IN2__path_1,CHG2,IN2,path_1,81,31,20,1.25,2.35,0
CHG2__IN2__path_1,CHG2,IN2,path_1,82,32,19,1.15,2.45,0
CHG2__IN2__path_1,CHG2,IN2,path_1,83,33,19,1.15,2.55,0
CHG2__IN2__path_1,CHG2,IN2,path_1,84,34,18,1.05,2.65,0
CHG2__IN2__path_1,CHG2,IN2,path_1,85,35,18,1.05,2.75,0
CHG2__IN2__path_1,CHG2,IN2,path_1,86,36,18,1.05,2.85,0
CHG2__IN2__path_1,CHG2,IN2,path_1,87,37,17,0.95,2.95,0
CHG2__IN2__path_1,CHG2,IN2,path_1,88,38,17,0.95,3.05,0
CHG2__IN2__path_1,CHG2,IN2,path_1,89,39,16,0.85,3.15,0
CHG2__IN2__path_1,CHG2,IN2,path_1,90,40,16,0.85,3.25,0
CHG2__IN2__path_1,CHG2,IN2,path_1,91,41,15,0.75,3.35,0
CHG2__IN2__path_1,CHG2,IN2,path_1,92,42,15,0.75,3.45,0
CHG2__IN2__path_1,CHG2,IN2,path_1,93,43,14,0.65,3.55,0
CHG2__IN2__path_1,CHG2,IN2,path_1,94,44,14,0.65,3.65,0
CHG2__IN2__path_1,CHG2,IN2,path_1,95,45,13,0.55,3.75,0
CHG2__IN2__path_1,CHG2,IN2,path_1,96,46,13,0.55,3.85,0
CHG2__IN2__path_1,CHG2,IN2,path_1,97,47,13,0.55,3.95,0
CHG2__IN2__path_1,CHG2,IN2,path_1,98,48,12,0.45,4.05,0
CHG2__IN2__path_1,CHG2,IN2,path_1,99,49,12,0.45,4.15,0
CHG2__IN2__path_1,CHG2,IN2,path_1,100,50,11,0.35,4.25,0
CHG2__IN2__path_1,CHG2,IN2,path_1,101,51,11,0.35,4.35,0
CHG2__IN2__path_1,CHG2,IN2,path_1,102,52,10,0.25,4.45,0
CHG2__IN2__path_1,CHG2,IN2,path_1,103,53,10,0.25,4.55,0
CHG2__IN2__path_1,CHG2,IN2,path_1,104,54,9,0.15,4.65,0
CHG2__IN2__path_1,CHG2,IN2,path_1,105,55,9,0.15,4.75,0
CHG2__IN2__path_1,CHG2,IN2,path_1,106,56,9,0.15,4.85,0
CHG2__IN2__path_1,CHG2,IN2,path_1,107,57,8,0.05,4.95,0
CHG2__P1__path_1,CHG2,P1,path_1,0,8,98,9.05,0.05,0
CHG2__P1__path_1,CHG2,P1,path_1,1,8,97,8.95,0.05,0
CHG2__P1__path_1,CHG2,P1,path_1,2,8,96,8.85,0.05,0
CHG2__P1__path_1,CHG2,P1,path_1,3,8,95,8.75,0.05,0
CHG2__P1__path_1,CHG2,P1,path_1,4,8,94,8.65,0.05,0
CHG2__P1__path_1,CHG2,P1,path_1,5,8,93,8.55,0.05,0
CHG2__P1__path_1,CHG2,P1,path_1,6,8,92,8.45,0.05,0
CHG2__P1__path_1,CHG2,P1,path_1,7,8,91,8.35,0.05,0
CHG2__P1__path_1,CHG2,P1,path_1,8,8,90,8.25,0.05,0
CHG2__P1__path_1,CHG2,P1,path_1,9,8,89,8.15,0.05,0
CHG2__P1__path_1,CHG2,P1,path_1,10,8,88,8.05,0.05,0
CHG2__P1__path_1,CHG2,P1,path_1,11,8,87,7.95,0.05,0
CHG2__P1__path_1,CHG2,P1,path_1,12,8,86,7.85,0.05,0
CHG2__P1__path_1,CHG2,P1,path_1,13,8,85,7.75,0.05,0
CHG2__P1__path_1,CHG2,P1,path_1,14,8,84,7.65,0.05,0
CHG2__P1__path_1,CHG2,P1,path_1,15,8,83,7.55,0.05,0
CHG2__P1__path_1,CHG2,P1,path_1,16,8,82,7.45,0.05,0
CHG2__P1__path_1,CHG2,P1,path_1,17,8,81,7.35,0.05,0
CHG2__P1__path_1,CHG2,P1,path_1,18,8,80,7.25,0.05,0
CHG2__P1__path_1,CHG2,P1,path_1,19,8,79,7.15,0.05,0
CHG2__P1__path_1,CHG2,P1,path_1,20,8,78,7.05,0.05,0
CHG2__P1__path_1,CHG2,P1,path_1,21,8,77,6.95,0.05,0
CHG2__P1__path_1,CHG2,P1,path_1,22,8,76,6.85,0.05,0
CHG2__P1__path_1,CHG2,P1,path_1,23,8,75,6.75,0.05,0
CHG2__P1__path_1,CHG2,P1,path_1,24,8,74,6.65,0.05,0
CHG2__P1__path_1,CHG2,P1,path_1,25,8,73,6.55,0.05,0
CHG2__P1__path_1,CHG2,P1,path_1,26,8,72,6.45,0.05,0
CHG2__P1__path_1,CHG2,P1,path_1,27,8,71,6.35,0.05,0
CHG2__P1__path_1,CHG2,P1,path_1,28,8,70,6.25,0.05,0
CHG2__P1__path_1,CHG2,P1,path_1,29,8,69,6.15,0.05,0
CHG2__P1__path_1,CHG2,P1,path_1,30,8,68,6.05,0.05,0
CHG2__P1__path_1,CHG2,P1,path_1,31,8,67,5.95,0.05,0
CHG2__P1__path_1,CHG2,P1,path_1,32,8,66,5.85,0.05,0
CHG2__P1__path_1,CHG2,P1,path_1,33,8,65,5.75,0.05,0
CHG2__P1__path_1,CHG2,P1,path_1,34,8,64,5.65,0.05,0
CHG2__P1__path_1,CHG2,P1,path_1,35,8,63,5.55,0.05,0
CHG2__P1__path_1,CHG2,P1,path_1,36,8,62,5.45,0.05,0
CHG2__P1__path_1,CHG2,P1,path_1,37,8,61,5.35,0.05,0
CHG2__P1__path_1,CHG2,P1,path_1,38,8,60,5.25,0.05,0
CHG2__P1__path_1,CHG2,P1,path_1,39,8,59,5.15,0.05,0
CHG2__P1__path_1,CHG2,P1,path_1,40,8,58,5.05,0.05,0
CHG2__P1__path_1,CHG2,P1,path_1,41,8,57,4.95,0.05,0
CHG2__P1__path_1,CHG2,P1,path_1,42,8,56,4.85,0.05,0
CHG2__P1__path_1,CHG2,P1,path_1,43,9,55,4.75,0.15,0
CHG2__P1__path_1,CHG2,P1,path_1,44,9,54,4.65,0.15,0
CHG2__P1__path_1,CHG2,P1,path_1,45,10,53,4.55,0.25,0
CHG2__P1__path_1,CHG2,P1,path_1,46,10,52,4.45,0.25,0
CHG2__P1__path_1,CHG2,P1,path_1,47,10,51,4.35,0.25,0
CHG2__P1__path_1,CHG2,P1,path_1,48,10,50,4.25,0.25,0
CHG2__P1__path_1,CHG2,P1,path_1,49,10,49,4.15,0.25,0
CHG2__P1__path_1,CHG2,P1,path_1,50,10,48,4.05,0.25,0
CHG2__P1__path_1,CHG2,P1,path_1,51,10,47,3.95,0.25,0
CHG2__P1__path_1,CHG2,P1,path_1,52,10,46,3.85,0.25,0
CHG2__P1__path_1,CHG2,P1,path_1,53,10,45,3.75,0.25,0
CHG2__P1__path_1,CHG2,P1,path_1,54,10,44,3.65,0.25,0
CHG2__P1__path_1,CHG2,P1,path_1,55,10,43,3.55,0.25,0
CHG2__P1__path_1,CHG2,P1,path_1,56,10,42,3.45,0.25,0
CHG2__P1__path_1,CHG2,P1,path_1,57,10,41,3.35,0.25,0
CHG2__P1__path_1,CHG2,P1,path_1,58,10,40,3.25,0.25,0
CHG2__P1__path_1,CHG2,P1,path_1,59,10,39,3.15,0.25,0
CHG2__P1__path_1,CHG2,P1,path_1,60,10,38,3.05,0.25,0
CHG2__P1__path_1,CHG2,P1,path_1,61,11,38,3.05,0.35,0
CHG2__P1__path_1,CHG2,P1,path_1,62,12,38,3.05,0.45,0
CHG2__P1__path_1,CHG2,P1,path_1,63,13,38,3.05,0.55,0
CHG2__P1__path_1,CHG2,P1,path_1,64,14,38,3.05,0.65,0
CHG2__P1__path_1,CHG2,P1,path_1,65,15,38,3.05,0.75,0
CHG2__P1__path_1,CHG2,P1,path_1,66,16,38,3.05,0.85,0
CHG2__P1__path_1,CHG2,P1,path_1,67,17,37,2.95,0.95,0
CHG2__P2__path_1,CHG2,P2,path_1,0,8,98,9.05,0.05,0
CHG2__P2__path_1,CHG2,P2,path_1,1,8,97,8.95,0.05,0
CHG2__P2__path_1,CHG2,P2,path_1,2,8,96,8.85,0.05,0
CHG2__P2__path_1,CHG2,P2,path_1,3,8,95,8.75,0.05,0
CHG2__P2__path_1,CHG2,P2,path_1,4,8,94,8.65,0.05,0
CHG2__P2__path_1,CHG2,P2,path_1,5,8,93,8.55,0.05,0
CHG2__P2__path_1,CHG2,P2,path_1,6,8,92,8.45,0.05,0
CHG2__P2__path_1,CHG2,P2,path_1,7,8,91,8.35,0.05,0
CHG2__P2__path_1,CHG2,P2,path_1,8,8,90,8.25,0.05,0
CHG2__P2__path_1,CHG2,P2,path_1,9,8,89,8.15,0.05,0
CHG2__P2__path_1,CHG2,P2,path_1,10,8,88,8.05,0.05,0
CHG2__P2__path_1,CHG2,P2,path_1,11,8,87,7.95,0.05,0
CHG2__P2__path_1,CHG2,P2,path_1,12,9,86,7.85,0.15,0
CHG2__P2__path_1,CHG2,P2,path_1,13,10,85,7.75,0.25,0
CHG2__P2__path_1,CHG2,P2,path_1,14,11,84,7.65,0.35,0
CHG2__P2__path_1,CHG2,P2,path_1,15,11,83,7.55,0.35,0
CHG2__P2__path_1,CHG2,P2,path_1,16,11,82,7.45,0.35,0
CHG2__P2__path_1,CHG2,P2,path_1,17,11,81,7.35,0.35,0
CHG2__P2__path_1,CHG2,P2,path_1,18,11,80,7.25,0.35,0
CHG2__P2__path_1,CHG2,P2,path_1,19,11,79,7.15,0.35,0
CHG2__P2__path_1,CHG2,P2,path_1,20,11,78,7.05,0.35,0
CHG2__P2__path_1,CHG2,P2,path_1,21,11,77,6.95,0.35,0
CHG2__P2__path_1,CHG2,P2,path_1,22,11,76,6.85,0.35,0
CHG2__P2__path_1,CHG2,P2,path_1,23,11,75,6.75,0.35,0
CHG2__P2__path_1,CHG2,P2,path_1,24,11,74,6.65,0.35,0
CHG2__P2__path_1,CHG2,P2,path_1,25,11,73,6.55,0.35,0
CHG2__P2__path_1,CHG2,P2,path_1,26,11,72,6.45,0.35,0
CHG2__P2__path_1,CHG2,P2,path_1,27,11,71,6.35,0.35,0
CHG2__P2__path_1,CHG2,P2,path_1,28,11,70,6.25,0.35,0
CHG2__P2__path_1,CHG2,P2,path_1,29,11,69,6.15,0.35,0
CHG2__P2__path_1,CHG2,P2,path_1,30,11,68,6.05,0.35,0
CHG2__P2__path_1,CHG2,P2,path_1,31,11,67,5.95,0.35,0
CHG2__P2__path_1,CHG2,P2,path_1,32,11,66,5.85,0.35,0
CHG2__P2__path_1,CHG2,P2,path_1,33,11,65,5.75,0.35,0
CHG2__P2__path_1,CHG2,P2,path_1,34,11,64,5.65,0.35,0
CHG2__P2__path_1,CHG2,P2,path_1,35,11,63,5.55,0.35,0
CHG2__P2__path_1,CHG2,P2,path_1,36,11,62,5.45,0.35,0
CHG2__P2__path_1,CHG2,P2,path_1,37,11,61,5.35,0.35,0
CHG2__P2__path_1,CHG2,P2,path_1,38,11,60,5.25,0.35,0
CHG2__P2__path_1,CHG2,P2,path_1,39,11,59,5.15,0.35,0
CHG2__P2__path_1,CHG2,P2,path_1,40,11,58,5.05,0.35,0
CHG2__P2__path_1,CHG2,P2,path_1,41,11,57,4.95,0.35,0
CHG2__P2__path_1,CHG2,P2,path_1,42,12,57,4.95,0.45,0
CHG2__P2__path_1,CHG2,P2,path_1,43,13,57,4.95,0.55,0
CHG2__P2__path_1,CHG2,P2,path_1,44,14,57,4.95,0.65,0
CHG2__P2__path_1,CHG2,P2,path_1,45,15,57,4.95,0.75,0
CHG2__P2__path_1,CHG2,P2,path_1,46,16,57,4.95,0.85,0
CHG2__P2__path_1,CHG2,P2,path_1,47,17,57,4.95,0.95,0
CHG2__P2__path_1,CHG2,P2,path_1,48,18,57,4.95,1.05,0
CHG2__P2__path_1,CHG2,P2,path_1,49,19,57,4.95,1.15,0
CHG2__P2__path_1,CHG2,P2,path_1,50,20,57,4.95,1.25,0
CHG2__P2__path_1,CHG2,P2,path_1,51,21,57,4.95,1.35,0
CHG2__P2__path_1,CHG2,P2,path_1,52,22,57,4.95,1.45,0
CHG2__P2__path_1,CHG2,P2,path_1,53,23,57,4.95,1.55,0
CHG2__P2__path_1,CHG2,P2,path_1,54,24,56,4.85,1.65,0
CHG2__P2__path_1,CHG2,P2,path_1,55,25,56,4.85,1.75,0
CHG2__P2__path_1,CHG2,P2,path_1,56,26,55,4.75,1.85,0
CHG2__P2__path_1,CHG2,P2,path_1,57,27,55,4.75,1.95,0
CHG2__P2__path_1,CHG2,P2,path_1,58,28,54,4.65,2.05,0
CHG2__P2__path_1,CHG2,P2,path_1,59,29,54,4.65,2.15,0
CHG2__P2__path_1,CHG2,P2,path_1,60,30,54,4.65,2.25,0
CHG2__P2__path_1,CHG2,P2,path_1,61,31,53,4.55,2.35,0
CHG2__P3__path_1,CHG2,P3,path_1,0,8,98,9.05,0.05,0
CHG2__P3__path_1,CHG2,P3,path_1,1,8,97,8.95,0.05,0
CHG2__P3__path_1,CHG2,P3,path_1,2,8,96,8.85,0.05,0
CHG2__P3__path_1,CHG2,P3,path_1,3,8,95,8.75,0.05,0
CHG2__P3__path_1,CHG2,P3,path_1,4,8,94,8.65,0.05,0
CHG2__P3__path_1,CHG2,P3,path_1,5,8,93,8.55,0.05,0
CHG2__P3__path_1,CHG2,P3,path_1,6,8,92,8.45,0.05,0
CHG2__P3__path_1,CHG2,P3,path_1,7,8,91,8.35,0.05,0
CHG2__P3__path_1,CHG2,P3,path_1,8,8,90,8.25,0.05,0
CHG2__P3__path_1,CHG2,P3,path_1,9,8,89,8.15,0.05,0
CHG2__P3__path_1,CHG2,P3,path_1,10,8,88,8.05,0.05,0
CHG2__P3__path_1,CHG2,P3,path_1,11,8,87,7.95,0.05,0
CHG2__P3__path_1,CHG2,P3,path_1,12,9,86,7.85,0.15,0
CHG2__P3__path_1,CHG2,P3,path_1,13,10,85,7.75,0.25,0
CHG2__P3__path_1,CHG2,P3,path_1,14,11,84,7.65,0.35,0
CHG2__P3__path_1,CHG2,P3,path_1,15,11,83,7.55,0.35,0
CHG2__P3__path_1,CHG2,P3,path_1,16,11,82,7.45,0.35,0
CHG2__P3__path_1,CHG2,P3,path_1,17,11,81,7.35,0.35,0
CHG2__P3__path_1,CHG2,P3,path_1,18,11,80,7.25,0.35,0
CHG2__P3__path_1,CHG2,P3,path_1,19,11,79,7.15,0.35,0
CHG2__P3__path_1,CHG2,P3,path_1,20,11,78,7.05,0.35,0
CHG2__P3__path_1,CHG2,P3,path_1,21,11,77,6.95,0.35,0
CHG2__P3__path_1,CHG2,P3,path_1,22,11,76,6.85,0.35,0
CHG2__P3__path_1,CHG2,P3,path_1,23,11,75,6.75,0.35,0
CHG2__P3__path_1,CHG2,P3,path_1,24,11,74,6.65,0.35,0
CHG2__P3__path_1,CHG2,P3,path_1,25,11,73,6.55,0.35,0
CHG2__P3__path_1,CHG2,P3,path_1,26,11,72,6.45,0.35,0
CHG2__P3__path_1,CHG2,P3,path_1,27,11,71,6.35,0.35,0
CHG2__P3__path_1,CHG2,P3,path_1,28,11,70,6.25,0.35,0
CHG2__P3__path_1,CHG2,P3,path_1,29,11,69,6.15,0.35,0
CHG2__P3__path_1,CHG2,P3,path_1,30,11,68,6.05,0.35,0
CHG2__P3__path_1,CHG2,P3,path_1,31,11,67,5.95,0.35,0
CHG2__P3__path_1,CHG2,P3,path_1,32,11,66,5.85,0.35,0
CHG2__P3__path_1,CHG2,P3,path_1,33,11,65,5.75,0.35,0
CHG2__P3__path_1,CHG2,P3,path_1,34,11,64,5.65,0.35,0
CHG2__P3__path_1,CHG2,P3,path_1,35,11,63,5.55,0.35,0
CHG2__P3__path_1,CHG2,P3,path_1,36,11,62,5.45,0.35,0
CHG2__P3__path_1,CHG2,P3,path_1,37,11,61,5.35,0.35,0
CHG2__P3__path_1,CHG2,P3,path_1,38,11,60,5.25,0.35,0
CHG2__P3__path_1,CHG2,P3,path_1,39,11,59,5.15,0.35,0
CHG2__P3__path_1,CHG2,P3,path_1,40,11,58,5.05,0.35,0
CHG2__P3__path_1,CHG2,P3,path_1,41,11,57,4.95,0.35,0
CHG2__P3__path_1,CHG2,P3,path_1,42,12,57,4.95,0.45,0
CHG2__P3__path_1,CHG2,P3,path_1,43,13,57,4.95,0.55,0
CHG2__P3__path_1,CHG2,P3,path_1,44,14,57,4.95,0.65,0
CHG2__P3__path_1,CHG2,P3,path_1,45,15,57,4.95,0.75,0
CHG2__P3__path_1,CHG2,P3,path_1,46,16,57,4.95,0.85,0
CHG2__P3__path_1,CHG2,P3,path_1,47,17,57,4.95,0.95,0
CHG2__P3__path_1,CHG2,P3,path_1,48,18,57,4.95,1.05,0
CHG2__P3__path_1,CHG2,P3,path_1,49,19,57,4.95,1.15,0
CHG2__P3__path_1,CHG2,P3,path_1,50,20,57,4.95,1.25,0
CHG2__P3__path_1,CHG2,P3,path_1,51,21,57,4.95,1.35,0
CHG2__P3__path_1,CHG2,P3,path_1,52,22,57,4.95,1.45,0
CHG2__P3__path_1,CHG2,P3,path_1,53,23,57,4.95,1.55,0
CHG2__P3__path_1,CHG2,P3,path_1,54,24,57,4.95,1.65,0
CHG2__P3__path_1,CHG2,P3,path_1,55,25,57,4.95,1.75,0
CHG2__P3__path_1,CHG2,P3,path_1,56,26,57,4.95,1.85,0
CHG2__P3__path_1,CHG2,P3,path_1,57,27,57,4.95,1.95,0
CHG2__P3__path_1,CHG2,P3,path_1,58,28,57,4.95,2.05,0
CHG2__P3__path_1,CHG2,P3,path_1,59,29,57,4.95,2.15,0
CHG2__P3__path_1,CHG2,P3,path_1,60,30,57,4.95,2.25,0
CHG2__P3__path_1,CHG2,P3,path_1,61,31,56,4.85,2.35,0
CHG2__P3__path_1,CHG2,P3,path_1,62,32,56,4.85,2.45,0
CHG2__P3__path_1,CHG2,P3,path_1,63,33,55,4.75,2.55,0
CHG2__P3__path_1,CHG2,P3,path_1,64,34,55,4.75,2.65,0
CHG2__P3__path_1,CHG2,P3,path_1,65,35,54,4.65,2.75,0
CHG2__P3__path_1,CHG2,P3,path_1,66,36,54,4.65,2.85,0
CHG2__P3__path_1,CHG2,P3,path_1,67,37,53,4.55,2.95,0
CHG2__P3__path_1,CHG2,P3,path_1,68,38,53,4.55,3.05,0
CHG2__P3__path_1,CHG2,P3,path_1,69,39,53,4.55,3.15,0
CHG2__P3__path_1,CHG2,P3,path_1,70,40,52,4.45,3.25,0
CHG2__P3__path_1,CHG2,P3,path_1,71,41,51,4.35,3.35,0
CHG2__P3__path_1,CHG2,P3,path_1,72,42,50,4.25,3.45,0
CHG2__P3__path_1,CHG2,P3,path_1,73,43,49,4.15,3.55,0
CHG2__P3__path_1,CHG2,P3,path_1,74,44,48,4.05,3.65,0
CHG2__P3__path_1,CHG2,P3,path_1,75,45,47,3.95,3.75,0
CHG2__P3__path_1,CHG2,P3,path_1,76,46,46,3.85,3.85,0
CHG2__P3__path_1,CHG2,P3,path_1,77,47,45,3.75,3.95,0
CHG2__P3__path_1,CHG2,P3,path_1,78,48,44,3.65,4.05,0
CHG2__P3__path_1,CHG2,P3,path_1,79,49,43,3.55,4.15,0
CHG2__P3__path_1,CHG2,P3,path_1,80,50,43,3.55,4.25,0
CHG2__P3__path_1,CHG2,P3,path_1,81,51,43,3.55,4.35,0
CHG2__P3__path_1,CHG2,P3,path_1,82,52,43,3.55,4.45,0
CHG2__P3__path_1,CHG2,P3,path_1,83,53,43,3.55,4.55,0
CHG2__P3__path_1,CHG2,P3,path_1,84,54,43,3.55,4.65,0
CHG2__P3__path_1,CHG2,P3,path_1,85,55,43,3.55,4.75,0
CHG2__P3__path_1,CHG2,P3,path_1,86,56,43,3.55,4.85,0
CHG2__P3__path_1,CHG2,P3,path_1,87,57,43,3.55,4.95,0
CHG2__P3__path_1,CHG2,P3,path_1,88,58,43,3.55,5.05,0
CHG2__P3__path_1,CHG2,P3,path_1,89,59,43,3.55,5.15,0
CHG2__P3__path_1,CHG2,P3,path_1,90,60,43,3.55,5.25,0
CHG2__P4__path_1,CHG2,P4,path_1,0,8,98,9.05,0.05,0
CHG2__P4__path_1,CHG2,P4,path_1,1,8,97,8.95,0.05,0
CHG2__P4__path_1,CHG2,P4,path_1,2,8,96,8.85,0.05,0
CHG2__P4__path_1,CHG2,P4,path_1,3,8,95,8.75,0.05,0
CHG2__P4__path_1,CHG2,P4,path_1,4,8,94,8.65,0.05,0
CHG2__P4__path_1,CHG2,P4,path_1,5,8,93,8.55,0.05,0
CHG2__P4__path_1,CHG2,P4,path_1,6,8,92,8.45,0.05,0
CHG2__P4__path_1,CHG2,P4,path_1,7,8,91,8.35,0.05,0
CHG2__P4__path_1,CHG2,P4,path_1,8,8,90,8.25,0.05,0
CHG2__P4__path_1,CHG2,P4,path_1,9,8,89,8.15,0.05,0
CHG2__P4__path_1,CHG2,P4,path_1,10,8,88,8.05,0.05,0
CHG2__P4__path_1,CHG2,P4,path_1,11,8,87,7.95,0.05,0
CHG2__P4__path_1,CHG2,P4,path_1,12,8,86,7.85,0.05,0
CHG2__P4__path_1,CHG2,P4,path_1,13,8,85,7.75,0.05,0
CHG2__P4__path_1,CHG2,P4,path_1,14,9,84,7.65,0.15,0
CHG2__P4__path_1,CHG2,P4,path_1,15,9,83,7.55,0.15,0
CHG2__P4__path_1,CHG2,P4,path_1,16,10,82,7.45,0.25,0
CHG2__P4__path_1,CHG2,P4,path_1,17,10,81,7.35,0.25,0
CHG2__P4__path_1,CHG2,P4,path_1,18,11,80,7.25,0.35,0
CHG2__P4__path_1,CHG2,P4,path_1,19,11,79,7.15,0.35,0
CHG2__P4__path_1,CHG2,P4,path_1,20,11,78,7.05,0.35,0
CHG2__P4__path_1,CHG2,P4,path_1,21,11,77,6.95,0.35,0
CHG2__P4__path_1,CHG2,P4,path_1,22,11,76,6.85,0.35,0
CHG2__P4__path_1,CHG2,P4,path_1,23,11,75,6.75,0.35,0
CHG2__P4__path_1,CHG2,P4,path_1,24,11,74,6.65,0.35,0
CHG2__P4__path_1,CHG2,P4,path_1,25,11,73,6.55,0.35,0
CHG2__P4__path_1,CHG2,P4,path_1,26,11,72,6.45,0.35,0
CHG2__P4__path_1,CHG2,P4,path_1,27,11,71,6.35,0.35,0
CHG2__P4__path_1,CHG2,P4,path_1,28,11,70,6.25,0.35,0
CHG2__P4__path_1,CHG2,P4,path_1,29,11,69,6.15,0.35,0
CHG2__P4__path_1,CHG2,P4,path_1,30,11,68,6.05,0.35,0
CHG2__P4__path_1,CHG2,P4,path_1,31,11,67,5.95,0.35,0
CHG2__P4__path_1,CHG2,P4,path_1,32,11,66,5.85,0.35,0
CHG2__P4__path_1,CHG2,P4,path_1,33,11,65,5.75,0.35,0
CHG2__P4__path_1,CHG2,P4,path_1,34,11,64,5.65,0.35,0
CHG2__P4__path_1,CHG2,P4,path_1,35,11,63,5.55,0.35,0
CHG2__P4__path_1,CHG2,P4,path_1,36,11,62,5.45,0.35,0
CHG2__P4__path_1,CHG2,P4,path_1,37,11,61,5.35,0.35,0
CHG2__P4__path_1,CHG2,P4,path_1,38,11,60,5.25,0.35,0
CHG2__P4__path_1,CHG2,P4,path_1,39,11,59,5.15,0.35,0
CHG2__P4__path_1,CHG2,P4,path_1,40,11,58,5.05,0.35,0
CHG2__P4__path_1,CHG2,P4,path_1,41,11,57,4.95,0.35,0
CHG2__P4__path_1,CHG2,P4,path_1,42,12,57,4.95,0.45,0
CHG2__P4__path_1,CHG2,P4,path_1,43,13,57,4.95,0.55,0
CHG2__P4__path_1,CHG2,P4,path_1,44,14,57,4.95,0.65,0
CHG2__P4__path_1,CHG2,P4,path_1,45,15,57,4.95,0.75,0
CHG2__P4__path_1,CHG2,P4,path_1,46,16,57,4.95,0.85,0
CHG2__P4__path_1,CHG2,P4,path_1,47,17,57,4.95,0.95,0
CHG2__P4__path_1,CHG2,P4,path_1,48,18,57,4.95,1.05,0
CHG2__P4__path_1,CHG2,P4,path_1,49,19,57,4.95,1.15,0
CHG2__P4__path_1,CHG2,P4,path_1,50,20,57,4.95,1.25,0
CHG2__P4__path_1,CHG2,P4,path_1,51,21,57,4.95,1.35,0
CHG2__P5__path_1,CHG2,P5,path_1,0,8,98,9.05,0.05,0
CHG2__P5__path_1,CHG2,P5,path_1,1,8,97,8.95,0.05,0
CHG2__P5__path_1,CHG2,P5,path_1,2,8,96,8.85,0.05,0
CHG2__P5__path_1,CHG2,P5,path_1,3,8,95,8.75,0.05,0
CHG2__P5__path_1,CHG2,P5,path_1,4,8,94,8.65,0.05,0
CHG2__P5__path_1,CHG2,P5,path_1,5,8,93,8.55,0.05,0
CHG2__P5__path_1,CHG2,P5,path_1,6,8,92,8.45,0.05,0
CHG2__P5__path_1,CHG2,P5,path_1,7,8,91,8.35,0.05,0
CHG2__P5__path_1,CHG2,P5,path_1,8,8,90,8.25,0.05,0
CHG2__P5__path_1,CHG2,P5,path_1,9,8,89,8.15,0.05,0
CHG2__P5__path_1,CHG2,P5,path_1,10,8,88,8.05,0.05,0
CHG2__P5__path_1,CHG2,P5,path_1,11,8,87,7.95,0.05,0
CHG2__P5__path_1,CHG2,P5,path_1,12,9,86,7.85,0.15,0
CHG2__P5__path_1,CHG2,P5,path_1,13,10,85,7.75,0.25,0
CHG2__P5__path_1,CHG2,P5,path_1,14,11,84,7.65,0.35,0
CHG2__P5__path_1,CHG2,P5,path_1,15,12,83,7.55,0.45,0
CHG2__P5__path_1,CHG2,P5,path_1,16,12,82,7.45,0.45,0
CHG2__P5__path_1,CHG2,P5,path_1,17,12,81,7.35,0.45,0
CHG2__P5__path_1,CHG2,P5,path_1,18,12,80,7.25,0.45,0
CHG2__P5__path_1,CHG2,P5,path_1,19,13,80,7.25,0.55,0
CHG2__P5__path_1,CHG2,P5,path_1,20,14,79,7.15,0.65,0
CHG2__P5__path_1,CHG2,P5,path_1,21,15,79,7.15,0.75,0
CHG2__P5__path_1,CHG2,P5,path_1,22,16,79,7.15,0.85,0
CHG2__P5__path_1,CHG2,P5,path_1,23,17,78,7.05,0.95,0
CHG2__P5__path_1,CHG2,P5,path_1,24,18,78,7.05,1.05,0
CHG2__P5__path_1,CHG2,P5,path_1,25,19,77,6.95,1.15,0
CHG2__P5__path_1,CHG2,P5,path_1,26,20,77,6.95,1.25,0
CHG2__P5__path_1,CHG2,P5,path_1,27,21,76,6.85,1.35,0
CHG2__P5__path_1,CHG2,P5,path_1,28,22,76,6.85,1.45,0
CHG2__P5__path_1,CHG2,P5,path_1,29,23,75,6.75,1.55,0
CHG2__P5__path_1,CHG2,P5,path_1,30,24,75,6.75,1.65,0
CHG2__P5__path_1,CHG2,P5,path_1,31,25,75,6.75,1.75,0
CHG2__P5__path_1,CHG2,P5,path_1,32,26,75,6.75,1.85,0
CHG2__P5__path_1,CHG2,P5,path_1,33,27,75,6.75,1.95,0
CHG2__P5__path_1,CHG2,P5,path_1,34,28,75,6.75,2.05,0
CHG2__P5__path_1,CHG2,P5,path_1,35,29,75,6.75,2.15,0
CHG2__P5__path_1,CHG2,P5,path_1,36,30,75,6.75,2.25,0
CHG2__P5__path_1,CHG2,P5,path_1,37,31,75,6.75,2.35,0
CHG2__P5__path_1,CHG2,P5,path_1,38,32,75,6.75,2.45,0
CHG2__P5__path_1,CHG2,P5,path_1,39,33,75,6.75,2.55,0
CHG2__P5__path_1,CHG2,P5,path_1,40,34,75,6.75,2.65,0
CHG2__P5__path_1,CHG2,P5,path_1,41,35,75,6.75,2.75,0
CHG2__P5__path_1,CHG2,P5,path_1,42,36,75,6.75,2.85,0
CHG2__P5__path_1,CHG2,P5,path_1,43,37,74,6.65,2.95,0
CHG2__P5__path_1,CHG2,P5,path_1,44,38,73,6.55,3.05,0
CHG2__P5__path_1,CHG2,P5,path_1,45,39,73,6.55,3.15,0
CHG2__P5__path_1,CHG2,P5,path_1,46,40,73,6.55,3.25,0
CHG2__P5__path_1,CHG2,P5,path_1,47,41,73,6.55,3.35,0
CHG2__P5__path_1,CHG2,P5,path_1,48,42,73,6.55,3.45,0
CHG2__P5__path_1,CHG2,P5,path_1,49,43,73,6.55,3.55,0
CHG2__P5__path_1,CHG2,P5,path_1,50,44,73,6.55,3.65,0
CHG2__P5__path_1,CHG2,P5,path_1,51,45,73,6.55,3.75,0
CHG2__P5__path_1,CHG2,P5,path_1,52,46,73,6.55,3.85,0
CHG2__P5__path_1,CHG2,P5,path_1,53,47,73,6.55,3.95,0
CHG2__P5__path_1,CHG2,P5,path_1,54,48,73,6.55,4.05,0
CHG2__P5__path_1,CHG2,P5,path_1,55,48,72,6.45,4.05,0
CHG2__P5__path_1,CHG2,P5,path_1,56,48,71,6.35,4.05,0
CHG2__P5__path_1,CHG2,P5,path_1,57,48,70,6.25,4.05,0
CHG2__P5__path_1,CHG2,P5,path_1,58,48,69,6.15,4.05,0
CHG2__P5__path_1,CHG2,P5,path_1,59,48,68,6.05,4.05,0
CHG2__P5__path_1,CHG2,P5,path_1,60,48,67,5.95,4.05,0
CHG2__P5__path_1,CHG2,P5,path_1,61,48,66,5.85,4.05,0
CHG2__P5__path_1,CHG2,P5,path_1,62,48,65,5.75,4.05,0
CHG2__P5__path_1,CHG2,P5,path_1,63,48,64,5.65,4.05,0
CHG2__P6__path_1,CHG2,P6,path_1,0,8,98,9.05,0.05,0
CHG2__P6__path_1,CHG2,P6,path_1,1,9,98,9.05,0.15,0
CHG2__P6__path_1,CHG2,P6,path_1,2,10,98,9.05,0.25,0
CHG2__P6__path_1,CHG2,P6,path_1,3,11,98,9.05,0.35,0
CHG2__P6__path_1,CHG2,P6,path_1,4,12,98,9.05,0.45,0
CHG2__P6__path_1,CHG2,P6,path_1,5,13,98,9.05,0.55,0
CHG2__P6__path_1,CHG2,P6,path_1,6,14,98,9.05,0.65,0
CHG2__P6__path_1,CHG2,P6,path_1,7,15,98,9.05,0.75,0
CHG2__P6__path_1,CHG2,P6,path_1,8,16,98,9.05,0.85,0
CHG2__P6__path_1,CHG2,P6,path_1,9,17,98,9.05,0.95,0
CHG2__P6__path_1,CHG2,P6,path_1,10,18,98,9.05,1.05,0
CHG2__P6__path_1,CHG2,P6,path_1,11,19,98,9.05,1.15,0
CHG2__P6__path_1,CHG2,P6,path_1,12,20,98,9.05,1.25,0
CHG2__P6__path_1,CHG2,P6,path_1,13,21,98,9.05,1.35,0
CHG2__P6__path_1,CHG2,P6,path_1,14,22,98,9.05,1.45,0
CHG2__P6__path_1,CHG2,P6,path_1,15,23,98,9.05,1.55,0
CHG2__P6__path_1,CHG2,P6,path_1,16,24,98,9.05,1.65,0
CHG2__P6__path_1,CHG2,P6,path_1,17,25,98,9.05,1.75,0
CHG2__P6__path_1,CHG2,P6,path_1,18,26,97,8.95,1.85,0
CHG2__P6__path_1,CHG2,P6,path_1,19,27,96,8.85,1.95,0
CHG2__P6__path_1,CHG2,P6,path_1,20,28,96,8.85,2.05,0
CHG2__P6__path_1,CHG2,P6,path_1,21,29,96,8.85,2.15,0
CHG2__P6__path_1,CHG2,P6,path_1,22,30,96,8.85,2.25,0
CHG2__P6__path_1,CHG2,P6,path_1,23,31,96,8.85,2.35,0
CHG2__P6__path_1,CHG2,P6,path_1,24,32,96,8.85,2.45,0
CHG2__P6__path_1,CHG2,P6,path_1,25,33,96,8.85,2.55,0
CHG2__P6__path_1,CHG2,P6,path_1,26,34,96,8.85,2.65,0
CHG2__P6__path_1,CHG2,P6,path_1,27,35,96,8.85,2.75,0
CHG2__P6__path_1,CHG2,P6,path_1,28,36,96,8.85,2.85,0
CHG2__P6__path_1,CHG2,P6,path_1,29,37,96,8.85,2.95,0
CHG2__P6__path_1,CHG2,P6,path_1,30,38,96,8.85,3.05,0
CHG2__P6__path_1,CHG2,P6,path_1,31,39,96,8.85,3.15,0
CHG2__P6__path_1,CHG2,P6,path_1,32,40,96,8.85,3.25,0
CHG2__P6__path_1,CHG2,P6,path_1,33,41,96,8.85,3.35,0
CHG2__P6__path_1,CHG2,P6,path_1,34,42,96,8.85,3.45,0
CHG2__P6__path_1,CHG2,P6,path_1,35,43,96,8.85,3.55,0
CHG2__P6__path_1,CHG2,P6,path_1,36,44,96,8.85,3.65,0
CHG2__P6__path_1,CHG2,P6,path_1,37,45,96,8.85,3.75,0
CHG2__P6__path_1,CHG2,P6,path_1,38,46,96,8.85,3.85,0
CHG2__P6__path_1,CHG2,P6,path_1,39,47,95,8.75,3.95,0
CHG2__P6__path_1,CHG2,P6,path_1,40,48,95,8.75,4.05,0
CHG2__P6__path_1,CHG2,P6,path_1,41,49,94,8.65,4.15,0
CHG2__P6__path_1,CHG2,P6,path_1,42,50,94,8.65,4.25,0
CHG2__P6__path_1,CHG2,P6,path_1,43,51,93,8.55,4.35,0
CHG2__P6__path_1,CHG2,P6,path_1,44,52,93,8.55,4.45,0
CHG2__P6__path_1,CHG2,P6,path_1,45,53,92,8.45,4.55,0
CHG2__P6__path_1,CHG2,P6,path_1,46,54,92,8.45,4.65,0
CHG2__P6__path_1,CHG2,P6,path_1,47,55,92,8.45,4.75,0
CHG2__P6__path_1,CHG2,P6,path_1,48,56,91,8.35,4.85,0
CHG2__P6__path_1,CHG2,P6,path_1,49,57,91,8.35,4.95,0
CHG2__P6__path_1,CHG2,P6,path_1,50,58,90,8.25,5.05,0
CHG2__P6__path_1,CHG2,P6,path_1,51,59,90,8.25,5.15,0
CHG2__P6__path_1,CHG2,P6,path_1,52,60,90,8.25,5.25,0
CHG2__P6__path_1,CHG2,P6,path_1,53,61,90,8.25,5.35,0
CHG2__P6__path_1,CHG2,P6,path_1,54,62,90,8.25,5.45,0
CHG2__P6__path_1,CHG2,P6,path_1,55,63,90,8.25,5.55,0
CHG2__P6__path_1,CHG2,P6,path_1,56,64,90,8.25,5.65,0
CHG2__P6__path_1,CHG2,P6,path_1,57,65,90,8.25,5.75,0
CHG2__P6__path_1,CHG2,P6,path_1,58,65,89,8.15,5.75,0
CHG2__P6__path_1,CHG2,P6,path_1,59,65,88,8.05,5.75,0
CHG2__P6__path_1,CHG2,P6,path_1,60,65,87,7.95,5.75,0
CHG2__P7__path_1,CHG2,P7,path_1,0,8,98,9.05,0.05,0
CHG2__P7__path_1,CHG2,P7,path_1,1,8,97,8.95,0.05,0
CHG2__P7__path_1,CHG2,P7,path_1,2,8,96,8.85,0.05,0
CHG2__P7__path_1,CHG2,P7,path_1,3,8,95,8.75,0.05,0
CHG2__P7__path_1,CHG2,P7,path_1,4,8,94,8.65,0.05,0
CHG2__P7__path_1,CHG2,P7,path_1,5,8,93,8.55,0.05,0
CHG2__P7__path_1,CHG2,P7,path_1,6,8,92,8.45,0.05,0
CHG2__P7__path_1,CHG2,P7,path_1,7,8,91,8.35,0.05,0
CHG2__P7__path_1,CHG2,P7,path_1,8,8,90,8.25,0.05,0
CHG2__P7__path_1,CHG2,P7,path_1,9,8,89,8.15,0.05,0
CHG2__P7__path_1,CHG2,P7,path_1,10,8,88,8.05,0.05,0
CHG2__P7__path_1,CHG2,P7,path_1,11,8,87,7.95,0.05,0
CHG2__P7__path_1,CHG2,P7,path_1,12,9,86,7.85,0.15,0
CHG2__P7__path_1,CHG2,P7,path_1,13,10,85,7.75,0.25,0
CHG2__P7__path_1,CHG2,P7,path_1,14,11,84,7.65,0.35,0
CHG2__P7__path_1,CHG2,P7,path_1,15,12,83,7.55,0.45,0
CHG2__P7__path_1,CHG2,P7,path_1,16,12,82,7.45,0.45,0
CHG2__P7__path_1,CHG2,P7,path_1,17,12,81,7.35,0.45,0
CHG2__P7__path_1,CHG2,P7,path_1,18,12,80,7.25,0.45,0
CHG2__P7__path_1,CHG2,P7,path_1,19,13,80,7.25,0.55,0
CHG2__P7__path_1,CHG2,P7,path_1,20,14,80,7.25,0.65,0
CHG2__P7__path_1,CHG2,P7,path_1,21,15,80,7.25,0.75,0
CHG2__P7__path_1,CHG2,P7,path_1,22,16,80,7.25,0.85,0
CHG2__P7__path_1,CHG2,P7,path_1,23,17,80,7.25,0.95,0
CHG2__P7__path_1,CHG2,P7,path_1,24,18,80,7.25,1.05,0
CHG2__P8__path_1,CHG2,P8,path_1,0,8,98,9.05,0.05,0
CHG2__P8__path_1,CHG2,P8,path_1,1,9,98,9.05,0.15,0
CHG2__P8__path_1,CHG2,P8,path_1,2,10,98,9.05,0.25,0
CHG2__P8__path_1,CHG2,P8,path_1,3,11,98,9.05,0.35,0
CHG2__P8__path_1,CHG2,P8,path_1,4,12,98,9.05,0.45,0
CHG2__P8__path_1,CHG2,P8,path_1,5,13,98,9.05,0.55,0
CHG2__P8__path_1,CHG2,P8,path_1,6,14,98,9.05,0.65,0
CHG2__P8__path_1,CHG2,P8,path_1,7,15,98,9.05,0.75,0
CHG2__P8__path_1,CHG2,P8,path_1,8,16,98,9.05,0.85,0
CHG2__P8__path_1,CHG2,P8,path_1,9,17,98,9.05,0.95,0
CHG2__P8__path_1,CHG2,P8,path_1,10,18,98,9.05,1.05,0
CHG2__P8__path_1,CHG2,P8,path_1,11,19,98,9.05,1.15,0
CHG2__P8__path_1,CHG2,P8,path_1,12,20,98,9.05,1.25,0
CHG2__P8__path_1,CHG2,P8,path_1,13,21,98,9.05,1.35,0
CHG2__P8__path_1,CHG2,P8,path_1,14,22,98,9.05,1.45,0
CHG2__P8__path_1,CHG2,P8,path_1,15,23,98,9.05,1.55,0
CHG2__P8__path_1,CHG2,P8,path_1,16,24,98,9.05,1.65,0
CHG2__P8__path_1,CHG2,P8,path_1,17,25,98,9.05,1.75,0
CHG2__P8__path_1,CHG2,P8,path_1,18,26,97,8.95,1.85,0
CHG2__P8__path_1,CHG2,P8,path_1,19,27,96,8.85,1.95,0
CHG2__P8__path_1,CHG2,P8,path_1,20,28,96,8.85,2.05,0
CHG2__P8__path_1,CHG2,P8,path_1,21,29,96,8.85,2.15,0
CHG2__P8__path_1,CHG2,P8,path_1,22,30,96,8.85,2.25,0
CHG2__P8__path_1,CHG2,P8,path_1,23,31,96,8.85,2.35,0
CHG2__P9__path_1,CHG2,P9,path_1,0,8,98,9.05,0.05,0
CHG2__P9__path_1,CHG2,P9,path_1,1,8,97,8.95,0.05,0
CHG2__P9__path_1,CHG2,P9,path_1,2,8,96,8.85,0.05,0
CHG2__P9__path_1,CHG2,P9,path_1,3,8,95,8.75,0.05,0
CHG2__P9__path_1,CHG2,P9,path_1,4,8,94,8.65,0.05,0
CHG2__P9__path_1,CHG2,P9,path_1,5,8,93,8.55,0.05,0
CHG2__P9__path_1,CHG2,P9,path_1,6,8,92,8.45,0.05,0
CHG2__P9__path_1,CHG2,P9,path_1,7,8,91,8.35,0.05,0
CHG2__P9__path_1,CHG2,P9,path_1,8,8,90,8.25,0.05,0
CHG2__P9__path_1,CHG2,P9,path_1,9,8,89,8.15,0.05,0
CHG2__P9__path_1,CHG2,P9,path_1,10,8,88,8.05,0.05,0
CHG2__P9__path_1,CHG2,P9,path_1,11,8,87,7.95,0.05,0
CHG2__P9__path_1,CHG2,P9,path_1,12,9,86,7.85,0.15,0
CHG2__P9__path_1,CHG2,P9,path_1,13,10,85,7.75,0.25,0
CHG2__P9__path_1,CHG2,P9,path_1,14,11,84,7.65,0.35,0
CHG2__P9__path_1,CHG2,P9,path_1,15,12,83,7.55,0.45,0
CHG2__P9__path_1,CHG2,P9,path_1,16,12,82,7.45,0.45,0
CHG2__P9__path_1,CHG2,P9,path_1,17,12,81,7.35,0.45,0
CHG2__P9__path_1,CHG2,P9,path_1,18,12,80,7.25,0.45,0
CHG2__P9__path_1,CHG2,P9,path_1,19,13,80,7.25,0.55,0
CHG2__P9__path_1,CHG2,P9,path_1,20,14,80,7.25,0.65,0
CHG2__P9__path_1,CHG2,P9,path_1,21,15,80,7.25,0.75,0
CHG2__P9__path_1,CHG2,P9,path_1,22,16,80,7.25,0.85,0
CHG2__P9__path_1,CHG2,P9,path_1,23,17,80,7.25,0.95,0
CHG2__P9__path_1,CHG2,P9,path_1,24,18,80,7.25,1.05,0
CHG2__P9__path_1,CHG2,P9,path_1,25,19,80,7.25,1.15,0
CHG2__P9__path_1,CHG2,P9,path_1,26,20,80,7.25,1.25,0
CHG2__P9__path_1,CHG2,P9,path_1,27,21,80,7.25,1.35,0
CHG2__P9__path_1,CHG2,P9,path_1,28,22,80,7.25,1.45,0
CHG2__P9__path_1,CHG2,P9,path_1,29,23,80,7.25,1.55,0
CHG2__P9__path_1,CHG2,P9,path_1,30,24,80,7.25,1.65,0
CHG2__P9__path_1,CHG2,P9,path_1,31,25,80,7.25,1.75,0
CHG2__P9__path_1,CHG2,P9,path_1,32,26,80,7.25,1.85,0
CHG2__P9__path_1,CHG2,P9,path_1,33,27,80,7.25,1.95,0
CHG2__P9__path_1,CHG2,P9,path_1,34,28,80,7.25,2.05,0
CHG2__P9__path_1,CHG2,P9,path_1,35,29,80,7.25,2.15,0
CHG2__P9__path_1,CHG2,P9,path_1,36,30,80,7.25,2.25,0
CHG2__P9__path_1,CHG2,P9,path_1,37,31,80,7.25,2.35,0
CHG2__P9__path_1,CHG2,P9,path_1,38,32,79,7.15,2.45,0
CHG2__P9__path_1,CHG2,P9,path_1,39,33,79,7.15,2.55,0
CHG2__P9__path_1,CHG2,P9,path_1,40,34,79,7.15,2.65,0
CHG2__P9__path_1,CHG2,P9,path_1,41,35,78,7.05,2.75,0
CHG2__P9__path_1,CHG2,P9,path_1,42,36,78,7.05,2.85,0
CHG2__P9__path_1,CHG2,P9,path_1,43,37,78,7.05,2.95,0
CHG2__P9__path_1,CHG2,P9,path_1,44,38,77,6.95,3.05,0
CHG2__P9__path_1,CHG2,P9,path_1,45,39,77,6.95,3.15,0
CHG2__P9__path_1,CHG2,P9,path_1,46,40,76,6.85,3.25,0
CHG2__P9__path_1,CHG2,P9,path_1,47,41,76,6.85,3.35,0
CHG2__P9__path_1,CHG2,P9,path_1,48,42,75,6.75,3.45,0
CHG2__P9__path_1,CHG2,P9,path_1,49,43,75,6.75,3.55,0
CHG2__P9__path_1,CHG2,P9,path_1,50,44,74,6.65,3.65,0
CHG2__P9__path_1,CHG2,P9,path_1,51,45,74,6.65,3.75,0
CHG2__P9__path_1,CHG2,P9,path_1,52,46,73,6.55,3.85,0
CHG2__P9__path_1,CHG2,P9,path_1,53,47,73,6.55,3.95,0
CHG2__P9__path_1,CHG2,P9,path_1,54,48,73,6.55,4.05,0
CHG2__P9__path_1,CHG2,P9,path_1,55,48,72,6.45,4.05,0
CHG2__P9__path_1,CHG2,P9,path_1,56,48,71,6.35,4.05,0
CHG2__P9__path_1,CHG2,P9,path_1,57,48,70,6.25,4.05,0
CHG2__P9__path_1,CHG2,P9,path_1,58,48,69,6.15,4.05,0
CHG2__P9__path_1,CHG2,P9,path_1,59,48,68,6.05,4.05,0
CHG2__P9__path_1,CHG2,P9,path_1,60,49,68,6.05,4.15,0
CHG2__P9__path_1,CHG2,P9,path_1,61,50,68,6.05,4.25,0
CHG2__P9__path_1,CHG2,P9,path_1,62,51,68,6.05,4.35,0
CHG2__P9__path_1,CHG2,P9,path_1,63,52,68,6.05,4.45,0
CHG2__P9__path_1,CHG2,P9,path_1,64,53,68,6.05,4.55,0
CHG2__P9__path_1,CHG2,P9,path_1,65,54,68,6.05,4.65,0
CHG2__P9__path_1,CHG2,P9,path_1,66,55,68,6.05,4.75,0
CHG2__P9__path_1,CHG2,P9,path_1,67,56,68,6.05,4.85,0
CHG2__P9__path_1,CHG2,P9,path_1,68,57,68,6.05,4.95,0
CHG2__P9__path_1,CHG2,P9,path_1,69,58,68,6.05,5.05,0
CHG2__SORT1__path_1,CHG2,SORT1,path_1,0,8,98,9.05,0.05,0
CHG2__SORT1__path_1,CHG2,SORT1,path_1,1,9,98,9.05,0.15,0
CHG2__SORT1__path_1,CHG2,SORT1,path_1,2,10,98,9.05,0.25,0
CHG2__SORT1__path_1,CHG2,SORT1,path_1,3,11,98,9.05,0.35,0
CHG2__SORT1__path_1,CHG2,SORT1,path_1,4,12,98,9.05,0.45,0
CHG2__SORT1__path_1,CHG2,SORT1,path_1,5,13,98,9.05,0.55,0
CHG2__SORT1__path_1,CHG2,SORT1,path_1,6,14,98,9.05,0.65,0
CHG2__SORT1__path_1,CHG2,SORT1,path_1,7,15,98,9.05,0.75,0
CHG2__SORT1__path_1,CHG2,SORT1,path_1,8,16,98,9.05,0.85,0
CHG2__SORT1__path_1,CHG2,SORT1,path_1,9,17,98,9.05,0.95,0
CHG2__SORT1__path_1,CHG2,SORT1,path_1,10,18,98,9.05,1.05,0
CHG2__SORT1__path_1,CHG2,SORT1,path_1,11,19,98,9.05,1.15,0
CHG2__SORT1__path_1,CHG2,SORT1,path_1,12,20,99,9.15,1.25,0
CHG2__SORT1__path_1,CHG2,SORT1,path_1,13,21,100,9.25,1.35,0
CHG2__SORT1__path_1,CHG2,SORT1,path_1,14,22,101,9.35,1.45,0
CHG2__SORT1__path_1,CHG2,SORT1,path_1,15,23,102,9.45,1.55,0
CHG2__SORT1__path_1,CHG2,SORT1,path_1,16,24,103,9.55,1.65,0
CHG2__SORT1__path_1,CHG2,SORT1,path_1,17,25,104,9.65,1.75,0
CHG2__SORT1__path_1,CHG2,SORT1,path_1,18,26,104,9.65,1.85,0
CHG2__SORT1__path_1,CHG2,SORT1,path_1,19,27,104,9.65,1.95,0
CHG2__SORT1__path_1,CHG2,SORT1,path_1,20,28,104,9.65,2.05,0
CHG2__SORT1__path_1,CHG2,SORT1,path_1,21,29,105,9.75,2.15,0
CHG2__SORT2__path_1,CHG2,SORT2,path_1,0,8,98,9.05,0.05,0
CHG2__SORT2__path_1,CHG2,SORT2,path_1,1,9,98,9.05,0.15,0
CHG2__SORT2__path_1,CHG2,SORT2,path_1,2,10,98,9.05,0.25,0
CHG2__SORT2__path_1,CHG2,SORT2,path_1,3,11,98,9.05,0.35,0
CHG2__SORT2__path_1,CHG2,SORT2,path_1,4,12,98,9.05,0.45,0
CHG2__SORT2__path_1,CHG2,SORT2,path_1,5,13,98,9.05,0.55,0
CHG2__SORT2__path_1,CHG2,SORT2,path_1,6,14,98,9.05,0.65,0
CHG2__SORT2__path_1,CHG2,SORT2,path_1,7,15,98,9.05,0.75,0
CHG2__SORT2__path_1,CHG2,SORT2,path_1,8,16,98,9.05,0.85,0
CHG2__SORT2__path_1,CHG2,SORT2,path_1,9,17,98,9.05,0.95,0
CHG2__SORT2__path_1,CHG2,SORT2,path_1,10,18,98,9.05,1.05,0
CHG2__SORT2__path_1,CHG2,SORT2,path_1,11,19,98,9.05,1.15,0
CHG2__SORT2__path_1,CHG2,SORT2,path_1,12,20,99,9.15,1.25,0
CHG2__SORT2__path_1,CHG2,SORT2,path_1,13,21,100,9.25,1.35,0
CHG2__SORT2__path_1,CHG2,SORT2,path_1,14,22,101,9.35,1.45,0
CHG2__SORT2__path_1,CHG2,SORT2,path_1,15,23,102,9.45,1.55,0
CHG2__SORT2__path_1,CHG2,SORT2,path_1,16,24,103,9.55,1.65,0
CHG2__SORT2__path_1,CHG2,SORT2,path_1,17,25,104,9.65,1.75,0
CHG2__SORT2__path_1,CHG2,SORT2,path_1,18,26,104,9.65,1.85,0
CHG2__SORT2__path_1,CHG2,SORT2,path_1,19,27,104,9.65,1.95,0
CHG2__SORT2__path_1,CHG2,SORT2,path_1,20,28,104,9.65,2.05,0
CHG2__SORT2__path_1,CHG2,SORT2,path_1,21,29,104,9.65,2.15,0
CHG2__SORT2__path_1,CHG2,SORT2,path_1,22,30,104,9.65,2.25,0
CHG2__SORT2__path_1,CHG2,SORT2,path_1,23,31,104,9.65,2.35,0
CHG2__SORT2__path_1,CHG2,SORT2,path_1,24,32,104,9.65,2.45,0
CHG2__SORT2__path_1,CHG2,SORT2,path_1,25,33,104,9.65,2.55,0
CHG2__SORT2__path_1,CHG2,SORT2,path_1,26,34,105,9.75,2.65,0
CHG2__SORT2__path_1,CHG2,SORT2,path_1,27,35,105,9.75,2.75,0
CHG2__SORT2__path_1,CHG2,SORT2,path_1,28,36,106,9.85,2.85,0
CHG2__SORT2__path_1,CHG2,SORT2,path_1,29,37,106,9.85,2.95,0
CHG2__SORT2__path_1,CHG2,SORT2,path_1,30,38,106,9.85,3.05,0
CHG2__SORT2__path_1,CHG2,SORT2,path_1,31,39,107,9.95,3.15,0
CHG2__SORT2__path_1,CHG2,SORT2,path_1,32,40,107,9.95,3.25,0
CHG2__SORT2__path_1,CHG2,SORT2,path_1,33,41,108,10.05,3.35,0
CHG2__SORT2__path_1,CHG2,SORT2,path_1,34,42,108,10.05,3.45,0
CHG2__SORT2__path_1,CHG2,SORT2,path_1,35,43,109,10.15,3.55,0
CHG2__SORT2__path_1,CHG2,SORT2,path_1,36,44,109,10.15,3.65,0
CHG2__SORT2__path_1,CHG2,SORT2,path_1,37,45,110,10.25,3.75,0
CHG2__SORT2__path_1,CHG2,SORT2,path_1,38,46,110,10.25,3.85,0
CHG2__SORT2__path_1,CHG2,SORT2,path_1,39,47,110,10.25,3.95,0
CHG2__SORT2__path_1,CHG2,SORT2,path_1,40,48,111,10.35,4.05,0
CHG2__OUT1__path_1,CHG2,OUT1,path_1,0,8,98,9.05,0.05,0
CHG2__OUT1__path_1,CHG2,OUT1,path_1,1,9,99,9.15,0.15,0
CHG2__OUT1__path_1,CHG2,OUT1,path_1,2,10,100,9.25,0.25,0
CHG2__OUT1__path_1,CHG2,OUT1,path_1,3,11,101,9.35,0.35,0
CHG2__OUT1__path_1,CHG2,OUT1,path_1,4,12,102,9.45,0.45,0
CHG2__OUT1__path_1,CHG2,OUT1,path_1,5,12,103,9.55,0.45,0
CHG2__OUT1__path_1,CHG2,OUT1,path_1,6,12,104,9.65,0.45,0
CHG2__OUT1__path_1,CHG2,OUT1,path_1,7,12,105,9.75,0.45,0
CHG2__OUT1__path_1,CHG2,OUT1,path_1,8,13,106,9.85,0.55,0
CHG2__OUT1__path_1,CHG2,OUT1,path_1,9,14,107,9.95,0.65,0
CHG2__OUT1__path_1,CHG2,OUT1,path_1,10,15,108,10.05,0.75,0
CHG2__OUT1__path_1,CHG2,OUT1,path_1,11,16,109,10.15,0.85,0
CHG2__OUT1__path_1,CHG2,OUT1,path_1,12,17,110,10.25,0.95,0
CHG2__OUT1__path_1,CHG2,OUT1,path_1,13,18,111,10.35,1.05,0
CHG2__OUT1__path_1,CHG2,OUT1,path_1,14,19,112,10.45,1.15,0
CHG2__OUT1__path_1,CHG2,OUT1,path_1,15,20,113,10.55,1.25,0
CHG2__OUT1__path_1,CHG2,OUT1,path_1,16,21,114,10.65,1.35,0
CHG2__OUT1__path_1,CHG2,OUT1,path_1,17,21,115,10.75,1.35,0
CHG2__OUT1__path_1,CHG2,OUT1,path_1,18,22,116,10.85,1.45,0
CHG2__OUT1__path_1,CHG2,OUT1,path_1,19,22,117,10.95,1.45,0
CHG2__OUT1__path_1,CHG2,OUT1,path_1,20,22,118,11.05,1.45,0
CHG2__OUT1__path_1,CHG2,OUT1,path_1,21,23,119,11.15,1.55,0
CHG2__OUT1__path_1,CHG2,OUT1,path_1,22,23,120,11.25,1.55,0
CHG2__OUT1__path_1,CHG2,OUT1,path_1,23,24,121,11.35,1.65,0
CHG2__OUT1__path_1,CHG2,OUT1,path_1,24,24,122,11.45,1.65,0
CHG2__OUT1__path_1,CHG2,OUT1,path_1,25,25,123,11.55,1.75,0
CHG2__OUT1__path_1,CHG2,OUT1,path_1,26,25,124,11.65,1.75,0
CHG2__OUT1__path_1,CHG2,OUT1,path_1,27,26,125,11.75,1.85,0
CHG2__OUT1__path_1,CHG2,OUT1,path_1,28,26,126,11.85,1.85,0
CHG2__OUT1__path_1,CHG2,OUT1,path_1,29,26,127,11.95,1.85,0
CHG2__OUT1__path_1,CHG2,OUT1,path_1,30,27,128,12.05,1.95,0
CHG2__OUT2__path_1,CHG2,OUT2,path_1,0,8,98,9.05,0.05,0
CHG2__OUT2__path_1,CHG2,OUT2,path_1,1,9,99,9.15,0.15,0
CHG2__OUT2__path_1,CHG2,OUT2,path_1,2,10,100,9.25,0.25,0
CHG2__OUT2__path_1,CHG2,OUT2,path_1,3,11,101,9.35,0.35,0
CHG2__OUT2__path_1,CHG2,OUT2,path_1,4,12,102,9.45,0.45,0
CHG2__OUT2__path_1,CHG2,OUT2,path_1,5,13,103,9.55,0.55,0
CHG2__OUT2__path_1,CHG2,OUT2,path_1,6,14,104,9.65,0.65,0
CHG2__OUT2__path_1,CHG2,OUT2,path_1,7,15,105,9.75,0.75,0
CHG2__OUT2__path_1,CHG2,OUT2,path_1,8,16,106,9.85,0.85,0
CHG2__OUT2__path_1,CHG2,OUT2,path_1,9,17,107,9.95,0.95,0
CHG2__OUT2__path_1,CHG2,OUT2,path_1,10,18,108,10.05,1.05,0
CHG2__OUT2__path_1,CHG2,OUT2,path_1,11,19,109,10.15,1.15,0
CHG2__OUT2__path_1,CHG2,OUT2,path_1,12,20,110,10.25,1.25,0
CHG2__OUT2__path_1,CHG2,OUT2,path_1,13,21,111,10.35,1.35,0
CHG2__OUT2__path_1,CHG2,OUT2,path_1,14,22,112,10.45,1.45,0
CHG2__OUT2__path_1,CHG2,OUT2,path_1,15,23,113,10.55,1.55,0
CHG2__OUT2__path_1,CHG2,OUT2,path_1,16,24,114,10.65,1.65,0
CHG2__OUT2__path_1,CHG2,OUT2,path_1,17,25,115,10.75,1.75,0
CHG2__OUT2__path_1,CHG2,OUT2,path_1,18,26,116,10.85,1.85,0
CHG2__OUT2__path_1,CHG2,OUT2,path_1,19,27,117,10.95,1.95,0
CHG2__OUT2__path_1,CHG2,OUT2,path_1,20,28,118,11.05,2.05,0
CHG2__OUT2__path_1,CHG2,OUT2,path_1,21,29,119,11.15,2.15,0
CHG2__OUT2__path_1,CHG2,OUT2,path_1,22,30,120,11.25,2.25,0
CHG2__OUT2__path_1,CHG2,OUT2,path_1,23,31,121,11.35,2.35,0
CHG2__OUT2__path_1,CHG2,OUT2,path_1,24,32,121,11.35,2.45,0
CHG2__OUT2__path_1,CHG2,OUT2,path_1,25,33,122,11.45,2.55,0
CHG2__OUT2__path_1,CHG2,OUT2,path_1,26,34,122,11.45,2.65,0
CHG2__OUT2__path_1,CHG2,OUT2,path_1,27,35,123,11.55,2.75,0
CHG2__OUT2__path_1,CHG2,OUT2,path_1,28,36,124,11.65,2.85,0
CHG2__OUT2__path_1,CHG2,OUT2,path_1,29,37,125,11.75,2.95,0
CHG2__OUT2__path_1,CHG2,OUT2,path_1,30,38,125,11.75,3.05,0
CHG2__OUT2__path_1,CHG2,OUT2,path_1,31,39,125,11.75,3.15,0
CHG2__OUT2__path_1,CHG2,OUT2,path_1,32,40,125,11.75,3.25,0
CHG2__OUT2__path_1,CHG2,OUT2,path_1,33,41,125,11.75,3.35,0
CHG2__OUT2__path_1,CHG2,OUT2,path_1,34,42,126,11.85,3.45,0
CHG2__OUT2__path_1,CHG2,OUT2,path_1,35,43,126,11.85,3.55,0
CHG2__OUT2__path_1,CHG2,OUT2,path_1,36,44,127,11.95,3.65,0
CHG2__OUT2__path_1,CHG2,OUT2,path_1,37,45,127,11.95,3.75,0
CHG2__OUT2__path_1,CHG2,OUT2,path_1,38,46,127,11.95,3.85,0
CHG2__OUT2__path_1,CHG2,OUT2,path_1,39,47,128,12.05,3.95,0
CHG2__CHG1__path_1,CHG2,CHG1,path_1,0,8,98,9.05,0.05,0
CHG2__CHG1__path_1,CHG2,CHG1,path_1,1,8,97,8.95,0.05,0
CHG2__CHG1__path_1,CHG2,CHG1,path_1,2,8,96,8.85,0.05,0
CHG2__CHG1__path_1,CHG2,CHG1,path_1,3,8,95,8.75,0.05,0
CHG2__CHG1__path_1,CHG2,CHG1,path_1,4,8,94,8.65,0.05,0
CHG2__CHG1__path_1,CHG2,CHG1,path_1,5,8,93,8.55,0.05,0
CHG2__CHG1__path_1,CHG2,CHG1,path_1,6,8,92,8.45,0.05,0
CHG2__CHG1__path_1,CHG2,CHG1,path_1,7,8,91,8.35,0.05,0
CHG2__CHG1__path_1,CHG2,CHG1,path_1,8,8,90,8.25,0.05,0
CHG2__CHG1__path_1,CHG2,CHG1,path_1,9,8,89,8.15,0.05,0
CHG2__CHG1__path_1,CHG2,CHG1,path_1,10,8,88,8.05,0.05,0
CHG2__CHG1__path_1,CHG2,CHG1,path_1,11,8,87,7.95,0.05,0
CHG2__CHG1__path_1,CHG2,CHG1,path_1,12,8,86,7.85,0.05,0
CHG2__CHG1__path_1,CHG2,CHG1,path_1,13,8,85,7.75,0.05,0
CHG2__CHG1__path_1,CHG2,CHG1,path_1,14,8,84,7.65,0.05,0
CHG2__CHG1__path_1,CHG2,CHG1,path_1,15,8,83,7.55,0.05,0
CHG2__CHG1__path_1,CHG2,CHG1,path_1,16,8,82,7.45,0.05,0
CHG2__CHG1__path_1,CHG2,CHG1,path_1,17,8,81,7.35,0.05,0
CHG2__CHG1__path_1,CHG2,CHG1,path_1,18,8,80,7.25,0.05,0
CHG2__CHG1__path_1,CHG2,CHG1,path_1,19,8,79,7.15,0.05,0
CHG2__CHG1__path_1,CHG2,CHG1,path_1,20,8,78,7.05,0.05,0
CHG2__CHG1__path_1,CHG2,CHG1,path_1,21,8,77,6.95,0.05,0
CHG2__CHG1__path_1,CHG2,CHG1,path_1,22,8,76,6.85,0.05,0
CHG2__CHG1__path_1,CHG2,CHG1,path_1,23,8,75,6.75,0.05,0
CHG2__CHG1__path_1,CHG2,CHG1,path_1,24,8,74,6.65,0.05,0
CHG2__CHG1__path_1,CHG2,CHG1,path_1,25,8,73,6.55,0.05,0
CHG2__CHG1__path_1,CHG2,CHG1,path_1,26,8,72,6.45,0.05,0
CHG2__CHG1__path_1,CHG2,CHG1,path_1,27,8,71,6.35,0.05,0
CHG2__CHG1__path_1,CHG2,CHG1,path_1,28,8,70,6.25,0.05,0
CHG2__CHG1__path_1,CHG2,CHG1,path_1,29,8,69,6.15,0.05,0
CHG2__CHG1__path_1,CHG2,CHG1,path_1,30,8,68,6.05,0.05,0
CHG2__CHG1__path_1,CHG2,CHG1,path_1,31,8,67,5.95,0.05,0
CHG2__CHG1__path_1,CHG2,CHG1,path_1,32,8,66,5.85,0.05,0
CHG2__CHG1__path_1,CHG2,CHG1,path_1,33,8,65,5.75,0.05,0
CHG2__CHG1__path_1,CHG2,CHG1,path_1,34,8,64,5.65,0.05,0
CHG2__CHG1__path_1,CHG2,CHG1,path_1,35,8,63,5.55,0.05,0
CHG2__CHG1__path_1,CHG2,CHG1,path_1,36,8,62,5.45,0.05,0
CHG2__CHG1__path_1,CHG2,CHG1,path_1,37,8,61,5.35,0.05,0
CHG2__CHG1__path_1,CHG2,CHG1,path_1,38,8,60,5.25,0.05,0
CHG2__CHG1__path_1,CHG2,CHG1,path_1,39,8,59,5.15,0.05,0
CHG2__CHG1__path_1,CHG2,CHG1,path_1,40,8,58,5.05,0.05,0
CHG2__CHG1__path_1,CHG2,CHG1,path_1,41,8,57,4.95,0.05,0
CHG2__CHG1__path_1,CHG2,CHG1,path_1,42,8,56,4.85,0.05,0
CHG2__CHG1__path_1,CHG2,CHG1,path_1,43,8,55,4.75,0.05,0
CHG2__CHG1__path_1,CHG2,CHG1,path_1,44,8,54,4.65,0.05,0
CHG2__CHG1__path_1,CHG2,CHG1,path_1,45,8,53,4.55,0.05,0
CHG2__CHG1__path_1,CHG2,CHG1,path_1,46,8,52,4.45,0.05,0
CHG2__CHG1__path_1,CHG2,CHG1,path_1,47,8,51,4.35,0.05,0
CHG2__CHG1__path_1,CHG2,CHG1,path_1,48,8,50,4.25,0.05,0
CHG2__CHG1__path_1,CHG2,CHG1,path_1,49,8,49,4.15,0.05,0
CHG2__CHG1__path_1,CHG2,CHG1,path_1,50,8,48,4.05,0.05,0
CHG2__CHG1__path_1,CHG2,CHG1,path_1,51,8,47,3.95,0.05,0
CHG2__CHG1__path_1,CHG2,CHG1,path_1,52,8,46,3.85,0.05,0
CHG2__CHG1__path_1,CHG2,CHG1,path_1,53,8,45,3.75,0.05,0
CHG2__CHG1__path_1,CHG2,CHG1,path_1,54,8,44,3.65,0.05,0
CHG2__CHG1__path_1,CHG2,CHG1,path_1,55,8,43,3.55,0.05,0
CHG2__CHG1__path_1,CHG2,CHG1,path_1,56,8,42,3.45,0.05,0
CHG2__CHG1__path_1,CHG2,CHG1,path_1,57,8,41,3.35,0.05,0
CHG2__CHG1__path_1,CHG2,CHG1,path_1,58,8,40,3.25,0.05,0
CHG2__CHG1__path_1,CHG2,CHG1,path_1,59,8,39,3.15,0.05,0
CHG2__CHG1__path_1,CHG2,CHG1,path_1,60,8,38,3.05,0.05,0
CHG2__CHG1__path_1,CHG2,CHG1,path_1,61,8,37,2.95,0.05,0
CHG2__CHG1__path_1,CHG2,CHG1,path_1,62,8,36,2.85,0.05,0
CHG2__CHG1__path_1,CHG2,CHG1,path_1,63,8,35,2.75,0.05,0
CHG2__CHG1__path_1,CHG2,CHG1,path_1,64,8,34,2.65,0.05,0
CHG2__CHG1__path_1,CHG2,CHG1,path_1,65,8,33,2.55,0.05,0
CHG2__CHG1__path_1,CHG2,CHG1,path_1,66,8,32,2.45,0.05,0
CHG2__CHG1__path_1,CHG2,CHG1,path_1,67,8,31,2.35,0.05,0
CHG2__CHG1__path_1,CHG2,CHG1,path_1,68,8,30,2.25,0.05,0
CHG2__CHG1__path_1,CHG2,CHG1,path_1,69,8,29,2.15,0.05,0
CHG2__CHG1__path_1,CHG2,CHG1,path_1,70,8,28,2.05,0.05,0
CHG2__CHG1__path_1,CHG2,CHG1,path_1,71,8,27,1.95,0.05,0
CHG2__CHG1__path_1,CHG2,CHG1,path_1,72,8,26,1.85,0.05,0
CHG2__CHG1__path_1,CHG2,CHG1,path_1,73,8,25,1.75,0.05,0
CHG2__CHG1__path_1,CHG2,CHG1,path_1,74,8,24,1.65,0.05,0
CHG2__CHG1__path_1,CHG2,CHG1,path_1,75,8,23,1.55,0.05,0
CHG2__CHG1__path_1,CHG2,CHG1,path_1,76,8,22,1.45,0.05,0
CHG2__CHG1__path_1,CHG2,CHG1,path_1,77,8,21,1.35,0.05,0
CHG2__CHG1__path_1,CHG2,CHG1,path_1,78,8,20,1.25,0.05,0
CHG2__CHG1__path_1,CHG2,CHG1,path_1,79,8,19,1.15,0.05,0
CHG2__CHG1__path_1,CHG2,CHG1,path_1,80,8,18,1.05,0.05,0
