amr_id,task_id,sequence_order,segment_type,path_uid,sample_index,absolute_time,offset_time,x,y,theta,speed,footprint_radius
AMR1,T06,1,transition,vg::IN1__P2__path_1,0,0.0,0.0,0.0,1.0,0.602983,1.0,0.25
AMR2,T02,1,repair_wait_at_node,stationary::IN2,0,0.0,0.0,0.05,4.95,-1.570796,0.0,0.25
AMR3,T01,1,repair_wait_at_node,stationary::CHG1,0,0.0,0.0,1.05,0.05,2.356194,0.0,0.25
AMR4,T04,1,transition,vg::CHG2__P8__path_1,0,0.0,0.0,9.0,0.0,1.647243,1.100000140008503,0.25
AMR1,T06,1,transition,vg::IN1__P2__path_1,1,0.1,0.1,0.0824,1.0568,0.602983,1.0,0.25
AMR2,T02,1,repair_wait_at_node,stationary::IN2,1,0.1,0.1,0.05,4.95,-1.570796,0.0,0.25
AMR3,T01,1,repair_wait_at_node,stationary::CHG1,1,0.1,0.1,1.05,0.05,2.356194,0.0,0.25
AMR4,T04,1,transition,vg::CHG2__P8__path_1,1,0.1,0.1,8.991639998935936,0.1097800139728486,1.647243,1.100000140008503,0.25
AMR1,T06,1,transition,vg::IN1__P2__path_1,2,0.2,0.2,0.1648,1.1136,0.602983,1.0,0.25
AMR2,T02,1,repair_wait_at_node,stationary::IN2,2,0.2,0.2,0.05,4.95,-1.570796,0.0,0.25
AMR3,T01,1,repair_wait_at_node,stationary::CHG1,2,0.2,0.2,1.05,0.05,2.356194,0.0,0.25
AMR4,T04,1,transition,vg::CHG2__P8__path_1,2,0.2,0.2,8.98327999787187,0.2195600279456973,1.647243,1.100000140008503,0.25
AMR1,T06,1,transition,vg::IN1__P2__path_1,3,0.3,0.3,0.2472,1.1704,0.602983,1.0,0.25
AMR2,T02,1,repair_wait_at_node,stationary::IN2,3,0.3,0.3,0.05,4.95,-1.570796,0.0,0.25
AMR3,T01,1,repair_wait_at_node,stationary::CHG1,3,0.3,0.3,1.05,0.05,2.356194,0.0,0.25
AMR4,T04,1,transition,vg::CHG2__P8__path_1,3,0.3,0.3,8.974919996807806,0.329340041918546,1.647243,1.100000140008503,0.25
AMR1,T06,1,transition,vg::IN1__P2__path_1,4,0.4,0.4,0.3296,1.2272,0.602983,1.0,0.25
AMR2,T02,1,repair_wait_at_node,stationary::IN2,4,0.4,0.4,0.05,4.95,-1.570796,0.0,0.25
AMR3,T01,1,repair_wait_at_node,stationary::CHG1,4,0.4,0.4,1.05,0.05,2.356194,0.0,0.25
AMR4,T04,1,transition,vg::CHG2__P8__path_1,4,0.4,0.4,8.966559995743742,0.4391200558913946,1.647243,1.100000140008503,0.25
AMR1,T06,1,transition,vg::IN1__P2__path_1,5,0.5,0.5,0.412,1.284,0.602983,1.0,0.25
AMR2,T02,1,repair_wait_at_node,stationary::IN2,5,0.5,0.5,0.05,4.95,-1.570796,0.0,0.25
AMR3,T01,1,repair_wait_at_node,stationary::CHG1,5,0.5,0.5,1.05,0.05,2.356194,0.0,0.25
AMR4,T04,1,transition,vg::CHG2__P8__path_1,5,0.5,0.5,8.958199994679676,0.5488000697242347,1.647243,1.100000140008503,0.25
AMR1,T06,1,transition,vg::IN1__P2__path_1,6,0.6,0.6,0.4944,1.3406,0.602983,1.0,0.25
AMR2,T02,1,repair_wait_at_node,stationary::IN2,6,0.6,0.6,0.05,4.95,-1.570796,0.0,0.25
AMR3,T01,1,repair_wait_at_node,stationary::CHG1,6,0.6,0.6,1.05,0.05,2.356194,0.0,0.25
AMR4,T04,1,transition,vg::CHG2__P8__path_1,6,0.6,0.6,8.949839993615612,0.6583600836690817,1.647243,1.100000140008503,0.25
AMR1,T06,1,transition,vg::IN1__P2__path_1,7,0.7,0.7,0.5768,1.3972,0.602983,1.0,0.25
AMR2,T02,1,repair_wait_at_node,stationary::IN2,7,0.7,0.7,0.05,4.95,-1.570796,0.0,0.25
AMR3,T01,1,repair_wait_at_node,stationary::CHG1,7,0.7,0.7,1.05,0.05,2.356194,0.0,0.25
AMR4,T04,1,transition,vg::CHG2__P8__path_1,7,0.7,0.7,8.941479992551548,0.7679200976139287,1.647243,1.100000140008503,0.25
AMR1,T06,1,transition,vg::IN1__P2__path_1,8,0.8,0.8,0.6592,1.4538,0.602983,1.0,0.25
AMR2,T02,1,repair_wait_at_node,stationary::IN2,8,0.8,0.8,0.05,4.95,-1.570796,0.0,0.25
AMR3,T01,1,repair_wait_at_node,stationary::CHG1,8,0.8,0.8,1.05,0.05,2.356194,0.0,0.25
AMR4,T04,1,transition,vg::CHG2__P8__path_1,8,0.8,0.8,8.933119991487482,0.8774801115587756,1.647243,1.100000140008503,0.25
AMR1,T06,1,transition,vg::IN1__P2__path_1,9,0.9,0.9,0.7416,1.5104,0.602983,1.0,0.25
AMR2,T02,1,repair_wait_at_node,stationary::IN2,9,0.9,0.9,0.05,4.95,-1.570796,0.0,0.25
AMR3,T01,1,repair_wait_at_node,stationary::CHG1,9,0.9,0.9,1.05,0.05,2.356194,0.0,0.25
AMR4,T04,1,transition,vg::CHG2__P8__path_1,9,0.9,0.9,8.924759990423418,0.9870401255036224,1.647243,1.100000140008503,0.25
AMR1,T06,1,transition,vg::IN1__P2__path_1,10,1.0,1.0,0.824,1.567,0.602983,1.0,0.25
AMR2,T02,1,repair_wait_at_node,stationary::IN2,10,1.0,1.0,0.05,4.95,-1.570796,0.0,0.25
AMR3,T01,1,repair_wait_at_node,stationary::CHG1,10,1.0,1.0,1.05,0.05,2.356194,0.0,0.25
AMR4,T04,1,transition,vg::CHG2__P8__path_1,10,1.0,1.0,8.916199989079336,1.0968001397284863,1.647243,1.100000140008503,0.25
AMR1,T06,1,transition,vg::IN1__P2__path_1,11,1.1,1.1,0.9062,1.6238,0.602983,1.0,0.25
AMR2,T02,1,repair_wait_at_node,stationary::IN2,11,1.1,1.1,0.05,4.95,-1.570796,0.0,0.25
AMR3,T01,1,repair_wait_at_node,stationary::CHG1,11,1.1,1.1,1.05,0.05,2.356194,0.0,0.25
AMR4,T04,1,transition,vg::CHG2__P8__path_1,11,1.1,1.1,8.90761998798727,1.2065801537013352,1.647243,1.100000140008503,0.25
AMR1,T06,1,transition,vg::IN1__P2__path_1,12,1.2,1.2,0.9884000000000002,1.6806,0.602983,1.0,0.25
AMR2,T02,1,repair_wait_at_node,stationary::IN2,12,1.2,1.2,0.05,4.95,-1.570796,0.0,0.25
AMR3,T01,1,repair_wait_at_node,stationary::CHG1,12,1.2,1.2,1.05,0.05,2.356194,0.0,0.25
AMR4,T04,1,transition,vg::CHG2__P8__path_1,12,1.2,1.2,8.899039986895204,1.3163601676741838,1.647243,1.100000140008503,0.25
AMR1,T06,1,transition,vg::IN1__P2__path_1,13,1.3,1.3,1.0706,1.7374,0.602983,1.0,0.25
AMR2,T02,1,repair_wait_at_node,stationary::IN2,13,1.3,1.3,0.05,4.95,-1.570796,0.0,0.25
AMR3,T01,1,repair_wait_at_node,stationary::CHG1,13,1.3,1.3,1.05,0.05,2.356194,0.0,0.25
AMR4,T04,1,transition,vg::CHG2__P8__path_1,13,1.3,1.3,8.890459985803137,1.4261401816470325,1.647243,1.100000140008503,0.25
AMR1,T06,1,transition,vg::IN1__P2__path_1,14,1.4,1.4,1.1528,1.7942,0.602983,1.0,0.25
AMR2,T02,1,repair_wait_at_node,stationary::IN2,14,1.4,1.4,0.05,4.95,-1.570796,0.0,0.25
AMR3,T01,1,repair_wait_at_node,stationary::CHG1,14,1.4,1.4,1.05,0.05,2.356194,0.0,0.25
AMR4,T04,1,transition,vg::CHG2__P8__path_1,14,1.4,1.4,8.881959985103094,1.5358401952278573,1.647243,1.100000140008503,0.25
AMR1,T06,1,transition,vg::IN1__P2__path_1,15,1.5,1.5,1.235,1.851,0.602983,1.0,0.25
AMR2,T02,1,repair_wait_at_node,stationary::IN2,15,1.5,1.5,0.05,4.95,-1.570796,0.0,0.25
AMR3,T01,1,repair_wait_at_node,stationary::CHG1,15,1.5,1.5,1.05,0.05,2.356194,0.0,0.25
AMR4,T04,1,transition,vg::CHG2__P8__path_1,15,1.5,1.5,8.87359998403903,1.6454002091727042,1.647243,1.100000140008503,0.25
AMR1,T06,1,transition,vg::IN1__P2__path_1,16,1.6,1.6,1.3174,1.9076,0.602983,1.0,0.25
AMR2,T02,1,repair_wait_at_node,stationary::IN2,16,1.6,1.6,0.05,4.95,-1.570796,0.0,0.25
AMR3,T01,1,repair_wait_at_node,stationary::CHG1,16,1.6,1.6,1.05,0.05,2.356194,0.0,0.25
AMR4,T04,1,transition,vg::CHG2__P8__path_1,16,1.6,1.6,8.865239982974966,1.7549602231175512,1.647243,1.100000140008503,0.25
AMR1,T06,1,transition,vg::IN1__P2__path_1,17,1.7,1.7,1.3998000000000002,1.9642,0.602983,1.0,0.25
AMR2,T02,1,repair_wait_at_node,stationary::IN2,17,1.7,1.7,0.05,4.95,-1.570796,0.0,0.25
AMR3,T01,1,repair_wait_at_node,stationary::CHG1,17,1.7,1.7,1.05,0.05,2.356194,0.0,0.25
AMR4,T04,1,transition,vg::CHG2__P8__path_1,17,1.7,1.7,8.8568799819109,1.8645202370623983,1.647243,1.100000140008503,0.25
AMR1,T06,1,transition,vg::IN1__P2__path_1,18,1.8,1.8,1.4822000000000002,2.0208,0.602983,1.0,0.25
AMR2,T02,1,repair_wait_at_node,stationary::IN2,18,1.8,1.8,0.05,4.95,-1.570796,0.0,0.25
AMR3,T01,1,repair_wait_at_node,stationary::CHG1,18,1.8,1.8,1.05,0.05,2.356194,0.0,0.25
AMR4,T04,1,transition,vg::CHG2__P8__path_1,18,1.8,1.8,8.848519980846836,1.974080251007245,1.647243,1.100000140008503,0.25
AMR1,T06,1,transition,vg::IN1__P2__path_1,19,1.9,1.9,1.5646000000000002,2.0774,0.602983,1.0,0.25
AMR2,T02,1,repair_wait_at_node,stationary::IN2,19,1.9,1.9,0.05,4.95,-1.570796,0.0,0.25
AMR3,T01,1,repair_wait_at_node,stationary::CHG1,19,1.9,1.9,1.05,0.05,2.356194,0.0,0.25
AMR4,T04,1,transition,vg::CHG2__P8__path_1,19,1.9,1.9,8.840193257192055,2.083748164430677,1.647243,1.100000140008503,0.25
AMR1,T06,1,transition,vg::IN1__P2__path_1,20,2.0,2.0,1.647,2.134,0.602983,1.0,0.25
AMR2,T02,1,repair_wait_at_node,stationary::IN2,20,2.0,2.0,0.05,4.95,-1.570796,0.0,0.25
AMR3,T01,1,repair_wait_at_node,stationary::CHG1,20,2.0,2.0,1.05,0.05,2.356194,0.0,0.25
AMR4,T04,1,transition,vg::CHG2__P8__path_1,20,2.0,2.0,8.831873928402075,2.193440055143009,1.647243,1.100000140008503,0.25
AMR1,T06,1,transition,vg::IN1__P2__path_1,21,2.1,2.1,1.7294,2.1908,0.602983,1.0,0.25
AMR2,T02,1,repair_wait_at_node,stationary::IN2,21,2.1,2.1,0.05,4.95,-1.570796,0.0,0.25
AMR3,T01,1,repair_wait_at_node,stationary::CHG1,21,2.1,2.1,1.05,0.05,2.356194,0.0,0.25
AMR4,T04,1,transition,vg::CHG2__P8__path_1,21,2.1,2.1,8.823554599612095,2.303131945855342,1.647243,1.100000140008503,0.25
AMR4,T04,1,wait_at_pickup,stationary::P8,0,2.143,0.0,8.85,2.35,-1.570796,0.0,0.25
AMR4,T04,1,transition,vg::CHG2__P8__path_1,22,2.143,2.143,8.82,2.35,1.647243,1.100000140008503,0.25
AMR1,T06,1,transition,vg::IN1__P2__path_1,22,2.2,2.2,1.8118000000000003,2.2476000000000003,0.602983,1.0,0.25
AMR2,T02,1,repair_wait_at_node,stationary::IN2,22,2.2,2.2,0.05,4.95,-1.570796,0.0,0.25
AMR3,T01,1,repair_wait_at_node,stationary::CHG1,22,2.2,2.2,1.05,0.05,2.356194,0.0,0.25
AMR4,T04,1,wait_at_pickup,stationary::P8,1,2.243,0.1,8.85,2.35,-1.570796,0.0,0.25
AMR1,T06,1,transition,vg::IN1__P2__path_1,23,2.3,2.3,1.8942000000000003,2.3044,0.602983,1.0,0.25
AMR2,T02,1,repair_wait_at_node,stationary::IN2,23,2.3,2.3,0.05,4.95,-1.570796,0.0,0.25
AMR3,T01,1,repair_wait_at_node,stationary::CHG1,23,2.3,2.3,1.05,0.05,2.356194,0.0,0.25
AMR4,T04,1,wait_at_pickup,stationary::P8,2,2.343,0.2,8.85,2.35,-1.570796,0.0,0.25
AMR1,T06,1,transition,vg::IN1__P2__path_1,24,2.4,2.4,1.9766000000000004,2.3612,0.602983,1.0,0.25
AMR2,T02,1,repair_wait_at_node,stationary::IN2,24,2.4,2.4,0.05,4.95,-1.570796,0.0,0.25
AMR3,T01,1,repair_wait_at_node,stationary::CHG1,24,2.4,2.4,1.05,0.05,2.356194,0.0,0.25
AMR4,T04,1,wait_at_pickup,stationary::P8,3,2.443,0.3,8.85,2.35,-1.570796,0.0,0.25
AMR1,T06,1,transition,vg::IN1__P2__path_1,25,2.5,2.5,2.059,2.418,0.602983,1.0,0.25
AMR2,T02,1,repair_wait_at_node,stationary::IN2,25,2.5,2.5,0.05,4.95,-1.570796,0.0,0.25
AMR3,T01,1,repair_wait_at_node,stationary::CHG1,25,2.5,2.5,1.05,0.05,2.356194,0.0,0.25
AMR4,T04,1,wait_at_pickup,stationary::P8,4,2.543,0.4,8.85,2.35,-1.570796,0.0,0.25
AMR1,T06,1,transition,vg::IN1__P2__path_1,26,2.6,2.6,2.1414000000000004,2.4746,0.602983,1.0,0.25
AMR2,T02,1,repair_wait_at_node,stationary::IN2,26,2.6,2.6,0.05,4.95,-1.570796,0.0,0.25
AMR3,T01,1,repair_wait_at_node,stationary::CHG1,26,2.6,2.6,1.05,0.05,2.356194,0.0,0.25
AMR4,T04,1,wait_at_pickup,stationary::P8,5,2.643,0.5,8.85,2.35,-1.570796,0.0,0.25
AMR1,T06,1,transition,vg::IN1__P2__path_1,27,2.7,2.7,2.2238,2.5312,0.602983,1.0,0.25
AMR2,T02,1,repair_wait_at_node,stationary::IN2,27,2.7,2.7,0.05,4.95,-1.570796,0.0,0.25
AMR3,T01,1,repair_wait_at_node,stationary::CHG1,27,2.7,2.7,1.05,0.05,2.356194,0.0,0.25
AMR4,T04,1,wait_at_pickup,stationary::P8,6,2.743,0.6,8.85,2.35,-1.570796,0.0,0.25
AMR1,T06,1,transition,vg::IN1__P2__path_1,28,2.8,2.8,2.3062000000000005,2.5878,0.602983,1.0,0.25
AMR2,T02,1,repair_wait_at_node,stationary::IN2,28,2.8,2.8,0.05,4.95,-1.570796,0.0,0.25
AMR3,T01,1,repair_wait_at_node,stationary::CHG1,28,2.8,2.8,1.05,0.05,2.356194,0.0,0.25
AMR4,T04,1,wait_at_pickup,stationary::P8,7,2.843,0.7,8.85,2.35,-1.570796,0.0,0.25
AMR1,T06,1,transition,vg::IN1__P2__path_1,29,2.9,2.9,2.3886000000000003,2.6444,0.602983,1.0,0.25
AMR2,T02,1,repair_wait_at_node,stationary::IN2,29,2.9,2.9,0.05,4.95,-1.570796,0.0,0.25
AMR3,T01,1,repair_wait_at_node,stationary::CHG1,29,2.9,2.9,1.05,0.05,2.356194,0.0,0.25
AMR4,T04,1,wait_at_pickup,stationary::P8,8,2.943,0.8,8.85,2.35,-1.570796,0.0,0.25
AMR1,T06,1,transition,vg::IN1__P2__path_1,30,3.0,3.0,2.471,2.701,0.602983,1.0,0.25
AMR2,T02,1,repair_wait_at_node,stationary::IN2,30,3.0,3.0,0.05,4.95,-1.570796,0.0,0.25
AMR3,T01,1,repair_wait_at_node,stationary::CHG1,30,3.0,3.0,1.05,0.05,2.356194,0.0,0.25
AMR4,T04,1,wait_at_pickup,stationary::P8,9,3.043,0.9,8.85,2.35,-1.570796,0.0,0.25
AMR1,T06,1,transition,vg::IN1__P2__path_1,31,3.1,3.1,2.5534000000000003,2.7578,0.602983,1.0,0.25
AMR2,T02,1,repair_wait_at_node,stationary::IN2,31,3.1,3.1,0.05,4.95,-1.570796,0.0,0.25
AMR3,T01,1,repair_wait_at_node,stationary::CHG1,31,3.1,3.1,1.05,0.05,2.356194,0.0,0.25
AMR4,T04,1,wait_at_pickup,stationary::P8,10,3.143,1.0,8.85,2.35,-1.570796,0.0,0.25
AMR1,T06,1,transition,vg::IN1__P2__path_1,32,3.2,3.2,2.6358,2.8146,0.602983,1.0,0.25
AMR2,T02,1,repair_wait_at_node,stationary::IN2,32,3.2,3.2,0.05,4.95,-1.570796,0.0,0.25
AMR3,T01,1,repair_wait_at_node,stationary::CHG1,32,3.2,3.2,1.05,0.05,2.356194,0.0,0.25
AMR4,T04,1,wait_at_pickup,stationary::P8,11,3.243,1.1,8.85,2.35,-1.570796,0.0,0.25
AMR1,T06,1,transition,vg::IN1__P2__path_1,33,3.3,3.3,2.7182000000000004,2.8714,0.602983,1.0,0.25
AMR2,T02,1,repair_wait_at_node,stationary::IN2,33,3.3,3.3,0.05,4.95,-1.570796,0.0,0.25
AMR3,T01,1,repair_wait_at_node,stationary::CHG1,33,3.3,3.3,1.05,0.05,2.356194,0.0,0.25
AMR4,T04,1,wait_at_pickup,stationary::P8,12,3.343,1.2,8.85,2.35,-1.570796,0.0,0.25
AMR1,T06,1,transition,vg::IN1__P2__path_1,34,3.4,3.4,2.8006,2.9282,0.602983,1.0,0.25
AMR2,T02,1,repair_wait_at_node,stationary::IN2,34,3.4,3.4,0.05,4.95,-1.570796,0.0,0.25
AMR3,T01,1,repair_wait_at_node,stationary::CHG1,34,3.4,3.4,1.05,0.05,2.356194,0.0,0.25
AMR4,T04,1,wait_at_pickup,stationary::P8,13,3.443,1.3,8.85,2.35,-1.570796,0.0,0.25
AMR1,T06,1,transition,vg::IN1__P2__path_1,35,3.5,3.5,2.883,2.985,0.602983,1.0,0.25
AMR2,T02,1,repair_wait_at_node,stationary::IN2,35,3.5,3.5,0.05,4.95,-1.570796,0.0,0.25
AMR3,T01,1,repair_wait_at_node,stationary::CHG1,35,3.5,3.5,1.05,0.05,2.356194,0.0,0.25
AMR4,T04,1,wait_at_pickup,stationary::P8,14,3.543,1.4,8.85,2.35,-1.570796,0.0,0.25
AMR1,T06,1,transition,vg::IN1__P2__path_1,36,3.6,3.6,2.9758,3.008,0.4823863999999999,1.0,0.25
AMR2,T02,1,repair_wait_at_node,stationary::IN2,36,3.6,3.6,0.05,4.95,-1.570796,0.0,0.25
AMR3,T01,1,repair_wait_at_node,stationary::CHG1,36,3.6,3.6,1.05,0.05,2.356194,0.0,0.25
AMR4,T04,1,wait_at_pickup,stationary::P8,15,3.643,1.5,8.85,2.35,-1.570796,0.0,0.25
AMR1,T06,1,transition,vg::IN1__P2__path_1,37,3.7,3.7,3.0686,3.031,0.3617897999999998,1.0,0.25
AMR2,T02,1,repair_wait_at_node,stationary::IN2,37,3.7,3.7,0.05,4.95,-1.570796,0.0,0.25
AMR3,T01,1,repair_wait_at_node,stationary::CHG1,37,3.7,3.7,1.05,0.05,2.356194,0.0,0.25
AMR4,T04,1,wait_at_pickup,stationary::P8,16,3.743,1.6,8.85,2.35,-1.570796,0.0,0.25
AMR1,T06,1,transition,vg::IN1__P2__path_1,38,3.8,3.8,3.1614000000000004,3.0540000000000003,0.2411931999999997,1.0,0.25
AMR2,T02,1,repair_wait_at_node,stationary::IN2,38,3.8,3.8,0.05,4.95,-1.570796,0.0,0.25
AMR3,T01,1,repair_wait_at_node,stationary::CHG1,38,3.8,3.8,1.05,0.05,2.356194,0.0,0.25
AMR4,T04,1,wait_at_pickup,stationary::P8,17,3.843,1.7,8.85,2.35,-1.570796,0.0,0.25
AMR1,T06,1,transition,vg::IN1__P2__path_1,39,3.9,3.9,3.2542000000000004,3.077,0.1205965999999995,1.0,0.25
AMR2,T02,1,repair_wait_at_node,stationary::IN2,39,3.9,3.9,0.05,4.95,-1.570796,0.0,0.25
AMR3,T01,1,repair_wait_at_node,stationary::CHG1,39,3.9,3.9,1.05,0.05,2.356194,0.0,0.25
AMR4,T04,1,wait_at_pickup,stationary::P8,18,3.943,1.8,8.85,2.35,-1.570796,0.0,0.25
AMR1,T06,1,transition,vg::IN1__P2__path_1,40,4.0,4.0,3.347,3.1,0.0,1.0,0.25
AMR2,T02,1,repair_wait_at_node,stationary::IN2,40,4.0,4.0,0.05,4.95,-1.570796,0.0,0.25
AMR3,T01,1,repair_wait_at_node,stationary::CHG1,40,4.0,4.0,1.05,0.05,2.356194,0.0,0.25
AMR4,T04,1,service_at_pickup,stationary::P8,0,4.0,0.0,8.85,2.35,-1.570796,0.0,0.25
AMR4,T04,1,wait_at_pickup,stationary::P8,19,4.0,1.857,8.85,2.35,-1.570796,0.0,0.25
AMR1,T06,1,transition,vg::IN1__P2__path_1,41,4.1,4.1,3.4470000000000005,3.1,0.0,1.0,0.25
AMR2,T02,1,repair_wait_at_node,stationary::IN2,41,4.1,4.1,0.05,4.95,-1.570796,0.0,0.25
AMR3,T01,1,repair_wait_at_node,stationary::CHG1,41,4.1,4.1,1.05,0.05,2.356194,0.0,0.25
AMR4,T04,1,service_at_pickup,stationary::P8,1,4.1,0.1,8.85,2.35,-1.570796,0.0,0.25
AMR1,T06,1,transition,vg::IN1__P2__path_1,42,4.2,4.2,3.547,3.1,0.0,1.0,0.25
AMR2,T02,1,repair_wait_at_node,stationary::IN2,42,4.2,4.2,0.05,4.95,-1.570796,0.0,0.25
AMR3,T01,1,repair_wait_at_node,stationary::CHG1,42,4.2,4.2,1.05,0.05,2.356194,0.0,0.25
AMR4,T04,1,service_at_pickup,stationary::P8,2,4.2,0.2,8.85,2.35,-1.570796,0.0,0.25
AMR1,T06,1,transition,vg::IN1__P2__path_1,43,4.3,4.3,3.647,3.1,0.0,1.0,0.25
AMR2,T02,1,repair_wait_at_node,stationary::IN2,43,4.3,4.3,0.05,4.95,-1.570796,0.0,0.25
AMR3,T01,1,repair_wait_at_node,stationary::CHG1,43,4.3,4.3,1.05,0.05,2.356194,0.0,0.25
AMR4,T04,1,service_at_pickup,stationary::P8,3,4.3,0.3,8.85,2.35,-1.570796,0.0,0.25
AMR1,T06,1,transition,vg::IN1__P2__path_1,44,4.4,4.4,3.747,3.1,0.0,1.0,0.25
AMR2,T02,1,repair_wait_at_node,stationary::IN2,44,4.4,4.4,0.05,4.95,-1.570796,0.0,0.25
AMR3,T01,1,repair_wait_at_node,stationary::CHG1,44,4.4,4.4,1.05,0.05,2.356194,0.0,0.25
AMR4,T04,1,service_at_pickup,stationary::P8,4,4.4,0.4,8.85,2.35,-1.570796,0.0,0.25
AMR1,T06,1,transition,vg::IN1__P2__path_1,45,4.5,4.5,3.847,3.1,0.0,1.0,0.25
AMR2,T02,1,repair_wait_at_node,stationary::IN2,45,4.5,4.5,0.05,4.95,-1.570796,0.0,0.25
AMR3,T01,1,repair_wait_at_node,stationary::CHG1,45,4.5,4.5,1.05,0.05,2.356194,0.0,0.25
AMR4,T04,1,service_at_pickup,stationary::P8,5,4.5,0.5,8.85,2.35,-1.570796,0.0,0.25
AMR1,T06,1,transition,vg::IN1__P2__path_1,46,4.6,4.6,3.947000000000001,3.1,0.0,1.0,0.25
AMR2,T02,1,repair_wait_at_node,stationary::IN2,46,4.6,4.6,0.05,4.95,-1.570796,0.0,0.25
AMR3,T01,1,repair_wait_at_node,stationary::CHG1,46,4.6,4.6,1.05,0.05,2.356194,0.0,0.25
AMR4,T04,1,service_at_pickup,stationary::P8,6,4.6,0.6,8.85,2.35,-1.570796,0.0,0.25
AMR1,T06,1,transition,vg::IN1__P2__path_1,47,4.7,4.7,4.047000000000001,3.1,0.0,1.0,0.25
AMR2,T02,1,repair_wait_at_node,stationary::IN2,47,4.7,4.7,0.05,4.95,-1.570796,0.0,0.25
AMR3,T01,1,repair_wait_at_node,stationary::CHG1,47,4.7,4.7,1.05,0.05,2.356194,0.0,0.25
AMR4,T04,1,service_at_pickup,stationary::P8,7,4.7,0.7,8.85,2.35,-1.570796,0.0,0.25
AMR1,T06,1,transition,vg::IN1__P2__path_1,48,4.8,4.8,4.147000000000001,3.1,0.0,1.0,0.25
AMR2,T02,1,repair_wait_at_node,stationary::IN2,48,4.8,4.8,0.05,4.95,-1.570796,0.0,0.25
AMR3,T01,1,repair_wait_at_node,stationary::CHG1,48,4.8,4.8,1.05,0.05,2.356194,0.0,0.25
AMR4,T04,1,service_at_pickup,stationary::P8,8,4.8,0.8,8.85,2.35,-1.570796,0.0,0.25
AMR1,T06,1,transition,vg::IN1__P2__path_1,49,4.9,4.9,4.247000000000001,3.1,0.0,1.0,0.25
AMR2,T02,1,repair_wait_at_node,stationary::IN2,49,4.9,4.9,0.05,4.95,-1.570796,0.0,0.25
AMR3,T01,1,repair_wait_at_node,stationary::CHG1,49,4.9,4.9,1.05,0.05,2.356194,0.0,0.25
AMR4,T04,1,service_at_pickup,stationary::P8,9,4.9,0.9,8.85,2.35,-1.570796,0.0,0.25
AMR1,T06,1,transition,vg::IN1__P2__path_1,50,5.0,5.0,4.347,3.1,0.0,1.0,0.25
AMR2,T02,1,repair_wait_at_node,stationary::IN2,50,5.0,5.0,0.05,4.95,-1.570796,0.0,0.25
AMR3,T01,1,transition,vg::CHG1__P1__path_1,0,5.0,0.0,1.0,0.0,0.447356,0.9000000000000001,0.25
AMR3,T01,1,repair_wait_at_node,stationary::CHG1,50,5.0,5.0,1.05,0.05,2.356194,0.0,0.25
AMR4,T04,1,service_at_pickup,stationary::P8,10,5.0,1.0,8.85,2.35,-1.570796,0.0,0.25
AMR1,T06,1,transition,vg::IN1__P2__path_1,51,5.1,5.1,4.3794,3.0306,-0.3088272000000016,1.0,0.25
AMR2,T02,1,repair_wait_at_node,stationary::IN2,51,5.1,5.1,0.05,4.95,-1.570796,0.0,0.25
AMR3,T01,1,transition,vg::CHG1__P1__path_1,1,5.1,0.1,1.08118,0.03888,0.447356,0.9000000000000001,0.25
AMR4,T04,1,service_at_pickup,stationary::P8,11,5.1,1.1,8.85,2.35,-1.570796,0.0,0.25
AMR1,T06,1,transition,vg::IN1__P2__path_1,52,5.2,5.2,4.4118,2.9612,-0.6176544000000005,1.0,0.25
AMR2,T02,1,repair_wait_at_node,stationary::IN2,52,5.2,5.2,0.05,4.95,-1.570796,0.0,0.25
AMR3,T01,1,transition,vg::CHG1__P1__path_1,2,5.2,0.2,1.16236,0.07776,0.447356,0.9000000000000001,0.25
AMR4,T04,1,service_at_pickup,stationary::P8,12,5.2,1.2,8.85,2.35,-1.570796,0.0,0.25
AMR1,T06,1,transition,vg::IN1__P2__path_1,53,5.3,5.3,4.4442,2.8917999999999995,-0.926481600000002,1.0,0.25
AMR2,T02,1,repair_wait_at_node,stationary::IN2,53,5.3,5.3,0.05,4.95,-1.570796,0.0,0.25
AMR3,T01,1,transition,vg::CHG1__P1__path_1,3,5.3,0.3,1.24354,0.11664,0.447356,0.9000000000000001,0.25
AMR4,T04,1,service_at_pickup,stationary::P8,13,5.3,1.3,8.85,2.35,-1.570796,0.0,0.25
AMR1,T06,1,transition,vg::IN1__P2__path_1,54,5.4,5.4,4.4766,2.8224,-1.235308800000001,1.0,0.25
AMR2,T02,1,repair_wait_at_node,stationary::IN2,54,5.4,5.4,0.05,4.95,-1.570796,0.0,0.25
AMR3,T01,1,transition,vg::CHG1__P1__path_1,4,5.4,0.4,1.32472,0.15552,0.447356,0.9000000000000001,0.25
AMR4,T04,1,service_at_pickup,stationary::P8,14,5.4,1.4,8.85,2.35,-1.570796,0.0,0.25
AMR1,T06,1,transition,vg::IN1__P2__path_1,55,5.5,5.5,4.509,2.753,-1.544136,1.0,0.25
AMR2,T02,1,repair_wait_at_node,stationary::IN2,55,5.5,5.5,0.05,4.95,-1.570796,0.0,0.25
AMR3,T01,1,transition,vg::CHG1__P1__path_1,5,5.5,0.5,1.4059,0.1944,0.447356,0.9000000000000001,0.25
AMR4,T04,1,service_at_pickup,stationary::P8,15,5.5,1.5,8.85,2.35,-1.570796,0.0,0.25
AMR1,T06,1,transition,vg::IN1__P2__path_1,56,5.6,5.6,4.51172952853598,2.653,-1.544136,1.0,0.25
AMR2,T02,1,repair_wait_at_node,stationary::IN2,56,5.6,5.6,0.05,4.95,-1.570796,0.0,0.25
AMR3,T01,1,transition,vg::CHG1__P1__path_1,6,5.6,0.6,1.4870800000000002,0.23336,0.447356,0.9000000000000001,0.25
AMR4,T04,1,service_at_pickup,stationary::P8,16,5.6,1.6,8.85,2.35,-1.570796,0.0,0.25
AMR1,T06,1,transition,vg::IN1__P2__path_1,57,5.7,5.7,4.51445905707196,2.553,-1.544136,1.0,0.25
AMR2,T02,1,repair_wait_at_node,stationary::IN2,57,5.7,5.7,0.05,4.95,-1.570796,0.0,0.25
AMR3,T01,1,transition,vg::CHG1__P1__path_1,7,5.7,0.7,1.5682600000000002,0.27242,0.447356,0.9000000000000001,0.25
AMR4,T04,1,service_at_pickup,stationary::P8,17,5.7,1.7,8.85,2.35,-1.570796,0.0,0.25
AMR1,T06,1,transition,vg::IN1__P2__path_1,58,5.8,5.8,4.51718858560794,2.452999999999999,-1.544136,1.0,0.25
AMR2,T02,1,repair_wait_at_node,stationary::IN2,58,5.8,5.8,0.05,4.95,-1.570796,0.0,0.25
AMR3,T01,1,transition,vg::CHG1__P1__path_1,8,5.8,0.8,1.6494400000000002,0.3114800000000001,0.447356,0.9000000000000001,0.25
AMR4,T04,1,service_at_pickup,stationary::P8,18,5.8,1.8,8.85,2.35,-1.570796,0.0,0.25
AMR1,T06,1,transition,vg::IN1__P2__path_1,59,5.9,5.9,4.51991811414392,2.3529999999999998,-1.544136,1.0,0.25
AMR2,T02,1,repair_wait_at_node,stationary::IN2,59,5.9,5.9,0.05,4.95,-1.570796,0.0,0.25
AMR3,T01,1,transition,vg::CHG1__P1__path_1,9,5.9,0.9,1.73062,0.3505400000000001,0.447356,0.9000000000000001,0.25
AMR4,T04,1,service_at_pickup,stationary::P8,19,5.9,1.9,8.85,2.35,-1.570796,0.0,0.25
AMR1,T06,1,wait_at_pickup,stationary::P2,0,5.903,0.0,4.55,2.35,1.570796,0.0,0.25
AMR1,T06,1,transition,vg::IN1__P2__path_1,60,5.903,5.903,4.52,2.35,-1.544136,1.0,0.25
AMR1,T06,1,service_at_pickup,stationary::P2,0,6.0,0.0,4.55,2.35,1.570796,0.0,0.25
AMR1,T06,1,wait_at_pickup,stationary::P2,1,6.0,0.097,4.55,2.35,1.570796,0.0,0.25
AMR2,T02,1,repair_wait_at_node,stationary::IN2,60,6.0,6.0,0.05,4.95,-1.570796,0.0,0.25
AMR3,T01,1,transition,vg::CHG1__P1__path_1,10,6.0,1.0,1.8118,0.3896,0.447356,0.9000000000000001,0.25
AMR4,T04,1,loaded,vg::P8__SORT2__path_1,0,6.0,0.0,8.82,2.35,0.834741,0.9899998791630488,0.25
AMR4,T04,1,service_at_pickup,stationary::P8,20,6.0,2.0,8.85,2.35,-1.570796,0.0,0.25
AMR1,T06,1,service_at_pickup,stationary::P2,1,6.1,0.1,4.55,2.35,1.570796,0.0,0.25
AMR2,T02,1,repair_wait_at_node,stationary::IN2,61,6.1,6.1,0.05,4.95,-1.570796,0.0,0.25
AMR3,T01,1,transition,vg::CHG1__P1__path_1,11,6.1,1.1,1.89298,0.4286600000000001,0.447356,0.9000000000000001,0.25
AMR4,T04,1,loaded,vg::P8__SORT2__path_1,1,6.1,0.1,8.886527991879758,2.4234579910338985,0.834741,0.9899998791630488,0.25
AMR1,T06,1,service_at_pickup,stationary::P2,2,6.2,0.2,4.55,2.35,1.570796,0.0,0.25
AMR2,T02,1,repair_wait_at_node,stationary::IN2,62,6.2,6.2,0.05,4.95,-1.570796,0.0,0.25
AMR3,T01,1,transition,vg::CHG1__P1__path_1,12,6.2,1.2,1.974,0.4675600000000001,0.447356,0.9000000000000001,0.25
AMR4,T04,1,loaded,vg::P8__SORT2__path_1,2,6.2,0.2,8.953055983759514,2.4969159820677964,0.834741,0.9899998791630488,0.25
AMR1,T06,1,service_at_pickup,stationary::P2,3,6.3,0.3,4.55,2.35,1.570796,0.0,0.25
AMR2,T02,1,repair_wait_at_node,stationary::IN2,63,6.3,6.3,0.05,4.95,-1.570796,0.0,0.25
AMR3,T01,1,transition,vg::CHG1__P1__path_1,13,6.3,1.3,2.055,0.5064400000000001,0.447356,0.9000000000000001,0.25
AMR4,T04,1,loaded,vg::P8__SORT2__path_1,3,6.3,0.3,9.019583975639272,2.570373973101695,0.834741,0.9899998791630488,0.25
AMR1,T06,1,service_at_pickup,stationary::P2,4,6.4,0.4,4.55,2.35,1.570796,0.0,0.25
AMR2,T02,1,repair_wait_at_node,stationary::IN2,64,6.4,6.4,0.05,4.95,-1.570796,0.0,0.25
AMR3,T01,1,transition,vg::CHG1__P1__path_1,14,6.4,1.4,2.136,0.5453200000000001,0.447356,0.9000000000000001,0.25
AMR4,T04,1,loaded,vg::P8__SORT2__path_1,4,6.4,0.4,9.086111967519027,2.643831964135593,0.834741,0.9899998791630488,0.25
AMR1,T06,1,service_at_pickup,stationary::P2,5,6.5,0.5,4.55,2.35,1.570796,0.0,0.25
AMR2,T02,1,repair_wait_at_node,stationary::IN2,65,6.5,6.5,0.05,4.95,-1.570796,0.0,0.25
AMR3,T01,1,transition,vg::CHG1__P1__path_1,15,6.5,1.5,2.217,0.5842,0.447356,0.9000000000000001,0.25
AMR4,T04,1,loaded,vg::P8__SORT2__path_1,5,6.5,0.5,9.152639959398783,2.717289955169491,0.834741,0.9899998791630488,0.25
AMR1,T06,1,service_at_pickup,stationary::P2,6,6.6,0.6,4.55,2.35,1.570796,0.0,0.25
AMR2,T02,1,repair_wait_at_node,stationary::IN2,66,6.6,6.6,0.05,4.95,-1.570796,0.0,0.25
AMR3,T01,1,transition,vg::CHG1__P1__path_1,16,6.6,1.6,2.298,0.6230800000000001,0.447356,0.9000000000000001,0.25
AMR4,T04,1,loaded,vg::P8__SORT2__path_1,6,6.6,0.6,9.218979951423544,2.790559946348394,0.834741,0.9899998791630488,0.25
AMR1,T06,1,service_at_pickup,stationary::P2,7,6.7,0.7,4.55,2.35,1.570796,0.0,0.25
AMR2,T02,1,repair_wait_at_node,stationary::IN2,67,6.7,6.7,0.05,4.95,-1.570796,0.0,0.25
AMR3,T01,1,transition,vg::CHG1__P1__path_1,17,6.7,1.7,2.37906,0.6619600000000001,0.447356,0.9000000000000001,0.25
AMR4,T04,1,loaded,vg::P8__SORT2__path_1,7,6.7,0.7,9.285309943327473,2.8638199374064595,0.834741,0.9899998791630488,0.25
AMR1,T06,1,service_at_pickup,stationary::P2,8,6.8,0.8,4.55,2.35,1.570796,0.0,0.25
AMR2,T02,1,repair_wait_at_node,stationary::IN2,68,6.8,6.8,0.05,4.95,-1.570796,0.0,0.25
AMR3,T01,1,transition,vg::CHG1__P1__path_1,18,6.8,1.8,2.46024,0.7008400000000001,0.447356,0.9000000000000001,0.25
AMR4,T04,1,loaded,vg::P8__SORT2__path_1,8,6.8,0.8,9.351639935231397,2.937079928464525,0.834741,0.9899998791630488,0.25
AMR1,T06,1,service_at_pickup,stationary::P2,9,6.9,0.9,4.55,2.35,1.570796,0.0,0.25
AMR2,T02,1,repair_wait_at_node,stationary::IN2,69,6.9,6.9,0.05,4.95,-1.570796,0.0,0.25
AMR3,T01,1,transition,vg::CHG1__P1__path_1,19,6.9,1.9,2.54142,0.7397200000000002,0.447356,0.9000000000000001,0.25
AMR4,T04,1,loaded,vg::P8__SORT2__path_1,9,6.9,0.9,9.41796992713532,3.0103399195225906,0.834741,0.9899998791630488,0.25
AMR1,T06,1,service_at_pickup,stationary::P2,10,7.0,1.0,4.55,2.35,1.570796,0.0,0.25
AMR2,T02,1,repair_wait_at_node,stationary::IN2,70,7.0,7.0,0.05,4.95,-1.570796,0.0,0.25
AMR3,T01,1,transition,vg::CHG1__P1__path_1,20,7.0,2.0,2.6226000000000003,0.7786000000000001,0.447356,0.9000000000000001,0.25
AMR4,T04,1,loaded,vg::P8__SORT2__path_1,10,7.0,1.0,9.484299919039245,3.0835999105806566,0.834741,0.9899998791630488,0.25
AMR1,T06,1,service_at_pickup,stationary::P2,11,7.1,1.1,4.55,2.35,1.570796,0.0,0.25
AMR2,T02,1,repair_wait_at_node,stationary::IN2,71,7.1,7.1,0.05,4.95,-1.570796,0.0,0.25
AMR3,T01,1,transition,vg::CHG1__P1__path_1,21,7.1,2.1,2.70378,0.8174800000000002,0.447356,0.9000000000000001,0.25
AMR4,T04,1,loaded,vg::P8__SORT2__path_1,11,7.1,1.1,9.550807910677326,3.1570379013728807,0.834741,0.9899998791630488,0.25
AMR1,T06,1,service_at_pickup,stationary::P2,12,7.2,1.2,4.55,2.35,1.570796,0.0,0.25
AMR2,T02,1,repair_wait_at_node,stationary::IN2,72,7.2,7.2,0.05,4.95,-1.570796,0.0,0.25
AMR3,T01,1,transition,vg::CHG1__P1__path_1,22,7.2,2.2,2.7849600000000003,0.8563600000000002,0.447356,0.9000000000000001,0.25
AMR4,T04,1,loaded,vg::P8__SORT2__path_1,12,7.2,1.2,9.617335902557082,3.230495892406779,0.834741,0.9899998791630488,0.25
AMR1,T06,1,service_at_pickup,stationary::P2,13,7.3,1.3,4.55,2.35,1.570796,0.0,0.25
AMR2,T02,1,repair_wait_at_node,stationary::IN2,73,7.3,7.3,0.05,4.95,-1.570796,0.0,0.25
AMR3,T01,1,transition,vg::CHG1__P1__path_1,23,7.3,2.3,2.8662142857142863,0.8953571428571431,0.447356,0.9000000000000001,0.25
AMR4,T04,1,loaded,vg::P8__SORT2__path_1,13,7.3,1.3,9.68386389443684,3.3039538834406774,0.834741,0.9899998791630488,0.25
AMR1,T06,1,service_at_pickup,stationary::P2,14,7.4,1.4,4.55,2.35,1.570796,0.0,0.25
AMR2,T02,1,repair_wait_at_node,stationary::IN2,74,7.4,7.4,0.05,4.95,-1.570796,0.0,0.25
AMR3,T01,1,transition,vg::CHG1__P1__path_1,24,7.4,2.4,2.947489795918368,0.934387755102041,0.447356,0.9000000000000001,0.25
AMR4,T04,1,loaded,vg::P8__SORT2__path_1,14,7.4,1.4,9.750391886316596,3.377411874474576,0.834741,0.9899998791630488,0.25
AMR3,T01,1,service_at_pickup,stationary::P1,0,7.44,0.0,2.95,0.95,2.356194,0.0,0.25
AMR3,T01,1,transition,vg::CHG1__P1__path_1,25,7.44,2.44,2.98,0.95,0.447356,0.9000000000000001,0.25
AMR1,T06,1,service_at_pickup,stationary::P2,15,7.5,1.5,4.55,2.35,1.570796,0.0,0.25
AMR2,T02,1,repair_wait_at_node,stationary::IN2,75,7.5,7.5,0.05,4.95,-1.570796,0.0,0.25
AMR4,T04,1,loaded,vg::P8__SORT2__path_1,15,7.5,1.5,9.816919878196352,3.4508698655084737,0.834741,0.9899998791630488,0.25
AMR3,T01,1,service_at_pickup,stationary::P1,1,7.54,0.1,2.95,0.95,2.356194,0.0,0.25
AMR1,T06,1,service_at_pickup,stationary::P2,16,7.6,1.6,4.55,2.35,1.570796,0.0,0.25
AMR2,T02,1,repair_wait_at_node,stationary::IN2,76,7.6,7.6,0.05,4.95,-1.570796,0.0,0.25
AMR4,T04,1,loaded,vg::P8__SORT2__path_1,16,7.6,1.6,9.883447870076113,3.52415985692905,0.834741,0.9899998791630488,0.25
AMR3,T01,1,service_at_pickup,stationary::P1,2,7.64,0.2,2.95,0.95,2.356194,0.0,0.25
AMR1,T06,1,service_at_pickup,stationary::P2,17,7.7,1.7,4.55,2.35,1.570796,0.0,0.25
AMR2,T02,1,repair_wait_at_node,stationary::IN2,77,7.7,7.7,0.05,4.95,-1.570796,0.0,0.25
AMR4,T04,1,loaded,vg::P8__SORT2__path_1,17,7.7,1.7,9.949975861955869,3.597419847987116,0.834741,0.9899998791630488,0.25
AMR3,T01,1,service_at_pickup,stationary::P1,3,7.74,0.3,2.95,0.95,2.356194,0.0,0.25
AMR1,T06,1,service_at_pickup,stationary::P2,18,7.8,1.8,4.55,2.35,1.570796,0.0,0.25
AMR2,T02,1,repair_wait_at_node,stationary::IN2,78,7.8,7.8,0.05,4.95,-1.570796,0.0,0.25
AMR4,T04,1,loaded,vg::P8__SORT2__path_1,18,7.8,1.8,10.016503853835625,3.670679839045181,0.834741,0.9899998791630488,0.25
AMR3,T01,1,service_at_pickup,stationary::P1,4,7.84,0.4,2.95,0.95,2.356194,0.0,0.25
AMR1,T06,1,service_at_pickup,stationary::P2,19,7.9,1.9,4.55,2.35,1.570796,0.0,0.25
AMR2,T02,1,repair_wait_at_node,stationary::IN2,79,7.9,7.9,0.05,4.95,-1.570796,0.0,0.25
AMR4,T04,1,loaded,vg::P8__SORT2__path_1,19,7.9,1.9,10.08303184571538,3.743939830103247,0.834741,0.9899998791630488,0.25
AMR3,T01,1,service_at_pickup,stationary::P1,5,7.94,0.5,2.95,0.95,2.356194,0.0,0.25
AMR1,T06,1,loaded,vg::P2__SORT1__path_1,0,8.0,0.0,4.52,2.35,0.646513,0.9000000152181267,0.25
AMR1,T06,1,service_at_pickup,stationary::P2,20,8.0,2.0,4.55,2.35,1.570796,0.0,0.25
AMR2,T02,1,repair_wait_at_node,stationary::IN2,80,8.0,8.0,0.05,4.95,-1.570796,0.0,0.25
AMR4,T04,1,loaded,vg::P8__SORT2__path_1,20,8.0,2.0,10.149559837595138,3.817199821161312,0.834741,0.9899998791630488,0.25
AMR3,T01,1,service_at_pickup,stationary::P1,6,8.04,0.6,2.95,0.95,2.356194,0.0,0.25
AMR1,T06,1,loaded,vg::P2__SORT1__path_1,1,8.1,0.1,4.591820001214406,2.404180000916132,0.646513,0.9000000152181267,0.25
AMR2,T02,1,repair_wait_at_node,stationary::IN2,81,8.1,8.1,0.05,4.95,-1.570796,0.0,0.25
AMR4,T04,1,loaded,vg::P8__SORT2__path_1,21,8.1,2.1,10.215935204114809,3.8905780431321215,0.834741,0.9899998791630488,0.25
AMR3,T01,1,service_at_pickup,stationary::P1,7,8.14,0.7,2.95,0.95,2.356194,0.0,0.25
AMR1,T06,1,loaded,vg::P2__SORT1__path_1,2,8.2,0.2,4.663640002428813,2.458360001832262,0.646513,0.9000000152181267,0.25
AMR2,T02,1,repair_wait_at_node,stationary::IN2,82,8.2,8.2,0.05,4.95,-1.570796,0.0,0.25
AMR4,T04,1,loaded,vg::P8__SORT2__path_1,22,8.2,2.2,10.282271930711786,3.963986197437409,0.834741,0.9899998791630488,0.25
AMR3,T01,1,service_at_pickup,stationary::P1,8,8.24,0.8,2.95,0.95,2.356194,0.0,0.25
AMR1,T06,1,loaded,vg::P2__SORT1__path_1,3,8.3,0.3,4.735460003643219,2.512540002748393,0.646513,0.9000000152181267,0.25
AMR2,T02,1,repair_wait_at_node,stationary::IN2,83,8.3,8.3,0.05,4.95,-1.570796,0.0,0.25
AMR4,T04,1,loaded,vg::P8__SORT2__path_1,23,8.3,2.3,10.348608657308766,4.037394351742696,0.834741,0.9899998791630488,0.25
AMR4,T08,2,repair_wait_at_node,stationary::SORT2,0,8.317,0.0,10.35,4.05,3.141593,0.0,0.25
AMR4,T04,1,loaded,vg::P8__SORT2__path_1,24,8.317,2.317,10.36,4.05,0.834741,0.9899998791630488,0.25
AMR3,T01,1,service_at_pickup,stationary::P1,9,8.34,0.9,2.95,0.95,2.356194,0.0,0.25
AMR1,T06,1,loaded,vg::P2__SORT1__path_1,4,8.4,0.4,4.807280004857626,2.566720003664525,0.646513,0.9000000152181267,0.25
AMR2,T02,1,repair_wait_at_node,stationary::IN2,84,8.4,8.4,0.05,4.95,-1.570796,0.0,0.25
AMR4,T08,2,repair_wait_at_node,stationary::SORT2,1,8.417,0.1,10.35,4.05,3.141593,0.0,0.25
AMR3,T01,1,service_at_pickup,stationary::P1,10,8.44,1.0,2.95,0.95,2.356194,0.0,0.25
AMR1,T06,1,loaded,vg::P2__SORT1__path_1,5,8.5,0.5,4.879100006072032,2.620900004580656,0.646513,0.9000000152181267,0.25
AMR2,T02,1,repair_wait_at_node,stationary::IN2,85,8.5,8.5,0.05,4.95,-1.570796,0.0,0.25
AMR4,T08,2,repair_wait_at_node,stationary::SORT2,2,8.517,0.2,10.35,4.05,3.141593,0.0,0.25
AMR3,T01,1,service_at_pickup,stationary::P1,11,8.54,1.1,2.95,0.95,2.356194,0.0,0.25
AMR1,T06,1,loaded,vg::P2__SORT1__path_1,6,8.6,0.6,4.956360008528238,2.658920001807913,0.5947919481935399,0.9000000152181267,0.25
AMR2,T02,1,repair_wait_at_node,stationary::IN2,86,8.6,8.6,0.05,4.95,-1.570796,0.0,0.25
AMR4,T08,2,repair_wait_at_node,stationary::SORT2,3,8.617,0.3,10.35,4.05,3.141593,0.0,0.25
AMR3,T01,1,service_at_pickup,stationary::P1,12,8.64,1.2,2.95,0.95,2.356194,0.0,0.25
AMR1,T06,1,loaded,vg::P2__SORT1__path_1,7,8.7,0.7,5.040420009949611,2.676740002109232,0.4784196062257965,0.9000000152181267,0.25
AMR2,T02,1,repair_wait_at_node,stationary::IN2,87,8.7,8.7,0.05,4.95,-1.570796,0.0,0.25
AMR4,T08,2,repair_wait_at_node,stationary::SORT2,4,8.717,0.4,10.35,4.05,3.141593,0.0,0.25
AMR3,T01,1,service_at_pickup,stationary::P1,13,8.74,1.3,2.95,0.95,2.356194,0.0,0.25
AMR1,T06,1,loaded,vg::P2__SORT1__path_1,8,8.8,0.8,5.124480011370984,2.694560002410551,0.3620472642580531,0.9000000152181267,0.25
AMR2,T02,1,repair_wait_at_node,stationary::IN2,88,8.8,8.8,0.05,4.95,-1.570796,0.0,0.25
AMR4,T08,2,repair_wait_at_node,stationary::SORT2,5,8.817,0.5,10.35,4.05,3.141593,0.0,0.25
AMR3,T01,1,service_at_pickup,stationary::P1,14,8.84,1.4,2.95,0.95,2.356194,0.0,0.25
AMR1,T06,1,loaded,vg::P2__SORT1__path_1,9,8.9,0.9,5.208540012792358,2.7123800027118703,0.2456749222903098,0.9000000152181267,0.25
AMR2,T02,1,repair_wait_at_node,stationary::IN2,89,8.9,8.9,0.05,4.95,-1.570796,0.0,0.25
AMR4,T08,2,repair_wait_at_node,stationary::SORT2,6,8.917,0.6,10.35,4.05,3.141593,0.0,0.25
AMR3,T01,1,service_at_pickup,stationary::P1,15,8.94,1.5,2.95,0.95,2.356194,0.0,0.25
AMR1,T06,1,loaded,vg::P2__SORT1__path_1,10,9.0,1.0,5.29260001421373,2.730200003013189,0.1293025803225664,0.9000000152181267,0.25
AMR2,T02,1,repair_wait_at_node,stationary::IN2,90,9.0,9.0,0.05,4.95,-1.570796,0.0,0.25
AMR4,T08,2,repair_wait_at_node,stationary::SORT2,7,9.017,0.7,10.35,4.05,3.141593,0.0,0.25
AMR3,T01,1,service_at_pickup,stationary::P1,16,9.04,1.6,2.95,0.95,2.356194,0.0,0.25
AMR1,T06,1,loaded,vg::P2__SORT1__path_1,11,9.1,1.1,5.376660015635103,2.748020003314508,0.012930238354823,0.9000000152181267,0.25
AMR2,T02,1,repair_wait_at_node,stationary::IN2,91,9.1,9.1,0.05,4.95,-1.570796,0.0,0.25
AMR4,T08,2,repair_wait_at_node,stationary::SORT2,8,9.117,0.8,10.35,4.05,3.141593,0.0,0.25
AMR3,T01,1,service_at_pickup,stationary::P1,17,9.14,1.7,2.95,0.95,2.356194,0.0,0.25
AMR1,T06,1,loaded,vg::P2__SORT1__path_1,12,9.2,1.2,5.466000018261752,2.75,0.0,0.9000000152181267,0.25
AMR2,T02,1,repair_wait_at_node,stationary::IN2,92,9.2,9.2,0.05,4.95,-1.570796,0.0,0.25
AMR4,T08,2,repair_wait_at_node,stationary::SORT2,9,9.217,0.9,10.35,4.05,3.141593,0.0,0.25
AMR3,T01,1,service_at_pickup,stationary::P1,18,9.24,1.8,2.95,0.95,2.356194,0.0,0.25
AMR1,T06,1,loaded,vg::P2__SORT1__path_1,13,9.3,1.3,5.556000019783565,2.75,0.0,0.9000000152181267,0.25
AMR2,T02,1,repair_wait_at_node,stationary::IN2,93,9.3,9.3,0.05,4.95,-1.570796,0.0,0.25
AMR4,T08,2,repair_wait_at_node,stationary::SORT2,10,9.317,1.0,10.35,4.05,3.141593,0.0,0.25
AMR3,T01,1,service_at_pickup,stationary::P1,19,9.34,1.9,2.95,0.95,2.356194,0.0,0.25
AMR1,T06,1,loaded,vg::P2__SORT1__path_1,14,9.4,1.4,5.646000021305378,2.75,0.0,0.9000000152181267,0.25
AMR2,T02,1,repair_wait_at_node,stationary::IN2,94,9.4,9.4,0.05,4.95,-1.570796,0.0,0.25
AMR4,T08,2,repair_wait_at_node,stationary::SORT2,11,9.417,1.1,10.35,4.05,3.141593,0.0,0.25
AMR3,T01,1,loaded,vg::P1__SORT1__path_1,0,9.44,0.0,2.98,0.95,-1.454655,0.8099999792914542,0.25
AMR3,T01,1,service_at_pickup,stationary::P1,20,9.44,2.0,2.95,0.95,2.356194,0.0,0.25
AMR1,T06,1,loaded,vg::P2__SORT1__path_1,15,9.5,1.5,5.73600002282719,2.75,0.0,0.9000000152181267,0.25
AMR2,T02,1,repair_wait_at_node,stationary::IN2,95,9.5,9.5,0.05,4.95,-1.570796,0.0,0.25
AMR4,T08,2,repair_wait_at_node,stationary::SORT2,12,9.517,1.2,10.35,4.05,3.141593,0.0,0.25
AMR3,T01,1,loaded,vg::P1__SORT1__path_1,1,9.54,0.1,2.9893959997597808,0.8694860020584294,-1.454655,0.8099999792914542,0.25
AMR1,T06,1,loaded,vg::P2__SORT1__path_1,16,9.6,1.6,5.826000024349003,2.75,0.0,0.9000000152181267,0.25
AMR2,T02,1,repair_wait_at_node,stationary::IN2,96,9.6,9.6,0.05,4.95,-1.570796,0.0,0.25
AMR4,T08,2,repair_wait_at_node,stationary::SORT2,13,9.617,1.3,10.35,4.05,3.141593,0.0,0.25
AMR3,T01,1,loaded,vg::P1__SORT1__path_1,2,9.64,0.2,2.998791999519561,0.7889720041168589,-1.454655,0.8099999792914542,0.25
AMR1,T06,1,loaded,vg::P2__SORT1__path_1,17,9.7,1.7,5.916000025870815,2.75,0.0,0.9000000152181267,0.25
AMR2,T02,1,repair_wait_at_node,stationary::IN2,97,9.7,9.7,0.05,4.95,-1.570796,0.0,0.25
AMR4,T08,2,repair_wait_at_node,stationary::SORT2,14,9.717,1.4,10.35,4.05,3.141593,0.0,0.25
AMR3,T01,1,loaded,vg::P1__SORT1__path_1,3,9.74,0.3,3.0081879992793423,0.7084580061752883,-1.454655,0.8099999792914542,0.25
AMR1,T06,1,loaded,vg::P2__SORT1__path_1,18,9.8,1.8,6.006000027392628,2.75,0.0,0.9000000152181267,0.25
AMR2,T02,1,repair_wait_at_node,stationary::IN2,98,9.8,9.8,0.05,4.95,-1.570796,0.0,0.25
AMR4,T08,2,repair_wait_at_node,stationary::SORT2,15,9.817,1.5,10.35,4.05,3.141593,0.0,0.25
AMR3,T01,1,loaded,vg::P1__SORT1__path_1,4,9.84,0.4,3.017583999039124,0.6279440082337178,-1.454655,0.8099999792914542,0.25
AMR1,T06,1,loaded,vg::P2__SORT1__path_1,19,9.9,1.9,6.096000028914441,2.75,0.0,0.9000000152181267,0.25
AMR2,T02,1,repair_wait_at_node,stationary::IN2,99,9.9,9.9,0.05,4.95,-1.570796,0.0,0.25
AMR4,T08,2,repair_wait_at_node,stationary::SORT2,16,9.917,1.6,10.35,4.05,3.141593,0.0,0.25
AMR3,T01,1,loaded,vg::P1__SORT1__path_1,5,9.94,0.5,3.0269799987989043,0.5474300102921472,-1.454655,0.8099999792914542,0.25
AMR1,T06,1,loaded,vg::P2__SORT1__path_1,20,10.0,2.0,6.1860000304362535,2.75,0.0,0.9000000152181267,0.25
AMR2,T02,1,repair_wait_at_node,stationary::IN2,100,10.0,10.0,0.05,4.95,-1.570796,0.0,0.25
AMR4,T08,2,repair_wait_at_node,stationary::SORT2,17,10.017,1.7,10.35,4.05,3.141593,0.0,0.25
AMR3,T01,1,loaded,vg::P1__SORT1__path_1,6,10.04,0.6,3.036375998558685,0.4669160123505766,-1.454655,0.8099999792914542,0.25
AMR1,T06,1,loaded,vg::P2__SORT1__path_1,21,10.1,2.1,6.276000031958066,2.75,0.0,0.9000000152181267,0.25
AMR2,T02,1,repair_wait_at_node,stationary::IN2,101,10.1,10.1,0.05,4.95,-1.570796,0.0,0.25
AMR4,T08,2,repair_wait_at_node,stationary::SORT2,18,10.117,1.8,10.35,4.05,3.141593,0.0,0.25
AMR3,T01,1,loaded,vg::P1__SORT1__path_1,7,10.14,0.7,3.0926719881712788,0.4391980029861723,-1.2597312721733054,0.8099999792914542,0.25
AMR1,T06,1,loaded,vg::P2__SORT1__path_1,22,10.2,2.2,6.366000033479879,2.75,0.0,0.9000000152181267,0.25
AMR2,T02,1,repair_wait_at_node,stationary::IN2,102,10.2,10.2,0.05,4.95,-1.570796,0.0,0.25
AMR4,T08,2,repair_wait_at_node,stationary::SORT2,19,10.217,1.9,10.35,4.05,3.141593,0.0,0.25
AMR3,T01,1,loaded,vg::P1__SORT1__path_1,8,10.24,0.8,3.158767986481461,0.4225120034127683,-1.0240771681980634,0.8099999792914542,0.25
AMR1,T06,1,loaded,vg::P2__SORT1__path_1,23,10.3,2.3,6.449700031851539,2.7753400126706125,0.0681658940845772,0.9000000152181267,0.25
AMR2,T02,1,repair_wait_at_node,stationary::IN2,103,10.3,10.3,0.05,4.95,-1.570796,0.0,0.25
AMR4,T08,2,repair_wait_at_node,stationary::SORT2,20,10.317,2.0,10.35,4.05,3.141593,0.0,0.25
AMR3,T01,1,loaded,vg::P1__SORT1__path_1,9,10.34,0.9,3.224863984791644,0.4058260038393644,-0.7884230642228213,0.8099999792914542,0.25
AMR1,T06,1,loaded,vg::P2__SORT1__path_1,24,10.4,2.4,6.531600033236389,2.8079200132215085,0.1558077155665155,0.9000000152181267,0.25
AMR2,T02,1,repair_wait_at_node,stationary::IN2,104,10.4,10.4,0.05,4.95,-1.570796,0.0,0.25
AMR4,T08,2,repair_wait_at_node,stationary::SORT2,21,10.417,2.1,10.35,4.05,3.141593,0.0,0.25
AMR3,T01,1,loaded,vg::P1__SORT1__path_1,10,10.44,1.0,3.2909599831018266,0.3891400042659604,-0.5527689602475793,0.8099999792914542,0.25
AMR1,T06,1,loaded,vg::P2__SORT1__path_1,25,10.5,2.5,6.613500034621239,2.840500013772405,0.2434495370484533,0.9000000152181267,0.25
AMR2,T02,1,repair_wait_at_node,stationary::IN2,105,10.5,10.5,0.05,4.95,-1.570796,0.0,0.25
AMR4,T08,2,repair_wait_at_node,stationary::SORT2,22,10.517,2.2,10.35,4.05,3.141593,0.0,0.25
AMR3,T01,1,loaded,vg::P1__SORT1__path_1,11,10.54,1.1,3.3570559814120093,0.3724540046925564,-0.3171148562723369,0.8099999792914542,0.25
AMR1,T06,1,loaded,vg::P2__SORT1__path_1,26,10.6,2.6,6.695400036006088,2.873080014323301,0.3310913585303915,0.9000000152181267,0.25
AMR2,T02,1,repair_wait_at_node,stationary::IN2,106,10.6,10.6,0.05,4.95,-1.570796,0.0,0.25
AMR4,T08,2,repair_wait_at_node,stationary::SORT2,23,10.617,2.3,10.35,4.05,3.141593,0.0,0.25
AMR3,T01,1,loaded,vg::P1__SORT1__path_1,12,10.64,1.2,3.423151979722192,0.3557680051191524,-0.0814607522970947,0.8099999792914542,0.25
AMR1,T06,1,loaded,vg::P2__SORT1__path_1,27,10.7,2.7,6.777300037390938,2.905660014874197,0.4187331800123298,0.9000000152181267,0.25
AMR2,T02,1,repair_wait_at_node,stationary::IN2,107,10.7,10.7,0.05,4.95,-1.570796,0.0,0.25
AMR4,T08,2,repair_wait_at_node,stationary::SORT2,24,10.717,2.4,10.35,4.05,3.141593,0.0,0.25
AMR3,T01,1,loaded,vg::P1__SORT1__path_1,13,10.74,1.3,3.4989999730788908,0.35,0.0,0.8099999792914542,0.25
AMR1,T06,1,loaded,vg::P2__SORT1__path_1,28,10.8,2.8,6.858680037667908,2.9403600199418336,0.486899,0.9000000152181267,0.25
AMR2,T02,1,repair_wait_at_node,stationary::IN2,108,10.8,10.8,0.05,4.95,-1.570796,0.0,0.25
AMR4,T08,2,repair_wait_at_node,stationary::SORT2,25,10.817,2.5,10.35,4.05,3.141593,0.0,0.25
AMR3,T01,1,loaded,vg::P1__SORT1__path_1,14,10.84,1.4,3.579999971008036,0.35,0.0,0.8099999792914542,0.25
AMR1,T06,1,loaded,vg::P2__SORT1__path_1,29,10.9,2.9,6.93824003901319,2.982480020654042,0.486899,0.9000000152181267,0.25
AMR2,T02,1,repair_wait_at_node,stationary::IN2,109,10.9,10.9,0.05,4.95,-1.570796,0.0,0.25
AMR4,T08,2,repair_wait_at_node,stationary::SORT2,26,10.917,2.6,10.35,4.05,3.141593,0.0,0.25
AMR3,T01,1,loaded,vg::P1__SORT1__path_1,15,10.94,1.5,3.6609999689371815,0.35,0.0,0.8099999792914542,0.25
AMR1,T06,1,loaded,vg::P2__SORT1__path_1,30,11.0,3.0,7.017800040358472,3.02460002136625,0.486899,0.9000000152181267,0.25
AMR2,T02,1,repair_wait_at_node,stationary::IN2,110,11.0,11.0,0.05,4.95,-1.570796,0.0,0.25
AMR4,T08,2,repair_wait_at_node,stationary::SORT2,27,11.017,2.7,10.35,4.05,3.141593,0.0,0.25
AMR3,T01,1,loaded,vg::P1__SORT1__path_1,16,11.04,1.6,3.741999966866327,0.35,0.0,0.8099999792914542,0.25
AMR1,T06,1,loaded,vg::P2__SORT1__path_1,31,11.1,3.1,7.097360041703754,3.0667200220784583,0.486899,0.9000000152181267,0.25
AMR2,T02,1,repair_wait_at_node,stationary::IN2,111,11.1,11.1,0.05,4.95,-1.570796,0.0,0.25
AMR4,T08,2,repair_wait_at_node,stationary::SORT2,28,11.117,2.8,10.35,4.05,3.141593,0.0,0.25
AMR3,T01,1,loaded,vg::P1__SORT1__path_1,17,11.14,1.7,3.8229999647954727,0.35,0.0,0.8099999792914542,0.25
AMR1,T06,1,loaded,vg::P2__SORT1__path_1,32,11.2,3.2,7.176920043049037,3.1088400227906665,0.486899,0.9000000152181267,0.25
AMR2,T02,1,repair_wait_at_node,stationary::IN2,112,11.2,11.2,0.05,4.95,-1.570796,0.0,0.25
AMR4,T08,2,repair_wait_at_node,stationary::SORT2,29,11.217,2.9,10.35,4.05,3.141593,0.0,0.25
AMR3,T01,1,loaded,vg::P1__SORT1__path_1,18,11.24,1.8,3.903999962724618,0.35,0.0,0.8099999792914542,0.25
AMR1,T06,1,loaded,vg::P2__SORT1__path_1,33,11.3,3.3,7.25648004439432,3.150960023502875,0.486899,0.9000000152181267,0.25
AMR2,T02,1,repair_wait_at_node,stationary::IN2,113,11.3,11.3,0.05,4.95,-1.570796,0.0,0.25
AMR4,T08,2,repair_wait_at_node,stationary::SORT2,30,11.317,3.0,10.35,4.05,3.141593,0.0,0.25
AMR3,T01,1,loaded,vg::P1__SORT1__path_1,19,11.34,1.9,3.9849999606537634,0.35,0.0,0.8099999792914542,0.25
AMR1,T06,1,loaded,vg::P2__SORT1__path_1,34,11.4,3.4,7.341920050810282,3.1692000036219143,0.4284710696141033,0.9000000152181267,0.25
AMR2,T02,1,repair_wait_at_node,stationary::IN2,114,11.4,11.4,0.05,4.95,-1.570796,0.0,0.25
AMR4,T08,2,repair_wait_at_node,stationary::SORT2,31,11.417,3.1,10.35,4.05,3.141593,0.0,0.25
AMR3,T01,1,loaded,vg::P1__SORT1__path_1,20,11.44,2.0,4.065999958582909,0.35,0.0,0.8099999792914542,0.25
AMR1,T06,1,loaded,vg::P2__SORT1__path_1,35,11.5,3.5,7.430300052304702,3.175500003728441,0.3408292481321655,0.9000000152181267,0.25
AMR2,T02,1,repair_wait_at_node,stationary::IN2,115,11.5,11.5,0.05,4.95,-1.570796,0.0,0.25
AMR4,T08,2,repair_wait_at_node,stationary::SORT2,32,11.517,3.2,10.35,4.05,3.141593,0.0,0.25
AMR3,T01,1,loaded,vg::P1__SORT1__path_1,21,11.54,2.1,4.146999956512054,0.35,0.0,0.8099999792914542,0.25
AMR1,T06,1,loaded,vg::P2__SORT1__path_1,36,11.6,3.6,7.518680053799121,3.181800003834968,0.2531874266502273,0.9000000152181267,0.25
AMR2,T02,1,repair_wait_at_node,stationary::IN2,116,11.6,11.6,0.05,4.95,-1.570796,0.0,0.25
AMR4,T08,2,repair_wait_at_node,stationary::SORT2,33,11.617,3.3,10.35,4.05,3.141593,0.0,0.25
AMR3,T01,1,loaded,vg::P1__SORT1__path_1,22,11.64,2.2,4.2279999544412,0.35,0.0,0.8099999792914542,0.25
AMR1,T06,1,loaded,vg::P2__SORT1__path_1,37,11.7,3.7,7.607060055293542,3.188100003941495,0.1655456051682891,0.9000000152181267,0.25
AMR2,T02,1,repair_wait_at_node,stationary::IN2,117,11.7,11.7,0.05,4.95,-1.570796,0.0,0.25
AMR4,T08,2,repair_wait_at_node,stationary::SORT2,34,11.717,3.4,10.35,4.05,3.141593,0.0,0.25
AMR3,T01,1,loaded,vg::P1__SORT1__path_1,23,11.74,2.3,4.308999952370344,0.35,0.0,0.8099999792914542,0.25
AMR1,T06,1,loaded,vg::P2__SORT1__path_1,38,11.8,3.8,7.6954400567879615,3.194400004048022,0.0779037836863509,0.9000000152181267,0.25
AMR2,T02,1,repair_wait_at_node,stationary::IN2,118,11.8,11.8,0.05,4.95,-1.570796,0.0,0.25
AMR4,T08,2,repair_wait_at_node,stationary::SORT2,35,11.817,3.5,10.35,4.05,3.141593,0.0,0.25
AMR3,T01,1,loaded,vg::P1__SORT1__path_1,24,11.84,2.4,4.38999995029949,0.35,0.0,0.8099999792914542,0.25
AMR1,T06,1,loaded,vg::P2__SORT1__path_1,39,11.9,3.9,7.784000059350694,3.2,0.0,0.9000000152181267,0.25
AMR2,T02,1,repair_wait_at_node,stationary::IN2,119,11.9,11.9,0.05,4.95,-1.570796,0.0,0.25
AMR4,T08,2,repair_wait_at_node,stationary::SORT2,36,11.917,3.6,10.35,4.05,3.141593,0.0,0.25
AMR3,T01,1,loaded,vg::P1__SORT1__path_1,25,11.94,2.5,4.470999948228635,0.3504999989645727,0.0011109476993841,0.8099999792914542,0.25
AMR1,T06,1,loaded,vg::P2__SORT1__path_1,40,12.0,4.0,7.874000060872507,3.2,0.0,0.9000000152181267,0.25
AMR2,T02,1,repair_wait_at_node,stationary::IN2,120,12.0,12.0,0.05,4.95,-1.570796,0.0,0.25
AMR4,T08,2,repair_wait_at_node,stationary::SORT2,37,12.017,3.7,10.35,4.05,3.141593,0.0,0.25
AMR3,T01,1,loaded,vg::P1__SORT1__path_1,26,12.04,2.6,4.551999946157781,0.3521199989231556,0.0047104256073594,0.8099999792914542,0.25
AMR1,T06,1,loaded,vg::P2__SORT1__path_1,41,12.1,4.1,7.964000062394319,3.2,0.0,0.9000000152181267,0.25
AMR2,T02,1,repair_wait_at_node,stationary::IN2,121,12.1,12.1,0.05,4.95,-1.570796,0.0,0.25
AMR4,T08,2,repair_wait_at_node,stationary::SORT2,38,12.117,3.8,10.35,4.05,3.141593,0.0,0.25
AMR3,T01,1,loaded,vg::P1__SORT1__path_1,27,12.14,2.7,4.632999944086926,0.3537399988817385,0.0083099035153348,0.8099999792914542,0.25
AMR1,T06,1,loaded,vg::P2__SORT1__path_1,42,12.2,4.2,8.054000063916131,3.2,0.0,0.9000000152181267,0.25
AMR2,T02,1,repair_wait_at_node,stationary::IN2,122,12.2,12.2,0.05,4.95,-1.570796,0.0,0.25
AMR4,T08,2,repair_wait_at_node,stationary::SORT2,39,12.217,3.9,10.35,4.05,3.141593,0.0,0.25
AMR3,T01,1,loaded,vg::P1__SORT1__path_1,28,12.24,2.8,4.713999942016072,0.3553599988403214,0.0119093814233102,0.8099999792914542,0.25
AMR1,T06,1,loaded,vg::P2__SORT1__path_1,43,12.3,4.3,8.144000065437943,3.2,0.0,0.9000000152181267,0.25
AMR2,T02,1,repair_wait_at_node,stationary::IN2,123,12.3,12.3,0.05,4.95,-1.570796,0.0,0.25
AMR4,T08,2,repair_wait_at_node,stationary::SORT2,40,12.317,4.0,10.35,4.05,3.141593,0.0,0.25
AMR3,T01,1,loaded,vg::P1__SORT1__path_1,29,12.34,2.9,4.7949999399452174,0.3569799987989043,0.0155088593312855,0.8099999792914542,0.25
AMR1,T06,1,loaded,vg::P2__SORT1__path_1,44,12.4,4.4,8.234000066959757,3.2,0.0,0.9000000152181267,0.25
AMR2,T02,1,repair_wait_at_node,stationary::IN2,124,12.4,12.4,0.05,4.95,-1.570796,0.0,0.25
AMR4,T08,2,repair_wait_at_node,stationary::SORT2,41,12.417,4.1,10.35,4.05,3.141593,0.0,0.25
AMR3,T01,1,loaded,vg::P1__SORT1__path_1,30,12.44,3.0,4.875999937874362,0.3585999987574872,0.0191083372392609,0.8099999792914542,0.25
AMR1,T06,1,loaded,vg::P2__SORT1__path_1,45,12.5,4.5,8.324000068481569,3.2,0.0,0.9000000152181267,0.25
AMR2,T02,1,repair_wait_at_node,stationary::IN2,125,12.5,12.5,0.05,4.95,-1.570796,0.0,0.25
AMR4,T08,2,repair_wait_at_node,stationary::SORT2,42,12.517,4.2,10.35,4.05,3.141593,0.0,0.25
AMR3,T01,1,loaded,vg::P1__SORT1__path_1,31,12.54,3.1,4.956999935803508,0.3602419985876772,0.022219,0.8099999792914542,0.25
AMR1,T06,1,loaded,vg::P2__SORT1__path_1,46,12.6,4.6,8.414000070003382,3.2,0.0,0.9000000152181267,0.25
AMR2,T02,1,repair_wait_at_node,stationary::IN2,126,12.6,12.6,0.05,4.95,-1.570796,0.0,0.25
AMR4,T08,2,repair_wait_at_node,stationary::SORT2,43,12.617,4.3,10.35,4.05,3.141593,0.0,0.25
AMR3,T01,1,loaded,vg::P1__SORT1__path_1,32,12.64,3.2,5.037999933732653,0.3620239985421183,0.022219,0.8099999792914542,0.25
AMR1,T06,1,loaded,vg::P2__SORT1__path_1,47,12.7,4.7,8.504000071525194,3.2,0.0,0.9000000152181267,0.25
AMR2,T02,1,repair_wait_at_node,stationary::IN2,127,12.7,12.7,0.05,4.95,-1.570796,0.0,0.25
AMR4,T08,2,repair_wait_at_node,stationary::SORT2,44,12.717,4.4,10.35,4.05,3.141593,0.0,0.25
AMR3,T01,1,loaded,vg::P1__SORT1__path_1,33,12.74,3.3,5.118999931661799,0.3638059984965596,0.022219,0.8099999792914542,0.25
AMR1,T06,1,loaded,vg::P2__SORT1__path_1,48,12.8,4.8,8.594000073047008,3.2,0.0,0.9000000152181267,0.25
AMR2,T02,1,repair_wait_at_node,stationary::IN2,128,12.8,12.8,0.05,4.95,-1.570796,0.0,0.25
AMR4,T08,2,repair_wait_at_node,stationary::SORT2,45,12.817,4.5,10.35,4.05,3.141593,0.0,0.25
AMR3,T01,1,loaded,vg::P1__SORT1__path_1,34,12.84,3.4,5.199999929590945,0.3655879984510007,0.022219,0.8099999792914542,0.25
AMR1,T06,1,loaded,vg::P2__SORT1__path_1,49,12.9,4.9,8.68400007456882,3.2,0.0,0.9000000152181267,0.25
AMR2,T02,1,repair_wait_at_node,stationary::IN2,129,12.9,12.9,0.05,4.95,-1.570796,0.0,0.25
AMR4,T08,2,repair_wait_at_node,stationary::SORT2,46,12.917,4.6,10.35,4.05,3.141593,0.0,0.25
AMR3,T01,1,loaded,vg::P1__SORT1__path_1,35,12.94,3.5,5.28099992752009,0.367369998405442,0.022219,0.8099999792914542,0.25
AMR1,T06,1,loaded,vg::P2__SORT1__path_1,50,13.0,5.0,8.77400005174163,3.1999999459756503,-1.2882844282274082e-07,0.9000000152181267,0.25
AMR2,T02,1,repair_wait_at_node,stationary::IN2,130,13.0,13.0,0.05,4.95,-1.570796,0.0,0.25
AMR4,T08,2,repair_wait_at_node,stationary::SORT2,47,13.017,4.7,10.35,4.05,3.141593,0.0,0.25
AMR3,T01,1,loaded,vg::P1__SORT1__path_1,36,13.04,3.6,5.3619999254492345,0.3691519983598831,0.022219,0.8099999792914542,0.25
AMR1,T06,1,loaded,vg::P2__SORT1__path_1,51,13.1,5.1,8.835200052776463,3.136099944895163,-0.1523784114050125,0.9000000152181267,0.25
AMR2,T02,1,repair_wait_at_node,stationary::IN2,131,13.1,13.1,0.05,4.95,-1.570796,0.0,0.25
AMR4,T08,2,repair_wait_at_node,stationary::SORT2,48,13.117,4.8,10.35,4.05,3.141593,0.0,0.25
AMR3,T01,1,loaded,vg::P1__SORT1__path_1,37,13.14,3.7,5.44299992337838,0.3709339983143244,0.022219,0.8099999792914542,0.25
AMR1,T06,1,loaded,vg::P2__SORT1__path_1,52,13.2,5.2,8.896400053811297,3.072199943814676,-0.3047566939815809,0.9000000152181267,0.25
AMR2,T02,1,repair_wait_at_node,stationary::IN2,132,13.2,13.2,0.05,4.95,-1.570796,0.0,0.25
AMR4,T08,2,repair_wait_at_node,stationary::SORT2,49,13.217,4.9,10.35,4.05,3.141593,0.0,0.25
AMR3,T01,1,loaded,vg::P1__SORT1__path_1,38,13.24,3.8,5.523999921307526,0.3727159982687655,0.022219,0.8099999792914542,0.25
AMR1,T06,1,loaded,vg::P2__SORT1__path_1,53,13.3,5.3,8.957600054846129,3.008299942734189,-0.4571349765581506,0.9000000152181267,0.25
AMR2,T02,1,repair_wait_at_node,stationary::IN2,133,13.3,13.3,0.05,4.95,-1.570796,0.0,0.25
AMR4,T08,2,repair_wait_at_node,stationary::SORT2,50,13.317,5.0,10.35,4.05,3.141593,0.0,0.25
AMR3,T01,1,loaded,vg::P1__SORT1__path_1,39,13.34,3.9,5.604999919236672,0.3744979982232068,0.022219,0.8099999792914542,0.25
AMR1,T06,1,loaded,vg::P2__SORT1__path_1,54,13.4,5.4,9.018800055880964,2.9443999416537023,-0.609513259134719,0.9000000152181267,0.25
AMR2,T02,1,repair_wait_at_node,stationary::IN2,134,13.4,13.4,0.05,4.95,-1.570796,0.0,0.25
AMR4,T08,2,repair_wait_at_node,stationary::SORT2,51,13.417,5.1,10.35,4.05,3.141593,0.0,0.25
AMR3,T01,1,loaded,vg::P1__SORT1__path_1,40,13.44,4.0,5.685999917165817,0.3762799981776479,0.022219,0.8099999792914542,0.25
AMR1,T06,1,loaded,vg::P2__SORT1__path_1,55,13.5,5.5,9.080000056915797,2.8804999405732152,-0.7618915417112874,0.9000000152181267,0.25
AMR2,T02,1,repair_wait_at_node,stationary::IN2,135,13.5,13.5,0.05,4.95,-1.570796,0.0,0.25
AMR4,T08,2,repair_wait_at_node,stationary::SORT2,52,13.517,5.2,10.35,4.05,3.141593,0.0,0.25
AMR3,T01,1,loaded,vg::P1__SORT1__path_1,41,13.54,4.1,5.766999915094963,0.3780619981320892,0.022219,0.8099999792914542,0.25
AMR1,T06,1,loaded,vg::P2__SORT1__path_1,56,13.6,5.6,9.14048005641664,2.814999936083868,-0.846546,0.9000000152181267,0.25
AMR2,T02,1,repair_wait_at_node,stationary::IN2,136,13.6,13.6,0.05,4.95,-1.570796,0.0,0.25
AMR4,T08,2,repair_wait_at_node,stationary::SORT2,53,13.617,5.3,10.35,4.05,3.141593,0.0,0.25
AMR3,T01,1,loaded,vg::P1__SORT1__path_1,42,13.64,4.2,5.847999913024108,0.3798439980865304,0.022219,0.8099999792914542,0.25
AMR1,T06,1,loaded,vg::P2__SORT1__path_1,57,13.7,5.7,9.20006005742408,2.7474999349425087,-0.846546,0.9000000152181267,0.25
AMR2,T02,1,repair_wait_at_node,stationary::IN2,137,13.7,13.7,0.05,4.95,-1.570796,0.0,0.25
AMR4,T08,2,repair_wait_at_node,stationary::SORT2,54,13.717,5.4,10.35,4.05,3.141593,0.0,0.25
AMR3,T01,1,loaded,vg::P1__SORT1__path_1,43,13.74,4.3,5.928999910953253,0.3816259980409716,0.022219,0.8099999792914542,0.25
AMR1,T06,1,loaded,vg::P2__SORT1__path_1,58,13.8,5.8,9.25964005843152,2.679999933801149,-0.846546,0.9000000152181267,0.25
AMR2,T02,1,repair_wait_at_node,stationary::IN2,138,13.8,13.8,0.05,4.95,-1.570796,0.0,0.25
AMR4,T08,2,repair_wait_at_node,stationary::SORT2,55,13.817,5.5,10.35,4.05,3.141593,0.0,0.25
AMR3,T01,1,loaded,vg::P1__SORT1__path_1,44,13.84,4.4,6.009871909064634,0.3834079979954128,0.022219,0.8099999792914542,0.25
AMR1,T06,1,loaded,vg::P2__SORT1__path_1,59,13.9,5.9,9.31922005943896,2.612499932659789,-0.846546,0.9000000152181267,0.25
AMR2,T02,1,repair_wait_at_node,stationary::IN2,139,13.9,13.9,0.05,4.95,-1.570796,0.0,0.25
AMR4,T08,2,repair_wait_at_node,stationary::SORT2,56,13.917,5.6,10.35,4.05,3.141593,0.0,0.25
AMR3,T01,1,loaded,vg::P1__SORT1__path_1,45,13.94,4.5,6.090709906997921,0.385189997949854,0.022219,0.8099999792914542,0.25
AMR1,T06,1,loaded,vg::P2__SORT1__path_1,60,14.0,6.0,9.3788000604464,2.54499993151843,-0.846546,0.9000000152181267,0.25
AMR2,T02,1,repair_wait_at_node,stationary::IN2,140,14.0,14.0,0.05,4.95,-1.570796,0.0,0.25
AMR4,T08,2,repair_wait_at_node,stationary::SORT2,57,14.017,5.7,10.35,4.05,3.141593,0.0,0.25
AMR3,T01,1,loaded,vg::P1__SORT1__path_1,46,14.04,4.6,6.1715479049312085,0.3869719979042952,0.022219,0.8099999792914542,0.25
AMR1,T06,1,loaded,vg::P2__SORT1__path_1,61,14.1,6.1,9.43838006145384,2.4774999303770704,-0.846546,0.9000000152181267,0.25
AMR2,T02,1,repair_wait_at_node,stationary::IN2,141,14.1,14.1,0.05,4.95,-1.570796,0.0,0.25
AMR4,T08,2,repair_wait_at_node,stationary::SORT2,58,14.117,5.8,10.35,4.05,3.141593,0.0,0.25
AMR3,T01,1,loaded,vg::P1__SORT1__path_1,47,14.14,4.7,6.252385902864496,0.3887539978587364,0.022219,0.8099999792914542,0.25
AMR1,T06,1,loaded,vg::P2__SORT1__path_1,62,14.2,6.2,9.498140159292044,2.4100965477071514,-0.846546,0.9000000152181267,0.25
AMR2,T02,1,repair_wait_at_node,stationary::IN2,142,14.2,14.2,0.05,4.95,-1.570796,0.0,0.25
AMR4,T08,2,repair_wait_at_node,stationary::SORT2,59,14.217,5.9,10.35,4.05,3.141593,0.0,0.25
AMR3,T01,1,loaded,vg::P1__SORT1__path_1,48,14.24,4.8,6.333223900797783,0.3905359978131776,0.022219,0.8099999792914542,0.25
AMR1,T06,1,loaded,vg::P2__SORT1__path_1,63,14.3,6.3,9.557922768998562,2.342705242219803,-0.846546,0.9000000152181267,0.25
AMR2,T02,1,repair_wait_at_node,stationary::IN2,143,14.3,14.3,0.05,4.95,-1.570796,0.0,0.25
AMR4,T08,2,repair_wait_at_node,stationary::SORT2,60,14.317,6.0,10.35,4.05,3.141593,0.0,0.25
AMR3,T01,1,loaded,vg::P1__SORT1__path_1,49,14.34,4.9,6.41406189873107,0.3923179977676188,0.022219,0.8099999792914542,0.25
AMR1,T06,1,loaded,vg::P2__SORT1__path_1,64,14.4,6.4,9.61770537870508,2.275313936732456,-0.846546,0.9000000152181267,0.25
AMR2,T02,1,repair_wait_at_node,stationary::IN2,144,14.4,14.4,0.05,4.95,-1.570796,0.0,0.25
AMR4,T08,2,repair_wait_at_node,stationary::SORT2,61,14.417,6.1,10.35,4.05,3.141593,0.0,0.25
AMR3,T01,1,loaded,vg::P1__SORT1__path_1,50,14.44,5.0,6.494999896457271,0.3950999956512054,0.0273011894755028,0.8099999792914542,0.25
AMR1,T06,1,loaded,vg::P2__SORT1__path_1,65,14.5,6.5,9.6774879884116,2.207922631245108,-0.846546,0.9000000152181267,0.25
AMR2,T02,1,repair_wait_at_node,stationary::IN2,145,14.5,14.5,0.05,4.95,-1.570796,0.0,0.25
AMR4,T08,2,repair_wait_at_node,stationary::SORT2,62,14.517,6.2,10.35,4.05,3.141593,0.0,0.25
AMR3,T01,1,loaded,vg::P1__SORT1__path_1,51,14.54,5.1,6.575999894386417,0.3985019955642295,0.0355343532650129,0.8099999792914542,0.25
AMR1,T03,2,transition,vg::SORT1__P5__path_1,0,14.571,0.0,9.72,2.16,2.295046,1.0,0.25
AMR1,T06,1,loaded,vg::P2__SORT1__path_1,66,14.571,6.571,9.72,2.16,-0.846546,0.9000000152181267,0.25
AMR2,T02,1,repair_wait_at_node,stationary::IN2,146,14.6,14.6,0.05,4.95,-1.570796,0.0,0.25
AMR4,T08,2,repair_wait_at_node,stationary::SORT2,63,14.617,6.3,10.35,4.05,3.141593,0.0,0.25
AMR3,T01,1,loaded,vg::P1__SORT1__path_1,52,14.64,5.2,6.656999892315563,0.4019039954772536,0.0437675170545229,0.8099999792914542,0.25
AMR1,T03,2,transition,vg::SORT1__P5__path_1,1,14.671,0.1,9.6538,2.2348,2.295046,1.0,0.25
AMR2,T02,1,repair_wait_at_node,stationary::IN2,147,14.7,14.7,0.05,4.95,-1.570796,0.0,0.25
AMR4,T08,2,repair_wait_at_node,stationary::SORT2,64,14.717,6.4,10.35,4.05,3.141593,0.0,0.25
AMR3,T01,1,loaded,vg::P1__SORT1__path_1,53,14.74,5.3,6.7379998902447085,0.4053059953902777,0.052000680844033,0.8099999792914542,0.25
AMR1,T03,2,transition,vg::SORT1__P5__path_1,2,14.771,0.2,9.5876,2.3096,2.295046,1.0,0.25
AMR2,T02,1,repair_wait_at_node,stationary::IN2,148,14.8,14.8,0.05,4.95,-1.570796,0.0,0.25
AMR4,T08,2,repair_wait_at_node,stationary::SORT2,65,14.817,6.5,10.35,4.05,3.141593,0.0,0.25
AMR3,T01,1,loaded,vg::P1__SORT1__path_1,54,14.84,5.4,6.818999888173853,0.4087079953033018,0.060233844633543,0.8099999792914542,0.25
AMR1,T03,2,transition,vg::SORT1__P5__path_1,3,14.871,0.3,9.5214,2.3844,2.295046,1.0,0.25
AMR2,T02,1,repair_wait_at_node,stationary::IN2,149,14.9,14.9,0.05,4.95,-1.570796,0.0,0.25
AMR4,T08,2,repair_wait_at_node,stationary::SORT2,66,14.917,6.6,10.35,4.05,3.141593,0.0,0.25
AMR3,T01,1,loaded,vg::P1__SORT1__path_1,55,14.94,5.5,6.899999886102998,0.4121099952163259,0.0684670084230531,0.8099999792914542,0.25
AMR1,T03,2,transition,vg::SORT1__P5__path_1,4,14.971,0.4,9.4552,2.4592,2.295046,1.0,0.25
AMR2,T02,1,repair_wait_at_node,stationary::IN2,150,15.0,15.0,0.05,4.95,-1.570796,0.0,0.25
AMR4,T08,2,repair_wait_at_node,stationary::SORT2,67,15.017,6.7,10.35,4.05,3.141593,0.0,0.25
AMR3,T01,1,loaded,vg::P1__SORT1__path_1,56,15.04,5.6,6.98092788426408,0.4166639914183786,0.073041,0.8099999792914542,0.25
AMR1,T03,2,transition,vg::SORT1__P5__path_1,5,15.071,0.5,9.389,2.534,2.295046,1.0,0.25
AMR2,T02,1,repair_wait_at_node,stationary::IN2,151,15.1,15.1,0.05,4.95,-1.570796,0.0,0.25
AMR4,T08,2,repair_wait_at_node,stationary::SORT2,68,15.117,6.8,10.35,4.05,3.141593,0.0,0.25
AMR3,T01,1,loaded,vg::P1__SORT1__path_1,57,15.14,5.7,7.061765882197366,0.4226579912651353,0.073041,0.8099999792914542,0.25
AMR1,T03,2,transition,vg::SORT1__P5__path_1,6,15.171,0.6,9.3226,2.609,2.295046,1.0,0.25
AMR2,T02,1,repair_wait_at_node,stationary::IN2,152,15.2,15.2,0.05,4.95,-1.570796,0.0,0.25
AMR4,T08,2,repair_wait_at_node,stationary::SORT2,69,15.217,6.9,10.35,4.05,3.141593,0.0,0.25
AMR3,T01,1,loaded,vg::P1__SORT1__path_1,58,15.24,5.8,7.142603880130654,0.4286519911118921,0.073041,0.8099999792914542,0.25
AMR1,T03,2,transition,vg::SORT1__P5__path_1,7,15.271,0.7,9.2562,2.684,2.295046,1.0,0.25
AMR2,T02,1,repair_wait_at_node,stationary::IN2,153,15.3,15.3,0.05,4.95,-1.570796,0.0,0.25
AMR4,T08,2,repair_wait_at_node,stationary::SORT2,70,15.317,7.0,10.35,4.05,3.141593,0.0,0.25
AMR3,T01,1,loaded,vg::P1__SORT1__path_1,59,15.34,5.9,7.223441878063941,0.4346459909586489,0.073041,0.8099999792914542,0.25
AMR1,T03,2,transition,vg::SORT1__P5__path_1,8,15.371,0.8,9.1898,2.759,2.295046,1.0,0.25
AMR2,T02,1,repair_wait_at_node,stationary::IN2,154,15.4,15.4,0.05,4.95,-1.570796,0.0,0.25
AMR4,T08,2,repair_wait_at_node,stationary::SORT2,71,15.417,7.1,10.35,4.05,3.141593,0.0,0.25
AMR3,T01,1,loaded,vg::P1__SORT1__path_1,60,15.44,6.0,7.304279875997228,0.4406399908054056,0.073041,0.8099999792914542,0.25
AMR1,T03,2,transition,vg::SORT1__P5__path_1,9,15.471,0.9,9.1234,2.834,2.295046,1.0,0.25
AMR2,T02,1,repair_wait_at_node,stationary::IN2,155,15.5,15.5,0.05,4.95,-1.570796,0.0,0.25
AMR4,T08,2,repair_wait_at_node,stationary::SORT2,72,15.517,7.2,10.35,4.05,3.141593,0.0,0.25
AMR3,T01,1,loaded,vg::P1__SORT1__path_1,61,15.54,6.1,7.385117873930516,0.4466339906521624,0.073041,0.8099999792914542,0.25
AMR1,T03,2,transition,vg::SORT1__P5__path_1,10,15.571,1.0,9.057,2.909,2.295046,1.0,0.25
AMR2,T02,1,repair_wait_at_node,stationary::IN2,156,15.6,15.6,0.05,4.95,-1.570796,0.0,0.25
AMR4,T08,2,repair_wait_at_node,stationary::SORT2,73,15.617,7.3,10.35,4.05,3.141593,0.0,0.25
AMR3,T01,1,loaded,vg::P1__SORT1__path_1,62,15.64,6.2,7.465911872120588,0.4525839907557052,0.073041,0.8099999792914542,0.25
AMR1,T03,2,transition,vg::SORT1__P5__path_1,11,15.671,1.1,8.9846,2.9746,2.397408,1.0,0.25
AMR2,T02,1,repair_wait_at_node,stationary::IN2,157,15.7,15.7,0.05,4.95,-1.570796,0.0,0.25
AMR4,T08,2,repair_wait_at_node,stationary::SORT2,74,15.717,7.4,10.35,4.05,3.141593,0.0,0.25
AMR3,T01,1,loaded,vg::P1__SORT1__path_1,63,15.74,6.3,7.546587870058017,0.4584159906066037,0.073041,0.8099999792914542,0.25
AMR1,T03,2,transition,vg::SORT1__P5__path_1,12,15.771,1.2,8.9122,3.0402,2.4997700000000003,1.0,0.25
AMR2,T02,1,repair_wait_at_node,stationary::IN2,158,15.8,15.8,0.05,4.95,-1.570796,0.0,0.25
AMR4,T08,2,repair_wait_at_node,stationary::SORT2,75,15.817,7.5,10.35,4.05,3.141593,0.0,0.25
AMR3,T01,1,loaded,vg::P1__SORT1__path_1,64,15.84,6.4,7.627263867995446,0.4642479904575021,0.073041,0.8099999792914542,0.25
AMR1,T03,2,transition,vg::SORT1__P5__path_1,13,15.871,1.3,8.8398,3.1058,2.602132,1.0,0.25
AMR2,T02,1,repair_wait_at_node,stationary::IN2,159,15.9,15.9,0.05,4.95,-1.570796,0.0,0.25
AMR4,T08,2,repair_wait_at_node,stationary::SORT2,76,15.917,7.6,10.35,4.05,3.141593,0.0,0.25
AMR3,T01,1,loaded,vg::P1__SORT1__path_1,65,15.94,6.5,7.707939865932875,0.4700799903084006,0.073041,0.8099999792914542,0.25
AMR1,T03,2,transition,vg::SORT1__P5__path_1,14,15.971,1.4,8.7674,3.1714,2.704494,1.0,0.25
AMR2,T02,1,repair_wait_at_node,stationary::IN2,160,16.0,16.0,0.05,4.95,-1.570796,0.0,0.25
AMR4,T08,2,repair_wait_at_node,stationary::SORT2,77,16.017,7.7,10.35,4.05,3.141593,0.0,0.25
AMR3,T01,1,loaded,vg::P1__SORT1__path_1,66,16.04,6.6,7.788615863870304,0.4759119901592991,0.073041,0.8099999792914542,0.25
AMR1,T03,2,transition,vg::SORT1__P5__path_1,15,16.071,1.5,8.695,3.237,2.806856,1.0,0.25
AMR2,T02,1,repair_wait_at_node,stationary::IN2,161,16.1,16.1,0.05,4.95,-1.570796,0.0,0.25
AMR4,T08,2,repair_wait_at_node,stationary::SORT2,78,16.117,7.8,10.35,4.05,3.141593,0.0,0.25
AMR3,T01,1,loaded,vg::P1__SORT1__path_1,67,16.14,6.7,7.869291861807733,0.4817439900101975,0.073041,0.8099999792914542,0.25
AMR1,T03,2,transition,vg::SORT1__P5__path_1,16,16.171,1.6,8.6004,3.2698,2.806856,1.0,0.25
AMR2,T02,1,repair_wait_at_node,stationary::IN2,162,16.2,16.2,0.05,4.95,-1.570796,0.0,0.25
AMR4,T08,2,repair_wait_at_node,stationary::SORT2,79,16.217,7.9,10.35,4.05,3.141593,0.0,0.25
AMR3,T01,1,loaded,vg::P1__SORT1__path_1,68,16.24,6.8,7.949983859463526,0.4875919895794598,0.073041,0.8099999792914542,0.25
AMR1,T03,2,transition,vg::SORT1__P5__path_1,17,16.271,1.7,8.5058,3.3026,2.806856,1.0,0.25
AMR2,T02,1,repair_wait_at_node,stationary::IN2,163,16.3,16.3,0.05,4.95,-1.570796,0.0,0.25
AMR4,T08,2,transition,vg::SORT2__P9__path_1,0,16.317,0.0,10.36,4.05,3.117844,1.0999999784904186,0.25
AMR4,T08,2,repair_wait_at_node,stationary::SORT2,80,16.317,8.0,10.35,4.05,3.141593,0.0,0.25
AMR3,T01,1,loaded,vg::P1__SORT1__path_1,69,16.34,6.9,8.030821857396813,0.4935859894262165,0.073041,0.8099999792914542,0.25
AMR1,T03,2,transition,vg::SORT1__P5__path_1,18,16.371,1.8,8.4112,3.3354,2.806856,1.0,0.25
AMR2,T02,1,repair_wait_at_node,stationary::IN2,164,16.4,16.4,0.05,4.95,-1.570796,0.0,0.25
AMR4,T08,2,transition,vg::SORT2__P9__path_1,1,16.417,0.1,10.250000002150957,4.052639999948377,3.117844,1.0999999784904186,0.25
AMR3,T01,1,loaded,vg::P1__SORT1__path_1,70,16.44,7.0,8.1116598553301,0.4995799892729733,0.073041,0.8099999792914542,0.25
AMR1,T03,2,transition,vg::SORT1__P5__path_1,19,16.471,1.9,8.3166,3.3682,2.806856,1.0,0.25
AMR2,T02,1,repair_wait_at_node,stationary::IN2,165,16.5,16.5,0.05,4.95,-1.570796,0.0,0.25
AMR4,T08,2,transition,vg::SORT2__P9__path_1,2,16.517,0.2,10.140000004301916,4.055279999896754,3.117844,1.0999999784904186,0.25
AMR3,T01,1,loaded,vg::P1__SORT1__path_1,71,16.54,7.1,8.192497853263387,0.5055739891197301,0.073041,0.8099999792914542,0.25
AMR1,T03,2,transition,vg::SORT1__P5__path_1,20,16.571,2.0,8.222,3.401,2.806856,1.0,0.25
AMR2,T02,1,repair_wait_at_node,stationary::IN2,166,16.6,16.6,0.05,4.95,-1.570796,0.0,0.25
AMR4,T08,2,transition,vg::SORT2__P9__path_1,3,16.617,0.3,10.030000006452871,4.057919999845131,3.117844,1.0999999784904186,0.25
AMR3,T01,1,loaded,vg::P1__SORT1__path_1,72,16.64,7.2,8.273335851196673,0.5115679889664868,0.073041,0.8099999792914542,0.25
AMR1,T03,2,transition,vg::SORT1__P5__path_1,21,16.671,2.1,8.1276,3.4338,2.806856,1.0,0.25
AMR2,T02,1,repair_wait_at_node,stationary::IN2,167,16.7,16.7,0.05,4.95,-1.570796,0.0,0.25
AMR4,T08,2,transition,vg::SORT2__P9__path_1,4,16.717,0.4,9.920000008603832,4.060559999793508,3.117844,1.0999999784904186,0.25
AMR3,T01,1,loaded,vg::P1__SORT1__path_1,73,16.74,7.3,8.354173849129962,0.5175619888132437,0.073041,0.8099999792914542,0.25
AMR1,T03,2,transition,vg::SORT1__P5__path_1,22,16.771,2.2,8.033199999999999,3.4666,2.806856,1.0,0.25
AMR2,T02,1,repair_wait_at_node,stationary::IN2,168,16.8,16.8,0.05,4.95,-1.570796,0.0,0.25
AMR4,T08,2,transition,vg::SORT2__P9__path_1,5,16.817,0.5,9.81000001075479,4.063199999741885,3.117844,1.0999999784904186,0.25
AMR3,T01,1,loaded,vg::P1__SORT1__path_1,74,16.84,7.4,8.43501184706325,0.5235559886600004,0.073041,0.8099999792914542,0.25
AMR1,T03,2,transition,vg::SORT1__P5__path_1,23,16.871,2.3,7.9388,3.4994,2.806856,1.0,0.25
AMR2,T02,1,repair_wait_at_node,stationary::IN2,169,16.9,16.9,0.05,4.95,-1.570796,0.0,0.25
AMR4,T08,2,transition,vg::SORT2__P9__path_1,6,16.917,0.6,9.700000012905749,4.065839999690263,3.117844,1.0999999784904186,0.25
AMR3,T01,1,loaded,vg::P1__SORT1__path_1,75,16.94,7.5,8.505199867051136,0.5460499543376566,0.2198320460164607,0.8099999792914542,0.25
AMR1,T03,2,transition,vg::SORT1__P5__path_1,24,16.971,2.4,7.844399999999999,3.5322,2.806856,1.0,0.25
AMR2,T02,1,repair_wait_at_node,stationary::IN2,170,17.0,17.0,0.05,4.95,-1.570796,0.0,0.25
AMR4,T08,2,transition,vg::SORT2__P9__path_1,7,17.017,0.7,9.590000015056706,4.068479999638639,3.117844,1.0999999784904186,0.25
AMR3,T01,1,loaded,vg::P1__SORT1__path_1,76,17.04,7.6,8.574535865278484,0.5698639537288255,0.3783666999633476,0.8099999792914542,0.25
AMR1,T03,2,transition,vg::SORT1__P5__path_1,25,17.071,2.5,7.75,3.565,2.806856,1.0,0.25
AMR2,T02,1,repair_wait_at_node,stationary::IN2,171,17.1,17.1,0.05,4.95,-1.570796,0.0,0.25
AMR4,T08,2,transition,vg::SORT2__P9__path_1,8,17.117,0.8,9.480000017207663,4.071119999587016,3.117844,1.0999999784904186,0.25
AMR3,T01,1,loaded,vg::P1__SORT1__path_1,77,17.14,7.7,8.643871863505833,0.593677953119994,0.536901353910233,0.8099999792914542,0.25
AMR1,T03,2,transition,vg::SORT1__P5__path_1,26,17.171,2.6,7.6556,3.5978,2.806856,1.0,0.25
AMR2,T02,1,repair_wait_at_node,stationary::IN2,172,17.2,17.2,0.05,4.95,-1.570796,0.0,0.25
AMR4,T08,2,transition,vg::SORT2__P9__path_1,9,17.217,0.9,9.370000019358622,4.073759999535393,3.117844,1.0999999784904186,0.25
AMR3,T01,1,loaded,vg::P1__SORT1__path_1,78,17.24,7.8,8.713207861733181,0.617491952511163,0.6954360078571199,0.8099999792914542,0.25
AMR1,T03,2,transition,vg::SORT1__P5__path_1,27,17.271,2.7,7.561199999999999,3.6306,2.806856,1.0,0.25
AMR2,T02,1,repair_wait_at_node,stationary::IN2,173,17.3,17.3,0.05,4.95,-1.570796,0.0,0.25
AMR4,T08,2,transition,vg::SORT2__P9__path_1,10,17.317,1.0,9.26000002150958,4.07639999948377,3.117844,1.0999999784904186,0.25
AMR3,T01,1,loaded,vg::P1__SORT1__path_1,79,17.34,7.9,8.78254385996053,0.6413059519023316,0.8539706618040054,0.8099999792914542,0.25
AMR1,T03,2,transition,vg::SORT1__P5__path_1,28,17.371,2.8,7.466799999999999,3.6634,2.806856,1.0,0.25
AMR2,T02,1,repair_wait_at_node,stationary::IN2,174,17.4,17.4,0.05,4.95,-1.570796,0.0,0.25
AMR4,T08,2,transition,vg::SORT2__P9__path_1,11,17.417,1.1,9.15000002366054,4.079039999432147,3.117844,1.0999999784904186,0.25
AMR3,T01,1,loaded,vg::P1__SORT1__path_1,80,17.44,8.0,8.851879858187878,0.6651199512935002,1.0125053157508908,0.8099999792914542,0.25
AMR1,T03,2,transition,vg::SORT1__P5__path_1,29,17.471,2.9,7.372399999999999,3.6962,2.806856,1.0,0.25
AMR2,T02,1,repair_wait_at_node,stationary::IN2,175,17.5,17.5,0.05,4.95,-1.570796,0.0,0.25
AMR4,T08,2,transition,vg::SORT2__P9__path_1,12,17.517,1.2,9.040000025811496,4.081679999380524,3.117844,1.0999999784904186,0.25
AMR3,T01,1,loaded,vg::P1__SORT1__path_1,81,17.54,8.1,8.899255916801346,0.7240698540668775,1.05165,0.8099999792914542,0.25
AMR1,T03,2,transition,vg::SORT1__P5__path_1,30,17.571,3.0,7.278,3.729,2.806856,1.0,0.25
AMR2,T02,1,repair_wait_at_node,stationary::IN2,176,17.6,17.6,0.05,4.95,-1.570796,0.0,0.25
AMR4,T08,2,transition,vg::SORT2__P9__path_1,13,17.617,1.3,8.930000027962455,4.084319999328901,3.117844,1.0999999784904186,0.25
AMR3,T01,1,loaded,vg::P1__SORT1__path_1,82,17.64,8.2,8.939431915774204,0.7945398522652352,1.05165,0.8099999792914542,0.25
AMR1,T03,2,transition,vg::SORT1__P5__path_1,31,17.671,3.1,7.183599999999999,3.762,2.806856,1.0,0.25
AMR2,T02,1,repair_wait_at_node,stationary::IN2,177,17.7,17.7,0.05,4.95,-1.570796,0.0,0.25
AMR4,T08,2,transition,vg::SORT2__P9__path_1,14,17.717,1.4,8.820080030053186,4.086879999337505,3.117844,1.0999999784904186,0.25
AMR3,T01,1,loaded,vg::P1__SORT1__path_1,83,17.74,8.3,8.97960791474706,0.8650098504635916,1.05165,0.8099999792914542,0.25
AMR1,T03,2,transition,vg::SORT1__P5__path_1,32,17.771,3.2,7.0892,3.795,2.806856,1.0,0.25
AMR2,T02,1,repair_wait_at_node,stationary::IN2,178,17.8,17.8,0.05,4.95,-1.570796,0.0,0.25
AMR4,T08,2,transition,vg::SORT2__P9__path_1,15,17.817,1.5,8.710300032199843,4.089299999290184,3.117844,1.0999999784904186,0.25
AMR3,T01,1,loaded,vg::P1__SORT1__path_1,84,17.84,8.4,9.019783913719916,0.935479848661948,1.05165,0.8099999792914542,0.25
AMR1,T03,2,transition,vg::SORT1__P5__path_1,33,17.871,3.3,6.9948,3.828,2.806856,1.0,0.25
AMR2,T02,1,repair_wait_at_node,stationary::IN2,179,17.9,17.9,0.05,4.95,-1.570796,0.0,0.25
AMR4,T08,2,transition,vg::SORT2__P9__path_1,16,17.917,1.6,8.600520034346498,4.091719999242863,3.117844,1.0999999784904186,0.25
AMR3,T01,1,loaded,vg::P1__SORT1__path_1,85,17.94,8.5,9.059959912692772,1.0059498468603043,1.05165,0.8099999792914542,0.25
AMR1,T03,2,transition,vg::SORT1__P5__path_1,34,17.971,3.4,6.900399999999999,3.861,2.806856,1.0,0.25
AMR2,T02,1,repair_wait_at_node,stationary::IN2,180,18.0,18.0,0.05,4.95,-1.570796,0.0,0.25
AMR4,T08,2,transition,vg::SORT2__P9__path_1,17,18.017,1.7,8.490740036493156,4.094139999195542,3.117844,1.0999999784904186,0.25
AMR3,T01,1,loaded,vg::P1__SORT1__path_1,86,18.04,8.6,9.100135911665628,1.0764198450586608,1.05165,0.8099999792914542,0.25
AMR1,T03,2,transition,vg::SORT1__P5__path_1,35,18.071,3.5,6.806,3.894,2.806856,1.0,0.25
AMR2,T02,1,repair_wait_at_node,stationary::IN2,181,18.1,18.1,0.05,4.95,-1.570796,0.0,0.25
AMR4,T08,2,transition,vg::SORT2__P9__path_1,18,18.117,1.8,8.380960038639813,4.096559999148221,3.117844,1.0999999784904186,0.25
AMR3,T01,1,loaded,vg::P1__SORT1__path_1,87,18.14,8.7,9.140405910278156,1.146795843617347,1.05165,0.8099999792914542,0.25
AMR1,T03,2,transition,vg::SORT1__P5__path_1,36,18.171,3.6,6.7098,3.9192,2.8511732,1.0,0.25
AMR2,T02,1,repair_wait_at_node,stationary::IN2,182,18.2,18.2,0.05,4.95,-1.570796,0.0,0.25
AMR4,T08,2,transition,vg::SORT2__P9__path_1,19,18.217,1.9,8.271000040868206,4.099159999019164,3.117844,1.0999999784904186,0.25
AMR3,T01,1,loaded,vg::P1__SORT1__path_1,88,18.24,8.8,9.18074390924687,1.217103841819845,1.05165,0.8099999792914542,0.25
AMR1,T03,2,transition,vg::SORT1__P5__path_1,37,18.271,3.7,6.6136,3.9444,2.8954904,1.0,0.25
AMR2,T02,1,repair_wait_at_node,stationary::IN2,183,18.3,18.3,0.05,4.95,-1.570796,0.0,0.25
AMR4,T08,2,transition,vg::SORT2__P9__path_1,20,18.317,2.0,8.161000043019163,4.10179999896754,3.117844,1.0999999784904186,0.25
AMR3,T01,1,loaded,vg::P1__SORT1__path_1,89,18.34,8.9,9.221081908215584,1.2874118400223429,1.05165,0.8099999792914542,0.25
AMR1,T03,2,transition,vg::SORT1__P5__path_1,38,18.371,3.8,6.5174,3.9696,2.9398076,1.0,0.25
AMR2,T02,1,repair_wait_at_node,stationary::IN2,184,18.4,18.4,0.05,4.95,-1.570796,0.0,0.25
AMR4,T08,2,transition,vg::SORT2__P9__path_1,21,18.417,2.1,8.05100004517012,4.104439998915917,3.117844,1.0999999784904186,0.25
AMR3,T01,1,loaded,vg::P1__SORT1__path_1,90,18.44,9.0,9.261419907184298,1.357719838224841,1.05165,0.8099999792914542,0.25
AMR1,T03,2,transition,vg::SORT1__P5__path_1,39,18.471,3.9,6.4212,3.9948,2.9841248,1.0,0.25
AMR2,T02,1,repair_wait_at_node,stationary::IN2,185,18.5,18.5,0.05,4.95,-1.570796,0.0,0.25
AMR4,T08,2,transition,vg::SORT2__P9__path_1,22,18.517,2.2,7.9410000473210784,4.107079998864294,3.117844,1.0999999784904186,0.25
AMR3,T01,1,loaded,vg::P1__SORT1__path_1,91,18.54,9.1,9.301757906153012,1.4280278364273389,1.05165,0.8099999792914542,0.25
AMR1,T03,2,transition,vg::SORT1__P5__path_1,40,18.571,4.0,6.325,4.02,3.028442,1.0,0.25
AMR2,T02,1,repair_wait_at_node,stationary::IN2,186,18.6,18.6,0.05,4.95,-1.570796,0.0,0.25
AMR4,T08,2,transition,vg::SORT2__P9__path_1,23,18.617,2.3,7.831000049472037,4.109719998812671,3.117844,1.0999999784904186,0.25
AMR3,T01,1,loaded,vg::P1__SORT1__path_1,92,18.64,9.2,9.342095905121727,1.498335834629838,1.05165,0.8099999792914542,0.25
AMR1,T03,2,transition,vg::SORT1__P5__path_1,41,18.671,4.1,6.2256,4.031199999999999,3.028442,1.0,0.25
AMR2,T02,1,repair_wait_at_node,stationary::IN2,187,18.7,18.7,0.05,4.95,-1.570796,0.0,0.25
AMR4,T08,2,transition,vg::SORT2__P9__path_1,24,18.717,2.4,7.721000051622995,4.112359998761049,3.117844,1.0999999784904186,0.25
AMR3,T01,1,loaded,vg::P1__SORT1__path_1,93,18.74,9.3,9.38236790447562,1.5686438328323358,1.05165,0.8099999792914542,0.25
AMR1,T03,2,transition,vg::SORT1__P5__path_1,42,18.771,4.2,6.1262,4.0424,3.028442,1.0,0.25
AMR2,T02,1,repair_wait_at_node,stationary::IN2,188,18.8,18.8,0.05,4.95,-1.570796,0.0,0.25
AMR4,T08,2,transition,vg::SORT2__P9__path_1,25,18.817,2.5,7.611000053773953,4.1149999987094255,3.117844,1.0999999784904186,0.25
AMR3,T01,1,loaded,vg::P1__SORT1__path_1,94,18.84,9.4,9.422543903448476,1.638951831034834,1.05165,0.8099999792914542,0.25
AMR1,T03,2,transition,vg::SORT1__P5__path_1,43,18.871,4.3,6.026800000000001,4.053599999999999,3.028442,1.0,0.25
AMR2,T02,1,repair_wait_at_node,stationary::IN2,189,18.9,18.9,0.05,4.95,-1.570796,0.0,0.25
AMR4,T08,2,transition,vg::SORT2__P9__path_1,26,18.917,2.6,7.501000055924911,4.117639998657802,3.117844,1.0999999784904186,0.25
AMR3,T01,1,loaded,vg::P1__SORT1__path_1,95,18.94,9.5,9.462719902421332,1.7092598292373318,1.05165,0.8099999792914542,0.25
AMR1,T03,2,transition,vg::SORT1__P5__path_1,44,18.971,4.4,5.9274,4.0648,3.028442,1.0,0.25
AMR2,T02,1,repair_wait_at_node,stationary::IN2,190,19.0,19.0,0.05,4.95,-1.570796,0.0,0.25
AMR4,T08,2,transition,vg::SORT2__P9__path_1,27,19.017,2.7,7.391000058075869,4.120279998606179,3.117844,1.0999999784904186,0.25
AMR3,T01,1,loaded,vg::P1__SORT1__path_1,96,19.04,9.6,9.50289590139419,1.7795678274398308,1.05165,0.8099999792914542,0.25
AMR1,T03,2,transition,vg::SORT1__P5__path_1,45,19.071,4.5,5.828,4.076,3.028442,1.0,0.25
AMR2,T02,1,repair_wait_at_node,stationary::IN2,191,19.1,19.1,0.05,4.95,-1.570796,0.0,0.25
AMR4,T08,2,transition,vg::SORT2__P9__path_1,28,19.117,2.8,7.281000060226827,4.122919998554557,3.117844,1.0999999784904186,0.25
AMR3,T01,1,loaded,vg::P1__SORT1__path_1,97,19.14,9.7,9.543071900367046,1.8498758256423289,1.05165,0.8099999792914542,0.25
AMR1,T03,2,transition,vg::SORT1__P5__path_1,46,19.171,4.6,5.728478468899521,4.087483253588516,3.028442,1.0,0.25
AMR2,T02,1,repair_wait_at_node,stationary::IN2,192,19.2,19.2,0.05,4.95,-1.570796,0.0,0.25
AMR4,T08,2,transition,vg::SORT2__P9__path_1,29,19.217,2.9,7.171000062377785,4.125559998502934,3.117844,1.0999999784904186,0.25
AMR3,T01,1,loaded,vg::P1__SORT1__path_1,98,19.24,9.8,9.583247899339902,1.9201838238448268,1.05165,0.8099999792914542,0.25
AMR1,T03,2,transition,vg::SORT1__P5__path_1,47,19.271,4.7,5.6289569377990425,4.098966507177034,3.028442,1.0,0.25
AMR1,T03,2,service_at_pickup,stationary::P5,0,19.28,0.0,5.65,4.05,3.141593,0.0,0.25
AMR1,T03,2,transition,vg::SORT1__P5__path_1,48,19.28,4.709,5.62,4.1,3.028442,1.0,0.25
AMR2,T02,1,repair_wait_at_node,stationary::IN2,193,19.3,19.3,0.05,4.95,-1.570796,0.0,0.25
AMR4,T08,2,transition,vg::SORT2__P9__path_1,30,19.317,3.0,7.061000064528743,4.128199998451311,3.117844,1.0999999784904186,0.25
AMR3,T01,1,loaded,vg::P1__SORT1__path_1,99,19.34,9.9,9.623411113403982,1.9905138405013263,1.05165,0.8099999792914542,0.25
AMR1,T03,2,service_at_pickup,stationary::P5,1,19.38,0.1,5.65,4.05,3.141593,0.0,0.25
AMR2,T02,1,repair_wait_at_node,stationary::IN2,194,19.4,19.4,0.05,4.95,-1.570796,0.0,0.25
AMR4,T08,2,transition,vg::SORT2__P9__path_1,31,19.417,3.1,6.951000066679701,4.130839998399687,3.117844,1.0999999784904186,0.25
AMR3,T01,1,loaded,vg::P1__SORT1__path_1,100,19.44,10.0,9.663532607705337,2.060915707860303,1.05165,0.8099999792914542,0.25
AMR1,T03,2,service_at_pickup,stationary::P5,2,19.48,0.2,5.65,4.05,3.141593,0.0,0.25
AMR2,T02,1,repair_wait_at_node,stationary::IN2,195,19.5,19.5,0.05,4.95,-1.570796,0.0,0.25
AMR4,T08,2,transition,vg::SORT2__P9__path_1,32,19.517,3.2,6.84100006883066,4.133479998348064,3.117844,1.0999999784904186,0.25
AMR3,T01,1,loaded,vg::P1__SORT1__path_1,101,19.54,10.1,9.703654102006688,2.1313175752192803,1.05165,0.8099999792914542,0.25
AMR1,T03,2,service_at_pickup,stationary::P5,3,19.58,0.3,5.65,4.05,3.141593,0.0,0.25
AMR3,T09,2,transition,vg::SORT1__P4__path_1,0,19.581,0.0,9.72,2.16,-2.089942,0.900000013715331,0.25
AMR3,T01,1,loaded,vg::P1__SORT1__path_1,102,19.581,10.141,9.72,2.16,1.05165,0.8099999792914542,0.25
AMR2,T02,1,repair_wait_at_node,stationary::IN2,196,19.6,19.6,0.05,4.95,-1.570796,0.0,0.25
AMR4,T08,2,transition,vg::SORT2__P9__path_1,33,19.617,3.3,6.731000070981618,4.136119998296441,3.117844,1.0999999784904186,0.25
AMR1,T03,2,service_at_pickup,stationary::P5,4,19.68,0.4,5.65,4.05,3.141593,0.0,0.25
AMR3,T09,2,transition,vg::SORT1__P4__path_1,1,19.681,0.1,9.67535999931972,2.0818799988095096,-2.089942,0.900000013715331,0.25
AMR2,T02,1,repair_wait_at_node,stationary::IN2,197,19.7,19.7,0.05,4.95,-1.570796,0.0,0.25
AMR4,T08,2,transition,vg::SORT2__P9__path_1,34,19.717,3.4,6.621000073132576,4.138759998244818,3.117844,1.0999999784904186,0.25
AMR1,T03,2,service_at_pickup,stationary::P5,5,19.78,0.5,5.65,4.05,3.141593,0.0,0.25
AMR3,T09,2,transition,vg::SORT1__P4__path_1,2,19.781,0.2,9.63071999863944,2.0037599976190186,-2.089942,0.900000013715331,0.25
AMR2,T02,1,repair_wait_at_node,stationary::IN2,198,19.8,19.8,0.05,4.95,-1.570796,0.0,0.25
AMR4,T08,2,transition,vg::SORT2__P9__path_1,35,19.817,3.5,6.511000075283534,4.141399998193195,3.117844,1.0999999784904186,0.25
AMR1,T03,2,service_at_pickup,stationary::P5,6,19.88,0.6,5.65,4.05,3.141593,0.0,0.25
AMR3,T09,2,transition,vg::SORT1__P4__path_1,3,19.881,0.3,9.58607999795916,1.925639996428528,-2.089942,0.900000013715331,0.25
AMR2,T02,1,repair_wait_at_node,stationary::IN2,199,19.9,19.9,0.05,4.95,-1.570796,0.0,0.25
AMR4,T08,2,transition,vg::SORT2__P9__path_1,36,19.917,3.6,6.401000077434492,4.144039998141571,3.117844,1.0999999784904186,0.25
AMR1,T03,2,service_at_pickup,stationary::P5,7,19.98,0.7,5.65,4.05,3.141593,0.0,0.25
AMR3,T09,2,transition,vg::SORT1__P4__path_1,4,19.981,0.4,9.54143999727888,1.847519995238037,-2.089942,0.900000013715331,0.25
AMR2,T02,1,repair_wait_at_node,stationary::IN2,200,20.0,20.0,0.05,4.95,-1.570796,0.0,0.25
AMR4,T08,2,transition,vg::SORT2__P9__path_1,37,20.017,3.7,6.32838003708682,4.186019953362925,2.9121245938898603,1.0999999784904186,0.25
AMR1,T03,2,service_at_pickup,stationary::P5,8,20.08,0.8,5.65,4.05,3.141593,0.0,0.25
AMR3,T09,2,transition,vg::SORT1__P4__path_1,5,20.081,0.5,9.496799996598597,1.7693999940475464,-2.089942,0.900000013715331,0.25
AMR2,T02,1,repair_wait_at_node,stationary::IN2,201,20.1,20.1,0.05,4.95,-1.570796,0.0,0.25
AMR4,T08,2,transition,vg::SORT2__P9__path_1,38,20.117,3.8,6.277120038089167,4.250479952102464,2.588850880211208,1.0999999784904186,0.25
AMR1,T03,2,service_at_pickup,stationary::P5,9,20.18,0.9,5.65,4.05,3.141593,0.0,0.25
AMR3,T09,2,transition,vg::SORT1__P4__path_1,6,20.181,0.6,9.452159995918317,1.6912799928570554,-2.089942,0.900000013715331,0.25
AMR2,T02,1,repair_wait_at_node,stationary::IN2,202,20.2,20.2,0.05,4.95,-1.570796,0.0,0.25
AMR4,T08,2,transition,vg::SORT2__P9__path_1,39,20.217,3.9,6.225860039091513,4.314939950842002,2.265577166532556,1.0999999784904186,0.25
AMR1,T03,2,service_at_pickup,stationary::P5,10,20.28,1.0,5.65,4.05,3.141593,0.0,0.25
AMR3,T09,2,transition,vg::SORT1__P4__path_1,7,20.281,0.7,9.407519995238037,1.6131599916665649,-2.089942,0.900000013715331,0.25
AMR2,T02,1,repair_wait_at_node,stationary::IN2,203,20.3,20.3,0.05,4.95,-1.570796,0.0,0.25
AMR4,T08,2,transition,vg::SORT2__P9__path_1,40,20.317,4.0,6.17460004009386,4.379399949581541,1.9423034528539047,1.0999999784904186,0.25
AMR1,T03,2,service_at_pickup,stationary::P5,11,20.38,1.1,5.65,4.05,3.141593,0.0,0.25
AMR3,T09,2,transition,vg::SORT1__P4__path_1,8,20.381,0.8,9.362879994557757,1.535039990476074,-2.089942,0.900000013715331,0.25
AMR2,T02,1,repair_wait_at_node,stationary::IN2,204,20.4,20.4,0.05,4.95,-1.570796,0.0,0.25
AMR4,T08,2,transition,vg::SORT2__P9__path_1,41,20.417,4.1,6.127220006878765,4.447959912163474,1.648418,1.0999999784904186,0.25
AMR1,T03,2,service_at_pickup,stationary::P5,12,20.48,1.2,5.65,4.05,3.141593,0.0,0.25
AMR3,T09,2,transition,vg::SORT1__P4__path_1,9,20.481,0.9,9.318239993877476,1.4569199892855833,-2.089942,0.900000013715331,0.25
AMR2,T02,1,repair_wait_at_node,stationary::IN2,205,20.5,20.5,0.05,4.95,-1.570796,0.0,0.25
AMR4,T08,2,transition,vg::SORT2__P9__path_1,42,20.517,4.2,6.118640007046539,4.557519910021119,1.648418,1.0999999784904186,0.25
AMR1,T03,2,service_at_pickup,stationary::P5,13,20.58,1.3,5.65,4.05,3.141593,0.0,0.25
AMR3,T09,2,transition,vg::SORT1__P4__path_1,10,20.581,1.0,9.273599993197196,1.3787999880950927,-2.089942,0.900000013715331,0.25
AMR2,T02,1,repair_wait_at_node,stationary::IN2,206,20.6,20.6,0.05,4.95,-1.570796,0.0,0.25
AMR4,T08,2,transition,vg::SORT2__P9__path_1,43,20.617,4.3,6.110060007214313,4.667079907878764,1.648418,1.0999999784904186,0.25
AMR1,T03,2,service_at_pickup,stationary::P5,14,20.68,1.4,5.65,4.05,3.141593,0.0,0.25
AMR3,T09,2,transition,vg::SORT1__P4__path_1,11,20.681,1.1,9.228959992516916,1.300679986904602,-2.089942,0.900000013715331,0.25
AMR2,T02,1,repair_wait_at_node,stationary::IN2,207,20.7,20.7,0.05,4.95,-1.570796,0.0,0.25
AMR4,T08,2,transition,vg::SORT2__P9__path_1,44,20.717,4.4,6.101480007382088,4.776639905736411,1.648418,1.0999999784904186,0.25
AMR1,T03,2,service_at_pickup,stationary::P5,15,20.78,1.5,5.65,4.05,3.141593,0.0,0.25
AMR3,T09,2,transition,vg::SORT1__P4__path_1,12,20.781,1.2,9.184319991836636,1.2225599857141112,-2.089942,0.900000013715331,0.25
AMR2,T02,1,repair_wait_at_node,stationary::IN2,208,20.8,20.8,0.05,4.95,-1.570796,0.0,0.25
AMR4,T08,2,transition,vg::SORT2__P9__path_1,45,20.817,4.5,6.092900007549863,4.886199903594056,1.648418,1.0999999784904186,0.25
AMR1,T03,2,service_at_pickup,stationary::P5,16,20.88,1.6,5.65,4.05,3.141593,0.0,0.25
AMR3,T09,2,transition,vg::SORT1__P4__path_1,13,20.881,1.3,9.139679991156354,1.1444399845236206,-2.089942,0.900000013715331,0.25
AMR2,T02,1,repair_wait_at_node,stationary::IN2,209,20.9,20.9,0.05,4.95,-1.570796,0.0,0.25
AMR4,T08,2,transition,vg::SORT2__P9__path_1,46,20.917,4.6,6.084263165706111,4.995999901055927,1.648418,1.0999999784904186,0.25
AMR4,T08,2,service_at_pickup,stationary::P9,0,20.966,0.0,6.05,5.05,-1.570796,0.0,0.25
AMR4,T08,2,transition,vg::SORT2__P9__path_1,47,20.966,4.649,6.08,5.05,1.648418,1.0999999784904186,0.25
AMR1,T03,2,service_at_pickup,stationary::P5,17,20.98,1.7,5.65,4.05,3.141593,0.0,0.25
AMR3,T09,2,transition,vg::SORT1__P4__path_1,14,20.981,1.4,9.095039990476074,1.0663199833331298,-2.089942,0.900000013715331,0.25
AMR2,T02,1,repair_wait_at_node,stationary::IN2,210,21.0,21.0,0.05,4.95,-1.570796,0.0,0.25
AMR4,T08,2,service_at_pickup,stationary::P9,1,21.066,0.1,6.05,5.05,-1.570796,0.0,0.25
AMR1,T03,2,service_at_pickup,stationary::P5,18,21.08,1.8,5.65,4.05,3.141593,0.0,0.25
AMR3,T09,2,transition,vg::SORT1__P4__path_1,15,21.081,1.5,9.050399989795794,0.9881999821426392,-2.089942,0.900000013715331,0.25
AMR2,T02,1,repair_wait_at_node,stationary::IN2,211,21.1,21.1,0.05,4.95,-1.570796,0.0,0.25
AMR4,T08,2,service_at_pickup,stationary::P9,2,21.166,0.2,6.05,5.05,-1.570796,0.0,0.25
AMR1,T03,2,service_at_pickup,stationary::P5,19,21.18,1.9,5.65,4.05,3.141593,0.0,0.25
AMR3,T09,2,transition,vg::SORT1__P4__path_1,16,21.181,1.6,9.005759989115514,0.9100799809521484,-2.089942,0.900000013715331,0.25
AMR2,T02,1,repair_wait_at_node,stationary::IN2,212,21.2,21.2,0.05,4.95,-1.570796,0.0,0.25
AMR4,T08,2,service_at_pickup,stationary::P9,3,21.266,0.3,6.05,5.05,-1.570796,0.0,0.25
AMR1,T03,2,service_at_pickup,stationary::P5,20,21.28,2.0,5.65,4.05,3.141593,0.0,0.25
AMR3,T09,2,transition,vg::SORT1__P4__path_1,17,21.281,1.7,8.956739985031088,0.838859985124352,-2.148658645634665,0.900000013715331,0.25
AMR2,T02,1,repair_wait_at_node,stationary::IN2,213,21.3,21.3,0.05,4.95,-1.570796,0.0,0.25
AMR4,T08,2,service_at_pickup,stationary::P9,4,21.366,0.4,6.05,5.05,-1.570796,0.0,0.25
AMR1,T03,2,service_at_pickup,stationary::P5,21,21.38,2.1,5.65,4.05,3.141593,0.0,0.25
AMR3,T09,2,transition,vg::SORT1__P4__path_1,18,21.381,1.8,8.898959984150563,0.7814399842493139,-2.324808448319056,0.900000013715331,0.25
AMR2,T02,1,repair_wait_at_node,stationary::IN2,214,21.4,21.4,0.05,4.95,-1.570796,0.0,0.25
AMR4,T08,2,service_at_pickup,stationary::P9,5,21.466,0.5,6.05,5.05,-1.570796,0.0,0.25
AMR1,T03,2,service_at_pickup,stationary::P5,22,21.48,2.2,5.65,4.05,3.141593,0.0,0.25
AMR3,T09,2,transition,vg::SORT1__P4__path_1,19,21.481,1.9,8.84117998327004,0.7240199833742758,-2.5009582510034485,0.900000013715331,0.25
AMR2,T02,1,repair_wait_at_node,stationary::IN2,215,21.5,21.5,0.05,4.95,-1.570796,0.0,0.25
AMR4,T08,2,service_at_pickup,stationary::P9,6,21.566,0.6,6.05,5.05,-1.570796,0.0,0.25
AMR1,T03,2,service_at_pickup,stationary::P5,23,21.58,2.3,5.65,4.05,3.141593,0.0,0.25
AMR3,T09,2,transition,vg::SORT1__P4__path_1,20,21.581,2.0,8.783399982389515,0.6665999824992377,-2.67710805368784,0.900000013715331,0.25
AMR2,T02,1,repair_wait_at_node,stationary::IN2,216,21.6,21.6,0.05,4.95,-1.570796,0.0,0.25
AMR4,T08,2,service_at_pickup,stationary::P9,7,21.666,0.7,6.05,5.05,-1.570796,0.0,0.25
AMR1,T03,2,service_at_pickup,stationary::P5,24,21.68,2.4,5.65,4.05,3.141593,0.0,0.25
AMR3,T09,2,transition,vg::SORT1__P4__path_1,21,21.681,2.1,8.72561998150899,0.6091799816241995,-2.8532578563722324,0.900000013715331,0.25
AMR2,T02,1,repair_wait_at_node,stationary::IN2,217,21.7,21.7,0.05,4.95,-1.570796,0.0,0.25
AMR4,T08,2,service_at_pickup,stationary::P9,8,21.766,0.8,6.05,5.05,-1.570796,0.0,0.25
AMR1,T03,2,service_at_pickup,stationary::P5,25,21.78,2.5,5.65,4.05,3.141593,0.0,0.25
AMR3,T09,2,transition,vg::SORT1__P4__path_1,22,21.781,2.2,8.667839980628466,0.5517599807491613,-3.0294076590566243,0.900000013715331,0.25
AMR2,T02,1,repair_wait_at_node,stationary::IN2,218,21.8,21.8,0.05,4.95,-1.570796,0.0,0.25
AMR4,T08,2,service_at_pickup,stationary::P9,9,21.866,0.9,6.05,5.05,-1.570796,0.0,0.25
AMR1,T03,2,service_at_pickup,stationary::P5,26,21.88,2.6,5.65,4.05,3.141593,0.0,0.25
AMR3,T09,2,transition,vg::SORT1__P4__path_1,23,21.881,2.3,8.58513996851783,0.5339599977287413,-3.068552,0.900000013715331,0.25
AMR2,T02,1,repair_wait_at_node,stationary::IN2,219,21.9,21.9,0.05,4.95,-1.570796,0.0,0.25
AMR4,T08,2,service_at_pickup,stationary::P9,10,21.966,1.0,6.05,5.05,-1.570796,0.0,0.25
AMR1,T03,2,service_at_pickup,stationary::P5,27,21.98,2.7,5.65,4.05,3.141593,0.0,0.25
AMR3,T09,2,transition,vg::SORT1__P4__path_1,24,21.981,2.4,8.495319967149038,0.5274799976299908,-3.068552,0.900000013715331,0.25
AMR2,T02,1,repair_wait_at_node,stationary::IN2,220,22.0,22.0,0.05,4.95,-1.570796,0.0,0.25
AMR4,T08,2,service_at_pickup,stationary::P9,11,22.066,1.1,6.05,5.05,-1.570796,0.0,0.25
AMR1,T03,2,service_at_pickup,stationary::P5,28,22.08,2.8,5.65,4.05,3.141593,0.0,0.25
AMR3,T09,2,transition,vg::SORT1__P4__path_1,25,22.081,2.5,8.40549996578025,0.5209999975312405,-3.068552,0.900000013715331,0.25
AMR2,T02,1,repair_wait_at_node,stationary::IN2,221,22.1,22.1,0.05,4.95,-1.570796,0.0,0.25
AMR4,T08,2,service_at_pickup,stationary::P9,12,22.166,1.2,6.05,5.05,-1.570796,0.0,0.25
AMR1,T03,2,service_at_pickup,stationary::P5,29,22.18,2.9,5.65,4.05,3.141593,0.0,0.25
AMR3,T09,2,transition,vg::SORT1__P4__path_1,26,22.181,2.6,8.315679964411459,0.51451999743249,-3.068552,0.900000013715331,0.25
AMR2,T02,1,repair_wait_at_node,stationary::IN2,222,22.2,22.2,0.05,4.95,-1.570796,0.0,0.25
AMR4,T08,2,service_at_pickup,stationary::P9,13,22.266,1.3,6.05,5.05,-1.570796,0.0,0.25
AMR1,T03,2,loaded,vg::P5__SORT1__path_1,0,22.28,0.0,5.62,4.1,-0.113151,0.9000000382246778,0.25
AMR1,T03,2,service_at_pickup,stationary::P5,30,22.28,3.0,5.65,4.05,3.141593,0.0,0.25
AMR3,T09,2,transition,vg::SORT1__P4__path_1,27,22.281,2.7,8.22585996304267,0.5080399973337396,-3.068552,0.900000013715331,0.25
AMR2,T02,1,repair_wait_at_node,stationary::IN2,223,22.3,22.3,0.05,4.95,-1.570796,0.0,0.25
AMR4,T08,2,service_at_pickup,stationary::P9,14,22.366,1.4,6.05,5.05,-1.570796,0.0,0.25
AMR1,T03,2,loaded,vg::P5__SORT1__path_1,1,22.38,0.1,5.709460003799533,4.089919999571883,-0.113151,0.9000000382246778,0.25
AMR3,T09,2,transition,vg::SORT1__P4__path_1,28,22.381,2.8,8.136039961673879,0.5015199971581834,-3.068552,0.900000013715331,0.25
AMR2,T02,1,repair_wait_at_node,stationary::IN2,224,22.4,22.4,0.05,4.95,-1.570796,0.0,0.25
AMR4,T08,2,service_at_pickup,stationary::P9,15,22.466,1.5,6.05,5.05,-1.570796,0.0,0.25
AMR1,T03,2,loaded,vg::P5__SORT1__path_1,2,22.48,0.2,5.798920007599066,4.079839999143767,-0.113151,0.9000000382246778,0.25
AMR3,T09,2,transition,vg::SORT1__P4__path_1,29,22.481,2.9,8.04621996030509,0.4948599970566899,-3.068552,0.900000013715331,0.25
AMR2,T02,1,repair_wait_at_node,stationary::IN2,225,22.5,22.5,0.05,4.95,-1.570796,0.0,0.25
AMR4,T08,2,service_at_pickup,stationary::P9,16,22.566,1.6,6.05,5.05,-1.570796,0.0,0.25
AMR1,T03,2,loaded,vg::P5__SORT1__path_1,3,22.58,0.3,5.888380011398599,4.06975999871565,-0.113151,0.9000000382246778,0.25
AMR3,T09,2,transition,vg::SORT1__P4__path_1,30,22.581,3.0,7.9563999589362995,0.4881999969551965,-3.068552,0.900000013715331,0.25
AMR2,T02,1,repair_wait_at_node,stationary::IN2,226,22.6,22.6,0.05,4.95,-1.570796,0.0,0.25
AMR4,T08,2,service_at_pickup,stationary::P9,17,22.666,1.7,6.05,5.05,-1.570796,0.0,0.25
AMR1,T03,2,loaded,vg::P5__SORT1__path_1,4,22.68,0.4,5.977840015198132,4.059679998287535,-0.113151,0.9000000382246778,0.25
AMR3,T09,2,transition,vg::SORT1__P4__path_1,31,22.681,3.1,7.866579957567509,0.4815399968537031,-3.068552,0.900000013715331,0.25
AMR2,T02,1,repair_wait_at_node,stationary::IN2,227,22.7,22.7,0.05,4.95,-1.570796,0.0,0.25
AMR4,T08,2,service_at_pickup,stationary::P9,18,22.766,1.8,6.05,5.05,-1.570796,0.0,0.25
AMR1,T03,2,loaded,vg::P5__SORT1__path_1,5,22.78,0.5,6.067300018997665,4.049599997859418,-0.113151,0.9000000382246778,0.25
AMR3,T09,2,transition,vg::SORT1__P4__path_1,32,22.781,3.2,7.776759956198719,0.4748799967522096,-3.068552,0.900000013715331,0.25
AMR2,T02,1,repair_wait_at_node,stationary::IN2,228,22.8,22.8,0.05,4.95,-1.570796,0.0,0.25
AMR4,T08,2,service_at_pickup,stationary::P9,19,22.866,1.9,6.05,5.05,-1.570796,0.0,0.25
AMR1,T03,2,loaded,vg::P5__SORT1__path_1,6,22.88,0.6,6.1562800225219805,4.037439996238692,-0.1308778901640641,0.9000000382246778,0.25
AMR3,T09,2,transition,vg::SORT1__P4__path_1,33,22.881,3.3,7.686939954829929,0.4682199966507162,-3.068552,0.900000013715331,0.25
AMR2,T02,1,repair_wait_at_node,stationary::IN2,229,22.9,22.9,0.05,4.95,-1.570796,0.0,0.25
AMR4,T08,2,loaded,vg::P9__SORT2__path_1,0,22.966,0.0,6.08,5.05,-1.493175,0.9899999167579264,0.25
AMR4,T08,2,service_at_pickup,stationary::P9,20,22.966,2.0,6.05,5.05,-1.570796,0.0,0.25
AMR1,T03,2,loaded,vg::P5__SORT1__path_1,7,22.98,0.7,6.244660026275644,4.0226799956118064,-0.1707633718580748,0.9000000382246778,0.25
AMR3,T09,2,transition,vg::SORT1__P4__path_1,34,22.981,3.4,7.597239953554403,0.461679996642487,-3.068552,0.900000013715331,0.25
AMR2,T02,1,repair_wait_at_node,stationary::IN2,230,23.0,23.0,0.05,4.95,-1.570796,0.0,0.25
AMR4,T08,2,loaded,vg::P9__SORT2__path_1,1,23.066,0.1,6.087721999350712,4.95139600829091,-1.493175,0.9899999167579264,0.25
AMR1,T03,2,loaded,vg::P5__SORT1__path_1,8,23.08,0.8,6.333040030029307,4.007919994984922,-0.2106488535520855,0.9000000382246778,0.25
AMR3,T09,2,transition,vg::SORT1__P4__path_1,35,23.081,3.5,7.507599952188356,0.4551999965437366,-3.068552,0.900000013715331,0.25
AMR2,T02,1,repair_wait_at_node,stationary::IN2,231,23.1,23.1,0.05,4.95,-1.570796,0.0,0.25
AMR4,T08,2,loaded,vg::P9__SORT2__path_1,2,23.166,0.2,6.095443998701423,4.852792016581821,-1.493175,0.9899999167579264,0.25
AMR1,T03,2,loaded,vg::P5__SORT1__path_1,9,23.18,0.9,6.42142003378297,3.9931599943580376,-0.2505343352460962,0.9000000382246778,0.25
AMR3,T09,2,transition,vg::SORT1__P4__path_1,36,23.181,3.6,7.417959950822309,0.4487199964449862,-3.068552,0.900000013715331,0.25
AMR2,T02,1,repair_wait_at_node,stationary::IN2,232,23.2,23.2,0.05,4.95,-1.570796,0.0,0.25
AMR4,T08,2,loaded,vg::P9__SORT2__path_1,3,23.266,0.3,6.103165998052136,4.754188024872732,-1.493175,0.9899999167579264,0.25
AMR1,T03,2,loaded,vg::P5__SORT1__path_1,10,23.28,1.0,6.509800037536634,3.978399993731153,-0.2904198169401069,0.9000000382246778,0.25
AMR3,T09,2,transition,vg::SORT1__P4__path_1,37,23.281,3.7,7.328319949456262,0.4422399963462358,-3.068552,0.900000013715331,0.25
AMR2,T02,1,repair_wait_at_node,stationary::IN2,233,23.3,23.3,0.05,4.95,-1.570796,0.0,0.25
AMR4,T08,2,loaded,vg::P9__SORT2__path_1,4,23.366,0.4,6.110887997402847,4.655584033163642,-1.493175,0.9899999167579264,0.25
AMR1,T03,2,loaded,vg::P5__SORT1__path_1,11,23.38,1.1,6.598180041290297,3.963639993104268,-0.3303052986341176,0.9000000382246778,0.25
AMR3,T09,2,transition,vg::SORT1__P4__path_1,38,23.381,3.8,7.238679948090215,0.4357599962474854,-3.068552,0.900000013715331,0.25
AMR2,T02,1,repair_wait_at_node,stationary::IN2,234,23.4,23.4,0.05,4.95,-1.570796,0.0,0.25
AMR4,T08,2,loaded,vg::P9__SORT2__path_1,5,23.466,0.5,6.118609996753559,4.556980041454552,-1.493175,0.9899999167579264,0.25
AMR1,T03,2,loaded,vg::P5__SORT1__path_1,12,23.48,1.2,6.6835200433009145,3.935759984954767,-0.334737,0.9000000382246778,0.25
AMR3,T09,2,transition,vg::SORT1__P4__path_1,39,23.481,3.9,7.149019946617188,0.4293999967906125,-2.9443484356412832,0.900000013715331,0.25
AMR2,T02,1,repair_wait_at_node,stationary::IN2,235,23.5,23.5,0.05,4.95,-1.570796,0.0,0.25
AMR4,T08,2,loaded,vg::P9__SORT2__path_1,6,23.566,0.6,6.143063987214017,4.4760480403557565,-1.2169230587816804,0.9899999167579264,0.25
AMR1,T03,2,loaded,vg::P5__SORT1__path_1,13,23.58,1.3,6.768480046909325,3.906239983700997,-0.334737,0.9000000382246778,0.25
AMR3,T09,2,transition,vg::SORT1__P4__path_1,40,23.581,4.0,7.059199945248399,0.4239999967083205,-1.826522318606448,0.900000013715331,0.25
AMR2,T02,1,repair_wait_at_node,stationary::IN2,236,23.6,23.6,0.05,4.95,-1.570796,0.0,0.25
AMR4,T08,2,loaded,vg::P9__SORT2__path_1,7,23.666,0.7,6.168407985083021,4.396056047081716,-0.9259767352452938,0.9899999167579264,0.25
AMR1,T03,2,loaded,vg::P5__SORT1__path_1,14,23.68,1.4,6.853440050517734,3.876719982447228,-0.334737,0.9000000382246778,0.25
AMR3,T09,2,transition,vg::SORT1__P4__path_1,41,23.681,4.1,6.969379943879608,0.4185999966260285,-0.7086962015716032,0.900000013715331,0.25
AMR2,T02,1,repair_wait_at_node,stationary::IN2,237,23.7,23.7,0.05,4.95,-1.570796,0.0,0.25
AMR4,T08,2,loaded,vg::P9__SORT2__path_1,8,23.766,0.8,6.193751982952024,4.316064053807676,-0.6350304117089074,0.9899999167579264,0.25
AMR1,T03,2,loaded,vg::P5__SORT1__path_1,15,23.78,1.5,6.938400054126143,3.8471999811934583,-0.334737,0.9000000382246778,0.25
AMR3,T09,2,transition,vg::SORT1__P4__path_1,42,23.781,4.2,6.879559942510818,0.4131999965437366,0.4091299154632319,0.900000013715331,0.25
AMR2,T02,1,repair_wait_at_node,stationary::IN2,238,23.8,23.8,0.05,4.95,-1.570796,0.0,0.25
AMR4,T08,2,loaded,vg::P9__SORT2__path_1,9,23.866,0.9,6.219095980821026,4.236072060533636,-0.3440840881725209,0.9899999167579264,0.25
AMR1,T03,2,loaded,vg::P5__SORT1__path_1,16,23.88,1.6,7.023360057734553,3.817679979939689,-0.334737,0.9000000382246778,0.25
AMR3,T09,2,transition,vg::SORT1__P4__path_1,43,23.881,4.3,6.789739941142029,0.4077999964614446,1.526956032498067,0.900000013715331,0.25
AMR2,T02,1,repair_wait_at_node,stationary::IN2,239,23.9,23.9,0.05,4.95,-1.570796,0.0,0.25
AMR4,T08,2,loaded,vg::P9__SORT2__path_1,10,23.966,1.0,6.244439978690029,4.1560800672595954,-0.0531377646361344,0.9899999167579264,0.25
AMR1,T03,2,loaded,vg::P5__SORT1__path_1,17,23.98,1.7,7.108320061342963,3.78815997868592,-0.334737,0.9000000382246778,0.25
AMR3,T09,2,transition,vg::SORT1__P4__path_1,44,23.981,4.4,6.699919939773238,0.4023999963791526,2.644782149532912,0.900000013715331,0.25
AMR2,T02,1,repair_wait_at_node,stationary::IN2,240,24.0,24.0,0.05,4.95,-1.570796,0.0,0.25
AMR4,T08,2,loaded,vg::P9__SORT2__path_1,11,24.066,1.1,6.335999908433719,4.14586400219759,-0.023749,0.9899999167579264,0.25
AMR1,T03,2,loaded,vg::P5__SORT1__path_1,18,24.08,1.8,7.193280064951373,3.7586399774321504,-0.334737,0.9000000382246778,0.25
AMR3,T09,2,transition,vg::SORT1__P4__path_1,45,24.081,4.5,6.60999993828101,0.4,3.141593,0.900000013715331,0.25
AMR2,T02,1,repair_wait_at_node,stationary::IN2,241,24.1,24.1,0.05,4.95,-1.570796,0.0,0.25
AMR4,T08,2,loaded,vg::P9__SORT2__path_1,12,24.166,1.2,6.434999900109512,4.143488002397372,-0.023749,0.9899999167579264,0.25
AMR1,T03,2,loaded,vg::P5__SORT1__path_1,19,24.18,1.9,7.278240068559782,3.7291199761783806,-0.334737,0.9000000382246778,0.25
AMR3,T09,2,transition,vg::SORT1__P4__path_1,46,24.181,4.6,6.519999936909477,0.4,3.141593,0.900000013715331,0.25
AMR2,T02,1,repair_wait_at_node,stationary::IN2,242,24.2,24.2,0.05,4.95,-1.570796,0.0,0.25
AMR4,T08,2,loaded,vg::P9__SORT2__path_1,13,24.266,1.3,6.533999891785305,4.141112002597152,-0.023749,0.9899999167579264,0.25
AMR1,T03,2,loaded,vg::P5__SORT1__path_1,20,24.28,2.0,7.363200072168191,3.6995999749246113,-0.334737,0.9000000382246778,0.25
AMR3,T09,2,transition,vg::SORT1__P4__path_1,47,24.281,4.7,6.4299999355379445,0.4,3.141593,0.900000013715331,0.25
AMR2,T02,1,repair_wait_at_node,stationary::IN2,243,24.3,24.3,0.05,4.95,-1.570796,0.0,0.25
AMR4,T08,2,loaded,vg::P9__SORT2__path_1,14,24.366,1.4,6.632999883461097,4.138736002796934,-0.023749,0.9899999167579264,0.25
AMR1,T03,2,loaded,vg::P5__SORT1__path_1,21,24.38,2.1,7.448160075776601,3.670079973670842,-0.334737,0.9000000382246778,0.25
AMR3,T09,2,transition,vg::SORT1__P4__path_1,48,24.381,4.8,6.339999934166411,0.4,3.141593,0.900000013715331,0.25
AMR2,T02,1,repair_wait_at_node,stationary::IN2,244,24.4,24.4,0.05,4.95,-1.570796,0.0,0.25
AMR4,T08,2,loaded,vg::P9__SORT2__path_1,15,24.466,1.5,6.731999875136889,4.136360002996715,-0.023749,0.9899999167579264,0.25
AMR1,T03,2,loaded,vg::P5__SORT1__path_1,22,24.48,2.2,7.533120079385011,3.640559972417072,-0.334737,0.9000000382246778,0.25
AMR3,T09,2,transition,vg::SORT1__P4__path_1,49,24.481,4.9,6.249999932794878,0.4,3.141593,0.900000013715331,0.25
AMR2,T02,1,repair_wait_at_node,stationary::IN2,245,24.5,24.5,0.05,4.95,-1.570796,0.0,0.25
AMR4,T08,2,loaded,vg::P9__SORT2__path_1,16,24.566,1.6,6.830999866812682,4.133984003196495,-0.023749,0.9899999167579264,0.25
AMR1,T03,2,loaded,vg::P5__SORT1__path_1,23,24.58,2.3,7.618220083169254,3.611039971163303,-0.334737,0.9000000382246778,0.25
AMR3,T09,2,transition,vg::SORT1__P4__path_1,50,24.581,5.0,6.159999931423346,0.4,3.141593,0.900000013715331,0.25
AMR2,T02,1,repair_wait_at_node,stationary::IN2,246,24.6,24.6,0.05,4.95,-1.570796,0.0,0.25
AMR4,T08,2,loaded,vg::P9__SORT2__path_1,17,24.666,1.7,6.929999858488475,4.131608003396277,-0.023749,0.9899999167579264,0.25
AMR1,T03,2,loaded,vg::P5__SORT1__path_1,24,24.68,2.4,7.703360086785309,3.5815199699095337,-0.334737,0.9000000382246778,0.25
AMR3,T09,2,transition,vg::SORT1__P4__path_1,51,24.681,5.1,6.069999930051812,0.4,3.141593,0.900000013715331,0.25
AMR2,T02,1,repair_wait_at_node,stationary::IN2,247,24.7,24.7,0.05,4.95,-1.570796,0.0,0.25
AMR4,T08,2,loaded,vg::P9__SORT2__path_1,18,24.766,1.8,7.028999850164268,4.129232003596058,-0.023749,0.9899999167579264,0.25
AMR1,T03,2,loaded,vg::P5__SORT1__path_1,25,24.78,2.5,7.788500090401363,3.5519999686557644,-0.334737,0.9000000382246778,0.25
AMR3,T09,2,transition,vg::SORT1__P4__path_1,52,24.781,5.2,5.979999928680279,0.4,3.141593,0.900000013715331,0.25
AMR2,T02,1,repair_wait_at_node,stationary::IN2,248,24.8,24.8,0.05,4.95,-1.570796,0.0,0.25
AMR4,T08,2,loaded,vg::P9__SORT2__path_1,19,24.866,1.9,7.12799984184006,4.126856003795838,-0.023749,0.9899999167579264,0.25
AMR1,T03,2,loaded,vg::P5__SORT1__path_1,26,24.88,2.6,7.873640094017418,3.522479967401994,-0.334737,0.9000000382246778,0.25
AMR3,T09,2,transition,vg::SORT1__P4__path_1,53,24.881,5.3,5.889999927308745,0.4,3.141593,0.900000013715331,0.25
AMR2,T02,1,repair_wait_at_node,stationary::IN2,249,24.9,24.9,0.05,4.95,-1.570796,0.0,0.25
AMR4,T08,2,loaded,vg::P9__SORT2__path_1,20,24.966,2.0,7.226999833515853,4.124480003995619,-0.023749,0.9899999167579264,0.25
AMR1,T03,2,loaded,vg::P5__SORT1__path_1,27,24.98,2.7,7.958780097633472,3.4929599661482253,-0.334737,0.9000000382246778,0.25
AMR3,T09,2,transition,vg::SORT1__P4__path_1,54,24.981,5.4,5.799999925937213,0.4,3.141593,0.900000013715331,0.25
AMR2,T02,1,repair_wait_at_node,stationary::IN2,250,25.0,25.0,0.05,4.95,-1.570796,0.0,0.25
AMR4,T08,2,loaded,vg::P9__SORT2__path_1,21,25.066,2.1,7.325999825191645,4.122104004195401,-0.023749,0.9899999167579264,0.25
AMR1,T03,2,loaded,vg::P5__SORT1__path_1,28,25.08,2.8,8.04388010103547,3.4633999646803977,-0.334737,0.9000000382246778,0.25
AMR3,T09,2,transition,vg::SORT1__P4__path_1,55,25.081,5.5,5.70999992456568,0.4,3.141593,0.900000013715331,0.25
AMR2,T02,1,repair_wait_at_node,stationary::IN2,251,25.1,25.1,0.05,4.95,-1.570796,0.0,0.25
AMR4,T08,2,loaded,vg::P9__SORT2__path_1,22,25.166,2.2,7.424999816867438,4.119728004395181,-0.023749,0.9899999167579264,0.25
AMR1,T03,2,loaded,vg::P5__SORT1__path_1,29,25.18,2.9,8.128840104643878,3.4336999634189835,-0.334737,0.9000000382246778,0.25
AMR3,T09,2,transition,vg::SORT1__P4__path_1,56,25.181,5.6,5.619999923194146,0.4,3.141593,0.900000013715331,0.25
AMR2,T02,1,repair_wait_at_node,stationary::IN2,252,25.2,25.2,0.05,4.95,-1.570796,0.0,0.25
AMR4,T08,2,loaded,vg::P9__SORT2__path_1,23,25.266,2.3,7.5239998085432305,4.117352004594962,-0.023749,0.9899999167579264,0.25
AMR1,T03,2,loaded,vg::P5__SORT1__path_1,30,25.28,3.0,8.213800108252288,3.4039999621575694,-0.334737,0.9000000382246778,0.25
AMR3,T09,2,transition,vg::SORT1__P4__path_1,57,25.281,5.7,5.529999921822613,0.4,3.141593,0.900000013715331,0.25
AMR2,T02,1,repair_wait_at_node,stationary::IN2,253,25.3,25.3,0.05,4.95,-1.570796,0.0,0.25
AMR4,T08,2,loaded,vg::P9__SORT2__path_1,24,25.366,2.4,7.622999800219024,4.114976004794744,-0.023749,0.9899999167579264,0.25
AMR1,T03,2,loaded,vg::P5__SORT1__path_1,31,25.38,3.1,8.298760111860696,3.374299960896155,-0.334737,0.9000000382246778,0.25
AMR3,T09,2,transition,vg::SORT1__P4__path_1,58,25.381,5.8,5.439999920451079,0.4,3.141593,0.900000013715331,0.25
AMR2,T02,1,repair_wait_at_node,stationary::IN2,254,25.4,25.4,0.05,4.95,-1.570796,0.0,0.25
AMR4,T08,2,loaded,vg::P9__SORT2__path_1,25,25.466,2.5,7.721999791894816,4.112600004994524,-0.023749,0.9899999167579264,0.25
AMR1,T03,2,loaded,vg::P5__SORT1__path_1,32,25.48,3.2,8.383720115469107,3.34459995963474,-0.334737,0.9000000382246778,0.25
AMR3,T09,2,transition,vg::SORT1__P4__path_1,59,25.481,5.9,5.349999919079547,0.4,3.141593,0.900000013715331,0.25
AMR2,T02,1,repair_wait_at_node,stationary::IN2,255,25.5,25.5,0.05,4.95,-1.570796,0.0,0.25
AMR4,T08,2,loaded,vg::P9__SORT2__path_1,26,25.566,2.6,7.820999783570609,4.110224005194305,-0.023749,0.9899999167579264,0.25
AMR1,T03,2,loaded,vg::P5__SORT1__path_1,33,25.58,3.3,8.468680119077517,3.314899958373326,-0.334737,0.9000000382246778,0.25
AMR3,T09,2,transition,vg::SORT1__P4__path_1,60,25.581,6.0,5.259999917708014,0.4,3.141593,0.900000013715331,0.25
AMR2,T02,1,repair_wait_at_node,stationary::IN2,256,25.6,25.6,0.05,4.95,-1.570796,0.0,0.25
AMR4,T08,2,loaded,vg::P9__SORT2__path_1,27,25.666,2.7,7.919999775246401,4.107848005394087,-0.023749,0.9899999167579264,0.25
AMR1,T03,2,loaded,vg::P5__SORT1__path_1,34,25.68,3.4,8.547640109689535,3.2763199378772536,-0.3961542130333922,0.9000000382246778,0.25
AMR3,T09,2,transition,vg::SORT1__P4__path_1,61,25.681,6.1,5.16999991633648,0.4,3.141593,0.900000013715331,0.25
AMR2,T02,1,repair_wait_at_node,stationary::IN2,257,25.7,25.7,0.05,4.95,-1.570796,0.0,0.25
AMR4,T08,2,loaded,vg::P9__SORT2__path_1,28,25.766,2.8,8.018999766922194,4.105472005593867,-0.023749,0.9899999167579264,0.25
AMR1,T03,2,loaded,vg::P5__SORT1__path_1,35,25.78,3.5,8.623600112915698,3.233299936050114,-0.4882798369461387,0.9000000382246778,0.25
AMR3,T09,2,transition,vg::SORT1__P4__path_1,62,25.781,6.2,5.137759976360256,0.4622400661572708,2.902033545363386,0.900000013715331,0.25
AMR2,T02,1,repair_wait_at_node,stationary::IN2,258,25.8,25.8,0.05,4.95,-1.570796,0.0,0.25
AMR4,T08,2,loaded,vg::P9__SORT2__path_1,29,25.866,2.9,8.117999758597987,4.103096005793648,-0.023749,0.9899999167579264,0.25
AMR1,T03,2,loaded,vg::P5__SORT1__path_1,36,25.88,3.6,8.69956011614186,3.1902799342229744,-0.5804054608588856,0.9000000382246778,0.25
AMR3,T09,2,transition,vg::SORT1__P4__path_1,63,25.881,6.3,5.112739975978969,0.5322600672243238,2.6325294412563425,0.900000013715331,0.25
AMR2,T02,1,repair_wait_at_node,stationary::IN2,259,25.9,25.9,0.05,4.95,-1.570796,0.0,0.25
AMR4,T08,2,loaded,vg::P9__SORT2__path_1,30,25.966,3.0,8.216999750273779,4.100720005993429,-0.023749,0.9899999167579264,0.25
AMR1,T03,2,loaded,vg::P5__SORT1__path_1,37,25.98,3.7,8.775520119368025,3.147259932395835,-0.6725310847716325,0.9000000382246778,0.25
AMR3,T09,2,transition,vg::SORT1__P4__path_1,64,25.981,6.4,5.087719975597683,0.6022800682913763,2.3630253371493017,0.900000013715331,0.25
AMR2,T02,1,repair_wait_at_node,stationary::IN2,260,26.0,26.0,0.05,4.95,-1.570796,0.0,0.25
AMR4,T08,2,loaded,vg::P9__SORT2__path_1,31,26.066,3.1,8.315999741949572,4.09834400619321,-0.023749,0.9899999167579264,0.25
AMR1,T03,2,loaded,vg::P5__SORT1__path_1,38,26.08,3.8,8.851480122594188,3.104239930568695,-0.7646567086843794,0.9000000382246778,0.25
AMR3,T09,2,transition,vg::SORT1__P4__path_1,65,26.081,6.5,5.062699975216397,0.6723000693584287,2.093521233042261,0.900000013715331,0.25
AMR2,T02,1,repair_wait_at_node,stationary::IN2,261,26.1,26.1,0.05,4.95,-1.570796,0.0,0.25
AMR4,T08,2,loaded,vg::P9__SORT2__path_1,32,26.166,3.2,8.414999733625365,4.095968006392991,-0.023749,0.9899999167579264,0.25
AMR1,T03,2,loaded,vg::P5__SORT1__path_1,39,26.18,3.9,8.925620098688475,3.058499888192817,-0.846546,0.9000000382246778,0.25
AMR3,T09,2,transition,vg::SORT1__P4__path_1,66,26.181,6.6,5.03767997483511,0.7423200704254816,1.8240171289352176,0.900000013715331,0.25
AMR2,T02,1,repair_wait_at_node,stationary::IN2,262,26.2,26.2,0.05,4.95,-1.570796,0.0,0.25
AMR4,T08,2,loaded,vg::P9__SORT2__path_1,33,26.266,3.3,8.513999725301158,4.093592006592772,-0.023749,0.9899999167579264,0.25
AMR1,T03,2,loaded,vg::P5__SORT1__path_1,40,26.28,4.0,8.985200101218947,2.9909998853259667,-0.846546,0.9000000382246778,0.25
AMR3,T09,2,transition,vg::SORT1__P4__path_1,67,26.281,6.7,5.018839993383724,0.8189400917089319,1.644348,0.900000013715331,0.25
AMR2,T02,1,repair_wait_at_node,stationary::IN2,263,26.3,26.3,0.05,4.95,-1.570796,0.0,0.25
AMR4,T08,2,loaded,vg::P9__SORT2__path_1,34,26.366,3.4,8.612999716976951,4.091216006792553,-0.023749,0.9899999167579264,0.25
AMR1,T03,2,loaded,vg::P5__SORT1__path_1,41,26.38,4.1,9.04478010374942,2.923499882459115,-0.846546,0.9000000382246778,0.25
AMR3,T09,2,transition,vg::SORT1__P4__path_1,68,26.381,6.8,5.012359993284974,0.9087600930777224,1.644348,0.900000013715331,0.25
AMR2,T02,1,repair_wait_at_node,stationary::IN2,264,26.4,26.4,0.05,4.95,-1.570796,0.0,0.25
AMR4,T08,2,loaded,vg::P9__SORT2__path_1,35,26.466,3.5,8.711999708652742,4.088840006992334,-0.023749,0.9899999167579264,0.25
AMR1,T03,2,loaded,vg::P5__SORT1__path_1,42,26.48,4.2,9.104360106279897,2.8559998795922645,-0.846546,0.9000000382246778,0.25
AMR3,T09,2,transition,vg::SORT1__P4__path_1,69,26.481,6.9,5.005879993186223,0.9985800944465122,1.644348,0.900000013715331,0.25
AMR2,T02,1,repair_wait_at_node,stationary::IN2,265,26.5,26.5,0.05,4.95,-1.570796,0.0,0.25
AMR4,T08,2,loaded,vg::P9__SORT2__path_1,36,26.566,3.6,8.810871700927878,4.086464007192115,-0.023749,0.9899999167579264,0.25
AMR1,T03,2,loaded,vg::P5__SORT1__path_1,43,26.58,4.3,9.163940108810367,2.7884998767254143,-0.846546,0.9000000382246778,0.25
AMR3,T09,2,transition,vg::SORT1__P4__path_1,70,26.581,7.0,4.999399993087473,1.088400095815302,1.644348,0.900000013715331,0.25
AMR2,T02,1,repair_wait_at_node,stationary::IN2,266,26.6,26.6,0.05,4.95,-1.570796,0.0,0.25
AMR4,T08,2,loaded,vg::P9__SORT2__path_1,37,26.666,3.7,8.90967369262032,4.084088007391896,-0.023749,0.9899999167579264,0.25
AMR1,T03,2,loaded,vg::P5__SORT1__path_1,44,26.68,4.4,9.22352011134084,2.7209998738585632,-0.846546,0.9000000382246778,0.25
AMR3,T09,2,transition,vg::SORT1__P4__path_1,71,26.681,7.1,4.992919992988723,1.1782200971840924,1.644348,0.900000013715331,0.25
AMR2,T02,1,repair_wait_at_node,stationary::IN2,267,26.7,26.7,0.05,4.95,-1.570796,0.0,0.25
AMR4,T08,2,loaded,vg::P9__SORT2__path_1,38,26.766,3.8,9.00847568431276,4.081712007591677,-0.023749,0.9899999167579264,0.25
AMR1,T03,2,loaded,vg::P5__SORT1__path_1,45,26.78,4.5,9.283100113871315,2.6535998713357345,-0.846546,0.9000000382246778,0.25
AMR3,T09,2,transition,vg::SORT1__P4__path_1,72,26.781,7.2,4.986439992889973,1.268040098552882,1.644348,0.900000013715331,0.25
AMR2,T02,1,repair_wait_at_node,stationary::IN2,268,26.8,26.8,0.05,4.95,-1.570796,0.0,0.25
AMR4,T08,2,loaded,vg::P9__SORT2__path_1,39,26.866,3.9,9.107277676005202,4.079336007791458,-0.023749,0.9899999167579264,0.25
AMR3,T09,2,service_at_pickup,stationary::P4,0,26.872,0.0,4.95,1.35,1.570796,0.0,0.25
AMR3,T09,2,transition,vg::SORT1__P4__path_1,73,26.872,7.291,4.98,1.35,1.644348,0.900000013715331,0.25
AMR1,T03,2,loaded,vg::P5__SORT1__path_1,46,26.88,4.6,9.34268011640179,2.586279868476528,-0.846546,0.9000000382246778,0.25
AMR2,T02,1,repair_wait_at_node,stationary::IN2,269,26.9,26.9,0.05,4.95,-1.570796,0.0,0.25
AMR4,T08,2,loaded,vg::P9__SORT2__path_1,40,26.966,4.0,9.206079667697642,4.076960007991239,-0.023749,0.9899999167579264,0.25
AMR3,T09,2,service_at_pickup,stationary::P4,1,26.972,0.1,4.95,1.35,1.570796,0.0,0.25
AMR1,T03,2,loaded,vg::P5__SORT1__path_1,47,26.98,4.7,9.402260118932263,2.5189598656173224,-0.846546,0.9000000382246778,0.25
AMR2,T02,1,repair_wait_at_node,stationary::IN2,270,27.0,27.0,0.05,4.95,-1.570796,0.0,0.25
AMR4,T08,2,loaded,vg::P9__SORT2__path_1,41,27.066,4.1,9.3049996587075,4.074702007508435,-0.023749,0.9899999167579264,0.25
AMR3,T09,2,service_at_pickup,stationary::P4,2,27.072,0.2,4.95,1.35,1.570796,0.0,0.25
AMR1,T03,2,loaded,vg::P5__SORT1__path_1,48,27.08,4.8,9.461840121462735,2.451639862758116,-0.846546,0.9000000382246778,0.25
AMR2,T02,1,repair_wait_at_node,stationary::IN2,271,27.1,27.1,0.05,4.95,-1.570796,0.0,0.25
AMR4,T08,2,loaded,vg::P9__SORT2__path_1,42,27.166,4.2,9.403999650383293,4.072524007691568,-0.023749,0.9899999167579264,0.25
AMR3,T09,2,service_at_pickup,stationary::P4,3,27.172,0.3,4.95,1.35,1.570796,0.0,0.25
AMR1,T03,2,loaded,vg::P5__SORT1__path_1,49,27.18,4.9,9.52142012399321,2.384319859898911,-0.846546,0.9000000382246778,0.25
AMR2,T02,1,repair_wait_at_node,stationary::IN2,272,27.2,27.2,0.05,4.95,-1.570796,0.0,0.25
AMR4,T08,2,loaded,vg::P9__SORT2__path_1,43,27.266,4.3,9.502999642059084,4.0703460078747,-0.023749,0.9899999167579264,0.25
AMR3,T09,2,service_at_pickup,stationary::P4,4,27.272,0.4,4.95,1.35,1.570796,0.0,0.25
AMR1,T03,2,loaded,vg::P5__SORT1__path_1,50,27.28,5.0,9.581000127110771,2.3169998564288417,-0.846546,0.9000000382246778,0.25
AMR2,T02,1,repair_wait_at_node,stationary::IN2,273,27.3,27.3,0.05,4.95,-1.570796,0.0,0.25
AMR4,T08,2,loaded,vg::P9__SORT2__path_1,44,27.366,4.4,9.601999633734875,4.068168008057833,-0.023749,0.9899999167579264,0.25
AMR3,T09,2,service_at_pickup,stationary::P4,5,27.372,0.5,4.95,1.35,1.570796,0.0,0.25
AMR1,T03,2,loaded,vg::P5__SORT1__path_1,51,27.38,5.1,9.64085658898313,2.249392198055026,-0.846546,0.9000000382246778,0.25
AMR2,T02,1,repair_wait_at_node,stationary::IN2,274,27.4,27.4,0.05,4.95,-1.570796,0.0,0.25
AMR4,T08,2,loaded,vg::P9__SORT2__path_1,45,27.466,4.5,9.700999625410669,4.0659900082409655,-0.023749,0.9899999167579264,0.25
AMR3,T09,2,service_at_pickup,stationary::P4,6,27.472,0.6,4.95,1.35,1.570796,0.0,0.25
AMR1,T03,2,loaded,vg::P5__SORT1__path_1,52,27.48,5.2,9.700713050855487,2.1817845396812103,-0.846546,0.9000000382246778,0.25
AMR2,T02,1,repair_wait_at_node,stationary::IN2,275,27.5,27.5,0.05,4.95,-1.570796,0.0,0.25
AMR1,T07,3,transition,vg::SORT1__P7__path_1,0,27.512,0.0,9.72,2.16,-2.089942,1.0,0.25
AMR1,T03,2,loaded,vg::P5__SORT1__path_1,53,27.512,5.232,9.72,2.16,-0.846546,0.9000000382246778,0.25
AMR4,T08,2,loaded,vg::P9__SORT2__path_1,46,27.566,4.6,9.799999617086462,4.063704009189926,-0.023749,0.9899999167579264,0.25
AMR3,T09,2,service_at_pickup,stationary::P4,7,27.572,0.7,4.95,1.35,1.570796,0.0,0.25
AMR2,T02,1,repair_wait_at_node,stationary::IN2,276,27.6,27.6,0.05,4.95,-1.570796,0.0,0.25
AMR1,T07,3,transition,vg::SORT1__P7__path_1,1,27.612,0.1,9.6704,2.0732,-2.089942,1.0,0.25
AMR4,T08,2,loaded,vg::P9__SORT2__path_1,47,27.666,4.7,9.898999608762256,4.061328009389706,-0.023749,0.9899999167579264,0.25
AMR3,T09,2,service_at_pickup,stationary::P4,8,27.672,0.8,4.95,1.35,1.570796,0.0,0.25
AMR2,T02,1,repair_wait_at_node,stationary::IN2,277,27.7,27.7,0.05,4.95,-1.570796,0.0,0.25
AMR1,T07,3,transition,vg::SORT1__P7__path_1,2,27.712,0.2,9.620800000000001,1.9864000000000002,-2.089942,1.0,0.25
AMR4,T08,2,loaded,vg::P9__SORT2__path_1,48,27.766,4.8,9.997999600438048,4.058952009589487,-0.023749,0.9899999167579264,0.25
AMR3,T09,2,service_at_pickup,stationary::P4,9,27.772,0.9,4.95,1.35,1.570796,0.0,0.25
AMR2,T02,1,repair_wait_at_node,stationary::IN2,278,27.8,27.8,0.05,4.95,-1.570796,0.0,0.25
AMR1,T07,3,transition,vg::SORT1__P7__path_1,3,27.812,0.3,9.5712,1.8996,-2.089942,1.0,0.25
AMR4,T08,2,loaded,vg::P9__SORT2__path_1,49,27.866,4.9,10.09699959211384,4.056576009789268,-0.023749,0.9899999167579264,0.25
AMR3,T09,2,service_at_pickup,stationary::P4,10,27.872,1.0,4.95,1.35,1.570796,0.0,0.25
AMR2,T02,1,repair_wait_at_node,stationary::IN2,279,27.9,27.9,0.05,4.95,-1.570796,0.0,0.25
AMR1,T07,3,transition,vg::SORT1__P7__path_1,4,27.912,0.4,9.5216,1.8128,-2.089942,1.0,0.25
AMR4,T08,2,loaded,vg::P9__SORT2__path_1,50,27.966,5.0,10.195999583789632,4.0542000099890485,-0.023749,0.9899999167579264,0.25
AMR3,T09,2,service_at_pickup,stationary::P4,11,27.972,1.1,4.95,1.35,1.570796,0.0,0.25
AMR2,T02,1,repair_wait_at_node,stationary::IN2,280,28.0,28.0,0.05,4.95,-1.570796,0.0,0.25
AMR1,T07,3,transition,vg::SORT1__P7__path_1,5,28.012,0.5,9.472,1.726,-2.089942,1.0,0.25
AMR4,T08,2,loaded,vg::P9__SORT2__path_1,51,28.066,5.1,10.294999575465424,4.051710537487752,-0.023749,0.9899999167579264,0.25
AMR3,T09,2,service_at_pickup,stationary::P4,12,28.072,1.2,4.95,1.35,1.570796,0.0,0.25
AMR2,T02,1,repair_wait_at_node,stationary::IN2,281,28.1,28.1,0.05,4.95,-1.570796,0.0,0.25
AMR1,T07,3,transition,vg::SORT1__P7__path_1,6,28.112,0.6,9.4224,1.6392,-2.089942,1.0,0.25
AMR4,T11,3,transition,vg::SORT2__P3__path_1,0,28.132,0.0,10.36,4.05,3.117844,1.1,0.25
AMR4,T08,2,loaded,vg::P9__SORT2__path_1,52,28.132,5.166,10.36,4.05,-0.023749,0.9899999167579264,0.25
AMR3,T09,2,service_at_pickup,stationary::P4,13,28.172,1.3,4.95,1.35,1.570796,0.0,0.25
AMR2,T02,1,repair_wait_at_node,stationary::IN2,282,28.2,28.2,0.05,4.95,-1.570796,0.0,0.25
AMR1,T07,3,transition,vg::SORT1__P7__path_1,7,28.212,0.7,9.3728,1.5524,-2.089942,1.0,0.25
AMR4,T11,3,transition,vg::SORT2__P3__path_1,1,28.232,0.1,10.25,4.05264,3.117844,1.1,0.25
AMR3,T09,2,service_at_pickup,stationary::P4,14,28.272,1.4,4.95,1.35,1.570796,0.0,0.25
AMR2,T02,1,repair_wait_at_node,stationary::IN2,283,28.3,28.3,0.05,4.95,-1.570796,0.0,0.25
AMR1,T07,3,transition,vg::SORT1__P7__path_1,8,28.312,0.8,9.3232,1.4656,-2.089942,1.0,0.25
AMR4,T11,3,transition,vg::SORT2__P3__path_1,2,28.332,0.2,10.139999999999999,4.05528,3.117844,1.1,0.25
AMR3,T09,2,service_at_pickup,stationary::P4,15,28.372,1.5,4.95,1.35,1.570796,0.0,0.25
AMR2,T02,1,repair_wait_at_node,stationary::IN2,284,28.4,28.4,0.05,4.95,-1.570796,0.0,0.25
AMR1,T07,3,transition,vg::SORT1__P7__path_1,9,28.412,0.9,9.2736,1.3788,-2.089942,1.0,0.25
AMR4,T11,3,transition,vg::SORT2__P3__path_1,3,28.432,0.3,10.03,4.05792,3.117844,1.1,0.25
AMR3,T09,2,service_at_pickup,stationary::P4,16,28.472,1.6,4.95,1.35,1.570796,0.0,0.25
AMR2,T02,1,repair_wait_at_node,stationary::IN2,285,28.5,28.5,0.05,4.95,-1.570796,0.0,0.25
AMR1,T07,3,transition,vg::SORT1__P7__path_1,10,28.512,1.0,9.224,1.292,-2.089942,1.0,0.25
AMR4,T11,3,transition,vg::SORT2__P3__path_1,4,28.532,0.4,9.92,4.060560000000001,3.117844,1.1,0.25
AMR3,T09,2,service_at_pickup,stationary::P4,17,28.572,1.7,4.95,1.35,1.570796,0.0,0.25
AMR2,T02,1,repair_wait_at_node,stationary::IN2,286,28.6,28.6,0.05,4.95,-1.570796,0.0,0.25
AMR1,T07,3,transition,vg::SORT1__P7__path_1,11,28.612,1.1,9.1744,1.2052,-2.089942,1.0,0.25
AMR4,T11,3,transition,vg::SORT2__P3__path_1,5,28.632,0.5,9.809999999999999,4.0632,3.117844,1.1,0.25
AMR3,T09,2,service_at_pickup,stationary::P4,18,28.672,1.8,4.95,1.35,1.570796,0.0,0.25
AMR2,T02,1,repair_wait_at_node,stationary::IN2,287,28.7,28.7,0.05,4.95,-1.570796,0.0,0.25
AMR1,T07,3,transition,vg::SORT1__P7__path_1,12,28.712,1.2,9.1248,1.1183999999999998,-2.089942,1.0,0.25
AMR4,T11,3,transition,vg::SORT2__P3__path_1,6,28.732,0.6,9.7,4.065840000000001,3.117844,1.1,0.25
AMR3,T09,2,service_at_pickup,stationary::P4,19,28.772,1.9,4.95,1.35,1.570796,0.0,0.25
AMR2,T02,1,repair_wait_at_node,stationary::IN2,288,28.8,28.8,0.05,4.95,-1.570796,0.0,0.25
AMR1,T07,3,transition,vg::SORT1__P7__path_1,13,28.812,1.3,9.0752,1.0316,-2.089942,1.0,0.25
AMR4,T11,3,transition,vg::SORT2__P3__path_1,7,28.832,0.7,9.59,4.06848,3.117844,1.1,0.25
AMR3,T09,2,loaded,vg::P4__SORT1__path_1,0,28.872,0.0,4.98,1.35,-1.497245,0.8099999567967106,0.25
AMR3,T09,2,service_at_pickup,stationary::P4,20,28.872,2.0,4.95,1.35,1.570796,0.0,0.25
AMR2,T02,1,repair_wait_at_node,stationary::IN2,289,28.9,28.9,0.05,4.95,-1.570796,0.0,0.25
AMR1,T07,3,transition,vg::SORT1__P7__path_1,14,28.912,1.4,9.0256,0.9447999999999999,-2.089942,1.0,0.25
AMR4,T11,3,transition,vg::SORT2__P3__path_1,8,28.932,0.8,9.479999999999999,4.07112,3.117844,1.1,0.25
AMR3,T09,2,loaded,vg::P4__SORT1__path_1,1,28.972,0.1,4.985993999680296,1.2691620043116885,-1.497245,0.8099999567967106,0.25
AMR2,T02,1,repair_wait_at_node,stationary::IN2,290,29.0,29.0,0.05,4.95,-1.570796,0.0,0.25
AMR1,T07,3,transition,vg::SORT1__P7__path_1,15,29.012,1.5,8.976,0.858,-2.089942,1.0,0.25
AMR4,T11,3,transition,vg::SORT2__P3__path_1,9,29.032,0.9,9.37,4.07376,3.117844,1.1,0.25
AMR3,T09,2,loaded,vg::P4__SORT1__path_1,2,29.072,0.2,4.991987999360592,1.1883240086233766,-1.497245,0.8099999567967106,0.25
AMR2,T02,1,repair_wait_at_node,stationary::IN2,291,29.1,29.1,0.05,4.95,-1.570796,0.0,0.25
AMR1,T07,3,transition,vg::SORT1__P7__path_1,16,29.112,1.6,8.9116,0.7964,-1.0436349999999992,1.0,0.25
AMR4,T11,3,transition,vg::SORT2__P3__path_1,10,29.132,1.0,9.26,4.0764,3.117844,1.1,0.25
AMR3,T09,2,loaded,vg::P4__SORT1__path_1,3,29.172,0.3,4.997981999040888,1.1074860129350648,-1.497245,0.8099999567967106,0.25
AMR2,T02,1,repair_wait_at_node,stationary::IN2,292,29.2,29.2,0.05,4.95,-1.570796,0.0,0.25
AMR1,T07,3,transition,vg::SORT1__P7__path_1,17,29.212,1.7,8.8472,0.7347999999999999,0.002672000000001784,1.0,0.25
AMR4,T11,3,transition,vg::SORT2__P3__path_1,11,29.232,1.1,9.149999999999999,4.07904,3.117844,1.1,0.25
AMR3,T09,2,loaded,vg::P4__SORT1__path_1,4,29.272,0.4,5.003975998721183,1.0266480172467531,-1.497245,0.8099999567967106,0.25
AMR2,T02,1,repair_wait_at_node,stationary::IN2,293,29.3,29.3,0.05,4.95,-1.570796,0.0,0.25
AMR1,T07,3,transition,vg::SORT1__P7__path_1,18,29.312,1.8,8.7828,0.6732,1.048979,1.0,0.25
AMR4,T11,3,transition,vg::SORT2__P3__path_1,12,29.332,1.2,9.04,4.08168,3.117844,1.1,0.25
AMR3,T09,2,loaded,vg::P4__SORT1__path_1,5,29.372,0.5,5.009969998401479,0.9458100215584414,-1.497245,0.8099999567967106,0.25
AMR2,T02,1,repair_wait_at_node,stationary::IN2,294,29.4,29.4,0.05,4.95,-1.570796,0.0,0.25
AMR1,T07,3,transition,vg::SORT1__P7__path_1,19,29.412,1.9,8.7184,0.6115999999999999,2.095286000000001,1.0,0.25
AMR4,T11,3,transition,vg::SORT2__P3__path_1,13,29.432,1.3,8.93,4.08432,3.117844,1.1,0.25
AMR3,T09,2,loaded,vg::P4__SORT1__path_1,6,29.472,0.6,5.015963998081775,0.8649720258701297,-1.497245,0.8099999567967106,0.25
AMR2,T02,1,repair_wait_at_node,stationary::IN2,295,29.5,29.5,0.05,4.95,-1.570796,0.0,0.25
AMR1,T07,3,transition,vg::SORT1__P7__path_1,20,29.512,2.0,8.654,0.55,3.141593,1.0,0.25
AMR4,T11,3,transition,vg::SORT2__P3__path_1,14,29.532,1.4,8.820079999999999,4.086880000000001,3.117844,1.1,0.25
AMR3,T09,2,loaded,vg::P4__SORT1__path_1,7,29.572,0.7,5.027719995161232,0.7905660272785568,-1.2966142605602724,0.8099999567967106,0.25
AMR2,T02,1,repair_wait_at_node,stationary::IN2,296,29.6,29.6,0.05,4.95,-1.570796,0.0,0.25
AMR1,T07,3,transition,vg::SORT1__P7__path_1,21,29.612,2.1,8.554,0.55,3.141593,1.0,0.25
AMR4,T11,3,transition,vg::SORT2__P3__path_1,15,29.632,1.5,8.7103,4.089300000000001,3.117844,1.1,0.25
AMR3,T09,2,loaded,vg::P4__SORT1__path_1,8,29.672,0.8,5.040679994469979,0.7175040311754937,-1.0540605834974544,0.8099999567967106,0.25
AMR2,T02,1,repair_wait_at_node,stationary::IN2,297,29.7,29.7,0.05,4.95,-1.570796,0.0,0.25
AMR1,T07,3,transition,vg::SORT1__P7__path_1,22,29.712,2.2,8.454,0.55,3.141593,1.0,0.25
AMR4,T11,3,transition,vg::SORT2__P3__path_1,16,29.732,1.6,8.60052,4.0917200000000005,3.117844,1.1,0.25
AMR3,T09,2,loaded,vg::P4__SORT1__path_1,9,29.772,0.9,5.053639993778726,0.6444420350724304,-0.8115069064346362,0.8099999567967106,0.25
AMR2,T02,1,repair_wait_at_node,stationary::IN2,298,29.8,29.8,0.05,4.95,-1.570796,0.0,0.25
AMR1,T07,3,transition,vg::SORT1__P7__path_1,23,29.812,2.3,8.354,0.55,3.141593,1.0,0.25
AMR4,T11,3,transition,vg::SORT2__P3__path_1,17,29.832,1.7,8.49074,4.09414,3.117844,1.1,0.25
AMR3,T09,2,loaded,vg::P4__SORT1__path_1,10,29.872,1.0,5.066599993087474,0.5713800389693671,-0.568953229371818,0.8099999567967106,0.25
AMR2,T02,1,repair_wait_at_node,stationary::IN2,299,29.9,29.9,0.05,4.95,-1.570796,0.0,0.25
AMR1,T07,3,transition,vg::SORT1__P7__path_1,24,29.912,2.4,8.254,0.55,3.141593,1.0,0.25
AMR4,T11,3,transition,vg::SORT2__P3__path_1,18,29.932,1.8,8.38096,4.09656,3.117844,1.1,0.25
AMR3,T09,2,loaded,vg::P4__SORT1__path_1,11,29.972,1.1,5.079559992396222,0.4983180428663037,-0.3263995523089995,0.8099999567967106,0.25
AMR2,T02,1,repair_wait_at_node,stationary::IN2,300,30.0,30.0,0.05,4.95,-1.570796,0.0,0.25
AMR1,T07,3,transition,vg::SORT1__P7__path_1,25,30.012,2.5,8.154,0.55,3.141593,1.0,0.25
AMR4,T11,3,transition,vg::SORT2__P3__path_1,19,30.032,1.9,8.271,4.09916,3.117844,1.1,0.25
AMR3,T09,2,loaded,vg::P4__SORT1__path_1,12,30.072,1.2,5.092519991704969,0.4252560467632403,-0.0838458752461812,0.8099999567967106,0.25
AMR2,T02,1,repair_wait_at_node,stationary::IN2,301,30.1,30.1,0.05,4.95,-1.570796,0.0,0.25
AMR1,T07,3,transition,vg::SORT1__P7__path_1,26,30.112,2.6,8.054,0.55,3.141593,1.0,0.25
AMR4,T11,3,transition,vg::SORT2__P3__path_1,20,30.132,2.0,8.161,4.1018,3.117844,1.1,0.25
AMR3,T09,2,loaded,vg::P4__SORT1__path_1,13,30.172,1.3,5.1499999438357245,0.4,0.0,0.8099999567967106,0.25
AMR2,T02,1,repair_wait_at_node,stationary::IN2,302,30.2,30.2,0.05,4.95,-1.570796,0.0,0.25
AMR1,T07,3,transition,vg::SORT1__P7__path_1,27,30.212,2.7,7.954,0.55,3.141593,1.0,0.25
AMR4,T11,3,transition,vg::SORT2__P3__path_1,21,30.232,2.1,8.051,4.10444,3.117844,1.1,0.25
AMR3,T09,2,loaded,vg::P4__SORT1__path_1,14,30.272,1.4,5.230999939515395,0.4,0.0,0.8099999567967106,0.25
AMR2,T02,1,repair_wait_at_node,stationary::IN2,303,30.3,30.3,0.05,4.95,-1.570796,0.0,0.25
AMR1,T07,3,transition,vg::SORT1__P7__path_1,28,30.312,2.8,7.853999999999999,0.55,3.141593,1.0,0.25
AMR4,T11,3,transition,vg::SORT2__P3__path_1,22,30.332,2.2,7.941,4.10708,3.117844,1.1,0.25
AMR3,T09,2,loaded,vg::P4__SORT1__path_1,15,30.372,1.5,5.311999935195066,0.4,0.0,0.8099999567967106,0.25
AMR2,T02,1,repair_wait_at_node,stationary::IN2,304,30.4,30.4,0.05,4.95,-1.570796,0.0,0.25
AMR1,T07,3,transition,vg::SORT1__P7__path_1,29,30.412,2.9,7.754,0.55,3.141593,1.0,0.25
AMR4,T11,3,transition,vg::SORT2__P3__path_1,23,30.432,2.3,7.8309999999999995,4.10972,3.117844,1.1,0.25
AMR3,T09,2,loaded,vg::P4__SORT1__path_1,16,30.472,1.6,5.392999930874738,0.4,0.0,0.8099999567967106,0.25
AMR2,T02,1,repair_wait_at_node,stationary::IN2,305,30.5,30.5,0.05,4.95,-1.570796,0.0,0.25
AMR1,T07,3,transition,vg::SORT1__P7__path_1,30,30.512,3.0,7.654,0.55,3.141593,1.0,0.25
AMR4,T11,3,transition,vg::SORT2__P3__path_1,24,30.532,2.4,7.720999999999999,4.11236,3.117844,1.1,0.25
AMR3,T09,2,loaded,vg::P4__SORT1__path_1,17,30.572,1.7,5.473999926554408,0.4,0.0,0.8099999567967106,0.25
AMR2,T02,1,repair_wait_at_node,stationary::IN2,306,30.6,30.6,0.05,4.95,-1.570796,0.0,0.25
AMR1,T07,3,transition,vg::SORT1__P7__path_1,31,30.612,3.1,7.5872,0.5886,2.8582973999999997,1.0,0.25
AMR4,T11,3,transition,vg::SORT2__P3__path_1,25,30.632,2.5,7.610999999999999,4.115,3.117844,1.1,0.25
AMR3,T09,2,loaded,vg::P4__SORT1__path_1,18,30.672,1.8,5.55499992223408,0.4,0.0,0.8099999567967106,0.25
AMR2,T02,1,repair_wait_at_node,stationary::IN2,307,30.7,30.7,0.05,4.95,-1.570796,0.0,0.25
AMR1,T07,3,transition,vg::SORT1__P7__path_1,32,30.712,3.2,7.5203999999999995,0.6272000000000001,2.5750017999999995,1.0,0.25
AMR4,T11,3,transition,vg::SORT2__P3__path_1,26,30.732,2.6,7.5009999999999994,4.117640000000001,3.117844,1.1,0.25
AMR3,T09,2,loaded,vg::P4__SORT1__path_1,19,30.772,1.9,5.63599991791375,0.4,0.0,0.8099999567967106,0.25
AMR2,T02,1,repair_wait_at_node,stationary::IN2,308,30.8,30.8,0.05,4.95,-1.570796,0.0,0.25
AMR1,T07,3,transition,vg::SORT1__P7__path_1,33,30.812,3.3,7.4536,0.6658000000000002,2.2917061999999992,1.0,0.25
AMR4,T11,3,transition,vg::SORT2__P3__path_1,27,30.832,2.7,7.390999999999999,4.12028,3.117844,1.1,0.25
AMR3,T09,2,loaded,vg::P4__SORT1__path_1,20,30.872,2.0,5.716999913593422,0.4,0.0,0.8099999567967106,0.25
AMR2,T02,1,repair_wait_at_node,stationary::IN2,309,30.9,30.9,0.05,4.95,-1.570796,0.0,0.25
AMR1,T07,3,transition,vg::SORT1__P7__path_1,34,30.912,3.4,7.3868,0.7044000000000001,2.0084105999999986,1.0,0.25
AMR4,T11,3,transition,vg::SORT2__P3__path_1,28,30.932,2.8,7.280999999999999,4.122920000000001,3.117844,1.1,0.25
AMR3,T09,2,loaded,vg::P4__SORT1__path_1,21,30.972,2.1,5.797999909273093,0.4,0.0,0.8099999567967106,0.25
AMR2,T02,1,repair_wait_at_node,stationary::IN2,310,31.0,31.0,0.05,4.95,-1.570796,0.0,0.25
AMR1,T07,3,transition,vg::SORT1__P7__path_1,35,31.012,3.5,7.32,0.743,1.725115,1.0,0.25
AMR4,T11,3,transition,vg::SORT2__P3__path_1,29,31.032,2.9,7.1709999999999985,4.12556,3.117844,1.1,0.25
AMR3,T09,2,loaded,vg::P4__SORT1__path_1,22,31.072,2.2,5.878999904952764,0.4,0.0,0.8099999567967106,0.25
AMR2,T02,1,repair_wait_at_node,stationary::IN2,311,31.1,31.1,0.05,4.95,-1.570796,0.0,0.25
AMR1,T07,3,transition,vg::SORT1__P7__path_1,36,31.112,3.6,7.304615384615385,0.841846153846154,1.725115,1.0,0.25
AMR4,T11,3,transition,vg::SORT2__P3__path_1,30,31.132,3.0,7.060999999999999,4.1282000000000005,3.117844,1.1,0.25
AMR3,T09,2,loaded,vg::P4__SORT1__path_1,23,31.172,2.3,5.959999900632435,0.4,0.0,0.8099999567967106,0.25
AMR2,T02,1,repair_wait_at_node,stationary::IN2,312,31.2,31.2,0.05,4.95,-1.570796,0.0,0.25
AMR1,T07,3,transition,vg::SORT1__P7__path_1,37,31.212,3.7,7.28923076923077,0.940692307692308,1.725115,1.0,0.25
AMR4,T11,3,transition,vg::SORT2__P3__path_1,31,31.232,3.1,6.950999999999999,4.13084,3.117844,1.1,0.25
AMR1,T07,3,service_at_pickup,stationary::P7,0,31.272,0.0,7.25,1.05,-2.356194,0.0,0.25
AMR1,T07,3,transition,vg::SORT1__P7__path_1,38,31.272,3.76,7.28,1.0,1.725115,1.0,0.25
AMR3,T09,2,loaded,vg::P4__SORT1__path_1,24,31.272,2.4,6.0409998963121065,0.4,0.0,0.8099999567967106,0.25
AMR2,T02,1,repair_wait_at_node,stationary::IN2,313,31.3,31.3,0.05,4.95,-1.570796,0.0,0.25
AMR4,T11,3,transition,vg::SORT2__P3__path_1,32,31.332,3.2,6.840999999999999,4.13348,3.117844,1.1,0.25
AMR1,T07,3,service_at_pickup,stationary::P7,1,31.372,0.1,7.25,1.05,-2.356194,0.0,0.25
AMR3,T09,2,loaded,vg::P4__SORT1__path_1,25,31.372,2.5,6.121999891991777,0.4,0.0,0.8099999567967106,0.25
AMR2,T02,1,repair_wait_at_node,stationary::IN2,314,31.4,31.4,0.05,4.95,-1.570796,0.0,0.25
AMR4,T11,3,transition,vg::SORT2__P3__path_1,33,31.432,3.3,6.730999999999999,4.13612,3.117844,1.1,0.25
AMR1,T07,3,service_at_pickup,stationary::P7,2,31.472,0.2,7.25,1.05,-2.356194,0.0,0.25
AMR3,T09,2,loaded,vg::P4__SORT1__path_1,26,31.472,2.6,6.202999887671448,0.4,0.0,0.8099999567967106,0.25
AMR2,T02,1,repair_wait_at_node,stationary::IN2,315,31.5,31.5,0.05,4.95,-1.570796,0.0,0.25
AMR4,T11,3,transition,vg::SORT2__P3__path_1,34,31.532,3.4,6.620999999999999,4.1387599999999996,3.117844,1.1,0.25
AMR1,T07,3,service_at_pickup,stationary::P7,3,31.572,0.3,7.25,1.05,-2.356194,0.0,0.25
AMR3,T09,2,loaded,vg::P4__SORT1__path_1,27,31.572,2.7,6.283999883351119,0.4,0.0,0.8099999567967106,0.25
AMR2,T02,1,repair_wait_at_node,stationary::IN2,316,31.6,31.6,0.05,4.95,-1.570796,0.0,0.25
AMR4,T11,3,transition,vg::SORT2__P3__path_1,35,31.632,3.5,6.510999999999999,4.1414,3.117844,1.1,0.25
AMR1,T07,3,service_at_pickup,stationary::P7,4,31.672,0.4,7.25,1.05,-2.356194,0.0,0.25
AMR3,T09,2,loaded,vg::P4__SORT1__path_1,28,31.672,2.8,6.364999879030791,0.4,0.0,0.8099999567967106,0.25
AMR2,T02,1,repair_wait_at_node,stationary::IN2,317,31.7,31.7,0.05,4.95,-1.570796,0.0,0.25
AMR4,T11,3,transition,vg::SORT2__P3__path_1,36,31.732,3.6,6.400999999999999,4.1440399999999995,3.117844,1.1,0.25
AMR1,T07,3,service_at_pickup,stationary::P7,5,31.772,0.5,7.25,1.05,-2.356194,0.0,0.25
AMR3,T09,2,loaded,vg::P4__SORT1__path_1,29,31.772,2.9,6.445999874710461,0.4,0.0,0.8099999567967106,0.25
AMR2,T02,1,repair_wait_at_node,stationary::IN2,318,31.8,31.8,0.05,4.95,-1.570796,0.0,0.25
AMR4,T11,3,transition,vg::SORT2__P3__path_1,37,31.832,3.7,6.290999999999999,4.14738,3.1155717999999997,1.1,0.25
AMR1,T07,3,service_at_pickup,stationary::P7,6,31.872,0.6,7.25,1.05,-2.356194,0.0,0.25
AMR3,T09,2,loaded,vg::P4__SORT1__path_1,30,31.872,3.0,6.526999870390132,0.4,0.0,0.8099999567967106,0.25
AMR2,T02,1,repair_wait_at_node,stationary::IN2,319,31.9,31.9,0.05,4.95,-1.570796,0.0,0.25
AMR4,T11,3,transition,vg::SORT2__P3__path_1,38,31.932,3.8,6.180999999999998,4.15112,3.1120012,1.1,0.25
AMR1,T07,3,service_at_pickup,stationary::P7,7,31.972,0.7,7.25,1.05,-2.356194,0.0,0.25
AMR3,T09,2,loaded,vg::P4__SORT1__path_1,31,31.972,3.1,6.607977866337664,0.4005499933034901,0.0016068824352089,0.8099999567967106,0.25
AMR2,T02,1,repair_wait_at_node,stationary::IN2,320,32.0,32.0,0.05,4.95,-1.570796,0.0,0.25
AMR4,T11,3,transition,vg::SORT2__P3__path_1,39,32.032,3.9,6.070999999999999,4.15486,3.1084306,1.1,0.25
AMR1,T07,3,service_at_pickup,stationary::P7,8,32.072,0.8,7.25,1.05,-2.356194,0.0,0.25
AMR3,T09,2,loaded,vg::P4__SORT1__path_1,32,32.072,3.2,6.688815862025975,0.4045999930874737,0.0134395238040866,0.8099999567967106,0.25
AMR2,T02,1,repair_wait_at_node,stationary::IN2,321,32.1,32.1,0.05,4.95,-1.570796,0.0,0.25
AMR4,T11,3,transition,vg::SORT2__P3__path_1,40,32.132,4.0,5.9609999999999985,4.1586,3.10486,1.1,0.25
AMR1,T07,3,service_at_pickup,stationary::P7,9,32.172,0.9,7.25,1.05,-2.356194,0.0,0.25
AMR3,T09,2,loaded,vg::P4__SORT1__path_1,33,32.172,3.3,6.769653857714287,0.4086499928714572,0.0252721651729643,0.8099999567967106,0.25
AMR2,T02,1,repair_wait_at_node,stationary::IN2,322,32.2,32.2,0.05,4.95,-1.570796,0.0,0.25
AMR4,T11,3,transition,vg::SORT2__P3__path_1,41,32.232,4.1,5.851019999999998,4.1624,3.101614,1.1,0.25
AMR1,T07,3,service_at_pickup,stationary::P7,10,32.272,1.0,7.25,1.05,-2.356194,0.0,0.25
AMR3,T09,2,loaded,vg::P4__SORT1__path_1,34,32.272,3.4,6.850491853402599,0.4126999926554408,0.0371048065418421,0.8099999567967106,0.25
AMR2,T02,1,repair_wait_at_node,stationary::IN2,323,32.3,32.3,0.05,4.95,-1.570796,0.0,0.25
AMR4,T11,3,transition,vg::SORT2__P3__path_1,42,32.332,4.2,5.741239999999999,4.1668,3.101614,1.1,0.25
AMR1,T07,3,service_at_pickup,stationary::P7,11,32.372,1.1,7.25,1.05,-2.356194,0.0,0.25
AMR3,T09,2,loaded,vg::P4__SORT1__path_1,35,32.372,3.5,6.93132984909091,0.4167499924394243,0.0489374479107197,0.8099999567967106,0.25
AMR2,T02,1,repair_wait_at_node,stationary::IN2,324,32.4,32.4,0.05,4.95,-1.570796,0.0,0.25
AMR4,T11,3,transition,vg::SORT2__P3__path_1,43,32.432,4.3,5.63146,4.1712,3.101614,1.1,0.25
AMR1,T07,3,service_at_pickup,stationary::P7,12,32.472,1.2,7.25,1.05,-2.356194,0.0,0.25
AMR3,T09,2,loaded,vg::P4__SORT1__path_1,36,32.472,3.6,7.012167844779222,0.4207999922234079,0.0607700892795975,0.8099999567967106,0.25
AMR2,T02,1,repair_wait_at_node,stationary::IN2,325,32.5,32.5,0.05,4.95,-1.570796,0.0,0.25
AMR4,T11,3,transition,vg::SORT2__P3__path_1,44,32.532,4.4,5.521679999999999,4.1756,3.101614,1.1,0.25
AMR1,T07,3,service_at_pickup,stationary::P7,13,32.572,1.3,7.25,1.05,-2.356194,0.0,0.25
AMR3,T09,2,loaded,vg::P4__SORT1__path_1,37,32.572,3.7,7.093005840467534,0.4248499920073915,0.0726027306484752,0.8099999567967106,0.25
AMR2,T02,1,repair_wait_at_node,stationary::IN2,326,32.6,32.6,0.05,4.95,-1.570796,0.0,0.25
AMR4,T11,3,transition,vg::SORT2__P3__path_1,45,32.632,4.5,5.411899999999999,4.180000000000001,3.101614,1.1,0.25
AMR1,T07,3,service_at_pickup,stationary::P7,14,32.672,1.4,7.25,1.05,-2.356194,0.0,0.25
AMR3,T09,2,loaded,vg::P4__SORT1__path_1,38,32.672,3.8,7.173843836155846,0.430771987851235,0.073041,0.8099999567967106,0.25
AMR2,T02,1,repair_wait_at_node,stationary::IN2,327,32.7,32.7,0.05,4.95,-1.570796,0.0,0.25
AMR4,T11,3,transition,vg::SORT2__P3__path_1,46,32.732,4.6,5.301999999999999,4.1844,3.101614,1.1,0.25
AMR1,T07,3,service_at_pickup,stationary::P7,15,32.772,1.5,7.25,1.05,-2.356194,0.0,0.25
AMR3,T09,2,loaded,vg::P4__SORT1__path_1,39,32.772,3.9,7.254681831844158,0.4367659875315307,0.073041,0.8099999567967106,0.25
AMR2,T02,1,repair_wait_at_node,stationary::IN2,328,32.8,32.8,0.05,4.95,-1.570796,0.0,0.25
AMR4,T11,3,transition,vg::SORT2__P3__path_1,47,32.832,4.7,5.191999999999999,4.1888000000000005,3.101614,1.1,0.25
AMR1,T07,3,service_at_pickup,stationary::P7,16,32.872,1.6,7.25,1.05,-2.356194,0.0,0.25
AMR3,T09,2,loaded,vg::P4__SORT1__path_1,40,32.872,4.0,7.335519827532469,0.4427599872118263,0.073041,0.8099999567967106,0.25
AMR2,T02,1,repair_wait_at_node,stationary::IN2,329,32.9,32.9,0.05,4.95,-1.570796,0.0,0.25
AMR4,T11,3,transition,vg::SORT2__P3__path_1,48,32.932,4.8,5.081999999999999,4.1932,3.101614,1.1,0.25
AMR1,T07,3,service_at_pickup,stationary::P7,17,32.972,1.7,7.25,1.05,-2.356194,0.0,0.25
AMR3,T09,2,loaded,vg::P4__SORT1__path_1,41,32.972,4.1,7.416357823220781,0.448753986892122,0.073041,0.8099999567967106,0.25
AMR2,T02,1,repair_wait_at_node,stationary::IN2,330,33.0,33.0,0.05,4.95,-1.570796,0.0,0.25
AMR4,T11,3,transition,vg::SORT2__P3__path_1,49,33.032,4.9,4.971999999999999,4.1976,3.101614,1.1,0.25
AMR1,T07,3,service_at_pickup,stationary::P7,18,33.072,1.8,7.25,1.05,-2.356194,0.0,0.25
AMR3,T09,2,loaded,vg::P4__SORT1__path_1,42,33.072,4.2,7.497195818909092,0.4547479865724176,0.073041,0.8099999567967106,0.25
AMR2,T02,1,repair_wait_at_node,stationary::IN2,331,33.1,33.1,0.05,4.95,-1.570796,0.0,0.25
AMR4,T11,3,transition,vg::SORT2__P3__path_1,50,33.132,5.0,4.861999999999999,4.202,3.101614,1.1,0.25
AMR1,T07,3,service_at_pickup,stationary::P7,19,33.172,1.9,7.25,1.05,-2.356194,0.0,0.25
AMR3,T09,2,loaded,vg::P4__SORT1__path_1,43,33.172,4.3,7.578033814597403,0.4607419862527133,0.073041,0.8099999567967106,0.25
AMR2,T02,1,repair_wait_at_node,stationary::IN2,332,33.2,33.2,0.05,4.95,-1.570796,0.0,0.25
AMR4,T11,3,transition,vg::SORT2__P3__path_1,51,33.232,5.1,4.752219999999999,4.20618,3.101614,1.1,0.25
AMR1,T07,3,service_at_pickup,stationary::P7,20,33.272,2.0,7.25,1.05,-2.356194,0.0,0.25
AMR3,T09,2,loaded,vg::P4__SORT1__path_1,44,33.272,4.4,7.658871810285715,0.4666079863131979,0.073041,0.8099999567967106,0.25
AMR2,T02,1,repair_wait_at_node,stationary::IN2,333,33.3,33.3,0.05,4.95,-1.570796,0.0,0.25
AMR4,T11,3,transition,vg::SORT2__P3__path_1,52,33.332,5.2,4.642439999999999,4.21036,3.101614,1.1,0.25
AMR1,T07,3,service_at_pickup,stationary::P7,21,33.372,2.1,7.25,1.05,-2.356194,0.0,0.25
AMR3,T09,2,loaded,vg::P4__SORT1__path_1,45,33.372,4.5,7.739709805974027,0.4724399860021342,0.073041,0.8099999567967106,0.25
AMR2,T02,1,repair_wait_at_node,stationary::IN2,334,33.4,33.4,0.05,4.95,-1.570796,0.0,0.25
AMR4,T11,3,transition,vg::SORT2__P3__path_1,53,33.432,5.3,4.532659999999998,4.21454,3.101614,1.1,0.25
AMR1,T07,3,service_at_pickup,stationary::P7,22,33.472,2.2,7.25,1.05,-2.356194,0.0,0.25
AMR3,T09,2,loaded,vg::P4__SORT1__path_1,46,33.472,4.6,7.8205478016623395,0.4782719856910706,0.073041,0.8099999567967106,0.25
AMR2,T02,1,repair_wait_at_node,stationary::IN2,335,33.5,33.5,0.05,4.95,-1.570796,0.0,0.25
AMR4,T11,3,transition,vg::SORT2__P3__path_1,54,33.532,5.4,4.422879999999998,4.21872,3.101614,1.1,0.25
AMR1,T07,3,service_at_pickup,stationary::P7,23,33.572,2.3,7.25,1.05,-2.356194,0.0,0.25
AMR3,T09,2,loaded,vg::P4__SORT1__path_1,47,33.572,4.7,7.901385797350651,0.4841039853800069,0.073041,0.8099999567967106,0.25
AMR2,T02,1,repair_wait_at_node,stationary::IN2,336,33.6,33.6,0.05,4.95,-1.570796,0.0,0.25
AMR4,T11,3,transition,vg::SORT2__P3__path_1,55,33.632,5.5,4.312999999999999,4.223,3.101614,1.1,0.25
AMR1,T07,3,service_at_pickup,stationary::P7,24,33.672,2.4,7.25,1.05,-2.356194,0.0,0.25
AMR3,T09,2,loaded,vg::P4__SORT1__path_1,48,33.672,4.8,7.982223793038963,0.4899359850689432,0.073041,0.8099999567967106,0.25
AMR2,T02,1,repair_wait_at_node,stationary::IN2,337,33.7,33.7,0.05,4.95,-1.570796,0.0,0.25
AMR4,T11,3,transition,vg::SORT2__P3__path_1,56,33.732,5.6,4.2029999999999985,4.2274,3.101614,1.1,0.25
AMR1,T07,3,service_at_pickup,stationary::P7,25,33.772,2.5,7.25,1.05,-2.356194,0.0,0.25
AMR3,T09,2,loaded,vg::P4__SORT1__path_1,49,33.772,4.9,8.063061788727273,0.4957679847578795,0.073041,0.8099999567967106,0.25
AMR2,T02,1,repair_wait_at_node,stationary::IN2,338,33.8,33.8,0.05,4.95,-1.570796,0.0,0.25
AMR4,T11,3,transition,vg::SORT2__P3__path_1,57,33.832,5.7,4.092999999999999,4.2318,3.101614,1.1,0.25
AMR1,T07,3,service_at_pickup,stationary::P7,26,33.872,2.6,7.25,1.05,-2.356194,0.0,0.25
AMR3,T09,2,loaded,vg::P4__SORT1__path_1,50,33.872,5.0,8.143799784847618,0.5016999840147829,0.073041,0.8099999567967106,0.25
AMR2,T02,1,repair_wait_at_node,stationary::IN2,339,33.9,33.9,0.05,4.95,-1.570796,0.0,0.25
AMR4,T11,3,transition,vg::SORT2__P3__path_1,58,33.932,5.8,3.9829999999999983,4.2362,3.101614,1.1,0.25
AMR1,T07,3,service_at_pickup,stationary::P7,27,33.972,2.7,7.25,1.05,-2.356194,0.0,0.25
AMR3,T09,2,loaded,vg::P4__SORT1__path_1,51,33.972,5.1,8.224475780544571,0.5076939836950786,0.073041,0.8099999567967106,0.25
AMR2,T02,1,repair_wait_at_node,stationary::IN2,340,34.0,34.0,0.05,4.95,-1.570796,0.0,0.25
AMR4,T11,3,transition,vg::SORT2__P3__path_1,59,34.032,5.9,3.8729999999999984,4.2406,3.101614,1.1,0.25
AMR1,T07,3,service_at_pickup,stationary::P7,28,34.072,2.8,7.25,1.05,-2.356194,0.0,0.25
AMR3,T09,2,loaded,vg::P4__SORT1__path_1,52,34.072,5.2,8.305151776241523,0.5136879833753742,0.073041,0.8099999567967106,0.25
AMR2,T02,1,repair_wait_at_node,stationary::IN2,341,34.1,34.1,0.05,4.95,-1.570796,0.0,0.25
AMR4,T11,3,transition,vg::SORT2__P3__path_1,60,34.132,6.0,3.8163999999999993,4.3,2.809427599999997,1.1,0.25
AMR1,T07,3,service_at_pickup,stationary::P7,29,34.172,2.9,7.25,1.05,-2.356194,0.0,0.25
AMR3,T09,2,loaded,vg::P4__SORT1__path_1,53,34.172,5.3,8.385827771938477,0.5196819830556699,0.073041,0.8099999567967106,0.25
AMR2,T02,1,repair_wait_at_node,stationary::IN2,342,34.2,34.2,0.05,4.95,-1.570796,0.0,0.25
AMR4,T11,3,transition,vg::SORT2__P3__path_1,61,34.232,6.1,3.7651399999999993,4.3649000000000004,2.488022559999995,1.1,0.25
AMR1,T07,3,loaded,vg::P7__OUT1__path_1,0,34.272,0.0,7.28,1.0,-1.416478,0.8999999999999999,0.25
AMR1,T07,3,service_at_pickup,stationary::P7,30,34.272,3.0,7.25,1.05,-2.356194,0.0,0.25
AMR3,T09,2,loaded,vg::P4__SORT1__path_1,54,34.272,5.4,8.466503767635428,0.5256759827359656,0.073041,0.8099999567967106,0.25
AMR2,T02,1,repair_wait_at_node,stationary::IN2,343,34.3,34.3,0.05,4.95,-1.570796,0.0,0.25
AMR4,T11,3,transition,vg::SORT2__P3__path_1,62,34.332,6.2,3.713879999999999,4.4298,2.166617519999996,1.1,0.25
AMR1,T07,3,loaded,vg::P7__OUT1__path_1,1,34.372,0.1,7.3007,0.919,-1.16151196,0.8999999999999999,0.25
AMR3,T09,2,loaded,vg::P4__SORT1__path_1,55,34.372,5.5,8.54717976333238,0.5316699824162613,0.073041,0.8099999567967106,0.25
AMR2,T02,1,repair_wait_at_node,stationary::IN2,344,34.4,34.4,0.05,4.95,-1.570796,0.0,0.25
AMR4,T11,3,transition,vg::SORT2__P3__path_1,63,34.432,6.3,3.662619999999999,4.494700000000001,1.845212479999994,1.1,0.25
AMR1,T07,3,loaded,vg::P7__OUT1__path_1,2,34.472,0.2,7.3214,0.8380000000000001,-0.90654592,0.8999999999999999,0.25
AMR3,T09,2,loaded,vg::P4__SORT1__path_1,56,34.472,5.6,8.617415829191476,0.5542958703210068,0.1435003744737689,0.8099999567967106,0.25
AMR2,T02,1,repair_wait_at_node,stationary::IN2,345,34.5,34.5,0.05,4.95,-1.570796,0.0,0.25
AMR4,T11,3,transition,vg::SORT2__P3__path_1,64,34.532,6.4,3.6271999999999998,4.575920000000001,1.640682,1.1,0.25
AMR1,T07,3,loaded,vg::P7__OUT1__path_1,3,34.572,0.3,7.3421,0.757,-0.6515798799999999,0.8999999999999999,0.25
AMR3,T09,2,loaded,vg::P4__SORT1__path_1,57,34.572,5.7,8.674601826141323,0.5977118680053103,0.3020350240179427,0.8099999567967106,0.25
AMR2,T02,1,repair_wait_at_node,stationary::IN2,346,34.6,34.6,0.05,4.95,-1.570796,0.0,0.25
AMR4,T11,3,transition,vg::SORT2__P3__path_1,65,34.632,6.5,3.6195,4.685700000000001,1.640682,1.1,0.25
AMR1,T07,3,loaded,vg::P7__OUT1__path_1,4,34.672,0.4,7.3628,0.676,-0.3966138400000001,0.8999999999999999,0.25
AMR3,T09,2,loaded,vg::P4__SORT1__path_1,58,34.672,5.8,8.731787823091171,0.6411278656896142,0.460569673562118,0.8099999567967106,0.25
AMR2,T02,1,repair_wait_at_node,stationary::IN2,347,34.7,34.7,0.05,4.95,-1.570796,0.0,0.25
AMR4,T11,3,transition,vg::SORT2__P3__path_1,66,34.732,6.6,3.6118,4.795480000000001,1.640682,1.1,0.25
AMR1,T07,3,loaded,vg::P7__OUT1__path_1,5,34.772,0.5,7.3835,0.5950000000000001,-0.1416478000000001,0.8999999999999999,0.25
AMR3,T09,2,loaded,vg::P4__SORT1__path_1,59,34.772,5.9,8.788973820041019,0.6845438633739177,0.6191043231062918,0.8099999567967106,0.25
AMR2,T02,1,repair_wait_at_node,stationary::IN2,348,34.8,34.8,0.05,4.95,-1.570796,0.0,0.25
AMR4,T11,3,transition,vg::SORT2__P3__path_1,67,34.832,6.7,3.6041,4.905260000000001,1.640682,1.1,0.25
AMR1,T07,3,loaded,vg::P7__OUT1__path_1,6,34.872,0.6,7.435,0.55,0.0,0.8999999999999999,0.25
AMR3,T09,2,loaded,vg::P4__SORT1__path_1,60,34.872,6.0,8.846159816990866,0.7279598610582212,0.7776389726504657,0.8099999567967106,0.25
AMR2,T02,1,repair_wait_at_node,stationary::IN2,349,34.9,34.9,0.05,4.95,-1.570796,0.0,0.25
AMR4,T11,3,transition,vg::SORT2__P3__path_1,68,34.932,6.8,3.5964,5.015040000000002,1.640682,1.1,0.25
AMR1,T07,3,loaded,vg::P7__OUT1__path_1,7,34.972,0.7,7.5249999999999995,0.55,0.0,0.8999999999999999,0.25
AMR3,T09,2,loaded,vg::P4__SORT1__path_1,61,34.972,6.1,8.903345813940714,0.7713758587425251,0.936173622194641,0.8099999567967106,0.25
AMR2,T02,1,repair_wait_at_node,stationary::IN2,350,35.0,35.0,0.05,4.95,-1.570796,0.0,0.25
AMR4,T11,3,transition,vg::SORT2__P3__path_1,69,35.032,6.9,3.58875,5.124583333333335,1.640682,1.1,0.25
AMR1,T07,3,loaded,vg::P7__OUT1__path_1,8,35.072,0.8,7.614999999999999,0.55,0.0,0.8999999999999999,0.25
AMR3,T09,2,loaded,vg::P4__SORT1__path_1,62,35.072,6.2,8.955911867141245,0.822139766961457,1.05165,0.8099999567967106,0.25
AMR2,T02,1,repair_wait_at_node,stationary::IN2,351,35.1,35.1,0.05,4.95,-1.570796,0.0,0.25
AMR4,T11,3,transition,vg::SORT2__P3__path_1,70,35.132,7.0,3.581111111111111,5.2340740740740745,1.640682,1.1,0.25
AMR4,T11,3,service_at_pickup,stationary::P3,0,35.146,0.0,3.55,5.25,-2.356194,0.0,0.25
AMR4,T11,3,transition,vg::SORT2__P3__path_1,71,35.146,7.015,3.58,5.25,1.640682,1.1,0.25
AMR1,T07,3,loaded,vg::P7__OUT1__path_1,9,35.172,0.9,7.704999999999999,0.55,0.0,0.8999999999999999,0.25
AMR3,T09,2,loaded,vg::P4__SORT1__path_1,63,35.172,6.3,8.996087864998362,0.8926097632027712,1.05165,0.8099999567967106,0.25
AMR2,T02,1,repair_wait_at_node,stationary::IN2,352,35.2,35.2,0.05,4.95,-1.570796,0.0,0.25
AMR4,T11,3,service_at_pickup,stationary::P3,1,35.246,0.1,3.55,5.25,-2.356194,0.0,0.25
AMR1,T07,3,loaded,vg::P7__OUT1__path_1,10,35.272,1.0,7.795,0.55,0.0,0.8999999999999999,0.25
AMR3,T09,2,loaded,vg::P4__SORT1__path_1,64,35.272,6.4,9.036263862855478,0.9630797594440847,1.05165,0.8099999567967106,0.25
AMR2,T02,1,repair_wait_at_node,stationary::IN2,353,35.3,35.3,0.05,4.95,-1.570796,0.0,0.25
AMR4,T11,3,service_at_pickup,stationary::P3,2,35.346,0.2,3.55,5.25,-2.356194,0.0,0.25
AMR1,T07,3,loaded,vg::P7__OUT1__path_1,11,35.372,1.1,7.885,0.55,0.0,0.8999999999999999,0.25
AMR3,T09,2,loaded,vg::P4__SORT1__path_1,65,35.372,6.5,9.076439860712595,1.0335497556853983,1.05165,0.8099999567967106,0.25
AMR2,T02,1,repair_wait_at_node,stationary::IN2,354,35.4,35.4,0.05,4.95,-1.570796,0.0,0.25
AMR4,T11,3,service_at_pickup,stationary::P3,3,35.446,0.3,3.55,5.25,-2.356194,0.0,0.25
AMR1,T07,3,loaded,vg::P7__OUT1__path_1,12,35.472,1.2,7.975,0.55,0.0,0.8999999999999999,0.25
AMR3,T09,2,loaded,vg::P4__SORT1__path_1,66,35.472,6.6,9.116615858569713,1.1040197519267123,1.05165,0.8099999567967106,0.25
AMR2,T02,1,repair_wait_at_node,stationary::IN2,355,35.5,35.5,0.05,4.95,-1.570796,0.0,0.25
AMR4,T11,3,service_at_pickup,stationary::P3,4,35.546,0.4,3.55,5.25,-2.356194,0.0,0.25
AMR1,T07,3,loaded,vg::P7__OUT1__path_1,13,35.572,1.3,8.065,0.55,0.0,0.8999999999999999,0.25
AMR3,T09,2,loaded,vg::P4__SORT1__path_1,67,35.572,6.7,9.156791856426828,1.174489748168026,1.05165,0.8099999567967106,0.25
AMR2,T02,1,repair_wait_at_node,stationary::IN2,356,35.6,35.6,0.05,4.95,-1.570796,0.0,0.25
AMR4,T11,3,service_at_pickup,stationary::P3,5,35.646,0.5,3.55,5.25,-2.356194,0.0,0.25
AMR1,T07,3,loaded,vg::P7__OUT1__path_1,14,35.672,1.4,8.155,0.55,0.0,0.8999999999999999,0.25
AMR3,T09,2,loaded,vg::P4__SORT1__path_1,68,35.672,6.8,9.196967854283946,1.244943744996905,1.05165,0.8099999567967106,0.25
AMR2,T02,1,repair_wait_at_node,stationary::IN2,357,35.7,35.7,0.05,4.95,-1.570796,0.0,0.25
AMR4,T11,3,service_at_pickup,stationary::P3,6,35.746,0.6,3.55,5.25,-2.356194,0.0,0.25
AMR1,T07,3,loaded,vg::P7__OUT1__path_1,15,35.772,1.5,8.245,0.55,0.0,0.8999999999999999,0.25
AMR3,T09,2,loaded,vg::P4__SORT1__path_1,69,35.772,6.9,9.23714385214106,1.3152517412468592,1.05165,0.8099999567967106,0.25
AMR2,T02,1,repair_wait_at_node,stationary::IN2,358,35.8,35.8,0.05,4.95,-1.570796,0.0,0.25
AMR4,T11,3,service_at_pickup,stationary::P3,7,35.846,0.7,3.55,5.25,-2.356194,0.0,0.25
AMR1,T07,3,loaded,vg::P7__OUT1__path_1,16,35.872,1.6,8.334999999999999,0.55,0.0,0.8999999999999999,0.25
AMR3,T09,2,loaded,vg::P4__SORT1__path_1,70,35.872,7.0,9.27731984999818,1.3855597374968136,1.05165,0.8099999567967106,0.25
AMR2,T02,1,repair_wait_at_node,stationary::IN2,359,35.9,35.9,0.05,4.95,-1.570796,0.0,0.25
AMR4,T11,3,service_at_pickup,stationary::P3,8,35.946,0.8,3.55,5.25,-2.356194,0.0,0.25
AMR1,T07,3,loaded,vg::P7__OUT1__path_1,17,35.972,1.7,8.42446,0.55234,0.025527000000000077,0.8999999999999999,0.25
AMR3,T09,2,loaded,vg::P4__SORT1__path_1,71,35.972,7.1,9.317495847855296,1.4558677337467685,1.05165,0.8099999567967106,0.25
AMR2,T02,1,repair_wait_at_node,stationary::IN2,360,36.0,36.0,0.05,4.95,-1.570796,0.0,0.25
AMR4,T11,3,service_at_pickup,stationary::P3,9,36.046,0.9,3.55,5.25,-2.356194,0.0,0.25
AMR1,T07,3,loaded,vg::P7__OUT1__path_1,18,36.072,1.8,8.512839999999999,0.5593600000000001,0.10210799999999998,0.8999999999999999,0.25
AMR3,T09,2,loaded,vg::P4__SORT1__path_1,72,36.072,7.2,9.357671845712414,1.526175729996723,1.05165,0.8099999567967106,0.25
AMR2,T02,1,repair_wait_at_node,stationary::IN2,361,36.1,36.1,0.05,4.95,-1.570796,0.0,0.25
AMR4,T11,3,service_at_pickup,stationary::P3,10,36.146,1.0,3.55,5.25,-2.356194,0.0,0.25
AMR1,T07,3,loaded,vg::P7__OUT1__path_1,19,36.172,1.9,8.60122,0.56638,0.17868900000000004,0.8999999999999999,0.25
AMR3,T09,2,loaded,vg::P4__SORT1__path_1,73,36.172,7.3,9.397847843569531,1.5964837262466778,1.05165,0.8099999567967106,0.25
AMR2,T02,1,repair_wait_at_node,stationary::IN2,362,36.2,36.2,0.05,4.95,-1.570796,0.0,0.25
AMR4,T11,3,service_at_pickup,stationary::P3,11,36.246,1.1,3.55,5.25,-2.356194,0.0,0.25
AMR1,T07,3,loaded,vg::P7__OUT1__path_1,20,36.272,2.0,8.689599999999999,0.5734,0.25526999999999994,0.8999999999999999,0.25
AMR3,T09,2,loaded,vg::P4__SORT1__path_1,74,36.272,7.4,9.438023841426649,1.666791722496632,1.05165,0.8099999567967106,0.25
AMR2,T02,1,repair_wait_at_node,stationary::IN2,363,36.3,36.3,0.05,4.95,-1.570796,0.0,0.25
AMR4,T11,3,service_at_pickup,stationary::P3,12,36.346,1.2,3.55,5.25,-2.356194,0.0,0.25
AMR1,T07,3,loaded,vg::P7__OUT1__path_1,21,36.372,2.1,8.77798,0.5804199999999999,0.331851,0.8999999999999999,0.25
AMR3,T09,2,loaded,vg::P4__SORT1__path_1,75,36.372,7.5,9.478199839283764,1.7370997187465862,1.05165,0.8099999567967106,0.25
AMR2,T02,1,repair_wait_at_node,stationary::IN2,364,36.4,36.4,0.05,4.95,-1.570796,0.0,0.25
AMR4,T11,3,service_at_pickup,stationary::P3,13,36.446,1.3,3.55,5.25,-2.356194,0.0,0.25
AMR1,T07,3,loaded,vg::P7__OUT1__path_1,22,36.472,2.2,8.86636,0.58744,0.4084320000000001,0.8999999999999999,0.25
AMR3,T09,2,loaded,vg::P4__SORT1__path_1,76,36.472,7.6,9.518375837140882,1.8074077149965408,1.05165,0.8099999567967106,0.25
AMR2,T02,1,repair_wait_at_node,stationary::IN2,365,36.5,36.5,0.05,4.95,-1.570796,0.0,0.25
AMR4,T11,3,service_at_pickup,stationary::P3,14,36.546,1.4,3.55,5.25,-2.356194,0.0,0.25
AMR1,T07,3,loaded,vg::P7__OUT1__path_1,23,36.572,2.3,8.94984,0.6178400000000001,0.42545,0.8999999999999999,0.25
AMR3,T09,2,loaded,vg::P4__SORT1__path_1,77,36.572,7.7,9.558551834997996,1.877715711246495,1.05165,0.8099999567967106,0.25
AMR2,T02,1,repair_wait_at_node,stationary::IN2,366,36.6,36.6,0.05,4.95,-1.570796,0.0,0.25
AMR4,T11,3,service_at_pickup,stationary::P3,15,36.646,1.5,3.55,5.25,-2.356194,0.0,0.25
AMR1,T07,3,loaded,vg::P7__OUT1__path_1,24,36.672,2.4,9.03192,0.6549200000000001,0.42545,0.8999999999999999,0.25
AMR3,T09,2,loaded,vg::P4__SORT1__path_1,78,36.672,7.8,9.598727832855117,1.9480237074964497,1.05165,0.8099999567967106,0.25
AMR2,T02,1,repair_wait_at_node,stationary::IN2,367,36.7,36.7,0.05,4.95,-1.570796,0.0,0.25
AMR4,T11,3,service_at_pickup,stationary::P3,16,36.746,1.6,3.55,5.25,-2.356194,0.0,0.25
AMR1,T07,3,loaded,vg::P7__OUT1__path_1,25,36.772,2.5,9.114,0.692,0.42545,0.8999999999999999,0.25
AMR3,T09,2,loaded,vg::P4__SORT1__path_1,79,36.772,7.9,9.63890383071223,2.018331703746404,1.05165,0.8099999567967106,0.25
AMR2,T02,1,repair_wait_at_node,stationary::IN2,368,36.8,36.8,0.05,4.95,-1.570796,0.0,0.25
AMR4,T11,3,service_at_pickup,stationary::P3,17,36.846,1.7,3.55,5.25,-2.356194,0.0,0.25
AMR1,T07,3,loaded,vg::P7__OUT1__path_1,26,36.872,2.6,9.19608,0.7290800000000001,0.42545,0.8999999999999999,0.25
AMR3,T09,2,loaded,vg::P4__SORT1__path_1,80,36.872,8.0,9.679079828569348,2.088639699996358,1.05165,0.8099999567967106,0.25
AMR2,T02,1,repair_wait_at_node,stationary::IN2,369,36.9,36.9,0.05,4.95,-1.570796,0.0,0.25
AMR4,T11,3,service_at_pickup,stationary::P3,18,36.946,1.8,3.55,5.25,-2.356194,0.0,0.25
AMR1,T07,3,loaded,vg::P7__OUT1__path_1,27,36.972,2.7,9.27816,0.7661600000000002,0.42545,0.8999999999999999,0.25
AMR3,T09,2,loaded,vg::P4__SORT1__path_1,81,36.972,8.1,9.71949982502668,2.1591287274658257,1.05165,0.8099999567967106,0.25
AMR3,T12,3,transition,vg::SORT1__P8__path_1,0,36.973,0.0,9.72,2.16,2.933537,0.9000000000000001,0.25
AMR3,T09,2,loaded,vg::P4__SORT1__path_1,82,36.973,8.101,9.72,2.16,1.05165,0.8099999567967106,0.25
AMR2,T02,1,repair_wait_at_node,stationary::IN2,370,37.0,37.0,0.05,4.95,-1.570796,0.0,0.25
AMR4,T11,3,service_at_pickup,stationary::P3,19,37.046,1.9,3.55,5.25,-2.356194,0.0,0.25
AMR1,T07,3,loaded,vg::P7__OUT1__path_1,28,37.072,2.8,9.3602,0.8032800000000002,0.42545,0.8999999999999999,0.25
AMR3,T12,3,transition,vg::SORT1__P8__path_1,1,37.073,0.1,9.63198,2.17854,2.933537,0.9000000000000001,0.25
AMR2,T02,1,repair_wait_at_node,stationary::IN2,371,37.1,37.1,0.05,4.95,-1.570796,0.0,0.25
AMR4,T11,3,loaded,vg::P3__OUT2__path_1,0,37.146,0.0,3.58,5.25,-1.50091,0.9900000000000001,0.25
AMR4,T11,3,service_at_pickup,stationary::P3,20,37.146,2.0,3.55,5.25,-2.356194,0.0,0.25
AMR1,T07,3,loaded,vg::P7__OUT1__path_1,29,37.172,2.9,9.442100000000002,0.8405400000000002,0.42545,0.8999999999999999,0.25
AMR3,T12,3,transition,vg::SORT1__P8__path_1,2,37.173,0.2,9.54396,2.19708,2.933537,0.9000000000000001,0.25
AMR2,T02,1,repair_wait_at_node,stationary::IN2,372,37.2,37.2,0.05,4.95,-1.570796,0.0,0.25
AMR4,T11,3,loaded,vg::P3__OUT2__path_1,1,37.246,0.1,3.58693,5.151198,-1.50091,0.9900000000000001,0.25
AMR1,T07,3,loaded,vg::P7__OUT1__path_1,30,37.272,3.0,9.524000000000001,0.8778,0.42545,0.8999999999999999,0.25
AMR3,T12,3,transition,vg::SORT1__P8__path_1,3,37.273,0.3,9.45594,2.21562,2.933537,0.9000000000000001,0.25
AMR2,T02,1,repair_wait_at_node,stationary::IN2,373,37.3,37.3,0.05,4.95,-1.570796,0.0,0.25
AMR4,T11,3,loaded,vg::P3__OUT2__path_1,2,37.346,0.2,3.5938600000000003,5.052396,-1.50091,0.9900000000000001,0.25
AMR1,T07,3,loaded,vg::P7__OUT1__path_1,31,37.372,3.1,9.6059,0.91506,0.42545,0.8999999999999999,0.25
AMR3,T12,3,transition,vg::SORT1__P8__path_1,4,37.373,0.4,9.36792,2.23416,2.933537,0.9000000000000001,0.25
AMR2,T02,1,repair_wait_at_node,stationary::IN2,374,37.4,37.4,0.05,4.95,-1.570796,0.0,0.25
AMR4,T11,3,loaded,vg::P3__OUT2__path_1,3,37.446,0.3,3.6007900000000004,4.953594,-1.50091,0.9900000000000001,0.25
AMR1,T07,3,loaded,vg::P7__OUT1__path_1,32,37.472,3.2,9.687800000000001,0.95232,0.42545,0.8999999999999999,0.25
AMR3,T12,3,transition,vg::SORT1__P8__path_1,5,37.473,0.5,9.2799,2.2527,2.933537,0.9000000000000001,0.25
AMR2,T02,1,repair_wait_at_node,stationary::IN2,375,37.5,37.5,0.05,4.95,-1.570796,0.0,0.25
AMR4,T11,3,loaded,vg::P3__OUT2__path_1,4,37.546,0.4,3.60772,4.854792,-1.50091,0.9900000000000001,0.25
AMR1,T07,3,loaded,vg::P7__OUT1__path_1,33,37.572,3.3,9.7697,0.98958,0.42545,0.8999999999999999,0.25
AMR3,T12,3,transition,vg::SORT1__P8__path_1,6,37.573,0.6,9.191857142857142,2.2712857142857144,2.933537,0.9000000000000001,0.25
AMR2,T02,1,repair_wait_at_node,stationary::IN2,376,37.6,37.6,0.05,4.95,-1.570796,0.0,0.25
AMR4,T11,3,loaded,vg::P3__OUT2__path_1,5,37.646,0.5,3.61465,4.755990000000001,-1.50091,0.9900000000000001,0.25
AMR1,T07,3,loaded,vg::P7__OUT1__path_1,34,37.672,3.4,9.851600000000001,1.02672,0.42545,0.8999999999999999,0.25
AMR3,T12,3,transition,vg::SORT1__P8__path_1,7,37.673,0.7,9.103785714285713,2.2899285714285713,2.933537,0.9000000000000001,0.25
AMR2,T02,1,repair_wait_at_node,stationary::IN2,377,37.7,37.7,0.05,4.95,-1.570796,0.0,0.25
AMR4,T11,3,loaded,vg::P3__OUT2__path_1,6,37.746,0.6,3.6215800000000002,4.657188,-1.50091,0.9900000000000001,0.25
AMR1,T07,3,loaded,vg::P7__OUT1__path_1,35,37.772,3.5,9.9335,1.0637999999999999,0.42545,0.8999999999999999,0.25
AMR3,T12,3,transition,vg::SORT1__P8__path_1,8,37.773,0.8,9.015714285714285,2.3085714285714287,2.933537,0.9000000000000001,0.25
AMR2,T02,1,repair_wait_at_node,stationary::IN2,378,37.8,37.8,0.05,4.95,-1.570796,0.0,0.25
AMR4,T11,3,loaded,vg::P3__OUT2__path_1,7,37.846,0.7,3.62851,4.558386,-1.50091,0.9900000000000001,0.25
AMR1,T07,3,loaded,vg::P7__OUT1__path_1,36,37.872,3.6,10.0154,1.1008799999999999,0.42545,0.8999999999999999,0.25
AMR3,T12,3,transition,vg::SORT1__P8__path_1,9,37.873,0.9,8.927642857142857,2.3272142857142857,2.933537,0.9000000000000001,0.25
AMR2,T02,1,repair_wait_at_node,stationary::IN2,379,37.9,37.9,0.05,4.95,-1.570796,0.0,0.25
AMR4,T11,3,loaded,vg::P3__OUT2__path_1,8,37.946,0.8,3.63544,4.4595839999999995,-1.50091,0.9900000000000001,0.25
AMR1,T07,3,loaded,vg::P7__OUT1__path_1,37,37.972,3.7,10.0973,1.1379599999999999,0.42545,0.8999999999999999,0.25
AMR3,T12,3,transition,vg::SORT1__P8__path_1,10,37.973,1.0,8.839571428571428,2.345857142857143,2.933537,0.9000000000000001,0.25
AMR3,T12,3,service_at_pickup,stationary::P8,0,37.995,0.0,8.85,2.35,-1.570796,0.0,0.25
AMR3,T12,3,transition,vg::SORT1__P8__path_1,11,37.995,1.022,8.82,2.35,2.933537,0.9000000000000001,0.25
AMR2,T02,1,repair_wait_at_node,stationary::IN2,380,38.0,38.0,0.05,4.95,-1.570796,0.0,0.25
AMR4,T11,3,loaded,vg::P3__OUT2__path_1,9,38.046,0.9,3.64237,4.3607819999999995,-1.50091,0.9900000000000001,0.25
AMR1,T07,3,loaded,vg::P7__OUT1__path_1,38,38.072,3.8,10.1792,1.1750399999999999,0.42545,0.8999999999999999,0.25
AMR3,T12,3,service_at_pickup,stationary::P8,1,38.095,0.1,8.85,2.35,-1.570796,0.0,0.25
AMR2,T02,1,repair_wait_at_node,stationary::IN2,381,38.1,38.1,0.05,4.95,-1.570796,0.0,0.25
AMR4,T11,3,loaded,vg::P3__OUT2__path_1,10,38.146,1.0,3.6492999999999998,4.261979999999999,-1.50091,0.9900000000000001,0.25
AMR1,T07,3,loaded,vg::P7__OUT1__path_1,39,38.172,3.9,10.26112,1.21214,0.42545,0.8999999999999999,0.25
AMR3,T12,3,service_at_pickup,stationary::P8,2,38.195,0.2,8.85,2.35,-1.570796,0.0,0.25
AMR2,T02,1,repair_wait_at_node,stationary::IN2,382,38.2,38.2,0.05,4.95,-1.570796,0.0,0.25
AMR4,T11,3,loaded,vg::P3__OUT2__path_1,11,38.246,1.1,3.7384660000000003,4.2480839999999995,-1.240864281999999,0.9900000000000001,0.25
AMR1,T07,3,loaded,vg::P7__OUT1__path_1,40,38.272,4.0,10.3432,1.2493999999999998,0.42545,0.8999999999999999,0.25
AMR3,T12,3,service_at_pickup,stationary::P8,3,38.295,0.3,8.85,2.35,-1.570796,0.0,0.25
AMR2,T02,1,repair_wait_at_node,stationary::IN2,383,38.3,38.3,0.05,4.95,-1.570796,0.0,0.25
AMR4,T11,3,loaded,vg::P3__OUT2__path_1,12,38.346,1.2,3.8368720000000005,4.243728,-0.9515999439999989,0.9900000000000001,0.25
AMR1,T07,3,loaded,vg::P7__OUT1__path_1,41,38.372,4.1,10.42528,1.2866600000000001,0.42545,0.8999999999999999,0.25
AMR3,T12,3,service_at_pickup,stationary::P8,4,38.395,0.4,8.85,2.35,-1.570796,0.0,0.25
AMR2,T02,1,repair_wait_at_node,stationary::IN2,384,38.4,38.4,0.05,4.95,-1.570796,0.0,0.25
AMR4,T11,3,loaded,vg::P3__OUT2__path_1,13,38.446,1.3,3.9352780000000003,4.239372,-0.6623356059999993,0.9900000000000001,0.25
AMR1,T07,3,loaded,vg::P7__OUT1__path_1,42,38.472,4.2,10.50736,1.32392,0.42545,0.8999999999999999,0.25
AMR3,T12,3,service_at_pickup,stationary::P8,5,38.495,0.5,8.85,2.35,-1.570796,0.0,0.25
AMR2,T02,1,repair_wait_at_node,stationary::IN2,385,38.5,38.5,0.05,4.95,-1.570796,0.0,0.25
AMR4,T11,3,loaded,vg::P3__OUT2__path_1,14,38.546,1.4,4.033684000000001,4.235016,-0.373071267999999,0.9900000000000001,0.25
AMR1,T07,3,loaded,vg::P7__OUT1__path_1,43,38.572,4.3,10.58944,1.3611799999999998,0.42545,0.8999999999999999,0.25
AMR3,T12,3,service_at_pickup,stationary::P8,6,38.595,0.6,8.85,2.35,-1.570796,0.0,0.25
AMR2,T02,1,repair_wait_at_node,stationary::IN2,386,38.6,38.6,0.05,4.95,-1.570796,0.0,0.25
AMR4,T11,3,loaded,vg::P3__OUT2__path_1,15,38.646,1.5,4.132090000000001,4.23066,-0.08380692999999928,0.9900000000000001,0.25
AMR1,T07,3,loaded,vg::P7__OUT1__path_1,44,38.672,4.4,10.671520000000001,1.3984400000000001,0.42545,0.8999999999999999,0.25
AMR3,T12,3,service_at_pickup,stationary::P8,7,38.695,0.7,8.85,2.35,-1.570796,0.0,0.25
AMR2,T02,1,repair_wait_at_node,stationary::IN2,387,38.7,38.7,0.05,4.95,-1.570796,0.0,0.25
AMR4,T11,3,loaded,vg::P3__OUT2__path_1,16,38.746,1.6,4.231000000000001,4.226640000000001,-0.039979,0.9900000000000001,0.25
AMR1,T07,3,loaded,vg::P7__OUT1__path_1,45,38.772,4.5,10.7535,1.4356,0.42545,0.8999999999999999,0.25
AMR3,T12,3,service_at_pickup,stationary::P8,8,38.795,0.8,8.85,2.35,-1.570796,0.0,0.25
AMR2,T02,1,repair_wait_at_node,stationary::IN2,388,38.8,38.8,0.05,4.95,-1.570796,0.0,0.25
AMR4,T11,3,loaded,vg::P3__OUT2__path_1,17,38.846,1.7,4.330000000000001,4.22268,-0.039979,0.9900000000000001,0.25
AMR1,T07,3,loaded,vg::P7__OUT1__path_1,46,38.872,4.6,10.8354,1.4726800000000002,0.42545,0.8999999999999999,0.25
AMR3,T12,3,service_at_pickup,stationary::P8,9,38.895,0.9,8.85,2.35,-1.570796,0.0,0.25
AMR2,T02,1,repair_wait_at_node,stationary::IN2,389,38.9,38.9,0.05,4.95,-1.570796,0.0,0.25
AMR4,T11,3,loaded,vg::P3__OUT2__path_1,18,38.946,1.8,4.429,4.21872,-0.039979,0.9900000000000001,0.25
AMR1,T07,3,loaded,vg::P7__OUT1__path_1,47,38.972,4.7,10.917300000000001,1.50976,0.42545,0.8999999999999999,0.25
AMR3,T12,3,service_at_pickup,stationary::P8,10,38.995,1.0,8.85,2.35,-1.570796,0.0,0.25
AMR2,T02,1,repair_wait_at_node,stationary::IN2,390,39.0,39.0,0.05,4.95,-1.570796,0.0,0.25
AMR4,T11,3,loaded,vg::P3__OUT2__path_1,19,39.046,1.9,4.5280000000000005,4.21476,-0.039979,0.9900000000000001,0.25
AMR1,T07,3,loaded,vg::P7__OUT1__path_1,48,39.072,4.8,10.9992,1.5468400000000002,0.42545,0.8999999999999999,0.25
AMR3,T12,3,service_at_pickup,stationary::P8,11,39.095,1.1,8.85,2.35,-1.570796,0.0,0.25
AMR2,T02,1,repair_wait_at_node,stationary::IN2,391,39.1,39.1,0.05,4.95,-1.570796,0.0,0.25
AMR4,T11,3,loaded,vg::P3__OUT2__path_1,20,39.146,2.0,4.627000000000001,4.2108,-0.039979,0.9900000000000001,0.25
AMR1,T07,3,loaded,vg::P7__OUT1__path_1,49,39.172,4.9,11.081100000000001,1.5839200000000002,0.42545,0.8999999999999999,0.25
AMR3,T12,3,service_at_pickup,stationary::P8,12,39.195,1.2,8.85,2.35,-1.570796,0.0,0.25
AMR2,T02,1,repair_wait_at_node,stationary::IN2,392,39.2,39.2,0.05,4.95,-1.570796,0.0,0.25
AMR4,T11,3,loaded,vg::P3__OUT2__path_1,21,39.246,2.1,4.725842000000001,4.20684,-0.039979,0.9900000000000001,0.25
AMR1,T07,3,loaded,vg::P7__OUT1__path_1,50,39.272,5.0,11.163,1.621,0.42545,0.8999999999999999,0.25
AMR3,T12,3,service_at_pickup,stationary::P8,13,39.295,1.3,8.85,2.35,-1.570796,0.0,0.25
AMR2,T02,1,repair_wait_at_node,stationary::IN2,393,39.3,39.3,0.05,4.95,-1.570796,0.0,0.25
AMR4,T11,3,loaded,vg::P3__OUT2__path_1,22,39.346,2.2,4.824644,4.20288,-0.039979,0.9900000000000001,0.25
AMR1,T07,3,loaded,vg::P7__OUT1__path_1,51,39.372,5.1,11.245080000000002,1.6580800000000002,0.42545,0.8999999999999999,0.25
AMR3,T12,3,service_at_pickup,stationary::P8,14,39.395,1.4,8.85,2.35,-1.570796,0.0,0.25
AMR2,T02,1,repair_wait_at_node,stationary::IN2,394,39.4,39.4,0.05,4.95,-1.570796,0.0,0.25
AMR4,T11,3,loaded,vg::P3__OUT2__path_1,23,39.446,2.3,4.923446,4.19892,-0.039979,0.9900000000000001,0.25
AMR1,T07,3,loaded,vg::P7__OUT1__path_1,52,39.472,5.2,11.327160000000001,1.69516,0.42545,0.8999999999999999,0.25
AMR3,T12,3,service_at_pickup,stationary::P8,15,39.495,1.5,8.85,2.35,-1.570796,0.0,0.25
AMR2,T02,1,repair_wait_at_node,stationary::IN2,395,39.5,39.5,0.05,4.95,-1.570796,0.0,0.25
AMR4,T11,3,loaded,vg::P3__OUT2__path_1,24,39.546,2.4,5.022248,4.19496,-0.039979,0.9900000000000001,0.25
AMR1,T07,3,loaded,vg::P7__OUT1__path_1,53,39.572,5.3,11.40924,1.7322400000000002,0.42545,0.8999999999999999,0.25
AMR3,T12,3,service_at_pickup,stationary::P8,16,39.595,1.6,8.85,2.35,-1.570796,0.0,0.25
AMR2,T02,1,repair_wait_at_node,stationary::IN2,396,39.6,39.6,0.05,4.95,-1.570796,0.0,0.25
AMR4,T11,3,loaded,vg::P3__OUT2__path_1,25,39.646,2.5,5.12105,4.191000000000001,-0.039979,0.9900000000000001,0.25
AMR1,T07,3,loaded,vg::P7__OUT1__path_1,54,39.672,5.4,11.49132,1.7693200000000002,0.42545,0.8999999999999999,0.25
AMR3,T12,3,service_at_pickup,stationary::P8,17,39.695,1.7,8.85,2.35,-1.570796,0.0,0.25
AMR2,T02,1,repair_wait_at_node,stationary::IN2,397,39.7,39.7,0.05,4.95,-1.570796,0.0,0.25
AMR4,T11,3,loaded,vg::P3__OUT2__path_1,26,39.746,2.6,5.220000000000001,4.1870400000000005,-0.039979,0.9900000000000001,0.25
AMR1,T07,3,loaded,vg::P7__OUT1__path_1,55,39.772,5.5,11.5734,1.8064,0.42545,0.8999999999999999,0.25
AMR3,T12,3,service_at_pickup,stationary::P8,18,39.795,1.8,8.85,2.35,-1.570796,0.0,0.25
AMR2,T02,1,repair_wait_at_node,stationary::IN2,398,39.8,39.8,0.05,4.95,-1.570796,0.0,0.25
AMR4,T11,3,loaded,vg::P3__OUT2__path_1,27,39.846,2.7,5.319,4.18308,-0.039979,0.9900000000000001,0.25
AMR1,T07,3,loaded,vg::P7__OUT1__path_1,56,39.872,5.6,11.6553723150358,1.843515513126492,0.42545,0.8999999999999999,0.25
AMR3,T12,3,service_at_pickup,stationary::P8,19,39.895,1.9,8.85,2.35,-1.570796,0.0,0.25
AMR2,T02,1,repair_wait_at_node,stationary::IN2,399,39.9,39.9,0.05,4.95,-1.570796,0.0,0.25
AMR4,T11,3,loaded,vg::P3__OUT2__path_1,28,39.946,2.8,5.418,4.17912,-0.039979,0.9900000000000001,0.25
AMR1,T07,3,loaded,vg::P7__OUT1__path_1,57,39.972,5.7,11.737210023866348,1.880675417661098,0.42545,0.8999999999999999,0.25
AMR3,T12,3,loaded,vg::P8__OUT1__path_1,0,39.995,0.0,8.82,2.35,-0.109622,0.81,0.25
AMR3,T12,3,service_at_pickup,stationary::P8,20,39.995,2.0,8.85,2.35,-1.570796,0.0,0.25
AMR2,T02,1,transition,vg::IN2__P3__path_1,0,40.0,0.0,0.0,5.0,0.069719,1.0,0.25
AMR2,T02,1,repair_wait_at_node,stationary::IN2,400,40.0,40.0,0.05,4.95,-1.570796,0.0,0.25
AMR4,T11,3,loaded,vg::P3__OUT2__path_1,29,40.046,2.9,5.517,4.17516,-0.039979,0.9900000000000001,0.25
AMR1,T07,3,loaded,vg::P7__OUT1__path_1,58,40.072,5.8,11.819047732696898,1.9178353221957043,0.42545,0.8999999999999999,0.25
AMR3,T12,3,loaded,vg::P8__OUT1__path_1,1,40.095,0.1,8.900514000000001,2.34109,-0.109622,0.81,0.25
AMR2,T02,1,transition,vg::IN2__P3__path_1,1,40.1,0.1,0.0998,5.007,0.069719,1.0,0.25
AMR4,T11,3,loaded,vg::P3__OUT2__path_1,30,40.146,3.0,5.6160000000000005,4.1712,-0.039979,0.9900000000000001,0.25
AMR1,T07,3,loaded,vg::P7__OUT1__path_1,59,40.172,5.9,11.900885441527446,1.9549952267303106,0.42545,0.8999999999999999,0.25
AMR3,T12,3,loaded,vg::P8__OUT1__path_1,2,40.195,0.2,8.981028,2.33218,-0.109622,0.81,0.25
AMR2,T02,1,transition,vg::IN2__P3__path_1,2,40.2,0.2,0.1996,5.014,0.069719,1.0,0.25
AMR4,T11,3,loaded,vg::P3__OUT2__path_1,31,40.246,3.1,5.715000000000001,4.16724,-0.039979,0.9900000000000001,0.25
AMR1,T07,3,loaded,vg::P7__OUT1__path_1,60,40.272,6.0,11.982723150357995,1.9921551312649166,0.42545,0.8999999999999999,0.25
AMR1,T13,4,transition,vg::OUT1__P4__path_1,0,40.293,0.0,12.0,2.0,-2.716143,1.0,0.25
AMR1,T07,3,loaded,vg::P7__OUT1__path_1,61,40.293,6.021,12.0,2.0,0.42545,0.8999999999999999,0.25
AMR3,T12,3,loaded,vg::P8__OUT1__path_1,3,40.295,0.3,9.061542000000001,2.32327,-0.109622,0.81,0.25
AMR2,T02,1,transition,vg::IN2__P3__path_1,3,40.3,0.3,0.2994,5.021,0.069719,1.0,0.25
AMR4,T11,3,loaded,vg::P3__OUT2__path_1,32,40.346,3.2,5.814000000000001,4.16328,-0.039979,0.9900000000000001,0.25
AMR1,T13,4,transition,vg::OUT1__P4__path_1,1,40.393,0.1,11.909,1.9588,-2.716143,1.0,0.25
AMR3,T12,3,loaded,vg::P8__OUT1__path_1,4,40.395,0.4,9.142056,2.31436,-0.109622,0.81,0.25
AMR2,T02,1,transition,vg::IN2__P3__path_1,4,40.4,0.4,0.3992,5.0280000000000005,0.069719,1.0,0.25
AMR4,T11,3,loaded,vg::P3__OUT2__path_1,33,40.446,3.3,5.913000000000001,4.15932,-0.039979,0.9900000000000001,0.25
AMR1,T13,4,transition,vg::OUT1__P4__path_1,2,40.493,0.2,11.818,1.9176,-2.716143,1.0,0.25
AMR3,T12,3,loaded,vg::P8__OUT1__path_1,5,40.495,0.5,9.222570000000001,2.30545,-0.109622,0.81,0.25
AMR2,T02,1,transition,vg::IN2__P3__path_1,5,40.5,0.5,0.499,5.035,0.069719,1.0,0.25
AMR4,T11,3,loaded,vg::P3__OUT2__path_1,34,40.546,3.4,6.012000000000001,4.15536,-0.039979,0.9900000000000001,0.25
AMR1,T13,4,transition,vg::OUT1__P4__path_1,3,40.593,0.3,11.727,1.8764,-2.716143,1.0,0.25
AMR3,T12,3,loaded,vg::P8__OUT1__path_1,6,40.595,0.6,9.303084,2.29654,-0.109622,0.81,0.25
AMR2,T02,1,transition,vg::IN2__P3__path_1,6,40.6,0.6,0.5988000000000001,5.042,0.069719,1.0,0.25
AMR4,T11,3,loaded,vg::P3__OUT2__path_1,35,40.646,3.5,6.111000000000001,4.151400000000001,-0.039979,0.9900000000000001,0.25
AMR1,T13,4,transition,vg::OUT1__P4__path_1,4,40.693,0.4,11.636,1.8352,-2.716143,1.0,0.25
AMR3,T12,3,loaded,vg::P8__OUT1__path_1,7,40.695,0.7,9.383598000000001,2.287764,-0.109622,0.81,0.25
AMR2,T02,1,transition,vg::IN2__P3__path_1,7,40.7,0.7,0.6986000000000001,5.049,0.069719,1.0,0.25
AMR4,T11,3,loaded,vg::P3__OUT2__path_1,36,40.746,3.6,6.209872000000001,4.1483360000000005,-0.03814296799999998,0.9900000000000001,0.25
AMR1,T13,4,transition,vg::OUT1__P4__path_1,5,40.793,0.5,11.545,1.794,-2.716143,1.0,0.25
AMR3,T12,3,loaded,vg::P8__OUT1__path_1,8,40.795,0.8,9.464112,2.279016,-0.109622,0.81,0.25
AMR2,T02,1,transition,vg::IN2__P3__path_1,8,40.8,0.8,0.7984,5.056,0.069719,1.0,0.25
AMR4,T11,3,loaded,vg::P3__OUT2__path_1,37,40.846,3.7,6.308674000000001,4.145762,-0.03530285599999997,0.9900000000000001,0.25
AMR1,T13,4,transition,vg::OUT1__P4__path_1,6,40.893,0.6,11.4538,1.7526,-2.716143,1.0,0.25
AMR3,T12,3,loaded,vg::P8__OUT1__path_1,9,40.895,0.9,9.544626000000001,2.270268,-0.109622,0.81,0.25
AMR2,T02,1,transition,vg::IN2__P3__path_1,9,40.9,0.9,0.8982,5.063000000000001,0.069719,1.0,0.25
AMR4,T11,3,loaded,vg::P3__OUT2__path_1,38,40.946,3.8,6.407476000000001,4.143188,-0.032462743999999974,0.9900000000000001,0.25
AMR1,T13,4,transition,vg::OUT1__P4__path_1,7,40.993,0.7,11.3626,1.7112,-2.716143,1.0,0.25
AMR3,T12,3,loaded,vg::P8__OUT1__path_1,10,40.995,1.0,9.62514,2.26152,-0.109622,0.81,0.25
AMR2,T02,1,transition,vg::IN2__P3__path_1,10,41.0,1.0,0.998,5.07,0.069719,1.0,0.25
AMR4,T11,3,loaded,vg::P3__OUT2__path_1,39,41.046,3.9,6.506278000000001,4.140613999999999,-0.02962263199999997,0.9900000000000001,0.25
AMR1,T13,4,transition,vg::OUT1__P4__path_1,8,41.093,0.8,11.2714,1.6698,-2.716143,1.0,0.25
AMR3,T12,3,loaded,vg::P8__OUT1__path_1,11,41.095,1.1,9.705654000000001,2.252772,-0.109622,0.81,0.25
AMR2,T02,1,transition,vg::IN2__P3__path_1,11,41.1,1.1,1.0976,5.0768,0.069719,1.0,0.25
AMR4,T11,3,loaded,vg::P3__OUT2__path_1,40,41.146,4.0,6.60508,4.138039999999999,-0.026782519999999983,0.9900000000000001,0.25
AMR1,T13,4,transition,vg::OUT1__P4__path_1,9,41.193,0.9,11.180200000000001,1.6284,-2.716143,1.0,0.25
AMR3,T12,3,loaded,vg::P8__OUT1__path_1,12,41.195,1.2,9.786168,2.244024,-0.109622,0.81,0.25
AMR2,T02,1,transition,vg::IN2__P3__path_1,12,41.2,1.2,1.1972000000000005,5.083600000000001,0.069719,1.0,0.25
AMR4,T11,3,loaded,vg::P3__OUT2__path_1,41,41.246,4.1,6.704000000000001,4.135465999999999,-0.025635,0.9900000000000001,0.25
AMR1,T13,4,transition,vg::OUT1__P4__path_1,10,41.293,1.0,11.089,1.587,-2.716143,1.0,0.25
AMR3,T12,3,loaded,vg::P8__OUT1__path_1,13,41.295,1.3,9.866682,2.23517,-0.109622,0.81,0.25
AMR2,T02,1,transition,vg::IN2__P3__path_1,13,41.3,1.3,1.2968000000000002,5.0904,0.069719,1.0,0.25
AMR4,T11,3,loaded,vg::P3__OUT2__path_1,42,41.346,4.2,6.803,4.132892,-0.025635,0.9900000000000001,0.25
AMR1,T13,4,transition,vg::OUT1__P4__path_1,11,41.393,1.1,10.998000000000001,1.5457999999999998,-2.716143,1.0,0.25
AMR3,T12,3,loaded,vg::P8__OUT1__path_1,14,41.395,1.4,9.947196,2.22626,-0.109622,0.81,0.25
AMR2,T02,1,transition,vg::IN2__P3__path_1,14,41.4,1.4,1.3964,5.0972,0.069719,1.0,0.25
AMR4,T11,3,loaded,vg::P3__OUT2__path_1,43,41.446,4.3,6.902,4.130318,-0.025635,0.9900000000000001,0.25
AMR1,T13,4,transition,vg::OUT1__P4__path_1,12,41.493,1.2,10.907,1.5046,-2.716143,1.0,0.25
AMR3,T12,3,loaded,vg::P8__OUT1__path_1,15,41.495,1.5,10.02771,2.21735,-0.109622,0.81,0.25
AMR2,T02,1,transition,vg::IN2__P3__path_1,15,41.5,1.5,1.496,5.104,0.069719,1.0,0.25
AMR4,T11,3,loaded,vg::P3__OUT2__path_1,44,41.546,4.4,7.001,4.127744,-0.025635,0.9900000000000001,0.25
AMR1,T13,4,transition,vg::OUT1__P4__path_1,13,41.593,1.3,10.816,1.4634,-2.716143,1.0,0.25
AMR3,T12,3,loaded,vg::P8__OUT1__path_1,16,41.595,1.6,10.108224,2.20844,-0.109622,0.81,0.25
AMR2,T02,1,transition,vg::IN2__P3__path_1,16,41.6,1.6,1.5958,5.111,0.069719,1.0,0.25
AMR4,T11,3,loaded,vg::P3__OUT2__path_1,45,41.646,4.5,7.1,4.12517,-0.025635,0.9900000000000001,0.25
AMR1,T13,4,transition,vg::OUT1__P4__path_1,14,41.693,1.4,10.725,1.4222,-2.716143,1.0,0.25
AMR3,T12,3,loaded,vg::P8__OUT1__path_1,17,41.695,1.7,10.188738,2.1995299999999998,-0.109622,0.81,0.25
AMR2,T02,1,transition,vg::IN2__P3__path_1,17,41.7,1.7,1.6956000000000002,5.118,0.069719,1.0,0.25
AMR4,T11,3,loaded,vg::P3__OUT2__path_1,46,41.746,4.6,7.199000000000001,4.122704,-0.025635,0.9900000000000001,0.25
AMR1,T13,4,transition,vg::OUT1__P4__path_1,15,41.793,1.5,10.634,1.381,-2.716143,1.0,0.25
AMR3,T12,3,loaded,vg::P8__OUT1__path_1,18,41.795,1.8,10.269252,2.19062,-0.109622,0.81,0.25
AMR2,T02,1,transition,vg::IN2__P3__path_1,18,41.8,1.8,1.7954,5.125,0.069719,1.0,0.25
AMR4,T11,3,loaded,vg::P3__OUT2__path_1,47,41.846,4.7,7.298,4.120328,-0.025635,0.9900000000000001,0.25
AMR1,T13,4,transition,vg::OUT1__P4__path_1,16,41.893,1.6,10.5428,1.3397999999999999,-2.716143,1.0,0.25
AMR3,T12,3,loaded,vg::P8__OUT1__path_1,19,41.895,1.9,10.349766,2.18171,-0.109622,0.81,0.25
AMR2,T02,1,transition,vg::IN2__P3__path_1,19,41.9,1.9,1.8952,5.132000000000001,0.069719,1.0,0.25
AMR4,T11,3,loaded,vg::P3__OUT2__path_1,48,41.946,4.8,7.397,4.117952,-0.025635,0.9900000000000001,0.25
AMR1,T13,4,transition,vg::OUT1__P4__path_1,17,41.993,1.7,10.451600000000001,1.2986,-2.716143,1.0,0.25
AMR3,T12,3,loaded,vg::P8__OUT1__path_1,20,41.995,2.0,10.43028,2.1728,-0.109622,0.81,0.25
AMR2,T02,1,transition,vg::IN2__P3__path_1,20,42.0,2.0,1.995,5.139,0.069719,1.0,0.25
AMR4,T11,3,loaded,vg::P3__OUT2__path_1,49,42.046,4.9,7.496,4.115576,-0.025635,0.9900000000000001,0.25
AMR1,T13,4,transition,vg::OUT1__P4__path_1,18,42.093,1.8,10.3604,1.2574,-2.716143,1.0,0.25
AMR3,T12,3,loaded,vg::P8__OUT1__path_1,21,42.095,2.1,10.510794,2.16389,-0.109622,0.81,0.25
AMR2,T02,1,transition,vg::IN2__P3__path_1,21,42.1,2.1,2.0948,5.146,0.069719,1.0,0.25
AMR4,T11,3,loaded,vg::P3__OUT2__path_1,50,42.146,5.0,7.595,4.1132,-0.025635,0.9900000000000001,0.25
AMR1,T13,4,transition,vg::OUT1__P4__path_1,19,42.193,1.9,10.269200000000001,1.2162,-2.716143,1.0,0.25
AMR3,T12,3,loaded,vg::P8__OUT1__path_1,22,42.195,2.2,10.591308,2.1549799999999997,-0.109622,0.81,0.25
AMR2,T02,1,transition,vg::IN2__P3__path_1,22,42.2,2.2,2.1946000000000003,5.1530000000000005,0.069719,1.0,0.25
AMR4,T11,3,loaded,vg::P3__OUT2__path_1,51,42.246,5.1,7.694000000000001,4.110726,-0.025635,0.9900000000000001,0.25
AMR1,T13,4,transition,vg::OUT1__P4__path_1,20,42.293,2.0,10.178,1.175,-2.716143,1.0,0.25
AMR3,T12,3,loaded,vg::P8__OUT1__path_1,23,42.295,2.3,10.671822,2.14607,-0.109622,0.81,0.25
AMR2,T02,1,transition,vg::IN2__P3__path_1,23,42.3,2.3,2.2944000000000004,5.16,0.069719,1.0,0.25
AMR4,T11,3,loaded,vg::P3__OUT2__path_1,52,42.346,5.2,7.793,4.1081520000000005,-0.025635,0.9900000000000001,0.25
AMR1,T13,4,transition,vg::OUT1__P4__path_1,21,42.393,2.1,10.087000000000002,1.1336,-2.716143,1.0,0.25
AMR3,T12,3,loaded,vg::P8__OUT1__path_1,24,42.395,2.4,10.752336,2.1371599999999997,-0.109622,0.81,0.25
AMR2,T02,1,transition,vg::IN2__P3__path_1,24,42.4,2.4,2.3942000000000005,5.167000000000001,0.069719,1.0,0.25
AMR4,T11,3,loaded,vg::P3__OUT2__path_1,53,42.446,5.3,7.892000000000001,4.105578,-0.025635,0.9900000000000001,0.25
AMR1,T13,4,transition,vg::OUT1__P4__path_1,22,42.493,2.2,9.996,1.0922,-2.716143,1.0,0.25
AMR3,T12,3,loaded,vg::P8__OUT1__path_1,25,42.495,2.5,10.83285,2.12825,-0.109622,0.81,0.25
AMR2,T02,1,transition,vg::IN2__P3__path_1,25,42.5,2.5,2.494,5.174,0.069719,1.0,0.25
AMR4,T11,3,loaded,vg::P3__OUT2__path_1,54,42.546,5.4,7.9910000000000005,4.103004,-0.025635,0.9900000000000001,0.25
AMR1,T13,4,transition,vg::OUT1__P4__path_1,23,42.593,2.3,9.905000000000001,1.0508,-2.716143,1.0,0.25
AMR3,T12,3,loaded,vg::P8__OUT1__path_1,26,42.595,2.6,10.913364,2.11934,-0.109622,0.81,0.25
AMR2,T02,1,transition,vg::IN2__P3__path_1,26,42.6,2.6,2.5938000000000003,5.181,0.069719,1.0,0.25
AMR4,T11,3,loaded,vg::P3__OUT2__path_1,55,42.646,5.5,8.09,4.10043,-0.025635,0.9900000000000001,0.25
AMR1,T13,4,transition,vg::OUT1__P4__path_1,24,42.693,2.4,9.814,1.0093999999999999,-2.716143,1.0,0.25
AMR3,T12,3,loaded,vg::P8__OUT1__path_1,27,42.695,2.7,10.993878,2.11043,-0.109622,0.81,0.25
AMR2,T02,1,transition,vg::IN2__P3__path_1,27,42.7,2.7,2.6936000000000004,5.188,0.069719,1.0,0.25
AMR4,T11,3,loaded,vg::P3__OUT2__path_1,56,42.746,5.6,8.189000000000002,4.097856,-0.025635,0.9900000000000001,0.25
AMR1,T13,4,transition,vg::OUT1__P4__path_1,25,42.793,2.5,9.723,0.968,-2.716143,1.0,0.25
AMR3,T12,3,loaded,vg::P8__OUT1__path_1,28,42.795,2.8,11.074392,2.10152,-0.109622,0.81,0.25
AMR2,T02,1,transition,vg::IN2__P3__path_1,28,42.8,2.8,2.7934,5.195,0.069719,1.0,0.25
AMR4,T11,3,loaded,vg::P3__OUT2__path_1,57,42.846,5.7,8.288,4.095282,-0.025635,0.9900000000000001,0.25
AMR1,T13,4,transition,vg::OUT1__P4__path_1,26,42.893,2.6,9.6318,0.9268,-2.716143,1.0,0.25
AMR3,T12,3,loaded,vg::P8__OUT1__path_1,29,42.895,2.9,11.154906,2.09261,-0.109622,0.81,0.25
AMR2,T02,1,transition,vg::IN2__P3__path_1,29,42.9,2.9,2.8932,5.202,0.069719,1.0,0.25
AMR4,T11,3,loaded,vg::P3__OUT2__path_1,58,42.946,5.8,8.387,4.092708,-0.025635,0.9900000000000001,0.25
AMR1,T13,4,transition,vg::OUT1__P4__path_1,27,42.993,2.7,9.5406,0.8855999999999999,-2.716143,1.0,0.25
AMR3,T12,3,loaded,vg::P8__OUT1__path_1,30,42.995,3.0,11.23542,2.0837,-0.109622,0.81,0.25
AMR2,T02,1,transition,vg::IN2__P3__path_1,30,43.0,3.0,2.993,5.209,0.069719,1.0,0.25
AMR4,T11,3,loaded,vg::P3__OUT2__path_1,59,43.046,5.9,8.486,4.090134,-0.025635,0.9900000000000001,0.25
AMR1,T13,4,transition,vg::OUT1__P4__path_1,28,43.093,2.8,9.449399999999999,0.8443999999999999,-2.716143,1.0,0.25
AMR3,T12,3,loaded,vg::P8__OUT1__path_1,31,43.095,3.1,11.315934,2.074812,-0.109622,0.81,0.25
AMR2,T02,1,transition,vg::IN2__P3__path_1,31,43.1,3.1,3.0926,5.215999999999999,0.069719,1.0,0.25
AMR4,T11,3,loaded,vg::P3__OUT2__path_1,60,43.146,6.0,8.585,4.08756,-0.025635,0.9900000000000001,0.25
AMR1,T13,4,transition,vg::OUT1__P4__path_1,29,43.193,2.9,9.3582,0.8031999999999999,-2.716143,1.0,0.25
AMR3,T12,3,loaded,vg::P8__OUT1__path_1,32,43.195,3.2,11.396448,2.066064,-0.109622,0.81,0.25
AMR2,T02,1,transition,vg::IN2__P3__path_1,32,43.2,3.2,3.1922,5.223,0.069719,1.0,0.25
AMR4,T11,3,loaded,vg::P3__OUT2__path_1,61,43.246,6.1,8.684000000000001,4.084986000000001,-0.025635,0.9900000000000001,0.25
AMR1,T13,4,transition,vg::OUT1__P4__path_1,30,43.293,3.0,9.267,0.762,-2.716143,1.0,0.25
AMR3,T12,3,loaded,vg::P8__OUT1__path_1,33,43.295,3.3,11.476962,2.057316,-0.109622,0.81,0.25
AMR2,T02,1,transition,vg::IN2__P3__path_1,33,43.3,3.3,3.2918000000000003,5.23,0.069719,1.0,0.25
AMR4,T11,3,loaded,vg::P3__OUT2__path_1,62,43.346,6.2,8.783000000000001,4.082412000000001,-0.025635,0.9900000000000001,0.25
AMR1,T13,4,transition,vg::OUT1__P4__path_1,31,43.393,3.1,9.176,0.7206,-2.716143,1.0,0.25
AMR3,T12,3,loaded,vg::P8__OUT1__path_1,34,43.395,3.4,11.557476,2.048568,-0.109622,0.81,0.25
AMR2,T02,1,transition,vg::IN2__P3__path_1,34,43.4,3.4,3.3914000000000004,5.237,0.069719,1.0,0.25
AMR4,T11,3,loaded,vg::P3__OUT2__path_1,63,43.446,6.3,8.882000000000001,4.0798380000000005,-0.025635,0.9900000000000001,0.25
AMR1,T13,4,transition,vg::OUT1__P4__path_1,32,43.493,3.2,9.084999999999999,0.6791999999999999,-2.716143,1.0,0.25
AMR3,T12,3,loaded,vg::P8__OUT1__path_1,35,43.495,3.5,11.63799,2.0398199999999997,-0.109622,0.81,0.25
AMR2,T02,1,transition,vg::IN2__P3__path_1,35,43.5,3.5,3.491,5.244,0.069719,1.0,0.25
AMR4,T11,3,loaded,vg::P3__OUT2__path_1,64,43.546,6.4,8.981000000000002,4.077264,-0.025635,0.9900000000000001,0.25
AMR2,T02,1,service_at_pickup,stationary::P3,0,43.589,0.0,3.55,5.25,-2.356194,0.0,0.25
AMR2,T02,1,transition,vg::IN2__P3__path_1,36,43.589,3.589,3.58,5.25,0.069719,1.0,0.25
AMR1,T13,4,transition,vg::OUT1__P4__path_1,33,43.593,3.3,8.994,0.6377999999999999,-2.716143,1.0,0.25
AMR3,T12,3,loaded,vg::P8__OUT1__path_1,36,43.595,3.6,11.718504,2.031072,-0.109622,0.81,0.25
AMR4,T11,3,loaded,vg::P3__OUT2__path_1,65,43.646,6.5,9.08,4.07469,-0.025635,0.9900000000000001,0.25
AMR2,T02,1,service_at_pickup,stationary::P3,1,43.689,0.1,3.55,5.25,-2.356194,0.0,0.25
AMR1,T13,4,transition,vg::OUT1__P4__path_1,34,43.693,3.4,8.902999999999999,0.5963999999999999,-2.716143,1.0,0.25
AMR3,T12,3,loaded,vg::P8__OUT1__path_1,37,43.695,3.7,11.799018,2.022324,-0.109622,0.81,0.25
AMR4,T11,3,loaded,vg::P3__OUT2__path_1,66,43.746,6.6,9.178932000000001,4.072116,-0.025635,0.9900000000000001,0.25
AMR2,T02,1,service_at_pickup,stationary::P3,2,43.789,0.2,3.55,5.25,-2.356194,0.0,0.25
AMR1,T13,4,transition,vg::OUT1__P4__path_1,35,43.793,3.5,8.812,0.555,-2.716143,1.0,0.25
AMR3,T12,3,loaded,vg::P8__OUT1__path_1,38,43.795,3.8,11.879608040201004,2.0133768844221103,-0.109622,0.81,0.25
AMR4,T11,3,loaded,vg::P3__OUT2__path_1,67,43.846,6.7,9.277734,4.069542,-0.025635,0.9900000000000001,0.25
AMR2,T02,1,service_at_pickup,stationary::P3,3,43.889,0.3,3.55,5.25,-2.356194,0.0,0.25
AMR1,T13,4,transition,vg::OUT1__P4__path_1,36,43.893,3.6,8.712399999999999,0.5468000000000001,-2.7866248000000002,1.0,0.25
AMR3,T12,3,loaded,vg::P8__OUT1__path_1,39,43.895,3.9,11.960201005025127,2.0044221105527638,-0.109622,0.81,0.25
AMR3,T12,3,loaded,vg::P8__OUT1__path_1,40,43.945,3.949,12.0,2.0,-0.109622,0.81,0.25
AMR4,T11,3,loaded,vg::P3__OUT2__path_1,68,43.946,6.8,9.376536000000002,4.066968,-0.025635,0.9900000000000001,0.25
AMR2,T02,1,service_at_pickup,stationary::P3,4,43.989,0.4,3.55,5.25,-2.356194,0.0,0.25
AMR1,T13,4,transition,vg::OUT1__P4__path_1,37,43.993,3.7,8.6128,0.5386,-2.8571066000000003,1.0,0.25
AMR4,T11,3,loaded,vg::P3__OUT2__path_1,69,44.046,6.9,9.475338,4.064394,-0.025635,0.9900000000000001,0.25
AMR2,T02,1,service_at_pickup,stationary::P3,5,44.089,0.5,3.55,5.25,-2.356194,0.0,0.25
AMR1,T13,4,transition,vg::OUT1__P4__path_1,38,44.093,3.8,8.5132,0.5304,-2.9275884000000003,1.0,0.25
AMR4,T11,3,loaded,vg::P3__OUT2__path_1,70,44.146,7.0,9.574140000000002,4.06182,-0.025635,0.9900000000000001,0.25
AMR2,T02,1,service_at_pickup,stationary::P3,6,44.189,0.6,3.55,5.25,-2.356194,0.0,0.25
AMR1,T13,4,transition,vg::OUT1__P4__path_1,39,44.193,3.9,8.413599999999999,0.5222,-2.9980702000000004,1.0,0.25
AMR4,T11,3,loaded,vg::P3__OUT2__path_1,71,44.246,7.1,9.673000000000002,4.059304,-0.025635,0.9900000000000001,0.25
AMR2,T02,1,service_at_pickup,stationary::P3,7,44.289,0.7,3.55,5.25,-2.356194,0.0,0.25
AMR1,T13,4,transition,vg::OUT1__P4__path_1,40,44.293,4.0,8.314,0.514,-3.068552,1.0,0.25
AMR4,T11,3,loaded,vg::P3__OUT2__path_1,72,44.346,7.2,9.772000000000002,4.056928,-0.025635,0.9900000000000001,0.25
AMR2,T02,1,service_at_pickup,stationary::P3,8,44.389,0.8,3.55,5.25,-2.356194,0.0,0.25
AMR1,T13,4,transition,vg::OUT1__P4__path_1,41,44.393,4.1,8.2144,0.5067999999999999,-3.068552,1.0,0.25
AMR4,T11,3,loaded,vg::P3__OUT2__path_1,73,44.446,7.3,9.871000000000002,4.054552,-0.025635,0.9900000000000001,0.25
AMR2,T02,1,service_at_pickup,stationary::P3,9,44.489,0.9,3.55,5.25,-2.356194,0.0,0.25
AMR1,T13,4,transition,vg::OUT1__P4__path_1,42,44.493,4.2,8.114799999999999,0.4996,-3.068552,1.0,0.25
AMR4,T11,3,loaded,vg::P3__OUT2__path_1,74,44.546,7.4,9.970000000000002,4.052176,-0.025635,0.9900000000000001,0.25
AMR2,T02,1,service_at_pickup,stationary::P3,10,44.589,1.0,3.55,5.25,-2.356194,0.0,0.25
AMR1,T13,4,transition,vg::OUT1__P4__path_1,43,44.593,4.3,8.0152,0.4924,-3.068552,1.0,0.25
AMR4,T11,3,loaded,vg::P3__OUT2__path_1,75,44.646,7.5,10.069,4.0498,-0.025635,0.9900000000000001,0.25
AMR2,T02,1,service_at_pickup,stationary::P3,11,44.689,1.1,3.55,5.25,-2.356194,0.0,0.25
AMR1,T13,4,transition,vg::OUT1__P4__path_1,44,44.693,4.4,7.9155999999999995,0.48519999999999996,-3.068552,1.0,0.25
AMR4,T11,3,loaded,vg::P3__OUT2__path_1,76,44.746,7.6,10.168000000000003,4.047376,-0.025635,0.9900000000000001,0.25
AMR2,T02,1,service_at_pickup,stationary::P3,12,44.789,1.2,3.55,5.25,-2.356194,0.0,0.25
AMR1,T13,4,transition,vg::OUT1__P4__path_1,45,44.793,4.5,7.816,0.478,-3.068552,1.0,0.25
AMR4,T11,3,loaded,vg::P3__OUT2__path_1,77,44.846,7.7,10.267000000000001,4.044802,-0.025635,0.9900000000000001,0.25
AMR2,T02,1,service_at_pickup,stationary::P3,13,44.889,1.3,3.55,5.25,-2.356194,0.0,0.25
AMR1,T13,4,transition,vg::OUT1__P4__path_1,46,44.893,4.6,7.7162,0.47059999999999996,-3.068552,1.0,0.25
AMR4,T11,3,loaded,vg::P3__OUT2__path_1,78,44.946,7.8,10.366000000000001,4.042228,-0.025635,0.9900000000000001,0.25
AMR2,T02,1,service_at_pickup,stationary::P3,14,44.989,1.4,3.55,5.25,-2.356194,0.0,0.25
AMR1,T13,4,transition,vg::OUT1__P4__path_1,47,44.993,4.7,7.6164,0.4632,-3.068552,1.0,0.25
AMR4,T11,3,loaded,vg::P3__OUT2__path_1,79,45.046,7.9,10.465000000000002,4.039654,-0.025635,0.9900000000000001,0.25
AMR2,T02,1,service_at_pickup,stationary::P3,15,45.089,1.5,3.55,5.25,-2.356194,0.0,0.25
AMR1,T13,4,transition,vg::OUT1__P4__path_1,48,45.093,4.8,7.5165999999999995,0.4557999999999999,-3.068552,1.0,0.25
AMR4,T11,3,loaded,vg::P3__OUT2__path_1,80,45.146,8.0,10.564000000000002,4.0370800000000004,-0.025635,0.9900000000000001,0.25
AMR2,T02,1,service_at_pickup,stationary::P3,16,45.189,1.6,3.55,5.25,-2.356194,0.0,0.25
AMR1,T13,4,transition,vg::OUT1__P4__path_1,49,45.193,4.9,7.416799999999999,0.44839999999999997,-3.068552,1.0,0.25
AMR4,T11,3,loaded,vg::P3__OUT2__path_1,81,45.246,8.1,10.663,4.034506,-0.025635,0.9900000000000001,0.25
AMR2,T02,1,service_at_pickup,stationary::P3,17,45.289,1.7,3.55,5.25,-2.356194,0.0,0.25
AMR1,T13,4,transition,vg::OUT1__P4__path_1,50,45.293,5.0,7.317,0.441,-3.068552,1.0,0.25
AMR4,T11,3,loaded,vg::P3__OUT2__path_1,82,45.346,8.2,10.762000000000002,4.031932,-0.025635,0.9900000000000001,0.25
AMR2,T02,1,service_at_pickup,stationary::P3,18,45.389,1.8,3.55,5.25,-2.356194,0.0,0.25
AMR1,T13,4,transition,vg::OUT1__P4__path_1,51,45.393,5.1,7.217199999999999,0.43379999999999996,-3.068552,1.0,0.25
AMR4,T11,3,loaded,vg::P3__OUT2__path_1,83,45.446,8.3,10.861000000000002,4.029358,-0.025635,0.9900000000000001,0.25
AMR2,T02,1,service_at_pickup,stationary::P3,19,45.489,1.9,3.55,5.25,-2.356194,0.0,0.25
AMR1,T13,4,transition,vg::OUT1__P4__path_1,52,45.493,5.2,7.1174,0.4266,-3.068552,1.0,0.25
AMR4,T11,3,loaded,vg::P3__OUT2__path_1,84,45.546,8.4,10.96,4.026784,-0.025635,0.9900000000000001,0.25
AMR2,T02,1,loaded,vg::P3__SORT2__path_1,0,45.589,0.0,3.58,5.25,-1.50091,0.9000000349922253,0.25
AMR2,T02,1,service_at_pickup,stationary::P3,20,45.589,2.0,3.55,5.25,-2.356194,0.0,0.25
AMR1,T13,4,transition,vg::OUT1__P4__path_1,53,45.593,5.3,7.017599999999999,0.4194,-3.068552,1.0,0.25
AMR4,T11,3,loaded,vg::P3__OUT2__path_1,85,45.646,8.5,11.059000000000001,4.02421,-0.025635,0.9900000000000001,0.25
AMR2,T02,1,loaded,vg::P3__SORT2__path_1,1,45.689,0.1,3.586300000244946,5.160179996507776,-1.50091,0.9000000349922253,0.25
AMR1,T13,4,transition,vg::OUT1__P4__path_1,54,45.693,5.4,6.9178,0.4122,-3.068552,1.0,0.25
AMR4,T11,3,loaded,vg::P3__OUT2__path_1,86,45.746,8.6,11.158000000000001,4.021636,-0.025635,0.9900000000000001,0.25
AMR2,T02,1,loaded,vg::P3__SORT2__path_1,2,45.789,0.2,3.5926000004898917,5.070359993015552,-1.50091,0.9000000349922253,0.25
AMR1,T13,4,transition,vg::OUT1__P4__path_1,55,45.793,5.5,6.818,0.405,-3.068552,1.0,0.25
AMR4,T11,3,loaded,vg::P3__OUT2__path_1,87,45.846,8.7,11.257000000000001,4.019062,-0.025635,0.9900000000000001,0.25
AMR2,T02,1,loaded,vg::P3__SORT2__path_1,3,45.889,0.3,3.598900000734837,4.980539989523328,-1.50091,0.9000000349922253,0.25
AMR1,T13,4,transition,vg::OUT1__P4__path_1,56,45.893,5.6,6.7181999999999995,0.404,-1.8265229999999935,1.0,0.25
AMR4,T11,3,loaded,vg::P3__OUT2__path_1,88,45.946,8.8,11.356000000000002,4.016488,-0.025635,0.9900000000000001,0.25
AMR2,T02,1,loaded,vg::P3__SORT2__path_1,4,45.989,0.4,3.6052000009797824,4.890719986031104,-1.50091,0.9000000349922253,0.25
AMR1,T13,4,transition,vg::OUT1__P4__path_1,57,45.993,5.7,6.618399999999999,0.403,-0.5844939999999976,1.0,0.25
AMR4,T11,3,loaded,vg::P3__OUT2__path_1,89,46.046,8.9,11.455000000000002,4.013914000000001,-0.025635,0.9900000000000001,0.25
AMR2,T02,1,loaded,vg::P3__SORT2__path_1,5,46.089,0.5,3.611500001224728,4.80089998253888,-1.50091,0.9000000349922253,0.25
AMR1,T13,4,transition,vg::OUT1__P4__path_1,58,46.093,5.8,6.518599999999999,0.402,0.6575350000000086,1.0,0.25
AMR4,T11,3,loaded,vg::P3__OUT2__path_1,90,46.146,9.0,11.554000000000002,4.011340000000001,-0.025635,0.9900000000000001,0.25
AMR2,T02,1,loaded,vg::P3__SORT2__path_1,6,46.189,0.6,3.6178000014696736,4.711079979046656,-1.50091,0.9000000349922253,0.25
AMR1,T13,4,transition,vg::OUT1__P4__path_1,59,46.193,5.9,6.418799999999999,0.401,1.8995640000000047,1.0,0.25
AMR4,T11,3,loaded,vg::P3__OUT2__path_1,91,46.246,9.1,11.653,4.008772471910112,-0.025635,0.9900000000000001,0.25
AMR2,T02,1,loaded,vg::P3__SORT2__path_1,7,46.289,0.7,3.624100001714619,4.621259975554431,-1.50091,0.9000000349922253,0.25
AMR1,T13,4,transition,vg::OUT1__P4__path_1,60,46.293,6.0,6.319,0.4,3.141593,1.0,0.25
AMR4,T11,3,loaded,vg::P3__OUT2__path_1,92,46.346,9.2,11.752000000000002,4.006269662921349,-0.025635,0.9900000000000001,0.25
AMR2,T02,1,loaded,vg::P3__SORT2__path_1,8,46.389,0.8,3.630400001959565,4.531439972062207,-1.50091,0.9000000349922253,0.25
AMR1,T13,4,transition,vg::OUT1__P4__path_1,61,46.393,6.1,6.218999999999999,0.4,3.141593,1.0,0.25
AMR4,T11,3,loaded,vg::P3__OUT2__path_1,93,46.446,9.3,11.851000000000003,4.003766853932585,-0.025635,0.9900000000000001,0.25
AMR2,T02,1,loaded,vg::P3__SORT2__path_1,9,46.489,0.9,3.63670000220451,4.441619968569984,-1.50091,0.9000000349922253,0.25
AMR1,T13,4,transition,vg::OUT1__P4__path_1,62,46.493,6.2,6.119,0.4,3.141593,1.0,0.25
AMR4,T11,3,loaded,vg::P3__OUT2__path_1,94,46.546,9.4,11.950000000000003,4.00126404494382,-0.025635,0.9900000000000001,0.25
AMR2,T02,1,loaded,vg::P3__SORT2__path_1,10,46.589,1.0,3.643000002449456,4.351799965077759,-1.50091,0.9000000349922253,0.25
AMR1,T13,4,transition,vg::OUT1__P4__path_1,63,46.593,6.3,6.018999999999999,0.4,3.141593,1.0,0.25
AMR4,T11,3,loaded,vg::P3__OUT2__path_1,95,46.597,9.451,12.0,4.0,-0.025635,0.9900000000000001,0.25
AMR2,T02,1,loaded,vg::P3__SORT2__path_1,11,46.689,1.1,3.649300002694402,4.261979961585535,-1.50091,0.9000000349922253,0.25
AMR1,T13,4,transition,vg::OUT1__P4__path_1,64,46.693,6.4,5.919,0.4,3.141593,1.0,0.25
AMR2,T02,1,loaded,vg::P3__SORT2__path_1,12,46.789,1.2,3.729520041738726,4.24847999815241,-1.2671609173090557,0.9000000349922253,0.25
AMR1,T13,4,transition,vg::OUT1__P4__path_1,65,46.793,6.5,5.819,0.4,3.141593,1.0,0.25
AMR2,T02,1,loaded,vg::P3__SORT2__path_1,13,46.889,1.3,3.8189800452169536,4.244519997998445,-1.004193327084811,0.9000000349922253,0.25
AMR1,T13,4,transition,vg::OUT1__P4__path_1,66,46.893,6.6,5.718999999999999,0.4,3.141593,1.0,0.25
AMR2,T02,1,loaded,vg::P3__SORT2__path_1,14,46.989,1.4,3.908440048695181,4.240559997844479,-0.7412257368605653,0.9000000349922253,0.25
AMR1,T13,4,transition,vg::OUT1__P4__path_1,67,46.993,6.7,5.619,0.4,3.141593,1.0,0.25
AMR2,T02,1,loaded,vg::P3__SORT2__path_1,15,47.089,1.5,3.997900052173408,4.236599997690513,-0.4782581466363202,0.9000000349922253,0.25
AMR1,T13,4,transition,vg::OUT1__P4__path_1,68,47.093,6.8,5.518999999999999,0.4,3.141593,1.0,0.25
AMR2,T02,1,loaded,vg::P3__SORT2__path_1,16,47.189,1.6,4.087360055651636,4.232639997536547,-0.2152905564120748,0.9000000349922253,0.25
AMR1,T13,4,transition,vg::OUT1__P4__path_1,69,47.193,6.9,5.419,0.4,3.141593,1.0,0.25
AMR2,T02,1,loaded,vg::P3__SORT2__path_1,17,47.289,1.7,4.177000059486783,4.228799997620529,-0.039979,0.9000000349922253,0.25
AMR1,T13,4,transition,vg::OUT1__P4__path_1,70,47.293,7.0,5.319,0.4,3.141593,1.0,0.25
AMR2,T02,1,loaded,vg::P3__SORT2__path_1,18,47.389,1.8,4.267000062986006,4.22519999748056,-0.039979,0.9000000349922253,0.25
AMR1,T13,4,transition,vg::OUT1__P4__path_1,71,47.393,7.1,5.2618,0.44620000000000026,2.8421439999999984,1.0,0.25
AMR2,T02,1,loaded,vg::P3__SORT2__path_1,19,47.489,1.9,4.357000066485228,4.221599997340591,-0.039979,0.9000000349922253,0.25
AMR1,T13,4,transition,vg::OUT1__P4__path_1,72,47.493,7.2,5.2046,0.4924000000000001,2.5426949999999993,1.0,0.25
AMR2,T02,1,loaded,vg::P3__SORT2__path_1,20,47.589,2.0,4.447000069984451,4.217999997200622,-0.039979,0.9000000349922253,0.25
AMR1,T13,4,transition,vg::OUT1__P4__path_1,73,47.593,7.3,5.1474,0.5386000000000003,2.243245999999998,1.0,0.25
AMR2,T02,1,loaded,vg::P3__SORT2__path_1,21,47.689,2.1,4.537000073483673,4.214399997060653,-0.039979,0.9000000349922253,0.25
AMR1,T13,4,transition,vg::OUT1__P4__path_1,74,47.693,7.4,5.0902,0.5848000000000002,1.9437969999999989,1.0,0.25
AMR2,T02,1,loaded,vg::P3__SORT2__path_1,22,47.789,2.2,4.627000076982896,4.210799996920684,-0.039979,0.9000000349922253,0.25
AMR1,T13,4,transition,vg::OUT1__P4__path_1,75,47.793,7.5,5.033,0.631,1.644348,1.0,0.25
AMR2,T02,1,loaded,vg::P3__SORT2__path_1,23,47.889,2.3,4.716860080321155,4.207199996780715,-0.039979,0.9000000349922253,0.25
AMR1,T13,4,transition,vg::OUT1__P4__path_1,76,47.893,7.6,5.025600000000001,0.7306000000000006,1.644348,1.0,0.25
AMR2,T02,1,loaded,vg::P3__SORT2__path_1,24,47.989,2.4,4.8066800838133785,4.2035999966407465,-0.039979,0.9000000349922253,0.25
AMR1,T13,4,transition,vg::OUT1__P4__path_1,77,47.993,7.7,5.0182,0.8302000000000002,1.644348,1.0,0.25
AMR2,T02,1,loaded,vg::P3__SORT2__path_1,25,48.089,2.5,4.896500087305602,4.199999996500778,-0.039979,0.9000000349922253,0.25
AMR1,T13,4,transition,vg::OUT1__P4__path_1,78,48.093,7.8,5.010800000000001,0.9298000000000007,1.644348,1.0,0.25
AMR2,T02,1,loaded,vg::P3__SORT2__path_1,26,48.189,2.6,4.986320090797826,4.1963999963608085,-0.039979,0.9000000349922253,0.25
AMR1,T13,4,transition,vg::OUT1__P4__path_1,79,48.193,7.9,5.0034,1.0294000000000003,1.644348,1.0,0.25
AMR2,T02,1,loaded,vg::P3__SORT2__path_1,27,48.289,2.7,5.07614009429005,4.19279999622084,-0.039979,0.9000000349922253,0.25
AMR1,T13,4,transition,vg::OUT1__P4__path_1,80,48.293,8.0,4.996,1.129,1.644348,1.0,0.25
AMR2,T02,1,loaded,vg::P3__SORT2__path_1,28,48.389,2.8,5.166000097978231,4.189199996080872,-0.039979,0.9000000349922253,0.25
AMR1,T13,4,transition,vg::OUT1__P4__path_1,81,48.393,8.1,4.988760180995476,1.2289999999999996,1.644348,1.0,0.25
AMR2,T02,1,loaded,vg::P3__SORT2__path_1,29,48.489,2.9,5.256000101477453,4.185599995940902,-0.039979,0.9000000349922253,0.25
AMR1,T13,4,transition,vg::OUT1__P4__path_1,82,48.493,8.2,4.981520361990951,1.329000000000001,1.644348,1.0,0.25
AMR1,T13,4,service_at_pickup,stationary::P4,0,48.514,0.0,4.95,1.35,1.570796,0.0,0.25
AMR1,T13,4,transition,vg::OUT1__P4__path_1,83,48.514,8.221,4.98,1.35,1.644348,1.0,0.25
AMR2,T02,1,loaded,vg::P3__SORT2__path_1,30,48.589,3.0,5.346000104976675,4.1819999958009335,-0.039979,0.9000000349922253,0.25
AMR1,T13,4,service_at_pickup,stationary::P4,1,48.614,0.1,4.95,1.35,1.570796,0.0,0.25
AMR2,T02,1,loaded,vg::P3__SORT2__path_1,31,48.689,3.1,5.436000108475898,4.178399995660964,-0.039979,0.9000000349922253,0.25
AMR1,T13,4,service_at_pickup,stationary::P4,2,48.714,0.2,4.95,1.35,1.570796,0.0,0.25
AMR2,T02,1,loaded,vg::P3__SORT2__path_1,32,48.789,3.2,5.5260001119751205,4.174799995520996,-0.039979,0.9000000349922253,0.25
AMR1,T13,4,service_at_pickup,stationary::P4,3,48.814,0.3,4.95,1.35,1.570796,0.0,0.25
AMR2,T02,1,loaded,vg::P3__SORT2__path_1,33,48.889,3.3,5.616000115474344,4.171199995381026,-0.039979,0.9000000349922253,0.25
AMR1,T13,4,service_at_pickup,stationary::P4,4,48.914,0.4,4.95,1.35,1.570796,0.0,0.25
AMR2,T02,1,loaded,vg::P3__SORT2__path_1,34,48.989,3.4,5.706000118973566,4.167599995241058,-0.039979,0.9000000349922253,0.25
AMR1,T13,4,service_at_pickup,stationary::P4,5,49.014,0.5,4.95,1.35,1.570796,0.0,0.25
AMR2,T02,1,loaded,vg::P3__SORT2__path_1,35,49.089,3.5,5.796000122472788,4.163999995101088,-0.039979,0.9000000349922253,0.25
AMR1,T13,4,service_at_pickup,stationary::P4,6,49.114,0.6,4.95,1.35,1.570796,0.0,0.25
AMR2,T02,1,loaded,vg::P3__SORT2__path_1,36,49.189,3.6,5.886000125972011,4.16039999496112,-0.039979,0.9000000349922253,0.25
AMR1,T13,4,service_at_pickup,stationary::P4,7,49.214,0.7,4.95,1.35,1.570796,0.0,0.25
AMR2,T02,1,loaded,vg::P3__SORT2__path_1,37,49.289,3.7,5.976000129471234,4.156799994821151,-0.039979,0.9000000349922253,0.25
AMR1,T13,4,service_at_pickup,stationary::P4,8,49.314,0.8,4.95,1.35,1.570796,0.0,0.25
AMR2,T02,1,loaded,vg::P3__SORT2__path_1,38,49.389,3.8,6.066000132970456,4.153199994681182,-0.039979,0.9000000349922253,0.25
AMR1,T13,4,service_at_pickup,stationary::P4,9,49.414,0.9,4.95,1.35,1.570796,0.0,0.25
AMR2,T02,1,loaded,vg::P3__SORT2__path_1,39,49.489,3.9,6.15598013619674,4.149759996724728,-0.0396543955701942,0.9000000349922253,0.25
AMR1,T13,4,service_at_pickup,stationary::P4,10,49.514,1.0,4.95,1.35,1.570796,0.0,0.25
AMR2,T02,1,loaded,vg::P3__SORT2__path_1,40,49.589,4.0,6.245800139688963,4.147599996640746,-0.0367329954566094,0.9000000349922253,0.25
AMR1,T13,4,service_at_pickup,stationary::P4,11,49.614,1.1,4.95,1.35,1.570796,0.0,0.25
AMR2,T02,1,loaded,vg::P3__SORT2__path_1,41,49.689,4.1,6.335620143181187,4.145439996556766,-0.0338115953430247,0.9000000349922253,0.25
AMR1,T13,4,service_at_pickup,stationary::P4,12,49.714,1.2,4.95,1.35,1.570796,0.0,0.25
AMR2,T02,1,loaded,vg::P3__SORT2__path_1,42,49.789,4.2,6.425440146673411,4.143279996472784,-0.0308901952294399,0.9000000349922253,0.25
AMR1,T13,4,service_at_pickup,stationary::P4,13,49.814,1.3,4.95,1.35,1.570796,0.0,0.25
AMR2,T02,1,loaded,vg::P3__SORT2__path_1,43,49.889,4.3,6.515260150165635,4.141119996388802,-0.0279687951158551,0.9000000349922253,0.25
AMR1,T13,4,service_at_pickup,stationary::P4,14,49.914,1.4,4.95,1.35,1.570796,0.0,0.25
AMR2,T02,1,loaded,vg::P3__SORT2__path_1,44,49.989,4.4,6.60508015365786,4.138959996304821,-0.0250473950022704,0.9000000349922253,0.25
AMR1,T13,4,service_at_pickup,stationary::P4,15,50.014,1.5,4.95,1.35,1.570796,0.0,0.25
AMR2,T02,1,loaded,vg::P3__SORT2__path_1,45,50.089,4.5,6.695000157465013,4.13679999622084,-0.023749,0.9000000349922253,0.25
AMR1,T13,4,service_at_pickup,stationary::P4,16,50.114,1.6,4.95,1.35,1.570796,0.0,0.25
AMR2,T02,1,loaded,vg::P3__SORT2__path_1,46,50.189,4.6,6.785000160964236,4.134639996136858,-0.023749,0.9000000349922253,0.25
AMR1,T13,4,service_at_pickup,stationary::P4,17,50.214,1.7,4.95,1.35,1.570796,0.0,0.25
AMR2,T02,1,loaded,vg::P3__SORT2__path_1,47,50.289,4.7,6.875000164463458,4.1324799960528775,-0.023749,0.9000000349922253,0.25
AMR1,T13,4,service_at_pickup,stationary::P4,18,50.314,1.8,4.95,1.35,1.570796,0.0,0.25
AMR2,T02,1,loaded,vg::P3__SORT2__path_1,48,50.389,4.8,6.965000167962681,4.130319995968896,-0.023749,0.9000000349922253,0.25
AMR1,T13,4,service_at_pickup,stationary::P4,19,50.414,1.9,4.95,1.35,1.570796,0.0,0.25
AMR2,T02,1,loaded,vg::P3__SORT2__path_1,49,50.489,4.9,7.055000171461903,4.128159995884914,-0.023749,0.9000000349922253,0.25
AMR1,T13,4,loaded,vg::P4__SORT2__path_1,0,50.514,0.0,4.98,1.35,1.520838,0.8999999999999999,0.25
AMR1,T13,4,service_at_pickup,stationary::P4,20,50.514,2.0,4.95,1.35,1.570796,0.0,0.25
AMR2,T02,1,loaded,vg::P3__SORT2__path_1,50,50.589,5.0,7.145000174961125,4.1259999958009335,-0.023749,0.9000000349922253,0.25
AMR1,T13,4,loaded,vg::P4__SORT2__path_1,1,50.614,0.1,4.984500000000001,1.43982,1.520838,0.8999999999999999,0.25
AMR2,T02,1,loaded,vg::P3__SORT2__path_1,51,50.689,5.1,7.235000178460349,4.123839995716952,-0.023749,0.9000000349922253,0.25
AMR1,T13,4,loaded,vg::P4__SORT2__path_1,2,50.714,0.2,4.989,1.52964,1.520838,0.8999999999999999,0.25
AMR2,T02,1,loaded,vg::P3__SORT2__path_1,52,50.789,5.2,7.325000181959571,4.12167999563297,-0.023749,0.9000000349922253,0.25
AMR1,T13,4,loaded,vg::P4__SORT2__path_1,3,50.814,0.3,4.9935,1.6194600000000001,1.520838,0.8999999999999999,0.25
AMR2,T02,1,loaded,vg::P3__SORT2__path_1,53,50.889,5.3,7.415000185458794,4.119519995548989,-0.023749,0.9000000349922253,0.25
AMR1,T13,4,loaded,vg::P4__SORT2__path_1,4,50.914,0.4,4.998,1.7092800000000001,1.520838,0.8999999999999999,0.25
AMR2,T02,1,loaded,vg::P3__SORT2__path_1,54,50.989,5.4,7.505000188958016,4.117359995465008,-0.023749,0.9000000349922253,0.25
AMR1,T13,4,loaded,vg::P4__SORT2__path_1,5,51.014,0.5,5.0024999999999995,1.7991,1.520838,0.8999999999999999,0.25
AMR2,T02,1,loaded,vg::P3__SORT2__path_1,55,51.089,5.5,7.595000192457238,4.115199995381026,-0.023749,0.9000000349922253,0.25
AMR1,T13,4,loaded,vg::P4__SORT2__path_1,6,51.114,0.6,5.007,1.889,1.520838,0.8999999999999999,0.25
AMR2,T02,1,loaded,vg::P3__SORT2__path_1,56,51.189,5.6,7.685000195956461,4.113119995688958,-0.023749,0.9000000349922253,0.25
AMR1,T13,4,loaded,vg::P4__SORT2__path_1,7,51.214,0.7,5.0115,1.979,1.520838,0.8999999999999999,0.25
AMR2,T02,1,loaded,vg::P3__SORT2__path_1,57,51.289,5.7,7.775000199455683,4.111139995611975,-0.023749,0.9000000349922253,0.25
AMR1,T13,4,loaded,vg::P4__SORT2__path_1,8,51.314,0.8,5.016,2.069,1.520838,0.8999999999999999,0.25
AMR2,T02,1,loaded,vg::P3__SORT2__path_1,58,51.389,5.8,7.865000202954906,4.109159995534992,-0.023749,0.9000000349922253,0.25
AMR1,T13,4,loaded,vg::P4__SORT2__path_1,9,51.414,0.9,5.0205,2.1590000000000003,1.520838,0.8999999999999999,0.25
AMR2,T02,1,loaded,vg::P3__SORT2__path_1,59,51.489,5.9,7.955000206454128,4.107179995458009,-0.023749,0.9000000349922253,0.25
AMR1,T13,4,loaded,vg::P4__SORT2__path_1,10,51.514,1.0,5.025,2.249,1.520838,0.8999999999999999,0.25
AMR2,T02,1,loaded,vg::P3__SORT2__path_1,60,51.589,6.0,8.04500020995335,4.105199995381026,-0.023749,0.9000000349922253,0.25
AMR1,T13,4,loaded,vg::P4__SORT2__path_1,11,51.614,1.1,5.0295000000000005,2.3390000000000004,1.520838,0.8999999999999999,0.25
AMR2,T02,1,loaded,vg::P3__SORT2__path_1,61,51.689,6.1,8.135000213452575,4.103219995304043,-0.023749,0.9000000349922253,0.25
AMR1,T13,4,loaded,vg::P4__SORT2__path_1,12,51.714,1.2,5.0488800000000005,2.4131600000000004,1.2775039199999996,0.8999999999999999,0.25
AMR2,T02,1,loaded,vg::P3__SORT2__path_1,62,51.789,6.2,8.225000216951797,4.101079994793157,-0.023749,0.9000000349922253,0.25
AMR1,T13,4,loaded,vg::P4__SORT2__path_1,13,51.814,1.3,5.07012,2.4853400000000003,1.00375308,0.8999999999999999,0.25
AMR2,T02,1,loaded,vg::P3__SORT2__path_1,63,51.889,6.3,8.315000220451019,4.098919994709175,-0.023749,0.9000000349922253,0.25
AMR1,T13,4,loaded,vg::P4__SORT2__path_1,14,51.914,1.4,5.09136,2.5575200000000002,0.7300022399999997,0.8999999999999999,0.25
AMR2,T02,1,loaded,vg::P3__SORT2__path_1,64,51.989,6.4,8.40500022395024,4.096759994625194,-0.023749,0.9000000349922253,0.25
AMR1,T13,4,loaded,vg::P4__SORT2__path_1,15,52.014,1.5,5.1126,2.6297,0.4562514000000002,0.8999999999999999,0.25
AMR2,T02,1,loaded,vg::P3__SORT2__path_1,65,52.089,6.5,8.495000227449463,4.094599994541213,-0.023749,0.9000000349922253,0.25
AMR1,T13,4,loaded,vg::P4__SORT2__path_1,16,52.114,1.6,5.13384,2.70188,0.1825005599999998,0.8999999999999999,0.25
AMR2,T02,1,loaded,vg::P3__SORT2__path_1,66,52.189,6.6,8.585000230948687,4.092439994457232,-0.023749,0.9000000349922253,0.25
AMR1,T13,4,loaded,vg::P4__SORT2__path_1,17,52.214,1.7,5.178,2.75,0.0,0.8999999999999999,0.25
AMR2,T02,1,loaded,vg::P3__SORT2__path_1,67,52.289,6.7,8.675000234447909,4.09027999437325,-0.023749,0.9000000349922253,0.25
AMR1,T13,4,loaded,vg::P4__SORT2__path_1,18,52.314,1.8,5.268,2.75,0.0,0.8999999999999999,0.25
AMR2,T02,1,loaded,vg::P3__SORT2__path_1,68,52.389,6.8,8.765000237947131,4.0881199942892685,-0.023749,0.9000000349922253,0.25
AMR1,T13,4,loaded,vg::P4__SORT2__path_1,19,52.414,1.9,5.358,2.75,0.0,0.8999999999999999,0.25
AMR2,T02,1,loaded,vg::P3__SORT2__path_1,69,52.489,6.9,8.855000241446353,4.085959994205288,-0.023749,0.9000000349922253,0.25
AMR1,T13,4,loaded,vg::P4__SORT2__path_1,20,52.514,2.0,5.4479999999999995,2.75,0.0,0.8999999999999999,0.25
AMR2,T02,1,loaded,vg::P3__SORT2__path_1,70,52.589,7.0,8.945000244945577,4.083799994121306,-0.023749,0.9000000349922253,0.25
AMR1,T13,4,loaded,vg::P4__SORT2__path_1,21,52.614,2.1,5.537999999999999,2.75,0.0,0.8999999999999999,0.25
AMR2,T02,1,loaded,vg::P3__SORT2__path_1,71,52.689,7.1,9.0350002484448,4.0816399940373245,-0.023749,0.9000000349922253,0.25
AMR1,T13,4,loaded,vg::P4__SORT2__path_1,22,52.714,2.2,5.628,2.75,0.0,0.8999999999999999,0.25
AMR2,T02,1,loaded,vg::P3__SORT2__path_1,72,52.789,7.2,9.12500025194402,4.079479993953343,-0.023749,0.9000000349922253,0.25
AMR1,T13,4,loaded,vg::P4__SORT2__path_1,23,52.814,2.3,5.718,2.75,0.0,0.8999999999999999,0.25
AMR2,T02,1,loaded,vg::P3__SORT2__path_1,73,52.889,7.3,9.215000255443243,4.077319993869362,-0.023749,0.9000000349922253,0.25
AMR1,T13,4,loaded,vg::P4__SORT2__path_1,24,52.914,2.4,5.808,2.75,0.0,0.8999999999999999,0.25
AMR2,T02,1,loaded,vg::P3__SORT2__path_1,74,52.989,7.4,9.305000258942467,4.07515999378538,-0.023749,0.9000000349922253,0.25
AMR1,T13,4,loaded,vg::P4__SORT2__path_1,25,53.014,2.5,5.898,2.75,0.0,0.8999999999999999,0.25
AMR2,T02,1,loaded,vg::P3__SORT2__path_1,75,53.089,7.5,9.39500026244169,4.0729999937014,-0.023749,0.9000000349922253,0.25
AMR1,T13,4,loaded,vg::P4__SORT2__path_1,26,53.114,2.6,5.9879999999999995,2.75,0.0,0.8999999999999999,0.25
AMR2,T02,1,loaded,vg::P3__SORT2__path_1,76,53.189,7.6,9.485000265940911,4.070839993617418,-0.023749,0.9000000349922253,0.25
AMR1,T13,4,loaded,vg::P4__SORT2__path_1,27,53.214,2.7,6.078,2.75,0.0,0.8999999999999999,0.25
AMR2,T02,1,loaded,vg::P3__SORT2__path_1,77,53.289,7.7,9.575000269440132,4.068679993533437,-0.023749,0.9000000349922253,0.25
AMR1,T13,4,loaded,vg::P4__SORT2__path_1,28,53.314,2.8,6.16732,2.75276,0.019475960000000313,0.8999999999999999,0.25
AMR2,T02,1,loaded,vg::P3__SORT2__path_1,78,53.389,7.8,9.66496027239348,4.066519993449456,-0.023749,0.9000000349922253,0.25
AMR1,T13,4,loaded,vg::P4__SORT2__path_1,29,53.414,2.9,6.25426,2.76518,0.10711778000000036,0.8999999999999999,0.25
AMR2,T02,1,loaded,vg::P3__SORT2__path_1,79,53.489,7.9,9.754780275885702,4.064359993365474,-0.023749,0.9000000349922253,0.25
AMR1,T13,4,loaded,vg::P4__SORT2__path_1,30,53.514,3.0,6.3412,2.7776,0.19475960000000003,0.8999999999999999,0.25
AMR2,T02,1,loaded,vg::P3__SORT2__path_1,80,53.589,8.0,9.844600279377929,4.062199993281493,-0.023749,0.9000000349922253,0.25
AMR1,T13,4,loaded,vg::P4__SORT2__path_1,31,53.614,3.1,6.42814,2.79002,0.28240142000000007,0.8999999999999999,0.25
AMR2,T02,1,loaded,vg::P3__SORT2__path_1,81,53.689,8.1,9.93442028287015,4.060039993197512,-0.023749,0.9000000349922253,0.25
AMR1,T13,4,loaded,vg::P4__SORT2__path_1,32,53.714,3.2,6.51508,2.80244,0.3700432400000001,0.8999999999999999,0.25
AMR2,T02,1,loaded,vg::P3__SORT2__path_1,82,53.789,8.2,10.024240286362376,4.05787999311353,-0.023749,0.9000000349922253,0.25
AMR1,T13,4,loaded,vg::P4__SORT2__path_1,33,53.814,3.3,6.60202,2.81486,0.45768506000000014,0.8999999999999999,0.25
AMR2,T02,1,loaded,vg::P3__SORT2__path_1,83,53.889,8.3,10.1140602898546,4.055719993029548,-0.023749,0.9000000349922253,0.25
AMR1,T13,4,loaded,vg::P4__SORT2__path_1,34,53.914,3.4,6.68404,2.84708,0.486899,0.8999999999999999,0.25
AMR2,T02,1,loaded,vg::P3__SORT2__path_1,84,53.989,8.4,10.204000293934692,4.053611104307067,-0.023749,0.9000000349922253,0.25
AMR1,T13,4,loaded,vg::P4__SORT2__path_1,35,54.014,3.5,6.7636,2.8891999999999998,0.486899,0.8999999999999999,0.25
AMR2,T02,1,loaded,vg::P3__SORT2__path_1,85,54.089,8.5,10.294000297433914,4.051527770892733,-0.023749,0.9000000349922253,0.25
AMR1,T13,4,loaded,vg::P4__SORT2__path_1,36,54.114,3.6,6.84316,2.93132,0.486899,0.8999999999999999,0.25
AMR2,T05,2,transition,vg::SORT2__P6__path_1,0,54.162,0.0,10.36,4.05,2.489262,1.0,0.25
AMR2,T02,1,loaded,vg::P3__SORT2__path_1,86,54.162,8.573,10.36,4.05,-0.023749,0.9000000349922253,0.25
AMR1,T13,4,loaded,vg::P4__SORT2__path_1,37,54.214,3.7,6.92272,2.97344,0.486899,0.8999999999999999,0.25
AMR2,T05,2,transition,vg::SORT2__P6__path_1,1,54.262,0.1,10.2806,4.1108,2.489262,1.0,0.25
AMR1,T13,4,loaded,vg::P4__SORT2__path_1,38,54.314,3.8,7.002280000000001,3.01556,0.486899,0.8999999999999999,0.25
AMR2,T05,2,transition,vg::SORT2__P6__path_1,2,54.362,0.2,10.2012,4.1716,2.489262,1.0,0.25
AMR1,T13,4,loaded,vg::P4__SORT2__path_1,39,54.414,3.9,7.082120000000001,3.05696,0.48266552,0.8999999999999999,0.25
AMR2,T05,2,transition,vg::SORT2__P6__path_1,3,54.462,0.3,10.121799999999999,4.2324,2.489262,1.0,0.25
AMR1,T13,4,loaded,vg::P4__SORT2__path_1,40,54.514,4.0,7.1642,3.0926,0.4445642000000002,0.8999999999999999,0.25
AMR2,T05,2,transition,vg::SORT2__P6__path_1,4,54.562,0.4,10.042399999999999,4.2932,2.489262,1.0,0.25
AMR1,T13,4,loaded,vg::P4__SORT2__path_1,41,54.614,4.1,7.2462800000000005,3.12824,0.40646287999999997,0.8999999999999999,0.25
AMR2,T05,2,transition,vg::SORT2__P6__path_1,5,54.662,0.5,9.963,4.354,2.489262,1.0,0.25
AMR1,T13,4,loaded,vg::P4__SORT2__path_1,42,54.714,4.2,7.32836,3.16388,0.3683615600000001,0.8999999999999999,0.25
AMR2,T05,2,transition,vg::SORT2__P6__path_1,6,54.762,0.6,9.8834,4.4146,2.489262,1.0,0.25
AMR1,T13,4,loaded,vg::P4__SORT2__path_1,43,54.814,4.3,7.4104399999999995,3.1995199999999997,0.3302602400000002,0.8999999999999999,0.25
AMR2,T05,2,transition,vg::SORT2__P6__path_1,7,54.862,0.7,9.803799999999999,4.4752,2.489262,1.0,0.25
AMR1,T13,4,loaded,vg::P4__SORT2__path_1,44,54.914,4.4,7.49252,3.23516,0.29215892,0.8999999999999999,0.25
AMR2,T05,2,transition,vg::SORT2__P6__path_1,8,54.962,0.8,9.7242,4.5358,2.489262,1.0,0.25
AMR1,T13,4,loaded,vg::P4__SORT2__path_1,45,55.014,4.5,7.5771999999999995,3.2645999999999997,0.275225,0.8999999999999999,0.25
AMR2,T05,2,transition,vg::SORT2__P6__path_1,9,55.062,0.9,9.644599999999999,4.5964,2.489262,1.0,0.25
AMR1,T13,4,loaded,vg::P4__SORT2__path_1,46,55.114,4.6,7.66396,3.2890800000000002,0.275225,0.8999999999999999,0.25
AMR2,T05,2,transition,vg::SORT2__P6__path_1,10,55.162,1.0,9.565,4.657,2.489262,1.0,0.25
AMR1,T13,4,loaded,vg::P4__SORT2__path_1,47,55.214,4.7,7.750719999999999,3.31356,0.275225,0.8999999999999999,0.25
AMR2,T05,2,transition,vg::SORT2__P6__path_1,11,55.262,1.1,9.4856,4.7178,2.489262,1.0,0.25
AMR1,T13,4,loaded,vg::P4__SORT2__path_1,48,55.314,4.8,7.83748,3.3380400000000003,0.275225,0.8999999999999999,0.25
AMR2,T05,2,transition,vg::SORT2__P6__path_1,12,55.362,1.2,9.4062,4.7786,2.489262,1.0,0.25
AMR1,T13,4,loaded,vg::P4__SORT2__path_1,49,55.414,4.9,7.924239999999999,3.36252,0.275225,0.8999999999999999,0.25
AMR2,T05,2,transition,vg::SORT2__P6__path_1,13,55.462,1.3,9.326799999999999,4.8394,2.489262,1.0,0.25
AMR1,T13,4,loaded,vg::P4__SORT2__path_1,50,55.514,5.0,8.011,3.387,0.275225,0.8999999999999999,0.25
AMR2,T05,2,transition,vg::SORT2__P6__path_1,14,55.562,1.4,9.247399999999999,4.9002,2.489262,1.0,0.25
AMR1,T13,4,loaded,vg::P4__SORT2__path_1,51,55.614,5.1,8.09758,3.4113,0.275225,0.8999999999999999,0.25
AMR2,T05,2,transition,vg::SORT2__P6__path_1,15,55.662,1.5,9.168,4.961,2.489262,1.0,0.25
AMR1,T13,4,loaded,vg::P4__SORT2__path_1,52,55.714,5.2,8.18416,3.4356,0.275225,0.8999999999999999,0.25
AMR2,T05,2,transition,vg::SORT2__P6__path_1,16,55.762,1.6,9.0886,5.0216,2.489262,1.0,0.25
AMR1,T13,4,loaded,vg::P4__SORT2__path_1,53,55.814,5.3,8.27074,3.4599,0.275225,0.8999999999999999,0.25
AMR2,T05,2,transition,vg::SORT2__P6__path_1,17,55.862,1.7,9.0092,5.0822,2.489262,1.0,0.25
AMR1,T13,4,loaded,vg::P4__SORT2__path_1,54,55.914,5.4,8.357320000000001,3.4842,0.275225,0.8999999999999999,0.25
AMR2,T05,2,transition,vg::SORT2__P6__path_1,18,55.962,1.8,8.9298,5.1428,2.489262,1.0,0.25
AMR1,T13,4,loaded,vg::P4__SORT2__path_1,55,56.014,5.5,8.443900000000001,3.5084999999999997,0.275225,0.8999999999999999,0.25
AMR2,T05,2,transition,vg::SORT2__P6__path_1,19,56.062,1.9,8.8504,5.2034,2.489262,1.0,0.25
AMR1,T13,4,loaded,vg::P4__SORT2__path_1,56,56.114,5.6,8.53048,3.53288,0.275225,0.8999999999999999,0.25
AMR2,T05,2,transition,vg::SORT2__P6__path_1,20,56.162,2.0,8.771,5.264,2.489262,1.0,0.25
AMR1,T13,4,loaded,vg::P4__SORT2__path_1,57,56.214,5.7,8.61706,3.55736,0.275225,0.8999999999999999,0.25
AMR2,T05,2,transition,vg::SORT2__P6__path_1,21,56.262,2.1,8.6914,5.3248,2.489262,1.0,0.25
AMR1,T13,4,loaded,vg::P4__SORT2__path_1,58,56.314,5.8,8.703640000000002,3.58184,0.275225,0.8999999999999999,0.25
AMR2,T05,2,transition,vg::SORT2__P6__path_1,22,56.362,2.2,8.6118,5.3856,2.489262,1.0,0.25
AMR1,T13,4,loaded,vg::P4__SORT2__path_1,59,56.414,5.9,8.790220000000001,3.6063199999999997,0.275225,0.8999999999999999,0.25
AMR2,T05,2,transition,vg::SORT2__P6__path_1,23,56.462,2.3,8.5322,5.4464,2.489262,1.0,0.25
AMR1,T13,4,loaded,vg::P4__SORT2__path_1,60,56.514,6.0,8.876800000000001,3.6308,0.275225,0.8999999999999999,0.25
AMR2,T05,2,transition,vg::SORT2__P6__path_1,24,56.562,2.4,8.452599999999999,5.5072,2.489262,1.0,0.25
AMR1,T13,4,loaded,vg::P4__SORT2__path_1,61,56.614,6.1,8.96338,3.65528,0.275225,0.8999999999999999,0.25
AMR2,T05,2,transition,vg::SORT2__P6__path_1,25,56.662,2.5,8.373,5.568,2.489262,1.0,0.25
AMR1,T13,4,loaded,vg::P4__SORT2__path_1,62,56.714,6.2,9.04996,3.67976,0.275225,0.8999999999999999,0.25
AMR2,T05,2,transition,vg::SORT2__P6__path_1,26,56.762,2.6,8.283478359908884,5.602624145785876,2.489262,1.0,0.25
AMR1,T13,4,loaded,vg::P4__SORT2__path_1,63,56.814,6.3,9.13654,3.70424,0.275225,0.8999999999999999,0.25
AMR2,T05,2,transition,vg::SORT2__P6__path_1,27,56.862,2.7,8.193956719817768,5.637248291571754,2.489262,1.0,0.25
AMR1,T13,4,loaded,vg::P4__SORT2__path_1,64,56.914,6.4,9.223120000000002,3.72872,0.275225,0.8999999999999999,0.25
AMR2,T05,2,transition,vg::SORT2__P6__path_1,28,56.962,2.8,8.10443507972665,5.671872437357631,2.489262,1.0,0.25
AMR1,T13,4,loaded,vg::P4__SORT2__path_1,65,57.014,6.5,9.309700000000001,3.7532,0.275225,0.8999999999999999,0.25
AMR2,T05,2,transition,vg::SORT2__P6__path_1,29,57.062,2.9,8.014913439635535,5.706496583143508,2.489262,1.0,0.25
AMR2,T05,2,service_at_pickup,stationary::P6,0,57.101,0.0,7.95,5.75,3.141593,0.0,0.25
AMR2,T05,2,transition,vg::SORT2__P6__path_1,30,57.101,2.939,7.98,5.72,2.489262,1.0,0.25
AMR1,T13,4,loaded,vg::P4__SORT2__path_1,66,57.114,6.6,9.39628,3.77768,0.275225,0.8999999999999999,0.25
AMR2,T05,2,service_at_pickup,stationary::P6,1,57.201,0.1,7.95,5.75,3.141593,0.0,0.25
AMR1,T13,4,loaded,vg::P4__SORT2__path_1,67,57.214,6.7,9.48286,3.80216,0.275225,0.8999999999999999,0.25
AMR2,T05,2,service_at_pickup,stationary::P6,2,57.301,0.2,7.95,5.75,3.141593,0.0,0.25
AMR1,T13,4,loaded,vg::P4__SORT2__path_1,68,57.314,6.8,9.56944,3.8266400000000003,0.275225,0.8999999999999999,0.25
AMR2,T05,2,service_at_pickup,stationary::P6,3,57.401,0.3,7.95,5.75,3.141593,0.0,0.25
AMR1,T13,4,loaded,vg::P4__SORT2__path_1,69,57.414,6.9,9.656020000000002,3.8511200000000003,0.275225,0.8999999999999999,0.25
AMR2,T05,2,service_at_pickup,stationary::P6,4,57.501,0.4,7.95,5.75,3.141593,0.0,0.25
AMR1,T13,4,loaded,vg::P4__SORT2__path_1,70,57.514,7.0,9.742600000000001,3.8756,0.275225,0.8999999999999999,0.25
AMR2,T05,2,service_at_pickup,stationary::P6,5,57.601,0.5,7.95,5.75,3.141593,0.0,0.25
AMR1,T13,4,loaded,vg::P4__SORT2__path_1,71,57.614,7.1,9.829180000000001,3.9000800000000004,0.275225,0.8999999999999999,0.25
AMR2,T05,2,service_at_pickup,stationary::P6,6,57.701,0.6,7.95,5.75,3.141593,0.0,0.25
AMR1,T13,4,loaded,vg::P4__SORT2__path_1,72,57.714,7.2,9.91576,3.92456,0.275225,0.8999999999999999,0.25
AMR2,T05,2,service_at_pickup,stationary::P6,7,57.801,0.7,7.95,5.75,3.141593,0.0,0.25
AMR1,T13,4,loaded,vg::P4__SORT2__path_1,73,57.814,7.3,10.002460317460319,3.949047619047619,0.275225,0.8999999999999999,0.25
AMR2,T05,2,service_at_pickup,stationary::P6,8,57.901,0.8,7.95,5.75,3.141593,0.0,0.25
AMR1,T13,4,loaded,vg::P4__SORT2__path_1,74,57.914,7.4,10.08919501133787,3.9735374149659863,0.275225,0.8999999999999999,0.25
AMR2,T05,2,service_at_pickup,stationary::P6,9,58.001,0.9,7.95,5.75,3.141593,0.0,0.25
AMR1,T13,4,loaded,vg::P4__SORT2__path_1,75,58.014,7.5,10.175929705215419,3.9980272108843535,0.275225,0.8999999999999999,0.25
AMR2,T05,2,service_at_pickup,stationary::P6,10,58.101,1.0,7.95,5.75,3.141593,0.0,0.25
AMR1,T13,4,loaded,vg::P4__SORT2__path_1,76,58.114,7.6,10.262664399092971,4.022517006802721,0.275225,0.8999999999999999,0.25
AMR2,T05,2,service_at_pickup,stationary::P6,11,58.201,1.1,7.95,5.75,3.141593,0.0,0.25
AMR1,T13,4,loaded,vg::P4__SORT2__path_1,77,58.214,7.7,10.34939909297052,4.047006802721088,0.275225,0.8999999999999999,0.25
AMR1,T13,4,loaded,vg::P4__SORT2__path_1,78,58.227,7.712,10.36,4.05,0.275225,0.8999999999999999,0.25
AMR2,T05,2,service_at_pickup,stationary::P6,12,58.301,1.2,7.95,5.75,3.141593,0.0,0.25
AMR2,T05,2,service_at_pickup,stationary::P6,13,58.401,1.3,7.95,5.75,3.141593,0.0,0.25
AMR2,T05,2,service_at_pickup,stationary::P6,14,58.501,1.4,7.95,5.75,3.141593,0.0,0.25
AMR2,T05,2,service_at_pickup,stationary::P6,15,58.601,1.5,7.95,5.75,3.141593,0.0,0.25
AMR2,T05,2,service_at_pickup,stationary::P6,16,58.701,1.6,7.95,5.75,3.141593,0.0,0.25
AMR2,T05,2,service_at_pickup,stationary::P6,17,58.801,1.7,7.95,5.75,3.141593,0.0,0.25
AMR2,T05,2,service_at_pickup,stationary::P6,18,58.901,1.8,7.95,5.75,3.141593,0.0,0.25
AMR2,T05,2,service_at_pickup,stationary::P6,19,59.001,1.9,7.95,5.75,3.141593,0.0,0.25
AMR2,T05,2,loaded,vg::P6__OUT2__path_1,0,59.101,0.0,7.98,5.72,-0.09066,0.8999999999999999,0.25
AMR2,T05,2,service_at_pickup,stationary::P6,20,59.101,2.0,7.95,5.75,3.141593,0.0,0.25
AMR2,T05,2,loaded,vg::P6__OUT2__path_1,1,59.201,0.1,8.0655,5.69588,-0.15006054,0.8999999999999999,0.25
AMR2,T05,2,loaded,vg::P6__OUT2__path_1,2,59.301,0.2,8.151,5.67176,-0.20946108,0.8999999999999999,0.25
AMR2,T05,2,loaded,vg::P6__OUT2__path_1,3,59.401,0.3,8.2365,5.64764,-0.26886162,0.8999999999999999,0.25
AMR2,T05,2,loaded,vg::P6__OUT2__path_1,4,59.501,0.4,8.322000000000001,5.62352,-0.32826215999999997,0.8999999999999999,0.25
AMR2,T05,2,loaded,vg::P6__OUT2__path_1,5,59.601,0.5,8.4075,5.5994,-0.38766269999999997,0.8999999999999999,0.25
AMR2,T05,2,loaded,vg::P6__OUT2__path_1,6,59.701,0.6,8.49148,5.56968,-0.420663,0.8999999999999999,0.25
AMR2,T05,2,loaded,vg::P6__OUT2__path_1,7,59.801,0.7,8.57356,5.53296,-0.420663,0.8999999999999999,0.25
AMR2,T05,2,loaded,vg::P6__OUT2__path_1,8,59.901,0.8,8.65564,5.49624,-0.420663,0.8999999999999999,0.25
AMR2,T05,2,loaded,vg::P6__OUT2__path_1,9,60.001,0.9,8.73772,5.4595199999999995,-0.420663,0.8999999999999999,0.25
AMR2,T05,2,loaded,vg::P6__OUT2__path_1,10,60.101,1.0,8.819799999999999,5.4228,-0.420663,0.8999999999999999,0.25
AMR2,T05,2,loaded,vg::P6__OUT2__path_1,11,60.201,1.1,8.90188,5.38608,-0.420663,0.8999999999999999,0.25
AMR2,T05,2,loaded,vg::P6__OUT2__path_1,12,60.301,1.2,8.984119999999999,5.34936,-0.420663,0.8999999999999999,0.25
AMR2,T05,2,loaded,vg::P6__OUT2__path_1,13,60.401,1.3,9.06638,5.31264,-0.420663,0.8999999999999999,0.25
AMR2,T05,2,loaded,vg::P6__OUT2__path_1,14,60.501,1.4,9.14864,5.27592,-0.420663,0.8999999999999999,0.25
AMR2,T05,2,loaded,vg::P6__OUT2__path_1,15,60.601,1.5,9.2309,5.2392,-0.420663,0.8999999999999999,0.25
AMR2,T05,2,loaded,vg::P6__OUT2__path_1,16,60.701,1.6,9.31316,5.2024799999999995,-0.420663,0.8999999999999999,0.25
AMR2,T05,2,loaded,vg::P6__OUT2__path_1,17,60.801,1.7,9.39536,5.1657,-0.420663,0.8999999999999999,0.25
AMR2,T05,2,loaded,vg::P6__OUT2__path_1,18,60.901,1.8,9.47744,5.1288,-0.420663,0.8999999999999999,0.25
AMR2,T05,2,loaded,vg::P6__OUT2__path_1,19,61.001,1.9,9.559520000000001,5.0919,-0.420663,0.8999999999999999,0.25
AMR2,T05,2,loaded,vg::P6__OUT2__path_1,20,61.101,2.0,9.6416,5.055,-0.420663,0.8999999999999999,0.25
AMR2,T05,2,loaded,vg::P6__OUT2__path_1,21,61.201,2.1,9.72368,5.0181,-0.420663,0.8999999999999999,0.25
AMR2,T05,2,loaded,vg::P6__OUT2__path_1,22,61.301,2.2,9.80576,4.981199999999999,-0.420663,0.8999999999999999,0.25
AMR2,T05,2,loaded,vg::P6__OUT2__path_1,23,61.401,2.3,9.88784,4.94444,-0.420663,0.8999999999999999,0.25
AMR2,T05,2,loaded,vg::P6__OUT2__path_1,24,61.501,2.4,9.96992,4.907719999999999,-0.420663,0.8999999999999999,0.25
AMR2,T05,2,loaded,vg::P6__OUT2__path_1,25,61.601,2.5,10.052,4.871,-0.420663,0.8999999999999999,0.25
AMR2,T05,2,loaded,vg::P6__OUT2__path_1,26,61.701,2.6,10.134079999999999,4.83428,-0.420663,0.8999999999999999,0.25
AMR2,T05,2,loaded,vg::P6__OUT2__path_1,27,61.801,2.7,10.21616,4.79756,-0.420663,0.8999999999999999,0.25
AMR2,T05,2,loaded,vg::P6__OUT2__path_1,28,61.901,2.8,10.29828,4.76084,-0.420663,0.8999999999999999,0.25
AMR2,T05,2,loaded,vg::P6__OUT2__path_1,29,62.001,2.9,10.38054,4.72412,-0.420663,0.8999999999999999,0.25
AMR2,T05,2,loaded,vg::P6__OUT2__path_1,30,62.101,3.0,10.4628,4.6874,-0.420663,0.8999999999999999,0.25
AMR2,T05,2,loaded,vg::P6__OUT2__path_1,31,62.201,3.1,10.54506,4.65068,-0.420663,0.8999999999999999,0.25
AMR2,T05,2,loaded,vg::P6__OUT2__path_1,32,62.301,3.2,10.62732,4.6139600000000005,-0.420663,0.8999999999999999,0.25
AMR2,T05,2,loaded,vg::P6__OUT2__path_1,33,62.401,3.3,10.70958,4.577240000000001,-0.420663,0.8999999999999999,0.25
AMR2,T05,2,loaded,vg::P6__OUT2__path_1,34,62.501,3.4,10.79172,4.54052,-0.420663,0.8999999999999999,0.25
AMR2,T05,2,loaded,vg::P6__OUT2__path_1,35,62.601,3.5,10.8738,4.5038,-0.420663,0.8999999999999999,0.25
AMR2,T05,2,loaded,vg::P6__OUT2__path_1,36,62.701,3.6,10.95588,4.46708,-0.420663,0.8999999999999999,0.25
AMR2,T05,2,loaded,vg::P6__OUT2__path_1,37,62.801,3.7,11.03796,4.43036,-0.420663,0.8999999999999999,0.25
AMR2,T05,2,loaded,vg::P6__OUT2__path_1,38,62.901,3.8,11.12004,4.3936399999999995,-0.420663,0.8999999999999999,0.25
AMR2,T05,2,loaded,vg::P6__OUT2__path_1,39,63.001,3.9,11.20214,4.35692,-0.420663,0.8999999999999999,0.25
AMR2,T05,2,loaded,vg::P6__OUT2__path_1,40,63.101,4.0,11.2844,4.3202,-0.420663,0.8999999999999999,0.25
AMR2,T05,2,loaded,vg::P6__OUT2__path_1,41,63.201,4.1,11.36666,4.28348,-0.420663,0.8999999999999999,0.25
AMR2,T05,2,loaded,vg::P6__OUT2__path_1,42,63.301,4.2,11.44892,4.24676,-0.420663,0.8999999999999999,0.25
AMR2,T05,2,loaded,vg::P6__OUT2__path_1,43,63.401,4.3,11.531179999999999,4.21004,-0.420663,0.8999999999999999,0.25
AMR2,T05,2,loaded,vg::P6__OUT2__path_1,44,63.501,4.4,11.61344,4.17332,-0.420663,0.8999999999999999,0.25
AMR2,T05,2,loaded,vg::P6__OUT2__path_1,45,63.601,4.5,11.695572916666666,4.136557291666667,-0.420663,0.8999999999999999,0.25
AMR2,T05,2,loaded,vg::P6__OUT2__path_1,46,63.701,4.6,11.777604166666666,4.099760416666666,-0.420663,0.8999999999999999,0.25
AMR2,T05,2,loaded,vg::P6__OUT2__path_1,47,63.801,4.7,11.859635416666666,4.062963541666667,-0.420663,0.8999999999999999,0.25
AMR2,T05,2,loaded,vg::P6__OUT2__path_1,48,63.901,4.8,11.941666666666666,4.026166666666667,-0.420663,0.8999999999999999,0.25
AMR2,T10,3,transition,vg::OUT2__P5__path_1,0,63.972,0.0,12.0,4.0,3.12592,1.0,0.25
AMR2,T05,2,loaded,vg::P6__OUT2__path_1,49,63.972,4.871,12.0,4.0,-0.420663,0.8999999999999999,0.25
AMR2,T10,3,transition,vg::OUT2__P5__path_1,1,64.072,0.1,11.9,4.0016,3.12592,1.0,0.25
AMR2,T10,3,transition,vg::OUT2__P5__path_1,2,64.172,0.2,11.8,4.0032,3.12592,1.0,0.25
AMR2,T10,3,transition,vg::OUT2__P5__path_1,3,64.272,0.3,11.7,4.0048,3.12592,1.0,0.25
AMR2,T10,3,transition,vg::OUT2__P5__path_1,4,64.372,0.4,11.6,4.0064,3.12592,1.0,0.25
AMR2,T10,3,transition,vg::OUT2__P5__path_1,5,64.472,0.5,11.5,4.008,3.12592,1.0,0.25
AMR2,T10,3,transition,vg::OUT2__P5__path_1,6,64.572,0.6,11.4,4.0096,3.12592,1.0,0.25
AMR2,T10,3,transition,vg::OUT2__P5__path_1,7,64.672,0.7,11.3,4.0112,3.12592,1.0,0.25
AMR2,T10,3,transition,vg::OUT2__P5__path_1,8,64.772,0.8,11.2,4.0128,3.12592,1.0,0.25
AMR2,T10,3,transition,vg::OUT2__P5__path_1,9,64.872,0.9,11.1,4.0144,3.12592,1.0,0.25
AMR2,T10,3,transition,vg::OUT2__P5__path_1,10,64.972,1.0,11.0,4.016,3.12592,1.0,0.25
AMR2,T10,3,transition,vg::OUT2__P5__path_1,11,65.072,1.1,10.9,4.0176,3.12592,1.0,0.25
AMR2,T10,3,transition,vg::OUT2__P5__path_1,12,65.172,1.2,10.8,4.0192,3.12592,1.0,0.25
AMR2,T10,3,transition,vg::OUT2__P5__path_1,13,65.272,1.3,10.7,4.0208,3.12592,1.0,0.25
AMR2,T10,3,transition,vg::OUT2__P5__path_1,14,65.372,1.4,10.6,4.0224,3.12592,1.0,0.25
AMR2,T10,3,transition,vg::OUT2__P5__path_1,15,65.472,1.5,10.5,4.024,3.12592,1.0,0.25
AMR2,T10,3,transition,vg::OUT2__P5__path_1,16,65.572,1.6,10.4,4.0254,3.12592,1.0,0.25
AMR2,T10,3,transition,vg::OUT2__P5__path_1,17,65.672,1.7,10.3,4.0268,3.12592,1.0,0.25
AMR2,T10,3,transition,vg::OUT2__P5__path_1,18,65.772,1.8,10.2,4.0282,3.12592,1.0,0.25
AMR2,T10,3,transition,vg::OUT2__P5__path_1,19,65.872,1.9,10.1,4.029599999999999,3.12592,1.0,0.25
AMR2,T10,3,transition,vg::OUT2__P5__path_1,20,65.972,2.0,10.0,4.031,3.12592,1.0,0.25
AMR2,T10,3,transition,vg::OUT2__P5__path_1,21,66.072,2.1,9.9,4.0325999999999995,3.12592,1.0,0.25
AMR2,T10,3,transition,vg::OUT2__P5__path_1,22,66.172,2.2,9.8,4.034199999999999,3.12592,1.0,0.25
AMR2,T10,3,transition,vg::OUT2__P5__path_1,23,66.272,2.3,9.7,4.0358,3.12592,1.0,0.25
AMR2,T10,3,transition,vg::OUT2__P5__path_1,24,66.372,2.4,9.6,4.0374,3.12592,1.0,0.25
AMR2,T10,3,transition,vg::OUT2__P5__path_1,25,66.472,2.5,9.5,4.039,3.12592,1.0,0.25
AMR2,T10,3,transition,vg::OUT2__P5__path_1,26,66.572,2.6,9.4,4.0405999999999995,3.12592,1.0,0.25
AMR2,T10,3,transition,vg::OUT2__P5__path_1,27,66.672,2.7,9.3,4.042199999999999,3.12592,1.0,0.25
AMR2,T10,3,transition,vg::OUT2__P5__path_1,28,66.772,2.8,9.2,4.0438,3.12592,1.0,0.25
AMR2,T10,3,transition,vg::OUT2__P5__path_1,29,66.872,2.9,9.1,4.0454,3.12592,1.0,0.25
AMR2,T10,3,transition,vg::OUT2__P5__path_1,30,66.972,3.0,9.0,4.047,3.12592,1.0,0.25
AMR2,T10,3,transition,vg::OUT2__P5__path_1,31,67.072,3.1,8.9,4.0485999999999995,3.12592,1.0,0.25
AMR2,T10,3,transition,vg::OUT2__P5__path_1,32,67.172,3.2,8.8,4.050199999999999,3.12592,1.0,0.25
AMR2,T10,3,transition,vg::OUT2__P5__path_1,33,67.272,3.3,8.7,4.0518,3.12592,1.0,0.25
AMR2,T10,3,transition,vg::OUT2__P5__path_1,34,67.372,3.4,8.6,4.0534,3.12592,1.0,0.25
AMR2,T10,3,transition,vg::OUT2__P5__path_1,35,67.472,3.5,8.5,4.055,3.12592,1.0,0.25
AMR2,T10,3,transition,vg::OUT2__P5__path_1,36,67.572,3.6,8.4,4.0565999999999995,3.12592,1.0,0.25
AMR2,T10,3,transition,vg::OUT2__P5__path_1,37,67.672,3.7,8.3,4.058199999999999,3.12592,1.0,0.25
AMR2,T10,3,transition,vg::OUT2__P5__path_1,38,67.772,3.8,8.2,4.0598,3.12592,1.0,0.25
AMR2,T10,3,transition,vg::OUT2__P5__path_1,39,67.872,3.9,8.1,4.0614,3.12592,1.0,0.25
AMR2,T10,3,transition,vg::OUT2__P5__path_1,40,67.972,4.0,8.0,4.063,3.12592,1.0,0.25
AMR2,T10,3,transition,vg::OUT2__P5__path_1,41,68.072,4.1,7.9002,4.0645999999999995,3.12592,1.0,0.25
AMR2,T10,3,transition,vg::OUT2__P5__path_1,42,68.172,4.2,7.8004,4.066199999999999,3.12592,1.0,0.25
AMR2,T10,3,transition,vg::OUT2__P5__path_1,43,68.272,4.3,7.7006000000000006,4.0678,3.12592,1.0,0.25
AMR2,T10,3,transition,vg::OUT2__P5__path_1,44,68.372,4.4,7.6008,4.0694,3.12592,1.0,0.25
AMR2,T10,3,transition,vg::OUT2__P5__path_1,45,68.472,4.5,7.501,4.071,3.12592,1.0,0.25
AMR2,T10,3,transition,vg::OUT2__P5__path_1,46,68.572,4.6,7.401,4.0724,3.12592,1.0,0.25
AMR2,T10,3,transition,vg::OUT2__P5__path_1,47,68.672,4.7,7.301,4.0738,3.12592,1.0,0.25
AMR2,T10,3,transition,vg::OUT2__P5__path_1,48,68.772,4.8,7.201,4.0752,3.12592,1.0,0.25
AMR2,T10,3,transition,vg::OUT2__P5__path_1,49,68.872,4.9,7.101,4.0766,3.12592,1.0,0.25
AMR2,T10,3,transition,vg::OUT2__P5__path_1,50,68.972,5.0,7.001,4.078,3.12592,1.0,0.25
AMR2,T10,3,transition,vg::OUT2__P5__path_1,51,69.072,5.1,6.901,4.0796,3.12592,1.0,0.25
AMR2,T10,3,transition,vg::OUT2__P5__path_1,52,69.172,5.2,6.801,4.0812,3.12592,1.0,0.25
AMR2,T10,3,transition,vg::OUT2__P5__path_1,53,69.272,5.3,6.701,4.082800000000001,3.12592,1.0,0.25
AMR2,T10,3,transition,vg::OUT2__P5__path_1,54,69.372,5.4,6.601,4.0844000000000005,3.12592,1.0,0.25
AMR2,T10,3,transition,vg::OUT2__P5__path_1,55,69.472,5.5,6.501,4.086,3.12592,1.0,0.25
AMR2,T10,3,transition,vg::OUT2__P5__path_1,56,69.572,5.6,6.401,4.0876,3.12592,1.0,0.25
AMR2,T10,3,transition,vg::OUT2__P5__path_1,57,69.672,5.7,6.301,4.0892,3.12592,1.0,0.25
AMR2,T10,3,transition,vg::OUT2__P5__path_1,58,69.772,5.8,6.201,4.090800000000001,3.12592,1.0,0.25
AMR2,T10,3,transition,vg::OUT2__P5__path_1,59,69.872,5.9,6.101,4.0924000000000005,3.12592,1.0,0.25
AMR2,T10,3,transition,vg::OUT2__P5__path_1,60,69.972,6.0,6.001,4.094,3.12592,1.0,0.25
AMR2,T10,3,transition,vg::OUT2__P5__path_1,61,70.072,6.1,5.901,4.095574803149606,3.12592,1.0,0.25
AMR2,T10,3,transition,vg::OUT2__P5__path_1,62,70.172,6.2,5.801,4.0971496062992125,3.12592,1.0,0.25
AMR2,T10,3,transition,vg::OUT2__P5__path_1,63,70.272,6.3,5.701,4.098724409448819,3.12592,1.0,0.25
AMR2,T10,3,service_at_pickup,stationary::P5,0,70.353,0.0,5.65,4.05,3.141593,0.0,0.25
AMR2,T10,3,transition,vg::OUT2__P5__path_1,64,70.353,6.381,5.62,4.1,3.12592,1.0,0.25
AMR2,T10,3,service_at_pickup,stationary::P5,1,70.453,0.1,5.65,4.05,3.141593,0.0,0.25
AMR2,T10,3,service_at_pickup,stationary::P5,2,70.553,0.2,5.65,4.05,3.141593,0.0,0.25
AMR2,T10,3,service_at_pickup,stationary::P5,3,70.653,0.3,5.65,4.05,3.141593,0.0,0.25
AMR2,T10,3,service_at_pickup,stationary::P5,4,70.753,0.4,5.65,4.05,3.141593,0.0,0.25
AMR2,T10,3,service_at_pickup,stationary::P5,5,70.853,0.5,5.65,4.05,3.141593,0.0,0.25
AMR2,T10,3,service_at_pickup,stationary::P5,6,70.953,0.6,5.65,4.05,3.141593,0.0,0.25
AMR2,T10,3,service_at_pickup,stationary::P5,7,71.053,0.7,5.65,4.05,3.141593,0.0,0.25
AMR2,T10,3,service_at_pickup,stationary::P5,8,71.153,0.8,5.65,4.05,3.141593,0.0,0.25
AMR2,T10,3,service_at_pickup,stationary::P5,9,71.253,0.9,5.65,4.05,3.141593,0.0,0.25
AMR2,T10,3,service_at_pickup,stationary::P5,10,71.353,1.0,5.65,4.05,3.141593,0.0,0.25
AMR2,T10,3,service_at_pickup,stationary::P5,11,71.453,1.1,5.65,4.05,3.141593,0.0,0.25
AMR2,T10,3,service_at_pickup,stationary::P5,12,71.553,1.2,5.65,4.05,3.141593,0.0,0.25
AMR2,T10,3,service_at_pickup,stationary::P5,13,71.653,1.3,5.65,4.05,3.141593,0.0,0.25
AMR2,T10,3,service_at_pickup,stationary::P5,14,71.753,1.4,5.65,4.05,3.141593,0.0,0.25
AMR2,T10,3,service_at_pickup,stationary::P5,15,71.853,1.5,5.65,4.05,3.141593,0.0,0.25
AMR2,T10,3,service_at_pickup,stationary::P5,16,71.953,1.6,5.65,4.05,3.141593,0.0,0.25
AMR2,T10,3,service_at_pickup,stationary::P5,17,72.053,1.7,5.65,4.05,3.141593,0.0,0.25
AMR2,T10,3,service_at_pickup,stationary::P5,18,72.153,1.8,5.65,4.05,3.141593,0.0,0.25
AMR2,T10,3,service_at_pickup,stationary::P5,19,72.253,1.9,5.65,4.05,3.141593,0.0,0.25
AMR2,T10,3,service_at_pickup,stationary::P5,20,72.353,2.0,5.65,4.05,3.141593,0.0,0.25
AMR2,T10,3,service_at_pickup,stationary::P5,21,72.453,2.1,5.65,4.05,3.141593,0.0,0.25
AMR2,T10,3,service_at_pickup,stationary::P5,22,72.553,2.2,5.65,4.05,3.141593,0.0,0.25
AMR2,T10,3,service_at_pickup,stationary::P5,23,72.653,2.3,5.65,4.05,3.141593,0.0,0.25
AMR2,T10,3,service_at_pickup,stationary::P5,24,72.753,2.4,5.65,4.05,3.141593,0.0,0.25
AMR2,T10,3,service_at_pickup,stationary::P5,25,72.853,2.5,5.65,4.05,3.141593,0.0,0.25
AMR2,T10,3,service_at_pickup,stationary::P5,26,72.953,2.6,5.65,4.05,3.141593,0.0,0.25
AMR2,T10,3,service_at_pickup,stationary::P5,27,73.053,2.7,5.65,4.05,3.141593,0.0,0.25
AMR2,T10,3,service_at_pickup,stationary::P5,28,73.153,2.8,5.65,4.05,3.141593,0.0,0.25
AMR2,T10,3,service_at_pickup,stationary::P5,29,73.253,2.9,5.65,4.05,3.141593,0.0,0.25
AMR2,T10,3,loaded,vg::P5__OUT1__path_1,0,73.353,0.0,5.62,4.1,-0.113151,0.8999999999999999,0.25
AMR2,T10,3,service_at_pickup,stationary::P5,30,73.353,3.0,5.65,4.05,3.141593,0.0,0.25
AMR2,T10,3,loaded,vg::P5__OUT1__path_1,1,73.453,0.1,5.70946,4.089919999999999,-0.113151,0.8999999999999999,0.25
AMR2,T10,3,loaded,vg::P5__OUT1__path_1,2,73.553,0.2,5.79892,4.07984,-0.113151,0.8999999999999999,0.25
AMR2,T10,3,loaded,vg::P5__OUT1__path_1,3,73.653,0.3,5.88838,4.06976,-0.113151,0.8999999999999999,0.25
AMR2,T10,3,loaded,vg::P5__OUT1__path_1,4,73.753,0.4,5.9778400000000005,4.059679999999999,-0.113151,0.8999999999999999,0.25
AMR2,T10,3,loaded,vg::P5__OUT1__path_1,5,73.853,0.5,6.0673,4.0496,-0.113151,0.8999999999999999,0.25
AMR2,T10,3,loaded,vg::P5__OUT1__path_1,6,73.953,0.6,6.15628,4.037439999999999,-0.13087788000000003,0.8999999999999999,0.25
AMR2,T10,3,loaded,vg::P5__OUT1__path_1,7,74.053,0.7,6.24466,4.022679999999999,-0.17076336000000003,0.8999999999999999,0.25
AMR2,T10,3,loaded,vg::P5__OUT1__path_1,8,74.153,0.8,6.33304,4.0079199999999995,-0.21064884,0.8999999999999999,0.25
AMR2,T10,3,loaded,vg::P5__OUT1__path_1,9,74.253,0.9,6.4214199999999995,3.99316,-0.25053432,0.8999999999999999,0.25
AMR2,T10,3,loaded,vg::P5__OUT1__path_1,10,74.353,1.0,6.509799999999999,3.9784,-0.2904198,0.8999999999999999,0.25
AMR2,T10,3,loaded,vg::P5__OUT1__path_1,11,74.453,1.1,6.598179999999999,3.9636400000000003,-0.33030528000000003,0.8999999999999999,0.25
AMR2,T10,3,loaded,vg::P5__OUT1__path_1,12,74.553,1.2,6.68352,3.93576,-0.334737,0.8999999999999999,0.25
AMR2,T10,3,loaded,vg::P5__OUT1__path_1,13,74.653,1.3,6.768479999999999,3.90624,-0.334737,0.8999999999999999,0.25
AMR2,T10,3,loaded,vg::P5__OUT1__path_1,14,74.753,1.4,6.85344,3.87672,-0.334737,0.8999999999999999,0.25
AMR2,T10,3,loaded,vg::P5__OUT1__path_1,15,74.853,1.5,6.9384,3.8472,-0.334737,0.8999999999999999,0.25
AMR2,T10,3,loaded,vg::P5__OUT1__path_1,16,74.953,1.6,7.02336,3.81768,-0.334737,0.8999999999999999,0.25
AMR2,T10,3,loaded,vg::P5__OUT1__path_1,17,75.053,1.7,7.10832,3.78816,-0.334737,0.8999999999999999,0.25
AMR2,T10,3,loaded,vg::P5__OUT1__path_1,18,75.153,1.8,7.19328,3.75864,-0.334737,0.8999999999999999,0.25
AMR2,T10,3,loaded,vg::P5__OUT1__path_1,19,75.253,1.9,7.27824,3.72912,-0.334737,0.8999999999999999,0.25
AMR2,T10,3,loaded,vg::P5__OUT1__path_1,20,75.353,2.0,7.3632,3.6995999999999998,-0.334737,0.8999999999999999,0.25
AMR2,T10,3,loaded,vg::P5__OUT1__path_1,21,75.453,2.1,7.44816,3.67008,-0.334737,0.8999999999999999,0.25
AMR2,T10,3,loaded,vg::P5__OUT1__path_1,22,75.553,2.2,7.533119999999999,3.64056,-0.334737,0.8999999999999999,0.25
AMR2,T10,3,loaded,vg::P5__OUT1__path_1,23,75.653,2.3,7.61822,3.61104,-0.334737,0.8999999999999999,0.25
AMR2,T10,3,loaded,vg::P5__OUT1__path_1,24,75.753,2.4,7.70336,3.58152,-0.334737,0.8999999999999999,0.25
AMR2,T10,3,loaded,vg::P5__OUT1__path_1,25,75.853,2.5,7.7885,3.552,-0.334737,0.8999999999999999,0.25
AMR2,T10,3,loaded,vg::P5__OUT1__path_1,26,75.953,2.6,7.87364,3.52248,-0.334737,0.8999999999999999,0.25
AMR2,T10,3,loaded,vg::P5__OUT1__path_1,27,76.053,2.7,7.958780000000001,3.49296,-0.334737,0.8999999999999999,0.25
AMR2,T10,3,loaded,vg::P5__OUT1__path_1,28,76.153,2.8,8.043880000000001,3.4634,-0.334737,0.8999999999999999,0.25
AMR2,T10,3,loaded,vg::P5__OUT1__path_1,29,76.253,2.9,8.12884,3.4337,-0.334737,0.8999999999999999,0.25
AMR2,T10,3,loaded,vg::P5__OUT1__path_1,30,76.353,3.0,8.2138,3.4040000000000004,-0.334737,0.8999999999999999,0.25
AMR2,T10,3,loaded,vg::P5__OUT1__path_1,31,76.453,3.1,8.29876,3.3743000000000003,-0.334737,0.8999999999999999,0.25
AMR2,T10,3,loaded,vg::P5__OUT1__path_1,32,76.553,3.2,8.38372,3.3446000000000002,-0.334737,0.8999999999999999,0.25
AMR2,T10,3,loaded,vg::P5__OUT1__path_1,33,76.653,3.3,8.46868,3.3149,-0.334737,0.8999999999999999,0.25
AMR2,T10,3,loaded,vg::P5__OUT1__path_1,34,76.753,3.4,8.55352,3.28484,-0.33762108,0.8999999999999999,0.25
AMR2,T10,3,loaded,vg::P5__OUT1__path_1,35,76.853,3.5,8.6383,3.2546000000000004,-0.3419472,0.8999999999999999,0.25
AMR2,T10,3,loaded,vg::P5__OUT1__path_1,36,76.953,3.6,8.72308,3.2243600000000003,-0.34627332,0.8999999999999999,0.25
AMR2,T10,3,loaded,vg::P5__OUT1__path_1,37,77.053,3.7,8.80786,3.1941200000000003,-0.35059944,0.8999999999999999,0.25
AMR2,T10,3,loaded,vg::P5__OUT1__path_1,38,77.153,3.8,8.89264,3.1638800000000002,-0.35492556,0.8999999999999999,0.25
AMR2,T10,3,loaded,vg::P5__OUT1__path_1,39,77.253,3.9,8.97736,3.1335,-0.358771,0.8999999999999999,0.25
AMR2,T10,3,loaded,vg::P5__OUT1__path_1,40,77.353,4.0,9.0616,3.1020000000000003,-0.358771,0.8999999999999999,0.25
AMR2,T10,3,loaded,vg::P5__OUT1__path_1,41,77.453,4.1,9.14584,3.0705,-0.358771,0.8999999999999999,0.25
AMR2,T10,3,loaded,vg::P5__OUT1__path_1,42,77.553,4.2,9.23008,3.039,-0.358771,0.8999999999999999,0.25
AMR2,T10,3,loaded,vg::P5__OUT1__path_1,43,77.653,4.3,9.31432,3.0075000000000003,-0.358771,0.8999999999999999,0.25
AMR2,T10,3,loaded,vg::P5__OUT1__path_1,44,77.753,4.4,9.39856,2.976,-0.358771,0.8999999999999999,0.25
AMR2,T10,3,loaded,vg::P5__OUT1__path_1,45,77.853,4.5,9.4828,2.9444000000000004,-0.358771,0.8999999999999999,0.25
AMR2,T10,3,loaded,vg::P5__OUT1__path_1,46,77.953,4.6,9.56704,2.91272,-0.358771,0.8999999999999999,0.25
AMR2,T10,3,loaded,vg::P5__OUT1__path_1,47,78.053,4.7,9.65128,2.88104,-0.358771,0.8999999999999999,0.25
AMR2,T10,3,loaded,vg::P5__OUT1__path_1,48,78.153,4.8,9.735520000000001,2.84936,-0.358771,0.8999999999999999,0.25
AMR2,T10,3,loaded,vg::P5__OUT1__path_1,49,78.253,4.9,9.81976,2.81768,-0.358771,0.8999999999999999,0.25
AMR2,T10,3,loaded,vg::P5__OUT1__path_1,50,78.353,5.0,9.904,2.786,-0.358771,0.8999999999999999,0.25
AMR2,T10,3,loaded,vg::P5__OUT1__path_1,51,78.453,5.1,9.988240000000001,2.75432,-0.358771,0.8999999999999999,0.25
AMR2,T10,3,loaded,vg::P5__OUT1__path_1,52,78.553,5.2,10.07248,2.7226399999999997,-0.358771,0.8999999999999999,0.25
AMR2,T10,3,loaded,vg::P5__OUT1__path_1,53,78.653,5.3,10.15672,2.6909599999999996,-0.358771,0.8999999999999999,0.25
AMR2,T10,3,loaded,vg::P5__OUT1__path_1,54,78.753,5.4,10.240960000000001,2.65928,-0.358771,0.8999999999999999,0.25
AMR2,T10,3,loaded,vg::P5__OUT1__path_1,55,78.853,5.5,10.3252,2.6275999999999997,-0.358771,0.8999999999999999,0.25
AMR2,T10,3,loaded,vg::P5__OUT1__path_1,56,78.953,5.6,10.40944,2.5959999999999996,-0.358771,0.8999999999999999,0.25
AMR2,T10,3,loaded,vg::P5__OUT1__path_1,57,79.053,5.7,10.49368,2.5645,-0.358771,0.8999999999999999,0.25
AMR2,T10,3,loaded,vg::P5__OUT1__path_1,58,79.153,5.8,10.57792,2.533,-0.358771,0.8999999999999999,0.25
AMR2,T10,3,loaded,vg::P5__OUT1__path_1,59,79.253,5.9,10.66216,2.5015,-0.358771,0.8999999999999999,0.25
AMR2,T10,3,loaded,vg::P5__OUT1__path_1,60,79.353,6.0,10.7464,2.47,-0.358771,0.8999999999999999,0.25
AMR2,T10,3,loaded,vg::P5__OUT1__path_1,61,79.453,6.1,10.83064,2.4385,-0.358771,0.8999999999999999,0.25
AMR2,T10,3,loaded,vg::P5__OUT1__path_1,62,79.553,6.2,10.91504,2.4068400000000003,-0.358771,0.8999999999999999,0.25
AMR2,T10,3,loaded,vg::P5__OUT1__path_1,63,79.653,6.3,10.99946,2.3751599999999997,-0.358771,0.8999999999999999,0.25
AMR2,T10,3,loaded,vg::P5__OUT1__path_1,64,79.753,6.4,11.083879999999999,2.34348,-0.358771,0.8999999999999999,0.25
AMR2,T10,3,loaded,vg::P5__OUT1__path_1,65,79.853,6.5,11.168299999999999,2.3118,-0.358771,0.8999999999999999,0.25
AMR2,T10,3,loaded,vg::P5__OUT1__path_1,66,79.953,6.6,11.25272,2.2801199999999997,-0.358771,0.8999999999999999,0.25
AMR2,T10,3,loaded,vg::P5__OUT1__path_1,67,80.053,6.7,11.337079999999998,2.2485,-0.358771,0.8999999999999999,0.25
AMR2,T10,3,loaded,vg::P5__OUT1__path_1,68,80.153,6.8,11.42132,2.2169999999999996,-0.358771,0.8999999999999999,0.25
AMR2,T10,3,loaded,vg::P5__OUT1__path_1,69,80.253,6.9,11.50556,2.1854999999999998,-0.358771,0.8999999999999999,0.25
AMR2,T10,3,loaded,vg::P5__OUT1__path_1,70,80.353,7.0,11.589799999999999,2.154,-0.358771,0.8999999999999999,0.25
AMR2,T10,3,loaded,vg::P5__OUT1__path_1,71,80.453,7.1,11.67404,2.1225,-0.358771,0.8999999999999999,0.25
AMR2,T10,3,loaded,vg::P5__OUT1__path_1,72,80.553,7.2,11.75828,2.091,-0.358771,0.8999999999999999,0.25
AMR2,T10,3,loaded,vg::P5__OUT1__path_1,73,80.653,7.3,11.842588235294118,2.0592941176470587,-0.358771,0.8999999999999999,0.25
AMR2,T10,3,loaded,vg::P5__OUT1__path_1,74,80.753,7.4,11.926915966386554,2.027529411764706,-0.358771,0.8999999999999999,0.25
AMR2,T10,3,loaded,vg::P5__OUT1__path_1,75,80.84,7.487,12.0,2.0,-0.358771,0.8999999999999999,0.25
